"id","strategy_name","symbol","exchange","type","entry_price","exit_price","qty","fee","size","PNL","PNL_percentage","holding_period","opened_at","closed_at"
"b6174bc7-88a6-4306-8346-384996d7f5f3","MomentumMAStrategy","BTC-USDT","Bybit Perpetual","long","59219.99","58888.740000000005","0.16041880452867352","10.420773699049935","9500.0","-63.55950269917187","-0.6690473968333882","216000.0","1617249600000.0","1617465600000.0"
"5f736584-2e80-4373-9601-e91260e2d4b7","MomentumMAStrategy","BTC-USDT","Bybit Perpetual","short","58888.740000000005","57799.91999999999","0.16029581329870166","10.287587011589622","9439.618472435784","164.24570042430503","1.7399612166944214","158400.0","1617465600000.0","1617624000000.0"
"9c52ac24-ce2b-4eb7-b295-69c1852f7520","MomentumMAStrategy","BTC-USDT","Bybit Perpetual","long","57799.920000000006","58059.99","0.16601496832242796","10.578963608669145","9595.65188783887","32.596549202943436","0.33970124785638534","129600.0","1617624000000.0","1617753600000.0"
"0deb0a51-5068-45ab-97ab-4cd7142ca9d7","MomentumMAStrategy","BTC-USDT","Bybit Perpetual","short","58059.99","57780.43000000001","0.16580468941833557","10.563786673104252","9626.618609581668","35.788572300684045","0.37176680361121384","151200.0","1617753600000.0","1617904800000.0"
"63efc2f4-b823-4b6c-806d-f29fe2416e88","MomentumMAStrategy","BTC-USDT","Bybit Perpetual","long","57780.43","60976.28","0.16719532466731934","10.92056167667998","9660.61775326732","523.4106166613723","5.417982887112467","129600.0","1617904800000.0","1618034400000.0"
"56d0c905-aef6-4f87-a8c6-f28f8b384d31","MomentumMAStrategy","BTC-USDT","Bybit Perpetual","long","60976.280000000006","59421.439999999995","0.16658703743645267","11.031184718896952","10157.85783909562","-270.04737400659286","-2.6585071211297424","115200.0","1618034400000.0","1618149600000.0"
"4f25fbaf-ad9a-4b46-856d-be49a3bfa28e","MomentumMAStrategy","BTC-USDT","Bybit Perpetual","short","59421.44","60832.229999999996","0.16662862484970675","11.02073701587674","9901.31283378936","-246.09873466759345","-2.48551620172785","64800.0","1618149600000.0","1618214400000.0"
"94a5ade7-7b27-4da6-9a0b-0b3440944212","MomentumMAStrategy","BTC-USDT","Bybit Perpetual","long","60832.23","63420.34","0.15892100348540805","10.8604887105225","9667.519035855144","400.44454962009587","4.1421645836425744","115200.0","1618214400000.0","1618329600000.0"
"2665270c-5e24-44ea-addd-a795125b1f46","MomentumMAStrategy","BTC-USDT","Bybit Perpetual","long","63420.34","62735.4","0.15843405062152358","10.993050693545673","10047.941357994236","-119.51086932625124","-1.1894065168997756","122400.0","1618329600000.0","1618452000000.0"
"a91dbe27-5aa5-4c37-8148-71d183f4fbf4","MomentumMAStrategy","BTC-USDT","Bybit Perpetual","short","62735.399999999994","59759.700000000004","0.1583540717383534","10.668678819148226","9934.406032134295","460.54553245266834","4.635863794603988","230400.0","1618452000000.0","1618682400000.0"
"d65d9f84-69c0-438f-92e3-c21c28cf9388","MomentumMAStrategy","BTC-USDT","Bybit Perpetual","short","59759.7","54849.45999999999","0.17356051466062136","10.940393636931823","10371.924287964333","841.2833878702385","8.111160132999338","36000.0","1618682400000.0","1618718400000.0"
"ba0684a7-da2a-4d9f-b5d8-c582d4dd88f1","MomentumMAStrategy","BTC-USDT","Bybit Perpetual","short","54849.46","57160.59","0.20366916112649167","12.547146106680014","11171.14350644106","-483.2530544609482","-4.325904990678117","115200.0","1618718400000.0","1618833600000.0"
"7b07873f-2f23-453a-aec0-bf1c882cd394","MomentumMAStrategy","BTC-USDT","Bybit Perpetual","long","57160.59","54435.0","0.18740277356659824","11.502327696090514","10712.053104703158","-522.2854533014744","-4.875680209913853","72000.0","1618833600000.0","1618905600000.0"
"50843285-c796-4b7a-98ef-54583c3e4791","MomentumMAStrategy","BTC-USDT","Bybit Perpetual","short","54435.0","57012.82","0.18767120279354746","11.503550535465326","10215.881924066756","-495.28613052072774","-4.84819748507394","50400.0","1618905600000.0","1618956000000.0"
"507466ad-a370-4868-a037-be4e80e8228b","MomentumMAStrategy","BTC-USDT","Bybit Perpetual","long","57012.82","53800.0","0.1709327849433174","10.417849161512398","9745.360100072065","-559.5941192831013","-5.742159484480858","93600.0","1618956000000.0","1619049600000.0"
"e1287d64-5a8d-49a0-b2c9-82228a3e646a","MomentumMAStrategy","BTC-USDT","Bybit Perpetual","short","53800.0","48000.81","0.17125921350842227","9.58887966031618","9213.745686753118","983.5758387255916","10.675092108736063","115200.0","1619049600000.0","1619164800000.0"
"47429e48-f15b-46e3-84bf-86156e661abf","MomentumMAStrategy","BTC-USDT","Bybit Perpetual","short","48000.81","50225.36","0.21141607263590825","11.42162510030689","10148.14273354243","-481.7272494825172","-4.746949881679086","115200.0","1619164800000.0","1619280000000.0"
"434ac070-a4ad-40d0-92c5-bdb8df79b938","MomentumMAStrategy","BTC-USDT","Bybit Perpetual","long","50225.36","47596.94999999999","0.19294041588818955","10.380632445998872","9690.50184653404","-517.5071509706772","-5.34035449521917","108000.0","1619280000000.0","1619388000000.0"
"ac33e54d-666f-4295-afa3-232ac65d54b4","MomentumMAStrategy","BTC-USDT","Bybit Perpetual","short","47596.95","51915.05000000001","0.19326595618231626","10.577755007388062","9198.870053111898","-845.1194803982504","-9.187209684654192","14400.0","1619388000000.0","1619402400000.0"
"ddde0ee7-aec7-451d-a5c1-9a4f6e79b176","MomentumMAStrategy","BTC-USDT","Bybit Perpetual","long","51915.05","55144.07","0.16172586844727224","9.522826036460405","8396.00654673356","512.69323769715","6.106393972460773","122400.0","1619402400000.0","1619524800000.0"
"c771f3e3-78e8-4740-a594-f063f7f8db29","MomentumMAStrategy","BTC-USDT","Bybit Perpetual","long","55144.07","54799.26","0.16108831144574304","9.740821961432157","8883.065122545855","-65.28568263103844","-0.7349454465366769","93600.0","1619524800000.0","1619618400000.0"
"a4ee8b2c-58f1-4fe6-b87d-8751bdcfbc4e","MomentumMAStrategy","BTC-USDT","Bybit Perpetual","short","54799.26","55958.79000000001","0.16097012485289708","9.80580542532988","8821.043724046369","-196.4554942960106","-2.2271230076829616","172800.0","1619618400000.0","1619791200000.0"
"b1c32b7c-4982-4446-8f64-6e45fc2aff40","MomentumMAStrategy","BTC-USDT","Bybit Perpetual","long","55958.79","56682.01000000001","0.15429945866351222","9.559227954883722","8634.41100446516","102.03322653974288","1.1817045364991068","151200.0","1619791200000.0","1619942400000.0"
"84f1cf1c-a46a-4a0c-a3b1-7af6f220306e","MomentumMAStrategy","BTC-USDT","Bybit Perpetual","short","56682.009999999995","58845.47","0.15404080712165846","9.787770445162192","8731.342569677916","-343.04889502058643","-3.9289363838720726","86400.0","1619942400000.0","1620028800000.0"
"91afed0d-9018-4072-a7ab-9a7ebf0f470a","MomentumMAStrategy","BTC-USDT","Bybit Perpetual","long","58845.47000000001","55721.65","0.14283930639704903","9.000578376189118","8405.446119408358","-455.20486048541983","-5.415594294684037","64800.0","1620028800000.0","1620093600000.0"
"f7291c60-44c3-4d48-8af6-b3869841b445","MomentumMAStrategy","BTC-USDT","Bybit Perpetual","long","55721.65","55519.15","0.1430862420970522","8.754365421928371","7973.001501947209","-37.729329446581445","-0.4732136252246658","7200.0","1620093600000.0","1620100800000.0"
"4436fb8b-c80b-4739-ae98-2dfd780c81a4","MomentumMAStrategy","BTC-USDT","Bybit Perpetual","short","55519.15","57596.09999999999","0.14296253885322374","8.894183827659415","7937.158638972957","-305.820228898861","-3.853018980838124","129600.0","1620100800000.0","1620230400000.0"
"0d4af272-4fab-405d-839b-6bef713a192d","MomentumMAStrategy","BTC-USDT","Bybit Perpetual","long","57596.1","55770.02","0.13276297217205743","8.277952669147767","7646.629421519036","-250.71376089309862","-3.278748675691586","129600.0","1620230400000.0","1620360000000.0"
"93c8bbb8-52a7-4287-9fbc-592e18c2c64d","MomentumMAStrategy","BTC-USDT","Bybit Perpetual","short","55770.02","57612.65","0.13283931669148752","8.283922024101031","7408.451348670593","-253.0576321393373","-3.415796638588268","79200.0","1620360000000.0","1620439200000.0"
"de090926-606c-40ee-aaa3-ee1e5280bc40","MomentumMAStrategy","BTC-USDT","Bybit Perpetual","long","57612.65","57461.83","0.12441792901625288","7.874530666322217","7168.046598138222","-26.63924272055344","-0.37163880501938323","136800.0","1620439200000.0","1620576000000.0"
"affb11cc-8c80-46db-8ee6-f2a9cf3185d2","MomentumMAStrategy","BTC-USDT","Bybit Perpetual","short","57461.83","58359.23","0.12430406963289711","7.918366008957776","7142.739317553696","-119.46883809751982","-1.672591323666513","86400.0","1620576000000.0","1620662400000.0"
"883834cf-ea3e-4df8-a988-37fcb50d3c4a","MomentumMAStrategy","BTC-USDT","Bybit Perpetual","long","58359.23","55828.14","0.12044785240245717","7.564492918391622","7029.243921361051","-312.4288476557274","-4.444700612910766","14400.0","1620662400000.0","1620676800000.0"
"e93ab3c5-159a-4475-a5df-5d6c1825ca03","MomentumMAStrategy","BTC-USDT","Bybit Perpetual","short","55828.14","57813.05","0.12059216939858843","7.537330699325446","6732.436516088111","-246.90193366027802","-3.667348857583297","115200.0","1620676800000.0","1620792000000.0"
"4e0e9766-0084-419b-8304-2f2e75ba9a17","MomentumMAStrategy","BTC-USDT","Bybit Perpetual","long","57813.05","54468.36","0.1123946873432702","6.9409086842763426","6497.879679110847","-382.866295494439","-5.892172745599829","57600.0","1620792000000.0","1620849600000.0"
"ba566680-0830-4125-8ba6-b3d4d2abc5e1","MomentumMAStrategy","BTC-USDT","Bybit Perpetual","long","54468.36","54562.0","0.11261871476194858","6.753372457277913","6134.15669839113","3.792243993030886","0.06182176588389922","7200.0","1620849600000.0","1620856800000.0"
"0a209165-a756-45c5-a7cc-3ceb929fef2b","MomentumMAStrategy","BTC-USDT","Bybit Perpetual","short","54562.0","49595.76","0.11249146530890561","6.444272475131324","6137.759330184508","552.2153422005678","8.997018496389424","7200.0","1620856800000.0","1620864000000.0"
"a9510640-35bd-4619-a586-46db15065e04","MomentumMAStrategy","BTC-USDT","Bybit Perpetual","short","49595.76","51241.26","0.13433333626251615","7.4501753234535375","6662.363905275048","-228.49568014342387","-3.4296487461831413","144000.0","1620864000000.0","1621008000000.0"
"830c7e29-5136-4b00-b50a-d22b8f055fd3","MomentumMAStrategy","BTC-USDT","Bybit Perpetual","long","51241.26","49019.96","0.12578326546105217","6.936151007889925","6445.293009138794","-286.3385185765255","-4.4425989349208095","86400.0","1621008000000.0","1621094400000.0"
"06bcc343-60bb-4648-b9da-19d3d873d7e7","MomentumMAStrategy","BTC-USDT","Bybit Perpetual","short","49019.96","42990.79","0.1259338321877679","6.372996492483866","6173.271416491095","752.9034865190406","12.196183121120455","129600.0","1621094400000.0","1621224000000.0"
"c9c18ca2-f90f-40f8-b704-a54f48b68c69","MomentumMAStrategy","BTC-USDT","Bybit Perpetual","short","42990.79","35650.0","0.16023268538875848","6.930453729536383","6888.529728684184","1169.3040408454083","16.9746533280733","208800.0","1621224000000.0","1621432800000.0"
"41fcace2-8b2a-4cf5-aac1-d1dd4fa3d463","MomentumMAStrategy","BTC-USDT","Bybit Perpetual","short","35650.0","39955.0","0.22438621507678322","9.330595884984108","7999.368567487321","-975.3132517905358","-12.192377980364656","72000.0","1621432800000.0","1621504800000.0"
"bedcb677-977c-4e22-8214-4f472235729f","MomentumMAStrategy","BTC-USDT","Bybit Perpetual","long","39955.0","36043.11","0.177019671587694","7.399238260416993","7072.820978286313","-699.8807213476011","-9.895354675259666","122400.0","1621504800000.0","1621627200000.0"
"8940e88d-95fd-4e35-b465-ae522cb9c265","MomentumMAStrategy","BTC-USDT","Bybit Perpetual","short","36043.11","37393.05","0.17778527693659324","7.180727423517984","6407.934293006093","-247.1801841713031","-3.857408220322837","115200.0","1621627200000.0","1621742400000.0"
"77105b02-3adc-4a66-af54-1bc33c491918","MomentumMAStrategy","BTC-USDT","Bybit Perpetual","long","37393.05","35367.81","0.1650871784474215","6.606536793344319","6173.113118043355","-340.9476940722011","-5.523107831535553","28800.0","1621742400000.0","1621771200000.0"
"c4763a66-b5a1-47f0-913c-d244ce5ea3e7","MomentumMAStrategy","BTC-USDT","Bybit Perpetual","short","35367.81","37558.3","0.16538238609274267","6.633381744144002","5849.212808674764","-368.90184465643677","-6.30686310659327","86400.0","1621771200000.0","1621857600000.0"
"87572a02-90d3-4a1b-a8e8-858a9c783818","MomentumMAStrategy","BTC-USDT","Bybit Perpetual","long","37558.3","38127.63","0.14640588248805586","6.094475955468573","5498.756056251149","77.25878512145546","1.4050229603043651","237600.0","1621857600000.0","1622095200000.0"
"11e3d565-1701-487f-ae2c-bc1b8f5c8964","MomentumMAStrategy","BTC-USDT","Bybit Perpetual","short","38127.63","34452.15","0.14614472239991136","5.833933489970652","5572.151902116532","531.318070796455","9.53524024703344","208800.0","1622095200000.0","1622304000000.0"
"588c4871-56a7-4c78-be5f-0c13df84fbed","MomentumMAStrategy","BTC-USDT","Bybit Perpetual","short","34452.15","36360.37","0.17638678774396271","6.869716114170313","6076.904069373165","-343.4545122229551","-5.651800790371578","72000.0","1622304000000.0","1622376000000.0"
"f1bb8eaf-9332-43a0-ac79-3aa80ca93885","MomentumMAStrategy","BTC-USDT","Bybit Perpetual","long","36360.37","36288.33","0.15815631916730655","6.319418041359448","5750.622282761358","-17.71299927417235","-0.30801882654109647","223200.0","1622376000000.0","1622599200000.0"
"ad1ba995-4616-4bad-848a-07440c5febc5","MomentumMAStrategy","BTC-USDT","Bybit Perpetual","short","36288.33","37273.42","0.15800658044751287","6.392782313079157","5733.794933450895","-162.04348464611905","-2.826112313517862","28800.0","1622599200000.0","1622628000000.0"
"9fc1ebc0-e7ab-4ec8-a3b2-b193bcaff9cc","MomentumMAStrategy","BTC-USDT","Bybit Perpetual","long","37273.42","39247.4","0.14970060764579912","6.300367288355151","5579.853623037082","289.20563819229983","5.183032705343386","136800.0","1622628000000.0","1622764800000.0"
"dbed00f1-bbca-4e11-8d7a-baf92991a6d6","MomentumMAStrategy","BTC-USDT","Bybit Perpetual","long","39247.4","36757.0","0.14917163886830126","6.235735500061054","5854.598979319767","-377.73278493767873","-6.451898520666341","21600.0","1622764800000.0","1622786400000.0"
"d82d08e2-8a1b-4cc2-83ac-e9a41667a448","MomentumMAStrategy","BTC-USDT","Bybit Perpetual","long","36757.0","36631.46","0.14951581558965563","6.03500449847285","5495.7528336289715","-24.80521998759835","-0.45135253965231353","7200.0","1622786400000.0","1622793600000.0"
"cfd54d79-ea07-4ee0-b970-78ef466f17ef","MomentumMAStrategy","BTC-USDT","Bybit Perpetual","short","36631.46","35801.71","0.14938492417830884","5.951232984644506","5472.187874640753","118.00090785230725","2.1563753028134833","230400.0","1622793600000.0","1623024000000.0"
"c52955e1-69d7-470f-bbbd-c5bf6c9f6f94","MomentumMAStrategy","BTC-USDT","Bybit Perpetual","long","35801.71","33550.96","0.1559782685547826","5.949630162438169","5584.288737100446","-357.0177181121151","-6.393253195168611","86400.0","1623024000000.0","1623110400000.0"
"2567aa92-1247-44e3-a82d-4920cef77bc5","MomentumMAStrategy","BTC-USDT","Bybit Perpetual","short","33550.96","34933.0","0.1563329903196194","5.888466240651061","5245.121904893937","-221.94691218197798","-4.231491969231286","129600.0","1623110400000.0","1623240000000.0"
"417dd5b1-b697-4660-a3a0-8d9b927788d5","MomentumMAStrategy","BTC-USDT","Bybit Perpetual","long","34933.0","37832.0","0.14411222449606556","5.767479308500917","5034.272338321059","412.01385950559313","8.184178999799615","93600.0","1623240000000.0","1623333600000.0"
"6157dfeb-8416-4ab8-b25e-c78bd4af79d0","MomentumMAStrategy","BTC-USDT","Bybit Perpetual","long","37832.0","37123.76","0.14341524383726403","5.912389228574094","5425.685504851373","-107.48480152387769","-1.981036339606677","64800.0","1623333600000.0","1623398400000.0"
"b40d3e0c-3269-490b-a32d-0e4d69db7696","MomentumMAStrategy","BTC-USDT","Bybit Perpetual","short","37123.76","34864.96","0.14340074775302095","5.67777995278057","5323.574943403689","318.2358290717436","5.977859473286119","158400.0","1623398400000.0","1623556800000.0"
"552d8d35-79c1-4826-b123-e3d5912cde3c","MomentumMAStrategy","BTC-USDT","Bybit Perpetual","short","34864.96","37266.56","0.1613625537221854","6.401629449084589","5625.8989810218445","-393.9299384682848","-7.002079841766628","50400.0","1623556800000.0","1623607200000.0"
"5086ccd6-10a0-4511-ba12-df30afb556f8","MomentumMAStrategy","BTC-USDT","Bybit Perpetual","long","37266.56","40520.34","0.1409216611213102","6.029022538812484","5251.665539476973","452.499059984484","8.61629623179601","72000.0","1623607200000.0","1623679200000.0"
"6225b292-010a-4c75-be84-4fe027d115f9","MomentumMAStrategy","BTC-USDT","Bybit Perpetual","long","40520.34","39964.34","0.14021451069912624","6.206816013736663","5681.539646462233","-84.16608396245084","-1.4813956990489219","115200.0","1623679200000.0","1623794400000.0"
"111a84e9-ea61-408f-96b1-a6ee32b70152","MomentumMAStrategy","BTC-USDT","Bybit Perpetual","short","39964.34","37691.87","0.14016450332215935","5.986554257492218","5601.581866697906","312.5330746070144","5.57937172113938","158400.0","1623794400000.0","1623952800000.0"
"8f0ad4cd-ac69-457f-a157-6dcefdb7d84d","MomentumMAStrategy","BTC-USDT","Bybit Perpetual","short","37691.87","35305.16","0.15649232281589023","6.2829111308486745","5898.488287574569","367.2188806570646","6.225643974416761","93600.0","1623952800000.0","1624046400000.0"
"f5e20880-67c1-4214-92b6-52957adde658","MomentumMAStrategy","BTC-USDT","Bybit Perpetual","short","35305.16","32238.19","0.1769527803924066","6.573590968734602","6247.346224198779","536.1352779113655","8.581808317820975","252000.0","1624046400000.0","1624298400000.0"
"e21f436b-770e-4235-a9f3-67d9c691f5a1","MomentumMAStrategy","BTC-USDT","Bybit Perpetual","short","32238.190000000002","33979.48","0.20958604494280159","7.633064758345183","6756.674738214577","-372.5831489567964","-5.514297541208117","115200.0","1624298400000.0","1624413600000.0"
"adebf35b-1c6c-4550-ade0-a13fe144f72c","MomentumMAStrategy","BTC-USDT","Bybit Perpetual","long","33979.48","33851.0","0.1884290385463703","7.029677671796341","6402.72074670562","-31.239040544234598","-0.4879025929767118","136800.0","1624413600000.0","1624550400000.0"
"8ab2a98f-e291-4d5d-8b05-642b3b728ceb","MomentumMAStrategy","BTC-USDT","Bybit Perpetual","short","33851.0","34966.36","0.18826751523407276","7.125840354692769","6373.043658188597","-217.11189614616828","-3.406722247496383","7200.0","1624550400000.0","1624557600000.0"
"5d04a388-37ed-464d-bc08-b01914ecad75","MomentumMAStrategy","BTC-USDT","Bybit Perpetual","long","34966.36","31675.0","0.17636343493717213","6.464204537166566","6166.787356849738","-586.9397597519775","-9.517755774407174","86400.0","1624557600000.0","1624644000000.0"
"4660874f-1e16-4d2b-a6c5-c6280c36b9ed","MomentumMAStrategy","BTC-USDT","Bybit Perpetual","short","31674.999999999996","32899.99","0.17708585903979035","6.28942466714973","5609.194585085359","-223.2178311323028","-3.97949879873718","129600.0","1624644000000.0","1624773600000.0"
"43a23268-c990-44fe-b88c-e829939e6005","MomentumMAStrategy","BTC-USDT","Bybit Perpetual","long","32899.99","35213.34","0.164046786807828","6.14557510890468","5397.137645509672","373.352059152984","6.917593800180483","187200.0","1624773600000.0","1624960800000.0"
"cee2356b-ec7d-460b-960e-bcc178ad827a","MomentumMAStrategy","BTC-USDT","Bybit Perpetual","long","35213.34","34721.29","0.16334213402378212","6.282799438499987","5751.822101705007","-86.65529648490127","-1.5065712213041866","100800.0","1624960800000.0","1625061600000.0"
"7f91cb45-024a-4a94-bb7c-a387b14e891e","MomentumMAStrategy","BTC-USDT","Bybit Perpetual","short","34721.29","32843.99","0.16328597151904067","6.067854312165805","5669.4995700443515","300.4689000205297","5.299742883976958","144000.0","1625061600000.0","1625205600000.0"
"fe5c346b-aa1c-4b2b-8b45-38a8d6361a1e","MomentumMAStrategy","BTC-USDT","Bybit Perpetual","short","32843.99","33760.94","0.18131003648045974","6.641878258443158","5954.945025063855","-172.8941162092015","-2.9033704842195007","64800.0","1625205600000.0","1625270400000.0"
"d06969ee-107e-4619-a7fa-9e81d59a01b6","MomentumMAStrategy","BTC-USDT","Bybit Perpetual","long","33760.94","35565.98","0.17152056828586862","6.540045993749924","5790.695614665114","303.06144058497455","5.233593004223226","115200.0","1625270400000.0","1625385600000.0"
"85868b54-fd32-4aa1-8964-ad2afd1ddd53","MomentumMAStrategy","BTC-USDT","Bybit Perpetual","long","35565.98","34237.24","0.17091062816829","6.56156169810314","6078.60398322084","-233.6573497704377","-3.8439311133842087","86400.0","1625385600000.0","1625472000000.0"
"45bab1aa-72e2-431d-a81f-62c4feec46bf","MomentumMAStrategy","BTC-USDT","Bybit Perpetual","short","34237.24","33927.38","0.17106021107247324","6.413139856681212","5856.629500938923","46.591577146235444","0.7955356769412505","122400.0","1625472000000.0","1625594400000.0"
"7f5cef5b-6186-487b-a33d-891edf4aeaf3","MomentumMAStrategy","BTC-USDT","Bybit Perpetual","long","33927.38","33283.2","0.17392712019695736","6.42935844439197","5900.891499227847","-118.469730732868","-2.0076581775545304","122400.0","1625594400000.0","1625716800000.0"
"c8cb94cf-749d-4c3f-859b-7b6b4c24d2e9","MomentumMAStrategy","BTC-USDT","Bybit Perpetual","short","33283.2","33537.49","0.17391192118040402","6.391503014875116","5788.345255031622","-50.61556545184021","-0.8744392951999836","129600.0","1625716800000.0","1625846400000.0"
"02f943d5-79bc-474e-b2f7-af6875e595a4","MomentumMAStrategy","BTC-USDT","Bybit Perpetual","long","33537.49","33569.92","0.17115951336407034","6.3173394012977315","5740.260467852375","-0.7666363829008809","-0.01335542850702218","136800.0","1625846400000.0","1625983200000.0"
"cc8fa94b-5a33-4541-b1a3-c359856ec4b6","MomentumMAStrategy","BTC-USDT","Bybit Perpetual","short","33569.92","33879.94","0.17097247069068439","6.342638066567421","5739.532163288619","-59.347523430094085","-1.0340132565106026","43200.0","1625983200000.0","1626026400000.0"
"5cec9c14-d56c-4af4-8421-6f0767861cd8","MomentumMAStrategy","BTC-USDT","Bybit Perpetual","long","33879.94","33116.17","0.1677438630655789","6.181002465971554","5683.15201603003","-134.29873275956942","-2.3631029467584765","86400.0","1626026400000.0","1626112800000.0"
"c7d0e36c-70b4-4a47-8d0c-6b097df13c2a","MomentumMAStrategy","BTC-USDT","Bybit Perpetual","short","33116.17","32717.98","0.16775998613089735","6.074384850016679","5555.568219908439","60.72596402744512","1.0930648607613704","180000.0","1626112800000.0","1626292800000.0"
"ce623dea-0d1a-4f77-9669-9e7c6d7badf0","MomentumMAStrategy","BTC-USDT","Bybit Perpetual","long","32717.98","31265.99","0.17156492808341198","6.037572866347655","5613.257885734512","-255.14813279418067","-4.545455384164908","79200.0","1626292800000.0","1626372000000.0"
"48f98ae4-c382-491b-85b0-6e4db6d36816","MomentumMAStrategy","BTC-USDT","Bybit Perpetual","short","31265.99","31737.92","0.17177985279148494","5.952541311798382","5370.867159580041","-87.0206072396833","-1.6202338403485597","165600.0","1626372000000.0","1626537600000.0"
"5a043cb0-778d-43dc-89d0-52da660c57a4","MomentumMAStrategy","BTC-USDT","Bybit Perpetual","long","31737.920000000002","31589.489999999998","0.16662079880163355","5.8034150021312065","5288.197582702342","-30.53494016825833","-0.5774167793604745","122400.0","1626537600000.0","1626660000000.0"
"3509a663-29e3-4fba-b745-5c309a64209c","MomentumMAStrategy","BTC-USDT","Bybit Perpetual","short","31589.49","29582.940000000002","0.16648541617932094","5.601374606987708","5259.189389542497","328.45993722762864","6.245447974943563","93600.0","1626660000000.0","1626753600000.0"
"56810fac-febd-418c-82d2-46e75a1b4f90","MomentumMAStrategy","BTC-USDT","Bybit Perpetual","short","29582.94","31291.880000000005","0.18832564748158045","6.305359440503565","5571.226329908745","-328.14259144767675","-5.889952624722242","108000.0","1626753600000.0","1626861600000.0"
"eac3fcbe-aa29-4e6e-860e-a0a79f783dc4","MomentumMAStrategy","BTC-USDT","Bybit Perpetual","long","31291.879999999997","32741.29","0.16807845575380748","5.919427981841569","5259.490868033453","237.6951665722851","4.5193569593773315","144000.0","1626861600000.0","1627005600000.0"
"5442e3ee-15c7-41ba-8354-7be569a98f70","MomentumMAStrategy","BTC-USDT","Bybit Perpetual","long","32741.29","32221.12","0.16753467185554152","5.985900823262332","5485.301276277123","-93.13241108235968","-1.6978540720295439","64800.0","1627005600000.0","1627070400000.0"
"1c1a8e76-8bcb-437f-ba5c-c15e3c6b8710","MomentumMAStrategy","BTC-USDT","Bybit Perpetual","short","32221.120000000003","33634.46","0.16749341691874403","6.066706864551136","5396.825485748882","-242.79185273248822","-4.4987901382695465","14400.0","1627070400000.0","1627084800000.0"
"846bfddf-f5f3-42a2-ac6e-ea31970122ac","MomentumMAStrategy","BTC-USDT","Bybit Perpetual","long","33634.46","35370.66","0.15359762653103448","5.82946245776907","5166.173225653018","260.8467367254137","5.049128732853165","172800.0","1627084800000.0","1627257600000.0"
"e082a89b-4c67-458b-a14b-06d585ddf743","MomentumMAStrategy","BTC-USDT","Bybit Perpetual","long","35370.66","39198.18","0.15306408264765659","6.277596098784935","5413.977625542161","579.5782415167731","10.705220479346432","64800.0","1627257600000.0","1627322400000.0"
"6d2fb6fe-60f4-4366-96ee-64e2f1cee998","MomentumMAStrategy","BTC-USDT","Bybit Perpetual","long","39198.18","37119.99","0.15216464016908682","6.387109782027259","5964.576954983096","-322.61414333502216","-5.408835291587524","14400.0","1627322400000.0","1627336800000.0"
"70a7fb84-6e61-4e32-bac2-cb3ac719551a","MomentumMAStrategy","BTC-USDT","Bybit Perpetual","short","37119.99","39815.0","0.1524271293934838","6.44983882158901","5658.093518814824","-417.2424768083221","-7.374259110791794","108000.0","1627336800000.0","1627444800000.0"
"2322af52-635f-41a8-b2f1-b42c84b56659","MomentumMAStrategy","BTC-USDT","Bybit Perpetual","long","39815.0","39647.85","0.13215404158851984","5.775735231003273","5261.713165846918","-27.865283282524558","-0.5295857528569671","144000.0","1627444800000.0","1627588800000.0"
"883f08ee-08e3-46bb-a9e5-8bf0315b9674","MomentumMAStrategy","BTC-USDT","Bybit Perpetual","short","39647.85","42203.25","0.13204350669023715","5.944348448749299","5235.241146728519","-343.3683254449815","-6.558787185181545","100800.0","1627588800000.0","1627689600000.0"
"80db5153-6210-4c44-827f-2aa7b93e4cfc","MomentumMAStrategy","BTC-USDT","Bybit Perpetual","long","42203.25","41100.0","0.11631903319189366","5.329364425958438","4909.041237555786","-133.6583377949151","-2.7226973929732896","151200.0","1627689600000.0","1627840800000.0"
"5fee747c-6072-4773-8ecb-3ebbbe9fc563","MomentumMAStrategy","BTC-USDT","Bybit Perpetual","short","41100.0","38821.24","0.11635196634186419","5.114446384564028","4782.065816650618","260.02376043662264","5.437477659367401","115200.0","1627840800000.0","1627956000000.0"
"bec781cd-8cab-4f6f-8111-db4417a2c94f","MomentumMAStrategy","BTC-USDT","Bybit Perpetual","short","38821.24","39289.96","0.1295447643883969","5.565393350052222","5029.0883890654095","-66.28561531418177","-1.3180443489182756","136800.0","1627956000000.0","1628092800000.0"
"21d3651e-1460-4eb4-bed9-5adc40ace5e8","MomentumMAStrategy","BTC-USDT","Bybit Perpetual","long","39289.96","42213.52","0.12639659227234992","5.665969171685695","4966.117054516937","363.86205213206534","7.326892381666965","172800.0","1628092800000.0","1628265600000.0"
"79fc0c92-cc55-4e6c-b154-7ea75e3dec73","MomentumMAStrategy","BTC-USDT","Bybit Perpetual","long","42213.52","44739.05","0.12583139250274317","6.0177496306357385","5311.786004042398","311.773207076818","5.869460984300779","136800.0","1628265600000.0","1628402400000.0"
"5217fc42-acb1-484e-8843-8b5c96802f85","MomentumMAStrategy","BTC-USDT","Bybit Perpetual","long","44739.05","43080.31","0.12534844952598181","6.0544113379002145","5607.970550765377","-213.97489850462793","-3.8155496104633535","72000.0","1628402400000.0","1628474400000.0"
"0730a2ff-7faf-4fe8-94c2-0f06cdc9f39b","MomentumMAStrategy","BTC-USDT","Bybit Perpetual","short","43080.31","45930.81","0.12545625593655152","6.141851018555505","5404.694397185979","-363.7549085656956","-6.730351095430836","36000.0","1628474400000.0","1628510400000.0"
"d00e4a06-f9b7-40be-95cd-b73a24fa60dc","MomentumMAStrategy","BTC-USDT","Bybit Perpetual","short","45930.81","45872.11","0.11014670183366174","5.561483871184726","5059.127234048568","0.904127526450897","0.017871215421624585","14400.0","1628510400000.0","1628524800000.0"
"94a342f5-4e24-4f02-ba49-4ce5727cafec","MomentumMAStrategy","BTC-USDT","Bybit Perpetual","long","45872.11","45588.409999999996","0.11030637472744761","5.548773115537969","5059.986155198697","-36.84269162571534","-0.7281184275151162","129600.0","1628524800000.0","1628654400000.0"
"9a883738-da11-4fda-826c-bb50fa570c3d","MomentumMAStrategy","BTC-USDT","Bybit Perpetual","short","45588.41","46448.00000000001","0.11022506812925187","5.579595759441967","5024.985598154268","-100.327962072666","-1.9965820819370619","43200.0","1628654400000.0","1628697600000.0"
"3b191acb-3b33-4436-ae18-3b2bdc105a5e","MomentumMAStrategy","BTC-USDT","Bybit Perpetual","long","46448.0","45352.0","0.10613318192785988","5.358664355537645","4929.6740341852355","-121.68063174847207","-2.4683301756803306","64800.0","1628697600000.0","1628762400000.0"
"648ba69c-cb42-45c1-a3b1-3ab0330514de","MomentumMAStrategy","BTC-USDT","Bybit Perpetual","short","45352.0","46518.01","0.10614917608979069","5.363559227873457","4814.077434024187","-129.1345600403305","-2.6824362883665596","100800.0","1628762400000.0","1628863200000.0"
"033d8914-702c-4f70-9c9f-7cf5003a25aa","MomentumMAStrategy","BTC-USDT","Bybit Perpetual","long","46518.01","46900.01","0.10085125313799694","5.181728410468754","4691.399601985873","33.343450288246075","0.7107356677553489","136800.0","1628863200000.0","1629000000000.0"
"64dd4662-3e7d-4ce2-b91e-cf3c6f1520df","MomentumMAStrategy","BTC-USDT","Bybit Perpetual","short","46900.01","47335.09","0.1007052211664711","5.219481622929487","4723.075879759706","-49.034309248037175","-1.0381859300243101","100800.0","1629000000000.0","1629100800000.0"
"3e1f8b72-bb14-4cdb-8274-2b2f7a522860","MomentumMAStrategy","BTC-USDT","Bybit Perpetual","long","47335.09","46303.73","0.09879548736411131","5.088101071955162","4676.493285974071","-106.98181491980435","-2.287650347765249","64800.0","1629100800000.0","1629165600000.0"
"7274140c-7232-4a57-9bf8-957882b14913","MomentumMAStrategy","BTC-USDT","Bybit Perpetual","short","46303.73","44058.62000000001","0.09880112383603341","4.910345952855748","4574.860561800256","216.90904518266058","4.741325822995239","180000.0","1629165600000.0","1629345600000.0"
"70e74634-b25d-4092-9e34-fca63cde736d","MomentumMAStrategy","BTC-USDT","Bybit Perpetual","short","44058.62","46719.82","0.10851279851079731","5.417842412864477","4780.924154723785","-294.192101809798","-6.153456785528","57600.0","1629345600000.0","1629403200000.0"
"b60e7b1a-fcf1-4534-a8d5-0eb73e4c877e","MomentumMAStrategy","BTC-USDT","Bybit Perpetual","long","46719.82","49378.76","0.09634972176700332","5.092489294862261","4501.441658004477","251.09563990029375","5.578116056525907","93600.0","1629403200000.0","1629496800000.0"
"6ac72e2d-367a-47b4-b276-f310d1caf548","MomentumMAStrategy","BTC-USDT","Bybit Perpetual","long","49378.76","49153.8","0.09599233589320094","5.202103827765337","4739.982515909755","-26.79653971029974","-0.5653299272804727","115200.0","1629496800000.0","1629612000000.0"
"fee52c15-05ca-4a8f-b564-8b6b88b932df","MomentumMAStrategy","BTC-USDT","Bybit Perpetual","short","49153.8","50266.51","0.09591376054720023","5.244676693777629","4714.525803184971","-111.96887719225272","-2.374976442309647","86400.0","1629612000000.0","1629698400000.0"
"94e24a76-f859-406b-9152-b605220be283","MomentumMAStrategy","BTC-USDT","Bybit Perpetual","long","50266.51","49641.719999999994","0.09167446416813757","5.037468398180376","4608.155369852329","-62.31475686579179","-1.3522711771714568","100800.0","1629698400000.0","1629799200000.0"
"4045b1dc-3b94-40d6-9578-576592fe7801","MomentumMAStrategy","BTC-USDT","Bybit Perpetual","short","49641.72","47719.36","0.09163575216229068","4.906965688423126","4548.956350829829","171.24993883827804","3.764598418427082","50400.0","1629799200000.0","1629849600000.0"
"fed66048-906f-46d7-8027-2b530efbdee2","MomentumMAStrategy","BTC-USDT","Bybit Perpetual","short","47719.36","48762.57","0.09873652523265593","5.23945978376719","4711.643792726192","-108.2423902717261","-2.297338148499894","93600.0","1629849600000.0","1629943200000.0"
"52e05f34-dadc-49ea-8873-ddf37606166c","MomentumMAStrategy","BTC-USDT","Bybit Perpetual","long","48762.57","46920.11","0.09451539412233713","4.973917415984806","4608.813521968053","-179.11475047062598","-3.88635273735572","21600.0","1629943200000.0","1629964800000.0"
"17c126d7-cec3-4c3b-94e2-f7e6cf39dae9","MomentumMAStrategy","BTC-USDT","Bybit Perpetual","short","46920.11","48184.03","0.09460025794954353","4.9482818968382265","4438.654509020957","-124.51543992442512","-2.805251899452065","122400.0","1629964800000.0","1630087200000.0"
"4d919e35-3e80-4134-9efd-cc506bf7c8da","MomentumMAStrategy","BTC-USDT","Bybit Perpetual","long","48184.03","48597.7","0.08966383345462707","4.772801506093877","4320.364841092754","32.31843647908155","0.7480487798550646","144000.0","1630087200000.0","1630231200000.0"
"198ed4ce-14a9-4299-9161-79203b680138","MomentumMAStrategy","BTC-USDT","Bybit Perpetual","short","48597.7","48766.72","0.08953237202064875","4.7944971101580816","4351.067355747881","-19.9272586290885","-0.4579855240062886","288000.0","1630231200000.0","1630519200000.0"
"0a5b4a41-3df2-4992-8554-15a4b6eb289d","MomentumMAStrategy","BTC-USDT","Bybit Perpetual","long","48766.72","50239.61","0.08883386990247134","4.837313491307631","4332.1364600502475","126.00520514934335","2.9086157906457513","273600.0","1630519200000.0","1630792800000.0"
"8c48fc9b-11bd-49a9-9374-3614f1cd3430","MomentumMAStrategy","BTC-USDT","Bybit Perpetual","short","50239.61","51760.08","0.08861218080598403","4.9711282348388774","4451.8414049421235","-139.70329078491352","-3.1381012501888477","86400.0","1630792800000.0","1630879200000.0"
"7fbac409-6139-41c4-914e-3a65d73a6494","MomentumMAStrategy","BTC-USDT","Bybit Perpetual","long","51760.08","50648.469999999994","0.08344506574751151","4.700018503321526","4319.123278696456","-97.45838803891345","-2.2564391370724466","144000.0","1630879200000.0","1631023200000.0"
"18818d3e-d07e-4d92-b0cd-19369b89d809","MomentumMAStrategy","BTC-USDT","Bybit Perpetual","short","50648.47","46644.0","0.08344847949127561","4.465399778097801","4226.537810059488","329.7015328903308","7.800747271339098","7200.0","1631023200000.0","1631030400000.0"
"9d6ea041-9b53-4a84-803d-fd3242cc06d6","MomentumMAStrategy","BTC-USDT","Bybit Perpetual","short","46644.0","46289.6","0.09732772202867042","4.974758573358004","4539.754266305303","29.518186113602937","0.6502155046737018","158400.0","1631030400000.0","1631188800000.0"
"fe39adab-c5f7-44c1-9148-b32483576925","MomentumMAStrategy","BTC-USDT","Bybit Perpetual","long","46289.6","45441.49","0.09867867821526272","4.978546491844917","4567.796543113225","-88.66892027299144","-1.9411749064584716","100800.0","1631188800000.0","1631289600000.0"
"70670906-b8b8-40f6-8cc9-c165893617f3","MomentumMAStrategy","BTC-USDT","Bybit Perpetual","short","45441.49","45367.34999999999","0.09866668255935016","4.927893844424551","4483.5610688538845","2.3872540005263305","0.0532445965130252","136800.0","1631289600000.0","1631426400000.0"
"611a1610-0a3a-4a86-8b44-3928cb0d8947","MomentumMAStrategy","BTC-USDT","Bybit Perpetual","long","45367.35","44776.0","0.09887791462702546","4.902252556021741","4485.828960154383","-63.373707370713106","-1.4127535386131187","86400.0","1631426400000.0","1631512800000.0"
"5b8596fa-75bb-4be4-9584-b349227a2780","MomentumMAStrategy","BTC-USDT","Bybit Perpetual","short","44776.0","45853.87","0.09883919818992778","4.926781025571565","4425.623938152206","-111.46258757854929","-2.5185734065124232","100800.0","1631512800000.0","1631613600000.0"
"d5910266-b499-4160-9d69-d62c9c3981e5","MomentumMAStrategy","BTC-USDT","Bybit Perpetual","long","45853.87","47712.19000000001","0.09420654090816291","4.847994172453095","4319.7344799525845","170.21790492800486","3.940471473836356","100800.0","1631613600000.0","1631714400000.0"
"e29b14ca-cdd0-480b-ad19-53bc9b1e63ae","MomentumMAStrategy","BTC-USDT","Bybit Perpetual","long","47712.19","47439.15","0.09392655188609428","4.915480500447769","4481.441489634189","-30.56118622742703","-0.6819499104945735","108000.0","1631714400000.0","1631822400000.0"
"8f89e2b7-6423-42c1-924c-52ae82456b6b","MomentumMAStrategy","BTC-USDT","Bybit Perpetual","short","47439.15","48621.59999999999","0.0938551462814602","4.958687658736228","4452.408362718133","-115.93770537924789","-2.603932432389682","129600.0","1631822400000.0","1631952000000.0"
"680b6e29-dbe7-4eed-946a-9887be737cdc","MomentumMAStrategy","BTC-USDT","Bybit Perpetual","long","48621.6","47328.0","0.08930737661055677","4.712953884557752","4342.267542607847","-120.24097626797385","-2.7690826299422446","108000.0","1631952000000.0","1632060000000.0"
"dccc03f3-e2d0-47df-b09f-c2d81485618c","MomentumMAStrategy","BTC-USDT","Bybit Perpetual","short","47328.0","44825.72","0.08933482537088556","4.527895065912617","4228.038615153272","219.0128517631468","5.180010678668016","64800.0","1632060000000.0","1632124800000.0"
"72c2ed82-eac3-4196-a06c-cf5149eda8d8","MomentumMAStrategy","BTC-USDT","Bybit Perpetual","short","44825.72","41687.77","0.098963292152993","4.708912882324771","4436.100824328261","305.83294972916","6.894183920525992","122400.0","1632124800000.0","1632247200000.0"
"ac5cadb0-c291-4084-9051-9d608886ff47","MomentumMAStrategy","BTC-USDT","Bybit Perpetual","short","41687.77","42352.21","0.1133819853297733","5.240740878710943","4726.642126570963","-80.57626721122577","-1.704725364297496","72000.0","1632247200000.0","1632319200000.0"
"0ad3f4bf-85fb-4afc-a3e0-5da7d3464bc3","MomentumMAStrategy","BTC-USDT","Bybit Perpetual","long","42352.21","44828.28999999999","0.1097957974972333","5.264628888039152","4650.094672720299","266.59854937890964","5.733185411103681","122400.0","1632319200000.0","1632441600000.0"
"d03af5fa-19a9-4233-af3d-a2c05bb0bf9f","MomentumMAStrategy","BTC-USDT","Bybit Perpetual","long","44828.29","41510.06","0.1093810023677072","5.194076396175664","4903.363294630265","-368.14539988277306","-7.508018022770896","43200.0","1632441600000.0","1632484800000.0"
"3ca5a6d1-f691-45cc-aa05-28855ee15383","MomentumMAStrategy","BTC-USDT","Bybit Perpetual","short","41510.06","42651.579999999994","0.10969931541273682","5.077860860607265","4553.62516474163","-130.30182339055426","-2.861496470975944","129600.0","1632484800000.0","1632614400000.0"
"276db67f-d0b1-4c93-8ac3-ef61b9c09f60","MomentumMAStrategy","BTC-USDT","Bybit Perpetual","long","42651.58","41214.97","0.10386106288490608","4.790757962919566","4429.8384325206025","-153.99859951400455","-3.476393142997283","28800.0","1632614400000.0","1632643200000.0"
"65769e5f-a12f-4a26-b490-a99c40fe131c","MomentumMAStrategy","BTC-USDT","Bybit Perpetual","short","41214.97","43234.86","0.10393164820894683","4.82735551257595","4283.539762982297","-214.75785241334552","-5.013560379881387","7200.0","1632643200000.0","1632650400000.0"
"9caeec66-21d7-4775-bc21-4ab4ed2e0945","MomentumMAStrategy","BTC-USDT","Bybit Perpetual","long","43234.86","42425.85","0.09435718776907381","4.445487033846199","4079.519803189619","-80.78139551090479","-1.9801692210868773","144000.0","1632650400000.0","1632794400000.0"
"0cf22bfe-ef05-43c8-9f09-3583539d868a","MomentumMAStrategy","BTC-USDT","Bybit Perpetual","short","42425.85","41694.15","0.09434760829669317","4.365086445454807","4002.77747745426","64.66905854523532","1.615604637267131","136800.0","1632794400000.0","1632931200000.0"
"536fe20b-68e6-48cd-8eef-83d5de6d7d15","MomentumMAStrategy","BTC-USDT","Bybit Perpetual","long","41694.15","43729.27","0.09747681828439321","4.579741753714271","4064.2130830722335","193.79728067321957","4.7683838596061925","108000.0","1632931200000.0","1633039200000.0"
"6ee8df79-059f-433b-b127-3ca502d42c67","MomentumMAStrategy","BTC-USDT","Bybit Perpetual","long","43729.27","47482.27","0.0971505012480609","4.873685756834156","4248.320499711792","359.7321454271384","8.467631984252195","50400.0","1633039200000.0","1633089600000.0"
"671a472a-53a0-415c-8ded-59aae52998ee","MomentumMAStrategy","BTC-USDT","Bybit Perpetual","long","47482.27","47874.99","0.09666905221396478","5.069952770256338","4590.066037867573","32.89391741521202","0.7166327705057092","158400.0","1633089600000.0","1633248000000.0"
"36cf564b-553b-46d3-8529-f386eee02175","MomentumMAStrategy","BTC-USDT","Bybit Perpetual","short","47874.99","48928.66","0.09652879842715424","5.139387009824535","4621.315259412025","-106.84888604856468","-2.312088227068049","136800.0","1633248000000.0","1633384800000.0"
"f8e3a92c-e241-4496-a358-d2047bd3a4dd","MomentumMAStrategy","BTC-USDT","Bybit Perpetual","long","48928.66","51164.850000000006","0.09237548744776349","5.085402727134174","4519.808817665888","201.48373854868026","4.457793386330225","79200.0","1633384800000.0","1633464000000.0"
"8779226a-4ab4-4e97-b81d-86a5c97bc91e","MomentumMAStrategy","BTC-USDT","Bybit Perpetual","long","51164.85","55014.04","0.09207919830288046","5.377276887339352","4711.218369287133","349.0530524281253","7.408976300135742","72000.0","1633464000000.0","1633536000000.0"
"835ec0fd-9f00-405e-bf3a-173033055f97","MomentumMAStrategy","BTC-USDT","Bybit Perpetual","long","55014.04","54333.67","0.09166421460946791","5.5127995760716235","5042.818769093852","-67.87838126991555","-1.346040466215538","122400.0","1633536000000.0","1633658400000.0"
"f376ddcf-1c53-47e3-ab92-8fad3b13be02","MomentumMAStrategy","BTC-USDT","Bybit Perpetual","short","54333.67","55708.91","0.09162521705026429","5.545471402499089","4978.334306887433","-131.55213489870505","-2.642492986393162","187200.0","1633658400000.0","1633845600000.0"
"f108ec6d-fc92-4141-a0d8-1aa28bddb43e","MomentumMAStrategy","BTC-USDT","Bybit Perpetual","long","55708.91000000001","54832.87","0.08711999173442206","5.296719427949567","4853.359778733663","-81.61731698697338","-1.6816663241122614","57600.0","1633845600000.0","1633903200000.0"
"4f4e8a09-c923-4f09-92a4-4ae337eeb05e","MomentumMAStrategy","BTC-USDT","Bybit Perpetual","short","54832.87","56569.01","0.0870978179255625","5.33657336344295","4775.823327596038","-156.55057897672896","-3.2779809519363092","28800.0","1633903200000.0","1633932000000.0"
"6c3e07ff-c583-4f0d-be3f-0fc926a27d6b","MomentumMAStrategy","BTC-USDT","Bybit Perpetual","long","56569.01","55960.0","0.08179567359528027","5.062412394578017","4627.100277568145","-54.876795570839825","-1.1859867363773948","129600.0","1633932000000.0","1634061600000.0"
"1fbb8094-56f9-4be8-905c-8d0400460d97","MomentumMAStrategy","BTC-USDT","Bybit Perpetual","short","55960.0","57393.65","0.08175424091808163","5.096927886074147","4574.967321775848","-122.303895378282","-2.6733282835954277","108000.0","1634061600000.0","1634169600000.0"
"9921eff6-5294-4926-a0fe-1752c0e9d1cd","MomentumMAStrategy","BTC-USDT","Bybit Perpetual","long","57393.65","60090.68","0.07768766442222233","5.019895762150296","4458.778621166481","204.5060658145159","4.586593845312153","144000.0","1634169600000.0","1634313600000.0"
"4d75bfaf-8046-421f-9d23-05c68538fd84","MomentumMAStrategy","BTC-USDT","Bybit Perpetual","long","60090.68000000001","60925.56","0.07743396120147536","5.153921758099637","4653.059383690272","59.49414376978735","1.2786027184248707","115200.0","1634313600000.0","1634428800000.0"
"75dfdf89-5137-4471-93a5-34b8ef9242e6","MomentumMAStrategy","BTC-USDT","Bybit Perpetual","short","60925.56","62409.0","0.07730054217427908","5.243605596254385","4709.57882027157","-119.91432187926712","-2.546179317842958","108000.0","1634428800000.0","1634536800000.0"
"46a5e509-5369-4598-a3c8-8f7dd9c10ddf","MomentumMAStrategy","BTC-USDT","Bybit Perpetual","long","62408.99999999999","66140.27","0.0736377800395178","5.206345577675322","4595.660214486266","269.5560939503771","5.8654487357592835","201600.0","1634536800000.0","1634738400000.0"
"5eef74d7-7c85-42fe-a1e9-af26b025c01e","MomentumMAStrategy","BTC-USDT","Bybit Perpetual","long","66140.27","63040.21","0.07335528723634066","5.211839168650598","4851.738503739125","-232.61763091854118","-4.794521195634679","93600.0","1634738400000.0","1634832000000.0"
"933347c1-4e29-4339-89b5-2e4920aa4448","MomentumMAStrategy","BTC-USDT","Bybit Perpetual","short","63040.21000000001","60329.66000000001","0.07345711180794784","4.984316883877096","4630.751754366512","194.1248575271556","4.192080850460358","244800.0","1634832000000.0","1635076800000.0"
"de90036b-07d2-4f2b-a721-90754f9f8667","MomentumMAStrategy","BTC-USDT","Bybit Perpetual","short","60329.66","61897.31","0.07981431304299258","5.365503905232055","4815.170369017308","-130.4864117470789","-2.709902282724607","64800.0","1635076800000.0","1635141600000.0"
"5556cdc4-d99d-4831-b6e4-204149bdf8a1","MomentumMAStrategy","BTC-USDT","Bybit Perpetual","long","61897.31","62514.78999999999","0.07579018018485106","5.186068511896639","4691.208277857583","41.61285194864489","0.8870391055766332","129600.0","1635141600000.0","1635271200000.0"
"caed358b-f87e-4401-a420-0b6c5533bfc5","MomentumMAStrategy","BTC-USDT","Bybit Perpetual","short","62514.79","59999.0","0.0756739403141048","5.099105677663124","4730.740487208796","185.28063662515868","3.9165250583102025","50400.0","1635271200000.0","1635321600000.0"
"7dbc57a7-bd58-4227-9401-0fd07f6dee7e","MomentumMAStrategy","BTC-USDT","Bybit Perpetual","short","59999.0","61186.92","0.08178064787750958","5.450864678177625","4906.757092002697","-102.59973190482866","-2.0909886098101604","115200.0","1635321600000.0","1635436800000.0"
"a3e1452d-4ac9-4dac-8583-d401513ead54","MomentumMAStrategy","BTC-USDT","Bybit Perpetual","long","61186.92","61455.05","0.0785999253875356","5.301807330259209","4809.28734669311","15.77319066390108","0.3279735546420782","180000.0","1635436800000.0","1635616800000.0"
"ab2166cd-b001-4000-a566-5b0aff57aa2c","MomentumMAStrategy","BTC-USDT","Bybit Perpetual","short","61455.05","62001.86","0.07850082097116211","5.33030783425958","4824.271877823816","-48.255341749500545","-1.0002616554701325","158400.0","1635616800000.0","1635775200000.0"
"9fe459f0-f7a9-4acb-b2f8-c782b7af823f","MomentumMAStrategy","BTC-USDT","Bybit Perpetual","long","62001.85999999999","62520.01000000001","0.07706912829972827","5.278235586333647","4778.42930316179","34.655133242171786","0.7252411000250895","187200.0","1635775200000.0","1635962400000.0"
"7ed2c20e-1aa1-41de-892a-454fe5513c0a","MomentumMAStrategy","BTC-USDT","Bybit Perpetual","short","62520.01000000001","61991.28","0.07695698832648701","5.270107640075212","4811.3516797418515","35.419360797789075","0.7361623750540195","302400.0","1635962400000.0","1636264800000.0"
"fddbc6b1-96b3-4387-bcc9-3400f8fc85ec","MomentumMAStrategy","BTC-USDT","Bybit Perpetual","long","61991.28","65132.08","0.0781561547446633","5.464510147701848","4845.000072499751","240.00834067433686","4.953732447531335","72000.0","1636264800000.0","1636336800000.0"
"2d868fda-228f-449b-94e9-6ea0c4467e42","MomentumMAStrategy","BTC-USDT","Bybit Perpetual","long","65132.079999999994","68563.98","0.0778880084305671","5.727325916627484","5073.007996140371","261.5765302162359","5.156241236269442","93600.0","1636336800000.0","1636430400000.0"
"99487f7d-2842-4d71-a0ae-448e3645ca5a","MomentumMAStrategy","BTC-USDT","Bybit Perpetual","long","68563.98","67083.56","0.07761372224666357","5.790460771151753","5321.505699845796","-120.69136745955731","-2.267992825095624","79200.0","1636430400000.0","1636509600000.0"
"6b694d7a-294e-436d-8a9f-bbf978eb8f0f","MomentumMAStrategy","BTC-USDT","Bybit Perpetual","short","67083.56","63867.67999999999","0.07761736110545142","5.590249325257648","5206.848900759216","244.01786990654185","4.686478800469154","201600.0","1636509600000.0","1636711200000.0"
"091c5e72-7c70-415a-88e0-b8346535a53c","MomentumMAStrategy","BTC-USDT","Bybit Perpetual","short","63867.68","64414.71","0.08515521273311369","6.008152815699241","5438.665877170431","-52.59060883709432","-0.9669762773596893","129600.0","1636711200000.0","1636840800000.0"
"8d733f40-64cc-407f-a090-0d115dc38727","MomentumMAStrategy","BTC-USDT","Bybit Perpetual","long","64414.71","64211.72","0.08365643187363865","5.918235498144393","5388.70479877519","-22.899654604174135","-0.4249565611643645","79200.0","1636840800000.0","1636920000000.0"
"48c18911-0546-4c94-91e3-5ce1c7a907fc","MomentumMAStrategy","BTC-USDT","Bybit Perpetual","short","64211.72","65947.01","0.08358209571245288","5.983416685769223","5366.950126901225","-151.02259155463105","-2.8139369284921716","21600.0","1636920000000.0","1636941600000.0"
"c43abb08-d429-4146-a3fa-f5e38e484fb2","MomentumMAStrategy","BTC-USDT","Bybit Perpetual","long","65947.01","64089.590000000004","0.07920720992391204","5.664909950695479","5223.478664924326","-152.7859658075675","-2.924984968992516","57600.0","1636941600000.0","1636999200000.0"
"760b60d5-2f8e-4b05-9f77-cbac747485f1","MomentumMAStrategy","BTC-USDT","Bybit Perpetual","short","64089.59","60943.689999999995","0.07923801661716258","5.449064015086088","5078.331997407136","243.82581246084578","4.801297209109937","36000.0","1636999200000.0","1637035200000.0"
"38adec88-0aa6-4bfd-85b8-bc8b0a1c00f7","MomentumMAStrategy","BTC-USDT","Bybit Perpetual","short","60943.69","59880.45","0.08712906158529193","5.790011664277465","5309.96651924494","86.8490917756688","1.6355864290462314","172800.0","1637035200000.0","1637208000000.0"
"914e6944-ab68-4bfe-af6c-f98fc4edbc6b","MomentumMAStrategy","BTC-USDT","Bybit Perpetual","long","59880.45","58142.12999999999","0.0900539851726536","5.845622018147077","5392.473156431825","-162.38826552347493","-3.011387554702757","43200.0","1637208000000.0","1637251200000.0"
"18004dd6-5e28-4d1b-b09b-92b01b9ba132","MomentumMAStrategy","BTC-USDT","Bybit Perpetual","short","58142.13","58422.0","0.09009309263669091","5.775892629212906","5238.204304184525","-30.990246465443825","-0.5916196594448855","136800.0","1637251200000.0","1637388000000.0"
"8b2ea3ad-cb1d-4b0a-b1a4-f908c62a18b9","MomentumMAStrategy","BTC-USDT","Bybit Perpetual","long","58422.0","58661.39","0.08915757026535132","5.741378813956793","5208.763570042354","15.602051931865606","0.2995346538975034","151200.0","1637388000000.0","1637539200000.0"
"acf254ca-c907-46c0-a3c4-fef91d77aeec","MomentumMAStrategy","BTC-USDT","Bybit Perpetual","short","58661.38999999999","56068.950000000004","0.08904639865127005","5.618977976169665","5223.585519377626","225.22846774332777","4.3117599378398435","223200.0","1637539200000.0","1637762400000.0"
"804559b4-087e-4b9d-a2cb-e069e086729c","MomentumMAStrategy","BTC-USDT","Bybit Perpetual","short","56068.95","57786.46","0.09697974661080311","6.0729178466380045","5437.552563733789","-172.63660244815864","-3.174895330659843","43200.0","1637762400000.0","1637805600000.0"
"0ae173dc-bc25-4720-92ea-98f99ff87612","MomentumMAStrategy","BTC-USDT","Bybit Perpetual","long","57786.46000000001","57154.67999999999","0.0912592290894448","5.769191904884071","5273.547791408038","-63.42494765901472","-1.2026997794985421","14400.0","1637805600000.0","1637820000000.0"
"0578f167-e5cd-4caa-9cf5-4521fd871cf3","MomentumMAStrategy","BTC-USDT","Bybit Perpetual","short","57154.68","57676.049999999996","0.09121377446487279","5.760779369321186","5213.294091131976","-53.31690496207149","-1.0227104788269226","7200.0","1637820000000.0","1637827200000.0"
"f9a5c9ae-75d4-4fc1-ae4b-b6bd569a99cd","MomentumMAStrategy","BTC-USDT","Bybit Perpetual","long","57676.05000000001","54896.80999999999","0.08951103675473626","5.542082374975179","5162.643031418007","-254.31473616521015","-4.926056956050248","93600.0","1637827200000.0","1637920800000.0"
"3a0a1a5c-3bff-4089-9ade-e999b00a018c","MomentumMAStrategy","BTC-USDT","Bybit Perpetual","short","54896.810000000005","54368.4","0.08964171200587172","5.387096267894602","4921.044032061059","41.98048077312839","0.8530807791928229","172800.0","1637920800000.0","1638093600000.0"
"2559191d-c5e5-4653-9817-a817cb4dcf12","MomentumMAStrategy","BTC-USDT","Bybit Perpetual","long","54368.4","53941.41","0.09124648672382359","5.435589302123671","4960.92548879553","-44.39692666832892","-0.8949323421325586","28800.0","1638093600000.0","1638122400000.0"
"35853f9e-a4d6-4069-ba57-d5d542c7838d","MomentumMAStrategy","BTC-USDT","Bybit Perpetual","short","53941.41","54644.87999999999","0.0911868712453126","5.445904224879897","4918.7484084606185","-69.59313253981874","-1.4148544865623396","7200.0","1638122400000.0","1638129600000.0"
"1bf5d15d-a0f4-4e24-a8d1-9c36aed5661c","MomentumMAStrategy","BTC-USDT","Bybit Perpetual","long","54644.880000000005","57315.73","0.08880310346637763","5.468347298693814","4852.6349325477895","231.71142159448073","4.774960919485958","14400.0","1638129600000.0","1638144000000.0"
"9f0b570e-519f-454c-8d29-d7ebc7d3e58d","MomentumMAStrategy","BTC-USDT","Bybit Perpetual","long","57315.73","57260.01000000001","0.08850556004542813","5.577324519975649","5072.760783062547","-10.508854325706363","-0.20716242644034","144000.0","1638144000000.0","1638288000000.0"
"0dab16ca-f0f6-4135-90e6-a67bbd5b571b","MomentumMAStrategy","BTC-USDT","Bybit Perpetual","short","57260.01","53884.35","0.08841733299475714","5.404898338735041","5062.777371453124","293.06195595834714","5.788560990471367","273600.0","1638288000000.0","1638561600000.0"
"422b1b7a-dd4d-40f5-8e3c-ac8e56dd202c","MomentumMAStrategy","BTC-USDT","Bybit Perpetual","short","53884.35","47517.51","0.09912314483915187","5.528199190656671","5341.186229613553","625.5730042970487","11.712248504435882","36000.0","1638561600000.0","1638597600000.0"
"96bc7d9d-d05d-438b-a9bd-52cfcffd06d4","MomentumMAStrategy","BTC-USDT","Bybit Perpetual","short","47517.51","49271.71","0.12491143967130748","6.649544448174599","5935.48058369575","-225.7691919195818","-3.8037221878839964","115200.0","1638597600000.0","1638712800000.0"
"93e253bd-7e27-47be-ae30-0e3a46109658","MomentumMAStrategy","BTC-USDT","Bybit Perpetual","long","49271.71","48950.18","0.11611125027672366","6.272566548843551","5720.9998513721475","-43.60581685031837","-0.7622062223941464","100800.0","1638712800000.0","1638813600000.0"
"500b8833-f8ba-4ef3-984f-cecb290171cc","MomentumMAStrategy","BTC-USDT","Bybit Perpetual","short","48950.18","50424.72","0.11602764944611736","6.341629833518633","5679.574325364345","-177.42904004779663","-3.1239848249791953","21600.0","1638813600000.0","1638835200000.0"
"510ce6bc-453a-4227-baa3-285aa299e579","MomentumMAStrategy","BTC-USDT","Bybit Perpetual","long","50424.72","49180.57","0.10929196507821834","5.987331831957196","5511.016737318938","-141.9629301840227","-2.57598437730542","129600.0","1638835200000.0","1638964800000.0"
"071b8a4e-9d30-466d-ae3a-0fed11bf96fa","MomentumMAStrategy","BTC-USDT","Bybit Perpetual","short","49180.57","48693.04","0.10931455153212166","5.884455381188879","5376.1519536441165","47.40966792726627","0.8818513378352445","280800.0","1638964800000.0","1639245600000.0"
"0c03b201-86fe-4f15-9eae-68c3a9e42788","MomentumMAStrategy","BTC-USDT","Bybit Perpetual","long","48693.04","48731.03","0.11133400457591103","5.965636520351133","5421.191138175019","-1.7360576865125","-0.03202354689705561","136800.0","1639245600000.0","1639382400000.0"
"961cbce9-e160-4c6f-a8f2-5f68939eec40","MomentumMAStrategy","BTC-USDT","Bybit Perpetual","short","48731.03","48250.16","0.1112133661729053","5.932082527444756","5419.541883372833","47.547088864119694","0.8773267166731247","158400.0","1639382400000.0","1639540800000.0"
"416cfd21-6e9d-4778-b09a-73ff07fe520c","MomentumMAStrategy","BTC-USDT","Bybit Perpetual","long","48250.16","47624.5","0.11325789630114691","5.9722092651032455","5464.711617793747","-76.83314466487921","-1.4059871780736135","158400.0","1639540800000.0","1639699200000.0"
"fba7405b-9172-4c99-8c3d-d1ab602d9afa","MomentumMAStrategy","BTC-USDT","Bybit Perpetual","short","47624.5","46558.13","0.1132131598308037","5.864492228911496","5391.7201303621105","114.86262501986293","2.1303521370303153","180000.0","1639699200000.0","1639879200000.0"
"aa325d2d-09d6-4703-ba26-ef8ed99e0d4f","MomentumMAStrategy","BTC-USDT","Bybit Perpetual","long","46558.13","46668.63","0.11814992621333764","6.058104148309695","5500.839624130981","6.997462698264114","0.12720717520226865","79200.0","1639879200000.0","1639958400000.0"
"8cb877c0-012d-46e8-bdb9-81294e75ed06","MomentumMAStrategy","BTC-USDT","Bybit Perpetual","short","46668.63","48574.38","0.11801261819115606","6.181932335978552","5507.487213694331","-231.08447945377424","-4.195824166040444","115200.0","1639958400000.0","1640073600000.0"
"836f3b83-762d-4e3f-bda1-01abfc85d17f","MomentumMAStrategy","BTC-USDT","Bybit Perpetual","long","48574.38","48569.69","0.10886308704739506","5.8164718417015315","5287.956958213245","-6.327039719953276","-0.11964998523912206","144000.0","1640073600000.0","1640217600000.0"
"39a69ca8-1b04-481b-a8ba-95ccc3ad018d","MomentumMAStrategy","BTC-USDT","Bybit Perpetual","short","48569.69","51082.35","0.10874984523226912","5.960429159893941","5281.9462704792895","-279.21181528120684","-5.286154023218999","72000.0","1640217600000.0","1640289600000.0"
"caa31234-bda8-4f67-bf2e-065290e42e81","MomentumMAStrategy","BTC-USDT","Bybit Perpetual","short","51082.35","50808.71","0.09820799250547682","5.5035840512703","5016.695045962144","21.37005101792832","0.4259786736514655","7200.0","1640289600000.0","1640296800000.0"
"b6c2a6d0-5bc6-4c54-8b00-4dbf1b66abc2","MomentumMAStrategy","BTC-USDT","Bybit Perpetual","long","50808.71","50685.22","0.09913647865551352","5.533962953810051","5036.996594429176","-17.776326702979215","-0.35291520194076564","136800.0","1640296800000.0","1640433600000.0"
"da5d67f0-d820-42a7-8536-7a19df3c7a80","MomentumMAStrategy","BTC-USDT","Bybit Perpetual","short","50685.22","50852.909999999996","0.09904483168981697","5.531254847771816","5020.109084061345","-22.140082673836734","-0.4410279199735052","151200.0","1640433600000.0","1640584800000.0"
"c1aa0705-c357-43a2-aa93-b7464b9449d3","MomentumMAStrategy","BTC-USDT","Bybit Perpetual","long","50852.91","49176.79","0.09830462023748886","5.408359919033467","4999.0760055211995","-170.17869999149354","-3.404203092802364","86400.0","1640584800000.0","1640671200000.0"
"843400d2-bd15-4326-b129-2ffab214622c","MomentumMAStrategy","BTC-USDT","Bybit Perpetual","short","49176.79","47123.01","0.09836766979970187","5.210032810497532","4837.406240529281","196.81552007073407","4.068616739726198","136800.0","1640671200000.0","1640808000000.0"
"9b1da18b-4ed0-42db-81ab-9714527d7879","MomentumMAStrategy","BTC-USDT","Bybit Perpetual","short","47123.01","47540.18","0.10662266660377757","5.551282960861029","5024.380984596477","-50.03106078795874","-0.9957656662848962","86400.0","1640808000000.0","1640894400000.0"
"ad6732c0-1fe7-4158-b510-240c76fde6af","MomentumMAStrategy","BTC-USDT","Bybit Perpetual","long","47540.18","46313.36","0.10468726615776207","5.4038987870054935","4976.851476847917","-133.83633065467112","-2.6891767069455765","93600.0","1640894400000.0","1640988000000.0"
"254c96b4-85bf-4c03-a307-b2cdf7f73116","MomentumMAStrategy","BTC-USDT","Bybit Perpetual","short","46313.36","47381.21","0.10471507493142322","5.396178655019613","4849.706962725979","-117.21617142053975","-2.4169743104365535","100800.0","1640988000000.0","1641088800000.0"
"ddfb572c-68ec-46cb-ae7a-35bf2b0ad12b","MomentumMAStrategy","BTC-USDT","Bybit Perpetual","long","47381.21","47023.47000000001","0.10000486690560385","5.192510102266367","4738.351599876466","-40.968251189076156","-0.8646097767448122","72000.0","1641088800000.0","1641160800000.0"
"4eda5910-1543-46ea-adba-9e91460fdfa2","MomentumMAStrategy","BTC-USDT","Bybit Perpetual","short","47023.47","44673.22000000001","0.09993800460167745","5.040191324948226","4699.431761246842","229.83910399014349","4.890785006933756","252000.0","1641160800000.0","1641412800000.0"
"57ca6cd2-6c73-4ecd-8d7f-b9e9ab3a0950","MomentumMAStrategy","BTC-USDT","Bybit Perpetual","short","44673.22","41789.97","0.11008337679794471","5.234987958157257","4917.778910037479","312.16290819451683","6.347640142125417","115200.0","1641412800000.0","1641528000000.0"
"8421241c-7079-4982-955a-4808b4f00ebb","MomentumMAStrategy","BTC-USDT","Bybit Perpetual","short","41789.97","41918.02","0.12477476468210605","5.744554614844147","5214.333672822271","-21.72196323238728","-0.4165817647153028","115200.0","1641528000000.0","1641643200000.0"
"74e17b2f-ed19-4cf0-8d45-a61ea308a3af","MomentumMAStrategy","BTC-USDT","Bybit Perpetual","long","41918.02","40837.51","0.1239013151802376","5.639435452990685","5193.697807751503","-139.51604551838855","-2.6862565109229743","28800.0","1641643200000.0","1641672000000.0"
"d11773bc-72b4-472c-8c7a-27ea124ab8d3","MomentumMAStrategy","BTC-USDT","Bybit Perpetual","short","40837.51","41762.99","0.1239340391838051","5.630357481981042","5061.157564509033","-120.32883206580848","-2.3774962650758966","36000.0","1641672000000.0","1641708000000.0"
"403e8894-b016-408f-bc6b-d34e957aa70a","MomentumMAStrategy","BTC-USDT","Bybit Perpetual","long","41762.99","40753.0","0.11845045515291212","5.375731115091231","4946.845174046517","-125.0095063149807","-2.5270551617592467","115200.0","1641708000000.0","1641823200000.0"
"ab9a21f1-45ae-42fb-916e-36bac8e5aa52","MomentumMAStrategy","BTC-USDT","Bybit Perpetual","short","40753.0","42251.59","0.1184719196880545","5.40854221612094","4828.086143047285","-182.9493763414421","-3.789273242460669","50400.0","1641823200000.0","1641873600000.0"
"1fb4a5cb-0dd0-4fe2-a523-28e4c9615071","MomentumMAStrategy","BTC-USDT","Bybit Perpetual","long","42251.59","43855.47","0.11015642808999411","5.216885389611945","4654.284235522914","171.46080649536833","3.6839350116764953","194400.0","1641873600000.0","1642068000000.0"
"be701d36-4e29-4818-94de-04f63560162b","MomentumMAStrategy","BTC-USDT","Bybit Perpetual","long","43855.47","42690.02","0.10984198782257978","5.228480762273561","4817.172001693513","-133.24382547009967","-2.766017601681169","36000.0","1642068000000.0","1642104000000.0"
"83abea8d-e599-4e6a-86b0-30b3c6034b4c","MomentumMAStrategy","BTC-USDT","Bybit Perpetual","short","42690.02","43073.99","0.10987557203058045","5.182853312112532","4690.5903674969195","-47.37177670469464","-1.0099320766305597","129600.0","1642104000000.0","1642233600000.0"
"4596cdf3-f9db-4d6b-80c4-396cc510460a","MomentumMAStrategy","BTC-USDT","Bybit Perpetual","long","43073.99","43207.81","0.10785133161862785","5.1180838634486685","4645.58717962746","9.314581333756081","0.2005038539499121","115200.0","1642233600000.0","1642348800000.0"
"3e2b0e00-9d7c-416b-bd55-8f3e1c4c73b0","MomentumMAStrategy","BTC-USDT","Bybit Perpetual","short","43207.81","41710.21","0.10772210005308135","5.031151095712259","4654.436031894528","156.2934659437822","3.357946373583846","108000.0","1642348800000.0","1642456800000.0"
"80ae8ef1-37bc-4f7d-88d4-67e4cb1e1d3a","MomentumMAStrategy","BTC-USDT","Bybit Perpetual","short","41710.21","42150.0","0.11514961983027948","5.311059215213071","4802.914824541122","-55.95271052037178","-1.1649740327368308","158400.0","1642456800000.0","1642615200000.0"
"3bf99a81-e779-4a1b-9850-53ba7974d41d","MomentumMAStrategy","BTC-USDT","Bybit Perpetual","long","42150.0","42038.6","0.11268706404618668","5.217831388087336","4749.759749546769","-17.771170322832695","-0.37414882562277924","57600.0","1642615200000.0","1642672800000.0"
"ac133b4d-ac1a-43db-bd5f-8cd755fb3933","MomentumMAStrategy","BTC-USDT","Bybit Perpetual","short","42038.6","42368.81","0.11258408076720151","5.226611865634661","4732.877137740077","-42.403001175772175","-0.895924401621365","14400.0","1642672800000.0","1642687200000.0"
"7d6b79b6-b82f-4132-8c91-60beeeed0c76","MomentumMAStrategy","BTC-USDT","Bybit Perpetual","long","42368.81","39750.69000000001","0.11075586703103282","5.002369032460195","4692.5942866230935","-294.9745196237465","-6.2859582910164065","43200.0","1642687200000.0","1642730400000.0"
"75e878e7-b8af-4f6d-a407-2d1a42817e9b","MomentumMAStrategy","BTC-USDT","Bybit Perpetual","short","39750.69","36634.29","0.11100105414473393","4.66334731545343","4412.368492980534","341.26033782119555","7.734175836947739","72000.0","1642730400000.0","1642802400000.0"
"60e35b65-154d-4ae1-8731-512a5e9d2891","MomentumMAStrategy","BTC-USDT","Bybit Perpetual","short","36634.29","35944.34","0.12929323357735795","5.161159168723051","4736.565813910668","84.04470733797564","1.7743806512969256","144000.0","1642802400000.0","1642946400000.0"
"9345e05d-9064-4568-8590-326b6165aae7","MomentumMAStrategy","BTC-USDT","Bybit Perpetual","long","35944.34","33319.31","0.13399629220850195","5.1045897566550735","4816.408285881745","-356.84887669273877","-7.409024640597098","86400.0","1642946400000.0","1643032800000.0"
"f73f377c-eb4d-4501-bb67-588117b4af7a","MomentumMAStrategy","BTC-USDT","Bybit Perpetual","short","33319.31","36800.0","0.1343785886629598","5.18239365370131","4477.401853023643","-472.9126034269791","-10.562210383408306","28800.0","1643032800000.0","1643061600000.0"
"5169a768-b0db-4f21-84c6-eaab054a96bd","MomentumMAStrategy","BTC-USDT","Bybit Perpetual","long","36800.0","35730.42","0.10946018695021772","4.366556333027796","4028.134879768012","-121.44298309124187","-3.0148688342391354","194400.0","1643061600000.0","1643256000000.0"
"089057cf-8658-45b0-b98e-09b65057fad2","MomentumMAStrategy","BTC-USDT","Bybit Perpetual","short","35730.42","36473.29","0.10950792198444162","4.348783032916986","3912.764045831332","-85.69893303749942","-2.190240250464458","108000.0","1643256000000.0","1643364000000.0"
"5d2aeb66-2028-4396-905a-1c8389515f66","MomentumMAStrategy","BTC-USDT","Bybit Perpetual","long","36473.29","38336.71","0.10504536496284564","4.322144064078765","3831.350059445708","191.42148991498686","4.996188991999346","129600.0","1643364000000.0","1643493600000.0"
"a232116c-56ad-48ab-90c4-04ccea7fffda","MomentumMAStrategy","BTC-USDT","Bybit Perpetual","long","38336.71","37505.73","0.10468296509702961","4.366676324666459","4013.200474864946","-91.3561266609957","-2.276390806618502","79200.0","1643493600000.0","1643572800000.0"
"26ec1b56-0077-4f52-83e5-c48111a02714","MomentumMAStrategy","BTC-USDT","Bybit Perpetual","short","37505.73","38395.17","0.10468832774450729","4.3702660624166905","3926.4121545369994","-97.48425229149073","-2.4827819509178863","93600.0","1643572800000.0","1643666400000.0"
"03f3e24c-d547-42e5-be79-604421b56a2f","MomentumMAStrategy","BTC-USDT","Bybit Perpetual","long","38395.17","37419.51","0.09985115614438182","4.163600897893989","3833.8021148600847","-101.58437990172118","-2.6497032673640883","151200.0","1643666400000.0","1643817600000.0"
"d3937b10-316a-452a-bd1e-d11a32cb3582","MomentumMAStrategy","BTC-USDT","Bybit Perpetual","short","37419.51","37858.99","0.09987562514724134","4.135167986205634","3737.296953953449","-48.02850772591485","-1.2851135009517654","144000.0","1643817600000.0","1643961600000.0"
"cee0bc78-4053-407c-9bf0-4bed3717ff19","MomentumMAStrategy","BTC-USDT","Bybit Perpetual","long","37858.99","40497.48","0.09751105012610822","4.202341920631193","3691.66987161383","253.0795887266046","6.855423088413097","36000.0","1643961600000.0","1643997600000.0"
"c6174b96-6cd0-4016-9828-3452931a0309","MomentumMAStrategy","BTC-USDT","Bybit Perpetual","long","40497.48","41619.99","0.09709481876166379","4.385249476748999","3932.095480904104","104.60465553140571","2.6602776061621483","172800.0","1643997600000.0","1644170400000.0"
"94b61829-9a61-4d9b-85ba-af2ad6bfa2fc","MomentumMAStrategy","BTC-USDT","Bybit Perpetual","short","41619.99","42782.53","0.09686378837810726","4.496551309722431","4031.46990365894","-117.10457985080734","-2.9047613562617416","43200.0","1644170400000.0","1644213600000.0"
"c4fd1d1a-b271-455a-9248-35f18ebb5d7e","MomentumMAStrategy","BTC-USDT","Bybit Perpetual","long","42782.53","44867.12","0.091631340007257","4.417300184366891","3920.220552800673","186.59647488136133","4.759846349666566","86400.0","1644213600000.0","1644300000000.0"
"94089b48-fc81-4268-a2ab-b76a4d363330","MomentumMAStrategy","BTC-USDT","Bybit Perpetual","long","44867.12","44021.57","0.0913249436098855","4.464765030993626","4097.487203937966","-81.68457110033258","-1.9935284000845228","64800.0","1644300000000.0","1644364800000.0"
"1572f233-5f35-4d2e-8adf-7482b32273ed","MomentumMAStrategy","BTC-USDT","Bybit Perpetual","short","44021.57","44358.08","0.09131629929129402","4.4387764138628985","4019.88686139265","-35.16762428837644","-0.8748411460563585","86400.0","1644364800000.0","1644451200000.0"
"4735694c-43c8-49d8-bef4-bc7a34daa8b2","MomentumMAStrategy","BTC-USDT","Bybit Perpetual","long","44358.08","43162.02","0.0898703825395214","4.326005676793441","3986.4776183186937","-111.81637541701384","-2.8048915890859223","93600.0","1644451200000.0","1644544800000.0"
"1659c0f8-69be-49e4-bf75-c27101d407f0","MomentumMAStrategy","BTC-USDT","Bybit Perpetual","short","43162.02","42489.49","0.08989968638336504","4.235024137993911","3880.252061672529","56.22521194541048","1.4490092667117964","216000.0","1644544800000.0","1644760800000.0"
"07d30f1a-ad67-4649-848f-34c16cf5d0bf","MomentumMAStrategy","BTC-USDT","Bybit Perpetual","long","42489.49","41663.77","0.09257974179075036","4.2849878949074345","3933.666013020669","-80.72993228636592","-2.0522823244054025","43200.0","1644760800000.0","1644804000000.0"
"1da89064-d672-4927-bba8-1b55da90178d","MomentumMAStrategy","BTC-USDT","Bybit Perpetual","short","41663.77","42553.66","0.09257377758538467","4.287979098497987","3856.972577348622","-86.66845803395657","-2.2470592231572097","57600.0","1644804000000.0","1644861600000.0"
"16de3ac2-b918-4cb0-a34b-3347dccc2114","MomentumMAStrategy","BTC-USDT","Bybit Perpetual","long","42553.66","42102.29","0.08870300562199263","4.130080464831821","3774.637542216363","-44.167956112430865","-1.1701244323050066","7200.0","1644861600000.0","1644868800000.0"
"ebff1bfd-45b4-4156-9d50-a28a69c0a78c","MomentumMAStrategy","BTC-USDT","Bybit Perpetual","short","42102.29","42525.14","0.08865736243585691","4.126564603438811","3732.677983909554","-41.61533030944077","-1.1148920557527833","14400.0","1644868800000.0","1644883200000.0"
"6150a106-f711-483d-b055-6573bdbcd670","MomentumMAStrategy","BTC-USDT","Bybit Perpetual","long","42525.14","44214.4","0.08684612020361568","4.143145884485482","3693.1434201155853","142.56253113067453","3.860194823579657","43200.0","1644883200000.0","1644926400000.0"
"2548c959-e0ae-40c4-8032-b407e748f7d6","MomentumMAStrategy","BTC-USDT","Bybit Perpetual","long","44214.4","43560.2","0.08659119709166528","4.180279228533146","3828.5778246897257","-60.82824036590095","-1.588794668705228","108000.0","1644926400000.0","1645034400000.0"
"6d3293d7-8e80-4915-b252-74e6cf3c8c42","MomentumMAStrategy","BTC-USDT","Bybit Perpetual","short","43560.2","41730.0","0.08656505241808164","4.060732848561766","3770.79099634212","154.370626087011","4.093852622347917","86400.0","1645034400000.0","1645120800000.0"
"a8b5f443-8b66-4190-81e8-fecf168b00f5","MomentumMAStrategy","BTC-USDT","Bybit Perpetual","short","41730.0","39805.1","0.09387594275400862","4.209801409023303","3917.44309112478","176.49200079816805","4.505285633836572","79200.0","1645120800000.0","1645200000000.0"
"939b5682-2942-4e3e-aa54-97d9f0b76564","MomentumMAStrategy","BTC-USDT","Bybit Perpetual","short","39805.1","39903.3","0.10262781633215443","4.499164469431444","4085.11049188304","-14.577216033249456","-0.356837741897406","108000.0","1645200000000.0","1645308000000.0"
"65a48b5b-4e14-4c1e-ae4c-6add9e8facfc","MomentumMAStrategy","BTC-USDT","Bybit Perpetual","long","39903.3","38770.4","0.10202820660575575","4.414815084921586","4071.2621366514536","-120.00257034858242","-2.9475520445677463","36000.0","1645308000000.0","1645344000000.0"
"baa9b7d6-7cfa-4209-8700-6833e24dd05a","MomentumMAStrategy","BTC-USDT","Bybit Perpetual","short","38770.4","38043.3","0.10206909639364824","4.312167722309028","3957.2596948203","69.90227226551245","1.7664312594143947","237600.0","1645344000000.0","1645581600000.0"
"e6db7993-2b8a-4a38-a605-aa502ed96b74","MomentumMAStrategy","BTC-USDT","Bybit Perpetual","long","38043.3","34907.8","0.1057654528779716","4.243638371195407","4023.6668534725372","-335.87121587007533","-8.347391275204831","93600.0","1645581600000.0","1645675200000.0"
"b5817724-e83e-4839-b9dc-6c30e397249b","MomentumMAStrategy","BTC-USDT","Bybit Perpetual","short","34907.8","38384.1","0.1061249691586398","4.277955344892963","3704.5891983959664","-373.20018563107203","-10.073996485026257","64800.0","1645675200000.0","1645740000000.0"
"b24cf355-de23-4fbc-a57a-95a2a586d411","MomentumMAStrategy","BTC-USDT","Bybit Perpetual","short","38384.1","38899.4","0.08727699808114421","3.70978953466226","3350.0490220464476","-48.68362664587613","-1.4532213208073212","21600.0","1645740000000.0","1645761600000.0"
"137d90bb-92da-4c8a-8074-528b107e8aed","MomentumMAStrategy","BTC-USDT","Bybit Perpetual","long","38899.4","39099.3","0.08493189038218751","3.6435173710942212","3303.7995767328653","13.334367516305187","0.4036070350699534","158400.0","1645761600000.0","1645920000000.0"
"ab9228f3-6663-4ef0-bc92-917cba3683d1","MomentumMAStrategy","BTC-USDT","Bybit Perpetual","short","39099.3","40792.8","0.08482165220025306","3.7271189558613114","3316.467225873355","-147.37258695698986","-4.443661791899086","144000.0","1645920000000.0","1646064000000.0"
"775c435f-11ab-4382-b4ba-b41f19e5edef","MomentumMAStrategy","BTC-USDT","Bybit Perpetual","long","40792.8","43471.7","0.07786823332216015","3.608840260726341","3176.463268264215","204.99236998600804","6.453478371183135","57600.0","1646064000000.0","1646121600000.0"
"45043b70-3f29-483e-80c0-5761995d315f","MomentumMAStrategy","BTC-USDT","Bybit Perpetual","long","43471.7","43690.3","0.07754944066486756","3.7176503909771528","3371.206019750923","13.234657338363348","0.3925793102179253","129600.0","1646121600000.0","1646251200000.0"
"d4fe5148-14ec-4482-8fda-3232449768c7","MomentumMAStrategy","BTC-USDT","Bybit Perpetual","short","43690.3","41441.1","0.07744920369561133","3.6263475267209118","3383.778944222368","170.57240142544842","5.040884887492199","115200.0","1646251200000.0","1646366400000.0"
"146edd08-ba2c-4b8f-adcc-e466dd6ff8df","MomentumMAStrategy","BTC-USDT","Bybit Perpetual","short","41441.1","39127.7","0.08556294899451375","3.791537268722049","3545.8227255765437","194.1497889351862","5.475451085999169","72000.0","1646366400000.0","1646438400000.0"
"9e703fc2-0dfc-43b2-a567-3dc044b7da5a","MomentumMAStrategy","BTC-USDT","Bybit Perpetual","short","39127.7","38330.9","0.095335657988202","4.061511628814719","3730.265025064971","71.90194065618422","1.9275290139721881","129600.0","1646438400000.0","1646568000000.0"
"48f5b732-d091-4ae7-aeac-f90423b54146","MomentumMAStrategy","BTC-USDT","Bybit Perpetual","long","38330.9","37848.8","0.09909946984517308","4.152152335630383","3798.571868688345","-51.92800674798818","-1.3670402599469318","57600.0","1646568000000.0","1646625600000.0"
"89a55f14-a618-4a8f-b2ef-bcb7267205a7","MomentumMAStrategy","BTC-USDT","Bybit Perpetual","short","37848.8","38530.4","0.09905836545089293","4.161299288545763","3749.2402622777568","-71.67948117987424","-1.9118401640210483","100800.0","1646625600000.0","1646726400000.0"
"240345ea-6b4f-4b2e-b6c1-ae5d21a8c771","MomentumMAStrategy","BTC-USDT","Bybit Perpetual","long","38530.4","41198.5","0.09553871112567937","4.189457990007497","3681.1447551568763","250.71737716441748","6.810853520856256","72000.0","1646726400000.0","1646798400000.0"
"855ac53d-ea9b-4dbb-b4c2-4acc72781f19","MomentumMAStrategy","BTC-USDT","Bybit Perpetual","long","41198.5","39055.4","0.09513274181009194","4.199125451374116","3919.326263463073","-208.07810442458205","-5.309027379637605","115200.0","1646798400000.0","1646913600000.0"
"c3555893-4f03-4f65-820f-c9e388613d54","MomentumMAStrategy","BTC-USDT","Bybit Perpetual","short","39055.4","39073.5","0.09529161304863655","4.094765898693591","3721.65206425972","-5.819544094873774","-0.1563699129953823","144000.0","1646913600000.0","1647057600000.0"
"f6978c7b-4803-4e5d-8668-de47edd255a1","MomentumMAStrategy","BTC-USDT","Bybit Perpetual","long","39073.5","38728.0","0.09510597968878115","4.069663333316189","3716.1234973695905","-36.92877931579008","-0.9937446734999424","122400.0","1647057600000.0","1647180000000.0"
"4453de23-7bc6-4cc1-83ed-9b87cc58b4fb","MomentumMAStrategy","BTC-USDT","Bybit Perpetual","short","38728.0","38885.1","0.09504857356485205","4.057357944720421","3681.04115701959","-18.989488851758537","-0.5158727664738653","79200.0","1647180000000.0","1647259200000.0"
"831a5370-e054-4700-8ea3-992e974d889d","MomentumMAStrategy","BTC-USDT","Bybit Perpetual","long","38885.1","41205.6","0.09420063578621167","4.149527173309508","3663.0011426104193","214.4430481685947","5.854299243154833","223200.0","1647259200000.0","1647482400000.0"
"fa32a642-6521-4ce5-b5f5-d972f0473600","MomentumMAStrategy","BTC-USDT","Bybit Perpetual","long","41205.6","40560.7","0.09383972174584485","4.220109762103","3866.7220383705844","-64.73734631599848","-1.6742177398217755","108000.0","1647482400000.0","1647590400000.0"
"130dc9b9-45c7-4397-96c6-2b3c9dccef0f","MomentumMAStrategy","BTC-USDT","Bybit Perpetual","short","40560.7","42020.3","0.09381548048653958","4.261056906732409","3805.2215593703854","-141.19413222488615","-3.7105364305843","43200.0","1647590400000.0","1647633600000.0"
"5327636b-6ebd-4948-afb9-340b828b39ca","MomentumMAStrategy","BTC-USDT","Bybit Perpetual","long","42020.3","41334.2","0.087364610289711","4.005228374616544","3671.0871337567432","-63.94608749438777","-1.7418842202459424","158400.0","1647633600000.0","1647792000000.0"
"41dc84a2-e67d-477a-8990-19036858e544","MomentumMAStrategy","BTC-USDT","Bybit Perpetual","short","41334.2","42230.0","0.08734506415116478","4.01440622535742","3610.3383506370747","-82.25811469197107","-2.2784045899037673","129600.0","1647792000000.0","1647921600000.0"
"fc6e5c3b-7ba2-4833-8a70-36242f5d7a0c","MomentumMAStrategy","BTC-USDT","Bybit Perpetual","long","42230.0","42588.7","0.08364179828746632","3.9019137280228158","3532.1931416797024","26.10039931769111","0.738928995974419","129600.0","1647921600000.0","1648051200000.0"
"c089537d-e828-4a71-9cef-9b8139e6705b","MomentumMAStrategy","BTC-USDT","Bybit Perpetual","short","42588.7","42986.6","0.08351953736628517","3.930965206289585","3556.988521031509","-37.16338912433458","-1.044799242522081","50400.0","1648051200000.0","1648101600000.0"
"f7ec2707-7f64-4338-893a-17144ecd2e78","MomentumMAStrategy","BTC-USDT","Bybit Perpetual","long","42986.6","44554.5","0.08192514182008792","3.9444993679225746","3521.6833013633914","124.50593049179339","3.5354096276514113","108000.0","1648101600000.0","1648209600000.0"
"135990c9-1bc0-438f-a30f-d3da215d0f00","MomentumMAStrategy","BTC-USDT","Bybit Perpetual","long","44554.5","44193.6","0.08169688662942227","3.9877439053521475","3639.9639353305947","-33.472150289910765","-0.9195736794263238","100800.0","1648209600000.0","1648310400000.0"
"46c3061b-d924-4522-ac12-c954700ec469","MomentumMAStrategy","BTC-USDT","Bybit Perpetual","short","44193.6","44599.6","0.08164452302041879","3.9872131538011573","3608.1653925551796","-37.134889500091184","-1.0291903352521632","79200.0","1648310400000.0","1648389600000.0"
"14cdd13e-7bad-4247-b1f3-352750a2dcb0","MomentumMAStrategy","BTC-USDT","Bybit Perpetual","long","44599.6","46558.3","0.08011029801904261","4.016477594684547","3572.8872475300927","152.89556313521456","4.279327964824806","28800.0","1648389600000.0","1648418400000.0"
"869fa0c3-e0b8-411f-abaa-9ccbfee4f0d2","MomentumMAStrategy","BTC-USDT","Bybit Perpetual","long","46558.3","47418.5","0.07985983235016197","4.1277343210425865","3718.1380325085465","64.56769346656651","1.7365598829854119","180000.0","1648418400000.0","1648598400000.0"
"952dae30-e58e-4b50-9c53-19d293c02de0","MomentumMAStrategy","BTC-USDT","Bybit Perpetual","short","47418.5","45824.4","0.07970470051355029","4.087543580733206","3779.4773413017842","122.96971950791719","3.253617058742893","151200.0","1648598400000.0","1648749600000.0"
"c263656f-7266-4b39-93bf-7fcb3922f75c","MomentumMAStrategy","BTC-USDT","Bybit Perpetual","short","45824.4","46736.0","0.08502672320498043","4.328559130798249","3896.2985748343053","-81.83892000445829","-2.100427326926263","115200.0","1648749600000.0","1648864800000.0"
"d0eb783f-a0e5-4c0e-86be-8d3c8d68feca","MomentumMAStrategy","BTC-USDT","Bybit Perpetual","long","46736.0","46363.7","0.08170471586849688","4.183676494768265","3818.55160083007","-34.60234221260989","-0.9061640598254085","108000.0","1648864800000.0","1648972800000.0"
"15d61e76-e54b-4daa-9bc4-90cb5cc5f375","MomentumMAStrategy","BTC-USDT","Bybit Perpetual","short","46363.7","46705.4","0.08165179603284663","4.179592543588333","3785.679375728091","-32.08001124801238","-0.8474043378764085","172800.0","1648972800000.0","1649145600000.0"
"87526c9e-2d53-4e0e-b444-fc32fda139b8","MomentumMAStrategy","BTC-USDT","Bybit Perpetual","long","46705.4","45477.4","0.08040190995136492","4.076420251565576","3755.2033650424796","-102.80996567184171","-2.737800211538709","57600.0","1649145600000.0","1649203200000.0"
"fc85dd4a-ea82-41f1-8301-28c1a3c275d5","MomentumMAStrategy","BTC-USDT","Bybit Perpetual","short","45477.4","43159.7","0.08042530790357913","3.920766332549184","3657.53389765423","182.4809697955765","4.989180549019961","86400.0","1649203200000.0","1649289600000.0"
"e8d2352f-b29a-4b8e-998b-fa526aa8246a","MomentumMAStrategy","BTC-USDT","Bybit Perpetual","short","43159.7","43742.5","0.08876083056555138","4.242431297485513","3830.890818960028","-55.97224335108912","-1.4610764439975323","115200.0","1649289600000.0","1649404800000.0"
"92fe07a1-15fa-46bd-9010-5619b66b83e6","MomentumMAStrategy","BTC-USDT","Bybit Perpetual","long","43742.5","42553.6","0.08636262645656953","4.099016816927323","3777.7171877764927","-106.77554341114296","-2.8264567754472227","50400.0","1649404800000.0","1649455200000.0"
"721cd53b-c30e-45bf-b4a2-defbc7c2df1a","MomentumMAStrategy","BTC-USDT","Bybit Perpetual","short","42553.6","42666.1","0.08639176054519258","4.049253953873231","3676.280421535907","-13.768327015207397","-0.374517866878478","136800.0","1649455200000.0","1649592000000.0"
"a21d1b61-601f-467a-a455-2bdecfe56830","MomentumMAStrategy","BTC-USDT","Bybit Perpetual","long","42666.1","42282.6","0.0858574022671737","4.011411089385402","3663.2005108714598","-36.937724858846515","-1.0083457006850873","72000.0","1649592000000.0","1649664000000.0"
"ad8a0e2b-5f67-4227-a660-ce3d65db0d9f","MomentumMAStrategy","BTC-USDT","Bybit Perpetual","short","42282.6","40575.7","0.08580621040937775","3.9103661981798394","3628.1096722555553","142.55225434958714","3.9291054358057487","28800.0","1649664000000.0","1649692800000.0"
"f79e16c7-dac9-4448-80e3-f5502efe0ed2","MomentumMAStrategy","BTC-USDT","Bybit Perpetual","short","40575.7","40112.0","0.09275340447330949","4.116232380766579","3763.5343138876633","38.893521273506764","1.0334307602826254","144000.0","1649692800000.0","1649836800000.0"
"34c8b618-e261-43a2-9b28-19f6baf9f913","MomentumMAStrategy","BTC-USDT","Bybit Perpetual","long","40112.0","39942.2","0.09474678797111824","4.171683072478622","3800.483159097495","-20.259687669974774","-0.5330818956920694","136800.0","1649836800000.0","1649973600000.0"
"bc20836f-6f2c-4429-b664-8e2ec09170f2","MomentumMAStrategy","BTC-USDT","Bybit Perpetual","short","39942.2","40554.6","0.09466770623077896","4.191246078204772","3781.236455811019","-62.16574937393394","-1.6440587649153064","100800.0","1649973600000.0","1650074400000.0"
"0dd7d2f9-d63d-4296-878e-2ccbec5a0275","MomentumMAStrategy","BTC-USDT","Bybit Perpetual","long","40554.6","40083.8","0.09178191854699051","4.0706308833078015","3722.178993905781","-47.28155813523053","-1.2702655679010413","144000.0","1650074400000.0","1650218400000.0"
"64da3427-8179-4f27-86a4-eadddd5752f9","MomentumMAStrategy","BTC-USDT","Bybit Perpetual","short","40083.8","40357.8","0.09173934391642789","4.0588127841732495","3677.2615136773125","-29.19539301727449","-0.793943887555571","7200.0","1650218400000.0","1650225600000.0"
"d51b8b1d-4179-4d40-bd14-4ab21693b316","MomentumMAStrategy","BTC-USDT","Bybit Perpetual","long","40357.8","39649.1","0.09042925754899675","3.9792305111882555","3649.525890310901","-68.06644533616264","-1.8650763792872862","14400.0","1650225600000.0","1650240000000.0"
"9deef87d-ef26-4939-8b49-827ac4453129","MomentumMAStrategy","BTC-USDT","Bybit Perpetual","short","39649.1","40785.6","0.09041473242120368","3.9998650328338856","3584.862767241547","-106.75620842953187","-2.9779719716210455","86400.0","1650240000000.0","1650326400000.0"
"f412c232-2e4c-4ee1-bb59-ce0264f8303a","MomentumMAStrategy","BTC-USDT","Bybit Perpetual","long","40785.6","42070.8","0.08540868270255904","3.8921607876119726","3483.4443692334917","105.87507822171727","3.0393790455454974","129600.0","1650326400000.0","1650456000000.0"
"b88a9542-e910-44da-a5f2-186189c661a6","MomentumMAStrategy","BTC-USDT","Bybit Perpetual","long","42070.8","41649.3","0.08519033851374642","3.9226790126725866","3584.0256935441234","-39.830406696216706","-1.1113315054622208","50400.0","1650456000000.0","1650506400000.0"
"1ddb7960-301a-469a-bdb0-52278a313395","MomentumMAStrategy","BTC-USDT","Bybit Perpetual","short","41649.3","42418.0","0.08514397137965625","3.936803081840737","3546.186807182717","-69.38697388138225","-1.9566643737109555","36000.0","1650506400000.0","1650542400000.0"
"0cb04dc6-a0c8-4f65-a47a-aec57eb53a6f","MomentumMAStrategy","BTC-USDT","Bybit Perpetual","long","42418.0","40706.6","0.08204698906113923","3.751067730801366","3480.269181995404","-144.16628481003517","-4.142388915083223","36000.0","1650542400000.0","1650578400000.0"
"871e3c4c-e306-4cb2-87dc-d08e302f374e","MomentumMAStrategy","BTC-USDT","Bybit Perpetual","short","40706.6","39415.1","0.08213191992025545","3.6193019765511023","3343.3112114258706","102.45407260045882","3.064449167948195","180000.0","1650578400000.0","1650758400000.0"
"2cda3c16-65f5-4988-90ca-47a4b8357b16","MomentumMAStrategy","BTC-USDT","Bybit Perpetual","short","39415.1","39750.1","0.0872924990776709","3.8007904813909974","3440.6425803963057","-33.04377767241075","-0.9603955336914027","14400.0","1650758400000.0","1650772800000.0"
"6931ccc8-29e5-48d3-8fe9-0cc29b3dca71","MomentumMAStrategy","BTC-USDT","Bybit Perpetual","long","39750.1","39226.2","0.08576710477728398","3.725462728362217","3409.250991607516","-48.65884892118142","-1.4272592144422316","86400.0","1650772800000.0","1650859200000.0"
"4f819532-95fa-4583-b0f9-66f505339290","MomentumMAStrategy","BTC-USDT","Bybit Perpetual","short","39226.2","40214.2","0.08573415434409638","3.7459155331162144","3363.025085132393","-88.45126002508344","-2.630110028501359","64800.0","1650859200000.0","1650924000000.0"
"1aeec689-2d19-4f94-b841-a76b083a5e7a","MomentumMAStrategy","BTC-USDT","Bybit Perpetual","long","40214.2","38546.9","0.08153827225478973","3.5321242081876956","3278.9963881085646","-139.48088553859824","-4.253767587071223","64800.0","1650924000000.0","1650988800000.0"
"8cfd83b3-d5f3-48cd-af90-5f76e0dbfc6a","MomentumMAStrategy","BTC-USDT","Bybit Perpetual","long","38546.9","38305.2","0.08162756400247222","3.450287341310917","3146.4895468468962","-23.17966956070881","-0.7366835076231925","21600.0","1650988800000.0","1651010400000.0"
"4f2eefb2-3d33-4c4c-8fbd-8b2162dd8b44","MomentumMAStrategy","BTC-USDT","Bybit Perpetual","short","38305.2","39332.9","0.08156774695770347","3.483020692292283","3124.468860764223","-87.3101942407245","-2.794401164854914","108000.0","1651010400000.0","1651118400000.0"
"df03ce4b-de67-4037-be84-ee7ec565cdcd","MomentumMAStrategy","BTC-USDT","Bybit Perpetual","long","39332.9","39250.2","0.07732773775225153","3.342159341707427","3041.5241762355345","-9.737163253818967","-0.32014091256938687","122400.0","1651118400000.0","1651240800000.0"
"e4a5e564-e6b0-486f-9354-59d699652f95","MomentumMAStrategy","BTC-USDT","Bybit Perpetual","short","39250.2","37614.5","0.07725499159607867","3.265999963894309","3032.2738711444067","123.09998978981133","4.05965935205425","122400.0","1651240800000.0","1651363200000.0"
"25274794-3914-43ef-a089-07477c66d85e","MomentumMAStrategy","BTC-USDT","Bybit Perpetual","short","37614.5","38327.1","0.08372353378204489","3.4969545121843977","3149.2188614447277","-63.15834468526946","-2.0055241462733746","79200.0","1651363200000.0","1651442400000.0"
"e0ed7033-d03f-41de-a45e-1fba3f61e2b3","MomentumMAStrategy","BTC-USDT","Bybit Perpetual","long","38327.1","38360.6","0.08060141346446043","3.399625358436176","3089.218433993721","-0.6994780073767521","-0.022642555789506656","144000.0","1651442400000.0","1651586400000.0"
"cccae6e6-cdf4-476c-960f-c1effb542713","MomentumMAStrategy","BTC-USDT","Bybit Perpetual","short","38360.6","38711.8","0.080513702337469","3.4129613496188904","3088.5539298867134","-31.689373610538354","-1.0260262352518061","86400.0","1651586400000.0","1651672800000.0"
"5cebcd41-901f-4972-9848-a248e19e3001","MomentumMAStrategy","BTC-USDT","Bybit Perpetual","long","38711.8","36795.3","0.07900560100425971","3.2810160985738066","3058.4490249567016","-154.69525042323755","-5.0579639928910565","100800.0","1651672800000.0","1651773600000.0"
"6fcf02c2-78d9-41e8-a903-6c5bae324761","MomentumMAStrategy","BTC-USDT","Bybit Perpetual","long","36795.3","36284.0","0.07912664218132821","3.1803857920790666","2911.4885370546262","-43.63783793939241","-1.4988153785945566","7200.0","1651773600000.0","1651780800000.0"
"5d0a4942-12c1-4f53-8503-efb488475547","MomentumMAStrategy","BTC-USDT","Bybit Perpetual","short","36284.0","35875.0","0.07909912333293473","3.1392425023196804","2870.0325910122037","29.212298940850623","1.0178385789879836","165600.0","1651780800000.0","1651946400000.0"
"c4e6a636-0f0f-4240-a9ba-5b35348d8b39","MomentumMAStrategy","BTC-USDT","Bybit Perpetual","long","35875.0","34475.7","0.08077447456462752","3.125397455264558","2897.7842750060126","-116.1531197135481","-4.008342536585374","36000.0","1651946400000.0","1651982400000.0"
"1223edc4-bc07-4059-9acf-e81c294d8edc","MomentumMAStrategy","BTC-USDT","Bybit Perpetual","short","34475.7","32339.9","0.08085227598796084","2.971206332325658","2787.438811278141","169.71308472276075","6.088495433015127","129600.0","1651982400000.0","1652112000000.0"
"e1827c7c-eede-42c8-9e02-60a2f0059afe","MomentumMAStrategy","BTC-USDT","Bybit Perpetual","short","32339.9","31419.7","0.09117734568643575","3.197387099515878","2948.6662417647635","80.70400640114237","2.7369664717577997","136800.0","1652112000000.0","1652248800000.0"
"78f39344-0d79-4b75-8e51-1f991b62231d","MomentumMAStrategy","BTC-USDT","Bybit Perpetual","long","31419.7","29360.5","0.09628784004448958","3.218816796509647","3025.335047845849","-201.49473701612266","-6.660245355620839","50400.0","1652248800000.0","1652299200000.0"
"2f2e383b-67d9-4f0d-84ef-bb92d3c38ced","MomentumMAStrategy","BTC-USDT","Bybit Perpetual","short","29360.5","30519.899999999998","0.09652134833127952","3.178855320638993","2833.9150476805326","-115.08570657592426","-4.061014696616194","122400.0","1652299200000.0","1652421600000.0"
"b1cdc7e4-559a-4912-9098-d840e60b125e","MomentumMAStrategy","BTC-USDT","Bybit Perpetual","long","30519.9","28827.200000000004","0.08927236414383415","2.913930757144297","2724.583626433404","-154.02526154341209","-5.653166966471047","115200.0","1652421600000.0","1652536800000.0"
"977dfedc-c9b2-4918-8ef7-ceb06db545e9","MomentumMAStrategy","BTC-USDT","Bybit Perpetual","short","28827.2","30224.8","0.0894384341166385","2.9048351263006555","2578.2596279671616","-127.9039906477145","-4.960865432646939","79200.0","1652536800000.0","1652616000000.0"
"5b16410b-d3c7-4714-80ed-e7ab3df2df8a","MomentumMAStrategy","BTC-USDT","Bybit Perpetual","long","30224.8","29663.1","0.08128261681969219","2.677314875309824","2456.7508368518324","-48.33376074293099","-1.967385541012681","100800.0","1652616000000.0","1652716800000.0"
"9fa63ff6-c02c-42c8-9ca7-77386f363781","MomentumMAStrategy","BTC-USDT","Bybit Perpetual","short","29663.1","30130.700000000004","0.08127383058904997","2.672819144311545","2410.833764146048","-40.676462327751786","-1.6872362969480799","86400.0","1652716800000.0","1652803200000.0"
"5945c02c-00c1-44f6-899e-2b54821b9e93","MomentumMAStrategy","BTC-USDT","Bybit Perpetual","long","30130.7","29338.1","0.07873003697008978","2.575089452411781","2372.191124934684","-64.9765167549051","-2.7390928189521055","79200.0","1652803200000.0","1652882400000.0"
"21c3ae0a-0c79-43ce-b8eb-e7a658f39b73","MomentumMAStrategy","BTC-USDT","Bybit Perpetual","short","29338.099999999995","29959.199999999997","0.07875300152421338","2.568412196504956","2310.4634340175244","-51.48190144319406","-2.2282067175447704","108000.0","1652882400000.0","1652990400000.0"
"679befb2-6082-49f4-8237-b0d3107173a1","MomentumMAStrategy","BTC-USDT","Bybit Perpetual","long","29959.2","29188.9","0.07548785106566563","2.4557296299894036","2261.55562764649","-60.60402130587159","-2.6797493090603197","100800.0","1652990400000.0","1653091200000.0"
"b34d030b-f838-4fa3-8daa-aa00d0f1d83a","MomentumMAStrategy","BTC-USDT","Bybit Perpetual","short","29188.9","29355.800000000003","0.07550753222649403","2.431311202067234","2203.9818074059117","-15.0335183306692","-0.6821071880064047","108000.0","1653091200000.0","1653199200000.0"
"e0a8e3d8-e307-4c0b-ba2e-097822871229","MomentumMAStrategy","BTC-USDT","Bybit Perpetual","long","29355.800000000003","30446.700000000004","0.07459173195728871","2.453424627706667","2189.699964991776","78.9186957644997","3.6040871820900855","93600.0","1653199200000.0","1653292800000.0"
"c21321bb-b42f-4394-83a9-0e4752237274","MomentumMAStrategy","BTC-USDT","Bybit Perpetual","long","30446.699999999997","29062.8","0.07438154959217423","2.4345248540005207","2264.672725968051","-105.37115133461027","-4.6528202563824586","43200.0","1653292800000.0","1653336000000.0"
"f4f49020-91e0-4da5-86a5-9d321530736e","MomentumMAStrategy","BTC-USDT","Bybit Perpetual","long","29062.799999999996","29097.699999999997","0.07447906368967101","2.3824567710477114","2164.5701322001705","0.21686255172191515","0.010018735290479404","14400.0","1653336000000.0","1653350400000.0"
"9de3ccc3-5afa-41b3-af8a-1e72d743cc2f","MomentumMAStrategy","BTC-USDT","Bybit Perpetual","short","29097.7","29866.4","0.07439681320600276","2.4127076234580374","2164.7761516243067","-59.601537934912415","-2.753242541506719","108000.0","1653350400000.0","1653458400000.0"
"ce821389-2ffa-4c46-aa31-d300c2b37b95","MomentumMAStrategy","BTC-USDT","Bybit Perpetual","long","29866.400000000005","28992.8","0.07058616674879263","2.2850549182452946","2108.1546905861405","-63.949130189990946","-3.0334173519406615","108000.0","1653458400000.0","1653566400000.0"
"f7539bbe-cd19-43f7-a49a-ddc96a422126","MomentumMAStrategy","BTC-USDT","Bybit Perpetual","short","28992.8","28881.8","0.07061763668585473","2.2478321118765425","2047.403016905649","5.590725560253333","0.27306424353632625","194400.0","1653566400000.0","1653760800000.0"
"9ada4563-096d-4bd0-a581-242a4f1114dc","MomentumMAStrategy","BTC-USDT","Bybit Perpetual","long","28881.8","29761.5","0.07107293195673017","2.292373198839963","2052.7142061878894","60.23048504349563","2.934187567949369","115200.0","1653760800000.0","1653876000000.0"
"c9bc287f-5771-4487-98dc-30dc1f999cd4","MomentumMAStrategy","BTC-USDT","Bybit Perpetual","long","29761.499999999996","31789.2","0.07089471857867415","2.3999907551512196","2109.9331669792105","141.35323010682666","6.699417418476907","72000.0","1653876000000.0","1653948000000.0"
"99ed9ae1-e4c6-476c-b944-e23130dfd7a2","MomentumMAStrategy","BTC-USDT","Bybit Perpetual","long","31789.199999999997","31596.0","0.07059689251634818","2.4611389833399784","2244.2187355806955","-16.10045861749824","-0.7174193122192352","136800.0","1653948000000.0","1654084800000.0"
"fdf19ce4-db49-47ad-b435-08b71c9663f1","MomentumMAStrategy","BTC-USDT","Bybit Perpetual","short","31596.000000000004","30163.200000000004","0.07054447714565362","2.3962237601136183","2228.923299894072","98.67990309417884","4.427245347512341","21600.0","1654084800000.0","1654106400000.0"
"8cf2a99f-9b8a-4898-a2ed-b9b6d121f943","MomentumMAStrategy","BTC-USDT","Bybit Perpetual","short","30163.199999999997","30524.899999999998","0.077003408386164","2.5702548016641975","2322.669207833542","-30.422387614939773","-1.3098028557977959","129600.0","1654106400000.0","1654236000000.0"
"9db87ea6-fa91-4e78-8564-059ab605bde7","MomentumMAStrategy","BTC-USDT","Bybit Perpetual","long","30524.9","29560.5","0.07514415901769865","2.483286768733117","2293.7679395993496","-74.95231372540181","-3.2676502461924577","50400.0","1654236000000.0","1654286400000.0"
"0385b1d1-13dd-4277-971e-cb2ca2ccf6c5","MomentumMAStrategy","BTC-USDT","Bybit Perpetual","short","29560.499999999996","29756.199999999997","0.07518692990850014","2.4529123109169415","2222.563241560218","-17.166994494010474","-0.7723962213088438","115200.0","1654286400000.0","1654401600000.0"
"918fe17b-d6ad-4242-bb9b-afbbb9108d4d","MomentumMAStrategy","BTC-USDT","Bybit Perpetual","long","29756.200000000004","30833.8","0.07414436644433456","2.470823939574227","2206.254596790908","77.42714534084031","3.5094383691465802","79200.0","1654401600000.0","1654480800000.0"
"128d5adc-ef1d-434a-8a75-bc457236726c","MomentumMAStrategy","BTC-USDT","Bybit Perpetual","long","30833.8","29460.100000000002","0.07393867719401133","2.4519281648774003","2279.8103848647065","-104.02148902629055","-4.56272546685779","100800.0","1654480800000.0","1654581600000.0"
"13f3ebdb-90e4-4467-be74-a0fc745717a7","MomentumMAStrategy","BTC-USDT","Bybit Perpetual","long","29460.099999999995","29568.999999999996","0.07403199480958077","2.4035231136478235","2180.98997028973","5.65856112111563","0.2594492041778591","7200.0","1654581600000.0","1654588800000.0"
"1b170118-7251-4a07-bec4-ecd22661859e","MomentumMAStrategy","BTC-USDT","Bybit Perpetual","short","29569.0","31050.5","0.07394114117335014","2.4652512540468443","2186.3656033547904","-112.00905190236509","-5.123070529946904","43200.0","1654588800000.0","1654632000000.0"
"ac0434e8-323a-4653-90a3-3f60e2f8444b","MomentumMAStrategy","BTC-USDT","Bybit Perpetual","short","31050.5","30514.9","0.0669862644417173","2.2682198906730564","2079.9570040475433","33.609623344310634","1.6158806782499429","50400.0","1654632000000.0","1654682400000.0"
"d00e8011-5799-4456-b77e-55c7114ef0d5","MomentumMAStrategy","BTC-USDT","Bybit Perpetual","long","30514.900000000005","30305.000000000004","0.06920835874358552","2.3150850018719487","2111.886146224638","-16.841919502150652","-0.7974823610760693","72000.0","1654682400000.0","1654754400000.0"
"899a5e01-b665-4ad6-86d0-d70246159b3b","MomentumMAStrategy","BTC-USDT","Bybit Perpetual","short","30305.0","28970.5","0.06915975326505841","2.2547134250646335","2095.886322697595","90.03897730715582","4.295985728427652","136800.0","1654754400000.0","1654891200000.0"
"f60ca6c2-29fd-46e8-bb5f-d1b2d1a4fc35","MomentumMAStrategy","BTC-USDT","Bybit Perpetual","short","28970.5","27538.2","0.07529809120102841","2.340248485438355","2181.4233511393936","105.5092075417946","4.836713950397816","115200.0","1654891200000.0","1655006400000.0"
"40b02bde-dc09-46c9-b75c-2483345bc1aa","MomentumMAStrategy","BTC-USDT","Bybit Perpetual","short","27538.199999999997","25758.700000000004","0.08285425693415323","2.4287312755166295","2281.6570983040983","145.0104189388084","6.355486941775397","79200.0","1655006400000.0","1655085600000.0"
"9fc4e907-2b02-487a-9cda-9f576585beb6","MomentumMAStrategy","BTC-USDT","Bybit Perpetual","short","25758.7","23253.1","0.09392620731232428","2.5319208681525964","2419.4169962959672","232.80958417360733","9.622548925217508","50400.0","1655085600000.0","1655136000000.0"
"cbfcfc2d-9ead-4c6e-9509-f515a9dc0d6b","MomentumMAStrategy","BTC-USDT","Bybit Perpetual","short","23253.1","20707.5","0.11355845462587329","2.7456537902343907","2640.586101260894","286.3287483053885","10.843378603282998","144000.0","1655136000000.0","1655280000000.0"
"084343d8-bc9e-4b51-9e2b-428a69f0f933","MomentumMAStrategy","BTC-USDT","Bybit Perpetual","short","20707.5","22197.5","0.1406542756079205","3.319124432226806","2912.5984121510137","-212.89399508802833","-7.309418085234817","50400.0","1655280000000.0","1655330400000.0"
"439e9d64-83aa-4ff3-861b-7c8d89cc3599","MomentumMAStrategy","BTC-USDT","Bybit Perpetual","long","22197.5","20387.4","0.12210154822918738","2.8598252216518167","2710.349116817387","-223.8758376713037","-8.260036918571904","93600.0","1655330400000.0","1655424000000.0"
"22084ab7-add9-4359-9e60-c842bc603d34","MomentumMAStrategy","BTC-USDT","Bybit Perpetual","short","20387.4","18609.9","0.12251032848865713","2.62766461824389","2497.6670710296485","215.13444427034415","8.613415565496336","151200.0","1655424000000.0","1655575200000.0"
"00a554ba-327a-481a-969a-5baf0e4b7fa4","MomentumMAStrategy","BTC-USDT","Bybit Perpetual","short","18609.9","19438.9","0.14519394478672507","3.03845045152063","2702.044793086475","-123.40423067971571","-4.567068280861262","86400.0","1655575200000.0","1655661600000.0"
"2c96eab6-1ef6-4295-9b90-302453f061d0","MomentumMAStrategy","BTC-USDT","Bybit Perpetual","long","19438.9","21191.1","0.13297104125957462","2.9714373735070847","2584.8107739407455","230.02042112151918","8.898926894011476","144000.0","1655661600000.0","1655805600000.0"
"7dd7eefa-1f5d-4680-9be3-72252645ad3d","MomentumMAStrategy","BTC-USDT","Bybit Perpetual","long","21191.1","20415.7","0.13228809141602793","3.027246289060615","2803.3301740061893","-105.60343237304838","-3.767070798589964","86400.0","1655805600000.0","1655892000000.0"
"3eccd1eb-a4c7-4aef-bae6-ce83ba6f3edb","MomentumMAStrategy","BTC-USDT","Bybit Perpetual","short","20415.7","20629.5","0.1323984440039672","2.988876337607399","2703.006913251793","-31.295663665655486","-1.1578092350494926","93600.0","1655892000000.0","1655985600000.0"
"9d5f92d7-000b-4d55-8ac5-a16e7455f3f4","MomentumMAStrategy","BTC-USDT","Bybit Perpetual","long","20629.5","21699.5","0.1295851102920294","3.016864473453222","2673.2760327694205","135.63920353901824","5.073894423034975","259200.0","1655985600000.0","1656244800000.0"
"206ce205-8035-4ea6-b504-bd3b7b49bda2","MomentumMAStrategy","BTC-USDT","Bybit Perpetual","long","21699.5","20729.9","0.12913354114756043","3.0134822689214653","2802.1332761314875","-128.22136376559587","-4.575848153183246","93600.0","1656244800000.0","1656338400000.0"
"80de9bf6-60e6-40f4-83a6-54a42ab37364","MomentumMAStrategy","BTC-USDT","Bybit Perpetual","short","20729.9","21044.4","0.12929743899170623","2.9707205031191792","2680.3229805541714","-43.63476506601079","-1.627966680977718","86400.0","1656338400000.0","1656424800000.0"
"fae50f3f-5a07-4203-8dcc-a1ba121ccd82","MomentumMAStrategy","BTC-USDT","Bybit Perpetual","long","21044.4","20595.4","0.12539535238550215","2.871790566844008","2638.8699537414614","-59.17430378793447","-2.2424107601072016","7200.0","1656424800000.0","1656432000000.0"
"bf32a20c-e0e3-4541-9eed-f917029bf9f0","MomentumMAStrategy","BTC-USDT","Bybit Perpetual","short","20595.4","19423.5","0.1253995729698342","2.7600941338973737","2582.6543651429233","144.1956654294515","5.583235115608347","144000.0","1656432000000.0","1656576000000.0"
"f02f0b37-eb17-4e25-9716-119d95d0906a","MomentumMAStrategy","BTC-USDT","Bybit Perpetual","short","19423.5","19566.1","0.14001803214152456","3.002585886291852","2719.640247300902","-22.969157269673047","-0.8445660153937166","86400.0","1656576000000.0","1656662400000.0"
"17bc425d-ca56-46a9-a711-92f16f5d4f67","MomentumMAStrategy","BTC-USDT","Bybit Perpetual","long","19566.1","19119.9","0.1378823346448558","2.9337637989389904","2697.8195478947127","-64.45686151747324","-2.389220641824365","86400.0","1656662400000.0","1656748800000.0"
"93859a4a-9fa1-4bb0-b68c-4947ee195dd2","MomentumMAStrategy","BTC-USDT","Bybit Perpetual","short","19119.9","19240.9","0.13789745393297625","2.909421157957664","2636.585529453113","-19.59501308384779","-0.7431965648355899","57600.0","1656748800000.0","1656806400000.0"
"a85ba7fd-8bfd-4098-9bf9-7bb5158fd730","MomentumMAStrategy","BTC-USDT","Bybit Perpetual","long","19240.9","20226.6","0.13606277601481517","2.953531686800595","2617.9702670234574","131.1635466310023","5.010123616878612","172800.0","1656806400000.0","1656979200000.0"
"0af1cc3e-8a38-49a5-9fdc-a671ad3c1bfd","MomentumMAStrategy","BTC-USDT","Bybit Perpetual","long","20226.6","21797.8","0.13559251858062696","3.1340068308118347","2742.575636322909","209.90895836306933","7.653716294384627","244800.0","1656979200000.0","1657224000000.0"
"87ad770c-c724-4526-82fe-046a7c970626","MomentumMAStrategy","BTC-USDT","Bybit Perpetual","long","21797.8","21437.4","0.13496725113395963","3.2094348529248347","2941.9891467678253","-51.85163216160359","-1.762468505996008","144000.0","1657224000000.0","1657368000000.0"
"cdc06ca7-32cc-4662-a1c4-a0585d547ecd","MomentumMAStrategy","BTC-USDT","Bybit Perpetual","short","21437.4","20498.1","0.13493847650434762","3.1122918647964384","2892.7300962143017","123.63541911573768","4.2740046600800605","151200.0","1657368000000.0","1657519200000.0"
"07e8e96c-d80d-4c64-bcc2-475c34e95367","MomentumMAStrategy","BTC-USDT","Bybit Perpetual","short","20498.1","19597.6","0.14685184209142568","3.2384700727198474","3010.1837443742525","129.00161373060897","4.285506290826955","100800.0","1657519200000.0","1657620000000.0"
"2c553eca-2a2c-4634-9635-ddf33b42d6f9","MomentumMAStrategy","BTC-USDT","Bybit Perpetual","short","19597.6","19445.1","0.15985300635885677","3.4326011342518155","3132.7352774183314","20.944982335473842","0.668584495040209","108000.0","1657620000000.0","1657728000000.0"
"d6c4f054-9191-4cf4-86fe-f48faee34ffe","MomentumMAStrategy","BTC-USDT","Bybit Perpetual","long","19445.1","20723.2","0.1621299458803005","3.581866367807021","3152.633010637031","203.63641746180542","6.4592490396038205","93600.0","1657728000000.0","1657821600000.0"
"a7d096e0-bbc2-412c-81c0-74a6455fb98e","MomentumMAStrategy","BTC-USDT","Bybit Perpetual","long","20723.2","21851.9","0.1614657778347816","3.7809319008414866","3346.0876072257465","178.46549154127663","5.333557051999694","302400.0","1657821600000.0","1658124000000.0"
"409b09bc-c783-4699-b082-6c90140f6c0c","MomentumMAStrategy","BTC-USDT","Bybit Perpetual","long","21851.9","23638.1","0.16088440017526892","4.02524725018514","3515.629824189959","283.34646834287975","8.059621817782423","144000.0","1658124000000.0","1658268000000.0"
"f99ca170-c418-456f-9a92-031df5fb85fd","MomentumMAStrategy","BTC-USDT","Bybit Perpetual","long","23638.1","22926.7","0.16011477103133057","4.1006417595658355","3784.8089691156947","-118.00628987125404","-3.117892893252833","122400.0","1658268000000.0","1658390400000.0"
"3d695d73-0663-4093-b2ea-3b3a6fedcfc7","MomentumMAStrategy","BTC-USDT","Bybit Perpetual","short","22926.7","23600.8","0.1601932678378486","4.099365748129026","3672.7029937380034","-112.08564759762254","-3.051857114194361","100800.0","1658390400000.0","1658491200000.0"
"1639fe66-3738-4c51-ad29-da32f8119828","MomentumMAStrategy","BTC-USDT","Bybit Perpetual","long","23600.8","22764.2","0.15110596371819016","3.8533154042866378","3566.221628520262","-130.2685646509243","-3.652845454391371","72000.0","1658491200000.0","1658563200000.0"
"33c08c12-bf69-4358-a541-1812f23b6408","MomentumMAStrategy","BTC-USDT","Bybit Perpetual","short","22764.2","22558.8","0.15122281881646987","3.7696294994703754","3442.4664921018834","27.291537485432755","0.7927902144595526","108000.0","1658563200000.0","1658671200000.0"
"b08337ac-33e4-4818-8394-c9d90b60b863","MomentumMAStrategy","BTC-USDT","Bybit Perpetual","long","22558.8","21931.5","0.15374902267465668","3.762187078926253","3468.393452713045","-100.20894900273828","-2.8892036145539626","79200.0","1658671200000.0","1658750400000.0"
"98254d2f-8ad3-4830-b824-38199951424d","MomentumMAStrategy","BTC-USDT","Bybit Perpetual","short","21931.5","20942.1","0.15380593899917672","3.626817868451307","3373.1949511604444","148.54877817733438","4.403800560837159","93600.0","1658750400000.0","1658844000000.0"
"dfe2d8b7-553a-44ff-b687-067a5ae44fc5","MomentumMAStrategy","BTC-USDT","Bybit Perpetual","short","20942.1","21193.2","0.16781107388604352","3.8889234678308355","3514.316290428912","-46.02628412061673","-1.3096796166573657","79200.0","1658844000000.0","1658923200000.0"
"6b57ef60-abdb-45ec-9180-a2f3e62c6746","MomentumMAStrategy","BTC-USDT","Bybit Perpetual","long","21193.2","22763.8","0.16375966444493165","3.959110963503223","3470.5913205143256","253.24181801370617","7.296791659588917","28800.0","1658923200000.0","1658952000000.0"
"35535a37-91c5-4ff3-9d9b-9018fd8d298a","MomentumMAStrategy","BTC-USDT","Bybit Perpetual","long","22763.8","23979.6","0.16302950507504665","4.191304352138715","3711.171047627347","194.0199679181029","5.227998532758148","122400.0","1658952000000.0","1659074400000.0"
"2fb09fe2-27ee-4c04-b748-bad140fca17f","MomentumMAStrategy","BTC-USDT","Bybit Perpetual","long","23979.6","23791.8","0.16245016668958384","4.268259541147133","3895.4900171495447","-34.77640084545086","-0.8927349497072481","86400.0","1659074400000.0","1659160800000.0"
"185a0370-91c5-48ef-85a7-9b6c985a6631","MomentumMAStrategy","BTC-USDT","Bybit Perpetual","short","23791.8","24522.8","0.1623438510892983","4.313968025311457","3862.4524363463674","-122.98732317158851","-3.1841770273791807","36000.0","1659160800000.0","1659196800000.0"
"9c92a161-5341-42fe-a572-8967bfa68748","MomentumMAStrategy","BTC-USDT","Bybit Perpetual","long","24522.8","23732.5","0.15274008185579777","4.053785159586843","3745.6144793333574","-124.76427185022371","-3.330942694145853","43200.0","1659196800000.0","1659240000000.0"
"a10adc86-772c-4208-ae7b-6609efd54e04","MomentumMAStrategy","BTC-USDT","Bybit Perpetual","short","23732.5","22703.7","0.1528321256115304","3.9033187332271817","3627.088421075645","153.33037209591515","4.227367913199196","194400.0","1659240000000.0","1659434400000.0"
"4ff3cfb1-4765-48f7-b37d-de78c2531a71","MomentumMAStrategy","BTC-USDT","Bybit Perpetual","short","22703.7","22852.9","0.16617345518865928","4.163663695756222","3772.752274566764","-28.95674320990431","-0.7675230469042523","64800.0","1659434400000.0","1659499200000.0"
"305c6f52-738a-4501-abbc-7ff213277453","MomentumMAStrategy","BTC-USDT","Bybit Perpetual","long","22852.9","22914.3","0.16388481849206682","4.125302095689566","3745.243368517354","5.937225759722979","0.1585271015932237","129600.0","1659499200000.0","1659628800000.0"
"e6bf2f74-6776-4d40-b9f2-33f42c6a4fbb","MomentumMAStrategy","BTC-USDT","Bybit Perpetual","short","22914.3","23393.0","0.16369183143229737","4.169069710126654","3750.8837329890916","-82.52834941676753","-2.2002374717970907","72000.0","1659628800000.0","1659700800000.0"
"98f9fb06-e1fe-42f4-937b-984b0be4d8af","MomentumMAStrategy","BTC-USDT","Bybit Perpetual","long","23393.0","22966.0","0.1569906297201369","4.002860731757704","3672.4818010431622","-71.03785962225616","-1.9343284315820977","165600.0","1659700800000.0","1659866400000.0"
"1325f836-4c6c-4369-a956-ec0dfac3432b","MomentumMAStrategy","BTC-USDT","Bybit Perpetual","short","22966.0","23154.9","0.15697099339902545","3.981803919201413","3604.9958344020188","-33.63362457227755","-0.9329726334581617","36000.0","1659866400000.0","1659902400000.0"
"bc11bcf8-e8bb-4b24-abb3-464b28470767","MomentumMAStrategy","BTC-USDT","Bybit Perpetual","long","23154.9","23796.8","0.15431048681092793","3.984826825980355","3573.0438910583553","95.06707465795395","2.6606746952048934","43200.0","1659902400000.0","1659945600000.0"
"bdb19755-4d05-444f-8c06-bf1632382227","MomentumMAStrategy","BTC-USDT","Bybit Perpetual","long","23796.8","23063.5","0.1539432869958739","3.9676057363870125","3663.357611983412","-116.85421809046123","-3.189811928494585","108000.0","1659945600000.0","1660053600000.0"
"d3b7dac4-dc41-4b38-859d-dcf8a380613e","MomentumMAStrategy","BTC-USDT","Bybit Perpetual","long","23063.5","23061.7","0.15402458884373463","3.907428230934266","3552.346104797474","-4.184672490852876","-0.11780024714375212","7200.0","1660053600000.0","1660060800000.0"
"9a70167a-113c-49b2-8c7e-08679d9cf239","MomentumMAStrategy","BTC-USDT","Bybit Perpetual","short","23061.7","24012.2","0.15386422795939428","3.9836441042957524","3548.3706659311633","-150.23159277970004","-4.233819037625153","79200.0","1660060800000.0","1660140000000.0"
"82fb662a-3ff8-46a5-b26e-342c4fc26e04","MomentumMAStrategy","BTC-USDT","Bybit Perpetual","short","24012.2","23904.3","0.1418300136093506","3.7377988159118467","3405.6506527904485","11.56565965253729","0.3396020564546416","14400.0","1660140000000.0","1660154400000.0"
"38c133f4-4e9a-4150-a618-38ae80b5eb7d","MomentumMAStrategy","BTC-USDT","Bybit Perpetual","long","23904.3","23967.4","0.14292985067374317","3.7632622128740274","3416.6380294603587","5.2556113646394795","0.1538240609430194","144000.0","1660154400000.0","1660298400000.0"
"5c2ab183-5bb6-461a-90a2-f4d2851566a4","MomentumMAStrategy","BTC-USDT","Bybit Perpetual","short","23967.4","24702.1","0.14276187071842444","3.8214818768116974","3421.630860256766","-108.70862829363773","-3.177099831437691","72000.0","1660298400000.0","1660370400000.0"
"cd3e46bb-a8a3-4fea-8e50-904d70551adf","MomentumMAStrategy","BTC-USDT","Bybit Perpetual","long","24702.1","24273.8","0.13433504290638493","3.6185487953333495","3318.3576633778107","-61.15424767213791","-1.8429070605333122","136800.0","1660370400000.0","1660507200000.0"
"36d4686e-f6a9-41f7-80e8-9bca76833333","MomentumMAStrategy","BTC-USDT","Bybit Perpetual","short","24273.8","24151.1","0.13431193830752827","3.5772231997415247","3260.2611280892797","12.902851630592291","0.39576129407015265","208800.0","1660507200000.0","1660716000000.0"
"aec93c7a-864b-4eba-99d8-52aa020b8c21","MomentumMAStrategy","BTC-USDT","Bybit Perpetual","long","24151.1","23737.2","0.13550185445542204","3.568924401194673","3272.518837138343","-59.65314196029356","-1.8228509881537398","21600.0","1660716000000.0","1660737600000.0"
"a33e2329-1809-4d39-a728-5623b5eaa8f8","MomentumMAStrategy","BTC-USDT","Bybit Perpetual","short","23737.2","22751.2","0.13547715620528383","3.4639639256935446","3215.8483522760635","130.1165120927163","4.046102236152536","136800.0","1660737600000.0","1660874400000.0"
"3d27c970-1374-493f-911a-a365822efffb","MomentumMAStrategy","BTC-USDT","Bybit Perpetual","short","22751.2","21736.5","0.14678166596769154","3.591488296588979","3339.4590387641438","145.34786816082774","4.35243751977918","28800.0","1660874400000.0","1660903200000.0"
"b53a270f-2764-4e26-bcc6-c685b0f982c3","MomentumMAStrategy","BTC-USDT","Bybit Perpetual","short","21736.5","21198.3","0.15998617594906864","3.7779359569259396","3477.5395135169306","82.32662393886291","2.3673814091505103","151200.0","1660903200000.0","1661054400000.0"
"0fb19cc0-0707-46e2-b52a-9f1562fdafec","MomentumMAStrategy","BTC-USDT","Bybit Perpetual","long","21198.3","21094.2","0.16773749811347374","3.9017209764302487","3555.74980625885","-21.36319453004262","-0.6008070222612122","151200.0","1661054400000.0","1661205600000.0"
"94488a40-3ead-404e-9e8c-d524bc5c3ead","MomentumMAStrategy","BTC-USDT","Bybit Perpetual","short","21094.2","21444.4","0.1676031691865683","3.921282295017866","3535.4547714553096","-62.615912144154215","-1.7710850849996715","50400.0","1661205600000.0","1661256000000.0"
"0d479459-92ec-4d2b-828e-31eee839c7de","MomentumMAStrategy","BTC-USDT","Bybit Perpetual","long","21444.4","21179.7","0.1620921851354369","3.7999684296372576","3475.9696549183636","-46.70576983498753","-1.3436759946652772","259200.0","1661256000000.0","1661515200000.0"
"de8a6e12-1703-4b61-92f3-16023daf9130","MomentumMAStrategy","BTC-USDT","Bybit Perpetual","short","21179.7","21747.6","0.16202303024004708","3.8253661743129657","3431.5991735751254","-95.83824504763534","-2.7928158330854433","7200.0","1661515200000.0","1661522400000.0"
"8b3c1e41-2ac8-4574-94e8-56cceac24a17","MomentumMAStrategy","BTC-USDT","Bybit Perpetual","long","21747.6","20770.1","0.15360558593959203","3.5920259217170853","3340.5528407798715","-153.7414861776683","-4.602276733984439","7200.0","1661522400000.0","1661529600000.0"
"36844559-2a60-4bcf-ae86-a97ff8a0fe06","MomentumMAStrategy","BTC-USDT","Bybit Perpetual","short","20770.1","19862.0","0.1538027466844689","3.4371307209569046","3194.498428911087","136.23114354320907","4.264555033437483","108000.0","1661529600000.0","1661637600000.0"
"630d1c0b-eae8-43c9-8283-8475fa32f5eb","MomentumMAStrategy","BTC-USDT","Bybit Perpetual","short","19862.0","19973.5","0.1673506200421476","3.666572593578934","3323.9180152771355","-22.32616672827839","-0.6716822324035847","72000.0","1661637600000.0","1661709600000.0"
"bd1d5006-9638-4aa3-ab3d-de9047dec506","MomentumMAStrategy","BTC-USDT","Bybit Perpetual","long","19973.5","19775.8","0.16535450256015577","3.61499915073792","3302.7081568852714","-36.30558430688084","-1.099267103912688","338400.0","1661709600000.0","1662048000000.0"
"64083538-0f99-4e2e-9761-263fa3906f25","MomentumMAStrategy","BTC-USDT","Bybit Perpetual","short","19775.8","20042.4","0.16526349638415308","3.6192722234479167","3268.2178517937346","-47.678520359463484","-1.458853801110459","36000.0","1662048000000.0","1662084000000.0"
"05af4382-b74d-454e-923c-479e32a23b2c","MomentumMAStrategy","BTC-USDT","Bybit Perpetual","long","20042.4","19790.0","0.1608052557304636","3.522892597596965","3222.9232574522434","-44.11013914396621","-1.3686375883127841","122400.0","1662084000000.0","1662206400000.0"
"6102447f-fcf9-4710-b777-ec99385cac75","MomentumMAStrategy","BTC-USDT","Bybit Perpetual","short","19790.0","19781.6","0.16073868748183306","3.4983778750558576","3181.018625265476","-2.148172900208226","-0.06753097524001285","100800.0","1662206400000.0","1662307200000.0"
"3664721f-f137-49b7-8a7d-4c5417bed4f7","MomentumMAStrategy","BTC-USDT","Bybit Perpetual","long","19781.6","18813.0","0.16070377830965535","3.4112639232924034","3178.977861010278","-159.06894359402435","-5.003776388158686","187200.0","1662307200000.0","1662494400000.0"
"5753e921-ff54-4063-9a4c-16c5dd223e3c","MomentumMAStrategy","BTC-USDT","Bybit Perpetual","short","18813.0","19209.1","0.16094521684983548","3.3657113212723715","3027.862364595955","-67.11611171549197","-2.2166169935682696","115200.0","1662494400000.0","1662609600000.0"
"64a2b5f1-cb40-49e9-afab-9156a7a8b0b5","MomentumMAStrategy","BTC-USDT","Bybit Perpetual","long","19209.1","19936.0","0.1543071803710865","3.3222035034893205","2964.102058466238","108.84368590825369","3.6720626942438814","86400.0","1662609600000.0","1662696000000.0"
"04f45b57-dec4-4408-87d6-669d83c7150d","MomentumMAStrategy","BTC-USDT","Bybit Perpetual","long","19936.0","20931.7","0.1538675541773214","3.458517174118885","3067.5035600790793","149.74740652024013","4.881735378210276","28800.0","1662696000000.0","1662724800000.0"
"0d60fddd-7c9c-4c6e-8a99-e2ab1c7fa566","MomentumMAStrategy","BTC-USDT","Bybit Perpetual","long","20931.7","21820.3","0.1533446206602095","3.6056840723559027","3209.7635962733075","132.65634584630604","4.132900815509483","216000.0","1662724800000.0","1662940800000.0"
"79e7bab4-bd5d-4682-a1e6-1404c9f4476d","MomentumMAStrategy","BTC-USDT","Bybit Perpetual","long","21820.3","20823.9","0.1528754015676823","3.5855870597429074","3335.787124827298","-155.91063718178125","-4.6738784984624315","144000.0","1662940800000.0","1663084800000.0"
"1db3fb87-d67b-4e77-a0c7-6e787ba1c8ad","MomentumMAStrategy","BTC-USDT","Bybit Perpetual","short","20823.9","20109.9","0.15307757046012543","3.446325659535376","3187.6720195046064","105.85105964899418","3.320638353046259","165600.0","1663084800000.0","1663250400000.0"
"3ee574fd-9774-4f8f-8b95-e033df701a56","MomentumMAStrategy","BTC-USDT","Bybit Perpetual","long","20109.9","19519.3","0.16351302225128672","3.5639396437703805","3288.2305261711513","-100.13473058538068","-3.0452466695508287","86400.0","1663250400000.0","1663336800000.0"
"015ba691-4fa9-411d-b0c6-e36dd4502beb","MomentumMAStrategy","BTC-USDT","Bybit Perpetual","short","19519.3","19875.0","0.1635869386768501","3.54441611607459","3193.10253211504","-61.73229020343028","-1.9333012198183372","50400.0","1663336800000.0","1663387200000.0"
"bd692b44-2c2c-4127-b2bc-687f1115130a","MomentumMAStrategy","BTC-USDT","Bybit Perpetual","long","19875.0","19451.4","0.15770852107782543","3.411159610823247","3134.4568564217802","-70.21648913938986","-2.2401485283018796","151200.0","1663387200000.0","1663538400000.0"
"07724cea-6971-41bd-b599-a6f57e16a810","MomentumMAStrategy","BTC-USDT","Bybit Perpetual","short","19451.4","18448.4","0.15771364486563227","3.28752357872317","3067.75119173936","154.89926222150598","5.049277224261491","28800.0","1663538400000.0","1663567200000.0"
"8682a1da-0559-4883-a630-d2694e1dd155","MomentumMAStrategy","BTC-USDT","Bybit Perpetual","short","18448.4","19504.7","0.17426473248898497","3.637637750245233","3214.9054908497906","-187.71347467835992","-5.838848924567979","50400.0","1663567200000.0","1663617600000.0"
"78ea0113-d02c-44df-9898-d01de9d48eb6","MomentumMAStrategy","BTC-USDT","Bybit Perpetual","short","19504.7","19455.6","0.1556844088812106","3.3360312014340465","3036.5776899053485","4.308073274633734","0.14187265120715611","21600.0","1663617600000.0","1663639200000.0"
"28542f5a-2d07-4be6-95cc-25dc15d83383","MomentumMAStrategy","BTC-USDT","Bybit Perpetual","long","19455.6","18914.8","0.15628766830713267","3.298251191406602","3040.6703595162503","-87.81862221190384","-2.888133596496635","100800.0","1663639200000.0","1663740000000.0"
"52f09af8-3353-4cc7-bd15-b4f8a42aefa1","MomentumMAStrategy","BTC-USDT","Bybit Perpetual","short","18914.8","19846.4","0.15634543682274948","3.333075210175677","2957.242668414942","-148.98448415424943","-5.0379526085393564","43200.0","1663740000000.0","1663783200000.0"
"15d8b65a-7814-4a81-8351-54800e74b428","MomentumMAStrategy","BTC-USDT","Bybit Perpetual","long","19846.4","18455.4","0.14187497019451412","2.988736703367933","2815.707408468405","-200.33682024393707","-7.114972942196066","14400.0","1663783200000.0","1663797600000.0"
"11a53a6d-8d7f-45ac-8acb-960ecedb8495","MomentumMAStrategy","BTC-USDT","Bybit Perpetual","short","18455.4","19061.4","0.14225578579909753","2.9353400255671707","2625.387429236665","-89.14234621982028","-3.3953977697584445","72000.0","1663797600000.0","1663869600000.0"
"8148d23d-1e10-4f2f-8ebe-ba92e2763006","MomentumMAStrategy","BTC-USDT","Bybit Perpetual","long","19061.4","18862.7","0.13329042989118506","2.7802057757299607","2540.7022003278353","-29.265014195108527","-1.1518474771003215","295200.0","1663869600000.0","1664164800000.0"
"5912ae3e-0ca0-4e37-975d-add465b81212","MomentumMAStrategy","BTC-USDT","Bybit Perpetual","short","18862.7","19076.6","0.13322061194009777","2.779863219418423","2512.900436842482","-31.275752113405044","-1.2446076913697286","21600.0","1664164800000.0","1664186400000.0"
"2e423da4-c18c-4f33-b233-49e0487ca838","MomentumMAStrategy","BTC-USDT","Bybit Perpetual","long","19076.6","20091.9","0.1301693421435029","2.8041958327612866","2483.188472334747","129.3567372455376","5.209300006290446","64800.0","1664186400000.0","1664251200000.0"
"111a0c80-cb1c-4c92-ac74-086ffdadce8d","MomentumMAStrategy","BTC-USDT","Bybit Perpetual","long","20091.9","18946.9","0.12970786101453857","2.785001584515903","2606.0773727180076","-151.30050244616257","-5.805679602227763","50400.0","1664251200000.0","1664301600000.0"
"4c67ca3f-8d74-4dc3-b790-5b75655a8a6b","MomentumMAStrategy","BTC-USDT","Bybit Perpetual","long","18946.9","18736.0","0.1299601462716409","2.69350135776679","2462.341895394153","-30.102096206456046","-1.2224986409386307","36000.0","1664301600000.0","1664337600000.0"
"0a48d7be-5f86-45fe-8a46-752cda0ca007","MomentumMAStrategy","BTC-USDT","Bybit Perpetual","short","18736.0","19497.3","0.1298967177624904","2.731509098575743","2433.74490399802","-101.62188033115959","-4.1755354131084506","86400.0","1664337600000.0","1664424000000.0"
"cfbcc3fd-2510-4c50-abaf-d3e63c6da3fe","MomentumMAStrategy","BTC-USDT","Bybit Perpetual","long","19497.3","19305.499999999996","0.11987321925002019","2.558279103553076","2337.2041176834186","-25.549962555707296","-1.09318490252498","187200.0","1664424000000.0","1664611200000.0"
"f8a9235e-61a6-4ce2-af42-1f280586ad1d","MomentumMAStrategy","BTC-USDT","Bybit Perpetual","short","19305.5","19189.9","0.11980687644741121","2.536607497376521","2312.931653255497","11.31306741994404","0.48912242625157876","136800.0","1664611200000.0","1664748000000.0"
"c7c4110a-5695-4760-a38b-4137169c6821","MomentumMAStrategy","BTC-USDT","Bybit Perpetual","long","19189.9","19957.0","0.1210886490968918","2.607134880532113","2323.6790673044443","90.27996784169342","3.885216728591595","122400.0","1664748000000.0","1664870400000.0"
"ca2f6e7b-7c9b-4581-a8a1-d84417428af2","MomentumMAStrategy","BTC-USDT","Bybit Perpetual","long","19957.0","19985.9","0.12073182526201597","2.652308572791998","2409.4450367540526","0.8368411772804389","0.03473169815103198","237600.0","1664870400000.0","1665108000000.0"
"084defae-4e6e-4950-aade-1f0878a58880","MomentumMAStrategy","BTC-USDT","Bybit Perpetual","short","19985.9","19492.2","0.12059702269462318","2.618517726902332","2410.2400358724694","56.920232377433216","2.3616001531079447","115200.0","1665108000000.0","1665223200000.0"
"b782a48d-9000-42ab-8c81-1f3488f19fbe","MomentumMAStrategy","BTC-USDT","Bybit Perpetual","short","19492.2","19406.0","0.12642566034778174","2.704751841737046","2464.314256631031","8.193140080241832","0.33247139881594034","86400.0","1665223200000.0","1665309600000.0"
"c7502a74-5b59-4ce1-8ac4-65274c669527","MomentumMAStrategy","BTC-USDT","Bybit Perpetual","long","19406.0","19240.0","0.12738832009209838","2.707676960053579","2472.097739707261","-23.85413809534191","-0.9649350716273317","129600.0","1665309600000.0","1665439200000.0"
"155b5aa2-2041-4dc1-a6ff-b3e62b1101dc","MomentumMAStrategy","BTC-USDT","Bybit Perpetual","short","19240.0","19103.4","0.12730957944473417","2.6848151706646712","2449.4363085166856","14.705673381485834","0.6003696985446911","122400.0","1665439200000.0","1665561600000.0"
"c9afa891-5a61-462e-82e4-ae920140434e","MomentumMAStrategy","BTC-USDT","Bybit Perpetual","long","19103.4","18420.5","0.12895121801507045","2.6613139353216364","2463.406698229097","-90.72210071781343","-3.682790210119672","108000.0","1665561600000.0","1665669600000.0"
"5a2677c2-0045-436b-91fa-2f1a18bcd552","MomentumMAStrategy","BTC-USDT","Bybit Perpetual","short","18420.5","18947.7","0.12905299544242413","2.6523629793603765","2377.2207025471735","-70.68910217660647","-2.973602833799304","7200.0","1665669600000.0","1665676800000.0"
"7c1cb331-21bb-4c92-96cd-b3c60f7d4cc8","MomentumMAStrategy","BTC-USDT","Bybit Perpetual","long","18947.7","19854.2","0.12191801936274052","2.6018579375311166","2310.0660554793985","107.91682661479317","4.671590509666081","36000.0","1665676800000.0","1665712800000.0"
"fc3121ca-c6cc-40ec-8492-711b152cea15","MomentumMAStrategy","BTC-USDT","Bybit Perpetual","long","19854.2","19098.3","0.12151519783035589","2.603326408917816","2412.587040763452","-94.456664448884","-3.915160897946033","72000.0","1665712800000.0","1665784800000.0"
"57fc2e94-bd23-48be-9f73-3cc800f07784","MomentumMAStrategy","BTC-USDT","Bybit Perpetual","long","19098.3","19159.000000000004","0.12162617665116855","2.5591990203982133","2322.8532095370124","4.823509902328249","0.20765452946076018","36000.0","1665784800000.0","1665820800000.0"
"31016039-6a0c-49a9-8342-8f29793b5944","MomentumMAStrategy","BTC-USDT","Bybit Perpetual","short","19159.0","19125.5","0.12148001168872195","2.5579408291232815","2327.435543944224","1.511639562448904","0.06494871861788194","122400.0","1665820800000.0","1665943200000.0"
"a78d70f7-96f7-45d5-8184-41f43806359a","MomentumMAStrategy","BTC-USDT","Bybit Perpetual","long","19125.5","19574.6","0.12176788065820765","2.591836037043386","2328.8716015285504","52.09411916655749","2.2368824083030434","72000.0","1665943200000.0","1666015200000.0"
"1ad7a71a-eebf-4090-8a97-cacc111398ce","MomentumMAStrategy","BTC-USDT","Bybit Perpetual","long","19574.6","19286.3","0.12150240693228878","2.59693108705524","2378.36101473678","-37.62607500563401","-1.5820169760812446","115200.0","1666015200000.0","1666130400000.0"
"b252c0e0-9eb2-424c-a518-8468283fa902","MomentumMAStrategy","BTC-USDT","Bybit Perpetual","short","19286.3","19244.300000000003","0.1214653014565483","2.574072019365924","2342.6162434814273","2.5274706418086623","0.10789093812704541","151200.0","1666130400000.0","1666281600000.0"
"e7103de0-7637-4196-9acb-6f1c1f8e6155","MomentumMAStrategy","BTC-USDT","Bybit Perpetual","long","19244.3","19002.2","0.12185516441705578","2.563293450232308","2345.0173405911464","-32.064428755601334","-1.367342927516192","64800.0","1666281600000.0","1666346400000.0"
"1a2f0fa4-df97-475d-9546-82d2e49bf0fe","MomentumMAStrategy","BTC-USDT","Bybit Perpetual","short","19002.2","19158.7","0.12180464016131422","2.556496081002543","2314.556133273325","-21.618922266248216","-0.934041821473303","21600.0","1666346400000.0","1666368000000.0"
"382b38bb-13e4-4d45-a39f-c5777d3100e2","MomentumMAStrategy","BTC-USDT","Bybit Perpetual","long","19158.7","19468.7","0.11973767307387188","2.5438352460915237","2294.0181571203893","34.57484340680876","1.5071739209862882","180000.0","1666368000000.0","1666548000000.0"
"2ec411bf-f746-4efd-a4af-d6cfea0a9404","MomentumMAStrategy","BTC-USDT","Bybit Perpetual","long","19468.7","19288.7","0.1195182142801963","2.547718380978804","2326.8642583568576","-24.060996951414136","-1.0340524534252415","115200.0","1666548000000.0","1666663200000.0"
"3faeef77-98a6-41a4-9b9d-6b63fabae5c9","MomentumMAStrategy","BTC-USDT","Bybit Perpetual","short","19288.7","19740.3","0.11944850151918034","2.5640755611856494","2304.006311253014","-56.50701884724731","-2.4525548637284964","50400.0","1666663200000.0","1666713600000.0"
"770de216-9e70-4b08-a68d-f0bafb208471","MomentumMAStrategy","BTC-USDT","Bybit Perpetual","long","19740.3","20266.8","0.11399647641363754","2.508367637340421","2250.324643348129","57.51077719443975","2.5556657953526547","14400.0","1666713600000.0","1666728000000.0"
"14d66dff-7182-4796-b50f-6f92f983102e","MomentumMAStrategy","BTC-USDT","Bybit Perpetual","long","20266.8","20395.7","0.11373082488023993","2.543518816681016","2304.9598816828466","12.116384510382076","0.5256657439753757","180000.0","1666728000000.0","1666908000000.0"
"6b7b938c-457e-48c5-95a1-773c31523796","MomentumMAStrategy","BTC-USDT","Bybit Perpetual","short","20395.7","20619.0","0.11357641301684716","2.562066378829145","2316.47044696771","-27.923679405491033","-1.2054407791838437","100800.0","1666908000000.0","1667008800000.0"
"029c3023-5ffa-48b2-9024-09d60cc9cae1","MomentumMAStrategy","BTC-USDT","Bybit Perpetual","long","20619.0","20667.6","0.11105984536265062","2.521905876352286","2289.942951532493","2.8756026082723727","0.12557529463115838","136800.0","1667008800000.0","1667145600000.0"
"3787c650-387f-44af-8110-cc85194631d8","MomentumMAStrategy","BTC-USDT","Bybit Perpetual","short","20667.6","20511.7","0.11093086638072888","2.5124304842735716","2292.674774010352","14.78169158448182","0.6447356490351944","158400.0","1667145600000.0","1667304000000.0"
"6aed69e2-4366-4d86-ac6d-801c07de0c43","MomentumMAStrategy","BTC-USDT","Bybit Perpetual","long","20511.7","20431.8","0.11245861537637591","2.532447125264456","2306.71738101561","-11.517890493837056","-0.4993195347045903","21600.0","1667304000000.0","1667325600000.0"
"1d6dbee3-e5fa-4c14-9a50-1ce99ee37410","MomentumMAStrategy","BTC-USDT","Bybit Perpetual","short","20431.8","20496.1","0.11236285520837441","2.529326635925555","2295.775385046464","-9.754258225823948","-0.4248785961099819","28800.0","1667325600000.0","1667354400000.0"
"f91137d6-c6c8-4895-b067-16cca9c279e0","MomentumMAStrategy","BTC-USDT","Bybit Perpetual","long","20496.1","20423.0","0.11155823984718707","2.5106745246720683","2286.508839731931","-10.66558185750128","-0.46645705768413764","36000.0","1667354400000.0","1667390400000.0"
"457a8cd4-8c62-4d7c-a5dd-eeb9c8e3a1f5","MomentumMAStrategy","BTC-USDT","Bybit Perpetual","short","20423.0","20603.300000000003","0.11146141786061327","2.515067262166183","2276.3765369673047","-22.61156090243508","-0.9933137394114623","158400.0","1667390400000.0","1667548800000.0"
"92b75953-12d8-47f5-a366-27b005008f18","MomentumMAStrategy","BTC-USDT","Bybit Perpetual","long","20603.3","21351.9","0.10944341703076654","2.525446247615069","2254.895554109992","79.403895741617","3.5214001640514003","64800.0","1667548800000.0","1667613600000.0"
"ae0b2d0e-e575-4777-8276-04161ad737a4","MomentumMAStrategy","BTC-USDT","Bybit Perpetual","long","21351.9","21247.1","0.10913919862234872","2.5570713971623884","2330.329255064528","-13.994859412784852","-0.6005528781982067","122400.0","1667613600000.0","1667736000000.0"
"8e172ce1-4985-4458-9305-591e7120d6c3","MomentumMAStrategy","BTC-USDT","Bybit Perpetual","short","21247.1","20628.1","0.10905178300202768","2.5116108729615805","2317.034138622382","64.99144280529356","2.8049410978439413","72000.0","1667736000000.0","1667808000000.0"
"37c4e94e-ea9d-47f0-9498-6b7d27a07cb8","MomentumMAStrategy","BTC-USDT","Bybit Perpetual","short","20628.1","19690.900000000005","0.11531726185578949","2.557212174419967","2378.776009287411","105.51812563682518","4.435815950087471","79200.0","1667808000000.0","1667887200000.0"
"230b9a80-b115-45e0-bb47-a1736f1ae005","MomentumMAStrategy","BTC-USDT","Bybit Perpetual","short","19690.9","18224.9","0.12589664406616227","2.6254095873960877","2479.0182286423947","181.9390706135978","7.339158240608606","93600.0","1667887200000.0","1667980800000.0"
"270da0c9-7d6d-4a53-a549-19b94eec5306","MomentumMAStrategy","BTC-USDT","Bybit Perpetual","short","18224.9","15701.8","0.14550753890146517","2.7151248410265865","2651.860345725313","364.41494656126054","13.741860394295728","50400.0","1667980800000.0","1668031200000.0"
"7ad87076-a76e-4756-9c65-19beb8f46d8d","MomentumMAStrategy","BTC-USDT","Bybit Perpetual","short","15701.8","17649.3","0.19093699734797992","3.502377390738717","2998.054544958511","-375.3521797259296","-12.519858264657554","57600.0","1668031200000.0","1668088800000.0"
"b321f9a7-cc76-4ce1-86b2-bfc8b8bb5654","MomentumMAStrategy","BTC-USDT","Bybit Perpetual","short","17649.3","17848.3","0.14966429117409066","2.9219977283097704","2641.469974218878","-32.70519167195381","-1.2381436090949782","28800.0","1668088800000.0","1668117600000.0"
"6237703b-7d7d-40d6-8bf2-1ee48fe8d0dc","MomentumMAStrategy","BTC-USDT","Bybit Perpetual","long","17848.3","16899.0","0.14625482775001103","2.7950782069528772","2610.400042130522","-141.63478619003823","-5.425788534482271","108000.0","1668117600000.0","1668225600000.0"
"9bba72bc-e9fe-4b17-b325-eaab70a877e8","MomentumMAStrategy","BTC-USDT","Bybit Perpetual","short","16899.0","16906.1","0.14650849134564092","2.7240038104336897","2475.846995249986","-3.764214098987527","-0.15203742825018374","86400.0","1668225600000.0","1668312000000.0"
"c35328a1-e6e3-407e-9ace-85ed40f4818c","MomentumMAStrategy","BTC-USDT","Bybit Perpetual","long","16906.1","16321.199999999999","0.14623544116360057","2.672454880796418","2472.2709918559476","-88.20556441738634","-3.5677951449476795","72000.0","1668312000000.0","1668384000000.0"
"d7401810-cb6d-445b-b345-0900101c0fbd","MomentumMAStrategy","BTC-USDT","Bybit Perpetual","short","16321.199999999999","16740.8","0.14634191760773907","2.661096063970888","2388.475705659431","-64.06616469217826","-2.68230338455506","43200.0","1668384000000.0","1668427200000.0"
"02201590-7acb-415d-8061-1b32e2772d9e","MomentumMAStrategy","BTC-USDT","Bybit Perpetual","long","16740.8","16548.0","0.13903832846709008","2.5456305097713976","2327.6128492018615","-29.352220238226266","-1.261043916658698","201600.0","1668427200000.0","1668628800000.0"
"db985c8d-de10-4d42-ae3c-bf99ae2c14ee","MomentumMAStrategy","BTC-USDT","Bybit Perpetual","short","16548.0","16614.7","0.1389731834648022","2.534799295208508","2299.728239975547","-11.804310632310916","-0.5132915458061441","86400.0","1668628800000.0","1668715200000.0"
"dc327f66-bfbc-4705-a2e3-9f6feffdbd04","MomentumMAStrategy","BTC-USDT","Bybit Perpetual","long","16614.7","16204.300000000001","0.13774032301966638","2.486274813650337","2288.514144874851","-59.01490338092137","-2.578743221364211","280800.0","1668715200000.0","1668996000000.0"
"6293a7f7-08ba-4a7e-9f31-6d53938074e1","MomentumMAStrategy","BTC-USDT","Bybit Perpetual","short","16204.3","16232.800000000001","0.13776898642107188","2.457854514191423","2232.449986662975","-6.3842706271922225","-0.28597597551268383","136800.0","1668996000000.0","1669132800000.0"
"0ab25e97-ec8c-4462-83ee-71eedde4ca09","MomentumMAStrategy","BTC-USDT","Bybit Perpetual","long","16232.799999999997","16432.8","0.13715347503617015","2.4641103047778357","2226.3849295671425","24.96658470245644","1.121395692671639","237600.0","1669132800000.0","1669370400000.0"
"57318ca1-611a-4e51-a34b-5c9eb748d600","MomentumMAStrategy","BTC-USDT","Bybit Perpetual","short","16432.8","16502.5","0.13692755860440556","2.480362621497023","2250.1031850344757","-12.024213456224189","-0.5343849800399245","28800.0","1669370400000.0","1669399200000.0"
"8b070481-9a86-4b5e-bdd0-e31d4a3ce8a7","MomentumMAStrategy","BTC-USDT","Bybit Perpetual","long","16502.5","16135.099999999999","0.13565703270722998","2.4351359838770192","2238.680182251063","-52.27552980051351","-2.335104862899569","201600.0","1669399200000.0","1669600800000.0"
"0e46765a-a4b7-43bb-8cb2-5c4a34d9c6ca","MomentumMAStrategy","BTC-USDT","Bybit Perpetual","long","16135.1","16208.5","0.13566810425349551","2.413397193203347","2189.0184289405756","7.544641659003174","0.3446586634108225","28800.0","1669600800000.0","1669629600000.0"
"b0ff6537-0303-46a4-a01a-6fd4fb61ddfe","MomentumMAStrategy","BTC-USDT","Bybit Perpetual","short","16208.5","16279.099999999999","0.13549593352356037","2.4210657294670113","2196.1858385166283","-11.987078636230176","-0.5458134929203723","64800.0","1669629600000.0","1669694400000.0"
"a3e0ae32-cf55-4a06-bfc5-53dc171657c1","MomentumMAStrategy","BTC-USDT","Bybit Perpetual","long","16279.1","16874.9","0.1342087777464485","2.4472567995731644","2184.7981138122095","77.51433298176099","3.5478945396244326","79200.0","1669694400000.0","1669773600000.0"
"17ce30a2-d6a9-47b2-b353-74357680bc7c","MomentumMAStrategy","BTC-USDT","Bybit Perpetual","long","16874.9","16947.1","0.13383408080313852","2.489594954508063","2258.4367301448824","7.173225679478148","0.31761906737223383","194400.0","1669773600000.0","1669968000000.0"
"c2bf71a9-6bf9-4dec-aefc-c358c8821f14","MomentumMAStrategy","BTC-USDT","Bybit Perpetual","short","16947.1","17083.0","0.13366601333209732","2.5017672901609327","2265.2512945403864","-20.666978501993157","-0.9123481598621681","57600.0","1669968000000.0","1670025600000.0"
"f7332ddb-0a56-46dc-a919-1921810d6f81","MomentumMAStrategy","BTC-USDT","Bybit Perpetual","long","17083.0","16993.6","0.13145335508771838","2.463715869990179","2245.617664963493","-14.215645814832392","-0.6330394544283875","288000.0","1670025600000.0","1670313600000.0"
"99e669c7-7fe6-4ce0-8889-ffed7f0e56c4","MomentumMAStrategy","BTC-USDT","Bybit Perpetual","short","16993.6","17035.1","0.1313502025138524","2.458322149955721","2232.112801439402","-7.909355554280596","-0.3543439000564919","64800.0","1670313600000.0","1670378400000.0"
"bab8fe38-7ed9-4714-b00c-6ef6f40368ac","MomentumMAStrategy","BTC-USDT","Bybit Perpetual","long","17035.1","16999.9","0.130589131479289","2.444530599443681","2224.598913662836","-7.041268027514273","-0.3165185411297679","482400.0","1670378400000.0","1670860800000.0"
"7a88f5d5-d12f-452f-ae90-ca3093891852","MomentumMAStrategy","BTC-USDT","Bybit Perpetual","short","16999.9","17000.0","0.13046604444947893","2.4397078555728116","2217.909709036697","-2.4527544600175695","-0.11058856228565195","7200.0","1670860800000.0","1670868000000.0"
"c76026ac-261c-49be-9464-76d30854ec1e","MomentumMAStrategy","BTC-USDT","Bybit Perpetual","long","17000.0","17430.6","0.1303282113117459","2.468003181814609","2215.5795922996804","53.651324609022986","2.4215480588235208","57600.0","1670868000000.0","1670925600000.0"
"e284d46d-a91e-4003-ba9d-f95ee1892a6b","MomentumMAStrategy","BTC-USDT","Bybit Perpetual","long","17430.6","17896.0","0.1300327212303795","2.5264876613994187","2266.548350678253","57.990740799219395","2.558548586967755","14400.0","1670925600000.0","1670940000000.0"
"76ac8c56-e118-45ff-abf9-21e3a2876c09","MomentumMAStrategy","BTC-USDT","Bybit Perpetual","long","17896.0","17691.9","0.12972952360513584","2.5392407222089677","2321.639554437511","-29.017036490017006","-1.2498510561019143","158400.0","1670940000000.0","1671098400000.0"
"12747fcd-7890-473a-99c6-df59ec9ca00f","MomentumMAStrategy","BTC-USDT","Bybit Perpetual","short","17691.9","17029.1","0.1296680045541742","2.4762115323690157","2294.0733697719947","83.46774188613803","3.6384076893945982","86400.0","1671098400000.0","1671184800000.0"
"59008e54-b465-44cc-a0f2-4e97513ed28d","MomentumMAStrategy","BTC-USDT","Bybit Perpetual","short","17029.1","16736.5","0.13937129528652872","2.588275474469748","2373.367724563826","38.19176552636836","1.6091802855112636","151200.0","1671184800000.0","1671336000000.0"
"9e793259-f07c-491b-a9c8-d277e0466399","MomentumMAStrategy","BTC-USDT","Bybit Perpetual","long","16736.5","16658.3","0.14397573577593142","2.644422495599541","2409.649901813876","-13.903325033277483","-0.576985271711533","403200.0","1671336000000.0","1671739200000.0"
"a4668b3c-545e-4bca-b4d4-8efe41cce905","MomentumMAStrategy","BTC-USDT","Bybit Perpetual","short","16658.3","16791.6","0.14385872166020916","2.646632919514007","2396.4417430322624","-21.823000516819786","-0.9106418121897151","7200.0","1671739200000.0","1671746400000.0"
"6ca85c17-6695-444a-95ed-0d66375e53f7","MomentumMAStrategy","BTC-USDT","Bybit Perpetual","long","16791.6","16597.3","0.14148204414953214","2.5981614031473725","2375.709892541284","-30.088122581401365","-1.2664897627385077","460800.0","1671746400000.0","1672207200000.0"
"ea1d244a-5e5a-4e67-8350-c903d3a8b1c5","MomentumMAStrategy","BTC-USDT","Bybit Perpetual","short","16597.3","16570.5","0.14141614455899168","2.5797543197270483","2347.1261760889524","1.210198354453826","0.05156085628384902","86400.0","1672207200000.0","1672293600000.0"
"72f4ea7e-c34b-44c4-872d-ea3e88bc969c","MomentumMAStrategy","BTC-USDT","Bybit Perpetual","long","16570.5","16855.9","0.14171424305396235","2.605348335710432","2348.275864525683","37.83989663189063","1.6113906037838417","511200.0","1672293600000.0","1672804800000.0"
"0aca2496-e7a5-4f54-8b91-4c97c06c4d26","MomentumMAStrategy","BTC-USDT","Bybit Perpetual","long","16855.9","16991.0","0.1414474318384648","2.6331563943813343","2384.2237663259793","16.476391646995054","0.6910589467189443","388800.0","1672804800000.0","1673193600000.0"
"d7517784-976c-4d9a-8ad3-ccc7f54b9d7e","MomentumMAStrategy","BTC-USDT","Bybit Perpetual","long","16991.0","17195.0","0.14124397259670557","2.6557115459550373","2399.8763383906244","26.1580588637729","1.089975281031134","50400.0","1673193600000.0","1673244000000.0"
"903c62bc-7dd2-4663-aabd-2786b1c29625","MomentumMAStrategy","BTC-USDT","Bybit Perpetual","long","17195.0","17453.6","0.14101346288521135","2.6872554885684936","2424.726494311209","33.778826013546954","1.3930984006978686","144000.0","1673244000000.0","1673388000000.0"
"bb6ea230-a342-4d3a-8a13-608b66f53d53","MomentumMAStrategy","BTC-USDT","Bybit Perpetual","long","17453.6","17935.7","0.14076272969611303","2.739821958519059","2456.8163790240783","65.12189002797734","2.650661668652898","93600.0","1673388000000.0","1673481600000.0"
"1e2af78d-97d7-440b-a422-ecaa4a6a77d7","MomentumMAStrategy","BTC-USDT","Bybit Perpetual","long","17935.7","18840.0","0.14042842902984867","2.8403945776101533","2518.682174550657","124.1490337940819","4.929126630128733","64800.0","1673481600000.0","1673546400000.0"
"da0ce9b4-fad2-4bc6-a00f-ae18193685f8","MomentumMAStrategy","BTC-USDT","Bybit Perpetual","long","18840.0","19808.8","0.1399481824126876","2.9748561218373144","2636.6237566550344","132.60694299957433","5.029422292993627","100800.0","1673546400000.0","1673647200000.0"
"abf4140a-e750-434c-9cf4-f01cbdf9cc84","MomentumMAStrategy","BTC-USDT","Bybit Perpetual","long","19808.8","20934.3","0.1394632866455631","3.1251916487708633","2762.6003525046303","153.8407374708104","5.568693181818182","14400.0","1673647200000.0","1673661600000.0"
"d6cb4be3-0042-42c9-add9-6daebbc25470","MomentumMAStrategy","BTC-USDT","Bybit Perpetual","long","20934.3","20931.0","0.13894656392150204","3.1993717703985727","2908.7490531019","-3.657895431339428","-0.12575493329129359","144000.0","1673661600000.0","1673805600000.0"
"2ad59da8-37ca-454f-aaf4-a52a6c551bbb","MomentumMAStrategy","BTC-USDT","Bybit Perpetual","short","20931.0","21195.5","0.13880244863800711","3.215993743901954","2905.274052442127","-39.92924140865484","-1.3743709091777747","43200.0","1673805600000.0","1673848800000.0"
"8a3a2e6b-ddcb-4066-b3a7-b8965b93e06e","MomentumMAStrategy","BTC-USDT","Bybit Perpetual","long","21195.5","20834.8","0.13528066207939912","3.1272377462676735","2867.3412731039043","-51.92297255830704","-1.810840343469136","14400.0","1673848800000.0","1673863200000.0"
"dc38557e-c9d8-4cd3-bb3d-cfe6e69b4fb0","MomentumMAStrategy","BTC-USDT","Bybit Perpetual","short","20834.8","21314.4","0.13525517159624825","3.135493503254523","2818.014449173513","-68.00387380081548","-2.4131839998464213","36000.0","1673863200000.0","1673899200000.0"
"c70f4915-d0e6-4f3a-b638-3edc53efa4e8","MomentumMAStrategy","BTC-USDT","Bybit Perpetual","long","21314.4","20889.6","0.12918077774006015","2.9985700490578244","2753.4107690627384","-57.87456443303575","-2.101922643846427","165600.0","1673899200000.0","1674064800000.0"
"9b02952e-1d98-400d-bc3f-1d8bbceece56","MomentumMAStrategy","BTC-USDT","Bybit Perpetual","short","20889.6","20979.4","0.12917575888726227","2.974652916867931","2698.4299328513534","-14.574636064944459","-0.540115416283715","129600.0","1674064800000.0","1674194400000.0"
"863bb6a8-2bef-4df5-87b6-b6ebaf8ac188","MomentumMAStrategy","BTC-USDT","Bybit Perpetual","long","20979.4","22309.9","0.12796286016709993","3.046682453447402","2684.5840285896566","167.20790299887906","6.2284473578844","57600.0","1674194400000.0","1674252000000.0"
"1a45b3ae-af2c-4b6a-8f26-e6c38f14a43d","MomentumMAStrategy","BTC-USDT","Bybit Perpetual","long","22309.9","23271.9","0.12745155901364827","3.1952093099565726","2843.4315364385916","119.41319046117307","4.199615462193914","79200.0","1674252000000.0","1674331200000.0"
"a7d31e0b-a0bf-4b9f-b2fa-382f38e802bc","MomentumMAStrategy","BTC-USDT","Bybit Perpetual","long","23271.9","22924.4","0.12705769908674006","3.228277571376424","2956.874067376706","-47.380828004018596","-1.6023958722751475","79200.0","1674331200000.0","1674410400000.0"
"0abb674a-b917-4c00-9108-d19f601ca0a2","MomentumMAStrategy","BTC-USDT","Bybit Perpetual","short","22924.4","23087.7","0.12702021779295805","3.214456829711251","2911.8622807728875","-23.95685839530121","-0.8227332231159781","115200.0","1674410400000.0","1674525600000.0"
"0ebcb869-b566-411c-a348-e769afdbca70","MomentumMAStrategy","BTC-USDT","Bybit Perpetual","long","23087.7","22627.4","0.12513603630059952","3.146333527197046","2889.1032652973518","-60.74645103636291","-2.1026057381202943","79200.0","1674525600000.0","1674604800000.0"
"186bd858-0866-4a00-8745-7e720229bb5e","MomentumMAStrategy","BTC-USDT","Bybit Perpetual","short","22627.4","23593.3","0.12513121864698581","3.1810088847442057","2831.394136812807","-124.04525297586753","-4.381066251535739","79200.0","1674604800000.0","1674684000000.0"
"3efe3c02-925e-4bef-8eab-d46fbc399b1e","MomentumMAStrategy","BTC-USDT","Bybit Perpetual","short","23593.3","23129.4","0.11501363295875239","2.9555611077530455","2713.5511464857327","50.399263221811935","1.8573176071172655","21600.0","1674684000000.0","1674705600000.0"
"6cd67406-2161-47ee-8c11-23d4d4c17394","MomentumMAStrategy","BTC-USDT","Bybit Perpetual","long","23129.4","22640.0","0.11939049203811831","3.0054371524591987","2761.430446546454","-61.43514395591448","-2.2247579703753724","79200.0","1674705600000.0","1674784800000.0"
"55705851-19bd-4559-9a65-68f2b61a5406","MomentumMAStrategy","BTC-USDT","Bybit Perpetual","short","22640.0","23057.3","0.11939342136874273","3.000776346872616","2703.0670597883354","-52.823651084048876","-1.9542116386925763","100800.0","1674784800000.0","1674885600000.0"
"3f6d5a95-581d-47d9-8410-ff4668e2ee3b","MomentumMAStrategy","BTC-USDT","Bybit Perpetual","long","23057.3","23012.8","0.11505616838304958","2.9153570506631628","2652.884591258489","-8.035356543708868","-0.3028912968994635","43200.0","1674885600000.0","1674928800000.0"
"8172128c-416e-48df-86f5-bca7fc3b92ca","MomentumMAStrategy","BTC-USDT","Bybit Perpetual","short","23012.8","23430.0","0.11494694268154962","2.93615182826387","2645.251002541965","-50.89201631500645","-1.9239012201905055","64800.0","1674928800000.0","1674993600000.0"
"d0bfa88a-f6e6-4c1c-a6aa-bcddfae7a5f7","MomentumMAStrategy","BTC-USDT","Bybit Perpetual","long","23430.0","23178.6","0.11083668745380748","2.841268556972742","2596.903587042709","-30.705611782860103","-1.1823932138284314","100800.0","1674993600000.0","1675094400000.0"
"ee1f28d8-f45d-4e4a-af51-f6b64dc88879","MomentumMAStrategy","BTC-USDT","Bybit Perpetual","short","23178.6","23127.3","0.11078034289598995","2.8213809140590818","2567.7332558489925","2.8616506765051226","0.11144657140638035","129600.0","1675094400000.0","1675224000000.0"
"bb61e29b-59c6-47b6-9482-ac81562f8bbe","MomentumMAStrategy","BTC-USDT","Bybit Perpetual","long","23127.3","23958.6","0.1111436191856236","2.878313536236795","2570.4518239916724","89.51537709277203","3.4824763591080643","79200.0","1675224000000.0","1675303200000.0"
"dff5377e-4d80-4c62-a012-70840db91f82","MomentumMAStrategy","BTC-USDT","Bybit Perpetual","long","23958.6","23457.1","0.11083666959796505","2.8904690510609274","2655.4914322298055","-58.4750588544404","-2.2020428363927773","108000.0","1675303200000.0","1675411200000.0"
"5648e357-9848-49c7-b100-0accf67cf204","MomentumMAStrategy","BTC-USDT","Bybit Perpetual","short","23457.1","22848.599999999995","0.11083808852407534","2.822839401673101","2599.9401263180876","64.62213746522714","2.4855240630768662","208800.0","1675411200000.0","1675620000000.0"
"4cfc5dc6-be96-4b7a-8214-be82baf17713","MomentumMAStrategy","BTC-USDT","Bybit Perpetual","short","22848.6","22973.4","0.1164767713080912","2.935459238183645","2661.3311569100524","-17.471760297433768","-0.6565045560778469","158400.0","1675620000000.0","1675778400000.0"
"f1619035-c26c-46ec-9b72-8ce0f98a4ac5","MomentumMAStrategy","BTC-USDT","Bybit Perpetual","long","22973.4","22867.3","0.1151215311894404","2.9024883661376792","2644.73298462749","-15.116882825337555","-0.5715844629005814","108000.0","1675778400000.0","1675886400000.0"
"3718a4a0-e428-44e7-a22a-5f8e42fce461","MomentumMAStrategy","BTC-USDT","Bybit Perpetual","short","22867.3","22027.3","0.11502765721984755","2.8402663629021925","2630.3719459434196","93.78296570176974","3.5653879994577404","86400.0","1675886400000.0","1675972800000.0"
"ee77fb2d-7a77-4ea9-a3b3-3520977f9470","MomentumMAStrategy","BTC-USDT","Bybit Perpetual","short","22027.3","21815.6","0.12345887890754205","2.9770374051305115","2719.465763360101","23.15920725959623","0.8516087082847228","180000.0","1675972800000.0","1676152800000.0"
"1fd6f317-af9a-461e-a2e5-c595e2e3ed7b","MomentumMAStrategy","BTC-USDT","Bybit Perpetual","long","21815.6","21800.9","0.1256654417140357","3.014597706186131","2741.467010256717","-4.86187969938209","-0.17734591301636027","108000.0","1676152800000.0","1676260800000.0"
"f46a3c71-87f4-437f-b3a7-7924e0292de5","MomentumMAStrategy","BTC-USDT","Bybit Perpetual","short","21800.9","22033.3","0.12553831376421634","3.0265793542618766","2736.8482245423043","-32.20168347306548","-1.176597342311546","129600.0","1676260800000.0","1676390400000.0"
"3c827206-0e95-4151-a55c-0cf18e4b9ebb","MomentumMAStrategy","BTC-USDT","Bybit Perpetual","long","22033.3","22687.1","0.12282575126026932","3.021049199662862","2706.256625242892","77.28242697430113","2.8556946984791174","79200.0","1676390400000.0","1676469600000.0"
"381fe1e5-9424-4f10-a0fe-f5fd12731e54","MomentumMAStrategy","BTC-USDT","Bybit Perpetual","long","22687.1","24181.0","0.12252226731792422","3.158312232285762","2779.6749308684784","179.8777029139614","6.471177651617005","28800.0","1676469600000.0","1676498400000.0"
"facf4740-e714-4cc2-a1f3-9440f9e3a3d6","MomentumMAStrategy","BTC-USDT","Bybit Perpetual","long","24181.0","23636.0","0.12201971583626574","3.2090392136784955","2950.5587486367417","-69.70978434444332","-2.3625960464827758","122400.0","1676498400000.0","1676620800000.0"
"15a092e5-bf60-4ff7-973b-a9b892c9af40","MomentumMAStrategy","BTC-USDT","Bybit Perpetual","short","23636.0","24560.0","0.12203141197789474","3.2347842624276386","2884.3344535095202","-115.99180893000238","-4.021441022169571","93600.0","1676620800000.0","1676714400000.0"
"1fb2227d-de96-4727-baa6-7bdd6881af31","MomentumMAStrategy","BTC-USDT","Bybit Perpetual","long","24560.0","24353.4","0.11295367406457729","3.0387215325446624","2774.142235026018","-26.37495059428617","-0.9507425488599291","115200.0","1676714400000.0","1676829600000.0"
"d6cd0dc8-4016-442b-85c4-10521d8f854f","MomentumMAStrategy","BTC-USDT","Bybit Perpetual","short","24353.4","24812.600000000002","0.1128830484433979","3.052504377872456","2749.0860319614467","-54.88840022308085","-1.9966054021204458","86400.0","1676829600000.0","1676916000000.0"
"661b5550-7399-465d-8058-2c0b3ca385c4","MomentumMAStrategy","BTC-USDT","Bybit Perpetual","long","24812.6","24607.7","0.10869244060475404","2.9543871623305193","2696.94205174952","-25.225468242244386","-0.9353359381926836","93600.0","1676916000000.0","1677009600000.0"
"b086d26d-8461-4eab-92fa-4d30211a5f01","MomentumMAStrategy","BTC-USDT","Bybit Perpetual","short","24607.7","23770.0","0.10862363637883214","2.8902289315043252","2672.9778569193877","88.10379126304343","3.2960913250730486","237600.0","1677009600000.0","1677247200000.0"
"048c29e4-16d5-4c4e-b1cf-1b0bd92f3081","MomentumMAStrategy","BTC-USDT","Bybit Perpetual","short","23770.0","22974.0","0.1159729263197004","2.9815711573384416","2756.6764586192785","89.33287819314307","3.2406007572570465","79200.0","1677247200000.0","1677326400000.0"
"cd27db4c-efc6-4e72-b5cf-7707e75a9608","MomentumMAStrategy","BTC-USDT","Bybit Perpetual","short","22974.0","23244.2","0.12368515247248041","3.144077812701977","2841.542692902765","-36.56380601076628","-1.2867589884216974","86400.0","1677326400000.0","1677412800000.0"
"d875846f-d893-46d4-b3d7-76b672a0909a","MomentumMAStrategy","BTC-USDT","Bybit Perpetual","long","23244.2","23480.0","0.1207530083716599","3.103148242567512","2806.8070771925372","25.370411131469808","0.9038886690012962","129600.0","1677412800000.0","1677542400000.0"
"a95cba7a-ec16-467a-9462-d6012710dfa4","MomentumMAStrategy","BTC-USDT","Bybit Perpetual","short","23480.0","23749.300000000003","0.1205668214551718","3.13185761930401","2830.9089677674338","-35.600502637182124","-1.2575643739352764","122400.0","1677542400000.0","1677664800000.0"
"18f62e00-f7c9-4068-901a-7551ab5646b2","MomentumMAStrategy","BTC-USDT","Bybit Perpetual","long","23749.3","23405.6","0.11777561823978437","3.0545336252943645","2797.088490262111","-43.534013614308336","-1.5564045887668296","93600.0","1677664800000.0","1677758400000.0"
"de8bc724-5c1b-4289-9329-bf18efbdabde","MomentumMAStrategy","BTC-USDT","Bybit Perpetual","short","23405.6","22137.5","0.1177381129869996","2.9491872594680215","2755.731177328518","146.35451381934598","5.310914033393711","50400.0","1677758400000.0","1677808800000.0"
"ef36ae07-e37d-4a5d-83fb-0c3f22d36a5a","MomentumMAStrategy","BTC-USDT","Bybit Perpetual","short","22137.5","22582.7","0.1307630927366187","3.2162634128900747","2894.7679654568965","-61.43199229923282","-2.1221732806324143","172800.0","1677808800000.0","1677981600000.0"
"9f42c3f2-6fe0-4d3a-9ea7-e89b1cbc34fc","MomentumMAStrategy","BTC-USDT","Bybit Perpetual","long","22582.7","22380.9","0.12560090568322765","3.1061078855281066","2836.4075727726254","-28.452370652403356","-1.003112913867692","108000.0","1677981600000.0","1678089600000.0"
"a399b693-95e8-4ae8-8f93-c89eea0cdad4","MomentumMAStrategy","BTC-USDT","Bybit Perpetual","short","22380.9","21695.4","0.1255256857701362","3.04298928104064","2809.3778206528414","83.00486831438772","2.9545640925968124","230400.0","1678089600000.0","1678320000000.0"
"d7e10be6-7521-459c-a7af-b1c06c23a43a","MomentumMAStrategy","BTC-USDT","Bybit Perpetual","short","21695.4","20845.6","0.13312648974213476","3.114833700066085","2888.2324455515104","110.01605728280042","3.809113683084907","72000.0","1678320000000.0","1678392000000.0"
"d929f9ef-bbfd-43b3-98de-731ffde978b8","MomentumMAStrategy","BTC-USDT","Bybit Perpetual","short","20845.6","19978.3","0.14356735713868496","3.2235386871016787","2992.747699970171","121.29243015927968","4.05287856909851","36000.0","1678392000000.0","1678428000000.0"
"e3c6a875-ebaa-46b7-a954-cea2d3292327","MomentumMAStrategy","BTC-USDT","Bybit Perpetual","short","19978.3","20070.1","0.15556756624044524","3.4266276659031156","3107.975508621487","-17.707730246775874","-0.5697512801389472","115200.0","1678428000000.0","1678543200000.0"
"5cbcbb96-9d66-4d69-bce8-b51cafeab538","MomentumMAStrategy","BTC-USDT","Bybit Perpetual","long","20070.1","21262.8","0.154017825765046","3.5013018648102383","3091.1531648870496","180.19575892516022","5.8294024693449495","115200.0","1678543200000.0","1678658400000.0"
"fbc34177-d760-4056-9b81-d14fdc7b3723","MomentumMAStrategy","BTC-USDT","Bybit Perpetual","long","21262.8","22387.4","0.15342942302358825","3.683473750475328","3262.3391358659524","168.86325538185235","5.176140442462903","28800.0","1678658400000.0","1678687200000.0"
"da15e0f7-9660-403f-86bc-deae02a99b1f","MomentumMAStrategy","BTC-USDT","Bybit Perpetual","long","22387.4","24009.0","0.15288775063110102","3.9013926783594486","3422.759228478711","244.02138374503375","7.129376256287012","36000.0","1678687200000.0","1678723200000.0"
"763bd524-4de6-4ef8-b256-7e737dd54c12","MomentumMAStrategy","BTC-USDT","Bybit Perpetual","long","24009.0","25794.3","0.15221706622668554","4.169501717924119","3654.5795430364933","267.5836266165775","7.321871735599148","79200.0","1678723200000.0","1678802400000.0"
"406bcd2e-1b31-4ac1-912a-15400c3dcabe","MomentumMAStrategy","BTC-USDT","Bybit Perpetual","long","25794.3","24528.4","0.15153673440730092","4.194155693507055","3908.783988322242","-196.02450777970896","-5.01497418034216","72000.0","1678802400000.0","1678874400000.0"
"210ed37f-a7b0-43b1-a7e1-4e59f0c29dbc","MomentumMAStrategy","BTC-USDT","Bybit Perpetual","short","24528.4","24899.6","0.15176532941127502","4.125801186177275","3722.5607059315184","-60.46109146364212","-1.6241801340486826","129600.0","1678874400000.0","1679004000000.0"
"db512161-acf7-4295-acf8-cd1125e9951e","MomentumMAStrategy","BTC-USDT","Bybit Perpetual","long","24899.6","26914.1","0.1471960460827105","4.194724475103655","3665.122669041058","292.33171035851666","7.97604164323925","50400.0","1679004000000.0","1679054400000.0"
"39c9cd9f-917c-4548-9ef0-9f874f781814","MomentumMAStrategy","BTC-USDT","Bybit Perpetual","long","26914.1","27050.0","0.1464971072367885","4.348071499550228","3942.837793881649","15.560885373929542","0.39466207303978756","151200.0","1679054400000.0","1679205600000.0"
"b86318f6-c800-4a28-b413-1e25e2379356","MomentumMAStrategy","BTC-USDT","Bybit Perpetual","short","27050.0","27667.4","0.14630760203278678","4.4030643709078445","3957.6206349868826","-94.73337786595062","-2.393695268022187","72000.0","1679205600000.0","1679277600000.0"
"20dc05d4-abcf-4cd6-b57f-3a6b5107a31c","MomentumMAStrategy","BTC-USDT","Bybit Perpetual","long","27667.4","27264.3","0.1397899306047633","4.223394192050922","3867.6239260142283","-60.57271521883132","-1.5661480117394557","7200.0","1679277600000.0","1679284800000.0"
"d0d7af55-4309-4366-b6bc-7036cd061212","MomentumMAStrategy","BTC-USDT","Bybit Perpetual","short","27264.3","27510.1","0.1397461092548255","4.209980107722133","3810.079846556339","-38.55957376255814","-1.0120410940313862","7200.0","1679284800000.0","1679292000000.0"
"67be2ed8-6e76-412f-9e36-e3bdf3b4cab7","MomentumMAStrategy","BTC-USDT","Bybit Perpetual","long","27510.1","27863.3","0.13716592275134984","4.177438928783777","3773.448251481909","44.26956498699308","1.1731859571575556","72000.0","1679292000000.0","1679364000000.0"
"fcd55661-a7ea-4ec6-b701-61bdae7ae178","MomentumMAStrategy","BTC-USDT","Bybit Perpetual","short","27863.3","28184.0","0.1369365559075756","4.221208326455265","3815.5043382195513","-48.13676180601486","-1.2616094109455833","100800.0","1679364000000.0","1679464800000.0"
"b387426e-7620-4522-a827-a35154f1975a","MomentumMAStrategy","BTC-USDT","Bybit Perpetual","long","28184.0","26654.1","0.133755833611405","4.034203678541074","3769.7744145038387","-208.66725352062977","-5.535271625745109","50400.0","1679464800000.0","1679515200000.0"
"ad2fe938-ccd5-49b5-b1e0-5c40130cc599","MomentumMAStrategy","BTC-USDT","Bybit Perpetual","short","26654.1","28574.5","0.13399591521226528","4.070223741590663","3571.54052365924","-261.39597931522513","-7.318857999332192","72000.0","1679515200000.0","1679587200000.0"
"644fe372-548f-4f4a-b09a-78b5ae3de8e2","MomentumMAStrategy","BTC-USDT","Bybit Perpetual","short","28574.5","28284.1","0.11629999976586733","3.636960341678149","3323.214343309776","30.136559590329895","0.9068497086563246","28800.0","1679587200000.0","1679616000000.0"
"2778e4e3-362a-40f9-9c5e-fcbdd77837ec","MomentumMAStrategy","BTC-USDT","Bybit Perpetual","long","28284.1","27811.3","0.11850630124064722","3.6562121038380315","3351.8440749205897","-59.68599133041595","-1.7806911657079396","72000.0","1679616000000.0","1679688000000.0"
"6ca15b33-676d-4ed2-933a-6008f126e953","MomentumMAStrategy","BTC-USDT","Bybit Perpetual","short","27811.3","28139.5","0.11848214154522423","3.6460438328426923","3295.1423831566945","-42.53188268798537","-1.2907449130389472","151200.0","1679688000000.0","1679839200000.0"
"31c296a5-eb1b-406f-acf3-ca065a5fa9b3","MomentumMAStrategy","BTC-USDT","Bybit Perpetual","long","28139.5","26887.3","0.11566435418550822","3.5005516066923184","3254.7370946031083","-148.3354559177858","-4.557524973791293","93600.0","1679839200000.0","1679932800000.0"
"f59e1f2d-75e2-4e81-9a1d-524266bbd253","MomentumMAStrategy","BTC-USDT","Bybit Perpetual","short","26887.3","27532.6","0.1158100073819689","3.466302961399305","3113.818411481212","-78.19850072498375","-2.5113378621133373","136800.0","1679932800000.0","1680069600000.0"
"a99b4ede-d72b-49f1-a7eb-8ef1d2545370","MomentumMAStrategy","BTC-USDT","Bybit Perpetual","long","27532.6","28706.6","0.11039748646304663","3.4147664763809145","3039.5298357924776","126.19188263123581","4.151690868279784","93600.0","1680069600000.0","1680163200000.0"
"65be5b6f-c959-447a-ad98-d95b07f4a534","MomentumMAStrategy","BTC-USDT","Bybit Perpetual","long","28706.6","27971.3","0.11005873646799524","3.430843932812663","3159.412124292152","-84.3570328577295","-2.6700230783164827","43200.0","1680163200000.0","1680206400000.0"
"d01388a9-0ab8-4773-b409-f47469dab527","MomentumMAStrategy","BTC-USDT","Bybit Perpetual","short","27971.3","28532.0","0.1100868727258765","3.42114937763061","3079.2729430773093","-65.14685891502964","-2.1156571736029455","115200.0","1680206400000.0","1680321600000.0"
"8253b907-1fa4-4b40-9b9f-e066edc012b6","MomentumMAStrategy","BTC-USDT","Bybit Perpetual","long","28532.0","28373.7","0.10575436096691546","3.309914266381251","3017.383427108032","-20.05082960744389","-0.6645104969858379","79200.0","1680321600000.0","1680400800000.0"
"7c44086b-ab65-426c-a804-600761f0c2e3","MomentumMAStrategy","BTC-USDT","Bybit Perpetual","short","28373.7","28011.7","0.10567304013861287","3.2771291505874585","2998.33513898096","34.9765113795904","1.1665310833624094","223200.0","1680400800000.0","1680624000000.0"
"dabe1673-ff23-4153-a47b-d245bb32216b","MomentumMAStrategy","BTC-USDT","Bybit Perpetual","long","28011.7","28229.1","0.10822487834696114","3.347659555974675","3031.5628247915715","20.180428996654438","0.6656774133665496","100800.0","1680624000000.0","1680724800000.0"
"d0ecd275-2a97-4020-bfb8-431f75788b21","MomentumMAStrategy","BTC-USDT","Bybit Perpetual","short","28229.1","28297.1","0.1080705453712089","3.359849493969116","3050.734232338393","-10.708646579211322","-0.351018665136331","396000.0","1680724800000.0","1681120800000.0"
"bad7a344-a22b-4b88-a495-3bd64c4371c5","MomentumMAStrategy","BTC-USDT","Bybit Perpetual","long","28297.1","29154.0","0.10745132957398966","3.395258394268531","3040.5610180881426","88.67978591768338","2.916559983178494","28800.0","1681120800000.0","1681149600000.0"
"787af0ef-5f94-427c-bdd3-70d24b6a2ed8","MomentumMAStrategy","BTC-USDT","Bybit Perpetual","long","29153.999999999996","30191.9","0.10718278159806346","3.498472251142283","3124.806814709942","107.74653676948833","3.448102335871596","28800.0","1681149600000.0","1681178400000.0"
"27eed08a-9c8c-41c3-b54b-2e8282345de4","MomentumMAStrategy","BTC-USDT","Bybit Perpetual","long","30191.899999999998","30039.6","0.10688847090249226","3.5409291143399044","3227.166024640956","-19.820043232789395","-0.6141624906017815","129600.0","1681178400000.0","1681308000000.0"
"fcf9a35e-e8a0-4745-87df-7cab613a7e95","MomentumMAStrategy","BTC-USDT","Bybit Perpetual","short","30039.6","30776.4","0.10680358538628362","3.572451766868724","3208.3369835698054","-82.2653334794828","-2.564111372987666","129600.0","1681308000000.0","1681437600000.0"
"ee3bee7a-a421-4762-bf8c-8b4b581f283e","MomentumMAStrategy","BTC-USDT","Bybit Perpetual","long","30776.4","30311.199999999997","0.1017073119911457","3.4171805755946716","3130.1849167642968","-50.73142211387609","-1.6207164580652849","64800.0","1681437600000.0","1681502400000.0"
"16ee95c5-522b-46ba-80a0-23a3767201dc","MomentumMAStrategy","BTC-USDT","Bybit Perpetual","short","30311.2","29558.1","0.10167825971113366","3.3480734287680765","3081.9900657561147","73.2258239596869","2.3759266706695947","230400.0","1681502400000.0","1681732800000.0"
"8ba9058b-706b-40db-ba84-7d916db4302b","MomentumMAStrategy","BTC-USDT","Bybit Perpetual","short","29558.1","30369.7","0.10662236742273073","3.5143041507397577","3151.5545985178173","-90.04901755102826","-2.857288831149506","86400.0","1681732800000.0","1681819200000.0"
"1b3648ff-187d-42c0-b62b-a94113a5ddc8","MomentumMAStrategy","BTC-USDT","Bybit Perpetual","short","30369.7","30013.5","0.10095615142211943","3.3528305154036673","3066.0080318443406","32.60775062115535","1.0635246314583309","21600.0","1681819200000.0","1681840800000.0"
"9f3f0e47-5d90-4436-a0c5-cc9f3754ed9a","MomentumMAStrategy","BTC-USDT","Bybit Perpetual","long","30013.5","29317.7","0.10318641261213915","3.367195526185343","3096.9853949344383","-75.16430142171168","-2.427015043230544","72000.0","1681840800000.0","1681912800000.0"
"3b1df29b-ce06-43d1-81cf-a030c2c8eb6d","MomentumMAStrategy","BTC-USDT","Bybit Perpetual","short","29317.7","28091.199999999997","0.1031997499320824","3.258521268131759","3025.5793085838122","123.31597202356768","4.075780518253491","108000.0","1681912800000.0","1682020800000.0"
"1ccefc36-60a7-434b-8a25-e65e453ceef6","MomentumMAStrategy","BTC-USDT","Bybit Perpetual","short","28091.2","27229.3","0.1118759427153771","3.4039681989423105","3142.729482006201","93.02190682744137","2.9599081740901116","136800.0","1682020800000.0","1682157600000.0"
"5dbabcf1-6c0f-4c0e-b59c-e4fe13c0590d","MomentumMAStrategy","BTC-USDT","Bybit Perpetual","short","27229.3","27704.6","0.11866262788585351","3.585230513710279","3231.100293492271","-59.985577547856366","-1.856506208385817","79200.0","1682157600000.0","1682236800000.0"
"d8979aff-38fe-4273-8a87-dd9b09d128a0","MomentumMAStrategy","BTC-USDT","Bybit Perpetual","long","27704.6","27643.3","0.1145699268288229","3.487662669220954","3174.113994821807","-10.510799183827714","-0.3311412003782739","79200.0","1682236800000.0","1682316000000.0"
"6f82a8e7-332d-421b-904c-86e14ffce5ff","MomentumMAStrategy","BTC-USDT","Bybit Perpetual","short","27643.3","28249.299999999996","0.11446277165161794","3.5186920509483715","3164.1287355971704","-72.88313167182844","-2.3034186584090772","144000.0","1682316000000.0","1682460000000.0"
"25847c50-c3fe-44a8-a2f0-dd92d9b7d9ef","MomentumMAStrategy","BTC-USDT","Bybit Perpetual","long","28249.3","29837.4","0.10955633451125986","3.5000712647203596","3094.8897605089333","170.48634357261167","5.50864026719247","57600.0","1682460000000.0","1682517600000.0"
"60a571a4-9eab-4792-ac4c-e50b1a8e16c8","MomentumMAStrategy","BTC-USDT","Bybit Perpetual","long","29837.4","27871.9","0.10915333731836267","3.4645394791186233","3256.8517869029147","-218.00542397836045","-6.693747159605058","21600.0","1682517600000.0","1682539200000.0"
"a063ef84-0b5c-438a-a5d6-750b0a30c92e","MomentumMAStrategy","BTC-USDT","Bybit Perpetual","long","27871.9","28920.1","0.1094201196948709","3.4178030907411094","3049.746634123472","111.27636637342225","3.6487085559290797","64800.0","1682539200000.0","1682604000000.0"
"53c303dc-4a43-4119-88ae-bb6bbdbdcfd1","MomentumMAStrategy","BTC-USDT","Bybit Perpetual","short","28920.1","29659.9","0.10910955294685093","3.51540068639459","3155.4591821782233","-84.23464795647521","-2.669489386274608","21600.0","1682604000000.0","1682625600000.0"
"67f4f668-1fea-4b78-8d2f-e6885f1c5daf","MomentumMAStrategy","BTC-USDT","Bybit Perpetual","long","29659.9","29310.1","0.10369004165960005","3.3630309661666384","3075.4362666195716","-39.63380753869504","-1.288721472425743","93600.0","1682625600000.0","1682719200000.0"
"ad1e5518-fc0d-4cd3-94cf-f94576304a81","MomentumMAStrategy","BTC-USDT","Bybit Perpetual","short","29310.1","28445.4","0.10364291317524717","3.2922715495411436","3037.784149457812","86.32775547309478","2.8418001815073883","230400.0","1682719200000.0","1682949600000.0"
"44db02f1-ffe2-46b2-9944-29863682af8e","MomentumMAStrategy","BTC-USDT","Bybit Perpetual","short","28445.4","28656.5","0.1096766267008814","3.444509073616083","3119.7955171572517","-26.597244970171985","-0.8525316747171724","122400.0","1682949600000.0","1683072000000.0"
"ade7f7bd-b44a-48a2-bbd8-c6fcb5d8bdf8","MomentumMAStrategy","BTC-USDT","Bybit Perpetual","long","28656.5","29137.5","0.10798695355104736","3.432548896441077","3094.5281344355885","48.5091757616127","1.567579083279535","216000.0","1683072000000.0","1683288000000.0"
"26c8e8b3-d5d8-4cf7-a96b-7d216a377cd8","MomentumMAStrategy","BTC-USDT","Bybit Perpetual","short","29137.5","29548.7","0.10778590652626754","3.4790498971700137","3140.6118514091204","-47.80061466077131","-1.5220159931359958","28800.0","1683288000000.0","1683316800000.0"
"f0a8fffe-fe71-4e2f-8b11-33f97bf89935","MomentumMAStrategy","BTC-USDT","Bybit Perpetual","long","29548.7","28937.3","0.1047491519925204","3.3694973968890016","3095.2012674813877","-67.41312892511613","-2.177988540951045","64800.0","1683316800000.0","1683381600000.0"
"503548ab-3251-4302-98e9-3b86d723e10b","MomentumMAStrategy","BTC-USDT","Bybit Perpetual","short","28937.3","27957.799999999996","0.10474919204633906","3.277843666017616","3031.1587950025273","99.32398994337187","3.276766301624559","151200.0","1683381600000.0","1683532800000.0"
"018ba575-5c15-4176-af5c-e070677577b3","MomentumMAStrategy","BTC-USDT","Bybit Perpetual","short","27957.8","28153.7","0.1117940819895961","3.450113497357572","3125.51658544873","-25.35057415911961","-0.8110842949016069","194400.0","1683532800000.0","1683727200000.0"
"0d6cb877-eb10-4bbd-b732-ca3a0fb93029","MomentumMAStrategy","BTC-USDT","Bybit Perpetual","long","28153.7","27435.1","0.11016077957773104","3.3680380490848165","3101.4335399975666","-82.52957425364258","-2.661013792148109","50400.0","1683727200000.0","1683777600000.0"
"c3634f05-6855-4c5e-9aa0-98e6797f0d35","MomentumMAStrategy","BTC-USDT","Bybit Perpetual","short","27435.1","26261.3","0.1101884244801953","3.2541969439420972","3023.030444456606","126.08497571091105","4.170813957302869","93600.0","1683777600000.0","1683871200000.0"
"0e572294-a087-48fd-bd88-8626c626c7ec","MomentumMAStrategy","BTC-USDT","Bybit Perpetual","short","26261.3","26828.0","0.11967462278645655","3.4943930733233652","3142.8111713819712","-71.31400180640838","-2.269115066657023","100800.0","1683871200000.0","1683972000000.0"
"e0c27d6b-1e52-4b93-9dea-6f60420741a7","MomentumMAStrategy","BTC-USDT","Bybit Perpetual","long","26828.0","26895.9","0.1146213981536411","3.3868496927465195","3075.062869665883","4.395943241885878","0.14295458103474526","129600.0","1683972000000.0","1684101600000.0"
"41c3d128-7277-49cc-bb78-777c680039e4","MomentumMAStrategy","BTC-USDT","Bybit Perpetual","short","26895.9","27322.4","0.11448730162387853","3.414018776098664","3079.239015745675","-52.24285291868286","-1.6966157109447908","28800.0","1684101600000.0","1684130400000.0"
"722c2812-ee06-4029-94c1-53ba7e02db97","MomentumMAStrategy","BTC-USDT","Bybit Perpetual","long","27322.4","27050.1","0.11088368172169816","3.315962641427168","3029.608305472926","-33.509589174245896","-1.1060700194712134","86400.0","1684130400000.0","1684216800000.0"
"c2335d64-d6bc-4cf1-82c5-1a681de51111","MomentumMAStrategy","BTC-USDT","Bybit Perpetual","short","27050.1","27312.5","0.11082303561751686","3.3135455958334523","2997.7741957573926","-32.39351014187004","-1.0805853952480822","158400.0","1684216800000.0","1684375200000.0"
"064481ae-e07d-4c13-b2a3-2aff08df7971","MomentumMAStrategy","BTC-USDT","Bybit Perpetual","long","27312.5","26475.2","0.1086315921692491","3.2136739195670563","2967.000361122616","-94.17090604287925","-3.173943194508007","57600.0","1684375200000.0","1684432800000.0"
"22807b1b-588e-443f-84ae-c09667d8a47a","MomentumMAStrategy","BTC-USDT","Bybit Perpetual","long","26475.2","26901.4","0.10868805525102287","3.1907693674514617","2877.538000381881","43.13207978053457","1.498923029854357","14400.0","1684432800000.0","1684447200000.0"
"961de39d-0b35-4f09-a32f-73c24d69aa55","MomentumMAStrategy","BTC-USDT","Bybit Perpetual","short","26901.4","27054.3","0.10848927848265846","3.2194882296647265","2918.5134761733884","-19.807498909662968","-0.6786845108432937","165600.0","1684447200000.0","1684612800000.0"
"20cd98e7-4d3c-4d66-a230-86e0e402f641","MomentumMAStrategy","BTC-USDT","Bybit Perpetual","long","27054.3","26880.2","0.10718060907911899","3.179402908207759","2899.6963522092087","-21.83954694888222","-0.7531666869961469","64800.0","1684612800000.0","1684677600000.0"
"a120d964-2660-4da4-b8a1-1bebab050ff4","MomentumMAStrategy","BTC-USDT","Bybit Perpetual","short","26880.2","27354.6","0.10710295245599998","3.1947889632233673","2878.9487826077707","-54.00442960834952","-1.8758384982254512","136800.0","1684677600000.0","1684814400000.0"
"def4598d-6255-4c35-ad3a-903548d6290f","MomentumMAStrategy","BTC-USDT","Bybit Perpetual","long","27354.6","26770.0","0.10336998437117847","3.0771724808529575","2827.6445744798384","-63.50726534424374","-2.2459422912416875","86400.0","1684814400000.0","1684900800000.0"
"28cdc9b0-abcd-4e41-bd58-c7dc11955f35","MomentumMAStrategy","BTC-USDT","Bybit Perpetual","long","26770.0","26762.3","0.10337365231239473","3.0436061522255446","2767.312672402807","-3.8395832750310595","-0.13874772132984955","7200.0","1684900800000.0","1684908000000.0"
"fa6e30fe-2f58-4d7c-92e4-1266ebfcfb80","MomentumMAStrategy","BTC-USDT","Bybit Perpetual","short","26762.3","26118.9","0.10326709842919062","3.003488446999543","2763.665068291528","63.43856268234147","2.2954504657671344","93600.0","1684908000000.0","1685001600000.0"
"5ec78666-8869-41f1-9c35-bff43dd41981","MomentumMAStrategy","BTC-USDT","Bybit Perpetual","short","26118.9","26425.699999999997","0.10811832438731157","3.1245687591808426","2823.9317028397522","-36.295270681207555","-1.2852743798551838","72000.0","1685001600000.0","1685073600000.0"
"2db8179f-1f15-490d-b78c-a5989be7b91d","MomentumMAStrategy","BTC-USDT","Bybit Perpetual","long","26425.7","26759.4","0.10555827076265169","3.0877699524862887","2789.451195692605","32.137025001010656","1.1520913164078934","151200.0","1685073600000.0","1685224800000.0"
"da6ddde5-cfae-4796-88de-a0f917366e47","MomentumMAStrategy","BTC-USDT","Bybit Perpetual","short","26759.4","27080.1","0.10538283255392741","3.1205674573079465","2819.981369443565","-36.91684185735216","-1.3091165160653717","14400.0","1685224800000.0","1685239200000.0"
"f0bacc85-5e50-454e-952c-9005394502bb","MomentumMAStrategy","BTC-USDT","Bybit Perpetual","long","27080.1","27828.5","0.10283973728601745","3.10573229930866","2784.9103696790808","73.85952708554694","2.6521330054172676","72000.0","1685239200000.0","1685311200000.0"
"c60ef406-6761-403e-8835-d55e4d21cf08","MomentumMAStrategy","BTC-USDT","Bybit Perpetual","long","27828.5","27756.300000000003","0.10259542987981206","3.136510547930858","2855.07692041035","-10.54390058525299","-0.369303555707268","100800.0","1685311200000.0","1685412000000.0"
"bc955630-f36d-4e57-8796-475a72c0e5e1","MomentumMAStrategy","BTC-USDT","Bybit Perpetual","short","27756.3","26900.100000000002","0.10250142183411909","3.0812972917838906","2845.0602148543594","84.68042008258857","2.9764016817803425","136800.0","1685412000000.0","1685548800000.0"
"245f5195-c98a-43ba-8005-77a159db56a9","MomentumMAStrategy","BTC-USDT","Bybit Perpetual","short","26900.1","27074.6","0.10875448841947871","3.2284949873521605","2925.506613932819","-22.206153216551197","-0.7590532563075975","151200.0","1685548800000.0","1685700000000.0"
"167fd25f-670b-4474-abe2-a479d96805c6","MomentumMAStrategy","BTC-USDT","Bybit Perpetual","long","27074.6","27054.9","0.10727437407670273","3.1936895273716845","2904.410768377096","-5.306994696682416","-0.18272190540210045","136800.0","1685700000000.0","1685836800000.0"
"6382644c-5192-4aa1-9264-24fe230b924d","MomentumMAStrategy","BTC-USDT","Bybit Perpetual","short","27054.9","25991.9","0.10716613712914287","3.126651353684219","2899.3691234152475","110.79095241459464","3.8212089492106784","144000.0","1685836800000.0","1685980800000.0"
"3be754be-c20c-4fd7-8f35-c8b61ce3122f","MomentumMAStrategy","BTC-USDT","Bybit Perpetual","short","25991.9","27073.2","0.11559834133745944","3.373830648598531","3004.6205282091123","-128.37031713679335","-4.2724302763553235","100800.0","1685980800000.0","1686081600000.0"
"ec4d3ff3-a948-475b-b066-fbee23c2848f","MomentumMAStrategy","BTC-USDT","Bybit Perpetual","short","27073.2","27221.5","0.10647683786656761","3.179620382902661","2882.6687269291583","-18.97013543851456","-0.6580754583868892","14400.0","1686081600000.0","1686096000000.0"
"0f337b7a-050a-4f9d-bbf8-b755a2865951","MomentumMAStrategy","BTC-USDT","Bybit Perpetual","long","27221.5","26141.899999999998","0.10523472616360485","3.0886255323874012","2864.6470982625697","-116.70003589861543","-4.0738014804474485","79200.0","1686096000000.0","1686175200000.0"
"4a7d8081-5121-4945-b154-a0f60a739b23","MomentumMAStrategy","BTC-USDT","Bybit Perpetual","long","26141.9","26332.0","0.1053397826538578","3.040174071550148","2753.782064158885","16.984918610948064","0.6167851418603795","21600.0","1686175200000.0","1686196800000.0"
"77cffd00-b46c-4f54-a52a-1dff166522d9","MomentumMAStrategy","BTC-USDT","Bybit Perpetual","short","26332.0","26599.8","0.10519207568127319","3.062403251350309","2769.9177368392857","-31.232841118795193","-1.127572877107699","115200.0","1686196800000.0","1686312000000.0"
"7dbb87b3-a1b7-4678-9bf9-264117cb28c6","MomentumMAStrategy","BTC-USDT","Bybit Perpetual","long","26599.8","26383.399999999998","0.10301756170258537","3.002010041360232","2740.24653777643","-25.295010393799856","-0.9230925044549263","50400.0","1686312000000.0","1686362400000.0"
"bb2af125-0278-4144-b021-2efb4a0f094e","MomentumMAStrategy","BTC-USDT","Bybit Perpetual","short","26383.4","25504.6","0.10295171501407402","2.9380772237576505","2716.2162779023206","87.5358899306109","3.222714282465501","14400.0","1686362400000.0","1686376800000.0"
"3b12cad2-8b41-4c86-9d4c-0e345aba8f80","MomentumMAStrategy","BTC-USDT","Bybit Perpetual","short","25504.6","26021.0","0.10975962662956489","3.11048683982537","2799.3753733364006","-59.790358031332836","-2.135846396336353","136800.0","1686376800000.0","1686513600000.0"
"246762b2-dbc4-436b-932b-58273091c81f","MomentumMAStrategy","BTC-USDT","Bybit Perpetual","long","26021.0","25918.6","0.10539850632975806","3.010895942650806","2742.5745332066344","-13.803702990818184","-0.5033118634948751","93600.0","1686513600000.0","1686607200000.0"
"e6d87cb8-fbf9-443a-bd08-60dd947501a4","MomentumMAStrategy","BTC-USDT","Bybit Perpetual","short","25918.6","26138.1","0.10530896789816414","3.015120542051399","2729.461015365357","-26.130438995698427","-0.9573479470341761","43200.0","1686607200000.0","1686650400000.0"
"03d5a23e-be9a-4cfb-877d-e0bedc3db6ec","MomentumMAStrategy","BTC-USDT","Bybit Perpetual","long","26138.1","25812.1","0.10347489290803247","2.9565477598529775","2704.6370983194433","-36.689362847871564","-1.3565355171186888","28800.0","1686650400000.0","1686679200000.0"
"33fdb34b-d70f-4d60-b389-65124d7ee8fa","MomentumMAStrategy","BTC-USDT","Bybit Perpetual","short","25812.1","25053.7","0.10343142183758647","2.8936171092984684","2669.7822036139655","75.54877321232688","2.8297728972071154","115200.0","1686679200000.0","1686794400000.0"
"88929ef1-b119-41e2-9fb9-297829d547ae","MomentumMAStrategy","BTC-USDT","Bybit Perpetual","short","25053.7","25526.1","0.10942709213272596","3.0441402390601686","2741.5535381656764","-54.73749856255967","-1.9965868913573555","108000.0","1686794400000.0","1686902400000.0"
"8f329e87-85f2-41b8-890d-0e65c458507d","MomentumMAStrategy","BTC-USDT","Bybit Perpetual","long","25526.1","26371.2","0.10536481932340798","3.0074823008299854","2689.5529145312444","86.03632650938232","3.1989081175737857","43200.0","1686902400000.0","1686945600000.0"
"72d210ec-d187-49e9-9bea-7ae0a6798019","MomentumMAStrategy","BTC-USDT","Bybit Perpetual","long","26371.2","26477.0","0.10508764958421145","3.0545312175159784","2771.287424715157","8.063742108493518","0.2909745859119012","151200.0","1686945600000.0","1687096800000.0"
"d9bd242c-29b5-47ab-8920-29e844e3f66a","MomentumMAStrategy","BTC-USDT","Bybit Perpetual","short","26477.0","26828.5","0.1049570563023842","3.0771336005997076","2778.947979718226","-39.969538890887755","-1.4382974846092837","122400.0","1687096800000.0","1687219200000.0"
"c3f46065-e51e-4cdf-9832-39b6f6c038f9","MomentumMAStrategy","BTC-USDT","Bybit Perpetual","long","26828.5","27784.0","0.10216661079717028","3.068765717688254","2740.9769177718827","94.55143089900795","3.449552248541663","64800.0","1687219200000.0","1687284000000.0"
"cd5ef3fc-9aa8-470e-8706-9a5822c05c17","MomentumMAStrategy","BTC-USDT","Bybit Perpetual","long","27784.0","28969.599999999995","0.10188600551129934","3.180318681312343","2830.800777125941","117.61572945288363","4.154857183990767","43200.0","1687284000000.0","1687327200000.0"
"f183acc2-5b7e-4ea9-9f9d-b1e36d50a958","MomentumMAStrategy","BTC-USDT","Bybit Perpetual","long","28969.6","30283.7","0.10157322572994383","3.3102018488792444","2942.5357201061806","130.16717408284018","4.423639556638691","79200.0","1687327200000.0","1687406400000.0"
"3d0fc859-e005-49b8-ba35-573687055be7","MomentumMAStrategy","BTC-USDT","Bybit Perpetual","long","30283.7","29923.9","0.10124900641219135","3.352777823154459","3066.1945354848795","-39.78217033026084","-1.2974444338043214","79200.0","1687406400000.0","1687485600000.0"
"d73d6bd1-2f44-408d-8372-b5d312674ff6","MomentumMAStrategy","BTC-USDT","Bybit Perpetual","short","29923.899999999998","31232.9","0.10120343516958455","3.404103034188587","3028.401473671131","-135.87939967117512","-4.486835739993796","50400.0","1687485600000.0","1687536000000.0"
"70ed2cb1-49fd-47cf-8672-0b167f2615a4","MomentumMAStrategy","BTC-USDT","Bybit Perpetual","short","31232.9","30649.600000000002","0.09282890938668888","3.159466741816976","2899.316043983515","50.987636103438575","1.758609110905485","21600.0","1687536000000.0","1687557600000.0"
"0dcfc126-d6a7-48d6-81f1-00b054992caa","MomentumMAStrategy","BTC-USDT","Bybit Perpetual","long","30649.6","30572.3","0.09617594677521998","3.238440807732812","2947.754298281782","-10.672841493457247","-0.3620668622102712","72000.0","1687557600000.0","1687629600000.0"
"07d3a41c-dbe3-44b0-8203-87ed63ba18f9","MomentumMAStrategy","BTC-USDT","Bybit Perpetual","short","30572.3","30487.4","0.09608747457217802","3.2268898041241503","2937.615098862998","4.930936787053554","0.16785510085926741","252000.0","1687629600000.0","1687881600000.0"
"dbf7425c-0e5c-4d0e-9006-33bcb3aa3e31","MomentumMAStrategy","BTC-USDT","Bybit Perpetual","long","30487.400000000005","30290.699999999997","0.09650870486859156","3.22608864345556","2942.2994888106987","-22.209350891108294","-0.7548297165386618","64800.0","1687881600000.0","1687946400000.0"
"b70fe96d-e357-42a0-9727-47bf7cc3967f","MomentumMAStrategy","BTC-USDT","Bybit Perpetual","short","30290.7","30571.5","0.09643886095283855","3.228214683696118","2921.2006054641465","-30.30824683925311","-1.0375270627618354","122400.0","1687946400000.0","1688068800000.0"
"d6562358-0bdd-4d19-8146-d88097576419","MomentumMAStrategy","BTC-USDT","Bybit Perpetual","long","30571.499999999996","30052.0","0.0946112480894577","3.1546157492031814","2892.407770966856","-52.30515913167611","-1.8083604828025983","72000.0","1688068800000.0","1688140800000.0"
"aa407e07-a516-4b20-82ab-b4a92e5a5c8f","MomentumMAStrategy","BTC-USDT","Bybit Perpetual","short","30052.0","30505.2","0.09459330060534285","3.150567982879828","2842.7178697917634","-46.02025181722128","-1.6188821376281137","129600.0","1688140800000.0","1688270400000.0"
"1dee0cff-2922-477e-88bc-0069f62149dd","MomentumMAStrategy","BTC-USDT","Bybit Perpetual","long","30505.2","30504.7","0.09175480346188201","3.0788732610509917","2798.9986305654033","-3.1247506627819326","-0.1116381633295307","14400.0","1688270400000.0","1688284800000.0"
"2ecf6f33-d2a2-46fd-ad0e-8d50e40864a7","MomentumMAStrategy","BTC-USDT","Bybit Perpetual","short","30504.7","31068.0","0.09165899410372043","3.1040304604375812","2796.0301174357605","-54.73554183906323","-1.9576163181411366","115200.0","1688284800000.0","1688400000000.0"
"1f50a5f2-87fc-4c31-adb8-12628574cfbd","MomentumMAStrategy","BTC-USDT","Bybit Perpetual","long","31068.0","30890.600000000002","0.08832339876041748","3.0098167739404618","2744.0313526886503","-18.67838771403833","-0.680691483198139","93600.0","1688400000000.0","1688493600000.0"
"86083fa0-e3a3-4e19-a655-76013d474576","MomentumMAStrategy","BTC-USDT","Bybit Perpetual","short","30890.6","29874.400000000005","0.0882561971719654","2.9495883016349627","2726.286884360314","86.7363592645157","3.1814832020096517","194400.0","1688493600000.0","1688688000000.0"
"9ffb6f8a-e3e2-4866-b4fa-29380ac3bb50","MomentumMAStrategy","BTC-USDT","Bybit Perpetual","short","29874.4","30336.8","0.0940164965877676","3.113465343639966","2808.6864256616045","-46.5866933658235","-1.658664810004545","230400.0","1688688000000.0","1688918400000.0"
"6a1b17c3-3a8c-4df3-aafb-4e7fe5f4c071","MomentumMAStrategy","BTC-USDT","Bybit Perpetual","short","30336.8","30435.5","0.09112460994449223","3.0458186731113157","2764.429066964072","-12.039817674632765","-0.4355263739089183","151200.0","1688918400000.0","1689069600000.0"
"2821600f-9664-415e-891e-e242c8abea73","MomentumMAStrategy","BTC-USDT","Bybit Perpetual","long","30435.5","30391.3","0.09045329434946595","3.0260914446048526","2752.991240173171","-7.024127054851313","-0.2551452744328193","7200.0","1689069600000.0","1689076800000.0"
"a22747c2-212a-4bd1-981b-953dd946a118","MomentumMAStrategy","BTC-USDT","Bybit Perpetual","short","30391.3","31600.6","0.09036527951983174","3.0810534543060015","2746.3183194710623","-112.35978597763845","-4.091287786307262","201600.0","1689076800000.0","1689278400000.0"
"e6d42c2d-a561-467a-98a1-6eedd738ee2d","MomentumMAStrategy","BTC-USDT","Bybit Perpetual","long","31600.599999999995","30674.900000000005","0.08352931662032702","2.8610064764540466","2639.5765227923057","-80.18409487188993","-3.0377636025897927","79200.0","1689278400000.0","1689357600000.0"
"a75cdd30-2850-46c2-b60c-2cf6836121d1","MomentumMAStrategy","BTC-USDT","Bybit Perpetual","long","30674.9","30099.9","0.0835667478187055","2.793313811932745","2563.4016326640094","-50.84419380768841","-1.9834657651695689","7200.0","1689357600000.0","1689364800000.0"
"dcf82c61-b4ad-44c9-bb3b-ba0232653363","MomentumMAStrategy","BTC-USDT","Bybit Perpetual","short","30099.900000000005","30032.4","0.08355840546137049","2.7635075075986233","2515.099648546706","2.876684861044189","0.11437657600192569","432000.0","1689364800000.0","1689796800000.0"
"19e286a6-a1fe-4332-98a8-607e2fbb2202","MomentumMAStrategy","BTC-USDT","Bybit Perpetual","long","30032.4","29792.8","0.08383720578990349","2.758567682102174","2517.8324991646978","-22.845962189363235","-0.9073662444559948","72000.0","1689796800000.0","1689868800000.0"
"8139dec7-7385-49dd-8b82-2aaf89b7758d","MomentumMAStrategy","BTC-USDT","Bybit Perpetual","short","29792.8","29085.8","0.08378295544845742","2.7131627163671497","2496.128835084802","56.52138678569224","2.264361758545689","345600.0","1689868800000.0","1690214400000.0"
"c4139d6e-a62b-48a3-b471-cf9f676f77ee","MomentumMAStrategy","BTC-USDT","Bybit Perpetual","short","29085.8","29295.3","0.08766560151452633","2.8149078367188425","2549.82415253121","-21.18085135401211","-0.8306789051702205","165600.0","1690214400000.0","1690380000000.0"
"08d6fa31-3648-48c7-befd-b6ba7575da65","MomentumMAStrategy","BTC-USDT","Bybit Perpetual","long","29295.3","29388.1","0.08635181560676623","2.787079974787958","2529.702343744899","5.226368513519886","0.20660013722337464","50400.0","1690380000000.0","1690430400000.0"
"232f45a4-8b8a-45e4-af42-00819071f2f3","MomentumMAStrategy","BTC-USDT","Bybit Perpetual","short","29388.1","29529.4","0.08624808660079225","2.794836903266198","2534.6673938327426","-14.981691539958394","-0.5910713009687694","21600.0","1690430400000.0","1690452000000.0"
"cb9232dd-deb9-40aa-a105-ebfa674b5e32","MomentumMAStrategy","BTC-USDT","Bybit Perpetual","long","29529.4","29430.6","0.08535340328180668","2.767840161622427","2520.4347868697823","-11.200756405865176","-0.4443977866126739","14400.0","1690452000000.0","1690466400000.0"
"2aa82063-900c-4332-b70d-e0df08a069a8","MomentumMAStrategy","BTC-USDT","Bybit Perpetual","short","29430.600000000002","28820.1","0.08527838604324106","2.7321391250389624","2509.7940682842104","49.33031555436001","1.9655124768098633","396000.0","1690466400000.0","1690862400000.0"
"33d19c44-081c-4e9b-b416-93a0bb489cec","MomentumMAStrategy","BTC-USDT","Bybit Perpetual","short","28820.1","29701.2","0.0887109298045757","2.8553134150048844","2556.6578680608523","-81.01851366581674","-3.1689227830576656","72000.0","1690862400000.0","1690934400000.0"
"eb5ec9cb-5da4-46a1-bf09-4ff31e921ecf","MomentumMAStrategy","BTC-USDT","Bybit Perpetual","short","29701.2","29622.5","0.08348788197373594","2.7240455351149255","2479.690280078326","3.8464507762181532","0.15511819387769085","14400.0","1690934400000.0","1690948800000.0"
"af7dac9f-88ec-4089-843e-5cca7e4634bf","MomentumMAStrategy","BTC-USDT","Bybit Perpetual","long","29622.5","29240.9","0.08383304610737559","2.714083969430291","2483.3444083157333","-34.70477436400469","-1.397501460038817","79200.0","1690948800000.0","1691028000000.0"
"89018844-f912-456e-b91b-715cf8021809","MomentumMAStrategy","BTC-USDT","Bybit Perpetual","short","29240.9","28853.2","0.08379957089795215","2.6775433584364974","2450.374872669929","29.81155027869961","1.2166118176937122","396000.0","1691028000000.0","1691424000000.0"
"b30b6edc-7031-4f1b-8f99-d4ac33282d78","MomentumMAStrategy","BTC-USDT","Bybit Perpetual","short","28853.199999999997","29232.699999999997","0.08590713839139831","2.744496397438908","2478.6958454346936","-35.346255416974564","-1.4260021245477106","50400.0","1691424000000.0","1691474400000.0"
"7938e5da-c6c1-42dd-a507-94e528131efc","MomentumMAStrategy","BTC-USDT","Bybit Perpetual","short","29232.7","29177.0","0.08364321129381028","2.6870661832894385","2445.1169027885676","1.9718606857758552","0.08064484293274564","7200.0","1691474400000.0","1691481600000.0"
"e3b92b7e-9146-4752-b9b6-7842e374a82d","MomentumMAStrategy","BTC-USDT","Bybit Perpetual","long","29177.0","29794.6","0.08386709293073501","2.7201771616107733","2446.9901704400554","49.07613943241105","2.005571580354384","36000.0","1691481600000.0","1691517600000.0"
"9548eeff-ae3c-468c-b09d-016a64430393","MomentumMAStrategy","BTC-USDT","Bybit Perpetual","long","29794.600000000002","29404.2","0.08369343783440106","2.725003098219128","2493.612502900846","-35.398921228769424","-1.4195838843280375","93600.0","1691517600000.0","1691611200000.0"
"57474a39-d99a-478b-b7c5-867277625f36","MomentumMAStrategy","BTC-USDT","Bybit Perpetual","short","29404.200000000004","29077.6","0.0836609575412191","2.6909538627037373","2459.983527733515","24.632714870258912","1.0013365777678216","583200.0","1691611200000.0","1692194400000.0"
"7f46d11d-dc88-461c-ad5b-c5c3b6b27d7c","MomentumMAStrategy","BTC-USDT","Bybit Perpetual","short","29077.6","28583.099999999995","0.08540541883994074","2.708494928757294","2483.3846068602606","39.524484687593706","1.5915571264478623","72000.0","1692194400000.0","1692266400000.0"
"f5e6d18c-d021-4260-bd7c-62e47490dcbb","MomentumMAStrategy","BTC-USDT","Bybit Perpetual","short","28583.1","27920.9","0.08819662203586995","2.7409040623331378","2520.932867313474","55.662899049819686","2.20802782063526","21600.0","1692266400000.0","1692288000000.0"
"f7ff72ae-8315-4ab1-abb7-3122792c8b53","MomentumMAStrategy","BTC-USDT","Bybit Perpetual","short","27920.9","26249.899999999998","0.09218229431754717","2.7464737459593414","2573.812621410803","151.2901400586623","5.878055721699528","21600.0","1692288000000.0","1692309600000.0"
"e114535d-4567-4390-8c31-7c2bb3003945","MomentumMAStrategy","BTC-USDT","Bybit Perpetual","short","26249.9","26088.3","0.10352566122029157","2.9800907191439254","2717.5382544665317","13.749656134055419","0.5059599846094734","180000.0","1692309600000.0","1692489600000.0"
"f515f722-b5cf-4c2b-b7e3-b12d21973597","MomentumMAStrategy","BTC-USDT","Bybit Perpetual","long","26088.3","26018.7","0.10466762601602574","2.9996537938493795","2730.600427793884","-10.28452056456462","-0.3766395280642992","122400.0","1692489600000.0","1692612000000.0"
"c1c0e92c-3342-4428-84e9-22a30eff704c","MomentumMAStrategy","BTC-USDT","Bybit Perpetual","short","26018.7","26030.0","0.10457210134470776","2.99356306219316","2720.830133257548","-4.175227807388282","-0.1534541887181115","172800.0","1692612000000.0","1692784800000.0"
"16ebc3a5-74fd-4764-9c60-2d392d898a8c","MomentumMAStrategy","BTC-USDT","Bybit Perpetual","long","26030.0","26079.799999999996","0.10437432450405414","2.991408846272748","2716.8636668405293","2.2064325140286924","0.08121248559352914","129600.0","1692784800000.0","1692914400000.0"
"1745ec0e-d9d6-4763-8719-eb39a3d0c5be","MomentumMAStrategy","BTC-USDT","Bybit Perpetual","short","26079.8","26018.7","0.10425539220886881","2.9873522530465637","2718.959777728857","3.382652210915169","0.1244097922530025","158400.0","1692914400000.0","1693072800000.0"
"ec7eea26-2b7b-4611-a38b-609d42378d49","MomentumMAStrategy","BTC-USDT","Bybit Perpetual","long","26018.7","26066.599999999995","0.10462372437244083","2.997146939080741","2722.1732973292264","2.0143294583585654","0.07399710592763732","57600.0","1693072800000.0","1693130400000.0"
"a9fed068-8fc1-4206-a5e3-d7a0c008ec39","MomentumMAStrategy","BTC-USDT","Bybit Perpetual","short","26066.6","26087.700000000004","0.10450488020358112","2.997708380480897","2724.0869103146674","-5.202761352777067","-0.1909910191586391","50400.0","1693130400000.0","1693180800000.0"
"c10405ba-1ff2-4399-8fec-5634133ad261","MomentumMAStrategy","BTC-USDT","Bybit Perpetual","long","26087.7","26017.7","0.10423089375565991","2.9870458263228894","2719.144287029529","-10.283208389219084","-0.3781781069239527","7200.0","1693180800000.0","1693188000000.0"
"2f067af6-6366-48c6-bc2a-c70d06164ca6","MomentumMAStrategy","BTC-USDT","Bybit Perpetual","short","26017.7","27411.4","0.10413584748305078","3.060136534816168","2709.3752390597706","-148.19426717194412","-5.469684118888297","136800.0","1693188000000.0","1693324800000.0"
"3933649d-9865-4c58-8903-411aa3058200","MomentumMAStrategy","BTC-USDT","Bybit Perpetual","long","27411.4","27207.800000000003","0.09370519875841525","2.8149566456140995","2568.590685246424","-21.89333511282731","-0.8523481471212654","129600.0","1693324800000.0","1693454400000.0"
"ab3d562b-88a9-4537-afa4-f2cb45821182","MomentumMAStrategy","BTC-USDT","Bybit Perpetual","short","27207.8","26319.3","0.09364197093808532","2.756810728429993","2547.792016889238","80.4440804500588","3.157403740839024","50400.0","1693454400000.0","1693504800000.0"
"35ac0056-7210-43ef-9380-22bc1a3f6a9a","MomentumMAStrategy","BTC-USDT","Bybit Perpetual","short","26319.3","25467.199999999997","0.09970682705530898","2.839907179614867","2624.2138933167935","82.12028015421413","3.129328762543085","86400.0","1693504800000.0","1693591200000.0"
"002c1cd3-819e-4f35-a941-9bd13f9e99df","MomentumMAStrategy","BTC-USDT","Bybit Perpetual","short","25467.2","25803.700000000004","0.10610621346136587","2.992088582865989","2702.228159463297","-38.69682941261599","-1.4320341262486793","86400.0","1693591200000.0","1693677600000.0"
"a2c061fc-3366-49fa-a3f1-36c35682b39f","MomentumMAStrategy","BTC-USDT","Bybit Perpetual","long","25803.7","25870.800000000003","0.10329782827739091","2.9358249950260205","2665.466171521312","3.995459282387135","0.1498972046644558","158400.0","1693677600000.0","1693836000000.0"
"accec4f0-5155-45f7-98a6-d02e659f23b8","MomentumMAStrategy","BTC-USDT","Bybit Perpetual","short","25870.8","25739.0","0.10317662607416778","2.928708769999421","2669.2618578395795","10.669970546575817","0.39973487483958475","158400.0","1693836000000.0","1693994400000.0"
"9be9ef7d-1509-4eaa-a810-d8ee02d05de8","MomentumMAStrategy","BTC-USDT","Bybit Perpetual","long","25739.0","25899.8","0.10409877345113745","2.956544658368728","2679.398329858827","13.782538112574098","0.5143892925133039","223200.0","1693994400000.0","1694217600000.0"
"6821a0b7-b78f-41a6-aee7-56c691f9dad4","MomentumMAStrategy","BTC-USDT","Bybit Perpetual","short","25899.8","25816.999999999996","0.10395801284433748","2.957006667267418","2692.4917410657717","5.650716796244028","0.2098694198410911","122400.0","1694217600000.0","1694340000000.0"
"ded9d905-354c-49bd-9640-26840a54311c","MomentumMAStrategy","BTC-USDT","Bybit Perpetual","long","25817.0","25685.3","0.10449935786583273","2.9600765032374126","2697.8599220222036","-16.722641934167658","-0.6198484138358473","28800.0","1694340000000.0","1694368800000.0"
"a1f88553-e2b2-43ba-a358-6f0a207659eb","MomentumMAStrategy","BTC-USDT","Bybit Perpetual","short","25685.3","25786.7","0.10441666681661278","2.9559940709115815","2681.973412184744","-13.54384408611627","-0.504995464331744","7200.0","1694368800000.0","1694376000000.0"
"6906332b-73ee-4dfc-a2f1-ba2723b0f615","MomentumMAStrategy","BTC-USDT","Bybit Perpetual","long","25786.7","25591.9","0.10350710871507146","2.924927684705494","2669.1067603029333","-23.08811246240134","-0.8650127003455241","57600.0","1694376000000.0","1694433600000.0"
"9dfa5234-2baa-4bb3-9157-079d0780156a","MomentumMAStrategy","BTC-USDT","Bybit Perpetual","short","25591.9","25008.3","0.10343792580713632","2.878688853384443","2647.173053463652","57.48768464766054","2.1716632606410706","28800.0","1694433600000.0","1694462400000.0"
"5b8cf41f-72e5-4151-8f2f-180bc6076332","MomentumMAStrategy","BTC-USDT","Bybit Perpetual","short","25008.3","25788.2","0.10803558634049215","3.0183063138496453","2701.7863538789297","-87.27526010079964","-3.230279847090772","28800.0","1694462400000.0","1694491200000.0"
"06b87997-4164-4904-a2e9-f10f6f7d48c2","MomentumMAStrategy","BTC-USDT","Bybit Perpetual","short","25788.2","26087.2","0.10155322421817616","2.8974627701841666","2618.8748567831703","-33.26187681141884","-1.2700827122482377","28800.0","1694491200000.0","1694520000000.0"
"9d372a66-3e5d-4009-a76a-0067bae4640a","MomentumMAStrategy","BTC-USDT","Bybit Perpetual","long","26087.2","26386.9","0.09917799050156101","2.86235168525788","2587.2760738123225","26.861292068060024","1.0382074158974541","288000.0","1694520000000.0","1694808000000.0"
"97ded1aa-69cc-499e-9362-637dd521a84a","MomentumMAStrategy","BTC-USDT","Bybit Perpetual","short","26386.9","26524.2","0.09901861534613687","2.8815511221425405","2612.7943012769792","-16.47680700916706","-0.6306201372650795","86400.0","1694808000000.0","1694894400000.0"
"b94ff47f-0722-41ea-b097-059c8575582c","MomentumMAStrategy","BTC-USDT","Bybit Perpetual","long","26524.2","26529.4","0.0979159158284989","2.8571355075993674","2597.141334618271","-2.347972745291102","-0.09040604429162528","64800.0","1694894400000.0","1694959200000.0"
"adb5a094-9f18-4c5b-a49f-2748222c7f63","MomentumMAStrategy","BTC-USDT","Bybit Perpetual","short","26529.4","26537.0","0.0978126441046629","2.8548106934136257","2594.910760510244","-3.5981867886089214","-0.13866321891938205","7200.0","1694959200000.0","1694966400000.0"
"e85190c0-cbc3-48de-b9e6-03dcbfdee002","MomentumMAStrategy","BTC-USDT","Bybit Perpetual","long","26537.0","26465.6","0.09765581953729002","2.846806787333943","2591.4924830610653","-9.819432302296594","-0.3789103139013508","7200.0","1694966400000.0","1694973600000.0"
"e891a80c-3e7f-4648-af0d-39ece844b269","MomentumMAStrategy","BTC-USDT","Bybit Perpetual","short","26465.6","26491.3","0.09756680454529215","2.84175953139352","2582.1640223738837","-5.349226408207599","-0.20716059715253282","7200.0","1694973600000.0","1694980800000.0"
"e0287c27-6ada-4b19-bc33-04ee669004ad","MomentumMAStrategy","BTC-USDT","Bybit Perpetual","long","26491.300000000003","26449.7","0.0972803243814417","2.832564709192848","2577.0822572860866","-6.879426203461035","-0.2669463182252369","21600.0","1694980800000.0","1695002400000.0"
"019735c3-1c1e-454b-b5fc-e7b07985c6c1","MomentumMAStrategy","BTC-USDT","Bybit Perpetual","short","26449.7","26646.2","0.09718623660732631","2.838104885153416","2570.546802392799","-21.935200378493036","-0.8533281851968076","7200.0","1695002400000.0","1695009600000.0"
"85e920e6-4a05-4143-a4bd-e23a831f5e55","MomentumMAStrategy","BTC-USDT","Bybit Perpetual","long","26646.2","27184.699999999997","0.09568750373536303","2.833019444655375","2549.7083620332305","48.69470131683727","1.9098145514181997","28800.0","1695009600000.0","1695038400000.0"
"86a81810-a41f-4a7c-9882-4670600c6e17","MomentumMAStrategy","BTC-USDT","Bybit Perpetual","long","27184.7","27100.4","0.09549372729087413","2.851137594446808","2595.968328284226","-10.901258805067428","-0.419930346849512","208800.0","1695038400000.0","1695247200000.0"
"fe139d64-48aa-4ed5-a197-de6ff4a84001","MomentumMAStrategy","BTC-USDT","Bybit Perpetual","short","27100.4","26566.5","0.09540863354118063","2.816157077465153","2585.612132419412","48.12251237017132","1.8611651673038088","158400.0","1695247200000.0","1695405600000.0"
"2acc8830-5e36-45b2-98c6-624b1199599b","MomentumMAStrategy","BTC-USDT","Bybit Perpetual","short","26566.5","26519.099999999995","0.09904686425276477","2.8918792193371132","2631.328519171075","1.8029421462444413","0.06851832194683188","36000.0","1695405600000.0","1695441600000.0"
"4cb4bc79-9484-4ea5-a639-2f32d28f78cb","MomentumMAStrategy","BTC-USDT","Bybit Perpetual","long","26519.1","26232.4","0.0992884869475211","2.8806891405666875","2633.0413142100065","-31.3466983484207","-1.1905129698971577","158400.0","1695441600000.0","1695600000000.0"
"f7cea380-d963-4d50-8cdf-edb6a90dab88","MomentumMAStrategy","BTC-USDT","Bybit Perpetual","short","26232.4","26258.7","0.09923842083755231","2.865023629614323","2603.2619507790073","-5.474994097641877","-0.21031283832207223","122400.0","1695600000000.0","1695722400000.0"
"3a8e92a3-9431-4aa0-a4e6-a575d160095d","MomentumMAStrategy","BTC-USDT","Bybit Perpetual","long","26258.7","26755.8","0.09894094933817162","2.8849177272786743","2598.060706386247","46.29862818872629","1.782045664865353","93600.0","1695722400000.0","1695816000000.0"
"f0ea5fcc-7c0c-4869-8ab4-c7272d83c152","MomentumMAStrategy","BTC-USDT","Bybit Perpetual","long","26755.8","26904.1","0.09874660459285603","2.914303110285708","2642.0444031655375","11.729818350834769","0.4439674948982997","230400.0","1695816000000.0","1696046400000.0"
"35aa7cb3-3443-4771-90b7-29f6d736641b","MomentumMAStrategy","BTC-USDT","Bybit Perpetual","short","26904.1","26950.9","0.09861648338353005","2.9210448919410057","2653.1877305988305","-7.536296314290499","-0.28404685531202645","72000.0","1696046400000.0","1696118400000.0"
"c592917d-776f-471d-9dff-680a358924ce","MomentumMAStrategy","BTC-USDT","Bybit Perpetual","long","26950.9","27981.4","0.09817958766127491","2.966276809806999","2646.028249100254","98.20778827513679","3.711516999432301","86400.0","1696118400000.0","1696204800000.0"
"27caa7b7-a6ee-42f8-9e1d-a27836301977","MomentumMAStrategy","BTC-USDT","Bybit Perpetual","long","27981.4","27528.1","0.09789809115918553","2.988850750160445","2739.3256479616343","-47.36605547261953","-1.729113714824858","115200.0","1696204800000.0","1696320000000.0"
"785aac17-bf19-4c8e-9d59-ff13d9a19e74","MomentumMAStrategy","BTC-USDT","Bybit Perpetual","short","27528.1","27606.0","0.09787554881240063","2.9679541626777777","2694.3278952626456","-10.59245941516393","-0.3931392104794791","129600.0","1696320000000.0","1696449600000.0"
"bf353f40-fff1-4bd0-9cb2-53926edf4b8a","MomentumMAStrategy","BTC-USDT","Bybit Perpetual","long","27606.000000000004","27398.4","0.09723484238275155","2.9415892903968013","2684.2650588182396","-23.12754256905624","-0.8615968267767955","100800.0","1696449600000.0","1696550400000.0"
"49132b7a-a6c5-408b-bb78-c3342e64e187","MomentumMAStrategy","BTC-USDT","Bybit Perpetual","short","27398.4","27946.700000000004","0.097169684849394","2.9578262587270086","2662.293893377637","-56.23596446165003","-2.112312416053503","64800.0","1696550400000.0","1696615200000.0"
"24d9b3f3-3f0f-4e70-8cd7-f1d49a59e03a","MomentumMAStrategy","BTC-USDT","Bybit Perpetual","long","27946.7","27868.4","0.09335162030361617","2.8657365123246024","2608.86972713907","-10.17516838209768","-0.3900220956320398","144000.0","1696615200000.0","1696759200000.0"
"083b459c-b5d3-4215-8b51-dd59927d7315","MomentumMAStrategy","BTC-USDT","Bybit Perpetual","short","27868.4","27384.8","0.09326704501069588","2.83431648026174","2599.2033171760772","42.269626486910994","1.6262531756398007","187200.0","1696759200000.0","1696946400000.0"
"e26c3d09-318a-4281-9a27-6298a23c04a5","MomentumMAStrategy","BTC-USDT","Bybit Perpetual","short","27384.8","26769.100000000002","0.09638045420593332","2.870657613462481","2639.3594623386425","56.470788041130376","2.139564119511543","93600.0","1696946400000.0","1697040000000.0"
"51918605-a892-49de-8f9d-254f3c32d10f","MomentumMAStrategy","BTC-USDT","Bybit Perpetual","short","26769.1","26809.4","0.10060131685330166","2.964537210263543","2693.0067109777174","-7.018770279451893","-0.26062951313269","136800.0","1697040000000.0","1697176800000.0"
"cc5624fc-bd7c-4d2a-9fb1-d050c3d35d86","MomentumMAStrategy","BTC-USDT","Bybit Perpetual","long","26809.4","26890.4","0.10020138008356165","2.9594367386161844","2686.3388792122378","5.156875048152309","0.19196666094727965","187200.0","1697176800000.0","1697364000000.0"
"55f92340-21b8-42fa-a073-289aaf7e575f","MomentumMAStrategy","BTC-USDT","Bybit Perpetual","short","26890.4","26969.5","0.10008173588001601","2.964715757478241","2691.2379105079826","-10.881181065587363","-0.40431880894296307","28800.0","1697364000000.0","1697392800000.0"
"4078a75c-e638-486e-8a25-c8682294f3f7","MomentumMAStrategy","BTC-USDT","Bybit Perpetual","long","26969.5","27903.4","0.09940491253066147","3.0000497036420537","2680.9007884956745","89.83419810874284","3.350896030701353","43200.0","1697392800000.0","1697436000000.0"
"b91279b9-74a8-4807-84b5-d4ef217a4b9c","MomentumMAStrategy","BTC-USDT","Bybit Perpetual","long","27903.4","28445.8","0.09913642339997923","3.07244198219756","2766.2432766989805","50.69915406995096","1.832780019639176","122400.0","1697436000000.0","1697558400000.0"
"c7775f4e-8afb-416f-bdd1-c15520b79027","MomentumMAStrategy","BTC-USDT","Bybit Perpetual","short","28445.8","28734.7","0.0989392976490531","3.1115691800719247","2814.4074730654347","-31.69513227088351","-1.1261742506802461","187200.0","1697558400000.0","1697745600000.0"
"88a3e623-a1f5-4d9a-ba22-3d20c6ce5dc1","MomentumMAStrategy","BTC-USDT","Bybit Perpetual","long","28734.7","29785.9","0.09689668231817612","3.118748592997982","2784.2970974080954","98.73904385986881","3.546282613007968","50400.0","1697745600000.0","1697796000000.0"
"5d8d22cf-e0d7-422e-b521-be8aed0a2556","MomentumMAStrategy","BTC-USDT","Bybit Perpetual","long","29785.9","29903.399999999998","0.09662622882219342","3.1721535780201027","2878.099189074971","8.181428308587272","0.2842649877962269","201600.0","1697796000000.0","1697997600000.0"
"d09436c6-dc4d-40ce-a480-5377f4ce77d5","MomentumMAStrategy","BTC-USDT","Bybit Perpetual","short","29903.4","30724.0","0.09650646902921169","3.2180149652318963","2885.871545968129","-82.41122345060288","-2.8556788525719434","36000.0","1697997600000.0","1698033600000.0"
"0a6268ef-ecc2-4b09-a28f-49c3e7f86442","MomentumMAStrategy","BTC-USDT","Bybit Perpetual","long","30724.0","33074.0","0.09138070836121782","3.2064485376159366","2807.5808836900565","211.53821611124596","7.534536844160916","72000.0","1698033600000.0","1698105600000.0"
"ebaf17aa-8d60-4823-be02-33c1bbb8d047","MomentumMAStrategy","BTC-USDT","Bybit Perpetual","long","33074.0","34783.3","0.09096396532006229","3.394912996152185","3008.54218899574","152.08979292543054","5.055265419967355","187200.0","1698105600000.0","1698292800000.0"
"e95e61fb-def3-4a56-a335-8285d44ef318","MomentumMAStrategy","BTC-USDT","Bybit Perpetual","long","34783.3","34167.4","0.0906477387790951","3.437623773229664","3153.027492274899","-59.267566087274474","-1.8797034352692283","36000.0","1698292800000.0","1698328800000.0"
"d9eef7e7-6c6e-485b-8379-9ea34dff5730","MomentumMAStrategy","BTC-USDT","Bybit Perpetual","short","34167.4","34098.2","0.09063385872182221","3.4029461102782346","3096.7233044919885","2.8689169132722583","0.09264363106354116","158400.0","1698328800000.0","1698487200000.0"
"eac761a0-1c62-4ca5-af86-fec4413e7b91","MomentumMAStrategy","BTC-USDT","Bybit Perpetual","long","34098.2","34458.9","0.09089772408982286","3.427426398109117","3099.4487755595974","29.359382681090384","0.9472452944730348","230400.0","1698487200000.0","1698717600000.0"
"9bc20a2b-fe5f-4d97-81ef-30491f570011","MomentumMAStrategy","BTC-USDT","Bybit Perpetual","short","34458.9","34499.9","0.09075565932477916","3.4421207481350704","3127.340189106633","-7.163102780451016","-0.22904776414801403","115200.0","1698717600000.0","1698832800000.0"
"19942d55-6eac-43be-9c27-8d5144663c64","MomentumMAStrategy","BTC-USDT","Bybit Perpetual","long","34499.9","35583.7","0.09045055902959731","3.486505439343677","3120.5352414652043","94.5438104369335","3.0297305789292017","57600.0","1698832800000.0","1698890400000.0"
"891475cf-afc0-493d-a0c5-8624b6ab882f","MomentumMAStrategy","BTC-USDT","Bybit Perpetual","long","35583.7","34590.7","0.09021973154506957","3.4821135411349813","3210.3518613802917","-93.07030696538907","-2.899068730907691","86400.0","1698890400000.0","1698976800000.0"
"915dd581-cb02-4ef4-8770-7cd64974af3c","MomentumMAStrategy","BTC-USDT","Bybit Perpetual","short","34590.7","34696.1","0.09025359619097538","3.43936057771068","3121.9350697631717","-12.952089616239617","-0.41487376664826525","129600.0","1698976800000.0","1699106400000.0"
"e0e5cf32-0ae2-4123-8c4d-d3d046501de4","MomentumMAStrategy","BTC-USDT","Bybit Perpetual","long","34696.1","34893.0","0.08962478735730368","3.430299559437378","3109.630584627744","14.216821071215849","0.4571868163857075","129600.0","1699106400000.0","1699236000000.0"
"f7a8eeec-c653-4a35-92fd-bb5e53d6bddf","MomentumMAStrategy","BTC-USDT","Bybit Perpetual","short","34893.0","35057.4","0.08950610622891121","3.443543363235157","3123.1365646453987","-18.15834722726829","-0.5814138079270956","79200.0","1699236000000.0","1699315200000.0"
"8a19dd17-0c2e-4ee3-8b86-294dfdd484cc","MomentumMAStrategy","BTC-USDT","Bybit Perpetual","long","35057.4","34947.3","0.08859430918378128","3.4111099198648196","3105.886134779494","-13.16534336099901","-0.42388364510773346","28800.0","1699315200000.0","1699344000000.0"
"ba950798-06cb-4053-9617-b0377c8162f2","MomentumMAStrategy","BTC-USDT","Bybit Perpetual","short","34947.3","35385.0","0.08851553792672237","3.4240257524679887","3093.379058586545","-42.167276702994116","-1.3631461228764372","64800.0","1699344000000.0","1699408800000.0"
"302e2d55-8abb-41a9-9638-f7a34765b6e9","MomentumMAStrategy","BTC-USDT","Bybit Perpetual","long","35385.0","36589.0","0.08628854446004523","3.4157924344320127","3053.3201457187006","100.47561509546246","3.2907002967359054","100800.0","1699408800000.0","1699509600000.0"
"dfde24e3-4a22-408c-8235-950f44e9aa08","MomentumMAStrategy","BTC-USDT","Bybit Perpetual","long","36589.0","37098.9","0.08605788570497663","3.4877836818218615","3148.77198005939","40.39313223914585","1.282821763371509","108000.0","1699509600000.0","1699617600000.0"
"2fddbc68-5515-450f-a659-6cec3ffbf813","MomentumMAStrategy","BTC-USDT","Bybit Perpetual","short","37098.9","37330.4","0.08590943277796859","3.516798419783692","3187.1454556865788","-23.404832107883422","-0.73435092415139","43200.0","1699617600000.0","1699660800000.0"
"c250df55-02c8-4f01-a67f-f6fd26cbb393","MomentumMAStrategy","BTC-USDT","Bybit Perpetual","long","37330.4","36984.0","0.08478105954353796","3.465249464238264","3164.9108651840893","-32.833408490119936","-1.0374196901185133","93600.0","1699660800000.0","1699754400000.0"
"4e75e42f-3c70-4071-9561-2950c80d0ce6","MomentumMAStrategy","BTC-USDT","Bybit Perpetual","short","36984.0","35305.9","0.08473175230149459","3.368887445384898","3133.7191271184756","138.81946609175304","4.429863062405361","237600.0","1699754400000.0","1699992000000.0"
"545b4f3e-b658-40f6-afc3-9f43a835d359","MomentumMAStrategy","BTC-USDT","Bybit Perpetual","short","35305.9","36498.9","0.09249438818740326","3.65284757470537","3265.597619905641","-113.99865268227747","-3.490897102184055","79200.0","1699992000000.0","1700071200000.0"
"b9bad61a-0207-437a-ab2d-0c2b7317ffdc","MomentumMAStrategy","BTC-USDT","Bybit Perpetual","long","36498.9","37885.6","0.08650394669037907","3.539004052424777","3157.298899857477","116.41601882312364","3.687202970500473","21600.0","1700071200000.0","1700092800000.0"
"3477e3e3-0960-4fcd-bef9-345de847e511","MomentumMAStrategy","BTC-USDT","Bybit Perpetual","long","37885.6","36423.1","0.08625689226881572","3.5253006417946606","3267.894117739445","-129.67600558493766","-3.9681825944422155","57600.0","1700092800000.0","1700150400000.0"
"304695b0-683f-482c-b026-f504fbba1f98","MomentumMAStrategy","BTC-USDT","Bybit Perpetual","long","36423.1","36176.0","0.08633811818416758","3.4474383217253104","3144.701912433754","-24.781587325032994","-0.7880424922645205","28800.0","1700150400000.0","1700179200000.0"
"5d695ca5-aafd-4d2e-8131-4745fcdc9d3d","MomentumMAStrategy","BTC-USDT","Bybit Perpetual","short","36176.0","36410.0","0.08627707332140018","3.4443792042589347","3121.1594044749727","-23.633214361466578","-0.7571934431667404","122400.0","1700179200000.0","1700301600000.0"
"39620f0d-bc5b-4a4c-a465-3040f6217f1c","MomentumMAStrategy","BTC-USDT","Bybit Perpetual","long","36410.0","36459.1","0.08510595580421806","3.410876922251231","3098.70785083158","0.7678255077357523","0.024778893161215444","93600.0","1700301600000.0","1700395200000.0"
"4d055048-6d15-4243-8ec3-281f79f15c60","MomentumMAStrategy","BTC-USDT","Bybit Perpetual","short","36459.1","37001.7","0.0850113492945226","3.4347509505402867","3099.437285063929","-49.561909077748126","-1.5990615237348114","36000.0","1700395200000.0","1700431200000.0"
"54dd8b36-a9cd-4a9e-98ac-31793e436bb1","MomentumMAStrategy","BTC-USDT","Bybit Perpetual","long","37001.7","37027.2","0.08249224958421016","3.3587457723844945","3052.353471440069","-1.2551934079871354","-0.041122151144406885","144000.0","1700431200000.0","1700575200000.0"
"ddba9b9c-c175-4ac2-843b-12861392a887","MomentumMAStrategy","BTC-USDT","Bybit Perpetual","short","37027.2","37413.4","0.08240323431700157","3.3737804124740034","3051.1610377024804","-35.197909505700366","-1.1535906846858643","122400.0","1700575200000.0","1700697600000.0"
"d38c027e-7a2d-46e1-a4f3-ed6c6a8e552b","MomentumMAStrategy","BTC-USDT","Bybit Perpetual","long","37413.4","37716.4","0.08065888220990514","3.332937128759552","3017.7230236720648","21.106704180841703","0.6994248317447759","223200.0","1700697600000.0","1700920800000.0"
"53a9f799-4bbf-401d-9106-82cfe0af6aa0","MomentumMAStrategy","BTC-USDT","Bybit Perpetual","short","37716.4","36743.2","0.0805425330265843","3.298440635680441","3037.7743926438643","75.08555250579175","2.471729062158648","180000.0","1700920800000.0","1701100800000.0"
"5d6df78d-ce3d-4c34-ad39-a9816b08370f","MomentumMAStrategy","BTC-USDT","Bybit Perpetual","short","36743.2","38202.5","0.08461717181748914","3.4879312456350977","3109.1056675243667","-126.96977007889724","-4.08380362897081","93600.0","1701100800000.0","1701194400000.0"
"933848b5-3078-4d28-8aa3-b69dafc43d6c","MomentumMAStrategy","BTC-USDT","Bybit Perpetual","long","38202.5","38034.5","0.07822745595051148","3.280104607614529","2988.484385949415","-16.42231720730046","-0.5495199267063674","122400.0","1701194400000.0","1701316800000.0"
"fc8423d3-5fa9-41d0-8143-cf1dee0906ed","MomentumMAStrategy","BTC-USDT","Bybit Perpetual","short","38034.5","38706.1","0.0781628044171076","3.2990432797583185","2972.883184602479","-55.79318272628767","-1.8767364629481091","108000.0","1701316800000.0","1701424800000.0"
"a7d1b2c3-385c-4bcc-95f6-86f21b58928a","MomentumMAStrategy","BTC-USDT","Bybit Perpetual","long","38706.1","39471.4","0.0754371962303747","3.2436202745650653","2919.8796610125064","54.48846600054091","1.866120262697618","180000.0","1701424800000.0","1701604800000.0"
"89ac0933-0b2d-49ea-b861-90c6c1df84ff","MomentumMAStrategy","BTC-USDT","Bybit Perpetual","long","39471.4","40613.7","0.07528599704375874","3.316107631017018","2971.643703713019","82.68308679206827","2.782402435687601","50400.0","1701604800000.0","1701655200000.0"
"5ea7c44c-a235-4eb2-b0a6-999207797ad1","MomentumMAStrategy","BTC-USDT","Bybit Perpetual","long","40613.7","42050.0","0.07510255495474394","3.4145402896068564","3050.1926361654837","104.45525939189207","3.424546310727668","72000.0","1701655200000.0","1701727200000.0"
"7f7d2315-b5bf-4dd5-aa65-72c89c5c025d","MomentumMAStrategy","BTC-USDT","Bybit Perpetual","long","42050.0","43834.0","0.07489714940755722","3.5378567288452545","3149.4251325877813","130.07865781423683","4.130234958382878","79200.0","1701727200000.0","1701806400000.0"
"eb1e7cb5-c1b5-4fbb-a7c6-5953ff0bdbe4","MomentumMAStrategy","BTC-USDT","Bybit Perpetual","long","43834.0","43376.2","0.07466806263428631","3.58149917177175","3272.9998575113063","-37.76453824574824","-1.1538203449377262","136800.0","1701806400000.0","1701943200000.0"
"bdb04c6f-44c7-4d85-87fd-a866d8f942e7","MomentumMAStrategy","BTC-USDT","Bybit Perpetual","short","43376.2","44572.0","0.07462902573710574","3.6099186647326675","3237.1235461778456","-92.85130764116394","-2.8683275851734438","129600.0","1701943200000.0","1702072800000.0"
"02533871-3824-4f9a-93ea-78487060c317","MomentumMAStrategy","BTC-USDT","Bybit Perpetual","long","44572.0","43734.3","0.07064782383376875","3.4312563591965635","3148.9148039187407","-62.61293838474444","-1.9883973458673538","93600.0","1702072800000.0","1702166400000.0"
"3ef20bbd-569d-4c1f-a85e-ca0923789f98","MomentumMAStrategy","BTC-USDT","Bybit Perpetual","short","43734.3","42053.4","0.07064095029423662","3.3330685583562856","3089.4325124532324","115.40730479122614","3.735550277471004","108000.0","1702166400000.0","1702274400000.0"
"b8f68597-7ee2-48b1-8de7-ee5fe11f38bc","MomentumMAStrategy","BTC-USDT","Bybit Perpetual","short","42053.4","42138.1","0.07607160067925299","3.5225201927230305","3199.069452004898","-9.965784770255539","-0.31152136331425545","216000.0","1702274400000.0","1702490400000.0"
"c4cd7dcf-bd1f-49e1-b09e-196ddffc5700","MomentumMAStrategy","BTC-USDT","Bybit Perpetual","long","42138.1","42800.0","0.0756940145966039","3.536118179664291","3189.6019564731546","46.565750081827936","1.4599235489972293","151200.0","1702490400000.0","1702641600000.0"
"5f5799b8-24ea-495c-a82b-a7727ef98657","MomentumMAStrategy","BTC-USDT","Bybit Perpetual","short","42800.0","41396.5","0.07555699577221708","3.498899026994512","3233.839419050891","102.54534453931217","3.171009170560748","216000.0","1702641600000.0","1702857600000.0"
"f7aca700-0b64-48c7-95bb-9192588a18d5","MomentumMAStrategy","BTC-USDT","Bybit Perpetual","short","41396.5","43346.1","0.0804719601020192","3.7506717193777543","3331.2574963632374","-160.63880513427426","-4.822167163890664","93600.0","1702857600000.0","1702951200000.0"
"85041a48-ae14-42e3-83b6-dc5165e771ad","MomentumMAStrategy","BTC-USDT","Bybit Perpetual","long","43346.1","41881.7","0.07333187141370681","3.437452738760217","3178.6506314856765","-110.82464523699258","-3.486531175815129","57600.0","1702951200000.0","1703008800000.0"
"2a69c154-41d5-48cc-9b39-66a1d3b94e42","MomentumMAStrategy","BTC-USDT","Bybit Perpetual","long","41881.7","42815.7","0.07338210288767012","3.418400326614983","3073.3672185105333","65.12048377046891","2.118864396621914","57600.0","1703008800000.0","1703066400000.0"
"5a81c45d-9638-4fde-88b0-2a8c175a7a46","MomentumMAStrategy","BTC-USDT","Bybit Perpetual","short","42815.7","44079.0","0.07322621557261659","3.4996335188748158","3135.23167809248","-96.00631165176156","-3.062175989181546","21600.0","1703066400000.0","1703088000000.0"
"e406c786-ac35-497c-ab32-61ce3f67b32a","MomentumMAStrategy","BTC-USDT","Bybit Perpetual","long","44079.0","43614.1","0.0690584106269041","3.33077035992039","3044.0256820233058","-35.43602546036821","-1.1641171646362247","144000.0","1703088000000.0","1703232000000.0"
"e7f97a46-4445-40bf-9956-8fe640919524","MomentumMAStrategy","BTC-USDT","Bybit Perpetual","short","43614.1","42449.0","0.06902266601479697","3.2671675341239403","3010.361457835956","77.1511406397159","2.5628530566949648","352800.0","1703232000000.0","1703584800000.0"
"92a07471-0548-44ce-9b35-a63ae16c1fc2","MomentumMAStrategy","BTC-USDT","Bybit Perpetual","short","42449.0","43183.9","0.07264376172450908","3.421382790858293","3083.655041443686","-56.807283282200125","-1.8422061650451165","122400.0","1703584800000.0","1703707200000.0"
"60c0da9d-eca9-48a3-a9c3-bf5191f060a2","MomentumMAStrategy","BTC-USDT","Bybit Perpetual","long","43183.9","42655.9","0.07015781627702906","3.312283104711306","3029.6881223255955","-40.35561009898265","-1.3320054233174863","86400.0","1703707200000.0","1703793600000.0"
"89d796b0-8b88-4a77-9916-80e4e76f188f","MomentumMAStrategy","BTC-USDT","Bybit Perpetual","short","42655.9","42567.0","0.07012746871432937","3.2870564394219315","2991.350292731562","2.9472755292820514","0.0985265930387155","216000.0","1703793600000.0","1704009600000.0"
"61cda2dd-19cc-400e-9dc6-f614e6d35626","MomentumMAStrategy","BTC-USDT","Bybit Perpetual","long","42567.0","42272.6","0.07033970457124956","3.2821758199686415","2994.15020448438","-23.99018484574462","-0.801235182183385","79200.0","1704009600000.0","1704088800000.0"
"bf4b08f8-280f-49d7-8f47-50c5c81867e3","MomentumMAStrategy","BTC-USDT","Bybit Perpetual","short","42272.6","43556.2","0.0702904370415097","3.31811912451158","2971.359528880923","-93.54292411099333","-3.1481523256199018","50400.0","1704088800000.0","1704139200000.0"
"9fe21916-0473-4cdc-b367-485cca15ecdc","MomentumMAStrategy","BTC-USDT","Bybit Perpetual","long","43556.2","44926.3","0.06617872429127152","3.2206124346563376","2882.49375097548","87.45085771681515","3.033861138023992","21600.0","1704139200000.0","1704160800000.0"
"003ecbb1-43d9-4c2f-b296-3bf5ebcb60cb","MomentumMAStrategy","BTC-USDT","Bybit Perpetual","long","44926.3","42545.7","0.0660097106996671","3.1757007778767044","2965.5720658064542","-160.3184180695046","-5.405986248589369","129600.0","1704160800000.0","1704290400000.0"
"e3e74688-0f9d-48a4-91aa-3ec730fa83ab","MomentumMAStrategy","BTC-USDT","Bybit Perpetual","short","42545.7","44434.1","0.06612347590098237","3.163273690044747","2813.2695686404254","-128.03084558145997","-4.550962588463704","115200.0","1704290400000.0","1704405600000.0"
"7044dd4f-9e77-4cba-accb-8a9a7f4d23a5","MomentumMAStrategy","BTC-USDT","Bybit Perpetual","long","44434.1","43925.8","0.06057600503527783","2.9438693610241553","2691.6402653380387","-33.734652720455614","-1.2533120846376895","108000.0","1704405600000.0","1704513600000.0"
"80b0412d-70e5-4165-8fd4-24f7b6fe6d6d","MomentumMAStrategy","BTC-USDT","Bybit Perpetual","short","43925.8","44238.8","0.06054738548310117","2.9359748121898823","2659.592345253606","-21.88730646840055","-0.822957191445574","144000.0","1704513600000.0","1704657600000.0"
"ef45f374-50f7-44b7-9e54-be86e7092d26","MomentumMAStrategy","BTC-USDT","Bybit Perpetual","long","44238.8","43916.9","0.05964898243416697","2.8921187904244317","2638.799404108626","-22.093126235982865","-0.8372415956129041","14400.0","1704657600000.0","1704672000000.0"
"9b7096bc-974c-4f29-bc2a-c878b99fc7b1","MomentumMAStrategy","BTC-USDT","Bybit Perpetual","short","43916.9","44969.6","0.05960828141750538","2.9141043284194006","2617.810934184442","-65.66374217662714","-2.5083454774813276","57600.0","1704672000000.0","1704729600000.0"
"40d42528-d839-4cd0-973f-e84222f704ff","MomentumMAStrategy","BTC-USDT","Bybit Perpetual","long","44969.6","47006.7","0.05682573069621803","2.8746412498290073","2555.4303791166462","112.88505475143666","4.417457649167434","14400.0","1704729600000.0","1704744000000.0"
"0dd605a7-88d1-4332-a900-1580d29f3e8d","MomentumMAStrategy","BTC-USDT","Bybit Perpetual","long","47006.7","45988.4","0.05664450346717619","2.897213695409218","2662.671181130511","-60.57831157603449","-2.27509547575132","122400.0","1704744000000.0","1704866400000.0"
"c12859dc-8b9c-4678-a3a5-0515d1ead2b7","MomentumMAStrategy","BTC-USDT","Bybit Perpetual","short","45988.4","47068.5","0.05664736727377508","2.8992856154124285","2605.121785133278","-64.08410700781681","-2.4599274925850834","108000.0","1704866400000.0","1704974400000.0"
"87d919fb-41b1-4707-b0e0-7adb21605a01","MomentumMAStrategy","BTC-USDT","Bybit Perpetual","long","47068.5","45997.0","0.05405402516493732","2.766810683443111","2544.2418834758523","-60.68569864767345","-2.3852173428088848","57600.0","1704974400000.0","1705032000000.0"
"c00dcbea-3cdf-48d9-95ac-00233a177a46","MomentumMAStrategy","BTC-USDT","Bybit Perpetual","short","45997.0","43466.2","0.05405984020176453","2.660001462766175","2486.590469760563","134.15464211985966","5.395124116790232","64800.0","1705032000000.0","1705096800000.0"
"fe5fea17-f12b-41b5-8b94-77465cacd938","MomentumMAStrategy","BTC-USDT","Bybit Perpetual","short","43466.2","42894.299999999996","0.0601395424438858","2.85652452537386","2614.0373797744287","31.53727979828452","1.2064586391264973","144000.0","1705096800000.0","1705240800000.0"
"eaf6067d-eb20-4541-90d4-2dcae5a4416a","MomentumMAStrategy","BTC-USDT","Bybit Perpetual","long","42894.3","42280.9","0.061639840155517135","2.887602142267812","2643.997795582799","-40.69748009366211","-1.539240318643739","43200.0","1705240800000.0","1705284000000.0"
"2831400f-233a-498c-afc4-8da73a29fbca","MomentumMAStrategy","BTC-USDT","Bybit Perpetual","short","42280.9","42759.8","0.061619671991225825","2.8820990219473313","2605.33518949382","-32.39175993854547","-1.243285703473676","28800.0","1705284000000.0","1705312800000.0"
"69694117-79b8-44fa-aad8-c9f419959652","MomentumMAStrategy","BTC-USDT","Bybit Perpetual","long","42759.8","42278.7","0.060209893815036594","2.8160874803544944","2574.563017552202","-31.78306739476895","-1.2345033770036478","21600.0","1705312800000.0","1705334400000.0"
"593939a6-51bd-4a95-8767-aab3a20d5c7d","MomentumMAStrategy","BTC-USDT","Bybit Perpetual","short","42278.7","42765.3","0.06018087366752457","2.814912221099528","2544.369103527171","-32.09892534771733","-1.2615671721221462","50400.0","1705334400000.0","1705384800000.0"
"cb3c9260-d549-420a-aa81-ebd3f3efe3a8","MomentumMAStrategy","BTC-USDT","Bybit Perpetual","long","42765.3","42677.0","0.058783058331096455","2.7624078376636736","2513.8751244468394","-7.952951888299662","-0.31636224930025725","100800.0","1705384800000.0","1705485600000.0"
"85a37946-2bc5-434a-960f-0f6bb92b4921","MomentumMAStrategy","BTC-USDT","Bybit Perpetual","short","42677.0","41014.2","0.05872764768266173","2.703243019256549","2506.3198201529544","94.94908954747355","3.7883868125688385","122400.0","1705485600000.0","1705608000000.0"
"f08c3b29-31fb-4f02-b617-f49ebc4fdf03","MomentumMAStrategy","BTC-USDT","Bybit Perpetual","short","41014.2","41652.4","0.06330786545203988","2.8783952945976807","2596.521455223054","-43.28147502608981","-1.6669022679949976","129600.0","1705608000000.0","1705737600000.0"
"86639452-96c8-45b6-9c48-02de9846b7ed","MomentumMAStrategy","BTC-USDT","Bybit Perpetual","long","41652.4","41675.5","0.06135070377573126","2.8117239200345665","2555.404053948269","-1.3945226628152636","-0.054571513286152666","122400.0","1705737600000.0","1705860000000.0"
"d782c33b-422d-4760-a98b-3bd4621acc40","MomentumMAStrategy","BTC-USDT","Bybit Perpetual","short","41675.5","40745.4","0.061284909777173505","2.7781365811393917","2554.0792574185944","54.222958002609595","2.12299433720051","57600.0","1705860000000.0","1705917600000.0"
"b39ba734-a545-4042-a22d-cf2bb31b5f4b","MomentumMAStrategy","BTC-USDT","Bybit Perpetual","short","40745.4","38964.5","0.06394810377419471","2.803513326366876","2605.5910675210735","111.08166468509658","4.263204079478914","86400.0","1705917600000.0","1706004000000.0"
"38fe8aa0-08f8-4c7e-be84-d8ace1dbf418","MomentumMAStrategy","BTC-USDT","Bybit Perpetual","short","38964.5","40015.6","0.06957919770488304","3.022454595958288","2711.1186489719153","-76.15714930356076","-2.8090673690153825","86400.0","1706004000000.0","1706090400000.0"
"c3abdd8c-1ec8-4ada-ae63-41dfcf9d7da3","MomentumMAStrategy","BTC-USDT","Bybit Perpetual","long","40015.6","39982.9","0.06594351595711503","2.901460298712397","2638.769357133532","-5.057813270509866","-0.19167318495785915","122400.0","1706090400000.0","1706212800000.0"
"69bad932-65c9-420a-b266-6fff01632859","MomentumMAStrategy","BTC-USDT","Bybit Perpetual","short","39982.9","41272.0","0.06587727339754114","2.9440681942044264","2633.964434526548","-87.8664613309746","-3.335901585427766","57600.0","1706212800000.0","1706270400000.0"
"b2bda2bf-38f6-4572-8d2c-a20c684b4a51","MomentumMAStrategy","BTC-USDT","Bybit Perpetual","long","41272.0","42210.0","0.061797133559365246","2.8374215670916114","2550.4912962621224","55.12828971159299","2.161477272727273","144000.0","1706270400000.0","1706414400000.0"
"a1c724ca-541d-46d3-bb22-e5a366a1ac5e","MomentumMAStrategy","BTC-USDT","Bybit Perpetual","long","42210.0","41963.1","0.061664609606447186","2.854775742975442","2602.863171488136","-18.079767854807343","-0.6946107675906218","64800.0","1706414400000.0","1706479200000.0"
"6177e76d-1111-47f8-9485-bf6308863ba7","MomentumMAStrategy","BTC-USDT","Bybit Perpetual","short","41963.1","42986.7","0.06161812144541439","2.878945901240015","2585.6873920260687","-65.9512550127661","-2.5506275513486814","79200.0","1706479200000.0","1706558400000.0"
"32766781-3b0d-4119-b314-6a59b221edae","MomentumMAStrategy","BTC-USDT","Bybit Perpetual","long","42986.7","43031.6","0.05869335631169504","2.7767865021744527","2523.033699763941","-0.14145480377926","-0.005606536440337469","129600.0","1706558400000.0","1706688000000.0"
"f031ef4a-8751-48a0-8c0d-e792600351d4","MomentumMAStrategy","BTC-USDT","Bybit Perpetual","short","43031.6","43018.1","0.05862899166427348","2.7747539292072787","2522.899317700351","-1.9832625417395868","-0.07861045138921166","158400.0","1706688000000.0","1706846400000.0"
"99ab2280-2172-4f8a-9e4c-d1f060122947","MomentumMAStrategy","BTC-USDT","Bybit Perpetual","long","43018.1","43046.8","0.05860359286639109","2.7740417978276644","2521.015218285698","-1.0921186825619844","-0.04332059063509462","144000.0","1706846400000.0","1706990400000.0"
"4586c65b-3ab3-4306-b203-7a0666dade83","MomentumMAStrategy","BTC-USDT","Bybit Perpetual","short","43046.8","43434.7","0.05854041892863731","2.7844647817673214","2519.9777055372647","-25.492293284185394","-1.0116078895527523","151200.0","1706990400000.0","1707141600000.0"
"042f9b3b-c5cf-418e-89ca-a4a4d82a0ca3","MomentumMAStrategy","BTC-USDT","Bybit Perpetual","long","43434.7","42368.5","0.05746004984303538","2.7116408817805633","2495.7600269172885","-63.97554602442471","-2.563369287689329","28800.0","1707141600000.0","1707170400000.0"
"99eb56a6-6ad4-46de-a21a-cd571daf5e9b","MomentumMAStrategy","BTC-USDT","Bybit Perpetual","short","42368.5","43261.7","0.05747154745138688","2.7067150564144615","2434.983258194085","-54.04030123999305","-2.2193294782680457","79200.0","1707170400000.0","1707249600000.0"
"4d6cdd2a-d599-4659-920a-8dc9895daa9e","MomentumMAStrategy","BTC-USDT","Bybit Perpetual","long","43261.7","44628.6","0.0550982733460796","2.6634320756279166","2383.6449720160917","72.65039776112837","3.047869905713372","108000.0","1707249600000.0","1707357600000.0"
"c71ad353-71c9-4b37-95dd-5e989d34c835","MomentumMAStrategy","BTC-USDT","Bybit Perpetual","long","44628.6","46046.5","0.054957198968579875","2.740787231707732","2452.6628498891637","75.18302518584176","3.06536323120152","93600.0","1707357600000.0","1707451200000.0"
"3a22c8f6-cd6e-4bce-aecc-eda63c9b4690","MomentumMAStrategy","BTC-USDT","Bybit Perpetual","long","46046.5","47446.0","0.054816038652573236","2.818688671549137","2524.0867238157134","73.8963574227271","2.9276473239008394","36000.0","1707451200000.0","1707487200000.0"
"52f2bf18-131f-4821-abaa-fd56ff78b4d0","MomentumMAStrategy","BTC-USDT","Bybit Perpetual","long","47446.0","47732.6","0.0546787561304916","2.8623361020328844","2594.2882633673044","12.808595404965928","0.4937229060405483","122400.0","1707487200000.0","1707609600000.0"
"bf846cee-fcc5-41dc-a5aa-05d675a337ea","MomentumMAStrategy","BTC-USDT","Bybit Perpetual","short","47732.6","48517.1","0.05460537303649962","2.8906629252331477","2606.4564290020217","-45.7285780723671","-1.7544347783276002","14400.0","1707609600000.0","1707624000000.0"
"1f99ff06-998e-42a0-bffc-98a307e8136e","MomentumMAStrategy","BTC-USDT","Bybit Perpetual","long","48517.1","47887.0","0.05282702964178141","2.8010082365590927","2563.0142798332727","-36.08731961384548","-1.4080030648987647","108000.0","1707624000000.0","1707732000000.0"
"ab267a45-f33a-49a8-820a-167ebfdcfdf4","MomentumMAStrategy","BTC-USDT","Bybit Perpetual","short","47887.0","49925.4","0.0528062172656487","2.8408065651209955","2528.7313262001194","-110.48099983941938","-4.369028796959512","21600.0","1707732000000.0","1707753600000.0"
"9dc33203-e72b-42bc-b324-a0d91bc675e2","MomentumMAStrategy","BTC-USDT","Bybit Perpetual","short","49925.4","49868.100000000006","0.048547921025223054","2.6646218262568286","2423.774376352671","0.11717404848824042","0.004834362869392387","7200.0","1707753600000.0","1707760800000.0"
"3006df53-a86d-47aa-9d59-2f37fceff91c","MomentumMAStrategy","BTC-USDT","Bybit Perpetual","long","49868.1","49524.4","0.04860593629391807","2.657086037701289","2423.8856916987356","-19.36294634192079","-0.7988390875128532","122400.0","1707760800000.0","1707883200000.0"
"ad7a5dfd-1c02-416d-b5c7-aa8136a003fa","MomentumMAStrategy","BTC-USDT","Bybit Perpetual","short","49524.4","51568.3","0.04857183313021279","2.7006417652954644","2405.4908926739104","-101.97661150013744","-4.239326443127026","21600.0","1707883200000.0","1707904800000.0"
"35882901-24c3-4ca5-a274-c17f12c19494","MomentumMAStrategy","BTC-USDT","Bybit Perpetual","long","51568.3","52099.50000000001","0.044768067044071255","2.552553861391254","2308.61311174878","21.228243352419593","0.9195236414619143","158400.0","1707904800000.0","1708063200000.0"
"e8a4b288-4b0b-4c70-8a3e-5f9f78082279","MomentumMAStrategy","BTC-USDT","Bybit Perpetual","short","52099.5","51875.4","0.04469870042771194","2.5561485989057187","2328.7799429335782","7.460830166944463","0.32037506118100667","216000.0","1708063200000.0","1708279200000.0"
"e06be8bf-ee2b-4fb7-ba6a-f105aa0a3406","MomentumMAStrategy","BTC-USDT","Bybit Perpetual","long","51875.4","51813.80000000001","0.04502842834160653","2.5679289415991797","2335.8677315921755","-5.341680127441749","-0.22868076197964984","108000.0","1708279200000.0","1708387200000.0"
"506851fa-c181-4bd3-9339-36f51141b792","MomentumMAStrategy","BTC-USDT","Bybit Perpetual","short","51813.8","51547.00000000001","0.04498402231589085","2.557271493583582","2330.7931354711054","9.4444656602959","0.40520394180700053","244800.0","1708387200000.0","1708632000000.0"
"1ebfaa1f-edcb-4dc4-abe7-10466b0b069e","MomentumMAStrategy","BTC-USDT","Bybit Perpetual","long","51547.0","51264.1","0.045390912717488636","2.5666793165689477","2339.765377848387","-15.40776852434655","-0.6585176731914592","36000.0","1708632000000.0","1708668000000.0"
"45bfd8a9-a371-4da3-8e2e-bfbb2f0bb229","MomentumMAStrategy","BTC-USDT","Bybit Perpetual","short","51264.1","51590.200000000004","0.045355872779396456","2.5657756000876324","2325.1279977502577","-17.35632571344908","-0.7464675377115874","144000.0","1708668000000.0","1708812000000.0"
"5f2b6e9a-45ed-4320-8d3b-99000eaf0222","MomentumMAStrategy","BTC-USDT","Bybit Perpetual","long","51590.2","51596.1","0.044749574305245614","2.5396486495233512","2308.639488322482","-2.275626161122337","-0.098570009420391","108000.0","1708812000000.0","1708920000000.0"
"72bf6d22-8f25-4447-a77f-43a335f0d669","MomentumMAStrategy","BTC-USDT","Bybit Perpetual","short","51596.1","52872.3","0.044702557818699785","2.5685025801748815","2306.477643469416","-59.61790686839974","-2.5848031537267437","43200.0","1708920000000.0","1708963200000.0"
"227dda5f-a643-46ee-a45a-1cda07b50e2d","MomentumMAStrategy","BTC-USDT","Bybit Perpetual","short","52872.3","54531.3","0.04255235032227529","2.5136515871904397","2249.840631944436","-73.10800077184514","-3.249474639839764","14400.0","1708963200000.0","1708977600000.0"
"9eec0106-1c15-49ba-9900-c6b2b8e1d8ad","MomentumMAStrategy","BTC-USDT","Bybit Perpetual","long","54531.3","56660.4","0.0399841564608066","2.4452484814686883","2180.3880312111833","82.68501903923459","3.7922157824955547","50400.0","1708977600000.0","1709028000000.0"
"5592c38d-59ae-4944-8ad6-c17612fa1297","MomentumMAStrategy","BTC-USDT","Bybit Perpetual","long","56660.4","59357.0","0.03986803480558656","2.543962157689512","2258.9387992984566","104.96418049905515","4.646614619734415","86400.0","1709028000000.0","1709114400000.0"
"a2f7b001-f1b2-450c-8dc6-ef6e9229f2cb","MomentumMAStrategy","BTC-USDT","Bybit Perpetual","long","59357.0","61183.4","0.03973675844083358","2.6344366164388013","2358.654770772559","69.9407789998997","2.9652825782974226","151200.0","1709114400000.0","1709265600000.0"
"13d10463-b3d0-4f42-a836-6b5978662f38","MomentumMAStrategy","BTC-USDT","Bybit Perpetual","short","61183.4","62895.5","0.03963654374916176","2.704932311508827","2425.0985108224636","-70.56665886444861","-2.909847107221891","237600.0","1709265600000.0","1709503200000.0"
"5fc6c0ce-ed70-4a33-9e5d-349bbe516f76","MomentumMAStrategy","BTC-USDT","Bybit Perpetual","short","62895.5","63178.50000000001","0.03749171538347318","2.599701788890799","2358.0601849012373","-13.209857242413982","-0.560200173303348","7200.0","1709503200000.0","1709510400000.0"
"bf2dae33-8bb6-4764-b503-a392e9ee5955","MomentumMAStrategy","BTC-USDT","Bybit Perpetual","long","63178.5","66505.4","0.0371251425804814","2.6479933028410905","2345.510820520944","120.86364354816226","5.152977444858606","57600.0","1709510400000.0","1709568000000.0"
"d3b2e3fc-a73e-4270-9fdc-6ac1d2343205","MomentumMAStrategy","BTC-USDT","Bybit Perpetual","long","66505.4","61510.2","0.03699445882427139","2.6047273136854185","2460.3312818916984","-187.39944803268577","-7.616838001124718","100800.0","1709568000000.0","1709668800000.0"
"bffb91ce-3f3c-40f4-9b4b-d27a84cf4e4d","MomentumMAStrategy","BTC-USDT","Bybit Perpetual","short","61510.200000000004","67383.9","0.037104444567903315","2.6303991937188824","2282.3018062606466","-220.5707752522122","-9.66439997756468","57600.0","1709668800000.0","1709726400000.0"
"6cdaebdb-fa65-4bef-a60f-3bef24152f57","MomentumMAStrategy","BTC-USDT","Bybit Perpetual","short","67383.9","67397.2","0.030760457168122417","2.2802605394923336","2072.759569771044","-2.689374619828451","-0.1297485081748057","21600.0","1709726400000.0","1709748000000.0"
"eef6b3b0-449a-49ce-a7d9-f509d055a9e9","MomentumMAStrategy","BTC-USDT","Bybit Perpetual","long","67397.2","67685.8","0.030716478783721093","2.2821007569477683","2070.204663882207","6.582675020034317","0.31797218578814224","165600.0","1709748000000.0","1709913600000.0"
"1413b2e4-2e2b-4225-bca3-d7c4d299d43d","MomentumMAStrategy","BTC-USDT","Bybit Perpetual","short","67685.8","69402.2","0.03067790001966793","2.3130645768429305","2076.45820515124","-54.96861217060079","-2.6472294040995217","136800.0","1709913600000.0","1710050400000.0"
"09ab637a-4af7-4ec9-8b91-5fb9b52c801a","MomentumMAStrategy","BTC-USDT","Bybit Perpetual","long","69402.2","68657.4","0.0291667702693743","2.2147139501749393","2024.238023589169","-23.938124446805002","-1.1825745869727515","79200.0","1710050400000.0","1710129600000.0"
"d6b1cd52-4807-413c-a12b-4b196d2afd7d","MomentumMAStrategy","BTC-USDT","Bybit Perpetual","short","68657.4","71223.8","0.029151945826155733","2.2427950404737107","2001.4968053647044","-77.05834880872004","-3.850036063119211","14400.0","1710129600000.0","1710144000000.0"
"acb919fa-ec74-4f56-962a-c95385c20b1f","MomentumMAStrategy","BTC-USDT","Bybit Perpetual","long","71223.8","71503.2","0.027073694102202072","2.125280925968747","1928.29137399642","5.439109206186354","0.2820688449647368","144000.0","1710144000000.0","1710288000000.0"
"3a91864e-4fc9-4204-9244-d027aa1dfa51","MomentumMAStrategy","BTC-USDT","Bybit Perpetual","short","71503.2","73389.2","0.027040167821052723","2.154853146597305","1933.458527742297","-53.15260965710274","-2.749094893655109","36000.0","1710288000000.0","1710324000000.0"
"f557d0c0-e651-417f-acaf-c17f3cd95094","MomentumMAStrategy","BTC-USDT","Bybit Perpetual","long","73389.2","71097.2","0.025657229518349423","2.038916399894023","1882.9635485680494","-60.8452864559509","-3.2313576384536145","115200.0","1710324000000.0","1710439200000.0"
"655ee2b0-cfed-4b35-ba71-b8517ed594a8","MomentumMAStrategy","BTC-USDT","Bybit Perpetual","short","71097.2","67325.9","0.02567134185924194","1.954428696723818","1825.160526434896","94.85990285703538","5.197345739354016","172800.0","1710439200000.0","1710612000000.0"
"fc3bbe8b-9890-434e-b0c7-e9041c818990","MomentumMAStrategy","BTC-USDT","Bybit Perpetual","short","67325.9","68447.9","0.028447854899066777","2.124360348822202","1915.2774341490797","-34.04285354557513","-1.7774371972747491","108000.0","1710612000000.0","1710720000000.0"
"d8cdede6-e5ef-4cd8-ba0c-5a3b9bc2ed71","MomentumMAStrategy","BTC-USDT","Bybit Perpetual","long","68447.9","65899.1","0.02750905028906341","2.032667108551641","1882.936723280783","-72.14773448531614","-3.8316600655388826","93600.0","1710720000000.0","1710813600000.0"
"2670a439-e903-4005-a4f9-f7ff12693276","MomentumMAStrategy","BTC-USDT","Bybit Perpetual","short","65899.1","67716.9","0.027532946208973","2.023363177361975","1814.3963755197328","-52.07275279603277","-2.869976676464456","158400.0","1710813600000.0","1710972000000.0"
"94adbce4-e417-4920-bb5b-6e643369540c","MomentumMAStrategy","BTC-USDT","Bybit Perpetual","long","67716.9","66223.4","0.02606332038772451","1.9200109234503655","1764.9272603635018","-40.84557992251692","-2.314292539971558","122400.0","1710972000000.0","1711094400000.0"
"883b087a-2f8b-41af-b22e-fdd6717915b5","MomentumMAStrategy","BTC-USDT","Bybit Perpetual","short","66223.4","64980.1","0.02606516668484419","1.880912603424225","1726.1239594371104","30.525909135842443","1.7684656405439707","136800.0","1711094400000.0","1711231200000.0"
"af18c471-8402-4ec1-94ad-49bfd49cbea8","MomentumMAStrategy","BTC-USDT","Bybit Perpetual","long","64980.1","68046.6","0.027010170392414923","1.9761906085573644","1755.123573116161","80.8504968997832","4.606541564263532","144000.0","1711231200000.0","1711375200000.0"
"0d213646-a818-4763-ab5a-8ce8b0cf514d","MomentumMAStrategy","BTC-USDT","Bybit Perpetual","long","68046.6","71019.6","0.02692172048524033","2.059145750939491","1831.931545170955","77.97912925168","4.256661743569847","21600.0","1711375200000.0","1711396800000.0"
"25ffbf5f-df00-429b-a7ed-32635584dc03","MomentumMAStrategy","BTC-USDT","Bybit Perpetual","long","71019.6","70445.1","0.0268378267120633","2.088132807460712","1906.0117179600509","-17.50646425354108","-0.9184867064866601","115200.0","1711396800000.0","1711512000000.0"
"9b2e2028-dde0-4049-b803-67f65d9ae7a5","MomentumMAStrategy","BTC-USDT","Bybit Perpetual","short","70445.1","70837.1","0.026820610332289777","2.084101158198747","1889.3805769191868","-12.59778040845634","-0.6667677524767512","144000.0","1711512000000.0","1711656000000.0"
"435088d8-37e3-4000-912b-1a7728139be6","MomentumMAStrategy","BTC-USDT","Bybit Perpetual","long","70837.1","70497.8","0.026503240329307","2.060208051890215","1877.4126855311529","-11.052757495624157","-0.5887228514436684","64800.0","1711656000000.0","1711720800000.0"
"cbac3457-e740-4576-82cd-60a839a890a5","MomentumMAStrategy","BTC-USDT","Bybit Perpetual","short","70497.8","71135.1","0.026481855687841466","2.062886110147765","1866.9125659103101","-18.939772740009207","-1.0144970410424197","194400.0","1711720800000.0","1711915200000.0"
"295746ed-b4a2-4c8e-9765-b7cd0bc9e893","MomentumMAStrategy","BTC-USDT","Bybit Perpetual","long","71135.1","69212.2","0.025991666305484933","2.006323103661682","1848.9197818073014","-51.98569824247889","-2.8116794873417046","36000.0","1711915200000.0","1711951200000.0"
"250043ae-248d-4f76-a761-08f8a7c114e6","MomentumMAStrategy","BTC-USDT","Bybit Perpetual","short","69212.2","66503.3","0.02600023360732568","1.9407490872742548","1799.5333684769464","68.49128373161012","3.806057999890184","93600.0","1711951200000.0","1712044800000.0"
"c2e362a7-0fe2-4ea3-9bf4-4cff2bad9f57","MomentumMAStrategy","BTC-USDT","Bybit Perpetual","short","66503.3","66150.0","0.02803770772310511","2.0456119496479586","1864.600088021976","7.860110188925158","0.4215440211237681","151200.0","1712044800000.0","1712196000000.0"
"a59e6faa-0027-4542-8ffc-001e21d86ecc","MomentumMAStrategy","BTC-USDT","Bybit Perpetual","long","66150.0","66104.8","0.028300335490573772","2.0585703656313052","1872.067192701455","-3.337745529805157","-0.17829197278911124","21600.0","1712196000000.0","1712217600000.0"
"ef2d07f4-c4b6-4ccb-9f65-df075ee257f8","MomentumMAStrategy","BTC-USDT","Bybit Perpetual","short","66104.8","66291.8","0.028271719065001935","2.0586937141987898","1868.89633444814","-7.345505179354151","-0.3930397338771163","7200.0","1712217600000.0","1712224800000.0"
"ae66b148-94f7-48e8-a6c0-a2d4151b6dce","MomentumMAStrategy","BTC-USDT","Bybit Perpetual","long","66291.8","68847.4","0.028086703099444478","2.087588023123046","1861.9181045277535","69.69079041781701","3.7429568061208043","28800.0","1712224800000.0","1712253600000.0"
"32d1c652-a516-444d-b9f8-fbea771c0cde","MomentumMAStrategy","BTC-USDT","Bybit Perpetual","long","68847.4","67455.8","0.028005768633596616","2.0995017357703656","1928.1243554246796","-41.07232936628317","-2.130170144406312","86400.0","1712253600000.0","1712340000000.0"
"e027076d-29b6-4829-84c0-1bae051ef97c","MomentumMAStrategy","BTC-USDT","Bybit Perpetual","short","67455.8","68259.5","0.028005088406433704","2.09039543603312","1889.1056425267107","-24.598084988283805","-1.3021021394750298","93600.0","1712340000000.0","1712433600000.0"
"d89dbd5d-f0e9-4847-940f-ad189a61537a","MomentumMAStrategy","BTC-USDT","Bybit Perpetual","long","68259.5","70745.4","0.02733300803240342","2.0896821265338885","1865.737461787841","65.85744254121761","3.5298343893523896","129600.0","1712433600000.0","1712563200000.0"
"2bdb7597-678e-483d-be38-d09c8f2bf82c","MomentumMAStrategy","BTC-USDT","Bybit Perpetual","long","70745.4","70858.3","0.027256924580283635","2.1228247541540104","1928.3020322019977","0.95448203096025","0.04949857517239104","100800.0","1712563200000.0","1712664000000.0"
"a9e4c023-d97b-4682-ac0e-8aaa33751ee6","MomentumMAStrategy","BTC-USDT","Bybit Perpetual","short","70858.3","68300.0","0.02722629233458056","2.0838205061207944","1929.2087901314098","67.56920317343673","3.5024308161499826","93600.0","1712664000000.0","1712757600000.0"
"4d698bc3-367a-46f4-8d69-07d219ab3862","MomentumMAStrategy","BTC-USDT","Bybit Perpetual","short","68300.0","70900.5","0.029185937527762443","2.234483403258313","1993.399533146175","-78.13251394420455","-3.91956116398243","50400.0","1712757600000.0","1712808000000.0"
"841a423d-dde7-4068-8181-ff7e4922859b","MomentumMAStrategy","BTC-USDT","Bybit Perpetual","long","70900.5","69934.4","0.027068548809940418","2.096708000636193","1919.1736448991805","-28.247633005919788","-1.4718643662597666","122400.0","1712808000000.0","1712930400000.0"
"a7a66915-486e-4d92-a8b0-22f0723a4945","MomentumMAStrategy","BTC-USDT","Bybit Perpetual","short","69934.4","65928.3","0.02705876354903391","2.0219521709383317","1892.338393543557","106.37816048284618","5.621518901999576","43200.0","1712930400000.0","1712973600000.0"
"f7772839-4f24-44e0-9d99-5d5f907b98b1","MomentumMAStrategy","BTC-USDT","Bybit Perpetual","short","65928.3","65107.9","0.030235841755395794","2.179094394085617","1993.3976460022607","22.62639018204114","1.1350665647377551","180000.0","1712973600000.0","1713153600000.0"
"dbdc6f90-4bfb-4b1f-a1ff-560913135610","MomentumMAStrategy","BTC-USDT","Bybit Perpetual","long","65107.9","63392.7","0.030946977504653042","2.1871878476439304","2014.8927166751998","-55.26744366362497","-2.7429472153148917","72000.0","1713153600000.0","1713225600000.0"
"17185850-8a93-4b90-b3b0-0523c8befa94","MomentumMAStrategy","BTC-USDT","Bybit Perpetual","short","63392.7","63429.1","0.030956066632195123","2.159247250168208","1962.3886451947558","-3.2860480755801555","-0.16745144156977296","252000.0","1713225600000.0","1713477600000.0"
"55e5ebaa-6a59-4c8d-a757-5cf62a7b9201","MomentumMAStrategy","BTC-USDT","Bybit Perpetual","long","63429.1","64632.0","0.03088908560145035","2.1756296540637416","1959.2668995229544","34.98085141592093","1.7854051137411717","259200.0","1713477600000.0","1713736800000.0"
"0f74a1cd-c1f2-45f4-ac0f-0099bf3dca27","MomentumMAStrategy","BTC-USDT","Bybit Perpetual","short","64632.0","65943.7","0.03082836224112018","2.21398923871831","1992.4987083680796","-42.65155199039556","-2.1406062554152694","36000.0","1713736800000.0","1713772800000.0"
"a1382376-6487-48f1-a10a-72f817a3b5b7","MomentumMAStrategy","BTC-USDT","Bybit Perpetual","long","65943.7","66323.5","0.029600700809587634","2.1533609977670394","1951.979733977204","9.08898516971443","0.4656290744984023","136800.0","1713772800000.0","1713909600000.0"
"18bf0b02-3180-49d4-a0b2-6cd37d6ab022","MomentumMAStrategy","BTC-USDT","Bybit Perpetual","short","66323.5","63960.9","0.02956138125835387","2.1182627512287335","1960.614269888433","67.72345660975809","3.454195843102368","79200.0","1713909600000.0","1713988800000.0"
"6bb42a8c-0480-40c3-a706-3aa94eef1735","MomentumMAStrategy","BTC-USDT","Bybit Perpetual","short","63960.9","64454.1","0.03165920982456005","2.236034586291484","2024.9515536677031","-17.85035687176441","-0.8815201943687426","136800.0","1713988800000.0","1714125600000.0"
"2ee15654-ac1f-44d6-b3a0-dbd6822851b5","MomentumMAStrategy","BTC-USDT","Bybit Perpetual","long","64454.1","63748.8","0.031153855451236254","2.196708038266113","2007.9937146395266","-24.169522288022907","-1.2036652361913294","50400.0","1714125600000.0","1714176000000.0"
"2fa3488d-7cd0-460b-9e7c-d7bf92e980db","MomentumMAStrategy","BTC-USDT","Bybit Perpetual","short","63748.8","63728.4","0.031138353482197387","2.183186562986425","1985.0326684659049","-1.547964151949553","-0.07798179730441757","122400.0","1714176000000.0","1714298400000.0"
"50bed5a7-4328-45b2-a503-a1cbf30cd0b4","MomentumMAStrategy","BTC-USDT","Bybit Perpetual","long","63728.4","62259.9","0.0311252456129693","2.156779230023253","1983.5621025215528","-47.86420241266867","-2.4130427956766525","64800.0","1714298400000.0","1714363200000.0"
"778ff31a-e582-4891-a7c8-5be7fb1e0e29","MomentumMAStrategy","BTC-USDT","Bybit Perpetual","short","62259.9","59276.2","0.03112904309562844","2.0808163720160344","1938.0911102295172","90.79890951241069","4.684965997375525","144000.0","1714363200000.0","1714507200000.0"
"8634c4d7-03af-495a-84d1-b82f9625c100","MomentumMAStrategy","BTC-USDT","Bybit Perpetual","short","59276.2","59170.0","0.03415114454479719","2.224790313340076","2024.350074266307","1.4020612373172856","0.06925982097367422","165600.0","1714507200000.0","1714672800000.0"
"f52c4b8e-63c6-40c5-94ed-e703fdf7e499","MomentumMAStrategy","BTC-USDT","Bybit Perpetual","long","59170.0","62031.90000000001","0.03423495069193439","2.28213758864782","2025.6820324417579","95.69486779659952","4.724081384147388","93600.0","1714672800000.0","1714766400000.0"
"b6cea523-21e7-4a82-9ca8-ae459e4b276a","MomentumMAStrategy","BTC-USDT","Bybit Perpetual","long","62031.9","64397.99999999999","0.0341210273560624","2.3726549420883285","2116.5921568485273","78.36110788509062","3.7022299091273867","158400.0","1714766400000.0","1714924800000.0"
"ee2ccdbb-ffb0-4c37-b460-c0a8727830cf","MomentumMAStrategy","BTC-USDT","Bybit Perpetual","long","64398.0","63846.0","0.0340233424848499","2.3998092434949","2191.035209339364","-21.180694295132046","-0.966698034100438","14400.0","1714924800000.0","1714939200000.0"
"1adeb478-f7d6-42ea-93f4-de713950bf52","MomentumMAStrategy","BTC-USDT","Bybit Perpetual","short","63845.99999999999","61464.00000000001","0.03400234235126693","2.3434584360204926","2170.913549758988","78.65012104469683","3.622904332299573","266400.0","1714939200000.0","1715205600000.0"
"6e3bca43-641c-4986-9ac0-fb5bfcc48fda","MomentumMAStrategy","BTC-USDT","Bybit Perpetual","short","61464.0","63050.09999999999","0.03653571464192781","2.5020663945730552","2245.6311647514513","-60.45136338813444","-2.6919542415072093","93600.0","1715205600000.0","1715299200000.0"
"7cf1923f-0b05-48ff-8879-8e155f6c89ad","MomentumMAStrategy","BTC-USDT","Bybit Perpetual","long","63050.1","60368.399999999994","0.03470577159326826","2.355833849261078","2188.202369532723","-95.42630153092871","-4.3609449866058965","64800.0","1715299200000.0","1715364000000.0"
"3d2e2d3f-03c6-4db2-b592-52ccbaa3954c","MomentumMAStrategy","BTC-USDT","Bybit Perpetual","long","60368.4","60697.700000000004","0.034745783937926815","2.3135951040440927","2097.547383078341","9.128191546715307","0.43518404496392626","14400.0","1715364000000.0","1715378400000.0"
"afc6ea60-a96c-4166-a1f0-1f1a30b689d1","MomentumMAStrategy","BTC-USDT","Bybit Perpetual","short","60697.7","61585.0","0.03470014786470856","2.3337752742126887","2106.2191650477207","-33.1232164745687","-1.572638641991382","158400.0","1715378400000.0","1715536800000.0"
"d35d9b68-8a31-4db8-ab45-b292b7fb19b0","MomentumMAStrategy","BTC-USDT","Bybit Perpetual","long","61585.0","61670.5","0.033689244286707484","2.283811557049151","2074.7521093968803","0.5966188294643389","0.028756150036534863","158400.0","1715536800000.0","1715695200000.0"
"e4ad9dd5-1976-4a2b-ba0c-c5ed3d96900a","MomentumMAStrategy","BTC-USDT","Bybit Perpetual","short","61670.5","64106.7","0.03365172809179221","2.327941074000832","2075.3188972848716","-84.31028105122492","-4.062521724325239","86400.0","1715695200000.0","1715781600000.0"
"1019c736-a466-4c75-96cb-9c84837f39fb","MomentumMAStrategy","BTC-USDT","Bybit Perpetual","short","64106.7","64685.5","0.031123488344996824","2.204654394594575","1995.2241302862078","-20.218929448678825","-1.0133663252047023","7200.0","1715781600000.0","1715788800000.0"
"caf8c585-ff71-48df-9bcb-b47d103ecdd5","MomentumMAStrategy","BTC-USDT","Bybit Perpetual","long","64685.5","66350.6","0.03054805400452903","2.2015938226385767","1976.0161473099627","48.66397090030289","2.46273143903967","144000.0","1715788800000.0","1715932800000.0"
"1d22b7e3-ca9d-4377-9996-42610028d035","MomentumMAStrategy","BTC-USDT","Bybit Perpetual","short","66350.6","66980.0","0.030478200945662143","2.2350222504531354","2022.2469196652507","-21.41800192565271","-1.0591190283132241","57600.0","1715932800000.0","1715990400000.0"
"9dc237dd-50c2-4b6e-97f6-8c0c36631d7f","MomentumMAStrategy","BTC-USDT","Bybit Perpetual","long","66980.0","67069.5","0.02988802355682115","2.2035610375790533","2001.8998178358806","0.47141707075643957","0.0235484846222753","108000.0","1715990400000.0","1716098400000.0"
"34ea36a9-2a9b-4557-9adf-d87796427a5a","MomentumMAStrategy","BTC-USDT","Bybit Perpetual","short","67069.5","69996.4","0.02985481722769812","2.250642565957471","2002.347664053099","-89.63270710970693","-4.476380836296669","136800.0","1716098400000.0","1716235200000.0"
"c4320d21-0f9b-43a3-a532-aa1e02c5c67d","MomentumMAStrategy","BTC-USDT","Bybit Perpetual","long","69996.4","69759.6","0.027389931372168816","2.1053489868668542","1917.1965922988772","-8.591284735796112","-0.44811704601949304","129600.0","1716235200000.0","1716364800000.0"
"a3cd36ff-af31-4b3c-8b18-2f687f1ca008","MomentumMAStrategy","BTC-USDT","Bybit Perpetual","short","69759.6","67239.0","0.027365909090646606","2.062000178230222","1909.034871799871","66.91651027565378","3.5052534274852576","129600.0","1716364800000.0","1716494400000.0"
"5f33c344-90d2-4cbb-8db0-e00dc35e65ea","MomentumMAStrategy","BTC-USDT","Bybit Perpetual","short","67239.0","68622.0","0.029337223286511435","2.1921814711108016","1972.6055565617423","-42.76556127635612","-2.1679732744389417","108000.0","1716494400000.0","1716602400000.0"
"90748c94-0289-4c02-af91-a2e84c6334aa","MomentumMAStrategy","BTC-USDT","Bybit Perpetual","long","68622.0","68864.6","0.02815391963727673","2.128932678181326","1931.9782733492038","4.701208225822173","0.2433364955845149","136800.0","1716602400000.0","1716739200000.0"
"fd3d1282-28b1-40b4-b5c0-a2f01299581c","MomentumMAStrategy","BTC-USDT","Bybit Perpetual","short","68864.6","69835.7","0.0281195915051236","2.145107677700952","1936.4444211637347","-29.452042988326234","-1.5209340720776585","108000.0","1716739200000.0","1716847200000.0"
"e9a46243-cc0f-4593-9cb8-30eb9ebce21c","MomentumMAStrategy","BTC-USDT","Bybit Perpetual","long","69835.7","68070.0","0.027327927984180368","2.0727723710143904","1908.4649803248249","-50.32569481268158","-2.636972400935334","21600.0","1716847200000.0","1716868800000.0"
"36328f2c-2f86-45c8-b645-a98a2b94acc5","MomentumMAStrategy","BTC-USDT","Bybit Perpetual","short","68070.0","69366.5","0.027334443517743168","2.06621263558947","1860.6555702527774","-37.50531865634349","-2.01570453209931","223200.0","1716868800000.0","1717092000000.0"
"af58d00f-b854-44f9-aa83-dc6a561fceab","MomentumMAStrategy","BTC-USDT","Bybit Perpetual","long","69366.5","67252.7","0.02630989768157902","1.9769404453365493","1825.0255175292511","-57.59080216465836","-3.155616270101566","79200.0","1717092000000.0","1717171200000.0"
"6819aa73-d490-4662-a697-be1fb30ac486","MomentumMAStrategy","BTC-USDT","Bybit Perpetual","short","67252.7","68284.1","0.026323318699068225","1.962278110018529","1770.3142554728256","-29.112149016237723","-1.644462214899935","158400.0","1717171200000.0","1717329600000.0"
"6bd92345-9e90-4a03-a4bb-074180cb87c4","MomentumMAStrategy","BTC-USDT","Bybit Perpetual","long","68284.1","67805.9","0.025520695358178545","1.9102112872119852","1742.6577139073997","-14.114207807493262","-0.809924272268378","43200.0","1717329600000.0","1717372800000.0"
"ed9bf0d6-c06f-45f0-8741-79e9a61d6aa8","MomentumMAStrategy","BTC-USDT","Bybit Perpetual","short","67805.9","68521.5","0.02550293140405601","1.912211581881318","1729.2492164902812","-20.16210929462395","-1.1659458395213484","7200.0","1717372800000.0","1717380000000.0"
"28622c90-4110-47e0-85cd-7a79a2b5ffc9","MomentumMAStrategy","BTC-USDT","Bybit Perpetual","long","68521.5","70492.0","0.024957060377551403","1.9081525720371082","1710.0952126603884","47.269734901927926","2.7641580744729755","136800.0","1717380000000.0","1717516800000.0"
"bb5fb82f-c0db-4ffc-a863-51aeccefa368","MomentumMAStrategy","BTC-USDT","Bybit Perpetual","long","70492.0","71163.5","0.02489646287262696","1.9396964930493747","1755.0014608172198","14.77827832591963","0.8420664401634227","165600.0","1717516800000.0","1717682400000.0"
"b64f736a-21da-4c05-8a42-f6c5a7950f41","MomentumMAStrategy","BTC-USDT","Bybit Perpetual","short","71163.5","69342.8","0.02485882264400772","1.9210516556361583","1769.0408252268435","43.33940673230863","2.449881659839661","144000.0","1717682400000.0","1717826400000.0"
"7abad3d2-95f3-440a-996e-9307cb5d7d6f","MomentumMAStrategy","BTC-USDT","Bybit Perpetual","short","69342.8","69742.6","0.02610528074468491","1.9969748779677394","1810.2132616225367","-12.433866119692842","-0.686872999071285","136800.0","1717826400000.0","1717963200000.0"
"a01de79b-95c3-49dd-be37-ad8673c91ac3","MomentumMAStrategy","BTC-USDT","Bybit Perpetual","long","69742.6","69616.2","0.0257862639019599","1.9764485366232472","1798.4010888088287","-5.235832293831203","-0.2911381852698475","93600.0","1717963200000.0","1718056800000.0"
"1dbbf1c7-b49c-4fae-a1ef-832968cef03d","MomentumMAStrategy","BTC-USDT","Bybit Perpetual","short","69616.2","67930.4","0.02576163375952277","1.948883823737166","1793.427048129689","41.4800783680664","2.3128946567034734","28800.0","1718056800000.0","1718085600000.0"
"1cd533ed-be75-4d44-9c92-86efb6ae5b7e","MomentumMAStrategy","BTC-USDT","Bybit Perpetual","short","67930.4","69738.0","0.026981044165489267","2.0429404493257337","1832.833122579352","-50.81387588286429","-2.772422391153307","122400.0","1718085600000.0","1718208000000.0"
"6d158830-3d6c-447e-aff5-e39722352b53","MomentumMAStrategy","BTC-USDT","Bybit Perpetual","long","69738.0","67426.7","0.02558949124567138","1.9304861894258278","1784.5599404906309","-61.075477305546165","-3.4224391078034966","64800.0","1718208000000.0","1718272800000.0"
"e78c9fb4-0fa6-4cc3-b2d1-905eb9d8b065","MomentumMAStrategy","BTC-USDT","Bybit Perpetual","long","67426.7","67580.5","0.025606150635436142","1.90135808503765","1726.538237050362","2.0368678826925035","0.11797409631496561","14400.0","1718272800000.0","1718287200000.0"
"2d3d7715-84cc-4a8f-a7f1-9640d7ade788","MomentumMAStrategy","BTC-USDT","Bybit Perpetual","short","67580.5","65401.0","0.025576508926967396","1.8706613870293332","1728.47326153892","53.873339819296106","3.1168165003218387","100800.0","1718287200000.0","1718388000000.0"
"36421146-4e5c-4167-932e-3f0897f5a0ed","MomentumMAStrategy","BTC-USDT","Bybit Perpetual","short","65401.0","66129.6","0.027211402491815896","1.9685226531245221","1779.6529343672514","-21.794750508661743","-1.2246629715142061","122400.0","1718388000000.0","1718510400000.0"
"51e344b8-8388-48d9-a603-4c56c4a17546","MomentumMAStrategy","BTC-USDT","Bybit Perpetual","long","66129.6","65696.3","0.02659849630700961","1.9285038928750202","1758.947921384023","-13.453632342702363","-0.7648681452783669","108000.0","1718510400000.0","1718618400000.0"
"b1a3a58e-2b22-4795-909e-42c56de7d155","MomentumMAStrategy","BTC-USDT","Bybit Perpetual","short","65696.3","65134.9","0.026579380736182337","1.9125767523343904","1746.1669706584557","13.009087592958412","0.7450082272517652","230400.0","1718618400000.0","1718848800000.0"
"6f9e848e-60c8-4306-83bf-48d11fd29c02","MomentumMAStrategy","BTC-USDT","Bybit Perpetual","long","65134.9","65012.3","0.02699820839322339","1.932557675066988","1758.5256038717662","-5.242538024076136","-0.29812122226333126","72000.0","1718848800000.0","1718920800000.0"
"855a8311-5bba-4065-b1d9-739272cf38d1","MomentumMAStrategy","BTC-USDT","Bybit Perpetual","short","65012.3","64229.4","0.02697251432035006","1.9172854822200125","1753.5451927488941","19.199495979182085","1.0948959889128693","158400.0","1718920800000.0","1719079200000.0"
"ea1a65a8-c225-4328-9c2c-4ecd6cb4b98c","MomentumMAStrategy","BTC-USDT","Bybit Perpetual","long","64229.4","64128.7","0.027585260237976954","1.9474353756837486","1771.784713929117","-4.725271081648149","-0.2666955553064553","93600.0","1719079200000.0","1719172800000.0"
"eff5d9e6-7230-4e12-8889-e4f16ea4c216","MomentumMAStrategy","BTC-USDT","Bybit Perpetual","short","64128.69999999999","63194.9","0.027558576836916256","1.929871467564035","1767.2957064015513","23.804327582748044","1.3469351787888861","14400.0","1719172800000.0","1719187200000.0"
"caaf1e7c-a94d-49ec-8bb8-2e9148662404","MomentumMAStrategy","BTC-USDT","Bybit Perpetual","short","63194.9","61370.0","0.02832364348397041","1.9404725000190344","1789.9098176051618","49.747344493878614","2.779321282255374","36000.0","1719187200000.0","1719223200000.0"
"d6754072-d98a-4b43-a0bd-ff715ae1fe70","MomentumMAStrategy","BTC-USDT","Bybit Perpetual","short","61370.0","59294.7","0.029935958854071153","1.9867174218863617","1837.1697948743467","60.13937798796759","3.2734795747107754","36000.0","1719223200000.0","1719259200000.0"
"49c113f0-08d6-4f75-81b6-3c9ab4714cf2","MomentumMAStrategy","BTC-USDT","Bybit Perpetual","short","59294.7","61776.0","0.031947243243711766","2.12733130642255","1894.3022039629159","-81.39802596704465","-4.296992623286741","72000.0","1719259200000.0","1719331200000.0"
"cd291a4b-a873-4165-91ad-3d2a85156e79","MomentumMAStrategy","BTC-USDT","Bybit Perpetual","short","61776.0","61344.2","0.029412297320872558","1.9916863607329116","1816.9740792942232","10.708543622419944","0.5893613862988909","7200.0","1719331200000.0","1719338400000.0"
"a6f922af-56c2-4c97-84ad-7efa1932e391","MomentumMAStrategy","BTC-USDT","Bybit Perpetual","long","61344.2","61047.2","0.029785166254275425","2.0049965084014385","1827.1471957355225","-10.85119088592124","-0.5938870667479567","115200.0","1719338400000.0","1719453600000.0"
"feef190e-bc0e-40cf-9b68-b239a02b184e","MomentumMAStrategy","BTC-USDT","Bybit Perpetual","short","61047.2","62061.1","0.029761210414136884","2.015118611014678","1816.838564393897","-32.19000984990811","-1.7717594992071732","86400.0","1719453600000.0","1719540000000.0"
"cdcdb10a-8650-492f-8c71-9e1d91960c1f","MomentumMAStrategy","BTC-USDT","Bybit Perpetual","long","62061.1","60132.2","0.028782249348408014","1.934348916117654","1786.2580550364846","-57.452429684261915","-3.216356646917314","64800.0","1719540000000.0","1719604800000.0"
"dba4b73f-0447-4656-9f9b-9bcace9c66e5","MomentumMAStrategy","BTC-USDT","Bybit Perpetual","short","60132.2","60982.4","0.02879785284483913","1.9183122354888544","1731.6782468364356","-26.40224672417121","-1.5246623772288466","100800.0","1719604800000.0","1719705600000.0"
"4bd5d389-26db-46b4-899d-8a1cfbfc2e7a","MomentumMAStrategy","BTC-USDT","Bybit Perpetual","long","60982.4","62766.0","0.02798505982789252","1.9047085076832864","1706.596112448473","48.00944420134577","2.8131696686256995","86400.0","1719705600000.0","1719792000000.0"
"0447c615-cfe1-4180-bec4-7a32336a5326","MomentumMAStrategy","BTC-USDT","Bybit Perpetual","long","62766.0","62625.3","0.027916468859569697","1.925265276941029","1752.2050844397515","-5.853112445482404","-0.3340426584456507","136800.0","1719792000000.0","1719928800000.0"
"62740759-ba34-4c48-9c7a-d113fe1e0983","MomentumMAStrategy","BTC-USDT","Bybit Perpetual","short","62625.3","60983.5","0.0278903993692093","1.8961243386517952","1746.6446276165432","43.89433334571611","2.5130660611605897","50400.0","1719928800000.0","1719979200000.0"
"26579a6b-d74a-4bdf-8307-34bceef70243","MomentumMAStrategy","BTC-USDT","Bybit Perpetual","short","60983.5","58561.7","0.029325050944845305","1.9281179941164464","1788.3442442949736","69.09129038411","3.8634223027540284","79200.0","1719979200000.0","1720058400000.0"
"09d3148d-01c1-4ea3-9aa7-0bfc74c446fd","MomentumMAStrategy","BTC-USDT","Bybit Perpetual","short","58561.7","55214.6","0.031658592051799696","1.9810986067747478","1853.980970159878","103.98337484980397","5.608653838600994","93600.0","1720058400000.0","1720152000000.0"
"c081d8ee-72d7-43de-b31c-5511e58d75b1","MomentumMAStrategy","BTC-USDT","Bybit Perpetual","short","55214.6","56342.0","0.03536682646016075","2.1699716019770627","1952.7651762671915","-42.042531753162336","-2.152974267675581","93600.0","1720152000000.0","1720245600000.0"
"c45a8e0b-0442-472f-b056-16bd84e8a3fa","MomentumMAStrategy","BTC-USDT","Bybit Perpetual","long","56342.0","55830.9","0.03395024619469822","2.094563664255295","1912.824771101687","-19.44653449436551","-1.01663962053175","151200.0","1720245600000.0","1720396800000.0"
"b55cacbf-d157-4862-a035-6a069138a987","MomentumMAStrategy","BTC-USDT","Bybit Perpetual","short","55830.9","56686.4","0.033930145552588976","2.099750601401376","1894.3505633320399","-31.126990121641246","-1.643148355122343","86400.0","1720396800000.0","1720483200000.0"
"28cfc2c6-dfb6-40a1-a24f-e2596d5de224","MomentumMAStrategy","BTC-USDT","Bybit Perpetual","long","56686.4","57540.5","0.03289642529277712","2.066711175251538","1864.779922716481","26.030125667309356","1.3958819134748346","187200.0","1720483200000.0","1720670400000.0"
"ddf9a901-ce36-47a3-9422-aa12b46cff82","MomentumMAStrategy","BTC-USDT","Bybit Perpetual","short","57540.5","57792.4","0.032837888827876444","2.0830089216181253","1889.5085421004244","-10.354873117360249","-0.5480193863452724","172800.0","1720670400000.0","1720843200000.0"
"f604a915-5c0e-4ca9-9821-2cfec9267f7c","MomentumMAStrategy","BTC-USDT","Bybit Perpetual","long","57792.4","59679.7","0.03252454323819278","2.1013995176522187","1879.6714126389325","59.282170935788876","3.1538581976176725","79200.0","1720843200000.0","1720922400000.0"
"3724c1d6-2a3c-41c1-88a0-d2f54dbd8ff6","MomentumMAStrategy","BTC-USDT","Bybit Perpetual","long","59679.7","62617.3","0.03243966499543282","2.182000540470546","1935.989475027932","93.1127593501131","4.809569501857426","93600.0","1720922400000.0","1721016000000.0"
"845eecd3-6971-45bc-ad5d-51c37aab4634","MomentumMAStrategy","BTC-USDT","Bybit Perpetual","long","62617.3","64811.899999999994","0.03233046772075032","2.2659151005045706","2024.4465964105393","68.6865293594538","3.3928545944970336","79200.0","1721016000000.0","1721095200000.0"
"1e83ded6-ccf5-4e34-bb57-289f22b7756b","MomentumMAStrategy","BTC-USDT","Bybit Perpetual","long","64811.9","64640.1","0.03224251718128956","2.295622083783763","2089.6987993020207","-7.834886535529403","-0.37492898680643977","172800.0","1721095200000.0","1721268000000.0"
"b80b9d43-f611-4279-bc1e-fa3a61d1ab4c","MomentumMAStrategy","BTC-USDT","Bybit Perpetual","short","64640.100000000006","65791.5","0.03221306367244586","2.3108807896344445","2082.255657093268","-39.40100230208842","-1.8922269303419923","136800.0","1721268000000.0","1721404800000.0"
"3174fd36-98d5-4ae1-81dd-c50a5ea7ff4b","MomentumMAStrategy","BTC-USDT","Bybit Perpetual","long","65791.5","66620.9","0.031080378238925763","2.263485111538164","2044.8247049062843","23.514580599826683","1.1499558149608904","180000.0","1721404800000.0","1721584800000.0"
"5fd18a25-b7b0-48af-ab41-00a754c3b209","MomentumMAStrategy","BTC-USDT","Bybit Perpetual","short","66620.9","68169.8","0.031028754587165884","2.300313153012765","2067.1635564761195","-50.360751133074274","-2.436224795822345","14400.0","1721584800000.0","1721599200000.0"
"8c629df5-4cd9-419e-b430-e7de368d042b","MomentumMAStrategy","BTC-USDT","Bybit Perpetual","long","68169.8","66550.0","0.029621927054204338","2.194863048596349","2019.320842899699","-50.17646049099662","-2.4848186293637395","122400.0","1721599200000.0","1721721600000.0"
"3f581e75-cc5d-4405-a3d4-3d1362232afe","MomentumMAStrategy","BTC-USDT","Bybit Perpetual","short","66550.0","64074.0","0.029626644709740822","2.1284729612108517","1971.6532054332517","71.22709934010743","3.6125571750563488","158400.0","1721721600000.0","1721880000000.0"
"e61d6aee-d04b-4f56-bab4-e4737874e085","MomentumMAStrategy","BTC-USDT","Bybit Perpetual","short","64074.0","66402.1","0.03182755797681359","2.2840046005361905","2039.3189498063539","-76.38174232635609","-3.7454534678652895","79200.0","1721880000000.0","1721959200000.0"
"0558c505-77c3-4050-abb6-a1929eae7984","MomentumMAStrategy","BTC-USDT","Bybit Perpetual","short","66402.1","67014.0","0.029618886971892685","2.1734000123719026","1966.7562945963155","-20.297196950472866","-1.0320138293818935","7200.0","1721959200000.0","1721966400000.0"
"9c5d097b-79be-4433-8091-d9ea6d004ec4","MomentumMAStrategy","BTC-USDT","Bybit Perpetual","long","67014.0","69205.9","0.029060703099253384","2.1772553385604922","1947.4739574933662","61.52089978469283","3.1590101396722985","122400.0","1721966400000.0","1722088800000.0"
"8713c46e-c9ca-4562-b89d-a755efc54bee","MomentumMAStrategy","BTC-USDT","Bybit Perpetual","long","69205.9","67396.5","0.028984794826580174","2.17766589525014","2005.9188122888247","-54.622753654464134","-2.723078986040199","57600.0","1722088800000.0","1722146400000.0"
"ac50c8dd-8869-4417-97cf-fd82cf57ca77","MomentumMAStrategy","BTC-USDT","Bybit Perpetual","short","67396.5","69626.8","0.028993007000616997","2.184994622881204","1954.0271963170835","-66.84809813635738","-3.4210423612502177","86400.0","1722146400000.0","1722232800000.0"
"0fbdaa75-98b9-4dc3-ac16-6fcf26d45f94","MomentumMAStrategy","BTC-USDT","Bybit Perpetual","long","69626.8","66980.8","0.027152210112881013","2.0400590420190223","1890.5215030875438","-73.88480700070218","-3.9081706756593726","43200.0","1722232800000.0","1722276000000.0"
"9f1b430c-5c14-46c0-8253-9dae1d57d8b0","MomentumMAStrategy","BTC-USDT","Bybit Perpetual","long","66980.8","66750.0","0.027176906463298088","1.9989141935741135","1820.3309364368768","-8.271344205303391","-0.4543868392136297","21600.0","1722276000000.0","1722297600000.0"
"3d2bf6d0-3d54-47e9-8613-3fa571afd586","MomentumMAStrategy","BTC-USDT","Bybit Perpetual","short","66750.0","64601.8","0.02715315594669421","1.961638750103444","1812.4731594418386","56.36877085458498","3.1100472059925046","172800.0","1722297600000.0","1722470400000.0"
"f2c28e8e-4f68-4da3-9fe5-3aca98f27c35","MomentumMAStrategy","BTC-USDT","Bybit Perpetual","short","64601.80000000001","64640.0","0.028885007720430296","2.05323271494127","1866.023491753694","-3.1566400098614134","-0.16916400162223008","129600.0","1722470400000.0","1722600000000.0"
"78b3d5e4-01c3-43a8-a059-07129f9c8be0","MomentumMAStrategy","BTC-USDT","Bybit Perpetual","long","64640.0","62619.7","0.028821545231193155","2.0173016598119395","1863.0246837443256","-60.24546949039156","-3.2337451036509943","28800.0","1722600000000.0","1722628800000.0"
"0ddf7514-0b00-4df6-8a03-75a212cd07fe","MomentumMAStrategy","BTC-USDT","Bybit Perpetual","short","62619.7","59070.0","0.028837434349389308","1.9300703041107843","1805.7914877284536","100.43417040591636","5.561781140759214","158400.0","1722628800000.0","1722787200000.0"
"1d693545-e285-4cbc-9f3f-d59dfa641c5c","MomentumMAStrategy","BTC-USDT","Bybit Perpetual","short","59070.0","54389.5","0.03218560943988614","2.0084697348346188","1901.2039496140742","148.63627524855247","7.818007914338921","36000.0","1722787200000.0","1722823200000.0"
"2fc78c98-31b5-4260-b6ab-df8c57333639","MomentumMAStrategy","BTC-USDT","Bybit Perpetual","short","54389.5","55185.0","0.03755152025850944","2.2630789811113234","2042.4084111001991","-32.13531334675558","-1.5734029086496473","115200.0","1722823200000.0","1722938400000.0"
"5b9f2318-f576-486f-92ba-c7501cadca45","MomentumMAStrategy","BTC-USDT","Bybit Perpetual","long","55185.0","55102.9","0.03645700577006037","2.211421633667313","2011.8798634207815","-5.204541807389216","-0.25869048654525423","136800.0","1722938400000.0","1723075200000.0"
"dfceb4ec-f72e-4095-87a4-87b3a50b6aef","MomentumMAStrategy","BTC-USDT","Bybit Perpetual","short","55102.9","57247.90000000001","0.036421595754556696","2.2505974811655767","2006.9355487037622","-80.37492037468995","-4.004858074620405","50400.0","1723075200000.0","1723125600000.0"
"fd940db1-da39-4c49-b3e4-7f75c0df6518","MomentumMAStrategy","BTC-USDT","Bybit Perpetual","long","57247.9","61154.700000000004","0.033723147475240266","2.196099587688536","1930.5793743478073","129.55349296858023","6.710601733862731","28800.0","1723125600000.0","1723154400000.0"
"33d89e83-6c20-4a7f-8020-d6630c9eb020","MomentumMAStrategy","BTC-USDT","Bybit Perpetual","long","61154.7","60809.5","0.03358131415358032","2.252644963629556","2053.6551926679585","-13.844914609445386","-0.6741596475822743","122400.0","1723154400000.0","1723276800000.0"
"a3795828-04b6-4944-bb1d-bf013b731e2f","MomentumMAStrategy","BTC-USDT","Bybit Perpetual","short","60809.5","61054.8","0.03355565370195422","2.249079937187083","2040.5025237889852","-10.480281790276551","-0.5136127825422063","72000.0","1723276800000.0","1723348800000.0"
"9762abd4-324a-43cc-a697-291129a4ba85","MomentumMAStrategy","BTC-USDT","Bybit Perpetual","long","61054.8","60100.0","0.03325776607389137","2.216135898421002","2030.5462560882231","-33.97065094577258","-1.6729808958509451","43200.0","1723348800000.0","1723392000000.0"
"64941a9d-bab5-4e31-b8b7-0c8d6d1dfc1a","MomentumMAStrategy","BTC-USDT","Bybit Perpetual","short","60100.0","59209.0","0.03324915370532011","2.1818078036854205","1998.2741376897386","27.4431881477548","1.3733445091514145","144000.0","1723392000000.0","1723536000000.0"
"6f6064a5-ad02-428c-bc1d-ca476e3167b9","MomentumMAStrategy","BTC-USDT","Bybit Perpetual","long","59209.0","58884.8","0.03418982192622922","2.2206832959254506","2024.345166430106","-13.305023564408865","-0.6572507389079314","136800.0","1723536000000.0","1723672800000.0"
"90e69ad9-db53-4367-8762-ea091c4ebcc2","MomentumMAStrategy","BTC-USDT","Bybit Perpetual","short","58884.8","58310.1","0.034163407093917575","2.2020773929170288","2011.7053940439177","17.43163266395755","0.8665102114637467","144000.0","1723672800000.0","1723816800000.0"
"8bdfc0b9-8f56-45cd-9d88-224c2f5acc94","MomentumMAStrategy","BTC-USDT","Bybit Perpetual","long","58310.1","59991.299999999996","0.03478411879030694","2.26325547286279","2028.2654450746768","56.21580503740114","2.7716197193968064","165600.0","1723816800000.0","1723982400000.0"
"72cf1782-2ae2-480a-a716-8f81c5ff2387","MomentumMAStrategy","BTC-USDT","Bybit Perpetual","long","59991.3","58390.0","0.03469953909750595","2.2592771012699697","2081.6704598602087","-57.82364905810635","-2.777752299083372","43200.0","1723982400000.0","1724025600000.0"
"72096c44-d525-4799-a2d1-2ecf5653c065","MomentumMAStrategy","BTC-USDT","Bybit Perpetual","short","58390.0","60415.3","0.0347103612477309","2.2680761846297743","2026.7379932550073","-72.56697081965928","-3.580481101215967","93600.0","1724025600000.0","1724119200000.0"
"f2e71b00-ad5b-4064-a26e-a46c49d824a8","MomentumMAStrategy","BTC-USDT","Bybit Perpetual","short","60415.3","60588.6","0.03240568814482972","2.1566680562394884","1957.7993709763311","-7.772573811738337","-0.39700563433434183","7200.0","1724119200000.0","1724126400000.0"
"718c37f1-40fb-42c6-a483-3b392896a994","MomentumMAStrategy","BTC-USDT","Bybit Perpetual","long","60588.6","59356.4","0.0321911287908151","2.1236407185478745","1950.4154258551798","-41.78954961459015","-2.1425973698022354","93600.0","1724126400000.0","1724220000000.0"
"6cd335e4-a83a-453d-a324-c754d5e9d7bf","MomentumMAStrategy","BTC-USDT","Bybit Perpetual","short","59356.4","61120.0","0.032190553229665526","2.133011081915162","1910.715353721319","-58.90427075775324","-3.0828386155494583","64800.0","1724220000000.0","1724284800000.0"
"c9714735-bbf4-45a5-970b-33af4f97c5c8","MomentumMAStrategy","BTC-USDT","Bybit Perpetual","long","61120.0","61045.0","0.03034614359459184","2.038980147728322","1854.7562965014533","-4.31494091732271","-0.2326419339005236","115200.0","1724284800000.0","1724400000000.0"
"9c87e6d8-dd1c-44fe-b6de-ae7019b6f4d9","MomentumMAStrategy","BTC-USDT","Bybit Perpetual","short","61045.0","61499.0","0.030316276560406207","2.04329278715013","1850.6571026299969","-15.806882345574547","-0.854122696371529","28800.0","1724400000000.0","1724428800000.0"
"7387597f-b31c-4cbf-b647-ac8f30f2cc99","MomentumMAStrategy","BTC-USDT","Bybit Perpetual","long","61499.0","64350.1","0.029848299393513734","2.0660098883623372","1835.640564401701","83.03447651248463","4.523460535943672","21600.0","1724428800000.0","1724450400000.0"
"3287c1dd-26f2-44f5-8ea9-bcf42bd08c27","MomentumMAStrategy","BTC-USDT","Bybit Perpetual","long","64350.1","64048.1","0.02975167586512782","2.1010338954362204","1914.5233170885615","-11.086040006704822","-0.5790496207465101","144000.0","1724450400000.0","1724594400000.0"
"a8fe9978-459a-4eb1-9651-9e00914a6b10","MomentumMAStrategy","BTC-USDT","Bybit Perpetual","short","64048.1","62392.5","0.029727526329152498","2.0673214460656117","1903.991579082192","47.14957114447922","2.4763539745909693","165600.0","1724594400000.0","1724760000000.0"
"ce1bb866-3305-4e4e-8cf6-476dbdcf7edf","MomentumMAStrategy","BTC-USDT","Bybit Perpetual","short","62392.5","60379.6","0.031234261676795237","2.1090827439053204","1948.783671669447","60.76236258531586","3.1179634491325103","36000.0","1724760000000.0","1724796000000.0"
"866bf28d-f01f-4ff5-8fd0-75abfcc85158","MomentumMAStrategy","BTC-USDT","Bybit Perpetual","short","60379.6","60603.1","0.03323155363939968","2.21124369646917","2006.507916125497","-9.638495934875","-0.4803617198524005","144000.0","1724796000000.0","1724940000000.0"
"6340a6bd-2b8c-4caa-97c0-e9b72e4f7f34","MomentumMAStrategy","BTC-USDT","Bybit Perpetual","long","60603.1","58073.1","0.032957907186057574","2.1512255516367036","1997.3513449873658","-85.53473073236236","-4.282407847123332","93600.0","1724940000000.0","1725033600000.0"
"e9a57fbc-079b-49a8-ae9e-fc1ed2863a96","MomentumMAStrategy","BTC-USDT","Bybit Perpetual","short","58073.1","58983.7","0.032994507797786274","2.12422732521115","1916.093350791622","-32.169026125875284","-1.6788861624400946","86400.0","1725033600000.0","1725120000000.0"
"4c5ec616-54cf-4b53-acfa-fec993ce48e4","MomentumMAStrategy","BTC-USDT","Bybit Perpetual","long","58983.7","58444.1","0.03196701420853627","2.0645988830924353","1885.5327759720406","-19.31399975001856","-1.024325856126351","57600.0","1725120000000.0","1725177600000.0"
"7b85080f-8baa-4641-b067-c53580b0a68d","MomentumMAStrategy","BTC-USDT","Bybit Perpetual","short","58444.1","58492.8","0.03194821164513651","2.05475865667939","1867.1844762095227","-3.6106365637976774","-0.1933733174092926","122400.0","1725177600000.0","1725300000000.0"
"7b832026-91e5-4303-b610-19d3a1cfba54","MomentumMAStrategy","BTC-USDT","Bybit Perpetual","long","58492.8","58094.8","0.03186297068141575","2.0431550043391447","1863.7543714739152","-14.724617335542613","-0.7900513909404234","100800.0","1725300000000.0","1725400800000.0"
"cfa7113e-494c-4106-a8be-ef261fbb4ab1","MomentumMAStrategy","BTC-USDT","Bybit Perpetual","short","58094.8","57104.1","0.03184047427661597","2.0173931866794503","1849.7659850051493","29.526964679164127","1.5962540623257235","108000.0","1725400800000.0","1725508800000.0"
"b71a55eb-64de-46b6-9daf-a502f4b3e9b9","MomentumMAStrategy","BTC-USDT","Bybit Perpetual","long","57104.1","56026.0","0.03288409416224677","2.046099473541416","1877.8166014503556","-37.49844138985961","-1.996917130293619","57600.0","1725508800000.0","1725566400000.0"
"194886b1-954a-4243-b550-41eef52ea6cf","MomentumMAStrategy","BTC-USDT","Bybit Perpetual","short","56026.0","53515.3","0.03288103884143056","1.9810074570224385","1842.1930821299884","80.57341676215717","4.373776969621242","86400.0","1725566400000.0","1725652800000.0"
"db8b2958-f3ab-4773-b545-6df18644c171","MomentumMAStrategy","BTC-USDT","Bybit Perpetual","short","53515.3","54371.5","0.03585400489306867","2.1274956203036366","1918.737828054038","-32.82569460974893","-1.710796239580077","115200.0","1725652800000.0","1725768000000.0"
"f8e5b653-542d-4393-90e5-2b284f7e6fc3","MomentumMAStrategy","BTC-USDT","Bybit Perpetual","long","54371.5","56479.9","0.03471586066550999","2.116565966337193","1887.5534181747764","71.07835466082412","3.7656340729978046","136800.0","1725768000000.0","1725904800000.0"
"f0ef10ef-42b4-40cd-aad9-fb23c9f78492","MomentumMAStrategy","BTC-USDT","Bybit Perpetual","long","56479.9","56650.0","0.03461546240525496","2.1538240901981394","1955.0778551025596","3.7342660649356794","0.19100344547351988","144000.0","1725904800000.0","1726048800000.0"
"710add7d-82c6-4afe-bb32-3754ee8521af","MomentumMAStrategy","BTC-USDT","Bybit Perpetual","short","56650.0","58120.7","0.03457414665250218","2.182454457265682","1958.6254078642482","-53.03065193910054","-2.7075443689320338","57600.0","1726048800000.0","1726106400000.0"
"44da5a04-44ca-46ec-8b3d-7617b090b207","MomentumMAStrategy","BTC-USDT","Bybit Perpetual","long","58120.7","60237.9","0.032832472570394074","2.1373030183836343","1908.2462885221028","67.37560790765484","3.5307605896006145","158400.0","1726106400000.0","1726264800000.0"
"fafbf774-c8ad-401c-8ee7-88db5db84160","MomentumMAStrategy","BTC-USDT","Bybit Perpetual","long","60237.9","59789.9","0.03274106693683503","2.1614110287445767","1972.2531160343751","-16.82940901644667","-0.8533087806845856","158400.0","1726264800000.0","1726423200000.0"
"b2bc489e-1b09-40fb-9579-d11d16d0d48e","MomentumMAStrategy","BTC-USDT","Bybit Perpetual","short","59789.9","57860.7","0.03271899062331181","2.1171748830248545","1956.2651774687508","61.00430182746843","3.1184065703404826","79200.0","1726423200000.0","1726502400000.0"
"a0faef39-e337-4467-8a5a-29535fd8a50e","MomentumMAStrategy","BTC-USDT","Bybit Perpetual","short","57860.7","61103.0","0.03481152603070557","2.2777193665924766","2014.2192642048458","-115.14713021594926","-5.716712786053407","86400.0","1726502400000.0","1726588800000.0"
"355ffb40-3acd-4d1b-9272-0145068fbc0c","MomentumMAStrategy","BTC-USDT","Bybit Perpetual","long","61103.0","63675.0","0.031174074767191366","2.1394112857153322","1904.829490499694","78.04030901550087","4.096970852494968","180000.0","1726588800000.0","1726768800000.0"
"0f71dba0-c369-4747-997e-50f43c247dc5","MomentumMAStrategy","BTC-USDT","Bybit Perpetual","long","63675.0","62817.1","0.031079195666500508","2.1621999993916017","1978.96778406442","-28.82504196168243","-1.4565695406360446","115200.0","1726768800000.0","1726884000000.0"
"46373269-69af-4f35-a23b-d2c7b47b4f7e","MomentumMAStrategy","BTC-USDT","Bybit Perpetual","short","62817.1","62908.3","0.031067718729467328","2.148300750392375","1951.583994200822","-4.98167669851993","-0.25526324838301095","100800.0","1726884000000.0","1726984800000.0"
"4236e4fa-7de4-4d20-8eed-ca5112889b48","MomentumMAStrategy","BTC-USDT","Bybit Perpetual","long","62908.3","62670.1","0.030947448927045044","2.1374821161870186","1946.8514013372278","-9.509164450609283","-0.4884381234272812","14400.0","1726984800000.0","1726999200000.0"
"3c0a1d25-3533-4dd1-8196-9e20525cd869","MomentumMAStrategy","BTC-USDT","Bybit Perpetual","short","62670.1","63788.9","0.030920928722136216","2.150626348899943","1937.8176951091489","-36.74496140322603","-1.8962032133345932","57600.0","1726999200000.0","1727056800000.0"
"a7445d23-bcc3-4d30-970b-81dd79d6d8ab","MomentumMAStrategy","BTC-USDT","Bybit Perpetual","long","63788.9","62908.8","0.029831365359429055","2.0787609583946343","1902.9099817760841","-28.333345611228104","-1.4889482888088656","86400.0","1727056800000.0","1727143200000.0"
"344b77ae-99d8-4ddf-b09d-4361ca1e9f5d","MomentumMAStrategy","BTC-USDT","Bybit Perpetual","short","62908.8","64001.7","0.029820840700274326","2.0815177920306907","1875.9933034454175","-34.672714593360325","-1.8482323220280694","72000.0","1727143200000.0","1727215200000.0"
"9e804df2-3f5b-4f40-804d-87646b975f1f","MomentumMAStrategy","BTC-USDT","Bybit Perpetual","long","64001.7","63151.6","0.028796957339910115","2.013895485650836","1843.054224581725","-26.494188920308382","-1.4375154331838038","79200.0","1727215200000.0","1727294400000.0"
"34009e0a-a324-424a-86c9-6f0aa7a3283e","MomentumMAStrategy","BTC-USDT","Bybit Perpetual","short","63151.6","65200.0","0.02878604413993362","2.0321041526671073","1817.884745107432","-60.99743696890718","-3.35540727392497","72000.0","1727294400000.0","1727366400000.0"
"a1f20f3a-3abf-465a-9947-6afa20fad201","MomentumMAStrategy","BTC-USDT","Bybit Perpetual","long","65200.0","65603.0","0.026992901533542488","1.9419138746105769","1759.9371799869702","8.936225443407045","0.5077582055214723","180000.0","1727366400000.0","1727546400000.0"
"63cd7719-c8f7-47fc-aacf-4c9e6830be0b","MomentumMAStrategy","BTC-USDT","Bybit Perpetual","short","65603.0","63512.09999999999","0.026956489705626373","1.9142694251950059","1768.426594158207","54.44905490029941","3.0789547657881626","144000.0","1727546400000.0","1727690400000.0"
"be1a4cd0-5492-438b-a872-f2edcf7fde2d","MomentumMAStrategy","BTC-USDT","Bybit Perpetual","short","63512.1","61114.0","0.028658368977147523","1.9643694168905868","1820.1531963134912","66.76126522720683","3.667892645653345","129600.0","1727690400000.0","1727820000000.0"
"b82ab8c2-dc24-4d76-a4d4-74e89f4fb402","MomentumMAStrategy","BTC-USDT","Bybit Perpetual","short","61114.0","61193.9","0.03082070226591841","2.0732884538683476","1883.5763982793378","-4.5358625649152735","-0.2408111807441854","201600.0","1727820000000.0","1728021600000.0"
"3b8ad5ac-fba9-4db7-bfc4-bd46b4801733","MomentumMAStrategy","BTC-USDT","Bybit Perpetual","long","61193.9","61919.8","0.030710043465813887","2.0794548930304444","1879.2673288426683","20.2129656588039","1.0755769202485892","180000.0","1728021600000.0","1728201600000.0"
"d133f017-35db-46b3-ae11-56b9649d0595","MomentumMAStrategy","BTC-USDT","Bybit Perpetual","short","61919.8","62690.4","0.030660138537568462","2.1013112973567627","1898.4696462185318","-25.728014054406973","-1.3551975458577037","28800.0","1728201600000.0","1728230400000.0"
"d9c6af80-a5de-4d3a-8d95-630bd71ea2ae","MomentumMAStrategy","BTC-USDT","Bybit Perpetual","long","62690.4","62500.0","0.02989338132898889","2.058300401260758","1874.028032866845","-7.750000206300286","-0.4135477202251086","136800.0","1728230400000.0","1728367200000.0"
"d42f4342-57d0-472a-91f0-d94d28b82a28","MomentumMAStrategy","BTC-USDT","Bybit Perpetual","short","62500.0","60606.4","0.029866648522733758","2.022226568834489","1866.6655326708599","54.53325907381411","2.9214263679999974","151200.0","1728367200000.0","1728518400000.0"
"37f89b5b-b4b6-4d74-ba23-d46b8c968b3d","MomentumMAStrategy","BTC-USDT","Bybit Perpetual","short","60606.4","61047.3","0.03165461285921921","2.1179954270153782","1918.472128790983","-16.07451423664517","-0.8378810406161749","122400.0","1728518400000.0","1728640800000.0"
"ea988e19-2104-4aa2-b44f-6091a28039a8","MomentumMAStrategy","BTC-USDT","Bybit Perpetual","long","61047.3","62880.0","0.031175847912457554","2.124946261350826","1903.20134026617","55.01103020781004","2.890447218795912","28800.0","1728640800000.0","1728669600000.0"
"8fffd9ca-c0f0-4b2d-8317-5aefe89a777b","MomentumMAStrategy","BTC-USDT","Bybit Perpetual","long","62880.0","62528.5","0.031098311370286093","2.144995919814288","1955.4618189635896","-13.07605236646985","-0.6686938215648855","151200.0","1728669600000.0","1728820800000.0"
"b20b5dac-54db-44b7-9e7b-fac32c6fa2b6","MomentumMAStrategy","BTC-USDT","Bybit Perpetual","short","62528.5","64281.6","0.031074463152249664","2.1673056788807026","1943.0395692154432","-56.643947031089546","-2.9152235460629927","57600.0","1728820800000.0","1728878400000.0"
"df050f57-dbcb-48e9-96a9-c77020b3d437","MomentumMAStrategy","BTC-USDT","Bybit Perpetual","short","64281.6","64599.6","0.029389869255524257","2.0832908896222904","1889.227819535908","-11.429269312879004","-0.6049704114396655","14400.0","1728878400000.0","1728892800000.0"
"9dfad22f-92f3-4432-85dd-3fae8eb7faa4","MomentumMAStrategy","BTC-USDT","Bybit Perpetual","long","64599.6","67646.7","0.029077115240476306","2.1149374978746307","1878.3700136886732","86.48594035138068","4.604307975591178","108000.0","1728892800000.0","1729000800000.0"
"88a4a11c-d92a-4b19-8417-6da0af9eabb1","MomentumMAStrategy","BTC-USDT","Bybit Perpetual","long","67646.7","66993.9","0.028981926051418395","2.146179151995232","1960.5316570224848","-21.065580478361245","-1.0744830568231751","172800.0","1729000800000.0","1729173600000.0"
"1b3883a6-d341-4046-b391-f5132fa48d35","MomentumMAStrategy","BTC-USDT","Bybit Perpetual","short","66993.9","68174.0","0.028965612623955944","2.153371566826488","1940.5193555680419","-36.33569102435706","-1.8724724863010003","86400.0","1729173600000.0","1729260000000.0"
"df60ee30-e5b2-4ce7-b7d8-bac15f76ee10","MomentumMAStrategy","BTC-USDT","Bybit Perpetual","long","68174.0","68192.8","0.027957879090194246","2.096889578474186","1906.0004490949025","-1.5712814515784528","-0.08243867163434317","115200.0","1729260000000.0","1729375200000.0"
"a2eefd60-4fdb-433e-b9d4-998e2743711c","MomentumMAStrategy","BTC-USDT","Bybit Perpetual","short","68192.8","68755.1","0.027928281749919393","2.103595744942883","1904.5077317159032","-17.807668572922637","-0.9350273709247939","86400.0","1729375200000.0","1729461600000.0"
"da49747b-bf41-434b-84ea-b87df2c7e765","MomentumMAStrategy","BTC-USDT","Bybit Perpetual","long","68755.1","67330.1","0.027453824466426878","2.0548325563032277","1887.590446571627","-41.17653242096153","-2.1814336100158385","57600.0","1729461600000.0","1729519200000.0"
"052b2ee4-9b84-4e5c-91ad-96b73ae7b357","MomentumMAStrategy","BTC-USDT","Bybit Perpetual","short","67330.1","67104.4","0.027453883787068686","2.0299120269849773","1848.4727407717135","4.1664295437567445","0.22539848448169778","237600.0","1729519200000.0","1729756800000.0"
"851f5e16-9ac4-4562-8903-fbb1873553e7","MomentumMAStrategy","BTC-USDT","Bybit Perpetual","long","67104.4","67265.7","0.02760520694378137","2.0401229296561283","1852.4308488382824","2.412596950375887","0.13023951484552865","136800.0","1729756800000.0","1729893600000.0"
"b37963f2-83ea-46c5-96ea-8d8ad939812b","MomentumMAStrategy","BTC-USDT","Bybit Perpetual","short","67265.7","67174.7","0.027573084290227257","2.0388150646665277","1854.7228159411395","0.47033560574415256","0.02535880842688026","122400.0","1729893600000.0","1730016000000.0"
"93701d7a-46b3-4197-88c8-306c2081a0c9","MomentumMAStrategy","BTC-USDT","Bybit Perpetual","long","67174.7","68548.2","0.0276170884985954","2.061549237322308","1855.1696347665963","35.87052181549847","1.9335440351799114","93600.0","1730016000000.0","1730109600000.0"
"0ab24a1e-93d4-4d2a-8f09-57244ffa8fbe","MomentumMAStrategy","BTC-USDT","Bybit Perpetual","long","68548.2","70287.0","0.027560849599133457","2.1045288364460872","1889.2466304913198","45.81827644652725","2.425214141290367","57600.0","1730109600000.0","1730167200000.0"
"c6beda1b-447f-4614-ac11-f37f313f0acd","MomentumMAStrategy","BTC-USDT","Bybit Perpetual","long","70287.0","72374.9","0.027498313957282583","2.1576289437683487","1932.7739931155209","55.25610076764179","2.8589012975372317","50400.0","1730167200000.0","1730217600000.0"
"415f3037-d692-4a02-a239-30d92675c519","MomentumMAStrategy","BTC-USDT","Bybit Perpetual","long","72374.9","71826.1","0.027430328592437162","2.1755144473469175","1985.2672888447803","-17.22927877887611","-0.8678568813220997","100800.0","1730217600000.0","1730318400000.0"
"26774310-fce3-44c4-95cb-2d704d72bfb5","MomentumMAStrategy","BTC-USDT","Bybit Perpetual","short","71826.1","69424.9","0.027412033703693335","2.129587444974213","1968.8994740048481","63.69218788433454","3.2349131443862484","108000.0","1730318400000.0","1730426400000.0"
"e452be7a-f98f-4259-8978-5b6825d2178a","MomentumMAStrategy","BTC-USDT","Bybit Perpetual","short","69424.9","68628.1","0.029231688522345246","2.2195372625664307","2029.4070524949664","21.07227215203792","1.0383462561703198","288000.0","1730426400000.0","1730714400000.0"
"ccdf6bb4-806f-42d8-b550-26d160ba4b55","MomentumMAStrategy","BTC-USDT","Bybit Perpetual","long","68628.1","67097.0","0.02986277794430273","2.229220687522556","2049.4257110394024","-47.95211999804464","-2.3397832739067606","43200.0","1730714400000.0","1730757600000.0"
"5434e319-1978-4818-9aa9-15ac46bbe8a8","MomentumMAStrategy","BTC-USDT","Bybit Perpetual","short","67097.0","69615.3","0.029865287524647295","2.245623681210711","2003.8711970412596","-77.45537725453009","-3.865287218504558","64800.0","1730757600000.0","1730822400000.0"
"ee9bafa3-ca97-4dfb-b3d6-bd7931e1838e","MomentumMAStrategy","BTC-USDT","Bybit Perpetual","long","69615.3","74367.1","0.027727936080853714","2.195784131182352","1930.2885886494557","129.5618225378184","6.712044162705615","43200.0","1730822400000.0","1730865600000.0"
"1cca5249-2d07-4a42-b801-55e643e57eef","MomentumMAStrategy","BTC-USDT","Bybit Perpetual","long","74367.1","75965.7","0.02761130015908087","2.28298623550529","2053.372320060383","41.85643819880114","2.038424195645643","194400.0","1730865600000.0","1731060000000.0"
"ddc5aee0-a5ac-4b21-b044-bea975ea9c04","MomentumMAStrategy","BTC-USDT","Bybit Perpetual","short","75965.7","76423.3","0.027553697739232896","2.309384244631179","2093.1359363492443","-14.917956330104312","-0.7127084328848492","21600.0","1731060000000.0","1731081600000.0"
"76a020ec-dc96-4586-bd83-7bdd27e1c70f","MomentumMAStrategy","BTC-USDT","Bybit Perpetual","long","76423.3","76540.0","0.027203272795543312","2.288606307683592","2078.9638778356452","0.8860156275562332","0.04261813478349806","50400.0","1731081600000.0","1731132000000.0"
"96847d40-5c14-4149-82d6-1ebbc581f537","MomentumMAStrategy","BTC-USDT","Bybit Perpetual","short","76540.0","76523.9","0.02717279321507478","2.287545536866087","2079.805592681824","-1.8500635661032248","-0.08895367781551371","7200.0","1731132000000.0","1731139200000.0"
"20698347-a194-4559-83d5-e341a8ac1e0f","MomentumMAStrategy","BTC-USDT","Bybit Perpetual","long","76523.9","76305.7","0.027155542677438367","2.2825938988467094","2078.0480322940257","-8.207933311063682","-0.3949828484956949","28800.0","1731139200000.0","1731168000000.0"
"de07a339-870f-46d4-90c6-3f3f41344a96","MomentumMAStrategy","BTC-USDT","Bybit Perpetual","short","76305.7","79190.69999999998","0.02713100719406958","2.3203256708785562","2070.250495648515","-80.5932814257689","-3.8929241459025805","50400.0","1731168000000.0","1731218400000.0"
"102887dd-53d3-47bd-abf7-13299ded1cc1","MomentumMAStrategy","BTC-USDT","Bybit Perpetual","long","79190.7","82168.7","0.025175770365636806","2.234290960405315","1993.6868782940346","72.73915318846109","3.6484742905416923","108000.0","1731218400000.0","1731326400000.0"
"4cdf6ba7-13a1-43f7-aa61-068bdc4507b9","MomentumMAStrategy","BTC-USDT","Bybit Perpetual","long","82168.7","86181.0","0.025104316775403198","2.3244673088142527","2062.7890738230726","98.40158288913608","4.770317243670648","28800.0","1731326400000.0","1731355200000.0"
"a8366811-590e-4c8f-a243-7179a5b6647d","MomentumMAStrategy","BTC-USDT","Bybit Perpetual","long","86181.0","87442.1","0.025020254784323133","2.389251809144208","2156.270577567752","29.16379149936584","1.3525107564312386","136800.0","1731355200000.0","1731492000000.0"
"707a5eb0-8cbd-4481-a230-88c01acc4082","MomentumMAStrategy","BTC-USDT","Bybit Perpetual","short","87442.1","92282.8","0.02497625491030235","2.46887020387073","2183.976179492149","-123.37142734817125","-5.648936490546313","28800.0","1731492000000.0","1731520800000.0"
"8df49a87-ce39-4ed8-aaa8-f5eabbb8708e","MomentumMAStrategy","BTC-USDT","Bybit Perpetual","long","92282.8","88262.5","0.022396083815308887","2.223929219193048","2066.773323511387","-92.26290498187943","-4.464103727888624","100800.0","1731520800000.0","1731621600000.0"
"bd36d505-eb2d-411e-811f-cfa4b42c15c4","MomentumMAStrategy","BTC-USDT","Bybit Perpetual","short","88262.5","91281.0","0.02242315325057189","2.21426227860423","1979.1235637786015","-69.89855036545548","-3.5317931454468203","100800.0","1731621600000.0","1731722400000.0"
"eb63635f-25c0-487a-980e-52b292abd2d7","MomentumMAStrategy","BTC-USDT","Bybit Perpetual","long","91281.0","90600.0","0.02095419573549171","2.0961435410118323","1912.719940931419","-16.365950836881687","-0.8556375916127124","108000.0","1731722400000.0","1731830400000.0"
"5161b9b8-a88c-44f5-b187-2ecc96cd9e59","MomentumMAStrategy","BTC-USDT","Bybit Perpetual","short","90600.0","91648.3","0.020940091475015247","2.0989628402413114","1897.1722876363813","-24.050460733499854","-1.2677004028697603","122400.0","1731830400000.0","1731952800000.0"
"73a04303-a6b1-4ccd-a0a2-3847faf4c0ae","MomentumMAStrategy","BTC-USDT","Bybit Perpetual","long","91648.3","95790.2","0.02045127241792326","2.1083457038088005","1874.3243499395564","82.59877952398745","4.40685623737701","208800.0","1731952800000.0","1732161600000.0"
"7c8fb16a-a62c-42d3-b9ce-d9199e780c77","MomentumMAStrategy","BTC-USDT","Bybit Perpetual","long","95790.2","99252.6","0.020386147961767954","2.186894258822633","1952.7931904873446","68.39810444400291","3.5025779881449344","100800.0","1732161600000.0","1732262400000.0"
"87b1eac5-f262-41da-b22a-7fac8c93f7d5","MomentumMAStrategy","BTC-USDT","Bybit Perpetual","long","99252.6","98600.6","0.02032965775918361","2.212258313407619","2017.7713897091471","-15.467195172395332","-0.7665484430634563","86400.0","1732262400000.0","1732348800000.0"
"47cfc7f6-e09a-4311-bc34-c042bd1aeacd","MomentumMAStrategy","BTC-USDT","Bybit Perpetual","short","98600.6","95986.4","0.020315064556355355","2.1741761067551355","2003.077554295372","50.933465656469274","2.5427605410109186","115200.0","1732348800000.0","1732464000000.0"
"75dee338-c255-4d84-b2a3-f3eb123e12c2","MomentumMAStrategy","BTC-USDT","Bybit Perpetual","short","95986.39999999998","98578.2","0.021372448041274784","2.287076992294277","2051.4643466690177","-57.680187825670636","-2.8116592871490313","64800.0","1732464000000.0","1732528800000.0"
"95f49fa5-595a-4aef-b0ee-1d85bf96704a","MomentumMAStrategy","BTC-USDT","Bybit Perpetual","short","98578.2","95291.5","0.02025466247339301","2.1597209355248785","1996.6681682346307","64.41127821577587","3.225938052226554","28800.0","1732528800000.0","1732557600000.0"
"dc4df069-6049-4867-886f-a28170645a28","MomentumMAStrategy","BTC-USDT","Bybit Perpetual","short","95291.5","96284.19999999998","0.021595408641270394","2.2754355399805837","2057.8588825396178","-23.713197698169328","-1.1523238011784709","172800.0","1732557600000.0","1732730400000.0"
"dd02ae57-a60b-4ca5-9c92-6bae78d7ea72","MomentumMAStrategy","BTC-USDT","Bybit Perpetual","long","96284.2","95975.2","0.02113878855228954","2.2352719420845304","2035.3313447263563","-8.767157604741998","-0.43074841978226963","115200.0","1732730400000.0","1732845600000.0"
"ce8152d7-fe44-48ca-87ee-5cf2f75c03fd","MomentumMAStrategy","BTC-USDT","Bybit Perpetual","short","95975.2","98076.19999999998","0.021120065860783327","2.254108091607465","2027.0025450018518","-46.62736646511293","-2.3003111949753534","50400.0","1732845600000.0","1732896000000.0"
"a41d3143-0c46-4adb-954c-fa0299a26e5b","MomentumMAStrategy","BTC-USDT","Bybit Perpetual","long","98076.2","96321.3","0.020215980501487558","2.1614648382458603","1982.706546859994","-37.63848902030626","-1.8983388681453752","72000.0","1732896000000.0","1732968000000.0"
"d891117b-4fe1-4ccb-a3c6-1210c8462768","MomentumMAStrategy","BTC-USDT","Bybit Perpetual","short","96321.3","97265.1","0.02021307833564023","2.1521373873530214","1946.9499822907032","-21.22924072053033","-1.0903844943953238","129600.0","1732968000000.0","1733097600000.0"
"edc916e2-4487-400f-b5f2-02495efea3ed","MomentumMAStrategy","BTC-USDT","Bybit Perpetual","long","97265.1","96444.9","0.01980959463986774","2.1105241177288288","1926.7822036061996","-18.35835364134858","-0.9527985885996227","21600.0","1733097600000.0","1733119200000.0"
"48b25f35-0469-4268-b400-2619d9a43205","MomentumMAStrategy","BTC-USDT","Bybit Perpetual","short","96444.9","96652.1","0.019797228963345067","2.1025320366242735","1909.3417676469185","-6.204517877829602","-0.3249558556232747","180000.0","1733119200000.0","1733299200000.0"
"e935c980-5193-43bf-ba08-586560f29c6d","MomentumMAStrategy","BTC-USDT","Bybit Perpetual","long","96652.1","103084.8","0.01969380360760894","2.163468604985945","1903.4474756629802","124.52086186168003","6.541859623329444","72000.0","1733299200000.0","1733371200000.0"
"4af05f11-cdcb-4783-80e9-397a4d14e24b","MomentumMAStrategy","BTC-USDT","Bybit Perpetual","long","103084.8","97916.0","0.01961241904171688","2.1681615545261796","2021.7422944315763","-103.54083309735245","-5.121366525423731","93600.0","1733371200000.0","1733464800000.0"
"0dca1777-266d-473d-8207-9c65456d7318","MomentumMAStrategy","BTC-USDT","Bybit Perpetual","short","97916.0","100119.0","0.01964314823919576","2.1395169738520226","1923.3785029890919","-45.41337254480028","-2.3611250970219375","72000.0","1733464800000.0","1733536800000.0"
"495f25c9-92ed-42a2-9cbe-f9eee7835012","MomentumMAStrategy","BTC-USDT","Bybit Perpetual","long","100119.0","99996.7","0.018780009779078212","2.066996141620895","1880.2357990715316","-4.3637913376022155","-0.2320874509333922","93600.0","1733536800000.0","1733630400000.0"
"73648bdd-1015-46df-a631-b3b946df7f67","MomentumMAStrategy","BTC-USDT","Bybit Perpetual","short","99996.7","95687.9","0.0187615211032045","2.0192374138596723","1876.0901973008095","78.82040471562793","4.201312113299742","216000.0","1733630400000.0","1733846400000.0"
"bc58f729-72cd-4f16-8205-5164aa3e93f1","MomentumMAStrategy","BTC-USDT","Bybit Perpetual","short","95687.9","98724.8","0.02038888492464205","2.180121992503927","1950.969581780656","-64.09912662014955","-3.2855010769386817","79200.0","1733846400000.0","1733925600000.0"
"1b895c73-55d0-44f3-ab24-d7296e87cda1","MomentumMAStrategy","BTC-USDT","Bybit Perpetual","long","98724.8","99290.0","0.01914488974899431","2.0850343330680374","1890.0754114915135","8.735657353063491","0.46218565142699414","129600.0","1733925600000.0","1734055200000.0"
"5a99c0f8-9660-48f2-95c9-7f8869e940b6","MomentumMAStrategy","BTC-USDT","Bybit Perpetual","short","99290.0","101699.9","0.019119491247627393","2.1135535486513275","1898.3742859769238","-48.18961550630847","-2.538467564709431","100800.0","1734055200000.0","1734156000000.0"
"4fe5e3ef-7c64-4c17-b506-284b4537d4ca","MomentumMAStrategy","BTC-USDT","Bybit Perpetual","long","101699.9","101700.1","0.018216282919117234","2.0378555701616454","1852.5941512459308","-2.03421231357761","-0.1098034511341588","79200.0","1734156000000.0","1734235200000.0"
"d0858333-9a41-4d2c-9f2a-5a816d9112bd","MomentumMAStrategy","BTC-USDT","Bybit Perpetual","short","101700.1","103124.3","0.01819724513100805","2.049981898586405","1850.6616495480318","-27.966498414168015","-1.5111621522496015","50400.0","1734235200000.0","1734285600000.0"
"dbb0f6f5-4dda-42d5-8edf-b5d32df1ed8c","MomentumMAStrategy","BTC-USDT","Bybit Perpetual","long","103124.3","107026.9","0.017688299227772424","2.0444695197714964","1824.0934760545717","66.98588704653301","3.6722836809558865","86400.0","1734285600000.0","1734372000000.0"
"68f00d2f-b1e1-414a-9f00-6c916f95de65","MomentumMAStrategy","BTC-USDT","Bybit Perpetual","long","107026.9","105293.4","0.017637902889355656","2.0596866580613726","1887.7300687487786","-32.634991316759404","-1.7287954383430713","115200.0","1734372000000.0","1734487200000.0"
"2481500b-61fe-4be5-ab40-2cb8b85f5d8d","MomentumMAStrategy","BTC-USDT","Bybit Perpetual","short","105293.4","100982.3","0.017633838654634165","2.0005878266944466","1856.726826997857","74.02065399729875","3.986620590654297","72000.0","1734487200000.0","1734559200000.0"
"10808737-1dde-4016-b260-05ba7dfad1c0","MomentumMAStrategy","BTC-USDT","Bybit Perpetual","short","100982.3","94812.0","0.01908301205553142","2.0549897430173845","1927.0464482952905","115.69291954322819","6.003639385318023","129600.0","1734559200000.0","1734688800000.0"
"2e24893a-9378-4cdc-9062-9509217d0452","MomentumMAStrategy","BTC-USDT","Bybit Perpetual","short","94812.0","98988.09999999999","0.021484144642675587","2.2899961590907463","2036.9547218613577","-92.00993260136808","-4.517033766822756","79200.0","1734688800000.0","1734768000000.0"
"0830086c-2dfc-4fa3-ae3d-9589b14c6983","MomentumMAStrategy","BTC-USDT","Bybit Perpetual","long","98988.1","96895.1","0.01969474397316503","2.121828209954354","1949.5452858900574","-43.34292734578876","-2.223232651197467","93600.0","1734768000000.0","1734861600000.0"
"7e680bc9-45e8-4baa-9ff3-2d529486bd60","MomentumMAStrategy","BTC-USDT","Bybit Perpetual","short","96895.1","98243.5","0.019695211676457918","2.113812818286208","1908.3695049115577","-28.67083624282195","-1.5023734223918384","194400.0","1734861600000.0","1735056000000.0"
"8c269b31-9630-4bec-bef3-52ffb7a6362f","MomentumMAStrategy","BTC-USDT","Bybit Perpetual","long","98243.5","95412.5","0.019147650587376032","2.039431582181891","1881.1322104808771","-56.24643039504344","-2.9900306890532202","151200.0","1735056000000.0","1735207200000.0"
"5292368e-9870-48f8-ab7a-3e6dd5959c3d","MomentumMAStrategy","BTC-USDT","Bybit Perpetual","short","95412.5","95233.2","0.01915575109766106","2.0085788673716483","1827.6981016055856","1.4260473044390354","0.07802422638543476","252000.0","1735207200000.0","1735459200000.0"
"85610a91-be82-4db4-ae27-1cb138b6b78e","MomentumMAStrategy","BTC-USDT","Bybit Perpetual","long","95233.2","93902.2","0.01920604207928331","1.997898348095144","1829.052846544803","-27.56114035562123","-1.5068531457516918","36000.0","1735459200000.0","1735495200000.0"
"f6719628-a185-4050-ac5e-04b91016a540","MomentumMAStrategy","BTC-USDT","Bybit Perpetual","short","93902.2","95389.4","0.01919944115480748","1.9988611144146455","1802.869763206963","-30.552269999844274","-1.6946465365028691","165600.0","1735495200000.0","1735660800000.0"
"97f5ebfa-9def-47b8-b425-7439d866578c","MomentumMAStrategy","BTC-USDT","Bybit Perpetual","long","95389.4","93995.2","0.018595830424629055","1.936970148649912","1773.8451067071107","-27.863276926667687","-1.5707841017974713","79200.0","1735660800000.0","1735740000000.0"
"8a04572d-f9a7-460e-b875-0b8a116228aa","MomentumMAStrategy","BTC-USDT","Bybit Perpetual","short","93995.2","95579.5","0.018590044955771958","1.9383112075123403","1747.3749936267764","-31.390519430941907","-1.7964386319726997","57600.0","1735740000000.0","1735797600000.0"
"5de127e4-3d5a-4359-b23e-db127b0aac85","MomentumMAStrategy","BTC-USDT","Bybit Perpetual","long","95579.5","97986.8","0.017969899404865913","1.9131018165446534","1717.5540001673814","41.34583702078911","2.4072510684822612","129600.0","1735797600000.0","1735927200000.0"
"9941e9a0-f252-4d14-be73-877246b3cd32","MomentumMAStrategy","BTC-USDT","Bybit Perpetual","long","97986.8","98160.1","0.017929277671453","1.9342247289720986","1756.832545337131","1.1729190914907588","0.06676328342185163","122400.0","1735927200000.0","1736049600000.0"
"36816345-46ee-41f5-8552-040a4c1cb76e","MomentumMAStrategy","BTC-USDT","Bybit Perpetual","short","98160.1","99560.0","0.017908975423558526","1.947530426403944","1757.9468184740474","-27.01830512184342","-1.5369239181704113","93600.0","1736049600000.0","1736143200000.0"
"503c0a7e-2cc0-40b2-ae8d-9056362d7712","MomentumMAStrategy","BTC-USDT","Bybit Perpetual","long","99560.0","102180.4","0.017399351432385454","1.930583664740508","1732.2794286082958","43.66267682868223","2.5205331257533086","64800.0","1736143200000.0","1736208000000.0"
"5c6b5679-0300-4caa-a46e-072685d511d1","MomentumMAStrategy","BTC-USDT","Bybit Perpetual","long","102180.4","97915.3","0.017359092072408645","1.910413823776182","1773.7589715955442","-75.94867742180614","-4.281792432795322","57600.0","1736208000000.0","1736265600000.0"
"4fb4e71f-3213-421e-9a08-12e9554df0c6","MomentumMAStrategy","BTC-USDT","Bybit Perpetual","long","97915.3","97250.9","0.017378364035496273","1.8654180990634601","1701.6077280448283","-13.411603164247335","-0.7881724408749284","7200.0","1736265600000.0","1736272800000.0"
"009cc36a-d4c6-4050-bb48-9f4861ab6ce0","MomentumMAStrategy","BTC-USDT","Bybit Perpetual","short","97250.9","93176.4","0.01736607789787851","1.8188364291254744","1688.8667050387933","68.93924796578052","4.081982773424206","136800.0","1736272800000.0","1736409600000.0"
"7d41f518-a8a2-4681-aaec-5c4b1bb43849","MomentumMAStrategy","BTC-USDT","Bybit Perpetual","short","93176.4","95030.5","0.018828362016629584","1.9489952059751814","1754.3589906062848","-36.858661221008205","-2.1009759928479808","100800.0","1736409600000.0","1736510400000.0"
"a1530e3c-e8d6-42cf-8f22-9abc702754cf","MomentumMAStrategy","BTC-USDT","Bybit Perpetual","long","95030.5","94206.5","0.01809254147296212","1.8830780488954133","1719.343262446327","-16.7913322226162","-0.9766131399918974","115200.0","1736510400000.0","1736625600000.0"
"8a4fa165-f7de-453c-879d-a3b944d81124","MomentumMAStrategy","BTC-USDT","Bybit Perpetual","short","94206.5","90827.5","0.01808146462117626","1.8401271485931008","1703.3914968348415","59.25714180636149","3.4787740760987833","144000.0","1736625600000.0","1736769600000.0"
"f2c4f0c1-0cc9-4501-92e6-cc1e261063f4","MomentumMAStrategy","BTC-USDT","Bybit Perpetual","short","90827.5","94485.3","0.01937393170076117","1.9746306417622481","1759.685781550885","-72.84059801680651","-4.139409363904107","43200.0","1736769600000.0","1736812800000.0"
"4dcd0635-b292-47ef-8a77-e88668b4aa30","MomentumMAStrategy","BTC-USDT","Bybit Perpetual","short","94485.3","94886.3","0.017891536709254446","1.8634819131996372","1690.487213434919","-9.03798813361067","-0.5346380653921827","21600.0","1736812800000.0","1736834400000.0"
"519a2889-ceac-4c0e-b92f-bacde0a2b307","MomentumMAStrategy","BTC-USDT","Bybit Perpetual","long","94886.3","98916.1","0.017725436914580808","1.8893777183018958","1681.9011247079889","69.54058796007588","4.134641860837657","115200.0","1736834400000.0","1736949600000.0"
"926b8ade-ff58-4c84-abe8-5b6866b8153e","MomentumMAStrategy","BTC-USDT","Bybit Perpetual","long","98916.1","102181.6","0.017671184804799837","1.954499041286108","1747.9646832700612","55.750754938787765","3.1894668966932582","165600.0","1736949600000.0","1737115200000.0"
"58e4adab-30bb-4ec7-9dfe-ac76e97964df","MomentumMAStrategy","BTC-USDT","Bybit Perpetual","long","102181.6","105770.9","0.017624776872371437","2.015814026903502","1800.9279004619093","61.244797601099094","3.4007356755032103","28800.0","1737115200000.0","1737144000000.0"
"9c37f892-1028-47bc-9189-1145de0ef89f","MomentumMAStrategy","BTC-USDT","Bybit Perpetual","long","105770.9","104452.5","0.017576766938571513","2.032276238758752","1859.1104581829536","-25.205485770571332","-1.3557820440215542","108000.0","1737144000000.0","1737252000000.0"
"b112576c-8929-4b05-92b5-76be961e0e8d","MomentumMAStrategy","BTC-USDT","Bybit Perpetual","short","104452.5","104955.3","0.017569376000583142","2.0235404066102034","1835.1652467009108","-10.85742265970346","-0.5916318805198564","43200.0","1737252000000.0","1737295200000.0"
"14c09fda-2496-44fa-9336-3d66de4028eb","MomentumMAStrategy","BTC-USDT","Bybit Perpetual","long","104955.3","101311.5","0.01738693229569343","1.9724907875471358","1824.8506951741927","-65.3269946865949","-3.5798542236552153","36000.0","1737295200000.0","1737331200000.0"
"b052b8c0-5ca5-4398-ab79-51efbe6072c4","MomentumMAStrategy","BTC-USDT","Bybit Perpetual","short","101311.5","108159.2","0.017399703392230174","2.004600427149556","1762.7900502219272","-121.15254934612408","-6.872772474003443","36000.0","1737331200000.0","1737367200000.0"
"856870dd-fd3b-4cab-8143-2b0c9dc59765","MomentumMAStrategy","BTC-USDT","Bybit Perpetual","short","108159.2","108267.5","0.015233980358056546","1.8133720532174482","1647.6951283431094","-3.4632121259950166","-0.2101852500758169","7200.0","1737367200000.0","1737374400000.0"
"52d70268-c680-48d1-b33b-f0aaab49c79a","MomentumMAStrategy","BTC-USDT","Bybit Perpetual","long","108267.5","103674.2","0.015188353631730796","1.7704750189006095","1644.405076823414","-71.53513975552973","-4.350213993118898","28800.0","1737374400000.0","1737403200000.0"
"6e7f4a46-8e9b-41a0-af62-f5380a55fbe4","MomentumMAStrategy","BTC-USDT","Bybit Perpetual","short","103674.2","105588.20000000001","0.01520577630746763","1.750098484180098","1576.4466940556606","-30.85395433667336","-1.9571834844156157","115200.0","1737403200000.0","1737518400000.0"
"161a7ef5-18fd-407b-b9b4-b6a24053cfb5","MomentumMAStrategy","BTC-USDT","Bybit Perpetual","long","105588.2","103664.9","0.014652541074057718","1.686349303443149","1547.1354374358211","-29.8675815511784","-1.930508527468034","72000.0","1737518400000.0","1737590400000.0"
"b948fe20-686f-4da8-84c8-382a1ea3a7b3","MomentumMAStrategy","BTC-USDT","Bybit Perpetual","short","103664.9","105105.9","0.014650679593210444","1.6822487545700204","1518.7612349622013","-22.793878048386272","-1.5008203741092696","122400.0","1737590400000.0","1737712800000.0"
"2794e064-b78a-4bc2-b7af-ab88319fb4ba","MomentumMAStrategy","BTC-USDT","Bybit Perpetual","long","105105.9","104658.6","0.014243796502539196","1.6433135683012856","1497.1070508162343","-8.014563743886901","-0.5353367175391566","100800.0","1737712800000.0","1737813600000.0"
"f0042a7c-1653-4f0b-8abe-31af74504045","MomentumMAStrategy","BTC-USDT","Bybit Perpetual","short","104658.6","101244.1","0.014231923752654266","1.6117153397761053","1489.4932152595418","46.983188313661884","3.1543069704735203","129600.0","1737813600000.0","1737943200000.0"
"fed1db14-8c30-42d4-add2-87a8ea1fe529","MomentumMAStrategy","BTC-USDT","Bybit Perpetual","short","101244.1","102925.2","0.015152756991839728","1.7015502834517129","1534.1272441575206","-27.174850062433347","-1.7713556789975822","115200.0","1737943200000.0","1738058400000.0"
"27817f22-62ca-4cf3-a4ac-c1771b46168b","MomentumMAStrategy","BTC-USDT","Bybit Perpetual","long","102925.2","101934.2","0.014654439695994849","1.651154847901728","1508.311136598209","-16.173704586632624","-1.072305586969955","108000.0","1738058400000.0","1738166400000.0"
"1cd2970d-49ab-4fff-80b7-490b71da51b7","MomentumMAStrategy","BTC-USDT","Bybit Perpetual","short","101934.2","103698.2","0.014646174858299846","1.6564504478125215","1492.946117240908","-27.49230289785345","-1.8414799154748849","28800.0","1738166400000.0","1738195200000.0"
"69c16f2d-cd73-4db8-864e-d85577c402eb","MomentumMAStrategy","BTC-USDT","Bybit Perpetual","long","103698.2","104221.9","0.014145167702891152","1.6175855758160442","1466.8284294879472","5.79023875018801","0.3947454680987684","122400.0","1738195200000.0","1738317600000.0"
"cf7a139c-262c-4fa6-8493-302212a01dd1","MomentumMAStrategy","BTC-USDT","Bybit Perpetual","short","104221.9","101620.1","0.014126869269324641","1.5993466632749778","1472.3291563006258","35.15594180165371","2.387777328949087","122400.0","1738317600000.0","1738440000000.0"
"4fe5986e-f58e-4140-844e-5cdd717524f3","MomentumMAStrategy","BTC-USDT","Bybit Perpetual","short","101620.1","98750.0","0.01481721924119536","1.6329102355941312","1505.7273010121967","40.89399070856076","2.7158962104937956","64800.0","1738440000000.0","1738504800000.0"
"7056d460-dc5b-4d3d-a7cd-7f1fee21998b","MomentumMAStrategy","BTC-USDT","Bybit Perpetual","short","98750.0","93408.4","0.01564128194618055","1.6530820419998176","1544.5765921853294","81.8963896017183","5.302190258227854","43200.0","1738504800000.0","1738548000000.0"
"6ec29225-06a8-43cc-84df-6b57dd0dc5a1","MomentumMAStrategy","BTC-USDT","Bybit Perpetual","short","93408.4","99150.1","0.017368653807440897","1.8394650582990595","1622.3781623069622","-101.56506462448266","-6.260258365414686","57600.0","1738548000000.0","1738605600000.0"
"147e73e2-8da3-4901-8640-255d6ef970e1","MomentumMAStrategy","BTC-USDT","Bybit Perpetual","short","99150.1","101831.9","0.015389710660036686","1.7011801553315213","1525.8913509137035","-42.97330620341773","-2.8162756265500373","7200.0","1738605600000.0","1738612800000.0"
"90ffb257-01e0-4932-b971-c48ace32f242","MomentumMAStrategy","BTC-USDT","Bybit Perpetual","long","101831.9","96456.5","0.01458351174848409","1.590457666043462","1485.0667100204569","-79.98266671884475","-5.38579621906298","93600.0","1738612800000.0","1738706400000.0"
"c4dc2366-d264-4992-8add-6699591664db","MomentumMAStrategy","BTC-USDT","Bybit Perpetual","long","96456.5","97989.5","0.01460848337476017","1.562308637058739","1409.0831766375543","20.832496376448603","1.4784433397438224","21600.0","1738706400000.0","1738728000000.0"
"81b6314f-bfe3-4b66-add8-0d55cc44ea8a","MomentumMAStrategy","BTC-USDT","Bybit Perpetual","short","97989.5","98787.9","0.014581909778039286","1.5781646612364315","1428.8740481951806","-13.220361428022914","-0.9252293051806513","208800.0","1738728000000.0","1738936800000.0"
"b7e61615-af51-4e2c-a77d-e9f86e7cfbeb","MomentumMAStrategy","BTC-USDT","Bybit Perpetual","long","98787.9","97378.0","0.01433692491528374","1.5468286785814822","1416.3147048385586","-21.760459116639943","-1.5364141205552442","14400.0","1738936800000.0","1738951200000.0"
"ecd32522-8176-453d-a6b8-a037cb500739","MomentumMAStrategy","BTC-USDT","Bybit Perpetual","short","97378.0","96979.6","0.014332213320028656","1.532066020962841","1395.6422686777505","4.177887765736492","0.29935233831049535","216000.0","1738951200000.0","1739167200000.0"
"fddbc0b2-2637-40af-9712-9f0968caff98","MomentumMAStrategy","BTC-USDT","Bybit Perpetual","long","96979.6","94988.0","0.014432017270180533","1.5237638451833098","1399.6112620552","-30.266569440474942","-2.1624982779883664","136800.0","1739167200000.0","1739304000000.0"
"3e845554-9267-46c5-a96b-063dcf78a404","MomentumMAStrategy","BTC-USDT","Bybit Perpetual","short","94988.0","97939.9","0.014431907410270233","1.531374674311831","1370.858021086749","-44.13292215868845","-3.2193649145155114","108000.0","1739304000000.0","1739412000000.0"
"9d38f969-e4ae-4f1d-b23e-db8919191c21","MomentumMAStrategy","BTC-USDT","Bybit Perpetual","long","97939.9","96560.6","0.013568849315100332","1.4515313869164197","1328.931745035995","-20.16704524723415","-1.5175380769226725","79200.0","1739412000000.0","1739491200000.0"
"331a77a1-3327-40f0-aaf7-e15bcbca681c","MomentumMAStrategy","BTC-USDT","Bybit Perpetual","short","96560.6","98487.8","0.013564259667515762","1.4551279299334148","1309.7730520511225","-27.59616916116975","-2.10694281104301","64800.0","1739491200000.0","1739556000000.0"
"f293249f-9cf6-4700-ba19-6aa94409f071","MomentumMAStrategy","BTC-USDT","Bybit Perpetual","long","98487.8","97593.2","0.013032646595294151","1.40549990737853","1283.5566913480113","-13.064505551528754","-1.0178362700760966","115200.0","1739556000000.0","1739671200000.0"
"72850caf-ecc6-461b-8eba-19331c370bfd","MomentumMAStrategy","BTC-USDT","Bybit Perpetual","short","97593.2","96018.2","0.013024938326379902","1.3869770993562383","1271.145411074059","19.12730076469211","1.5047295610759768","122400.0","1739671200000.0","1739793600000.0"
"202be5a9-3efa-4a8a-b7ce-f31094eb7346","MomentumMAStrategy","BTC-USDT","Bybit Perpetual","short","96018.2","96392.0","0.013427832919181117","1.4210086096504226","1289.3163468005164","-6.440332554840364","-0.4995153106390277","172800.0","1739793600000.0","1739966400000.0"
"552fbe6f-7002-401b-99ae-2eec5d2aeb71","MomentumMAStrategy","BTC-USDT","Bybit Perpetual","long","96392.0","98290.0","0.013312287647039362","1.4254145310355044","1283.1980308734182","23.841307423045205","1.8579601004232715","151200.0","1739966400000.0","1740117600000.0"
"7e952889-2619-4d0e-bd5d-7c612189e5a7","MomentumMAStrategy","BTC-USDT","Bybit Perpetual","long","98290.0","95247.5","0.013285657472024735","1.414200113145593","1305.8472729253112","-41.83581297178085","-3.203729397700681","50400.0","1740117600000.0","1740168000000.0"
"d30c3d91-f536-4233-8f53-674cb224ca89","MomentumMAStrategy","BTC-USDT","Bybit Perpetual","short","95247.5","91514.49999999999","0.013292771470139578","1.3654215219184143","1266.1032506021195","48.256494376112826","3.811418567416483","273600.0","1740168000000.0","1740441600000.0"
"0cb3373d-bce7-4d9a-a702-0c063593bdfc","MomentumMAStrategy","BTC-USDT","Bybit Perpetual","short","91514.5","87206.9","0.014335945891191304","1.4091771759988767","1311.9469202594266","60.34434334489687","4.599602500150255","57600.0","1740441600000.0","1740499200000.0"
"a4d538eb-4cd7-4440-9975-e7c7778dc78b","MomentumMAStrategy","BTC-USDT","Bybit Perpetual","short","87206.9","81606.8","0.015701441588189455","1.457840147409876","1369.2740464370788","86.47180289060975","6.315156788052311","208800.0","1740499200000.0","1740708000000.0"
"16838ee8-56c7-457b-a5b3-5c553cb56375","MomentumMAStrategy","BTC-USDT","Bybit Perpetual","short","81606.8","84615.1","0.017785555360376314","1.625991842506315","1451.4222591831578","-55.13027803312643","-3.7983624465118138","86400.0","1740708000000.0","1740794400000.0"
"d40b6fcb-ad4a-43b8-807d-f7d8be6b7178","MomentumMAStrategy","BTC-USDT","Bybit Perpetual","long","84615.1","94039.9","0.016534265102229835","1.6246610225113791","1399.0484950516877","154.20748071298416","11.02231132504717","144000.0","1740794400000.0","1740938400000.0"
"32bf7710-cda6-4b51-b144-ec726b430717","MomentumMAStrategy","BTC-USDT","Bybit Perpetual","long","94039.9","85552.0","0.016434998354198833","1.6233759195100927","1545.5456017290228","-141.12199845011426","-9.130885448623397","93600.0","1740938400000.0","1741032000000.0"
"cfb1732c-100e-41e3-abc9-3a558da5f3d5","MomentumMAStrategy","BTC-USDT","Bybit Perpetual","long","85552.0","86192.7","0.016498500364707007","1.5584414975725727","1411.479703201414","9.012147686095158","0.6384893573499123","14400.0","1741032000000.0","1741046400000.0"
"fab19e68-99e9-46f5-a664-7b4ffc870672","MomentumMAStrategy","BTC-USDT","Bybit Perpetual","short","86192.7","87573.9","0.016475191559183137","1.5745609118733739","1420.0412435032044","-24.330095493417076","-1.7133372431772032","115200.0","1741046400000.0","1741161600000.0"
"b66c0662-a4ce-4ebf-9296-61921ba0937e","MomentumMAStrategy","BTC-USDT","Bybit Perpetual","long","87573.9","92708.0","0.015951415350743296","1.5816633069166421","1396.9276527844581","80.3144982453346","5.749367054567635","79200.0","1741161600000.0","1741240800000.0"
"4909786b-3a1e-49a1-95a2-bba1769bf64c","MomentumMAStrategy","BTC-USDT","Bybit Perpetual","long","92708.0","89887.8","0.01589103881129488","1.595900319518691","1473.226426117526","-46.41180797513247","-3.1503513073305403","64800.0","1741240800000.0","1741305600000.0"
"bd17e98e-d593-45a9-b19a-d63a2b366998","MomentumMAStrategy","BTC-USDT","Bybit Perpetual","short","89887.8","86184.7","0.015899100974116065","1.539666950945778","1429.1352085411502","57.336293866303514","4.011957267838356","172800.0","1741305600000.0","1741478400000.0"
"97349a1f-8843-4676-8a20-cd08491e9f2c","MomentumMAStrategy","BTC-USDT","Bybit Perpetual","short","86184.7","83030.5","0.017214246701724768","1.6021017091649332","1483.6046877141384","52.695075237415274","3.5518272268743725","57600.0","1741478400000.0","1741536000000.0"
"39d14021-f731-4452-8020-0a9bec11d630","MomentumMAStrategy","BTC-USDT","Bybit Perpetual","short","83030.5","81272.7","0.018471104102584995","1.6691738313733135","1533.6650091896834","30.799332960150643","2.0082177513082575","180000.0","1741536000000.0","1741716000000.0"
"1265e915-a7b3-4aeb-85ca-87c916290da7","MomentumMAStrategy","BTC-USDT","Bybit Perpetual","long","81272.7","81016.0","0.01923061957461517","1.7165017380273668","1562.9243755018263","-6.653001782831025","-0.4256765002270099","165600.0","1741716000000.0","1741881600000.0"
"bf087eb0-63b9-4e1a-81dd-17cfe59459d9","MomentumMAStrategy","BTC-USDT","Bybit Perpetual","short","81016.0","84692.2","0.01921353836042432","1.7511124715352762","1556.6040238081368","-72.38392219212712","-4.650117890293272","86400.0","1741881600000.0","1741968000000.0"
"a53db9ca-6c2c-436b-9136-91233247654b","MomentumMAStrategy","BTC-USDT","Bybit Perpetual","long","84692.2","84242.0","0.0175676071435813","1.6322733122933557","1487.839297725616","-9.541210048333605","-0.6412796101648052","144000.0","1741968000000.0","1742112000000.0"
"9b2b9eb2-a9b2-40a0-92f9-9a8a8c956b0f","MomentumMAStrategy","BTC-USDT","Bybit Perpetual","short","84242.0","84436.2","0.017553894116707807","1.6285275944282747","1478.775148179699","-5.0374938318928795","-0.34065313026755906","129600.0","1742112000000.0","1742241600000.0"
"b1f5a826-b8bb-4673-8cd5-7a83a94f692e","MomentumMAStrategy","BTC-USDT","Bybit Perpetual","long","84436.2","82550.0","0.017456843498871347","1.603278577929177","1473.9895290394008","-34.53037678550026","-2.3426473597817012","57600.0","1742241600000.0","1742299200000.0"
"b23452e1-6159-4b35-bc3b-89d85c773508","MomentumMAStrategy","BTC-USDT","Bybit Perpetual","short","82550.0","84050.1","0.017458336415423083","1.5997083259537201","1441.1856710931754","-27.78895878272999","-1.928201156874629","93600.0","1742299200000.0","1742392800000.0"
"88a57dda-d3ef-405d-8e52-bbbe6be06116","MomentumMAStrategy","BTC-USDT","Bybit Perpetual","long","84050.1","84183.6","0.016832652908795848","1.5575007138143686","1414.786160249582","0.689658449509877","0.0487464797781323","122400.0","1742392800000.0","1742515200000.0"
"44385012-9f78-4387-b4f2-eb30007ff1e8","MomentumMAStrategy","BTC-USDT","Bybit Perpetual","short","84183.6","84073.5","0.016813742056369846","1.555967313204055","1415.4413357766166","0.29522568720236286","0.020857500748371182","144000.0","1742515200000.0","1742659200000.0"
"4ca46295-293a-4098-a5b5-d07927efe755","MomentumMAStrategy","BTC-USDT","Bybit Perpetual","long","84073.5","86044.2","0.016839096744865608","1.5755456245727133","1415.7218001794588","31.609262330533895","2.2327311994861607","115200.0","1742659200000.0","1742774400000.0"
"690da8e4-28c7-4545-8cf9-5a8cc323b77e","MomentumMAStrategy","BTC-USDT","Bybit Perpetual","long","86044.2","88283.6","0.016802417820067667","1.611020693289256","1445.7505993934662","36.01631377297043","2.491184426143783","57600.0","1742774400000.0","1742832000000.0"
"aa539b10-c8da-456b-a7f3-bcc174964f63","MomentumMAStrategy","BTC-USDT","Bybit Perpetual","long","88283.6","87885.1","0.01676377149864514","1.6242885076073514","1479.966097477788","-8.30465144981744","-0.5611379520092067","93600.0","1742832000000.0","1742925600000.0"
"ce6a9e00-7d66-4797-af6a-67af41832033","MomentumMAStrategy","BTC-USDT","Bybit Perpetual","short","87885.1","85175.1","0.016750014264084147","1.5943184501998906","1472.0766786004617","43.79822020546815","2.9752675823319312","223200.0","1742925600000.0","1743148800000.0"
"3106dfe6-d871-4066-a8a9-932105ad013f","MomentumMAStrategy","BTC-USDT","Bybit Perpetual","short","85175.1","82255.1","0.017771449493991277","1.6365125386878723","1513.6849877956565","50.25611998376665","3.3201174873877455","100800.0","1743148800000.0","1743249600000.0"
"ab684f00-512f-4f44-885f-62bc241db55e","MomentumMAStrategy","BTC-USDT","Bybit Perpetual","short","82255.1","82510.6","0.018982753674607833","1.7202386834183827","1561.428301780235","-6.5703322472806835","-0.42078987807442936","115200.0","1743249600000.0","1743364800000.0"
"688a753b-77f0-4bea-a0e6-004891f74eba","MomentumMAStrategy","BTC-USDT","Bybit Perpetual","long","82510.6","81491.5","0.01884832356261278","1.7001405551613877","1555.1864861453182","-20.90846709782018","-1.344434721114627","28800.0","1743364800000.0","1743393600000.0"
"aa1f8427-862b-4fb2-8ce1-f31cbd3d954a","MomentumMAStrategy","BTC-USDT","Bybit Perpetual","short","81491.5","82670.9","0.01884028938481178","1.701076917157874","1535.3234424023892","-23.921314217604777","-1.5580635035555783","79200.0","1743393600000.0","1743472800000.0"
"6f8342d0-bc2d-430e-b153-bf0d75034629","MomentumMAStrategy","BTC-USDT","Bybit Perpetual","long","82670.9","86709.5","0.01829662183302304","1.7044990185993965","1512.5981938956643","72.18823791624756","4.772466224511898","136800.0","1743472800000.0","1743609600000.0"
"13a2f4c5-d2a0-425e-896c-77bf067087ed","MomentumMAStrategy","BTC-USDT","Bybit Perpetual","long","86709.5","82485.1","0.018235337764790475","1.6969263734382403","1581.1770199160997","-78.73028722701902","-4.97922030458023","28800.0","1743609600000.0","1743638400000.0"
"1c7272e7-dc55-4e39-a9f2-50d2b1921ef8","MomentumMAStrategy","BTC-USDT","Bybit Perpetual","long","82485.1","83712.0","0.01826248918956795","1.6693450081481491","1506.3832470504315","20.736902978532665","1.376602071161936","7200.0","1743638400000.0","1743645600000.0"
"168d01a8-beea-4b5e-8e9c-3f933930c621","MomentumMAStrategy","BTC-USDT","Bybit Perpetual","short","83712.0","83971.9","0.018230161803326136","1.6812975458470178","1526.0833048800375","-6.419316598531375","-0.42063998590404506","151200.0","1743645600000.0","1743796800000.0"
"f8eb34ef-9b3b-45d3-ad95-c9c88f9679eb","MomentumMAStrategy","BTC-USDT","Bybit Perpetual","long","83971.9","82818.7","0.018101114231206306","1.660502636810291","1519.9849541114327","-22.53470756823735","-1.4825612258386405","86400.0","1743796800000.0","1743883200000.0"
"c3d1cadb-044a-44c0-aecd-4e2cc5dddd56","MomentumMAStrategy","BTC-USDT","Bybit Perpetual","short","82818.7","79572.6","0.01809466922230858","1.6161292719443736","1498.5769819216075","57.120976490591346","3.811681160172752","86400.0","1743883200000.0","1743969600000.0"
"f8c8bca4-e060-4bb9-bf8c-a385dae031b5","MomentumMAStrategy","BTC-USDT","Bybit Perpetual","short","79572.6","75084.1","0.019514781590493073","1.6599504471035258","1552.8419095876693","85.93214672182464","5.533863182804131","43200.0","1743969600000.0","1744012800000.0"
"d36a2cc7-70cc-4a8c-a6d9-5a0051f71895","MomentumMAStrategy","BTC-USDT","Bybit Perpetual","short","75084.1","80564.0","0.021768622770645216","1.8635346256272152","1634.4774489734025","-121.1534105464858","-7.412363543013758","64800.0","1744012800000.0","1744077600000.0"
"da6916db-959e-4e5b-9217-5d3b80d2bdcd","MomentumMAStrategy","BTC-USDT","Bybit Perpetual","short","80564.0","79830.1","0.018859313203840933","1.6637074123715008","1519.3817089542408","12.17714254792725","0.8014538069112682","14400.0","1744077600000.0","1744092000000.0"
"8cdc2766-96c5-4997-babc-6f846097d156","MomentumMAStrategy","BTC-USDT","Bybit Perpetual","long","79830.1","76038.0","0.019177603364830705","1.6440471294663732","1530.949994374772","-74.367436849241","-4.857600648126465","72000.0","1744092000000.0","1744164000000.0"
"19350272-01c8-4c3f-888e-bb1b39838b25","MomentumMAStrategy","BTC-USDT","Bybit Perpetual","short","76038.0","82161.9","0.019204883471001244","1.6710158545432274","1460.3009293679927","-119.27980174260763","-8.168165844709216","57600.0","1744164000000.0","1744221600000.0"
"1c8a3790-6451-4364-9a2e-496b222e5653","MomentumMAStrategy","BTC-USDT","Bybit Perpetual","short","82161.9","82291.4","0.016394279072325685","1.4828513120106936","1346.9851177125156","-3.60591045187687","-0.2677023230962283","7200.0","1744221600000.0","1744228800000.0"
"6228224b-efe6-4a88-aea5-bfef2473ad09","MomentumMAStrategy","BTC-USDT","Bybit Perpetual","long","82291.4","80774.3","0.016326851928430346","1.4642922461782142","1343.5595027832328","-26.23375930679975","-1.9525565672719039","122400.0","1744228800000.0","1744351200000.0"
"1e4be39c-bb69-420d-8d1b-8d69c38ceeca","MomentumMAStrategy","BTC-USDT","Bybit Perpetual","short","80774.3","82486.7","0.016324962660670198","1.4658763509190225","1318.6374314417728","-29.420742411050572","-2.23114722133153","36000.0","1744351200000.0","1744387200000.0"
"516a306e-f019-4368-acd3-d6e880b8ef38","MomentumMAStrategy","BTC-USDT","Bybit Perpetual","long","82486.7","85317.1","0.015647222232811776","1.4441148425606656","1290.687726151275","42.843782965189924","3.319453814978668","108000.0","1744387200000.0","1744495200000.0"
"7467dd07-0376-4d21-9360-0099a4acfa75","MomentumMAStrategy","BTC-USDT","Bybit Perpetual","long","85317.1","83949.9","0.015605187236418084","1.452793775370729","1331.3893199682054","-22.788205765001717","-1.711610978338471","79200.0","1744495200000.0","1744574400000.0"
"f14bf5be-1b70-46da-a793-d608eab17895","MomentumMAStrategy","BTC-USDT","Bybit Perpetual","short","83949.9","84872.6","0.015601454254161753","1.4486320809527724","1309.7405244914537","-15.844093921268005","-1.2097124296753323","86400.0","1744574400000.0","1744660800000.0"
"8b0abb8f-558e-487c-b9ef-128a778316dc","MomentumMAStrategy","BTC-USDT","Bybit Perpetual","long","84872.6","83608.7","0.015254494798866172","1.4135534130059162","1294.688635266249","-20.693709389293005","-1.5983541390272111","100800.0","1744660800000.0","1744761600000.0"
"4f01d195-1b80-4bde-a93b-043a7c86dd7e","MomentumMAStrategy","BTC-USDT","Bybit Perpetual","short","83608.7","84629.0","0.015249963357239387","1.4110903181684282","1275.0296113464208","-16.970627931559818","-1.3309987297972612","115200.0","1744761600000.0","1744876800000.0"
"06adfe53-8eea-4106-84be-d63988017d2d","MomentumMAStrategy","BTC-USDT","Bybit Perpetual","long","84629.0","84591.4","0.014875604282355211","1.384490638796024","1258.9075148114391","-1.9438133598126666","-0.15440477850382944","136800.0","1744876800000.0","1745013600000.0"
"f4146f62-98b1-43c8-a70c-72cda1d623c1","MomentumMAStrategy","BTC-USDT","Bybit Perpetual","short","84591.4","85292.5","0.014860386423674479","1.38849722063848","1257.0608921196172","-11.807114142276745","-0.9392635007814105","43200.0","1745013600000.0","1745056800000.0"
"78fc329e-9a11-4edf-a867-33e155fb962e","MomentumMAStrategy","BTC-USDT","Bybit Perpetual","long","85292.5","84084.60000000002","0.01460672548799079","1.3607246420085808","1245.8441336844544","-19.00418835895236","-1.5254065773660987","93600.0","1745056800000.0","1745150400000.0"
"683cd024-b223-44d1-ab35-1e5bcfed4b2d","MomentumMAStrategy","BTC-USDT","Bybit Perpetual","short","84084.6","87248.89999999998","0.014601843319031655","1.3759817072657206","1227.7901547434492","-47.580594521677206","-3.8753034741200807","50400.0","1745150400000.0","1745200800000.0"
"f57eecfc-7a8e-42f2-a0bb-e61c1edf5d01","MomentumMAStrategy","BTC-USDT","Bybit Perpetual","long","87248.9","90180.6","0.013554194837388848","1.3227027070952664","1182.5885899478558","38.41413029767777","3.2483088898542114","129600.0","1745200800000.0","1745330400000.0"
"a1330067-db30-4f14-8324-371c2b72704d","MomentumMAStrategy","BTC-USDT","Bybit Perpetual","long","90180.6","93404.9","0.01351822912833414","1.364962969501883","1219.0820137306498","42.22186320898573","3.4634144982401853","36000.0","1745330400000.0","1745366400000.0"
"fdd36b5a-e1d6-4f1c-b7f1-ecc33902587c","MomentumMAStrategy","BTC-USDT","Bybit Perpetual","long","93404.9","92427.3","0.013481014205670005","1.3778635904390004","1259.1927837791861","-14.556903077901879","-1.1560503892193998","122400.0","1745366400000.0","1745488800000.0"
"884239b4-f0c7-428b-808d-f22213dffd8a","MomentumMAStrategy","BTC-USDT","Bybit Perpetual","short","92427.3","94602.3","0.013473981451964726","1.3860183487526103","1245.3637258551794","-30.69192800677589","-2.4644951004735614","93600.0","1745488800000.0","1745582400000.0"
"985730c4-b52b-4077-8749-801e5abf479f","MomentumMAStrategy","BTC-USDT","Bybit Perpetual","long","94602.3","94261.0","0.012855991812553633","1.3354137711705234","1216.2063942487425","-5.723163776795115","-0.47057504415854884","115200.0","1745582400000.0","1745697600000.0"
"ffbd2717-8300-485d-ba89-abfd97a49fb0","MomentumMAStrategy","BTC-USDT","Bybit Perpetual","short","94261.0","95276.09999999999","0.012844860426483778","1.3390176773272742","1210.7693886607874","-14.377835496250844","-1.1874957882899515","144000.0","1745697600000.0","1745841600000.0"
"11f646cc-9d0d-422a-8a9a-bd270ffdfe9c","MomentumMAStrategy","BTC-USDT","Bybit Perpetual","long","95276.1","92978.10000000002","0.012564645749976634","1.3009410336698883","1197.1104449393488","-30.174496967116013","-2.520610950700108","180000.0","1745841600000.0","1746021600000.0"
"7913bf56-303e-46eb-bfdf-e23b9a15e45b","MomentumMAStrategy","BTC-USDT","Bybit Perpetual","short","92978.1","95478.3","0.012566880510793276","1.3025699831618445","1168.4446728205885","-32.72228463624716","-2.8004992788624383","72000.0","1746021600000.0","1746093600000.0"
"d884257b-9709-4b12-add5-bf12c6346049","MomentumMAStrategy","BTC-USDT","Bybit Perpetual","long","95478.3","96379.09999999999","0.011912219870024431","1.256996142870174","1137.3585024161537","9.473531516047695","0.8329415479747632","158400.0","1746093600000.0","1746252000000.0"
"c0a96ffc-a4e3-408d-8391-c96e8a6894b9","MomentumMAStrategy","BTC-USDT","Bybit Perpetual","short","96379.1","94230.2","0.011894262940371918","1.2469364231941282","1146.3583573563992","24.31264520937119","2.120859071105674","151200.0","1746252000000.0","1746403200000.0"
"6559ab62-6fda-493c-94c3-4204611d0a8d","MomentumMAStrategy","BTC-USDT","Bybit Perpetual","short","94230.2","94637.9","0.012410621757199944","1.289183803105558","1169.455370305302","-6.348994293515938","-0.542901803243543","165600.0","1746403200000.0","1746568800000.0"
"24b012fb-a96a-4bdb-90e0-b1dfc2039f49","MomentumMAStrategy","BTC-USDT","Bybit Perpetual","long","94637.9","97208.6","0.012293423942484586","1.297147696010028","1163.423825726462","30.30555723293524","2.604859601702924","14400.0","1746568800000.0","1746583200000.0"
"9286689d-5aaf-4bda-83a7-718ced1246d2","MomentumMAStrategy","BTC-USDT","Bybit Perpetual","long","97208.6","99741.1","0.01226449208298186","1.328518420017609","1192.2141050977505","29.73130778013395","2.4937892995064224","115200.0","1746583200000.0","1746698400000.0"
"a92be82f-3742-445d-b7b8-ff923b80a3b7","MomentumMAStrategy","BTC-USDT","Bybit Perpetual","long","99741.1","103228.1","0.012236268173189162","1.3659720591537163","1220.4588474888776","41.30189506075689","3.3841284485533043","50400.0","1746698400000.0","1746748800000.0"
"82514a8b-7d7b-4e12-b838-48f59ab935f6","MomentumMAStrategy","BTC-USDT","Bybit Perpetual","long","103228.1","103581.39999999998","0.012203030451946676","1.3880364444385265","1259.6956477965969","2.9232942142339144","0.2320635321196203","136800.0","1746748800000.0","1746885600000.0"
"3a6e574c-23d2-4953-b200-6aa88c62081c","MomentumMAStrategy","BTC-USDT","Bybit Perpetual","short","103581.4","104072.7","0.012188218901271072","1.3920134946005382","1262.4727773001193","-7.380085440795051","-0.5845738279266383","122400.0","1746885600000.0","1747008000000.0"
"4bdf6106-ab84-4306-a0c0-778612c5d5b7","MomentumMAStrategy","BTC-USDT","Bybit Perpetual","long","104072.7","103965.90000000001","0.012063314357476684","1.3802992666591418","1255.4616961313636","-2.668661240037511","-0.2125641306509664","7200.0","1747008000000.0","1747015200000.0"
"2eb829a3-9f4d-4fc8-a01c-4068e40883be","MomentumMAStrategy","BTC-USDT","Bybit Perpetual","short","103965.9","104302.50000000001","0.012051321327024805","1.380450175865933","1252.926467953328","-5.436924934542728","-0.4339380700787666","158400.0","1747015200000.0","1747173600000.0"
"fb1c87db-7543-4eaa-9fef-8c4bcdbdda9d","MomentumMAStrategy","BTC-USDT","Bybit Perpetual","long","104302.5","103458.1","0.011962909702696605","1.3669817136679376","1247.7613892655127","-11.468462666624882","-0.919123060329325","93600.0","1747173600000.0","1747267200000.0"
"a2f1370e-b42a-4a48-b6a5-caab7f56c34e","MomentumMAStrategy","BTC-USDT","Bybit Perpetual","short","103458.1","103859.09999999999","0.011955239364846435","1.3631897127473578","1236.866349732219","-6.157240698050604","-0.49780970267188873","108000.0","1747267200000.0","1747375200000.0"
"b161a456-6b7d-4e76-8d82-aff3193e63da","MomentumMAStrategy","BTC-USDT","Bybit Perpetual","long","103859.1","103399.4","0.011852759855121707","1.3511218756380083","1231.016971069071","-6.799835581037595","-0.5523754538600967","93600.0","1747375200000.0","1747468800000.0"
"42b203a6-8389-4d2f-b5ed-7fab7d63db1f","MomentumMAStrategy","BTC-USDT","Bybit Perpetual","short","103399.4","104708.2","0.01184298097732758","1.3555378914205134","1224.5571272670852","-16.855631394546883","-1.376467542364852","108000.0","1747468800000.0","1747576800000.0"
"6b50ef78-fed3-4a9d-b5b7-7f9d7ca33991","MomentumMAStrategy","BTC-USDT","Bybit Perpetual","long","104708.2","103167.00000000001","0.0115420213263361","1.3196149953890104","1208.5442774422656","-19.108178263538004","-1.5810904590089243","64800.0","1747576800000.0","1747641600000.0"
"9909b510-ebdc-4c52-b0f1-53fbacff8a04","MomentumMAStrategy","BTC-USDT","Bybit Perpetual","short","103167.0","106407.59999999999","0.011538491068771067","1.329996057687698","1190.3915080919046","-38.72163021514712","-3.2528483235918384","64800.0","1747641600000.0","1747706400000.0"
"76087c3d-9201-488a-afb5-917eaabd0a25","MomentumMAStrategy","BTC-USDT","Bybit Perpetual","short","106407.6","105720.00000000001","0.010841386887661357","1.2648665596330906","1153.6059593875148","6.189671064322764","0.5365498517023137","7200.0","1747706400000.0","1747713600000.0"
"50e6faad-4430-496a-8871-364621a64191","MomentumMAStrategy","BTC-USDT","Bybit Perpetual","long","105720.0","111755.9","0.010967519361507961","1.311844129151253","1159.4861468986217","64.88700598497458","5.596186393303058","172800.0","1747713600000.0","1747886400000.0"
"56ea7bf7-d6fb-45d7-bc1f-ce437bd21e20","MomentumMAStrategy","BTC-USDT","Bybit Perpetual","long","111755.9","109603.4","0.010926750199178277","1.3303057764507302","1221.1288025843476","-24.85013558018197","-2.0350134668505198","122400.0","1747886400000.0","1748008800000.0"
"d9b1bc5d-54b1-407a-8905-36031265dc03","MomentumMAStrategy","BTC-USDT","Bybit Perpetual","short","109603.4","106927.9","0.010925949138285627","1.3011954838557767","1197.5211737831748","27.931181435627416","2.3324164989407263","180000.0","1748008800000.0","1748188800000.0"
"463af939-b285-424a-8c98-e1cd5b78a203","MomentumMAStrategy","BTC-USDT","Bybit Perpetual","short","106927.9","109591.6","0.011447487476580207","1.3632323455769746","1224.0557961470206","-31.855904736943806","-2.602487961514265","50400.0","1748188800000.0","1748239200000.0"
"94d56184-98bf-4081-ba1b-8aa27a6e4705","MomentumMAStrategy","BTC-USDT","Bybit Perpetual","long","109591.60000000002","109791.59999999999","0.010893103911676843","1.3143701967419008","1193.792686646924","0.8642505855931506","0.07239536606817573","115200.0","1748239200000.0","1748354400000.0"
"b9145df2-b16c-4264-a36b-1ff790193fe0","MomentumMAStrategy","BTC-USDT","Bybit Perpetual","short","109791.59999999999","107065.5","0.010880738824311129","1.2977610070136365","1194.6137247032377","28.364221101940835","2.374342477020092","93600.0","1748354400000.0","1748448000000.0"
"203ed4b9-6910-495f-9c23-e4343f7a2de5","MomentumMAStrategy","BTC-USDT","Bybit Perpetual","short","107065.5","103949.99999999999","0.011409461822436563","1.3241653101557995","1221.5597347500818","34.22201299764548","2.8015013940064866","201600.0","1748448000000.0","1748649600000.0"
"4336e894-1b21-4e26-a9c4-e9f3e4957b74","MomentumMAStrategy","BTC-USDT","Bybit Perpetual","short","103950.0","104485.7","0.012064171689252957","1.3830322390332923","1254.0706470978448","-7.8458090129660665","-0.6256273544973517","108000.0","1748649600000.0","1748757600000.0"
"5bd04d76-a84e-41e1-af51-5b86d232e79d","MomentumMAStrategy","BTC-USDT","Bybit Perpetual","long","104485.7","103764.29999999999","0.011930983173156967","1.3665449851954663","1246.617128535527","-9.973556246311006","-0.8000496718689817","115200.0","1748757600000.0","1748872800000.0"
"42be28c0-70f2-4b5d-b5f9-d9c30c37d3fc","MomentumMAStrategy","BTC-USDT","Bybit Perpetual","short","103764.3","106442.6","0.011922619341156175","1.3784192683714651","1237.1422501015318","-33.310770649790086","-2.6925578402205796","43200.0","1748872800000.0","1748916000000.0"
"d0493709-08f4-464c-b052-72f71178b595","MomentumMAStrategy","BTC-USDT","Bybit Perpetual","short","106442.6","105370.5","0.011325324804018606","1.3193686853853406","1205.497017984231","10.822512037003074","0.8977634847326219","43200.0","1748916000000.0","1748959200000.0"
"43d78033-b61d-4c32-953a-b6d15da17b11","MomentumMAStrategy","BTC-USDT","Bybit Perpetual","long","105370.5","105044.09999999999","0.011538128835104548","1.3352849199728443","1215.7784044193838","-5.101330171751069","-0.41959374777571395","79200.0","1748959200000.0","1749038400000.0"
"bf3d16c4-0d01-496d-a0cf-ac0b8274db6e","MomentumMAStrategy","BTC-USDT","Bybit Perpetual","short","105044.1","101872.9","0.011527845359770042","1.311918948069146","1210.9321407562204","35.245184256833745","2.9105829361192215","115200.0","1749038400000.0","1749153600000.0"
"a7a9bb43-5253-41a2-8675-d67ea498808b","MomentumMAStrategy","BTC-USDT","Bybit Perpetual","short","101872.9","105035.4","0.012215369011780488","1.3901036798550994","1244.4150658002125","-40.021208179610895","-3.216065867370027","72000.0","1749153600000.0","1749225600000.0"
"2d5ca64e-ce95-46ac-96e0-288aa5169c21","MomentumMAStrategy","BTC-USDT","Bybit Perpetual","short","105035.4","104874.9","0.011485603120753406","1.3260205182170561","1206.3949180295822","0.5174187826638654","0.04288966862600608","7200.0","1749225600000.0","1749232800000.0"
"b73ca008-5fde-4ce1-b554-434672f5e63b","MomentumMAStrategy","BTC-USDT","Bybit Perpetual","long","104874.89999999998","105476.4","0.011507867620117998","1.33138220276585","1206.886465873113","5.590600170735294","0.4632250281049275","201600.0","1749232800000.0","1749434400000.0"
"51b5299c-f489-43e1-b7ab-b7912531e905","MomentumMAStrategy","BTC-USDT","Bybit Perpetual","short","105476.4","107707.9","0.011492594893600003","1.3475224386666302","1212.1975360353113","-26.993247943735035","-2.2268027397597945","36000.0","1749434400000.0","1749470400000.0"
"6fef24e2-80a2-448e-8f8c-0265391aac61","MomentumMAStrategy","BTC-USDT","Bybit Perpetual","long","107707.9","110227.9","0.011016405950619805","1.3204780841851982","1186.553950488763","26.44086491137671","2.2283744367869023","43200.0","1749470400000.0","1749513600000.0"
"c6dd2152-4f11-45a7-94f8-0748010b2cdd","MomentumMAStrategy","BTC-USDT","Bybit Perpetual","long","110227.9","109219.1","0.01099243269766158","1.3267410080120574","1211.6727721545708","-12.41590711341293","-1.024691434745639","122400.0","1749513600000.0","1749636000000.0"
"302c806f-ffe6-409b-b127-e8a1fcadf799","MomentumMAStrategy","BTC-USDT","Bybit Perpetual","short","109219.1","106862.89999999998","0.010985969124418975","1.3056285991884855","1199.8776603968286","24.579511851767794","2.0485014983643213","93600.0","1749636000000.0","1749729600000.0"
"bd7afe8c-969f-4fb3-a163-ed292a80191f","MomentumMAStrategy","BTC-USDT","Bybit Perpetual","short","106862.9","103714.9","0.011446705981739294","1.3257321895848253","1223.2281966560079","34.70849824093047","2.837450799108016","50400.0","1749729600000.0","1749780000000.0"
"0b38d6f2-84ef-4e42-ac4b-9fd6ad9b44f4","MomentumMAStrategy","BTC-USDT","Bybit Perpetual","short","103714.9","104815.0","0.012112061719048004","1.3891498604867998","1256.2012699848917","-14.71362895761158","-1.1712795798867914","115200.0","1749780000000.0","1749895200000.0"
"20fd3d0b-56ec-4195-b396-cc9e4a1874f6","MomentumMAStrategy","BTC-USDT","Bybit Perpetual","long","104815.00000000001","107023.79999999999","0.01185157966393322","1.3808434277616093","1242.2233224751606","24.79692573393378","1.996172933263344","165600.0","1749895200000.0","1750060800000.0"
"873dbf1a-e191-40c2-a5a5-144207a2f1e4","MomentumMAStrategy","BTC-USDT","Bybit Perpetual","long","107023.8","105301.4","0.011827092683332098","1.3811544006738634","1265.780401922398","-21.752138838445173","-1.7184765070946917","108000.0","1750060800000.0","1750168800000.0"
"83b4c24d-fd8d-46fc-a008-4761332cab2e","MomentumMAStrategy","BTC-USDT","Bybit Perpetual","short","105301.4","104842.2","0.011824304995241045","1.3666411105588647","1245.1158700258752","4.063079743255789","0.3263214164294085","144000.0","1750168800000.0","1750312800000.0"
"e67d59cd-7bbc-4754-9672-8d9ec2cb94b4","MomentumMAStrategy","BTC-USDT","Bybit Perpetual","long","104842.19999999998","103216.6","0.011912910982237766","1.363222279909166","1248.9757957819681","-20.7288503726346","-1.659667900902477","129600.0","1750312800000.0","1750442400000.0"
"3a0de53d-ab67-4be9-97f1-f1e8ecafd2e2","MomentumMAStrategy","BTC-USDT","Bybit Perpetual","short","103216.6","98849.9","0.011909745020936216","1.3236082707501544","1229.2833879279651","50.68267531217216","4.122944783106605","165600.0","1750442400000.0","1750608000000.0"
"117c064f-d816-40f1-a322-6e98d1074540","MomentumMAStrategy","BTC-USDT","Bybit Perpetual","short","98849.9","102306.1","0.012922946097816274","1.4297404798887818","1277.4319294745287","-46.09402678316154","-3.6083352638697788","79200.0","1750608000000.0","1750687200000.0"
"7562109b-3fd1-48af-8955-4c087a9d010d","MomentumMAStrategy","BTC-USDT","Bybit Perpetual","long","102306.1","105991.6","0.012058348466323369","1.381449438233527","1233.6426040305253","43.05959383440125","3.490443155393471","100800.0","1750687200000.0","1750788000000.0"
"d1bd22e5-cbf4-4668-9b75-aa6aae23eb3d","MomentumMAStrategy","BTC-USDT","Bybit Perpetual","long","105991.6","107259.99999999999","0.012025002152748016","1.4103930219923273","1274.5492181732066","13.84211970855301","1.0860404220711637","165600.0","1750788000000.0","1750953600000.0"
"4d33cb75-40d7-4804-82ef-f112d4363fb4","MomentumMAStrategy","BTC-USDT","Bybit Perpetual","short","107260.0","107407.6","0.01200540026008141","1.4174437534790787","1287.699231896332","-3.1894408318671648","-0.24768523214619226","172800.0","1750953600000.0","1751126400000.0"
"a6b2dec7-2683-4944-a788-1de950812eb2","MomentumMAStrategy","BTC-USDT","Bybit Perpetual","long","107407.6","107608.1","0.01196069238215972","1.414455154769107","1284.6692631060585","0.983663667853917","0.07656940942726585","158400.0","1751126400000.0","1751284800000.0"
"6bb995ba-2c20-4ae9-8e28-afcc8d999f24","MomentumMAStrategy","BTC-USDT","Bybit Perpetual","short","107608.1","105340.1","0.011947090819283301","1.3992613168615975","1285.6037435905196","25.69674066127293","1.9988072366299559","115200.0","1751284800000.0","1751400000000.0"
"f93f0ba0-c97c-4302-9491-2222a6b05794","MomentumMAStrategy","BTC-USDT","Bybit Perpetual","short","105340.1","107591.4","0.012436058511608864","1.4564157261305537","1310.015647218729","-29.453714253315447","-2.248348278575764","50400.0","1751400000000.0","1751450400000.0"
"e1fbb6c2-a149-46a6-81e5-e665b40b4b9c","MomentumMAStrategy","BTC-USDT","Bybit Perpetual","short","107591.4","107724.0","0.01191577225203947","1.4111070978162288","1282.0346186780794","-2.991138498436732","-0.2333118353325692","14400.0","1751450400000.0","1751464800000.0"
"c188383a-4efe-42cf-9dfa-0edcf91eb3d6","MomentumMAStrategy","BTC-USDT","Bybit Perpetual","long","107724.0","109894.7","0.011874726496459142","1.4212893986582462","1279.1930371045646","24.35517940720558","1.9039487161635265","72000.0","1751464800000.0","1751536800000.0"
"10d57e7b-c6fa-4630-bc0f-2db752f33853","MomentumMAStrategy","BTC-USDT","Bybit Perpetual","long","109894.69999999998","108661.0","0.011850712159379932","1.424522380320486","1302.3304575414097","-16.044745971347304","-1.2320026670985798","79200.0","1751536800000.0","1751616000000.0"
"218015e2-ce98-4c24-9e62-23c9d255012a","MomentumMAStrategy","BTC-USDT","Bybit Perpetual","short","108661.0","107941.7","0.01184498531090851","1.4111106898917174","1287.0879488686296","7.108987244244808","0.5523311169600895","165600.0","1751616000000.0","1751781600000.0"
"3ab2817b-17c3-426a-8380-55ebdc14d8ac","MomentumMAStrategy","BTC-USDT","Bybit Perpetual","long","107941.7","107900.0","0.011986484247984442","1.422950725409501","1293.8414867506622","-1.9227871185504175","-0.14861071763738862","129600.0","1751781600000.0","1751911200000.0"
"0c4ba4af-e344-4934-86bb-001fb36ab740","MomentumMAStrategy","BTC-USDT","Bybit Perpetual","short","107900.0","108873.1","0.011974187571714916","1.4276249679461632","1292.0148389880394","-13.079706893982019","-1.012349587581099","108000.0","1751911200000.0","1752019200000.0"
"c13c97fb-0e0e-4a14-9544-4ce1094a4f4e","MomentumMAStrategy","BTC-USDT","Bybit Perpetual","long","108873.10000000002","111718.8","0.011753032819298398","1.4259431122042647","1279.5891174387566","32.01966238167298","2.502339379516136","72000.0","1752019200000.0","1752091200000.0"
"dfb125d3-714d-405c-bcbf-46223d410f8c","MomentumMAStrategy","BTC-USDT","Bybit Perpetual","long","111718.8","116459.4","0.01172593866655698","1.4715819680349544","1310.007796701346","54.11640287464496","4.13099853381883","93600.0","1752091200000.0","1752184800000.0"
"8feb95e5-e642-46d3-89ae-b11b5cd3b144","MomentumMAStrategy","BTC-USDT","Bybit Perpetual","long","116459.4","117438.6","0.011690068637072306","1.5038560207406662","1361.4183794322585","9.943059188680671","0.730345596834615","158400.0","1752184800000.0","1752343200000.0"
"4893998f-06f3-42f0-be40-ca8c5174f8e4","MomentumMAStrategy","BTC-USDT","Bybit Perpetual","short","117438.6","118593.1","0.011673029869749002","1.5153627963691996","1370.8642856615052","-14.991875780994421","-1.0936075830263643","100800.0","1752343200000.0","1752444000000.0"
"402c59d9-684d-4570-9ace-7694127fce97","MomentumMAStrategy","BTC-USDT","Bybit Perpetual","long","118593.1","122447.39999999998","0.011439299619198423","1.5165339749237687","1356.6220036695606","42.57395854735242","3.1382329368234525","28800.0","1752444000000.0","1752472800000.0"
"74da9246-0201-4b23-bbea-50eda07db7d6","MomentumMAStrategy","BTC-USDT","Bybit Perpetual","long","122447.40000000001","118491.3","0.011409529841299573","1.5119485081656592","1397.0672642895454","-46.64918951333097","-3.339079706878224","72000.0","1752472800000.0","1752544800000.0"
"bc0140a9-c774-4584-8422-8667f0db5d0e","MomentumMAStrategy","BTC-USDT","Bybit Perpetual","short","118491.3","119055.99999999999","0.011416454492877379","1.49157136719574","1352.7505342518814","-7.938443219323396","-0.5868371897345902","136800.0","1752544800000.0","1752681600000.0"
"d099ed7d-2f79-44b3-a972-6f7051645dbb","MomentumMAStrategy","BTC-USDT","Bybit Perpetual","long","119056.00000000001","118948.8","0.011298960264023014","1.4790637278157097","1345.209013193524","-2.6903122681191083","-0.19999213815348377","100800.0","1752681600000.0","1752782400000.0"
"fd830d9f-4d03-496e-8cec-3b67c0c75f3e","MomentumMAStrategy","BTC-USDT","Bybit Perpetual","short","118948.79999999999","120212.8","0.01128765667698044","1.484765717114529","1342.653216538811","-15.75236375681797","-1.1732265310789303","28800.0","1752782400000.0","1752811200000.0"
"3de7855c-d120-4329-80ac-c9ed1e32be97","MomentumMAStrategy","BTC-USDT","Bybit Perpetual","long","120212.80000000002","117830.00000000001","0.011044485037947988","1.445983078645185","1327.688470969834","-27.762782027067683","-2.0910614676640114","43200.0","1752811200000.0","1752854400000.0"
"f89d3706-0d77-45e0-a4ed-7320aa5c3865","MomentumMAStrategy","BTC-USDT","Bybit Perpetual","short","117830.0","119352.19999999998","0.011043994127506744","1.4406913531720216","1301.3138280441196","-18.251859214062595","-1.402571679538303","230400.0","1752854400000.0","1753084800000.0"
"1bbc8c97-abc7-4619-9367-d4b98f44896c","MomentumMAStrategy","BTC-USDT","Bybit Perpetual","long","119352.2","117815.3","0.01075786254288367","1.4032784505516496","1283.9745617907604","-17.9370373927095","-1.3969932058227617","36000.0","1753084800000.0","1753120800000.0"
"338547f3-768d-4ccd-bd48-e67ed3114e6c","MomentumMAStrategy","BTC-USDT","Bybit Perpetual","short","117815.30000000002","119286.49999999999","0.010753564063985628","1.4023291677924692","1266.934376267686","-17.22297261872778","-1.3594210514253817","93600.0","1753120800000.0","1753214400000.0"
"64b55583-74e0-4b36-a25c-3641fdea9b5d","MomentumMAStrategy","BTC-USDT","Bybit Perpetual","long","119286.5","118078.89999999998","0.010483772700849587","1.3686666953554334","1250.5725522798944","-14.028870608901608","-1.1217958193089916","79200.0","1753214400000.0","1753293600000.0"
"d1f4ca60-b980-45fb-8399-af49585edb73","MomentumMAStrategy","BTC-USDT","Bybit Perpetual","short","118078.9","117758.0","0.010478122045525813","1.3591203015711568","1237.245125201438","2.003309062838016","0.16191690894816446","237600.0","1753293600000.0","1753531200000.0"
"e732998d-6914-46ca-8c12-ffa6a2755b04","MomentumMAStrategy","BTC-USDT","Bybit Perpetual","long","117757.99999999999","119423.40000000001","0.010522837249368484","1.3727016989275516","1239.148268811134","16.152031456170967","1.3034785152601294","129600.0","1753531200000.0","1753660800000.0"
"2b675621-3eb8-4978-903e-a39229b12a40","MomentumMAStrategy","BTC-USDT","Bybit Perpetual","long","119423.4","118813.3","0.010504580330944322","1.3764171041109958","1254.492698694496","-7.785261564020034","-0.6205904244896656","43200.0","1753660800000.0","1753704000000.0"
"1c0deedb-933b-497c-b32a-275601ddef66","MomentumMAStrategy","BTC-USDT","Bybit Perpetual","short","118813.3","118624.1","0.010496271883776286","1.370714128177319","1247.096700208677","0.6151805122331238","0.049329014512682574","244800.0","1753704000000.0","1753948800000.0"
"bc36ba2c-5aa4-4376-842c-44d6dc9e5c90","MomentumMAStrategy","BTC-USDT","Bybit Perpetual","long","118624.1","116479.0","0.010517939623527584","1.3600401161072924","1247.6811216952985","-23.922072402536376","-1.9173226224687951","50400.0","1753948800000.0","1753999200000.0"
"eb15194d-7ea9-446c-89ca-0cd7e053bfbd","MomentumMAStrategy","BTC-USDT","Bybit Perpetual","short","116479.0","113278.5","0.010516532189604041","1.328938679504123","1224.9551529128892","32.329222593323614","2.6392168330772074","79200.0","1753999200000.0","1754078400000.0"
"3056db7a-2689-4d08-9a99-2fd6c8d6166d","MomentumMAStrategy","BTC-USDT","Bybit Perpetual","short","113278.5","113896.9","0.011084785854125421","1.3850048631789065","1255.6679143765466","-8.239836435370002","-0.6562114346499945","151200.0","1754078400000.0","1754229600000.0"
"98f92122-14db-4cd9-adeb-b87067396552","MomentumMAStrategy","BTC-USDT","Bybit Perpetual","long","113896.90000000001","114373.79999999999","0.010955873862791217","1.3754977476740802","1247.840069762945","3.8493584974908277","0.308481718993212","144000.0","1754229600000.0","1754373600000.0"
"ac43acc4-4bb7-43c9-9d08-193ecbcdaac6","MomentumMAStrategy","BTC-USDT","Bybit Perpetual","short","114373.80000000002","115465.60000000002","0.010942164729470924","1.383217316867518","1251.4969603355617","-13.329872768503904","-1.065114274422991","129600.0","1754373600000.0","1754503200000.0"
"c1f3cb25-11d3-4d7d-942f-e987e35511ae","MomentumMAStrategy","BTC-USDT","Bybit Perpetual","long","115465.59999999999","116517.0","0.01072902735711314","1.368921213975829","1238.833581205483","9.91157814929302","0.8000734158052345","201600.0","1754503200000.0","1754704800000.0"
"55983e1f-c612-459a-93fb-17ab0ce35b6d","MomentumMAStrategy","BTC-USDT","Bybit Perpetual","short","116517.0","118480.1","0.01071302539927488","1.3846414455807665","1248.2495804473112","-22.415381606897345","-1.795745174523894","93600.0","1754704800000.0","1754798400000.0"
"c1cccb26-aa37-4990-8e42-74ecd7a88056","MomentumMAStrategy","BTC-USDT","Bybit Perpetual","short","118480.1","117770.0","0.010355789435700669","1.3456059593697747","1226.954967920759","6.008040118921331","0.4896707928166889","14400.0","1754798400000.0","1754812800000.0"
"146b7197-85e1-4007-a25b-9576dbb07ec6","MomentumMAStrategy","BTC-USDT","Bybit Perpetual","long","117770.0","120050.1","0.010466694455580659","1.3690546771526009","1232.6626060337342","22.49605535101692","1.8249969814044376","64800.0","1754812800000.0","1754877600000.0"
"04191cfb-1240-4708-b69a-2832e5f94e12","MomentumMAStrategy","BTC-USDT","Bybit Perpetual","long","120050.1","118641.89999999998","0.010445920983132878","1.3713467742182741","1254.0338586172004","-16.081292702666268","-1.2823651125655258","79200.0","1754877600000.0","1754956800000.0"
"2b920367-4b9c-4898-a39d-5defe6db433e","MomentumMAStrategy","BTC-USDT","Bybit Perpetual","short","118641.9","120082.8","0.010441139517739242","1.3709068444667452","1238.7566305496673","-16.41554477557731","-1.3251630199786153","122400.0","1754956800000.0","1755079200000.0"
"82deead4-3d09-4e30-9729-f76fca75cee5","MomentumMAStrategy","BTC-USDT","Bybit Perpetual","long","120082.80000000002","123323.9","0.010185987193943417","1.363635641016015","1223.1618630128687","31.650167453273756","2.5875698393108557","50400.0","1755079200000.0","1755129600000.0"
"6c78bbde-de56-4074-b6a1-57d987bdcb97","MomentumMAStrategy","BTC-USDT","Bybit Perpetual","long","123323.9","118364.69999999998","0.010162097712555952","1.3508347430659677","1253.2295220934789","-51.74670971917356","-4.129068842292542","50400.0","1755129600000.0","1755180000000.0"
"704578ea-dccc-40ed-adb4-da43b727f26e","MomentumMAStrategy","BTC-USDT","Bybit Perpetual","long","118364.7","118185.9","0.010172544245541652","1.3234767946451838","1204.070147860264","-3.1423277057480608","-0.2609754681927998","7200.0","1755180000000.0","1755187200000.0"
"4fee87e2-acdd-4390-9c6c-36facc5460c4","MomentumMAStrategy","BTC-USDT","Bybit Perpetual","short","118185.9","117945.50000000001","0.010162675382933185","1.319849721254652","1201.084936539803","1.1232574408022784","0.09352023380113839","223200.0","1755187200000.0","1755410400000.0"
"47b308f6-dca8-43cc-963c-d487dfcf1b5e","MomentumMAStrategy","BTC-USDT","Bybit Perpetual","long","117945.5","117353.8","0.010192436600875534","1.319050258614216","1202.1520311085653","-7.34991499535224","-0.6113964627730579","64800.0","1755410400000.0","1755475200000.0"
"0fdc94a2-22a9-4f0c-b2f0-92b4ffad77b1","MomentumMAStrategy","BTC-USDT","Bybit Perpetual","short","117353.80000000002","115264.9","0.01018432817567885","1.302985849329882","1195.1696118629807","19.971057276845904","1.6709810121189286","14400.0","1755475200000.0","1755489600000.0"
"bab5a95e-e98e-466d-9ea2-322ccdba4170","MomentumMAStrategy","BTC-USDT","Bybit Perpetual","short","115264.9","112632.7","0.01053349385872008","1.320306883509375","1214.142116275984","26.405955651413592","2.1748653059170637","208800.0","1755489600000.0","1755698400000.0"
"6ce86f19-3d70-41a4-956d-a285741c221f","MomentumMAStrategy","BTC-USDT","Bybit Perpetual","short","112632.7","113934.7","0.01100238007385801","1.3710293559301996","1239.2277741448272","-15.69612821209333","-1.2666055861219698","57600.0","1755698400000.0","1755756000000.0"
"95f558b1-a803-4112-8424-0a13ff0faae4","MomentumMAStrategy","BTC-USDT","Bybit Perpetual","long","113934.70000000001","112748.89999999998","0.010745773257342483","1.3397398117169663","1224.3164523433386","-14.082077740274027","-1.1501991754926568","36000.0","1755756000000.0","1755792000000.0"
"f545b264-e06d-47bf-9f69-2e89c70203db","MomentumMAStrategy","BTC-USDT","Bybit Perpetual","short","112748.9","116319.3","0.010740135633164302","1.3531229454846438","1210.9384784900785","-39.69970321013456","-3.2784244546953527","86400.0","1755792000000.0","1755878400000.0"
"2c1bbfc9-88de-4018-a0d2-edd7f6f5b50c","MomentumMAStrategy","BTC-USDT","Bybit Perpetual","short","116319.3","116972.89999999998","0.01008623470430488","1.2941719361359991","1173.2237604404506","-7.886534938869434","-0.6722106391630424","7200.0","1755878400000.0","1755885600000.0"
"f6b58c01-df6b-4f93-a2da-c07018ff2579","MomentumMAStrategy","BTC-USDT","Bybit Perpetual","long","116972.89999999998","115006.50000000001","0.009965825864354263","1.271526467484561","1165.7315522485246","-20.868326447150437","-1.7901485472275762","122400.0","1755885600000.0","1756008000000.0"
"bb0c78f0-4641-4db5-8b86-02d31012caa5","MomentumMAStrategy","BTC-USDT","Bybit Perpetual","short","115006.5","111469.7","0.009963842409983185","1.2411152415265088","1145.9066421237312","33.99900259410205","2.966995856755925","100800.0","1756008000000.0","1756108800000.0"
"c9f3d859-53a1-4129-9507-c23fef1a461f","MomentumMAStrategy","BTC-USDT","Bybit Perpetual","short","111469.69999999998","111373.70000000001","0.010569739530905065","1.2954681817997094","1178.2056945881282","-0.2807731868331307","-0.023830574586662656","158400.0","1756108800000.0","1756267200000.0"
"332bd001-de0d-4903-ab7f-706a76c18f7c","MomentumMAStrategy","BTC-USDT","Bybit Perpetual","long","111373.69999999998","111648.59999999999","0.010576455303726438","1.2973319632263478","1177.938960060637","1.6101355997681424","0.13669091984912843","172800.0","1756267200000.0","1756440000000.0"
"d036f6ae-fc58-49ab-853f-1b1a5a950307","MomentumMAStrategy","BTC-USDT","Bybit Perpetual","short","111648.6","108334.4","0.010564114452670404","1.2781590743029865","1179.468588880417","33.73342904473739","2.860053193680898","43200.0","1756440000000.0","1756483200000.0"
"dacde17e-0634-4f93-8f5d-379569501151","MomentumMAStrategy","BTC-USDT","Bybit Perpetual","short","108334.4","109175.4","0.011183108472220437","1.337839627944035","1211.5153464729176","-10.742833853081423","-0.8867270137647878","129600.0","1756483200000.0","1756612800000.0"
"546970be-16ff-4b98-ac5b-4600a2501ab3","MomentumMAStrategy","BTC-USDT","Bybit Perpetual","long","109175.4","107619.1","0.011003482966973238","1.312022023445914","1201.30965431249","-18.436742564946236","-1.5347202529141073","86400.0","1756612800000.0","1756699200000.0"
"6a0daa77-338e-4074-af03-f95c5b42cacf","MomentumMAStrategy","BTC-USDT","Bybit Perpetual","short","107619.1","109485.29999999999","0.010999857356879878","1.3134645873530455","1183.7947488757914","-21.841398386762084","-1.8450325453381256","21600.0","1756699200000.0","1756720800000.0"
"8b42d07c-8093-463e-b9cd-ecbb37479725","MomentumMAStrategy","BTC-USDT","Bybit Perpetual","long","109485.3","108721.9","0.010622845445081368","1.2748897483321775","1163.0454204083671","-9.384369961107385","-0.8068790604766198","7200.0","1756720800000.0","1756728000000.0"
"411a9dfc-5309-472c-915f-46361796580e","MomentumMAStrategy","BTC-USDT","Bybit Perpetual","short","108721.9","108882.0","0.010615435059038844","1.2704780379739706","1154.1302689453153","-2.9700091909261515","-0.25733743155703304","21600.0","1756728000000.0","1756749600000.0"
"ba32ed15-a71e-444a-9406-9a20c607cd79","MomentumMAStrategy","BTC-USDT","Bybit Perpetual","long","108882.0","107744.5","0.010573912678072917","1.2598243321161096","1151.3087602139353","-13.287650003424051","-1.1541343610514132","14400.0","1756749600000.0","1756764000000.0"
"72458980-de46-4e47-aa47-692f75d233f8","MomentumMAStrategy","BTC-USDT","Bybit Perpetual","short","107744.5","109187.9","0.010568386253689818","1.2609439667769675","1138.6854927106826","-16.51535268535279","-1.4503875557452997","7200.0","1756764000000.0","1756771200000.0"
"42528a47-71ea-479d-ae19-6da845b73d54","MomentumMAStrategy","BTC-USDT","Bybit Perpetual","long","109187.9","112168.6","0.01028498494484826","1.252156548469367","1122.9959076595972","29.40429807663996","2.618379806736838","144000.0","1756771200000.0","1756915200000.0"
"3e2314ea-b617-44e8-992f-c4c0bd6a15e9","MomentumMAStrategy","BTC-USDT","Bybit Perpetual","long","112168.6","110764.09999999999","0.010260714592429658","1.2580968444108587","1150.9299908324053","-15.669270489478464","-1.3614442767405626","64800.0","1756915200000.0","1756980000000.0"
"52bed5a0-e893-4c87-9fbd-21482f9f86da","MomentumMAStrategy","BTC-USDT","Bybit Perpetual","short","110764.1","112299.6","0.01025642950980869","1.258310413385912","1136.0441838674008","-17.007057925697154","-1.497041943192785","93600.0","1756980000000.0","1757073600000.0"
"0f09fbf8-0768-429d-ba8d-b793b6556701","MomentumMAStrategy","BTC-USDT","Bybit Perpetual","long","112299.6","110779.90000000001","0.009972319392393103","1.2235410131424467","1119.8874788379885","-16.378474793762216","-1.4625107524870944","72000.0","1757073600000.0","1757145600000.0"
"3b5ecf64-4e15-45f4-8cd5-8c3bb16db9ac","MomentumMAStrategy","BTC-USDT","Bybit Perpetual","short","110779.9","110925.6","0.00996866694936459","1.215559559688293","1104.3279277839142","-2.66799433421083","-0.2415943912208006","122400.0","1757145600000.0","1757268000000.0"
"36504fa2-70d5-4c2d-8516-82ffa369e608","MomentumMAStrategy","BTC-USDT","Bybit Perpetual","long","110925.59999999999","112950.1","0.00993272367394374","1.2230325059758997","1101.7933331664137","18.885766571923345","1.7140933788052661","136800.0","1757268000000.0","1757404800000.0"
"de18b943-4a11-46c5-b76c-5dea162e861d","MomentumMAStrategy","BTC-USDT","Bybit Perpetual","long","112950.1","110984.9","0.009913535370130178","1.2209931487105559","1119.7348114097406","-20.703072858090497","-1.8489264285733362","36000.0","1757404800000.0","1757440800000.0"
"1ded0a8d-bf4f-4710-b1e1-dfc781de7a04","MomentumMAStrategy","BTC-USDT","Bybit Perpetual","short","110984.9","113911.3","0.009911860912561573","1.2260269197899967","1100.0668921945548","-30.232096694310272","-2.7482053054064193","72000.0","1757440800000.0","1757512800000.0"
"34d4fa94-8ef0-4554-9556-07c33996e02a","MomentumMAStrategy","BTC-USDT","Bybit Perpetual","short","113911.3","113801.29999999999","0.009405093264100753","1.177912032225978","1071.3464003349602","-0.14335177317475822","-0.01338052502252668","7200.0","1757512800000.0","1757520000000.0"
"8be77c76-1418-471d-8f48-8cb5d8b1f2d6","MomentumMAStrategy","BTC-USDT","Bybit Perpetual","long","113801.3","115746.39999999998","0.009412987515524373","1.1884012988745338","1071.2102161504438","17.120800717571704","1.5982671243649913","180000.0","1757520000000.0","1757700000000.0"
"118ea19f-e601-43a3-a50b-f22287688260","MomentumMAStrategy","BTC-USDT","Bybit Perpetual","long","115746.40000000001","115907.40000000001","0.009395324406047505","1.197054430491506","1087.474976832137","0.3155927988821421","0.029020695244085338","115200.0","1757700000000.0","1757815200000.0"
"8823251d-1b69-428b-998e-53d1c3de8e74","MomentumMAStrategy","BTC-USDT","Bybit Perpetual","short","115907.39999999998","116414.79999999999","0.009384860586908817","1.1991713020341712","1087.7747899910748","-5.9610495638317875","-0.5480040187253005","230400.0","1757815200000.0","1758045600000.0"
"122b109a-e750-4269-81ea-841c2dc135d9","MomentumMAStrategy","BTC-USDT","Bybit Perpetual","long","116414.8","115986.80000000002","0.009295311188143042","1.1881348559422893","1082.1117929054346","-5.166528044467376","-0.4774486405508453","100800.0","1758045600000.0","1758146400000.0"
"0da68255-261b-4d4c-b055-b450f9b9b9c2","MomentumMAStrategy","BTC-USDT","Bybit Perpetual","short","115986.8","117531.20000000001","0.009287294685802095","1.1928127642415236","1077.2035912631904","-15.53611067699436","-1.4422631713263998","21600.0","1758146400000.0","1758168000000.0"
"e43b48a8-74af-45c3-b937-37b0cd29a137","MomentumMAStrategy","BTC-USDT","Bybit Perpetual","long","117531.2","116238.7","0.009039678707611647","1.1622626331307773","1062.444286120046","-12.846047362718831","-1.209103153035109","122400.0","1758168000000.0","1758290400000.0"
"f5329481-f578-4410-bc9b-c6229989b55a","MomentumMAStrategy","BTC-USDT","Bybit Perpetual","short","116238.69999999998","115626.20000000001","0.009035205496323197","1.1522208603864357","1050.240541125463","4.381842506111259","0.4172227536956031","158400.0","1758290400000.0","1758448800000.0"
"56a2fb7f-6a90-4bbb-9b83-fa0e27e7ead4","MomentumMAStrategy","BTC-USDT","Bybit Perpetual","long","115626.20000000001","115559.3","0.009119068961068245","1.1595080845144736","1054.4032915062692","-1.7695737980100188","-0.1678270366058979","7200.0","1758448800000.0","1758456000000.0"
"eb31bc66-e47f-4bb9-8cef-c45e81973650","MomentumMAStrategy","BTC-USDT","Bybit Perpetual","short","115559.3","114211.8","0.00910980073778709","1.1512429149661831","1052.7221963981597","11.124213579201921","1.056709321534485","50400.0","1758456000000.0","1758506400000.0"
"1eb54dcd-a1ca-48c8-9c13-3bbd980dafd4","MomentumMAStrategy","BTC-USDT","Bybit Perpetual","short","114211.80000000002","112454.4","0.009309810363713745","1.1606206358249869","1063.2901992984016","15.200440097365764","1.4295664633601983","21600.0","1758506400000.0","1758528000000.0"
"5a271f8d-f090-428a-8509-a1b9513f3b32","MomentumMAStrategy","BTC-USDT","Bybit Perpetual","short","112454.4","112691.0","0.009583712308196914","1.1867508076126545","1077.730617390899","-3.4542571397321002","-0.32051210979739864","180000.0","1758528000000.0","1758708000000.0"
"c752258c-e1be-46b0-953d-c2634ef21b49","MomentumMAStrategy","BTC-USDT","Bybit Perpetual","long","112691.0","111316.09999999999","0.00953447101461655","1.1746840611100713","1074.4490731081537","-14.283628259106449","-1.329390905218703","93600.0","1758708000000.0","1758801600000.0"
"fe145056-0e31-473d-ae29-528899062e88","MomentumMAStrategy","BTC-USDT","Bybit Perpetual","short","111316.10000000002","109250.00000000001","0.009530334122934622","1.1561377460559359","1060.8796262620028","18.534485585339343","1.7470865804677","165600.0","1758801600000.0","1758967200000.0"
"1e2b0759-6555-45e9-a70b-22af9d8ec0c6","MomentumMAStrategy","BTC-USDT","Bybit Perpetual","short","109250.0","109264.9","0.009871738101309613","1.186417025218623","1078.4873875680753","-1.3335059229280788","-0.1236459450800862","14400.0","1758967200000.0","1758981600000.0"
"30e978e8-4983-4b8b-929a-8e72006f708d","MomentumMAStrategy","BTC-USDT","Bybit Perpetual","long","109264.9","110788.09999999999","0.009858797811019768","1.1932019190895833","1077.2205569412938","13.823718906655698","1.2832765599931881","115200.0","1758981600000.0","1759096800000.0"
"0aa77677-f3be-4623-86bc-4f251637a24f","MomentumMAStrategy","BTC-USDT","Bybit Perpetual","long","110788.1","113168.2","0.00984178887355787","1.212271841826754","1090.3530899026168","22.21216985612825","2.03715384143242","57600.0","1759096800000.0","1759154400000.0"
"19034853-aaaf-420a-85be-3511307af51b","MomentumMAStrategy","BTC-USDT","Bybit Perpetual","long","113168.2","114135.9","0.009821262963146348","1.2278273362857226","1111.4546512659385","8.276208833150971","0.744628566151973","136800.0","1759154400000.0","1759291200000.0"
"181ec66c-8347-4f26-92f3-ef123f88613f","MomentumMAStrategy","BTC-USDT","Bybit Perpetual","short","114135.9","116372.39999999998","0.009806879778031555","1.243311952266137","1119.3170496574317","-23.176398575833566","-2.0705838960397087","21600.0","1759291200000.0","1759312800000.0"
"18c1261b-81c1-4653-bcb5-f6cbd549bcc9","MomentumMAStrategy","BTC-USDT","Bybit Perpetual","long","116372.4","118813.3","0.009429207191828904","1.2196880816204234","1097.2994710103899","21.796063752914833","1.9863368504903303","86400.0","1759312800000.0","1759399200000.0"
"83b7f52b-f60f-48ff-8259-733a370b9909","MomentumMAStrategy","BTC-USDT","Bybit Perpetual","long","118813.30000000002","122238.5","0.009409769205767863","1.2475329925492027","1118.005731575659","30.98280849104672","2.7712566774931613","108000.0","1759399200000.0","1759507200000.0"
"cf03f0ca-5b0a-4de2-abc4-fdda6928d567","MomentumMAStrategy","BTC-USDT","Bybit Perpetual","long","122238.5","122326.90000000001","0.00938689037939891","1.2626397302166155","1147.4393996421536","-0.43283862067766987","-0.03772213337041217","122400.0","1759507200000.0","1759629600000.0"
"b1c09b54-e4fd-409b-8a49-6912cea88bff","MomentumMAStrategy","BTC-USDT","Bybit Perpetual","short","122326.9","123735.7","0.0093767454497131","1.2689965006920163","1147.0282029525094","-14.47895549024786","-1.2623016115016426","7200.0","1759629600000.0","1759636800000.0"
"74d6a599-a97a-46b6-b8fc-9b85f18300e5","MomentumMAStrategy","BTC-USDT","Bybit Perpetual","long","123735.7","123013.9","0.009158821546544562","1.2429645541946888","1133.273195236774","-7.853801946490581","-0.693019298391655","50400.0","1759636800000.0","1759687200000.0"
"dbc3422b-494b-4aee-a5b7-0c1fdc3faa3c","MomentumMAStrategy","BTC-USDT","Bybit Perpetual","short","123013.89999999998","125235.2","0.009151909527196586","1.249574316874388","1125.812083387608","-21.578710949636324","-1.9167240490708917","86400.0","1759687200000.0","1759773600000.0"
"5df8fde7-eaa2-4dd6-84fa-04e67100d6e4","MomentumMAStrategy","BTC-USDT","Bybit Perpetual","long","125235.19999999998","123825.39999999998","0.008825891666124647","1.2090000306450024","1105.3123079854533","-13.651742101547557","-1.235102694769524","72000.0","1759773600000.0","1759845600000.0"
"75a51ea6-44fb-4830-9289-2e5e1e538ad5","MomentumMAStrategy","BTC-USDT","Bybit Perpetual","short","123825.39999999998","122496.60000000002","0.008821640414559398","1.1951302606073049","1092.343152988983","10.527065522258862","0.9637141491163842","129600.0","1759845600000.0","1759975200000.0"
"511dd143-4dfe-4728-bf4b-4cb59b96bf37","MomentumMAStrategy","BTC-USDT","Bybit Perpetual","long","122496.59999999999","121079.4","0.008998975197965737","1.2055639105508362","1102.3438652351297","-13.958911561107852","-1.2662937583573726","50400.0","1759975200000.0","1760025600000.0"
"f0e1a296-7f28-4ef0-88bf-a5a30cc53621","MomentumMAStrategy","BTC-USDT","Bybit Perpetual","short","121079.4","116605.3","0.008994782756208547","1.175857232536031","1089.0828992520771","39.06770029701655","3.5872108839323547","100800.0","1760025600000.0","1760126400000.0"
"be1a4d55-6290-4b69-94c4-c5406f3b3ed5","MomentumMAStrategy","BTC-USDT","Bybit Perpetual","short","116605.30000000002","111126.7","0.009658199194498387","1.2097145604288289","1126.197214534243","51.70369554655023","4.5909983508468475","86400.0","1760126400000.0","1760212800000.0"
"b6748e8b-7ee4-4cc6-b890-342f24113f48","MomentumMAStrategy","BTC-USDT","Bybit Perpetual","short","111126.7","111238.1","0.010576357664750825","1.2934953112679315","1175.3157253034656","-2.4717015551212658","-0.21030107075978027","64800.0","1760212800000.0","1760277600000.0"
"38e8c1c4-a7e1-4bb9-81bc-5ad751e2506a","MomentumMAStrategy","BTC-USDT","Bybit Perpetual","long","111238.09999999999","115638.0","0.010544656990959935","1.315781859670699","1172.9676088261003","45.079654434854014","3.8432139213093435","43200.0","1760277600000.0","1760320800000.0"
"cd11c8cf-c56e-4c2e-896a-381e7c3ea887","MomentumMAStrategy","BTC-USDT","Bybit Perpetual","long","115638.0","111665.2","0.01051378682214507","1.314399563835273","1215.7932805392115","-43.08357185085324","-3.5436593161417553","108000.0","1760320800000.0","1760428800000.0"
"9136f497-87e6-4a45-ba6f-750c231f1298","MomentumMAStrategy","BTC-USDT","Bybit Perpetual","short","111665.2","105578.29999999999","0.010521307330134195","1.2571270959357044","1174.8638872809008","62.785018491858224","5.344024884207443","259200.0","1760428800000.0","1760688000000.0"
"245ef1fa-277c-4492-abc1-cda290bcd1e0","MomentumMAStrategy","BTC-USDT","Bybit Perpetual","short","105578.3","106836.7","0.011692835126613763","1.3660534653808145","1234.5096548481658","-16.080317188711508","-1.3025671468474056","108000.0","1760688000000.0","1760796000000.0"
"a389de0b-b7d1-48ff-8598-a47739f05dde","MomentumMAStrategy","BTC-USDT","Bybit Perpetual","long","106836.7","110100.4","0.011412121055020324","1.3616418455887773","1219.2333535188898","35.884097641681024","2.943168962538152","136800.0","1760796000000.0","1760932800000.0"
"a605fdc8-84e5-4ffa-b205-da53301068e9","MomentumMAStrategy","BTC-USDT","Bybit Perpetual","long","110100.39999999998","108020.00000000001","0.011383457701139023","1.3656303909355385","1253.3232462784867","-25.047775792384765","-1.998508833755341","100800.0","1760932800000.0","1761033600000.0"
"3329d0a9-2501-4134-b3c2-af58a04a3af1","MomentumMAStrategy","BTC-USDT","Bybit Perpetual","short","108020.0","113355.2","0.011382409361930391","1.3858807319385669","1229.5278592757209","-62.11331115970955","-5.051801851508976","28800.0","1761033600000.0","1761062400000.0"
"65c09884-ed20-4275-aff8-beb294fbab38","MomentumMAStrategy","BTC-USDT","Bybit Perpetual","short","113355.2","108253.7","0.01032612719728779","1.2585989291980666","1170.5202136739968","51.420138967765595","4.39293045665307","28800.0","1761062400000.0","1761091200000.0"
"266a0248-bc1a-460c-a9c5-1217be322b2a","MomentumMAStrategy","BTC-USDT","Bybit Perpetual","short","108253.7","109849.0","0.011263996941382826","1.351189480139035","1219.369345693374","-19.32064380072709","-1.5844783919625869","144000.0","1761091200000.0","1761235200000.0"
"d3dee076-0a30-426b-9fb6-7adbb584a0aa","MomentumMAStrategy","BTC-USDT","Bybit Perpetual","long","109849.0","111672.8","0.010933324236749387","1.3320833156995926","1201.0147340826834","18.60811342728397","1.5493659569044806","230400.0","1761235200000.0","1761465600000.0"
"87ac1244-f122-4f6a-b709-5d5d2c2c1910","MomentumMAStrategy","BTC-USDT","Bybit Perpetual","long","111672.8","113669.4","0.01091306425412995","1.352545649271851","1218.6924418386031","20.436478440523913","1.6769184528372096","21600.0","1761465600000.0","1761487200000.0"
"df03b9f8-1eb6-44a5-b17c-5d45345841e2","MomentumMAStrategy","BTC-USDT","Bybit Perpetual","long","113669.4","113561.9","0.010892175874572231","1.3612738060942267","1238.1070963571008","-2.5321827126107417","-0.20452049100285566","144000.0","1761487200000.0","1761631200000.0"
"64ad6fae-a48b-4060-989a-93bf0aa7cc6c","MomentumMAStrategy","BTC-USDT","Bybit Perpetual","short","113561.9","109985.6","0.010881303701154353","1.3378685315235916","1235.7015227801205","37.5769378949146","3.040939676951503","151200.0","1761631200000.0","1761782400000.0"
"46db859e-e40f-4783-bbf8-fb4cfa698ced","MomentumMAStrategy","BTC-USDT","Bybit Perpetual","short","109985.6","110120.9","0.011559691575808918","1.3993997896069321","1271.3996137802894","-2.9634260598137443","-0.23308376278348109","136800.0","1761782400000.0","1761919200000.0"
"4ece1c6b-9dcb-448c-a4a3-c7b66c563bee","MomentumMAStrategy","BTC-USDT","Bybit Perpetual","long","110120.9","110125.2","0.011519923638686811","1.3954700395452186","1268.5843590234665","-1.3459343678988318","-0.1060973484597357","194400.0","1761919200000.0","1762113600000.0"
"ee82f80e-5f6a-4341-84c4-fc1ecdf08365","MomentumMAStrategy","BTC-USDT","Bybit Perpetual","short","110125.2","107556.9","0.011507863062895347","1.3777806889239201","1267.3057213739626","28.177864015510234","2.2234464455002154","36000.0","1762113600000.0","1762149600000.0"
"265ae7bb-7ec0-4863-8ae7-7ebd1b0447e9","MomentumMAStrategy","BTC-USDT","Bybit Perpetual","short","107556.9","103822.3","0.012031535793507412","1.3987690259416292","1294.0746921886973","43.53420454849104","3.3641183782723294","100800.0","1762149600000.0","1762250400000.0"
"0769d46a-2816-45e2-bdf3-cc1204a4151f","MomentumMAStrategy","BTC-USDT","Bybit Perpetual","short","103822.3","103950.0","0.012862671954963087","1.4698788149254973","1335.432186509764","-3.1124420235742463","-0.23306627285274656","122400.0","1762250400000.0","1762372800000.0"
"87d94441-6efa-4bc3-bef1-7791bce0ff36","MomentumMAStrategy","BTC-USDT","Bybit Perpetual","long","103950.0","101305.6","0.012818425844996331","1.4470795283286262","1332.4753665873686","-35.344124832836854","-2.6525161904761854","100800.0","1762372800000.0","1762473600000.0"
"212d0c27-cf19-40eb-acae-fc26637d1def","MomentumMAStrategy","BTC-USDT","Bybit Perpetual","short","101305.6","103305.2","0.012821585855038356","1.4428892164874452","1298.8984479961737","-27.08093229222203","-2.0849152860256406","86400.0","1762473600000.0","1762560000000.0"
"416f1b70-6d83-4ed4-a4bc-009e899ff2a3","MomentumMAStrategy","BTC-USDT","Bybit Perpetual","long","103305.2","101898.19999999998","0.012324370528478361","1.390951504416956","1273.1715623185628","-18.731340837986192","-1.4712346232329203","115200.0","1762560000000.0","1762675200000.0"
"0aa7e755-cf00-4c5a-bd62-e8cdc7a565ba","MomentumMAStrategy","BTC-USDT","Bybit Perpetual","short","101898.2","103715.8","0.012319911328389275","1.3932304363314878","1255.376788522476","-23.78590126681191","-1.8947220853754099","28800.0","1762675200000.0","1762704000000.0"
"3ce5932f-068f-44d0-9b98-61189bb2dbc6","MomentumMAStrategy","BTC-USDT","Bybit Perpetual","long","103715.8","106509.39999999998","0.011886136753696205","1.3743210119502245","1232.7801823190048","31.830790623175215","2.5820329592983677","79200.0","1762704000000.0","1762783200000.0"
"b7f14888-9786-4ee0-ac19-be7b34420fba","MomentumMAStrategy","BTC-USDT","Bybit Perpetual","long","106509.4","105256.2","0.011858290755661206","1.3811479312658768","1263.0194334110215","-16.241957906260467","-1.2859626286506143","79200.0","1762783200000.0","1762862400000.0"
"e4720c21-8aa7-491f-83e6-7a50f4425b7c","MomentumMAStrategy","BTC-USDT","Bybit Perpetual","short","105256.2","101700.0","0.011852884422961065","1.3491653555683683","1247.5895734000744","40.80206222936574","3.270471563670356","108000.0","1762862400000.0","1762970400000.0"
"fc5b30ef-38a3-45e7-b988-13844e8a57c8","MomentumMAStrategy","BTC-USDT","Bybit Perpetual","short","101700.0","97491.9","0.01264849097854446","1.3857123225820218","1286.3515325179717","51.840402564231","4.030033879056053","129600.0","1762970400000.0","1763100000000.0"
"1f66e38e-9528-408b-a37f-7010da1c3a50","MomentumMAStrategy","BTC-USDT","Bybit Perpetual","short","97491.9","95560.3","0.01369959878670937","1.454605726690366","1335.5999149539912","25.007539289717332","1.8723825158807976","151200.0","1763100000000.0","1763251200000.0"
"7cfbc4ce-2cc5-46ee-870d-435cee855ff5","MomentumMAStrategy","BTC-USDT","Bybit Perpetual","long","95560.3","93994.49999999999","0.014225123584576675","1.483042250827343","1359.3570772792225","-23.756740759557747","-1.7476453506320273","72000.0","1763251200000.0","1763323200000.0"
"46a40aa2-fd8a-43e2-adaa-9ef19e202bba","MomentumMAStrategy","BTC-USDT","Bybit Perpetual","short","93994.5","95530.1","0.014221982919826617","1.4824785932478346","1336.788173557643","-23.32175556493367","-1.7446111527802222","57600.0","1763323200000.0","1763380800000.0"
"be8632ab-a1b3-4c0b-8202-c0d98cc62e59","MomentumMAStrategy","BTC-USDT","Bybit Perpetual","long","95530.1","93913.5","0.013761448022884471","1.4338600400674641","1314.632505770956","-23.680616913862583","-1.8013107701133002","7200.0","1763380800000.0","1763388000000.0"
"d1861612-278e-489b-b904-dc74af2bd8d4","MomentumMAStrategy","BTC-USDT","Bybit Perpetual","short","93913.5","91842.2","0.013758787817542594","1.4056752942095034","1292.1359197027864","27.092901912266512","2.096753251662437","136800.0","1763388000000.0","1763524800000.0"
"c0a0fc7f-b9b3-4257-b06d-5d53e54d2ae4","MomentumMAStrategy","BTC-USDT","Bybit Perpetual","long","91842.2","89459.9","0.01434933153299289","1.4308601672903065","1317.8741765194395","-35.61527267833931","-2.7024789856950324","50400.0","1763524800000.0","1763575200000.0"
"7ba40a49-d353-4e91-a9a4-baa9005dc272","MomentumMAStrategy","BTC-USDT","Bybit Perpetual","short","89459.9","92267.4","0.01435324282136485","1.434606835294059","1284.0396674750173","-41.73133605627588","-3.2500036496799125","50400.0","1763575200000.0","1763625600000.0"
"c0133b6e-6a3e-4671-a47f-a78ea01b4e10","MomentumMAStrategy","BTC-USDT","Bybit Perpetual","long","92267.4","87186.1","0.013486831732784876","1.3311425370976209","1244.3948982215552","-69.86178062089725","-5.614116605648353","36000.0","1763625600000.0","1763661600000.0"
"84b2a8ea-5dd8-43ec-81bf-e45eda80d9e2","MomentumMAStrategy","BTC-USDT","Bybit Perpetual","short","87186.1","84239.9","0.013511628649884588","1.2739344491143134","1178.0262066317027","38.534025879175815","3.271066947598311","165600.0","1763661600000.0","1763827200000.0"
"49fdebcc-4d8a-483d-a8c9-40431066196a","MomentumMAStrategy","BTC-USDT","Bybit Perpetual","long","84239.9","87945.0","0.014418743745148321","1.365479472436194","1214.63353121692","52.057407977712934","4.285853028078151","108000.0","1763827200000.0","1763935200000.0"
"8a6220e4-f883-4219-a98e-8ff3519f66b4","MomentumMAStrategy","BTC-USDT","Bybit Perpetual","long","87945.0","86993.5","0.014373620658317666","1.3829748006443077","1264.0880687957472","-15.059474857033566","-1.1913311444652905","172800.0","1763935200000.0","1764108000000.0"
"844af292-6d35-4afa-a6e5-cf078b667b11","MomentumMAStrategy","BTC-USDT","Bybit Perpetual","short","86993.5","89792.5","0.014366378725784864","1.3968760461791319","1249.7815676815655","-41.60837009965096","-3.3292513808502933","72000.0","1764108000000.0","1764180000000.0"
"6a06cc83-ab7e-4e21-9aa8-30a351ca2a80","MomentumMAStrategy","BTC-USDT","Bybit Perpetual","long","89792.5","92329.2","0.01347833745676863","1.3500837519402087","1210.2536160868972","32.840414874644736","2.7135151209733523","158400.0","1764180000000.0","1764338400000.0"
"0f232428-224d-4e6f-8ca0-b0c5aff3eea6","MomentumMAStrategy","BTC-USDT","Bybit Perpetual","long","92329.2","90831.8","0.013445930542209937","1.3545235462229428","1241.4520102178096","-21.488459940128024","-1.7309134596638922","28800.0","1764338400000.0","1764367200000.0"
"95500037-bf5e-484a-9b29-b86c5ef7eff8","MomentumMAStrategy","BTC-USDT","Bybit Perpetual","short","90831.8","91726.9","0.013442846814383156","1.3497597513031119","1221.037973274688","-13.382451934857357","-1.095989824048396","144000.0","1764367200000.0","1764511200000.0"
"26325084-123e-4c31-8805-20d1e0384a8c","MomentumMAStrategy","BTC-USDT","Bybit Perpetual","long","91726.9","87134.0","0.013173067485509414","1.295880688420423","1208.3246439365735","-61.79846234261654","-5.114392282961699","43200.0","1764511200000.0","1764554400000.0"
"b8ff15ee-9dec-4633-b92a-eb338a0d5b64","MomentumMAStrategy","BTC-USDT","Bybit Perpetual","short","87134.0","90809.2","0.013193656950341864","1.2912468455953399","1149.616104711088","-49.780574869491716","-4.330191153854979","136800.0","1764554400000.0","1764691200000.0"
"03e6af11-2cf6-44b8-b73a-aed15a9bf668","MomentumMAStrategy","BTC-USDT","Bybit Perpetual","long","90809.2","92933.49999999999","0.012138908376960385","1.2267396901294254","1102.324558585071","24.559943375047382","2.2280138080722973","172800.0","1764691200000.0","1764864000000.0"
"5de4fa91-ebb7-4b86-a016-5071913c3dfc","MomentumMAStrategy","BTC-USDT","Bybit Perpetual","short","92933.5","89279.3","0.01211249446960855","1.2138783427605389","1125.6565047913662","43.04759894808299","3.824221577794872","93600.0","1764864000000.0","1764957600000.0"
"20932570-5e71-40b5-b551-ecfa18c76ff1","MomentumMAStrategy","BTC-USDT","Bybit Perpetual","short","89279.3","89337.1","0.013066317990755357","1.2836222744201755","1166.5517237920449","-2.0388554542858732","-0.17477625832640142","136800.0","1764957600000.0","1765094400000.0"
"f6cebfd9-1253-411b-acf2-57e543a139e2","MomentumMAStrategy","BTC-USDT","Bybit Perpetual","long","89337.1","90449.9","0.013036183300224356","1.28905495784859","1164.6148111104733","13.217609818640922","1.1349340307666","172800.0","1765094400000.0","1765267200000.0"
"fdf11e71-6c93-49b4-a4f2-2595a611b03c","MomentumMAStrategy","BTC-USDT","Bybit Perpetual","short","90449.9","93884.5","0.013014625117752286","1.3194737117681883","1177.1715404381823","-46.01950514120026","-3.9093287223092634","36000.0","1765267200000.0","1765303200000.0"
"62ae79f6-d9f1-4be7-95b9-4cad50c87426","MomentumMAStrategy","BTC-USDT","Bybit Perpetual","long","93884.5","90637.0","0.01207284493770582","1.2252347014450864","1133.453010554042","-40.43179863664474","-3.5671349637054046","115200.0","1765303200000.0","1765418400000.0"
"7fb2aa9d-b4b7-49c7-a67b-5ab92f9660d9","MomentumMAStrategy","BTC-USDT","Bybit Perpetual","short","90637.0","92389.5","0.012081631142350582","1.216192264251486","1095.0428018492296","-22.389250841220882","-2.044600521861933","108000.0","1765418400000.0","1765526400000.0"
"e9c85421-c8b3-4467-af74-8479ecfd7515","MomentumMAStrategy","BTC-USDT","Bybit Perpetual","long","92389.5","90192.2","0.011622240769244013","1.1671046626018338","1073.7730135500697","-26.704654304861737","-2.4869924991476338","64800.0","1765526400000.0","1765591200000.0"
"ccf1775b-58cd-4f31-9a44-56bd8d73b468","MomentumMAStrategy","BTC-USDT","Bybit Perpetual","short","90192.2","88403.69999999998","0.0116241048778104","1.1418096097908164","1048.4035919604512","19.647901964173254","1.874078085466387","158400.0","1765591200000.0","1765749600000.0"
"675e3fe3-be84-4878-9212-6f10152d40bd","MomentumMAStrategy","BTC-USDT","Bybit Perpetual","short","88403.7","89606.00000000001","0.012070412197978315","1.1817577498311533","1067.0690988264155","-15.694014335460691","-1.4707589557903318","50400.0","1765749600000.0","1765800000000.0"
"bca6c80d-992e-490e-8546-ff4b39303d27","MomentumMAStrategy","BTC-USDT","Bybit Perpetual","long","89606.0","86996.6","0.011742068446395642","1.1405238993562872","1052.159785207728","-31.780277303381006","-3.0204801352587927","14400.0","1765800000000.0","1765814400000.0"
"85077180-4ac1-4463-9d4e-e62bb5c0b338","MomentumMAStrategy","BTC-USDT","Bybit Perpetual","short","86996.6","87517.99999999999","0.011747223704943827","1.1275341252883346","1021.9685217695162","-7.252536565045807","-0.7096634006386222","122400.0","1765814400000.0","1765936800000.0"
"e4ee849f-b3a7-4e38-be89-d72bbd0be33c","MomentumMAStrategy","BTC-USDT","Bybit Perpetual","long","87518.0","85946.0","0.011598512443528445","1.10655839937732","1015.0786120327224","-19.339419960604037","-1.9052140131173019","72000.0","1765936800000.0","1766008800000.0"
"b41dd249-2988-4a3b-a9d2-93c6cb843321","MomentumMAStrategy","BTC-USDT","Bybit Perpetual","short","85946.0","88068.3","0.011596888314408449","1.1099134212154813","996.7061630701485","-25.721989490884564","-2.58069935191865","129600.0","1766008800000.0","1766138400000.0"
"a75ee17a-49bb-47c9-aa16-39d1266ffb6d","MomentumMAStrategy","BTC-USDT","Bybit Perpetual","long","88068.3","87630.5","0.011039957317829547","1.0668389890366288","972.270273053808","-5.900132302782437","-0.6068407588201463","187200.0","1766138400000.0","1766325600000.0"
"ae0328be-2a5b-4034-bad9-7d5a5c0d3e2d","MomentumMAStrategy","BTC-USDT","Bybit Perpetual","short","87630.5","88727.5","0.011031149512625908","1.069987306161224","966.6651473661645","-13.171158321511845","-1.3625357609508106","50400.0","1766325600000.0","1766376000000.0"
"5f388f5a-9f4b-4e64-a8a1-5bf2571b92a5","MomentumMAStrategy","BTC-USDT","Bybit Perpetual","long","88727.5","87726.6","0.010753740914155457","1.0436479210522633","954.1525469607284","-11.807067202030398","-1.2374402017412798","93600.0","1766376000000.0","1766469600000.0"
"763c4b1a-196f-46d0-8533-3524dbd541fc","MomentumMAStrategy","BTC-USDT","Bybit Perpetual","short","87726.6","87627.3","0.010748573786272343","1.0366423830733422","942.9358331187995","0.030690993903532693","0.0032548337676404724","151200.0","1766469600000.0","1766620800000.0"
"6caede1a-3a16-40a4-9583-21a8984dbcaa","MomentumMAStrategy","BTC-USDT","Bybit Perpetual","long","87627.3","87429.3","0.010761086893730697","1.0360896061565814","942.9649895630079","-3.1667848111152592","-0.33583270282206573","165600.0","1766620800000.0","1766786400000.0"
"33d71432-c9e5-4b17-9538-ceb250bc6776","MomentumMAStrategy","BTC-USDT","Bybit Perpetual","short","87429.3","87620.0","0.010751047349028854","1.035079821992896","939.9565439924485","-3.0853045514526674","-0.32823906287708704","115200.0","1766786400000.0","1766901600000.0"
"c56aef6c-5761-4208-8526-ed66406e9cb8","MomentumMAStrategy","BTC-USDT","Bybit Perpetual","long","87620.0","90091.6","0.01069419658375449","1.0452655320874498","937.0255046685685","25.386510744320212","2.7092657155900546","79200.0","1766901600000.0","1766980800000.0"
"8e27e76a-272d-4f0c-a60c-cb9c12136c25","MomentumMAStrategy","BTC-USDT","Bybit Perpetual","long","90091.6","88068.2","0.010668505053475268","1.0453842996443785","961.1426898756724","-22.632037424846327","-2.3547010931096892","21600.0","1766980800000.0","1767002400000.0"
"32ece479-d88a-4c8d-9969-57bed4c5d758","MomentumMAStrategy","BTC-USDT","Bybit Perpetual","long","88068.2","87814.1","0.01066948403989259","1.0321153660122802","939.6422543220685","-3.7432312605488938","-0.3983677025305289","28800.0","1767002400000.0","1767031200000.0"
"7cf17596-3724-4f64-8c55-5555875025b9","MomentumMAStrategy","BTC-USDT","Bybit Perpetual","short","87814.1","88455.3","0.010659861965499243","1.0334541100077548","936.0861846245471","-7.868557602285838","-0.8405804648683948","108000.0","1767031200000.0","1767139200000.0"
"bf1e393e-0f2c-4ded-9ec8-fdccabd5f018","MomentumMAStrategy","BTC-USDT","Bybit Perpetual","long","88455.3","87608.2","0.010498082702815721","1.0165810511709577","928.6110549023755","-9.909506908726216","-1.0671321277526682","86400.0","1767139200000.0","1767225600000.0"
"b3dd4cc8-5523-40f3-a9cd-0fb7f3a593fb","MomentumMAStrategy","BTC-USDT","Bybit Perpetual","short","87608.2","88599.9","0.010492134564333996","1.0168395030890918","919.1970233390856","-11.421889350539084","-1.2425942491684534","93600.0","1767225600000.0","1767319200000.0"
"79922537-f34b-453a-a717-40ffc0e16c45","MomentumMAStrategy","BTC-USDT","Bybit Perpetual","long","88599.9","90530.3","0.010252226339488798","1.010065845050843","908.3462284560735","18.780831880698422","2.0675851665746903","158400.0","1767319200000.0","1767477600000.0"
"0bd24c12-89f4-4fff-95cd-12266d171faa","MomentumMAStrategy","BTC-USDT","Bybit Perpetual","long","90530.3","92917.0","0.010230696449064424","1.0322365023852509","926.1880187427371","23.385366712596777","2.5249049047666876","100800.0","1767477600000.0","1767578400000.0"
"4d1aabfc-e79c-4c4c-b002-6e7ea0162814","MomentumMAStrategy","BTC-USDT","Bybit Perpetual","long","92917.0","92062.2","0.01020700320845167","1.0384458083432528","948.4041171197039","-9.76339215092777","-1.0294548467987588","151200.0","1767578400000.0","1767729600000.0"
"9b23c9b3-f997-46d7-a3f6-c2a46197422e","MomentumMAStrategy","BTC-USDT","Bybit Perpetual","short","92062.2","91058.2","0.010201025986521315","1.0274087774841978","939.1288945763225","9.214421312983204","0.9811668415484316","208800.0","1767729600000.0","1767938400000.0"
"defa58fd-5272-43ab-af75-7a71da26ac0f","MomentumMAStrategy","BTC-USDT","Bybit Perpetual","long","91058.2","90563.5","0.010409634660290414","1.039838548859477","947.8825948236565","-6.189484815305114","-0.6529801105227174","86400.0","1767938400000.0","1768024800000.0"
"43e29def-f495-4ddc-b870-ea25a8cab07e","MomentumMAStrategy","BTC-USDT","Bybit Perpetual","short","90563.5","90944.7","0.010401569995076567","1.038383635839196","942.0025842491167","-5.0034621179623535","-0.5311516339364061","129600.0","1768024800000.0","1768154400000.0"
"024395b2-821d-4535-8b33-e69c3cbe3f0f","MomentumMAStrategy","BTC-USDT","Bybit Perpetual","long","90944.7","93407.9","0.010305705502762144","1.0449359823476798","937.2492952370524","24.340077812056002","2.596969444068755","165600.0","1768154400000.0","1768320000000.0"
"05ccbf4a-6e5c-4aa0-afe5-099146eba8b7","MomentumMAStrategy","BTC-USDT","Bybit Perpetual","long","93407.9","96691.9","0.010281489779328148","1.0749800329137789","960.3723691585056","32.68943240239986","3.4038289159696347","86400.0","1768320000000.0","1768406400000.0"
"ef99bb5a-6d66-4807-86f5-acb752932e3d","MomentumMAStrategy","BTC-USDT","Bybit Perpetual","long","96691.9","95545.3","0.010253468283700967","1.0841039182311136","991.4273299407855","-12.840730652322552","-1.2951761833204138","108000.0","1768406400000.0","1768514400000.0"
"47758fbd-0351-4b1a-ac47-a56c443af7ab","MomentumMAStrategy","BTC-USDT","Bybit Perpetual","short","95545.3","95318.1","0.010248841500535127","1.0758708041692802","979.2286358210789","1.2526659847522708","0.12792374925820219","158400.0","1768514400000.0","1768672800000.0"
"638fda36-b6b0-4f10-afef-a7aed9d30dae","MomentumMAStrategy","BTC-USDT","Bybit Perpetual","long","95318.1","95133.4","0.010285755470436295","1.0774156568877888","980.4186685065938","-2.977194692277492","-0.30366564692331427","64800.0","1768672800000.0","1768737600000.0"
"5a98351d-69bf-4ee7-a2cc-d1a59f6ec5e9","MomentumMAStrategy","BTC-USDT","Bybit Perpetual","short","95133.4","93614.0","0.01027599490346114","1.0667620262428477","977.59033354893","14.546584630075948","1.488004139450492","43200.0","1768737600000.0","1768780800000.0"
"40249e83-b1b1-41f7-8b61-f529fc79100f","MomentumMAStrategy","BTC-USDT","Bybit Perpetual","short","93614.0","91590.1","0.010590398753899012","1.0787618984213436","991.4095889475021","20.355146139594805","2.0531520338838147","108000.0","1768780800000.0","1768888800000.0"
"27191107-c5bc-4b53-8372-c711a287f6d1","MomentumMAStrategy","BTC-USDT","Bybit Perpetual","short","91590.1","89445.6","0.011035548359267181","1.0988055221570823","1010.7469777801172","22.56692793429139","2.232698037233282","57600.0","1768888800000.0","1768946400000.0"
"44d6da5e-5abb-4dd3-a299-8e081ab39cb6","MomentumMAStrategy","BTC-USDT","Bybit Perpetual","short","89445.6","89857.0","0.011539813689188666","1.138015228892916","1032.1855593176938","-5.885494580625066","-0.5701973378232067","108000.0","1768946400000.0","1769054400000.0"
"3d4757b3-9891-4fbb-a520-d403a3fd35be","MomentumMAStrategy","BTC-USDT","Bybit Perpetual","long","89857.0","89711.2","0.011424756440411986","1.128337622193753","1026.5943394660999","-2.794067111205854","-0.2721685678355642","129600.0","1769054400000.0","1769184000000.0"
"da67e992-189a-4dd4-8102-8e7adbadd5e3","MomentumMAStrategy","BTC-USDT","Bybit Perpetual","short","89711.2","90576.0","0.01141373625266917","1.1317628027927196","1023.9399757104543","-11.00236191410105","-1.074512390872046","7200.0","1769184000000.0","1769191200000.0"
"937dec79-2b02-4f22-ad29-e388c97a214d","MomentumMAStrategy","BTC-USDT","Bybit Perpetual","long","90576.0","89301.2","0.01118936287639174","1.106991195194111","1013.4877318920583","-15.371190990018333","-1.516662758346585","14400.0","1769191200000.0","1769205600000.0"
"acbd6623-a4e8-478f-8ed6-6475eb552af3","MomentumMAStrategy","BTC-USDT","Bybit Perpetual","short","89301.2","86459.4","0.011185573099258925","1.0812906715982846","998.885100451541","30.70587096187576","3.0740143133574946","165600.0","1769205600000.0","1769371200000.0"
"5dc33640-5342-4c43-84ce-b40cb0811c75","MomentumMAStrategy","BTC-USDT","Bybit Perpetual","short","86459.4","88016.5","0.011890617768170065","1.141044430161605","1028.0556778653229","-19.65592535697928","-1.911951441948482","93600.0","1769371200000.0","1769464800000.0"
"2b0ab843-2dad-4f46-977d-93a50799bf5e","MomentumMAStrategy","BTC-USDT","Bybit Perpetual","long","88016.5","90036.90000000001","0.011468105966224431","1.1230643923655999","1009.3825487761926","22.047096901794344","2.184216175376218","136800.0","1769464800000.0","1769601600000.0"
"efb880a0-0fbf-4240-98c6-ae1a328cd590","MomentumMAStrategy","BTC-USDT","Bybit Perpetual","long","90036.9","88310.9","0.011443389219674345","1.1224968105299498","1030.327290832897","-20.87378660368787","-2.025937465639088","72000.0","1769601600000.0","1769673600000.0"
"1b61e402-ebd7-4395-9b6a-f210244388d9","MomentumMAStrategy","BTC-USDT","Bybit Perpetual","short","88310.9","84898.0","0.011442496832886919","1.090068259322805","1010.4971935593934","37.96202918163689","3.756767403570787","28800.0","1769673600000.0","1769702400000.0"
"1870e75c-1dcb-4207-b2fa-20f0e5565ee1","MomentumMAStrategy","BTC-USDT","Bybit Perpetual","short","84898.0","83514.4","0.01232727651160155","1.1418364225303446","1046.5611212819483","15.914183358921631","1.5206167165304316","144000.0","1769702400000.0","1769846400000.0"
"834d3ff1-ad53-4bb3-8111-64ad584cbf3a","MomentumMAStrategy","BTC-USDT","Bybit Perpetual","long","83514.4","78857.1","0.012712533353205246","1.1352842101479812","1061.6795954729241","-60.34136579603062","-5.68357591624916","36000.0","1769846400000.0","1769882400000.0"
"a7971370-99ea-48ba-bd1c-078cc188255e","MomentumMAStrategy","BTC-USDT","Bybit Perpetual","short","78857.1","78936.8","0.012736396570083035","1.1053491277070142","1004.3552979666949","-2.120439934342595","-0.2111244834009837","172800.0","1769882400000.0","1770055200000.0"
"d488930d-ee2d-4059-a08d-54c518dabe02","MomentumMAStrategy","BTC-USDT","Bybit Perpetual","long","78936.8","74882.4","0.012698017654998296","1.0742594045027427","1002.3408800290695","-52.55710218492794","-5.243435963961053","86400.0","1770055200000.0","1770141600000.0"
"d230a290-271b-41a9-aed2-90818094318d","MomentumMAStrategy","BTC-USDT","Bybit Perpetual","long","74882.4","76199.9","0.01271876479591183","1.0568691311889644","952.411632953388","15.700103487424872","1.648457761770456","14400.0","1770141600000.0","1770156000000.0"
"fd632e10-2ba8-4315-9c83-4d6e0bfe8696","MomentumMAStrategy","BTC-USDT","Bybit Perpetual","short","76199.9","71198.9","0.012694593185377431","1.0291422911070458","967.3267312664416","62.45651822896549","6.45661038925248","108000.0","1770156000000.0","1770264000000.0"
"06bcf406-311e-4eac-997f-23964f451038","MomentumMAStrategy","BTC-USDT","Bybit Perpetual","short","71198.9","65237.4","0.014419610746569946","1.0820470857362325","1026.6604235839588","84.8804623799404","8.26762777936175","57600.0","1770264000000.0","1770321600000.0"
"8f807aa4-6481-4448-bfe5-3b7f1639f4ab","MomentumMAStrategy","BTC-USDT","Bybit Perpetual","short","65237.399999999994","70675.5","0.016973344474870276","1.2687930586532281","1107.296862844902","-93.57153764744538","-8.450447281773963","86400.0","1770321600000.0","1770408000000.0"
"70b5d83e-edef-41ff-9a1a-c0d0d65a79c1","MomentumMAStrategy","BTC-USDT","Bybit Perpetual","long","70675.5","69665.0","0.014409574775980772","1.1122358108666912","1018.4039020798291","-15.673111121995262","-1.5389877326654924","129600.0","1770408000000.0","1770537600000.0"
"44c6e1de-603b-4ee1-87ce-265edaf7d5d8","MomentumMAStrategy","BTC-USDT","Bybit Perpetual","short","69665.0","70954.0","0.014404858200156948","1.1140782153863285","1003.5144465139338","-19.681940435388633","-1.9613011555300364","14400.0","1770537600000.0","1770552000000.0"
"88d7b0d5-0ab9-4bc2-8f06-ca7a6949a1ed","MomentumMAStrategy","BTC-USDT","Bybit Perpetual","long","70954.0","69528.9","0.013879648830232467","1.0724193252589656","984.8166031003145","-20.852306873223338","-2.117379703751735","100800.0","1770552000000.0","1770652800000.0"
"4c3517e3-8135-4874-8d92-2cf421e73c21","MomentumMAStrategy","BTC-USDT","Bybit Perpetual","short","69528.9","68031.8","0.013879220174211768","1.050079383440281","965.0069115707525","19.728501139372035","2.044389620718854","244800.0","1770652800000.0","1770897600000.0"
"91169a29-2ee0-4105-8d52-5c03bbcbfaf7","MomentumMAStrategy","BTC-USDT","Bybit Perpetual","long","68031.8","66243.1","0.014460134637818726","1.0678982228638052","983.7489876531561","-26.932741049530115","-2.7377655669848466","43200.0","1770897600000.0","1770940800000.0"
"3063424a-111c-4465-bba2-13cff3d69d05","MomentumMAStrategy","BTC-USDT","Bybit Perpetual","short","66243.1","67238.2","0.014464342454627006","1.061895578968842","958.1628836561023","-15.45536275556805","-1.6130203975961137","50400.0","1770940800000.0","1770991200000.0"
"50b2e215-043f-4f40-afd1-c6128216f3df","MomentumMAStrategy","BTC-USDT","Bybit Perpetual","long","67238.2","69675.6","0.01403190878159012","1.0566390738974805","943.4802890383128","33.144735390350405","3.513028918085269","72000.0","1770991200000.0","1771063200000.0"
"ac0c6845-44cb-4a13-91ab-c907d79691a9","MomentumMAStrategy","BTC-USDT","Bybit Perpetual","long","69675.6","68607.8","0.013992958620509123","1.0642466417568213","974.9677876591455","-16.005927856736506","-1.6416878649053657","115200.0","1771063200000.0","1771178400000.0"
"a163bf5c-574f-4b12-b5e5-0dc9103a35d6","MomentumMAStrategy","BTC-USDT","Bybit Perpetual","short","68607.8","66468.9","0.013989111386682648","1.0392816511250338","959.7621561952458","28.882028693850604","3.0092902191879185","324000.0","1771178400000.0","1771502400000.0"
"fd71dd9f-8e86-4ce5-a700-2b0d0881b51a","MomentumMAStrategy","BTC-USDT","Bybit Perpetual","short","66468.9","67249.2","0.014852059887472248","1.0922940760814515","987.200083454404","-12.68135640627609","-1.2845781335331306","50400.0","1771502400000.0","1771552800000.0"
"cedb41cd-2bb9-4d0d-abc0-9fc25d35a1e3","MomentumMAStrategy","BTC-USDT","Bybit Perpetual","long","67249.2","67365.0","0.014500585804268924","1.0735916166651598","975.1527948684417","0.6055762194692238","0.06210064952445964","230400.0","1771552800000.0","1771783200000.0"
"e441ec74-df0f-4e6d-9d5e-19a9cbe686f5","MomentumMAStrategy","BTC-USDT","Bybit Perpetual","short","67365.0","64387.2","0.014484199395486345","1.049578824576698","975.7280922769376","42.08147013530258","4.312827566243603","28800.0","1771783200000.0","1771812000000.0"
"efb1fc90-e3c9-4e88-9dd5-741d8ea58883","MomentumMAStrategy","BTC-USDT","Bybit Perpetual","short","64387.2","65361.7","0.01577495975761448","1.12573102185211","1015.705488905475","-16.49842930564742","-1.624332002323443","180000.0","1771812000000.0","1771992000000.0"
"93a89463-4329-4644-879c-ec8605d1ae86","MomentumMAStrategy","BTC-USDT","Bybit Perpetual","long","65361.7","68625.6","0.015299968958351909","1.1275008419473616","1000.0319810651099","48.81006784121757","4.88085068931807","50400.0","1771992000000.0","1772042400000.0"
"2ec6dc6d-7fb9-450d-bdae-0d8316c81cb1","MomentumMAStrategy","BTC-USDT","Bybit Perpetual","long","68625.6","67315.9","0.015247976637206324","1.1400580488147312","1046.4015455142664","-21.11033305056403","-2.0174218148912524","115200.0","1772042400000.0","1772157600000.0"
"08945175-2d72-45bc-8c11-ea43e2ecda93","MomentumMAStrategy","BTC-USDT","Bybit Perpetual","short","67315.9","63788.4","0.015246720746751223","1.099400857939063","1026.3467291162306","52.683406576225764","5.133100255660242","108000.0","1772157600000.0","1772265600000.0"
"6551f23d-ccd9-478f-afcf-e3f61d912bdb","MomentumMAStrategy","BTC-USDT","Bybit Perpetual","short","63788.4","66684.8","0.016874478202363517","1.2109169431659388","1076.395965363645","-50.08615560849166","-4.653134833292576","50400.0","1772265600000.0","1772316000000.0"
"e54339d2-ee0b-47d0-a624-1faec8d81878","MomentumMAStrategy","BTC-USDT","Bybit Perpetual","short","66684.8","66937.1","0.01542801534286041","1.1338363978381878","1028.814117535578","-5.026324668841914","-0.48855518049091085","7200.0","1772316000000.0","1772323200000.0"
"78337b28-a286-4e67-b827-b5656ca0bc65","MomentumMAStrategy","BTC-USDT","Bybit Perpetual","long","66937.1","66132.3","0.015298528157033664","1.1196712795067665","1024.0391091001782","-13.431926740287505","-1.3116615001247482","122400.0","1772323200000.0","1772445600000.0"
"61e4af25-79f3-4125-a093-40a18dc990d4","MomentumMAStrategy","BTC-USDT","Bybit Perpetual","short","66132.3","69170.3","0.015291752724416132","1.1379576461938226","1011.278778696905","-47.59430242297003","-4.706348380443445","28800.0","1772445600000.0","1772474400000.0"
"467f7f56-584b-45cb-a7f1-2c1801ce4228","MomentumMAStrategy","BTC-USDT","Bybit Perpetual","long","69170.3","68173.2","0.013966459468805014","1.055011334329602","966.0641913950835","-14.980968070675164","-1.5507218054569747","129600.0","1772474400000.0","1772604000000.0"
"90188ce3-55de-4a9d-9d88-017c2c2e1e62","MomentumMAStrategy","BTC-USDT","Bybit Perpetual","short","68173.2","69464.5","0.013961971445200491","1.0569315004506894","951.832271727942","-19.086025227638125","-2.0051878670797367","7200.0","1772604000000.0","1772611200000.0"
"ac2ef903-af7f-4c66-9668-e6e7b23a24e1","MomentumMAStrategy","BTC-USDT","Bybit Perpetual","long","69464.5","73339.7","0.013441406009712673","1.055719077650716","933.7005477616859","51.03241749118779","5.465608605834631","28800.0","1772611200000.0","1772640000000.0"
"0ac681d0-37f4-47b2-a3d2-8cf7502a8f25","MomentumMAStrategy","BTC-USDT","Bybit Perpetual","long","73339.7","70854.8","0.013392219280666737","1.062096399686355","982.1813443783142","-34.34042209021505","-3.4963423289159823","115200.0","1772640000000.0","1772755200000.0"
"f8678c57-2b27-4b4d-b064-492e197a47e2","MomentumMAStrategy","BTC-USDT","Bybit Perpetual","short","70854.8","68083.0","0.013401462475267868","1.0240833422029496","949.5579433926098","36.122090346744564","3.8040954317844418","86400.0","1772755200000.0","1772841600000.0"
"8d47d9db-67e3-4ab4-8498-606a6e7dcb60","MomentumMAStrategy","BTC-USDT","Bybit Perpetual","short","68083.0","67174.7","0.014451095416212817","1.0750420606626188","983.8739292220172","12.050887905883524","1.2248406577266027","144000.0","1772841600000.0","1772985600000.0"
"05d9821a-f754-4866-9d5c-3249a8273c4b","MomentumMAStrategy","BTC-USDT","Bybit Perpetual","long","67174.7","65934.3","0.014816921738877976","1.0847460996571698","995.3222727326064","-19.463655824561325","-1.9555129386510013","28800.0","1772985600000.0","1773014400000.0"
"2ea00912-e044-43c9-bfbf-6e8e4c29f6e1","MomentumMAStrategy","BTC-USDT","Bybit Perpetual","short","65934.3","67165.3","0.014815229701373537","1.0845456309385155","976.8317996992732","-19.322093393329336","-1.9780368943023583","14400.0","1773014400000.0","1773028800000.0"
"d2abe147-ea2e-49d4-8c06-9f53044221ce","MomentumMAStrategy","BTC-USDT","Bybit Perpetual","long","67165.3","70374.7","0.014270401695155237","1.0795130770334085","958.4758109756101","44.71991412339772","4.66573215633667","100800.0","1773028800000.0","1773129600000.0"
"612e5009-264a-4673-b2d5-7724a2a5beca","MomentumMAStrategy","BTC-USDT","Bybit Perpetual","long","70374.7","69144.0","0.014223289468983","1.0914281710399092","1000.9597293928379","-18.596030520517246","-1.8578200475454918","100800.0","1773129600000.0","1773230400000.0"
"ea55dcb6-4712-47c4-99b8-6ec18d279cdd","MomentumMAStrategy","BTC-USDT","Bybit Perpetual","short","69144.0","70282.9","0.014220951932175556","1.0905307836237363","983.2935003983466","-17.286772939178395","-1.7580481242045503","100800.0","1773230400000.0","1773331200000.0"
"afc49c51-f384-46c2-ad60-83f3cf739ed4","MomentumMAStrategy","BTC-USDT","Bybit Perpetual","long","70282.9","73344.8","0.01375684648906245","1.0867253212624133","966.8710661061272","41.035362943598024","4.244140132237016","79200.0","1773331200000.0","1773410400000.0"
"d806fa3c-9200-46a4-b5bc-f7b36c2e27dc","MomentumMAStrategy","BTC-USDT","Bybit Perpetual","long","73344.8","70790.3","0.013714055541804535","1.087172221807953","1005.8546609025452","-36.119727103347635","-3.5909489220776387","43200.0","1773410400000.0","1773453600000.0"
"7dd66212-0ceb-4b3f-a193-e9420a8f6cf5","MomentumMAStrategy","BTC-USDT","Bybit Perpetual","long","70790.3","70565.6","0.013724209674974747","1.0669989057171199","971.5409201543649","-4.150828819683905","-0.4272417901887647","21600.0","1773453600000.0","1773475200000.0"
"0ba1bc58-aa92-4d26-8b9b-df0d88105777","MomentumMAStrategy","BTC-USDT","Bybit Perpetual","short","70565.6","71800.0","0.013712030121981036","1.073666767543647","967.5976327756651","-17.999796750116957","-1.8602563855476237","100800.0","1773475200000.0","1773576000000.0"
"36507ed6-08ed-4ba8-a1cd-068b99200d59","MomentumMAStrategy","BTC-USDT","Bybit Perpetual","long","71800.0","74176.5","0.01323813127942972","1.06285083889142","950.4978258630539","30.397568146673308","3.1980681406685236","64800.0","1773576000000.0","1773640800000.0"
"c3ea74b6-778f-4324-93cc-0107de27f51f","MomentumMAStrategy","BTC-USDT","Bybit Perpetual","long","74176.5","73872.4","0.013203312580162094","1.075104747117038","979.3755156023935","-5.090232102744408","-0.5197426341226749","151200.0","1773640800000.0","1773792000000.0"
"f06d14ec-e4ff-48e1-b0de-c9a116e6d966","MomentumMAStrategy","BTC-USDT","Bybit Perpetual","short","73872.4","71030.3","0.0131922043294219","1.0513723144567075","974.5397951047863","36.44219161019316","3.739425705676263","72000.0","1773792000000.0","1773864000000.0"
"1cbe08a9-7526-45c7-847c-c13f4b1802f6","MomentumMAStrategy","BTC-USDT","Bybit Perpetual","short","71030.3","70439.9","0.014207456214241944","1.1054624196660279","1009.1598771344696","7.2826197292225405","0.7216517317257688","144000.0","1773864000000.0","1774008000000.0"
"a600f51b-d816-464f-afb7-a2689303e099","MomentumMAStrategy","BTC-USDT","Bybit Perpetual","long","70439.9","68926.1","0.01442475593913721","1.105676294917588","1016.078365877231","-22.941871835583328","-2.2578840969393603","136800.0","1774008000000.0","1774144800000.0"
"e6b34f7f-05d2-4687-865f-107e183e3e78","MomentumMAStrategy","BTC-USDT","Bybit Perpetual","short","68926.1","71450.0","0.014425356833382806","1.1137364333582456","994.2835876334267","-37.52189454513303","-3.773761833325829","129600.0","1774144800000.0","1774274400000.0"
"191d7c94-a338-41e1-b2ec-de1b2c04d8ad","MomentumMAStrategy","BTC-USDT","Bybit Perpetual","long","71450.0","70689.3","0.013416903958230234","1.0488881352345412","958.6377878155502","-11.255126976260241","-1.1740750384884495","136800.0","1774274400000.0","1774411200000.0"
"2ca4202d-321d-4693-a0cf-1b70301d9ebc","MomentumMAStrategy","BTC-USDT","Bybit Perpetual","short","70689.3","71080.1","0.01341002693743046","1.045622310096845","947.9454171881031","-6.286260837244708","-0.6631458650743506","7200.0","1774411200000.0","1774418400000.0"
"58c7f38d-5c5d-4e1b-a26e-ed49c5fd662f","MomentumMAStrategy","BTC-USDT","Bybit Perpetual","long","71080.1","69239.3","0.013252281150318028","1.0227536768041645","941.9734693927205","-25.41755281830963","-2.6983300107906474","108000.0","1774418400000.0","1774526400000.0"
"d0ada00f-73e4-4504-8552-7988eb38dc2f","MomentumMAStrategy","BTC-USDT","Bybit Perpetual","short","69239.3","66663.2","0.013255864721557356","0.9908278354267968","917.8267942153263","33.157605273777186","3.6126211920109035","86400.0","1774526400000.0","1774612800000.0"
"bdad2547-4f25-49ed-8cc8-ca0f9ed8f8c5","MomentumMAStrategy","BTC-USDT","Bybit Perpetual","short","66663.2","66644.8","0.014240638301572904","1.0441150558883443","949.3265192254147","-0.7820873111394857","-0.0823833839359734","122400.0","1774612800000.0","1774735200000.0"
"687689e1-68a1-4075-bca8-489554f675dc","MomentumMAStrategy","BTC-USDT","Bybit Perpetual","long","66644.8","68241.5","0.01423342160648441","1.0559414672613059","948.5835362798322","21.67056281181231","2.284518124444814","266400.0","1774735200000.0","1775001600000.0"
