"id","strategy_name","symbol","exchange","type","entry_price","exit_price","qty","fee","size","PNL","PNL_percentage","holding_period","opened_at","closed_at"
"ba7a6d38-f876-487a-b765-9e166a40755e","SupertrendTrendTypeStrategy","BTC-USDT","Bybit Perpetual","long","9755.26","10136.71","0.9738336036148704","10.654307855454391","9500.0","360.81452024343685","3.798047581509861","216000.0","1581019200000.0","1581235200000.0"
"bf2496a3-d9a2-4775-8ad1-c114506ceb19","SupertrendTrendTypeStrategy","BTC-USDT","Bybit Perpetual","long","10204.39","9982.18","0.9645626827503914","10.709166663100714","9842.773794231265","-225.04464039706434","-2.286394517457674","345600.0","1581436800000.0","1581782400000.0"
"1fbdb5eb-a55f-4793-8eeb-e3e720a8afac","SupertrendTrendTypeStrategy","BTC-USDT","Bybit Perpetual","long","10174.32","9574.11","0.9464004853252164","10.279458055026087","9628.981385854055","-578.3184933520733","-6.0060194342226225","100800.0","1582070400000.0","1582171200000.0"
"f2a658f7-7cec-4ba0-82a8-e9dd378541b0","SupertrendTrendTypeStrategy","BTC-USDT","Bybit Perpetual","short","9404.39","8792.22","0.9654617489459268","9.662472003517816","9079.578817169584","581.3642468487103","6.402986950775118","115200.0","1582646400000.0","1582761600000.0"
"18e75cea-c8e1-4d18-b360-b9375597f03a","SupertrendTrendTypeStrategy","BTC-USDT","Bybit Perpetual","short","8792.22","8885.64","1.0954997545188656","10.651350209730381","9631.87485167586","-112.99293727688288","-1.1731146741096112","417600.0","1582761600000.0","1583179200000.0"
"4fe5e0a7-528e-4c34-b365-f2b13e13c8c5","SupertrendTrendTypeStrategy","BTC-USDT","Bybit Perpetual","short","8400.0","7813.34","1.1338728049122404","10.111125916537704","9524.53156126282","655.0866938132771","6.877888845238092","72000.0","1583683200000.0","1583755200000.0"
"623e9f23-d0b2-46d1-9ad9-8bf38852aefd","SupertrendTrendTypeStrategy","BTC-USDT","Bybit Perpetual","short","7813.34","6038.38","1.2986589499990315","9.893763082984321","10146.863920385433","2295.173926807297","22.61953983827659","259200.0","1583755200000.0","1584014400000.0"
"9e1a4364-d892-497e-a63d-f597fbfb50d8","SupertrendTrendTypeStrategy","BTC-USDT","Bybit Perpetual","short","6038.38","4553.39","2.0414878081293932","11.892633126830866","12327.279150852366","3019.6963470672363","24.496049047923442","345600.0","1584014400000.0","1584360000000.0"
"4f0c4862-fc4f-4665-9c41-a849c2c11e59","SupertrendTrendTypeStrategy","BTC-USDT","Bybit Perpetual","long","6925.99","6919.58","2.1940532227979306","16.707854613985887","15195.99068056624","-30.7717357721203","-0.202499043458045","604800.0","1585900800000.0","1586505600000.0"
"86324b27-7ccf-40de-a2a9-ac38b1396e13","SupertrendTrendTypeStrategy","BTC-USDT","Bybit Perpetual","short","6897.63","7019.97","2.1988360540624425","16.8313863663107","15166.757531582725","-285.8369892203103","-1.8846281983811854","489600.0","1586548800000.0","1587038400000.0"
"c0fbfb42-183e-47dd-a7dc-94ea51d23516","SupertrendTrendTypeStrategy","BTC-USDT","Bybit Perpetual","long","7019.97","6766.71","2.121834194707873","16.08917698052233","14895.212391823428","-553.4649051322388","-3.7157234859978066","374400.0","1587038400000.0","1587412800000.0"
"295d8009-e987-4adb-837b-9aaae7d0f978","SupertrendTrendTypeStrategy","BTC-USDT","Bybit Perpetual","short","6766.71","7078.73","2.1235461150171653","16.170786677486795","14369.420731947803","-678.7596454851417","-4.723639582603651","172800.0","1587412800000.0","1587585600000.0"
"acb57dc5-33b0-4054-9d21-b123a02f6d70","SupertrendTrendTypeStrategy","BTC-USDT","Bybit Perpetual","long","7528.14","7943.25","1.823106247856299","15.513293274611808","13724.59906873692","741.2763412730159","5.401078294240007","489600.0","1587657600000.0","1588147200000.0"
"9506ed11-7ee4-4076-894c-28a865769afa","SupertrendTrendTypeStrategy","BTC-USDT","Bybit Perpetual","long","8124.86","8727.77","1.775884334369612","16.460576885460046","14428.811592946286","1054.2378471493241","7.306477323916975","28800.0","1588161600000.0","1588190400000.0"
"d2c7b017-b023-4627-8bae-cde2702ec5b6","SupertrendTrendTypeStrategy","BTC-USDT","Bybit Perpetual","long","8727.77","8677.49","1.7679587738606932","16.924480170579614","15430.337547738143","-105.81744732029642","-0.6857753240518558","403200.0","1588190400000.0","1588593600000.0"
"dbf91e1e-cf44-4185-9e81-d7e40535de1e","SupertrendTrendTypeStrategy","BTC-USDT","Bybit Perpetual","long","9148.27","9871.77","1.6757060048275643","17.52959738203326","15329.810972783862","1194.8436971107096","7.794249382670166","72000.0","1588809600000.0","1588881600000.0"
"096dc77f-efde-48a4-be5f-8dcfa0a89099","SupertrendTrendTypeStrategy","BTC-USDT","Bybit Perpetual","long","9871.77","8621.65","1.6678784539185","16.96462721649601","16464.912485039033","-2102.012840029093","-12.766620180575527","201600.0","1588881600000.0","1589083200000.0"
"da9341b5-3156-47f7-b45a-f0a969faf083","SupertrendTrendTypeStrategy","BTC-USDT","Bybit Perpetual","long","9471.0","9525.14","1.527610631085566","15.96028797747437","14468.000287011395","66.74455158949729","0.46132534051313934","489600.0","1589515200000.0","1590004800000.0"
"468f1dbf-b962-4d82-9796-76c1d6c9045f","SupertrendTrendTypeStrategy","BTC-USDT","Bybit Perpetual","short","8720.48","9143.0","1.6663541010381786","16.371785736247418","14531.407611021416","-720.4397205068993","-4.957810969120971","86400.0","1590508800000.0","1590595200000.0"
"0e99f273-108c-404b-8ce0-28ebf1dfbbab","SupertrendTrendTypeStrategy","BTC-USDT","Bybit Perpetual","long","9396.0","10232.48","1.4737111405427696","15.90969030635652","13846.989876539863","1216.820204534859","8.787615325670494","302400.0","1590753600000.0","1591056000000.0"
"0216e554-8afe-4124-b2b3-e2bd455d7a34","SupertrendTrendTypeStrategy","BTC-USDT","Bybit Perpetual","long","10232.48","9467.9","1.4662104466217358","15.88669662712985","15002.96907084798","-1136.9218799051764","-7.5779792288868375","57600.0","1591056000000.0","1591113600000.0"
"7a1a7cf7-8777-48a0-a0f4-afc82c3b5953","SupertrendTrendTypeStrategy","BTC-USDT","Bybit Perpetual","short","9280.99","9499.98","1.5001517386548269","15.49586763951828","13922.893284938062","-344.01409688753847","-2.4708520696606695","388800.0","1591905600000.0","1592294400000.0"
"34ddfdcd-24e1-4ec6-9993-eebf9a1f5523","SupertrendTrendTypeStrategy","BTC-USDT","Bybit Perpetual","long","9686.99","9337.26","1.4035402011249005","14.685714819187716","13596.0798928949","-505.54582935859855","-3.718320525777352","129600.0","1592870400000.0","1593000000000.0"
"9993f5d5-dff0-45ec-83f9-7cebb98bfdad","SupertrendTrendTypeStrategy","BTC-USDT","Bybit Perpetual","short","9255.47","9162.8","1.4170875552515683","14.355165663444815","13115.81135500423","116.96633808171813","0.8917964349730493","475200.0","1593014400000.0","1593489600000.0"
"f0c1f74b-d064-4ffa-8ee0-a54e3e056f61","SupertrendTrendTypeStrategy","BTC-USDT","Bybit Perpetual","short","9056.52","9199.71","1.4604869614578073","14.664642234206177","13226.929376181863","-223.7917702453477","-1.6919404638867763","302400.0","1593720000000.0","1594022400000.0"
"94e4ca2d-e582-4575-b086-6f299857e884","SupertrendTrendTypeStrategy","BTC-USDT","Bybit Perpetual","long","9302.99","9225.03","1.398940254095595","14.255776153678548","13014.32719444878","-123.31715836296992","-0.9475492395455561","302400.0","1594051200000.0","1594353600000.0"
"49d62621-f1fe-46b9-9862-609f77d67abc","SupertrendTrendTypeStrategy","BTC-USDT","Bybit Perpetual","short","9153.71","9300.69","1.4089561384404752","14.30079208867975","12897.175894003962","-221.38916531666274","-1.716570876726501","230400.0","1594368000000.0","1594598400000.0"
"fc5aaed0-1244-47b4-87a2-a2951003f750","SupertrendTrendTypeStrategy","BTC-USDT","Bybit Perpetual","short","9234.51","9210.51","1.3738526664601725","13.937406950451166","12686.856186953128","19.03505704459297","0.15003761975459443","475200.0","1594728000000.0","1595203200000.0"
"41c31ffd-5a5d-4b4c-ad24-357d298a5d62","SupertrendTrendTypeStrategy","BTC-USDT","Bybit Perpetual","long","9314.87","9597.28","1.363941685836248","14.1872883645834","12704.939491145493","371.0034831324312","2.920151515802151","216000.0","1595318400000.0","1595534400000.0"
"8dfeaa40-9e5f-4178-94f1-cdb8b2bb145c","SupertrendTrendTypeStrategy","BTC-USDT","Bybit Perpetual","long","9597.28","9979.15","1.3605305670066208","14.648882274325985","13057.392800121303","504.896925348491","3.866751449368978","230400.0","1595534400000.0","1595764800000.0"
"528532e7-7d92-4901-a869-4c8b9c78e7c8","SupertrendTrendTypeStrategy","BTC-USDT","Bybit Perpetual","long","9979.15","10806.52","1.3565328589311083","15.508044392444216","13537.044879202369","1106.846547101388","8.176426664595692","115200.0","1595764800000.0","1595880000000.0"
"eea3c8a8-fa6f-4045-9612-433b2e8ebd24","SupertrendTrendTypeStrategy","BTC-USDT","Bybit Perpetual","long","10806.52","11666.32","1.3499765973642475","16.685794441971137","14588.549098948688","1144.0240839718078","7.841931889266843","388800.0","1595880000000.0","1596268800000.0"
"693df598-ae21-46eb-b39e-71d6d49488c6","SupertrendTrendTypeStrategy","BTC-USDT","Bybit Perpetual","long","12026.41","11079.72","1.3034124047593507","16.5642490573902","15675.371978721903","-1250.4917385190206","-7.9774294365484","72000.0","1596340800000.0","1596412800000.0"
"5b5bda14-ffa7-4054-84b5-a255294f1726","SupertrendTrendTypeStrategy","BTC-USDT","Bybit Perpetual","long","12443.99","11830.99","1.1642089737398402","15.543632254345331","14487.404827128834","-729.2037331568673","-5.033363406752978","144000.0","1597680000000.0","1597824000000.0"
"4ca28c9b-f0c3-4b99-97dd-db0b53e71147","SupertrendTrendTypeStrategy","BTC-USDT","Bybit Perpetual","short","11251.34","11526.85","1.2260460781231222","15.359910783933827","13794.661280629809","-353.1478657676355","-2.5600328894158406","100800.0","1598558400000.0","1598659200000.0"
"4591005f-dcc8-42e8-a189-e2842478b3d0","SupertrendTrendTypeStrategy","BTC-USDT","Bybit Perpetual","long","11933.08","11417.49","1.1278874195220812","14.48524777791835","13459.170808150557","-596.0127224093084","-4.428301943002143","100800.0","1598947200000.0","1599048000000.0"
"8133a6b6-6671-4b85-83da-83b265547560","SupertrendTrendTypeStrategy","BTC-USDT","Bybit Perpetual","short","11340.25","10141.08","1.1369201491908654","13.432406299630017","12892.95872186171","1349.92812900558","10.470274187077006","115200.0","1599062400000.0","1599177600000.0"
"529001a4-e7b7-4248-89b2-93e11c5efe9a","SupertrendTrendTypeStrategy","BTC-USDT","Bybit Perpetual","short","10141.08","10372.36","1.3978186193597735","15.770737608515756","14175.390444417011","-339.05822789404505","-2.391879287018746","532800.0","1599177600000.0","1599710400000.0"
"0ce54470-e003-4227-936d-af2527706fb1","SupertrendTrendTypeStrategy","BTC-USDT","Bybit Perpetual","long","10910.7","10863.32","1.2696971897236353","15.205526601642427","13853.285127917668","-75.36377945074956","-0.5440137754681278","388800.0","1600243200000.0","1600632000000.0"
"5f5998a8-9353-4a09-9b12-b635d62df67e","SupertrendTrendTypeStrategy","BTC-USDT","Bybit Perpetual","short","10634.48","10724.92","1.295943904867888","15.224321332899342","13781.689537439457","-132.4294880891518","-0.9609089490036231","302400.0","1600689600000.0","1600992000000.0"
"7562d5b1-5106-4004-82c3-269fc3c7b055","SupertrendTrendTypeStrategy","BTC-USDT","Bybit Perpetual","short","10483.88","10660.16","1.3025598846757844","15.147758067189095","13655.881523754762","-244.76301453783722","-1.7923633425792804","230400.0","1601625600000.0","1601856000000.0"
"bed69342-f70c-424e-9b64-cae3512d566f","SupertrendTrendTypeStrategy","BTC-USDT","Bybit Perpetual","long","10892.69","11413.28","1.2323270615379502","15.118537755669522","13423.356659943816","626.4186072103722","4.66663162634758","129600.0","1602172800000.0","1602302400000.0"
"7ee22feb-27ce-4799-8cb2-504c4fa578d7","SupertrendTrendTypeStrategy","BTC-USDT","Bybit Perpetual","long","11413.28","11332.58","1.2282581638927346","15.36578353186866","14018.454336793671","-114.48621735801323","-0.8166821719961371","561600.0","1602302400000.0","1602864000000.0"
"dd949dca-c96c-4b9c-9155-7aff0b588ef5","SupertrendTrendTypeStrategy","BTC-USDT","Bybit Perpetual","long","11801.12","12329.99","1.1786756197974053","15.643513069607152","13909.692430303558","607.7226619726454","4.36905894948953","158400.0","1603123200000.0","1603281600000.0"
"25e4a963-5307-4952-aa0a-dc8f47f43408","SupertrendTrendTypeStrategy","BTC-USDT","Bybit Perpetual","long","12329.99","13072.17","1.174942474339198","16.415342198178113","14487.028959177569","855.6034634068883","5.905996776964137","115200.0","1603281600000.0","1603396800000.0"
"1e996151-3f1e-4251-8250-d940603858fb","SupertrendTrendTypeStrategy","BTC-USDT","Bybit Perpetual","long","13072.17","13776.15","1.170414112531746","17.28300894417258","15299.852249414114","806.6651179959255","5.272371947427241","460800.0","1603396800000.0","1603857600000.0"
"893d9462-5326-455a-86aa-fd94c017dd6a","SupertrendTrendTypeStrategy","BTC-USDT","Bybit Perpetual","long","13776.15","13043.12","1.16623179273674","17.20261693259487","16066.184111510242","-872.085507962406","-5.428081129343095","115200.0","1603857600000.0","1603972800000.0"
"26502a38-e7f4-431d-9167-33186af2ed5b","SupertrendTrendTypeStrategy","BTC-USDT","Bybit Perpetual","long","13429.04","13488.13","1.1346829616224208","16.798349795751797","15237.702878945955","50.25006640651515","0.32977455201561934","345600.0","1603987200000.0","1604332800000.0"
"6ef9babe-f4fb-49d7-a066-510f098daad1","SupertrendTrendTypeStrategy","BTC-USDT","Bybit Perpetual","long","13890.02","15079.08","1.100462090193689","17.5336679853665","15285.440442032144","1290.9817849803408","8.445826535886914","129600.0","1604462400000.0","1604592000000.0"
"497d408f-d98a-4ccd-98b5-a8514c94e223","SupertrendTrendTypeStrategy","BTC-USDT","Bybit Perpetual","long","15079.079999999998","16123.99","1.0950186044349834","18.792368191017907","16511.87313776347","1125.4035217691426","6.815722918772245","604800.0","1604592000000.0","1605196800000.0"
"54d9865e-34fe-4799-bdcc-ba89359b58f4","SupertrendTrendTypeStrategy","BTC-USDT","Bybit Perpetual","long","17001.99","18071.58","1.0340558066111174","19.94741579439482","17581.006483444155","1086.0683343987903","6.177509435660178","57600.0","1605614400000.0","1605672000000.0"
"29593697-56f5-45c5-97cf-749082caeb42","SupertrendTrendTypeStrategy","BTC-USDT","Bybit Perpetual","long","18071.58","19369.19","1.0299470993196502","21.2091068517868","18612.771401123005","1315.2605486963814","7.066441210453081","561600.0","1605672000000.0","1606233600000.0"
"5f2580d2-8785-4ab3-8a3a-a488cec967ef","SupertrendTrendTypeStrategy","BTC-USDT","Bybit Perpetual","long","19369.19","17930.0","1.0254568684795065","21.036790815822165","19862.26892238457","-1496.8640613628415","-7.536218884217661","129600.0","1606233600000.0","1606363200000.0"
"f8e0f2ee-8c92-443f-9b74-fbbfb64a4867","SupertrendTrendTypeStrategy","BTC-USDT","Bybit Perpetual","long","19720.0","18664.2","0.9351038572053686","19.74126741165827","18440.24806408987","-1007.0239198490858","-5.461010699797157","345600.0","1606780800000.0","1607126400000.0"
"bd167b9a-ec1d-488b-9239-ac48c20cb7c5","SupertrendTrendTypeStrategy","BTC-USDT","Bybit Perpetual","long","20666.5","22495.01","0.8459862744167244","20.082724773705106","17483.575340233234","1526.8116378600182","8.732834149468939","57600.0","1608134400000.0","1608192000000.0"
"7e458891-4c69-4839-bb1c-b657d2e0f59b","SupertrendTrendTypeStrategy","BTC-USDT","Bybit Perpetual","long","22495.01","22864.47","0.8416998434852997","20.998486969116023","18934.04639620025","289.97593720496513","1.531505369413051","417600.0","1608192000000.0","1608609600000.0"
"5e7cad69-5ac4-445e-b38d-0df5f44022f0","SupertrendTrendTypeStrategy","BTC-USDT","Bybit Perpetual","long","23826.99","23178.87","0.8062085700520699","20.843089946067288","19209.52353654497","-543.362988368217","-2.8286125230253703","115200.0","1608681600000.0","1608796800000.0"
"30492332-f712-45a9-b7d8-fc77a828b206","SupertrendTrendTypeStrategy","BTC-USDT","Bybit Perpetual","long","26508.83","28906.99","0.7051736609120495","21.492777164013745","18693.328697595167","1669.6264894888268","8.931670311364174","345600.0","1609027200000.0","1609372800000.0"
"2e421a9b-9cb6-4cfc-a892-d269071a76c5","SupertrendTrendTypeStrategy","BTC-USDT","Bybit Perpetual","long","28906.990000000005","31717.01","0.7015422173878895","23.39166246280788","20279.47386260955","1947.9559992415043","9.605554919415658","230400.0","1609372800000.0","1609603200000.0"
"60cfca8d-dd26-48c1-87fa-f2b85ebf5e6b","SupertrendTrendTypeStrategy","BTC-USDT","Bybit Perpetual","long","31717.010000000002","36823.68","0.6977338677854245","26.30273840390997","22130.032061888985","3536.793872199882","15.9818741441895","374400.0","1609603200000.0","1609977600000.0"
"dccc5bc7-a276-4593-9479-e8be5829ae6e","SupertrendTrendTypeStrategy","BTC-USDT","Bybit Perpetual","long","36823.68","35473.52","0.6922172428306697","27.52495264660762","25489.986240478873","-962.128985226867","-3.7745370913499237","360000.0","1609977600000.0","1610337600000.0"
"5ed87f02-b9d5-4886-8d1c-ef3d343c6852","SupertrendTrendTypeStrategy","BTC-USDT","Bybit Perpetual","short","31422.1","33217.34","0.7821235278518416","27.805814768142092","24575.96370451335","-1431.9052569088806","-5.826446010928608","331200.0","1611244800000.0","1611576000000.0"
"e9d0f5af-30e3-498a-a7ef-557a97b94763","SupertrendTrendTypeStrategy","BTC-USDT","Bybit Perpetual","short","30736.5","33399.75","0.7553122089518947","26.64359096376503","23215.65371044991","-2038.2288314548985","-8.779545288175296","100800.0","1611777600000.0","1611878400000.0"
"63ab2789-4974-4fff-89d2-c2b4aafc5895","SupertrendTrendTypeStrategy","BTC-USDT","Bybit Perpetual","long","37066.11","32817.33","0.5740914361007334","22.065716436092693","21279.336320567756","-2461.2539283121664","-11.5664036285437","201600.0","1611921600000.0","1612123200000.0"
"4c801233-c9c2-4090-a5a4-bfd6ff50c213","SupertrendTrendTypeStrategy","BTC-USDT","Bybit Perpetual","long","38904.05","43785.81","0.4868682075175","22.14248515494016","18941.145088671197","2354.631255575688","12.431303622630534","129600.0","1612670400000.0","1612800000000.0"
"041e075a-1740-45df-84e2-ed816bedeae2","SupertrendTrendTypeStrategy","BTC-USDT","Bybit Perpetual","long","43785.81","48823.85","0.4836737011709525","24.636071359010934","21178.044781468103","2412.1313820882947","11.389773734915492","489600.0","1612800000000.0","1613289600000.0"
"d95fedd8-10e9-40aa-b7c9-3fd2d4eaf4b2","SupertrendTrendTypeStrategy","BTC-USDT","Bybit Perpetual","long","49716.6","53944.7","0.47206706803063725","26.914297277584364","23469.56959445198","1969.0324730627522","8.389725534328571","302400.0","1613448000000.0","1613750400000.0"
"94c8855a-141b-4664-813f-e1441416496b","SupertrendTrendTypeStrategy","BTC-USDT","Bybit Perpetual","long","55836.2","53645.97","0.45383013965602237","27.32746967551941","25340.150443861596","-1021.3198564543275","-4.030441171677149","230400.0","1613793600000.0","1614024000000.0"
"24c7ca7a-f9f1-4014-a908-df6fefa08462","SupertrendTrendTypeStrategy","BTC-USDT","Bybit Perpetual","long","48019.76","47300.23","0.5074972590498158","26.60604851171072","24369.896580229983","-391.76555131582404","-1.607579868162604","28800.0","1614888000000.0","1614916800000.0"
"4b84559d-20c8-44db-ab5a-553c86742613","SupertrendTrendTypeStrategy","BTC-USDT","Bybit Perpetual","long","53557.15","59905.92","0.4480768544719044","27.962096527379025","23997.719306479954","2816.774794838212","11.73767706366003","288000.0","1615348800000.0","1615636800000.0"
"7ea86f13-b909-4f26-ab16-4bc6c809f100","SupertrendTrendTypeStrategy","BTC-USDT","Bybit Perpetual","long","59905.92","56259.14","0.44525908894440247","28.447951830524516","26673.655361576257","-1652.209892211192","-6.194163753765904","187200.0","1615636800000.0","1615824000000.0"
"107811c3-845b-4140-a8d8-e8020dc9f9e5","SupertrendTrendTypeStrategy","BTC-USDT","Bybit Perpetual","long","57359.68","57011.46000000001","0.43766032104739117","27.530640418025868","25104.05596397562","-179.93271741314572","-0.7167475951748578","216000.0","1616097600000.0","1616313600000.0"
"917da2ca-b0a7-4cbf-807e-41a3741f4b0a","SupertrendTrendTypeStrategy","BTC-USDT","Bybit Perpetual","short","52311.54","54761.83","0.4766275258276306","28.068763483819552","24933.119882433133","-1195.944423744005","-4.796609607555046","187200.0","1616630400000.0","1616817600000.0"
"b704de1d-762e-4bda-a99f-88b60d1e2bd5","SupertrendTrendTypeStrategy","BTC-USDT","Bybit Perpetual","long","58244.240000000005","57134.65","0.4085721211209267","25.927328800932948","23796.972679876326","-479.2748686755036","-2.014016131895624","316800.0","1617177600000.0","1617494400000.0"
"9ea2a968-44ce-4e9a-ba8e-e690f7a13182","SupertrendTrendTypeStrategy","BTC-USDT","Bybit Perpetual","long","60614.65","63857.87","0.3850828397860022","26.362727312305978","23341.6615546346","1222.5456403384526","5.2376118875552375","331200.0","1618041600000.0","1618372800000.0"
"38b11b13-13bc-4a1d-ac21-e131c0470249","SupertrendTrendTypeStrategy","BTC-USDT","Bybit Perpetual","long","63857.87000000001","60939.48","0.38371276575551494","26.33748498010246","24503.079912956127","-1146.1609834333424","-4.6776200685992295","201600.0","1618372800000.0","1618574400000.0"
"ae9a58f9-e83a-4217-9a7d-4a3fd786724e","SupertrendTrendTypeStrategy","BTC-USDT","Bybit Perpetual","short","54849.46","48000.81","0.4268816316276306","24.147690089018294","23414.22697869446","2899.4151963575546","12.38313440369331","446400.0","1618718400000.0","1619164800000.0"
"f6fe7929-13c3-4db9-9cb7-43f9bf15b937","SupertrendTrendTypeStrategy","BTC-USDT","Bybit Perpetual","short","48000.81","53591.99","0.5451714547157462","30.462022010555224","26168.671415234137","-3078.6137561881415","-11.764501557369554","273600.0","1619164800000.0","1619438400000.0"
"2b4d79e8-a222-48e4-ac2a-eb4ff42851bf","SupertrendTrendTypeStrategy","BTC-USDT","Bybit Perpetual","long","57138.23","55951.22","0.40680273692159175","25.30280377732663","23243.988346855404","-508.1817205306261","-2.1862931307112627","316800.0","1619798400000.0","1620115200000.0"
"5abe01d5-748d-4cb5-8494-6a4f4f29c7ed","SupertrendTrendTypeStrategy","BTC-USDT","Bybit Perpetual","short","53881.84","57497.77","0.4224283304421547","25.877446483679076","22761.21571235131","-1553.3487193793796","-6.82454197091265","115200.0","1620144000000.0","1620259200000.0"
"5af8cc76-05a8-4c03-8c8e-1dd87419c4a0","SupertrendTrendTypeStrategy","BTC-USDT","Bybit Perpetual","short","55854.399999999994","57558.06","0.38108966220997625","23.771173839491343","21285.534428940897","-673.0183877601409","-3.1618580684780495","28800.0","1620374400000.0","1620403200000.0"
"cbb10b7f-d2df-4bf1-9186-69d89df3faa2","SupertrendTrendTypeStrategy","BTC-USDT","Bybit Perpetual","long","59097.42","55828.14","0.34935817774394834","22.082601319791543","20646.166960568768","-1164.2323046545266","-5.638975539033682","172800.0","1620504000000.0","1620676800000.0"
"9e5815d8-273e-4087-adee-f7161ee42d05","SupertrendTrendTypeStrategy","BTC-USDT","Bybit Perpetual","short","55197.59","49595.76","0.3540036126785059","20.403473466575708","19540.14627114697","1962.664584144257","10.044267616575281","158400.0","1620705600000.0","1620864000000.0"
"0b58504f-7b5b-4287-9821-f8b7746064a5","SupertrendTrendTypeStrategy","BTC-USDT","Bybit Perpetual","short","49595.76","42990.79","0.4315828132502457","21.977320044974","21404.67762608401","2828.614213988502","13.21493490068506","360000.0","1620864000000.0","1621224000000.0"
"8d7f37c5-93c6-422e-b75b-8a329043d8f9","SupertrendTrendTypeStrategy","BTC-USDT","Bybit Perpetual","short","42990.79","35367.81","0.5603958691936828","24.151509665690064","24091.861129373086","4247.734993280372","17.631410751000395","547200.0","1621224000000.0","1621771200000.0"
"36c5ad87-d13d-47f5-b119-bf77336f2578","SupertrendTrendTypeStrategy","BTC-USDT","Bybit Perpetual","short","35863.07","31686.94","0.7842945228333614","29.138506573186337","28127.20937298944","3246.1773790669","11.541057401109276","273600.0","1622894400000.0","1623168000000.0"
"bec551d3-45c5-4844-a6af-92b1409ac1a0","SupertrendTrendTypeStrategy","BTC-USDT","Bybit Perpetual","short","31686.94","36339.26","0.9849823896880859","36.85253497056982","31211.077883102997","-4619.305806164249","-14.800212358782524","86400.0","1623168000000.0","1623254400000.0"
"022e6c67-8aa6-4052-8092-9ffa84667f1e","SupertrendTrendTypeStrategy","BTC-USDT","Bybit Perpetual","long","40677.54","37682.27","0.6593992008181163","28.418717849642693","26822.73736724696","-2003.4973620841247","-7.46939931839537","273600.0","1623686400000.0","1623960000000.0"
"38e4eb53-c7d1-4b41-9a06-220d9d97a181","SupertrendTrendTypeStrategy","BTC-USDT","Bybit Perpetual","short","35305.16","31605.999999999996","0.7058292576288292","25.9753199144361","24919.414873267036","2585.000036735829","10.373437939383386","273600.0","1624046400000.0","1624320000000.0"
"25d20395-9228-450f-8a50-c3ec2d34324e","SupertrendTrendTypeStrategy","BTC-USDT","Bybit Perpetual","short","31606.0","34839.0","0.8661382303412666","31.652805093264003","27375.164908166073","-2831.877703786579","-10.34469641840157","244800.0","1624320000000.0","1624564800000.0"
"d9252fb7-792a-4bc5-bbf7-04e855fde996","SupertrendTrendTypeStrategy","BTC-USDT","Bybit Perpetual","short","31758.44","33171.2","0.7772699505885309","27.757321940992103","24684.881089568822","-1125.8532173344438","-4.560901927172741","100800.0","1624708800000.0","1624809600000.0"
"c206a2cc-777e-4b97-b8ba-9e958f2ae89e","SupertrendTrendTypeStrategy","BTC-USDT","Bybit Perpetual","short","32476.39","33781.67","0.7271534962199032","26.498878989961465","23615.3205331011","-975.6377945358759","-4.131376464563946","187200.0","1625731200000.0","1625918400000.0"
"9667f76c-3f76-47f1-a156-e20d076c7496","SupertrendTrendTypeStrategy","BTC-USDT","Bybit Perpetual","short","31808.0","29582.94","0.7132942853462028","24.08439367071739","22688.46462829202","1563.0381888817055","6.889131611544269","518400.0","1626235200000.0","1626753600000.0"
"398bceef-9f07-4d16-aab5-9c6b8f438ef6","SupertrendTrendTypeStrategy","BTC-USDT","Bybit Perpetual","short","29582.94","31500.0","0.8171382191130983","27.45226264538573","24173.350907729637","-1593.955256978343","-6.593853136300859","115200.0","1626753600000.0","1626868800000.0"
"2e025c75-3fc7-4b6a-9e2b-905f0f7ad545","SupertrendTrendTypeStrategy","BTC-USDT","Bybit Perpetual","long","33634.46","38276.54","0.6736868501412008","26.64502229427714","22659.09341360021","3100.6632310091895","13.683968614331857","187200.0","1627084800000.0","1627272000000.0"
"39f6fad7-61b1-4360-b411-9edf014cd94d","SupertrendTrendTypeStrategy","BTC-USDT","Bybit Perpetual","long","38276.54","42203.25","0.6689403870636933","29.609900030372618","25604.72348305894","2597.125007256502","10.143148036630269","417600.0","1627272000000.0","1627689600000.0"
"ec6845eb-13dd-491e-996e-7538e0a46f6b","SupertrendTrendTypeStrategy","BTC-USDT","Bybit Perpetual","long","40694.19","44601.11","0.6898280132852531","32.36149803786331","28071.992239952615","2662.7413636265564","9.485402179033414","187200.0","1628193600000.0","1628380800000.0"
"e469e730-7028-43c7-9a27-46ab5f3a8ea3","SupertrendTrendTypeStrategy","BTC-USDT","Bybit Perpetual","long","44601.11","44203.37","0.6861173754509213","33.51166321023611","30601.596535397843","-306.4079881220842","-1.0012810533190721","403200.0","1628380800000.0","1628784000000.0"
"516c6a63-7ed9-4eb7-a08a-6c75a6c58288","SupertrendTrendTypeStrategy","BTC-USDT","Bybit Perpetual","long","47391.88","46426.12","0.6395717778379305","33.00183977925943","30310.50894668186","-650.6746799440158","-2.1466966492994044","86400.0","1629086400000.0","1629172800000.0"
"f0c9b3ac-69ab-45a5-b097-0d8a02a58e31","SupertrendTrendTypeStrategy","BTC-USDT","Bybit Perpetual","long","48752.38","47719.36","0.6090444815357743","32.31556947913471","29692.36800073505","-661.4706997952184","-2.227746536681895","374400.0","1629475200000.0","1629849600000.0"
"b9db21ac-dbde-4668-a852-d8cacdd694e1","SupertrendTrendTypeStrategy","BTC-USDT","Bybit Perpetual","long","49616.9","52683.97","0.5857675678232535","32.95849249335656","29063.970835929584","1763.6316417503092","6.068102847013819","417600.0","1630555200000.0","1630972800000.0"
"4f5e9a1b-beb8-400b-ac38-76019f38973d","SupertrendTrendTypeStrategy","BTC-USDT","Bybit Perpetual","short","46644.0","46747.45","0.6590219727208727","33.85085968784451","30739.420895592386","-102.02668276581687","-0.33190827866391626","604800.0","1631030400000.0","1631635200000.0"
"59bffb5f-0368-4078-8a05-4169cacd06fd","SupertrendTrendTypeStrategy","BTC-USDT","Bybit Perpetual","short","45552.92","40726.1","0.6726790630977083","31.92094968622364","30642.495546964856","3214.9798056550567","10.491899397448067","158400.0","1632110400000.0","1632268800000.0"
"5c2f5727-cbbf-41d4-9abb-1722412b023b","SupertrendTrendTypeStrategy","BTC-USDT","Bybit Perpetual","short","40726.1","44743.97","0.8273988022996841","38.894808452758596","33696.72636233716","-3363.2756342485927","-9.981015954142437","158400.0","1632268800000.0","1632427200000.0"
"edd13524-de63-4979-b7eb-45d3e4f75552","SupertrendTrendTypeStrategy","BTC-USDT","Bybit Perpetual","short","41510.06","44028.89","0.734800540153423","34.56973666528615","30501.614509800995","-1885.407381219934","-6.181336337504697","230400.0","1632484800000.0","1632715200000.0"
"6e04644e-d3b2-4ecf-aef9-d7064f8ab5f0","SupertrendTrendTypeStrategy","BTC-USDT","Bybit Perpetual","long","47482.27","51164.85","0.6046568013206205","32.80620862128028","28710.477497642056","2193.8908347860115","7.641429282972364","374400.0","1633089600000.0","1633464000000.0"
"9de146d6-962f-46a0-a7f9-2fc94d75960f","SupertrendTrendTypeStrategy","BTC-USDT","Bybit Perpetual","long","51164.85","55014.04","0.6018716714832305","35.148336300293735","30794.673790688765","2281.570082856244","7.408976300135743","72000.0","1633464000000.0","1633536000000.0"
"d4fe960f-439b-41fe-9488-ec6ec052f02c","SupertrendTrendTypeStrategy","BTC-USDT","Bybit Perpetual","long","55014.04","54640.19","0.599159148635552","36.13518430009785","32962.1653694022","-260.13083201749805","-0.7891800465844692","576000.0","1633536000000.0","1634112000000.0"
"2638f4b9-c872-4724-a722-e8000cbf846a","SupertrendTrendTypeStrategy","BTC-USDT","Bybit Perpetual","long","57393.65","61507.61","0.5700115096179731","37.276297689443524","32715.04107898558","2307.7282524185125","7.054028288843798","158400.0","1634169600000.0","1634328000000.0"
"9ec89a6a-97ea-4d7e-8be5-34c06cb08045","SupertrendTrendTypeStrategy","BTC-USDT","Bybit Perpetual","long","61507.60999999999","66914.74","0.5675294962490524","40.08590938144072","34907.38291878317","3028.6198556717045","8.676158458278598","417600.0","1634328000000.0","1634745600000.0"
"eb24f69d-fee5-4130-89ff-4acd1a56e699","SupertrendTrendTypeStrategy","BTC-USDT","Bybit Perpetual","long","66914.74","62260.33000000001","0.5646673928893886","40.11752250176236","37784.57178167129","-2668.3110826400593","-7.061906372945625","115200.0","1634745600000.0","1634860800000.0"
"3dafb63a-64ff-49f6-b961-35d7053077b4","SupertrendTrendTypeStrategy","BTC-USDT","Bybit Perpetual","long","62590.98","60521.99","0.5631750174412229","38.133781964844914","35249.676253163234","-1203.3372613005636","-3.4137540800607455","158400.0","1635537600000.0","1635696000000.0"
"4e9d1d97-7a8b-4496-a256-e45f34063677","SupertrendTrendTypeStrategy","BTC-USDT","Bybit Perpetual","long","62989.66999999999","61508.56","0.5414618913692945","37.07607589836118","34106.5058549277","-839.0406978243333","-2.460060556754772","172800.0","1635854400000.0","1636027200000.0"
"b3c0df14-4143-4ca3-a0a0-5ff9ff93ae4d","SupertrendTrendTypeStrategy","BTC-USDT","Bybit Perpetual","long","65996.72","65306.020000000004","0.5047132219903442","36.44862592885825","33309.41719199459","-385.0540483575875","-1.1559915507922167","273600.0","1636358400000.0","1636632000000.0"
"11847bbc-785e-4b06-a7f2-13b0f2672afc","SupertrendTrendTypeStrategy","BTC-USDT","Bybit Perpetual","short","60943.689999999995","55940.0","0.5405582734825357","34.750345115567356","32943.615846054876","2670.035682326259","8.10486527891566","259200.0","1637035200000.0","1637294400000.0"
"542fc632-bef4-4608-8b94-f40d803b389d","SupertrendTrendTypeStrategy","BTC-USDT","Bybit Perpetual","short","55940.0","59716.28999999999","0.6342536600690888","40.345483883381576","35480.149744264825","-2435.471237865677","-6.864320628351795","158400.0","1637294400000.0","1637452800000.0"
"1995480e-5196-4daa-b6e5-33756830bef5","SupertrendTrendTypeStrategy","BTC-USDT","Bybit Perpetual","short","58206.7","58064.50000000001","0.5698047143763936","36.4385328484103","33166.45206829243","44.58769753590706","0.1344361387950009","244800.0","1637596800000.0","1637841600000.0"
"ea9940bb-a4fb-4f64-a169-e6b3c86e95b4","SupertrendTrendTypeStrategy","BTC-USDT","Bybit Perpetual","short","53766.350000000006","57407.25","0.6176504520197398","37.76653336096396","33208.81038095154","-2286.570064119631","-6.8854320220732745","230400.0","1637928000000.0","1638158400000.0"
"32f0d6ad-0782-4567-bde5-19f51bb0d28d","SupertrendTrendTypeStrategy","BTC-USDT","Bybit Perpetual","short","53884.35","47241.93","0.5759848419817235","32.03596242329974","31036.568820037883","3793.8972716529393","12.22395843319999","43200.0","1638561600000.0","1638604800000.0"
"c5cc7056-8483-4945-a0ae-3bc6f0502905","SupertrendTrendTypeStrategy","BTC-USDT","Bybit Perpetual","short","47241.93","51721.54","0.7332632521175189","39.91145171916899","34640.77122810818","-3324.644848537328","-9.597490848701568","288000.0","1638604800000.0","1638892800000.0"
"6fc3d193-e67f-4519-a919-e84e8700480e","SupertrendTrendTypeStrategy","BTC-USDT","Bybit Perpetual","short","47973.4","49276.18","0.6562461410281055","35.10081387538222","31482.35862199772","-890.0451614839767","-2.8271235080273622","144000.0","1639152000000.0","1639296000000.0"
"dc173242-d3e0-4a6d-8f1a-b3c2f4b22ef3","SupertrendTrendTypeStrategy","BTC-USDT","Bybit Perpetual","short","46699.36","48870.48","0.656043588575688","34.48388943626239","30636.815718587943","-1458.8332454647118","-4.761699971905402","187200.0","1639425600000.0","1639612800000.0"
"5cfe89c0-9a81-40f0-ae96-bb6367c03526","SupertrendTrendTypeStrategy","BTC-USDT","Bybit Perpetual","short","49197.91","45707.62","0.5945562349172244","31.034671024293033","29250.924135396468","2044.139010144947","6.988288645798167","302400.0","1640678400000.0","1640980800000.0"
"fda0315b-42b9-4a0e-aeb2-bb7249492021","SupertrendTrendTypeStrategy","BTC-USDT","Bybit Perpetual","short","45707.62","41789.97","0.6824432380210161","32.84167625124941","31192.85619503416","2640.7320751817856","8.465823259885335","547200.0","1640980800000.0","1641528000000.0"
"63aae918-0699-4b21-8454-d3ae51aa7a34","SupertrendTrendTypeStrategy","BTC-USDT","Bybit Perpetual","short","41789.97","42938.55","0.8064507264890799","37.5811570795895","33701.55166645686","-963.8543325104183","-2.859970193804881","403200.0","1641528000000.0","1641931200000.0"
"fa7e4efd-4ca9-4c12-aa2b-d1b000cb0dcb","SupertrendTrendTypeStrategy","BTC-USDT","Bybit Perpetual","short","42337.58","43275.74","0.7743921605951961","36.464056117790356","32785.890050571965","-762.9678055017766","-2.3271224429927178","144000.0","1642550400000.0","1642694400000.0"
"bc678afa-59c4-4c70-be90-adf43cd0202b","SupertrendTrendTypeStrategy","BTC-USDT","Bybit Perpetual","short","40661.69","36425.98","0.7884834751173716","33.43029466166564","32061.07063534528","3306.3570457277356","10.312684449416635","86400.0","1642723200000.0","1642809600000.0"
"3b02d7eb-a488-4dcc-843c-4f7c6bac397e","SupertrendTrendTypeStrategy","BTC-USDT","Bybit Perpetual","short","36425.98","37039.99","0.9664011737992123","39.04867980326375","35202.10982878663","-632.4286645277131","-1.796564659344772","331200.0","1642809600000.0","1643140800000.0"
"c562b856-5a82-4d26-82b6-17d34430812f","SupertrendTrendTypeStrategy","BTC-USDT","Bybit Perpetual","long","40701.71","43805.26","0.8501191374388275","39.51254584418288","34601.3025974853","2598.8747031540925","7.51091579813232","244800.0","1644004800000.0","1644249600000.0"
"6c2a13a8-d59e-4f09-8669-2de8508eef27","SupertrendTrendTypeStrategy","BTC-USDT","Bybit Perpetual","long","43805.26","42725.35","0.8462507371370857","40.274625873581925","37070.23356548169","-954.1492594152951","-2.573896001302135","360000.0","1644249600000.0","1644609600000.0"
"0908d481-0d40-413f-89e8-fa7689feede3","SupertrendTrendTypeStrategy","BTC-USDT","Bybit Perpetual","short","41907.7","39778.1","0.8629390725102347","38.769427669091094","36163.79176903716","1798.9456211487036","4.974438611520076","216000.0","1645113600000.0","1645329600000.0"
"fbfef56d-0b7f-42ea-b369-416f36cacc10","SupertrendTrendTypeStrategy","BTC-USDT","Bybit Perpetual","short","37549.9","38462.5","1.0085989605599062","42.1663151963151","37872.79010912842","-962.6137266032839","-2.5417026942814718","331200.0","1645444800000.0","1645776000000.0"
"af749f07-9fdd-4f36-aa66-e5c49363660b","SupertrendTrendTypeStrategy","BTC-USDT","Bybit Perpetual","long","40792.8","41441.1","0.9060007420146522","40.97718593031729","36958.307068855305","546.3830951177778","1.4783769562275588","302400.0","1646064000000.0","1646366400000.0"
"0ac5de2f-6605-423a-8a4c-49b6be5a0c7c","SupertrendTrendTypeStrategy","BTC-USDT","Bybit Perpetual","short","37288.7","41198.5","1.0050597368429899","43.386378517648716","37477.3710092172","-3972.968937626373","-10.600980886971128","115200.0","1646683200000.0","1646798400000.0"
"2299d509-d69a-4869-8e96-78f7ccdad940","SupertrendTrendTypeStrategy","BTC-USDT","Bybit Perpetual","long","41198.5","39405.5","0.818064990678596","36.26662077976165","33703.05051847213","-1503.0571490664843","-4.459706542713934","144000.0","1646798400000.0","1646942400000.0"
"68668817-93ec-4c63-8035-2b5cc9193d20","SupertrendTrendTypeStrategy","BTC-USDT","Bybit Perpetual","short","38703.1","39653.799999999996","0.8339163071397118","35.93870317780363","32275.14622685898","-828.7429363755252","-2.5677433978156716","331200.0","1646971200000.0","1647302400000.0"
"bbf49cd9-d6dc-4c1d-aff6-90f9977a130b","SupertrendTrendTypeStrategy","BTC-USDT","Bybit Perpetual","long","40492.8","41218.7","0.777615784467911","34.94708369490235","31487.84043730223","529.5242142503498","1.681678409495007","432000.0","1647432000000.0","1647864000000.0"
"294dfc26-504c-4162-8162-f4b579fed8b2","SupertrendTrendTypeStrategy","BTC-USDT","Bybit Perpetual","long","42230.0","44554.5","0.7575393900269964","36.15847245658883","31990.88844084006","1724.7418396611642","5.391353362538479","288000.0","1647921600000.0","1648209600000.0"
"d64dd50c-6b01-4442-802e-bf4190e4e1e8","SupertrendTrendTypeStrategy","BTC-USDT","Bybit Perpetual","long","44320.2","46820.8","0.7587825232855032","38.03590887512023","33629.39318851816","1859.3756688526137","5.529019386194119","201600.0","1648224000000.0","1648425600000.0"
"bfb77ce0-fb57-4140-bd34-637378fc4f45","SupertrendTrendTypeStrategy","BTC-USDT","Bybit Perpetual","long","46820.8","45578.100000000006","0.7559845212796052","38.418676000794164","35395.80007392814","-977.8806405949574","-2.762702463435048","331200.0","1648425600000.0","1648756800000.0"
"a8c0e2a9-b5c9-43cf-ad08-055328238209","SupertrendTrendTypeStrategy","BTC-USDT","Bybit Perpetual","short","43159.7","41055.1","0.7985878832652434","36.989105379383204","34466.813465362924","1643.718953740647","4.768990192239517","388800.0","1649289600000.0","1649678400000.0"
"51954ca6-6e41-4f77-827d-4959980fb337","SupertrendTrendTypeStrategy","BTC-USDT","Bybit Perpetual","short","41055.1","38902.1","0.8775608017375804","38.59201749518064","36028.34647141654","1850.79638864583","5.137056151367308","590400.0","1649678400000.0","1650268800000.0"
"b9327144-7ed3-42e9-9204-a0d0e6cebd41","SupertrendTrendTypeStrategy","BTC-USDT","Bybit Perpetual","long","42418.0","40687.100000000006","0.8908152916363354","40.717211641131755","37786.60304063008","-1582.6293999344596","-4.188334681031624","72000.0","1650542400000.0","1650614400000.0"
"0acb5aeb-b609-4b3f-a3ae-ed91c8a7a8a9","SupertrendTrendTypeStrategy","BTC-USDT","Bybit Perpetual","short","39414.6","40520.0","0.9205498751907248","40.47108232938128","36283.10511069234","-1058.04691436521","-2.916087008367462","302400.0","1650643200000.0","1650945600000.0"
"cd5dc9ef-5b5f-4bab-8852-b23157e17662","SupertrendTrendTypeStrategy","BTC-USDT","Bybit Perpetual","short","38250.8","39428.2","0.9222803324909645","39.4029976711611","35277.96054204539","-1125.2958611460174","-3.189798514017992","158400.0","1651003200000.0","1651161600000.0"
"f3f92883-cc99-41d6-bdf6-52873f3b9f33","SupertrendTrendTypeStrategy","BTC-USDT","Bybit Perpetual","short","38737.7","38987.5","0.88309139349927","37.7511503479052","34208.92947395667","-258.3473804440254","-0.755204516530416","432000.0","1651233600000.0","1651665600000.0"
"2603b7f0-e257-47ad-980f-6598ede18e6c","SupertrendTrendTypeStrategy","BTC-USDT","Bybit Perpetual","short","36284.0","34032.0","0.9360461763459058","36.200462614766295","33963.49946253485","2071.7755265162136","6.10000606327858","273600.0","1651780800000.0","1652054400000.0"
"22dd81c3-3bb8-497a-aa3a-d4ccc8314414","SupertrendTrendTypeStrategy","BTC-USDT","Bybit Perpetual","short","33107.9","30056.6","1.0852904053934334","37.70350419631043","35931.68621272525","3273.843109780676","9.111298285303517","43200.0","1652097600000.0","1652140800000.0"
"a7fdc9db-ce2c-43f5-b508-369fafaf0c60","SupertrendTrendTypeStrategy","BTC-USDT","Bybit Perpetual","short","30056.6","30452.199999999997","1.2989438980795198","43.228645097062724","39041.83716701689","-557.0908511773189","-1.4269073680988489","504000.0","1652140800000.0","1652644800000.0"
"fb3e0958-a557-4a6a-8800-ed1599c504cf","SupertrendTrendTypeStrategy","BTC-USDT","Bybit Perpetual","short","29097.699999999997","30188.9","1.3235616855764698","43.158209725453865","38512.600858398444","-1487.4287210265036","-3.8621871488124646","100800.0","1653350400000.0","1653451200000.0"
"33b8cf2b-d1cd-42cd-b835-997039a67c18","SupertrendTrendTypeStrategy","BTC-USDT","Bybit Perpetual","short","29403.5","29826.300000000003","1.2617390301638671","41.10290272483991","37099.54357342327","-574.5661646781266","-1.5487149148910944","57600.0","1653480000000.0","1653537600000.0"
"d04159f1-13d2-4148-9e18-1485528e6734","SupertrendTrendTypeStrategy","BTC-USDT","Bybit Perpetual","short","29374.4","29452.799999999996","1.2444068888889324","40.26273511372585","36553.70571697906","-137.8242352026109","-0.37704586306441723","288000.0","1653580800000.0","1653868800000.0"
"c99e9808-1c06-4ca2-8e39-b985c278a41f","SupertrendTrendTypeStrategy","BTC-USDT","Bybit Perpetual","short","29796.899999999998","31235.0","1.2223678534859859","41.031887928444235","36422.77269353657","-1798.919098026643","-4.938995482751568","360000.0","1654128000000.0","1654488000000.0"
"0cfbb3d0-670c-4bd3-a60c-9dc8715f91f9","SupertrendTrendTypeStrategy","BTC-USDT","Bybit Perpetual","short","29504.5","31050.5","1.1765594926337088","39.18560804203884","34713.79955041126","-1858.1465836537527","-5.352760595841312","28800.0","1654603200000.0","1654632000000.0"
"aa86d60b-24cd-4754-a134-288fc11fd1ae","SupertrendTrendTypeStrategy","BTC-USDT","Bybit Perpetual","short","27538.2","24801.2","1.1964674632307193","34.44231402975986","32948.560295940195","3240.2891328327187","9.834387614295776","100800.0","1655006400000.0","1655107200000.0"
"c5061316-d893-4e17-ad22-7dc3ed1246fb","SupertrendTrendTypeStrategy","BTC-USDT","Bybit Perpetual","short","24801.2","21442.3","1.452624670263184","36.945946916623555","36026.83497213128","4842.275058030387","13.44074510507557","158400.0","1655107200000.0","1655265600000.0"
"9190d17c-3da1-44ca-8f75-d6013f726675","SupertrendTrendTypeStrategy","BTC-USDT","Bybit Perpetual","short","21442.3","18059.4","1.8947126137242807","41.16440308945383","40626.99627726014","6368.458897878411","15.675436240515234","316800.0","1655265600000.0","1655582400000.0"
"89bc70a9-8fef-412a-833f-7547353a218b","SupertrendTrendTypeStrategy","BTC-USDT","Bybit Perpetual","short","19685.4","20815.4","2.3711497978321305","52.81840505262176","46677.03223024463","-2732.2176766029297","-5.853451999959361","100800.0","1655640000000.0","1655740800000.0"
"8a57984a-9e0a-4e9e-8e59-25efbd5a3e8f","SupertrendTrendTypeStrategy","BTC-USDT","Bybit Perpetual","short","19133.5","19792.4","2.3038871841258444","49.32448517731032","44081.425437471844","-1567.3557507978326","-3.5555922596493135","345600.0","1656604800000.0","1656950400000.0"
"97adfa9e-cd5e-4385-aea4-5a389f880b89","SupertrendTrendTypeStrategy","BTC-USDT","Bybit Perpetual","short","19445.1","20602.9","2.1903943653781113","48.24650244956443","42592.43747421391","-2584.285098684348","-6.067474068017151","100800.0","1657728000000.0","1657828800000.0"
"c76e3828-4ab3-4ea4-8b10-257a084b40fc","SupertrendTrendTypeStrategy","BTC-USDT","Bybit Perpetual","long","22243.4","22226.3","1.8044618462314108","44.13413232984634","40137.366630463766","-74.9904299004074","-0.1868344542650952","446400.0","1658131200000.0","1658577600000.0"
"8a2395b9-c642-4021-bf12-5354ba7841c6","SupertrendTrendTypeStrategy","BTC-USDT","Bybit Perpetual","long","22941.1","24522.8","1.746477968452183","45.592060605749666","40066.12572205837","2716.8121420950692","6.780820688633068","230400.0","1658966400000.0","1659196800000.0"
"b4e95960-4eae-4ffa-acd0-e2e85f030247","SupertrendTrendTypeStrategy","BTC-USDT","Bybit Perpetual","long","23915.0","23313.4","1.7832781625360101","46.32175590433364","42647.097257048685","-1119.1418984859947","-2.624192431528323","129600.0","1659211200000.0","1659340800000.0"
"e4fc8973-4e29-42e7-8683-ac46b28bf61a","SupertrendTrendTypeStrategy","BTC-USDT","Bybit Perpetual","long","23983.6","24211.8","1.7338478149021412","45.95991893808406","41583.91245348699","349.7041524225858","0.8409601978018343","432000.0","1660147200000.0","1660579200000.0"
"e965badf-0694-49b6-9c6a-be2b66ec4b03","SupertrendTrendTypeStrategy","BTC-USDT","Bybit Perpetual","short","21892.8","21695.8","1.9146080628466187","45.90029675450786","41916.13139828845","331.277491626276","0.7903341281151794","475200.0","1660896000000.0","1661371200000.0"
"d420b686-1091-4dbf-91ca-60575ae731ec","SupertrendTrendTypeStrategy","BTC-USDT","Bybit Perpetual","short","20770.1","19547.5","2.03325188686301","45.086709950583455","42230.845015333405","2440.7670469281297","5.779583728532836","201600.0","1661529600000.0","1661731200000.0"
"a9334f76-937f-412d-9871-d923753fe720","SupertrendTrendTypeStrategy","BTC-USDT","Bybit Perpetual","short","19743.8","20344.8","2.256382951099339","49.75037846539253","44549.57370991513","-1405.8365320760954","-3.1556677539278155","259200.0","1661875200000.0","1662134400000.0"
"22ecfc13-bfb0-42de-ad1c-44f23928fca0","SupertrendTrendTypeStrategy","BTC-USDT","Bybit Perpetual","short","19899.3","18813.0","2.1716356356476276","46.237955619834906","43214.02900444283","2312.8098353841815","5.35198843677918","345600.0","1662148800000.0","1662494400000.0"
"2557ff11-2b84-4639-a973-0859f047db14","SupertrendTrendTypeStrategy","BTC-USDT","Bybit Perpetual","short","18813.0","19936.0","2.413820142882996","51.44321419411527","45411.198348057806","-2762.1632346517194","-6.082559666188273","201600.0","1662494400000.0","1662696000000.0"
"bccca777-1bb0-4fdf-a638-7061b5b89373","SupertrendTrendTypeStrategy","BTC-USDT","Bybit Perpetual","long","21258.5","22516.3","2.0127075416957294","48.45822855292222","42787.14327513866","2483.125317391965","5.8034379659900726","331200.0","1662739200000.0","1663070400000.0"
"ebce3c3a-2592-4ad4-a01d-1ef7aad0d2dc","SupertrendTrendTypeStrategy","BTC-USDT","Bybit Perpetual","long","22516.3","20823.9","2.0050413401251994","47.794390979111796","45146.11232666102","-3441.1263550069953","-7.6221986294373325","14400.0","1663070400000.0","1663084800000.0"
"ff2810e9-b54b-406f-8a8d-5c215ea09152","SupertrendTrendTypeStrategy","BTC-USDT","Bybit Perpetual","short","20272.0","18766.2","2.065757808277643","44.35390655910736","41877.04228940438","3066.2642011453663","7.322064867797945","460800.0","1663099200000.0","1663560000000.0"
"cbe08663-0712-4529-a863-89cec6ac9c1a","SupertrendTrendTypeStrategy","BTC-USDT","Bybit Perpetual","short","18459.6","19384.0","2.4263794058642922","50.50261242607126","44789.99328049248","-2293.4477352070267","-5.120446705237392","331200.0","1663574400000.0","1663905600000.0"
"cbfa55c0-3ccc-4e46-8de4-7dbfdf0107a5","SupertrendTrendTypeStrategy","BTC-USDT","Bybit Perpetual","short","18854.5","19191.0","2.260002542207208","47.29060969574938","42611.2179320458","-807.7814651484749","-1.8957014240632213","288000.0","1663934400000.0","1664222400000.0"
"b950a0aa-98cd-41fd-b476-f64375b10094","SupertrendTrendTypeStrategy","BTC-USDT","Bybit Perpetual","long","20174.2","18736.0","2.074125642660168","44.38755396956962","41843.825540154765","-3027.395053243425","-7.23498631916012","72000.0","1664265600000.0","1664337600000.0"
"46c9b3bd-2f96-45c7-8fc6-ff4a3b6b0087","SupertrendTrendTypeStrategy","BTC-USDT","Bybit Perpetual","short","18770.6","19534.7","2.0760018454164233","43.73703041907635","38967.80023957351","-1630.01004050177","-4.182966527441863","43200.0","1664352000000.0","1664395200000.0"
"6a5a0341-48ea-4668-af6a-ac07b999309a","SupertrendTrendTypeStrategy","BTC-USDT","Bybit Perpetual","long","20213.5","19574.1","1.8512029436315742","40.510207232019596","37419.29070109683","-1224.1693693900509","-3.271492715264558","244800.0","1664913600000.0","1665158400000.0"
"580db64c-0a57-42f8-8ca7-9d616bd0c1f2","SupertrendTrendTypeStrategy","BTC-USDT","Bybit Perpetual","short","18991.3","19806.3","1.9091020520015098","40.737717775003574","36256.329800176274","-1596.6558901562341","-4.403799002701237","201600.0","1665518400000.0","1665720000000.0"
"c3e26707-23a6-4137-9034-5e90c9439888","SupertrendTrendTypeStrategy","BTC-USDT","Bybit Perpetual","short","19033.2","19195.1","1.8252057827652652","38.375982823906966","34739.50670452785","-333.8767990535994","-0.9610867589264959","244800.0","1666238400000.0","1666483200000.0"
"74d3c77c-26d6-447d-ab37-dbe883692685","SupertrendTrendTypeStrategy","BTC-USDT","Bybit Perpetual","long","19740.3","20595.9","1.7437588965429567","38.68513418150481","34422.323745426926","1453.2749777006527","4.221896779684211","72000.0","1666713600000.0","1666785600000.0"
"587259b6-c9dc-4d5c-a19c-a95f41c7ffa5","SupertrendTrendTypeStrategy","BTC-USDT","Bybit Perpetual","long","20595.9","20390.4","1.7383525349337754","39.18675117640591","35802.93497424255","-396.4181971052967","-1.1072226268334957","446400.0","1666785600000.0","1667232000000.0"
"948190e1-b187-42bf-b0b5-a9a196c7c38c","SupertrendTrendTypeStrategy","BTC-USDT","Bybit Perpetual","long","20829.3","20628.1","1.700793482593871","38.780761648907934","35426.33768699252","-380.980410346796","-1.0754157364865873","230400.0","1667577600000.0","1667808000000.0"
"90c41c10-f060-4484-b666-7de00b82c704","SupertrendTrendTypeStrategy","BTC-USDT","Bybit Perpetual","short","20140.6","18238.0","1.740981216903323","36.74903195207523","35064.40629716306","3275.6418313281847","9.341786093760856","57600.0","1667880000000.0","1667937600000.0"
"35fb955d-752c-4250-963d-c77057fdde1f","SupertrendTrendTypeStrategy","BTC-USDT","Bybit Perpetual","short","18238.0","15905.000000000002","2.0932265619544266","39.3079689776455","38176.26603692483","4844.189600062027","12.689008389077738","100800.0","1667937600000.0","1668038400000.0"
"17326fe6-9532-44b5-ac6d-fa8f350a7b77","SupertrendTrendTypeStrategy","BTC-USDT","Bybit Perpetual","short","15905.0","16888.3","2.689609943853113","48.51065217446706","42778.24615698376","-2693.204109965231","-6.295732882741271","518400.0","1668038400000.0","1668556800000.0"
"374aa777-6599-4822-9542-35589a9507a5","SupertrendTrendTypeStrategy","BTC-USDT","Bybit Perpetual","short","15712.8","16577.9","2.5596776037699707","45.45957988003025","40219.70225251679","-2259.836674901437","-5.618730493610319","115200.0","1669060800000.0","1669176000000.0"
"952b5219-684d-41f8-8483-14e7396f5227","SupertrendTrendTypeStrategy","BTC-USDT","Bybit Perpetual","short","16215.100000000002","16433.2","2.3479878268626417","42.16179603226778","38072.857411360426","-554.2579410710066","-1.4557823571855775","100800.0","1669665600000.0","1669766400000.0"
"f29ec77b-eca3-4284-a620-2497e1fe5718","SupertrendTrendTypeStrategy","BTC-USDT","Bybit Perpetual","short","16755.4","17241.9","2.240848464813909","41.90053863204986","37546.31236734297","-1132.0733167640165","-3.0151384926650504","129600.0","1670400000000.0","1670529600000.0"
"3b4260c6-2101-4e37-9e17-b0561aebf55a","SupertrendTrendTypeStrategy","BTC-USDT","Bybit Perpetual","long","17436.8","18054.8","2.091601825817648","40.82886244865429","36470.84271641716","1251.7810659066522","3.432278973206093","100800.0","1670932800000.0","1671033600000.0"
"6055e184-cb2a-43a3-8e22-fd17cac5c73e","SupertrendTrendTypeStrategy","BTC-USDT","Bybit Perpetual","long","18054.8","17424.0","2.0858738246354696","40.7023651372123","37660.03472902848","-1356.471573717265","-3.601886146620285","86400.0","1671033600000.0","1671120000000.0"
"e55f821b-0b2e-4aa5-b34b-a60c7ac9b6d8","SupertrendTrendTypeStrategy","BTC-USDT","Bybit Perpetual","long","17424.0","17418.9","2.08743036811278","40.00267016521424","36371.38673399708","-50.648565042586384","-0.1392538739669338","43200.0","1671120000000.0","1671163200000.0"
"3bdb8e62-c8fe-4d81-967e-10b19e0fb6a6","SupertrendTrendTypeStrategy","BTC-USDT","Bybit Perpetual","short","17018.6","16549.3","2.134327770627821","39.404695644411696","36323.27059720663","962.2353271112231","2.649087792180316","288000.0","1671192000000.0","1671480000000.0"
"7f42c478-8595-488b-bc23-28e1a7922962","SupertrendTrendTypeStrategy","BTC-USDT","Bybit Perpetual","short","16718.0","16887.2","2.2273833088863677","41.1684138644835","37237.3941579623","-418.04166972805854","-1.1226394305538983","72000.0","1671508800000.0","1671580800000.0"
"f9748208-c533-4981-806d-94d09e0e341b","SupertrendTrendTypeStrategy","BTC-USDT","Bybit Perpetual","short","16681.3","16654.6","2.2084762321713924","40.491848555423275","36840.254571720645","18.47446684355451","0.050147500494570146","460800.0","1672171200000.0","1672632000000.0"
"b3d7391d-7a82-40b7-860b-a7b0bbd1e018","SupertrendTrendTypeStrategy","BTC-USDT","Bybit Perpetual","long","16932.6","17232.2","2.1767363142826275","40.90226845661171","36857.805315222016","611.2479313024681","1.658394812373777","230400.0","1673035200000.0","1673265600000.0"
"7469168a-0a6e-4e74-af1e-9c2427f3cec9","SupertrendTrendTypeStrategy","BTC-USDT","Bybit Perpetual","long","17232.2","17935.7","2.172589155764172","42.02296899404936","37438.490849959366","1486.3935020860458","3.9702281484662443","216000.0","1673265600000.0","1673481600000.0"
"410d645c-a2e1-459b-bacd-8e61040dafcf","SupertrendTrendTypeStrategy","BTC-USDT","Bybit Perpetual","long","17935.7","18877.2","2.1661025037740993","43.85728317365205","38850.56467694112","1995.5282241296622","5.136420128570392","72000.0","1673481600000.0","1673553600000.0"
"8a1fc66e-1259-4a4b-86d5-dc3505b15c55","SupertrendTrendTypeStrategy","BTC-USDT","Bybit Perpetual","long","18877.2","19924.2","2.1584936584802987","46.06391671208661","40746.31648986429","2213.878943716786","5.433322897463607","100800.0","1673553600000.0","1673654400000.0"
"92525e64-d192-480f-bccc-21055e185894","SupertrendTrendTypeStrategy","BTC-USDT","Bybit Perpetual","long","19924.2","21116.0","2.1506259466575943","48.54416543680936","42849.501486395246","2514.57183778971","5.868380612521452","201600.0","1673654400000.0","1673856000000.0"
"9b2d02c1-d866-4b1a-a654-c586b28f2b9f","SupertrendTrendTypeStrategy","BTC-USDT","Bybit Perpetual","long","21116.0","20741.3","2.1423728325580345","49.320668300327284","45238.34473229545","-852.0677686598243","-1.883507837658651","273600.0","1673856000000.0","1674129600000.0"
"a43a1f4a-c3b4-490b-8b06-898e4e86af9f","SupertrendTrendTypeStrategy","BTC-USDT","Bybit Perpetual","long","22661.1","23896.6","1.9605791577667735","50.20403093945696","44428.88035206863","2372.0915184813916","5.339075618571032","763200.0","1674259200000.0","1675022400000.0"
"dc170389-1598-4331-aceb-58b09c712290","SupertrendTrendTypeStrategy","BTC-USDT","Bybit Perpetual","long","23075.2","22819.9","2.0230536374387196","51.066536947587586","46682.36729462595","-567.5521305856912","-1.2157740994660902","43200.0","1675080000000.0","1675123200000.0"
"a5ee7855-75a8-4b2b-a8d1-8c04a087392c","SupertrendTrendTypeStrategy","BTC-USDT","Bybit Perpetual","long","23852.2","23322.4","1.9345466150111743","50.19380450947838","46143.192770569534","-1075.1166011423973","-2.329957110874466","187200.0","1675310400000.0","1675497600000.0"
"d8ed2e74-d61d-43fc-aa8a-c8a84fd891c3","SupertrendTrendTypeStrategy","BTC-USDT","Bybit Perpetual","short","21649.0","22196.7","2.0842455540433398","50.26186290890494","45121.83199948426","-1191.8031528584436","-2.6413004526768016","360000.0","1676044800000.0","1676404800000.0"
"5ff3abe7-a1f2-43fb-bd41-39ac67c7176c","SupertrendTrendTypeStrategy","BTC-USDT","Bybit Perpetual","long","22433.0","24332.6","1.9609334018753055","50.43732490430689","43989.61900426873","3674.5517652980207","8.353224802745949","43200.0","1676462400000.0","1676505600000.0"
"b60b4795-b46c-4665-aa87-2f64ddb1c931","SupertrendTrendTypeStrategy","BTC-USDT","Bybit Perpetual","long","24332.6","24198.8","1.951309896242155","52.08489060416758","47480.44318130185","-313.1701547213665","-0.6595771516401835","532800.0","1676505600000.0","1677038400000.0"
"19f438c3-f25a-4ae1-a8ed-0655cea34f93","SupertrendTrendTypeStrategy","BTC-USDT","Bybit Perpetual","short","22306.3","20845.6","2.115228950310744","50.20188147750281","47182.93153431654","3039.513046241402","6.441975831939859","576000.0","1677816000000.0","1678392000000.0"
"ec81b025-0d27-40a3-b8f8-df2cbe653e62","SupertrendTrendTypeStrategy","BTC-USDT","Bybit Perpetual","short","20845.6","19750.0","2.401968229662177","53.63013780524063","50070.46892824587","2577.966254612637","5.148676075526723","57600.0","1678392000000.0","1678449600000.0"
"d8c9d2d4-0071-4921-bd1c-3742b761d11f","SupertrendTrendTypeStrategy","BTC-USDT","Bybit Perpetual","short","19750.0","21986.2","2.659217056715335","61.04208820736541","52519.536870127864","-6007.5832704342","-11.438759037974688","216000.0","1678449600000.0","1678665600000.0"
"4aa26382-ec25-4193-a793-1f7a43e6aa06","SupertrendTrendTypeStrategy","BTC-USDT","Bybit Perpetual","long","22451.6","24379.9","2.0850332610243987","53.704879340015275","46812.33276321539","3966.8647578933387","8.473973681163049","72000.0","1678694400000.0","1678766400000.0"
"72114873-38c7-4f0c-8acc-0d6c8fcec972","SupertrendTrendTypeStrategy","BTC-USDT","Bybit Perpetual","long","24379.9","26914.1","2.0746949037204443","58.53067021529006","50580.85428321406","5199.161154793053","10.278911316289225","288000.0","1678766400000.0","1679054400000.0"
"ac51be0c-cf56-47b3-aa63-b91c336c9738","SupertrendTrendTypeStrategy","BTC-USDT","Bybit Perpetual","long","27384.0","27343.7","2.027463386658905","61.02712439232891","55520.057380267455","-142.7338988746813","-0.2570852870289193","446400.0","1679097600000.0","1679544000000.0"
"c1a27192-7727-449b-8d8c-1b43a8ffbbbf","SupertrendTrendTypeStrategy","BTC-USDT","Bybit Perpetual","long","28347.5","27933.7","1.953768768898016","60.47824795985667","55384.46017633651","-868.9477645298542","-1.5689378604815212","374400.0","1680091200000.0","1680465600000.0"
"0a34945a-459b-4f16-86b4-b7997e01f30e","SupertrendTrendTypeStrategy","BTC-USDT","Bybit Perpetual","long","28536.1","27896.8","1.9119276915918137","59.342593324757416","54558.95980003315","-1281.6379665594027","-2.3490879797870043","100800.0","1680667200000.0","1680768000000.0"
"72cf004e-69cf-42ad-b49e-0d1333b092d6","SupertrendTrendTypeStrategy","BTC-USDT","Bybit Perpetual","long","29164.9","30422.5","1.8289589106015007","59.94059840426674","53341.403731801714","2240.158127568178","4.199660996608932","244800.0","1681156800000.0","1681401600000.0"
"a155e15b-12e1-4d65-a6f7-e2986c9d35dd","SupertrendTrendTypeStrategy","BTC-USDT","Bybit Perpetual","long","30422.5","29966.5","1.823306893022976","60.55922397952048","55469.55395299149","-891.9871671979977","-1.608066233872956","302400.0","1681401600000.0","1681704000000.0"
"8d023e75-52e0-4d6c-aa44-41430d5dc1ef","SupertrendTrendTypeStrategy","BTC-USDT","Bybit Perpetual","long","30205.8","29299.9","1.8083337022741788","59.183389533079136","54622.16614415339","-1697.3528904232537","-3.1074433883558714","57600.0","1681848000000.0","1681905600000.0"
"4a45d6ac-5fb3-4c00-a045-99790bead295","SupertrendTrendTypeStrategy","BTC-USDT","Bybit Perpetual","short","28091.2","28286.7","1.8870564766991549","58.513554735733514","53009.6808982513","-427.4330959304183","-0.8063302564504186","446400.0","1682020800000.0","1682467200000.0"
"e74cb054-54f3-44d0-bc4e-99a8a813fcf1","SupertrendTrendTypeStrategy","BTC-USDT","Bybit Perpetual","long","28365.0","29803.0","1.8545256286662224","59.33072572254126","52603.6194571174","2607.4771282994866","4.956839767318879","28800.0","1682496000000.0","1682524800000.0"
"41e30d04-93b5-4d72-9ac0-f2e1e10f4900","SupertrendTrendTypeStrategy","BTC-USDT","Bybit Perpetual","long","29803.0","27871.9","1.8481603438916188","58.625854659853104","55080.722729001915","-3627.608294748956","-6.585985286716098","14400.0","1682524800000.0","1682539200000.0"
"d29e354e-d267-49ce-9610-40f8844c26b4","SupertrendTrendTypeStrategy","BTC-USDT","Bybit Perpetual","short","28054.4","29084.7","1.8405132474403447","57.84089877325023","51634.49484899041","-1954.121697611036","-3.7845275785616486","187200.0","1682985600000.0","1683172800000.0"
"ed1b9f37-b043-4d10-8886-88ed3eb2ec56","SupertrendTrendTypeStrategy","BTC-USDT","Bybit Perpetual","long","29347.4","28837.8","1.6961665849874243","54.28048558944566","49778.07923625994","-918.6469772990408","-1.8454849833375433","115200.0","1683302400000.0","1683417600000.0"
"20712430-5094-4b0f-b1f4-e24eae316d7b","SupertrendTrendTypeStrategy","BTC-USDT","Bybit Perpetual","short","27874.1","26294.1","1.7545091898151277","52.271232582659096","48905.364607825846","2719.8532873252425","5.561462038236212","316800.0","1683561600000.0","1683878400000.0"
"12c2b116-7b71-4482-b817-b745dbf331f5","SupertrendTrendTypeStrategy","BTC-USDT","Bybit Perpetual","short","26294.1","27216.3","1.9582045109277302","57.631368663850964","51489.225230784825","-1863.4875686414052","-3.619179663878972","244800.0","1683878400000.0","1684123200000.0"
"e577c156-f5fd-4b3b-a12e-40b5683ece9a","SupertrendTrendTypeStrategy","BTC-USDT","Bybit Perpetual","short","26719.3","27089.5","1.8607864742180928","55.069677978648585","49718.91204057549","-743.9328307341879","-1.4962773725359597","187200.0","1684440000000.0","1684627200000.0"
"6e9f146c-9143-4c54-9b58-58d6a1444675","SupertrendTrendTypeStrategy","BTC-USDT","Bybit Perpetual","short","26306.9","26689.9","1.8630920348417335","54.305853773655215","49012.175851378","-767.8701031180392","-1.566692540740262","201600.0","1684944000000.0","1685145600000.0"
"3eb8fc7b-3ff5-4959-82aa-0995945a6dc7","SupertrendTrendTypeStrategy","BTC-USDT","Bybit Perpetual","long","27518.4","27087.899999999998","1.7545605577873666","52.69553310268735","48282.69925341587","-808.033853230155","-1.6735473901099034","230400.0","1685304000000.0","1685534400000.0"
"f7fff2b8-80c6-42c8-a941-386315e15372","SupertrendTrendTypeStrategy","BTC-USDT","Bybit Perpetual","short","26900.1","27292.7","1.7663528051140045","52.647982363340226","47515.06709284723","-746.1180936511023","-1.5702768391195654","259200.0","1685548800000.0","1685808000000.0"
"5aa53e2a-391b-467a-9fe2-e22b838dff2d","SupertrendTrendTypeStrategy","BTC-USDT","Bybit Perpetual","short","25991.9","27221.5","1.800801592183668","52.704726495028524","46806.25490387868","-2266.970364244064","-4.843306453164249","115200.0","1685980800000.0","1686096000000.0"
"fa2b4d68-be22-40b8-b9d5-3d8776956491","SupertrendTrendTypeStrategy","BTC-USDT","Bybit Perpetual","short","25115.9","26371.2","1.777863148756239","50.34535974948005","44652.633057846826","-2282.0969703831856","-5.110778052946537","158400.0","1686787200000.0","1686945600000.0"
"2e3676f3-dc92-4b06-873d-8167c8ec970c","SupertrendTrendTypeStrategy","BTC-USDT","Bybit Perpetual","long","27054.2","28290.6","1.5703528818439574","47.8009763962926","42484.640935982796","1893.783326715573","4.457571689423445","28800.0","1687276800000.0","1687305600000.0"
"282ef4c3-e60d-46ce-b4a3-627a21d7accf","SupertrendTrendTypeStrategy","BTC-USDT","Bybit Perpetual","long","28290.6","29837.000000000004","1.5653162215139513","50.0434413587209","44283.73509636259","2370.5615635904614","5.3531201883311255","57600.0","1687305600000.0","1687363200000.0"
"dffa9bad-74d8-4ab9-95c6-7cf7641bc86a","SupertrendTrendTypeStrategy","BTC-USDT","Bybit Perpetual","long","29837.0","30080.4","1.559666473900644","51.398137990811954","46535.76858177352","328.2246817566071","0.7053169889734271","619200.0","1687363200000.0","1687982400000.0"
"cad1352f-3a35-4e0b-807a-f9f349fbeabc","SupertrendTrendTypeStrategy","BTC-USDT","Bybit Perpetual","long","30759.1","30395.0","1.5230478794711906","51.22734227928303","46847.582029442296","-605.7690751947413","-1.2930636949715646","446400.0","1688112000000.0","1688558400000.0"
"f532f7c9-404c-4688-b008-1a5aeb6a06c2","SupertrendTrendTypeStrategy","BTC-USDT","Bybit Perpetual","long","30396.9","30283.699999999997","1.5222638297986733","50.804535402764756","46272.10140800729","-223.12480093598123","-0.4822015731867538","187200.0","1689033600000.0","1689220800000.0"
"5baeb79d-d2ab-43e0-8fab-ff7aa82a9003","SupertrendTrendTypeStrategy","BTC-USDT","Bybit Perpetual","long","30915.4","30293.299999999996","1.4898766584652994","50.156377383752734","46060.13284711812","-977.0086466150242","-2.1211589854894513","115200.0","1689264000000.0","1689379200000.0"
"a154a148-bb25-43eb-8290-6ba6cfaa9e99","SupertrendTrendTypeStrategy","BTC-USDT","Bybit Perpetual","short","29259.6","29339.099999999995","1.5424672460605697","49.71261647645123","45131.974632833844","-172.3387625382609","-0.3818551347250009","475200.0","1690200000000.0","1690675200000.0"
"1312e41a-df0f-46cf-8900-e5139f9a7c37","SupertrendTrendTypeStrategy","BTC-USDT","Bybit Perpetual","short","28820.099999999995","29701.2","1.5603087015111845","50.221211487560566","44968.25280842248","-1425.0092083890743","-3.168922783057678","72000.0","1690862400000.0","1690934400000.0"
"2dd0957f-1d29-4174-a972-fa889532d7b1","SupertrendTrendTypeStrategy","BTC-USDT","Bybit Perpetual","long","29701.199999999997","29170.1","1.4684421525208702","47.547004171536045","43614.49406045287","-827.436631375368","-1.897159761221764","100800.0","1690934400000.0","1691035200000.0"
"1687c3b8-c3ca-4879-b966-05d96e9afd75","SupertrendTrendTypeStrategy","BTC-USDT","Bybit Perpetual","long","29517.5","29406.7","1.45095042807305","47.02285126762411","42828.429260646255","-207.788158698117","-0.4851640890996841","230400.0","1691510400000.0","1691740800000.0"
"909e0993-c9f4-4b40-947c-ca865daac597","SupertrendTrendTypeStrategy","BTC-USDT","Bybit Perpetual","short","29098.0","27920.900000000005","1.465084559415872","45.94563049168272","42631.03050988304","1678.6054043967326","3.937520121657828","86400.0","1692201600000.0","1692288000000.0"
"5cc1e452-b408-493f-b959-14b09b73822f","SupertrendTrendTypeStrategy","BTC-USDT","Bybit Perpetual","short","27920.9","26385.9","1.5839641861136262","47.31101444433952","44225.70564405995","2384.0740112400767","5.3906975061692135","43200.0","1692288000000.0","1692331200000.0"
"b29f450d-b785-4df6-ab67-2f57f35b0ca7","SupertrendTrendTypeStrategy","BTC-USDT","Bybit Perpetual","short","26385.9","26615.2","1.7619477052038404","51.361841585053604","46490.575954738015","-455.3764503882929","-0.9795027078856482","489600.0","1692331200000.0","1692820800000.0"
"ccb78117-aaff-419c-98db-efeb07d57fe1","SupertrendTrendTypeStrategy","BTC-USDT","Bybit Perpetual","long","27820.0","26148.699999999997","1.6555703927702783","49.141940020965734","46057.968326869144","-2816.0967374579363","-6.114244374550692","172800.0","1693339200000.0","1693512000000.0"
"e2df36bc-6d14-43a3-9231-50759102f6c6","SupertrendTrendTypeStrategy","BTC-USDT","Bybit Perpetual","short","25928.0","26240.7","1.6731979491778814","48.008709018201884","43382.67642628411","-571.2177077261266","-1.3166954065103391","604800.0","1693526400000.0","1694131200000.0"
"d4d0b2c9-5ecf-45c4-9029-a9e4e2aca24f","SupertrendTrendTypeStrategy","BTC-USDT","Bybit Perpetual","short","25102.5","26087.2","1.7066037089510722","48.04829253405099","42840.01960394429","-1728.540964738173","-4.034874355143913","72000.0","1694448000000.0","1694520000000.0"
"ba808477-7cfd-4dc7-a7fb-d6fbd3e9bc62","SupertrendTrendTypeStrategy","BTC-USDT","Bybit Perpetual","long","26679.9","26567.699999999997","1.5441551762728882","45.22240644025953","41197.90568744303","-218.47661721808433","-0.5303100086582196","604800.0","1694707200000.0","1695312000000.0"
"7ff36f51-5f44-49ff-9fec-7bdce6bb9d6f","SupertrendTrendTypeStrategy","BTC-USDT","Bybit Perpetual","short","26230.9","26755.800000000003","1.5626742849496527","45.540524443887975","40990.35290108585","-865.788256613963","-2.112175659241587","158400.0","1695657600000.0","1695816000000.0"
"8a84b0e0-b86e-4d37-9b32-8a2834862690","SupertrendTrendTypeStrategy","BTC-USDT","Bybit Perpetual","long","26755.8","26293.399999999998","1.5012765104127923","43.802834820904664","40167.85405730259","-737.993093235782","-1.8372728903639637","14400.0","1695816000000.0","1695830400000.0"
"a981813b-7eb4-42b8-8ad0-eb8e84d1bfd3","SupertrendTrendTypeStrategy","BTC-USDT","Bybit Perpetual","long","27012.300000000003","27981.4","1.46106627790779","44.192192312057706","39466.7606187286","1371.7271376083797","3.475651703113021","288000.0","1695916800000.0","1696204800000.0"
"e65e7a90-932d-41e7-b6eb-225643b61598","SupertrendTrendTypeStrategy","BTC-USDT","Bybit Perpetual","long","27981.4","27455.900000000005","1.4570357951873947","44.4257717686982","40769.90139945657","-810.0980821396688","-1.987000346658839","648000.0","1696204800000.0","1696852800000.0"
"0ec33dc2-a3ab-4df9-bdfd-f8f51adc927a","SupertrendTrendTypeStrategy","BTC-USDT","Bybit Perpetual","short","27000.7","27139.8","1.4814544890104286","44.11367771924802","40000.30822142388","-250.1839971405965","-0.6254551733843884","417600.0","1696996800000.0","1697414400000.0"
"7e8b4069-1870-4681-9326-17dc206514ab","SupertrendTrendTypeStrategy","BTC-USDT","Bybit Perpetual","long","27837.2","29222.8","1.4283991717608207","44.82745120736983","39762.63342414032","1934.3624411844212","4.864774474444264","331200.0","1697443200000.0","1697774400000.0"
"a23a97c8-d4a9-4870-bcce-f76c46aefae5","SupertrendTrendTypeStrategy","BTC-USDT","Bybit Perpetual","long","29829.900000000005","31339.899999999998","1.394583211585205","46.91850687481357","41600.27774326551","2058.902142618836","4.949250952902935","288000.0","1697803200000.0","1698091200000.0"
"8beb1f43-ef6a-43a0-897e-437c78b57686","SupertrendTrendTypeStrategy","BTC-USDT","Bybit Perpetual","long","31339.900000000005","34071.1","1.3898013324469258","49.99956222617723","43556.234778753416","3745.8258369528576","8.599976228386156","28800.0","1698091200000.0","1698120000000.0"
"109798e0-ab38-46e7-ab6a-aa0578648b2a","SupertrendTrendTypeStrategy","BTC-USDT","Bybit Perpetual","long","34071.1","35578.0","1.3828367538429531","52.97233444364578","47114.769323858636","2030.8243699223024","4.310377401962372","777600.0","1698120000000.0","1698897600000.0"
"b04db1ba-0b91-4240-a526-e70fbe2e6038","SupertrendTrendTypeStrategy","BTC-USDT","Bybit Perpetual","long","35578.0","34265.5","1.378493801655091","52.95335750974354","49044.05247528483","-1862.2264721820504","-3.7970485271797174","115200.0","1698897600000.0","1699012800000.0"
"3b43d3c5-ad55-42d5-8ab1-a1c975f76b16","SupertrendTrendTypeStrategy","BTC-USDT","Bybit Perpetual","long","34759.1","34633.3","1.3600736879468076","51.90832756091403","47274.93732671188","-223.0055975046165","-0.4717205566312006","273600.0","1699084800000.0","1699358400000.0"
"fe27e5c7-e951-419b-bd9c-a5901cef81b7","SupertrendTrendTypeStrategy","BTC-USDT","Bybit Perpetual","long","35473.4","37330.4","1.3267147217092945","53.12443029100854","47063.08200908249","2410.5848079231514","5.122029210619788","273600.0","1699387200000.0","1699660800000.0"
"d7205f4b-1ce2-463e-a5f7-b6b2aef6c24f","SupertrendTrendTypeStrategy","BTC-USDT","Bybit Perpetual","long","37330.4","36486.2","1.3220629186027872","53.674604300533986","49353.13757660949","-1169.7601201850127","-2.3701838983777415","259200.0","1699660800000.0","1699920000000.0"
"109f257b-2ceb-4505-9f36-84f9385320c0","SupertrendTrendTypeStrategy","BTC-USDT","Bybit Perpetual","long","37885.6","36176.0","1.2733562478206424","51.86874059597631","48241.86546243373","-2228.7985818701445","-4.620050573304893","86400.0","1700092800000.0","1700179200000.0"
"144366a4-1707-48aa-a066-dd7029530d00","SupertrendTrendTypeStrategy","BTC-USDT","Bybit Perpetual","long","38105.0","39416.4","1.2104581238592598","51.61002462161878","46124.50680965709","1535.7847590074161","3.329650255871937","345600.0","1701201600000.0","1701547200000.0"
"07bb174a-4364-46fe-bb52-189b68f3fbcf","SupertrendTrendTypeStrategy","BTC-USDT","Bybit Perpetual","long","39416.4","41471.9","1.2072006152442671","53.70662303933457","47583.50233071413","2427.6942415952562","5.101966275458945","129600.0","1701547200000.0","1701676800000.0"
"9b0dcc69-0f90-4df5-a746-d127152da431","SupertrendTrendTypeStrategy","BTC-USDT","Bybit Perpetual","long","41471.9","43834.0","1.2029786882257536","56.44164882395452","49889.81186022963","2785.1143106340965","5.582531195821746","129600.0","1701676800000.0","1701806400000.0"
"d1273f0f-cefa-4eb9-9b6e-5dbee18f8460","SupertrendTrendTypeStrategy","BTC-USDT","Bybit Perpetual","long","43834.0","42312.8","1.1985141774725558","56.78648862914103","52535.670455332016","-1879.9662554003896","-3.5784567687183397","460800.0","1701806400000.0","1702267200000.0"
"39ad442d-610b-4a27-bdc0-bfd2066f6851","SupertrendTrendTypeStrategy","BTC-USDT","Bybit Perpetual","long","43100.1","43008.4","1.1774845652957104","55.765286329921125","50749.702512701646","-163.74062096753434","-0.32264350894776833","504000.0","1702958400000.0","1703462400000.0"
"48a9a2d8-80e8-4e31-bd8b-ac2ab5334528","SupertrendTrendTypeStrategy","BTC-USDT","Bybit Perpetual","long","45435.0","42600.4","1.113550102845438","53.9175057982216","50594.14892278247","-3210.3866273238987","-6.345371343677779","144000.0","1704168000000.0","1704312000000.0"
"4784e5a0-d497-47da-91ec-e02fca41468a","SupertrendTrendTypeStrategy","BTC-USDT","Bybit Perpetual","long","47006.7","44495.1","1.01143627667598","50.9015319456326","47544.281626824784","-2591.2248844450223","-5.450129428358083","331200.0","1704744000000.0","1705075200000.0"
"3b537c21-44dd-48fb-8350-c3d6e54cc23c","SupertrendTrendTypeStrategy","BTC-USDT","Bybit Perpetual","short","42788.9","41199.6","1.0536054440895186","48.6699074625019","45082.617986602","1625.8252248289732","3.6063238947484115","792000.0","1705104000000.0","1705896000000.0"
"21b82a44-8cf8-4969-9c55-825ef9752018","SupertrendTrendTypeStrategy","BTC-USDT","Bybit Perpetual","short","39812.5","41272.0","1.171168651810098","52.229993501232755","46627.15195018953","-1761.5506408180709","-3.7779503296703294","316800.0","1705953600000.0","1706270400000.0"
"842f9060-e74b-4eae-a477-d12a5f63af32","SupertrendTrendTypeStrategy","BTC-USDT","Bybit Perpetual","long","42986.7","42182.2","1.0457578469948232","48.98632502220457","44953.678841412366","-890.2985129295399","-1.9804797646713987","216000.0","1706558400000.0","1706774400000.0"
"808ff125-1755-4722-b753-bcad87676618","SupertrendTrendTypeStrategy","BTC-USDT","Bybit Perpetual","long","43206.3","42623.9","1.0208672173763849","48.191680592472224","44107.895254129304","-642.7447479924803","-1.4572101985127202","259200.0","1706817600000.0","1707076800000.0"
"1b721515-ba2e-40ee-a5ad-27621ea57eb6","SupertrendTrendTypeStrategy","BTC-USDT","Bybit Perpetual","long","43232.0","44677.9","1.0061363745266572","48.64714143905054","43497.28774353644","1406.1254424890444","3.2326738411361986","158400.0","1707235200000.0","1707393600000.0"
"f50bb66f-53d4-4a0d-952f-980180ac7077","SupertrendTrendTypeStrategy","BTC-USDT","Bybit Perpetual","long","45406.3","47486.19999999999","0.9873763533672868","50.44592184784388","44833.106913901036","2003.1981555207628","4.468122540264207","100800.0","1707408000000.0","1707508800000.0"
"f95355fb-fa68-4166-b0e9-3b5bd6a7b605","SupertrendTrendTypeStrategy","BTC-USDT","Bybit Perpetual","long","47486.2","49925.4","0.9842047828978898","52.73012944635485","46736.14516164577","2347.9421769981823","5.023825069178002","244800.0","1707508800000.0","1707753600000.0"
"cafc6a21-40a0-4682-b101-cca8e8822d1d","SupertrendTrendTypeStrategy","BTC-USDT","Bybit Perpetual","long","49925.4","52379.9","0.9807971539495737","55.18741089067653","48966.69022979405","2352.179203478552","4.803631187732097","216000.0","1707753600000.0","1707969600000.0"
"fb2ad2ae-de65-4edf-9764-1fc88fde1e84","SupertrendTrendTypeStrategy","BTC-USDT","Bybit Perpetual","long","52379.9","50988.1","0.977498247860318","55.57312138665395","51201.26047309867","-1416.0551827586473","-2.7656646919906356","547200.0","1707969600000.0","1708516800000.0"
"561f66a7-53b2-4caa-9496-bd9730d751f8","SupertrendTrendTypeStrategy","BTC-USDT","Bybit Perpetual","long","52872.3","55774.3","0.9429513762306151","56.34665354602744","49856.008049477954","2680.0982402752174","5.3756775665140335","43200.0","1708963200000.0","1709006400000.0"
"73ad8c36-9260-450d-9b5c-32191d7a1c21","SupertrendTrendTypeStrategy","BTC-USDT","Bybit Perpetual","long","55774.3","58997.4","0.939538485964672","59.30783608727536","52402.10137773941","2968.9186580254577","5.6656480941939185","115200.0","1709006400000.0","1709121600000.0"
"57fd9262-c9b1-425f-aed3-45f5c8f60634","SupertrendTrendTypeStrategy","BTC-USDT","Bybit Perpetual","long","58997.4","62210.7","0.9360170804622509","62.3990685397071","55222.5741028636","2945.3046161096395","5.3335156210273595","360000.0","1709121600000.0","1709481600000.0"
"dde6be35-66d6-49f0-86c5-bd0b3ad5103b","SupertrendTrendTypeStrategy","BTC-USDT","Bybit Perpetual","long","67483.2","61510.2","0.8597786336179635","60.998173058754475","58020.61348816775","-5196.45595165885","-8.956223726794224","86400.0","1709582400000.0","1709668800000.0"
"11fa528a-fc66-4076-97fb-42b34d8dbff1","SupertrendTrendTypeStrategy","BTC-USDT","Bybit Perpetual","long","71779.2","69500.4","0.7395454440017699","57.46547648071585","53083.980334091844","-1742.7416342719512","-3.282989751905848","187200.0","1710259200000.0","1710446400000.0"
"ce49ed25-8378-4dd7-89c5-23217a7f2b94","SupertrendTrendTypeStrategy","BTC-USDT","Bybit Perpetual","short","61974.1","67031.8","0.829836589503252","58.87959884498868","51428.37578153349","-4255.944117575589","-8.2754783772576","115200.0","1710892800000.0","1711008000000.0"
"7d11a2c1-ef3f-4614-b89b-f05e3b2ee5c4","SupertrendTrendTypeStrategy","BTC-USDT","Bybit Perpetual","long","68922.0","71363.0","0.6875196435076852","53.046781254211595","47385.22886983668","1625.188668548048","3.429736876469052","374400.0","1711555200000.0","1711929600000.0"
"722c11de-29bf-4a3e-8f7b-91caac9da152","SupertrendTrendTypeStrategy","BTC-USDT","Bybit Perpetual","short","64928.3","68489.9","0.7535875435666316","55.29826148279487","48929.15810495733","-2739.2756566497033","-5.598452462177496","201600.0","1712073600000.0","1712275200000.0"
"5f286817-8592-4d95-9a11-1ae5454acf4b","SupertrendTrendTypeStrategy","BTC-USDT","Bybit Perpetual","long","71815.7","69193.1","0.6450796445782763","50.029048622525096","46326.846231140116","-1741.8149244935069","-3.7598391995065024","129600.0","1712592000000.0","1712721600000.0"
"85196e0f-08d8-44f9-bb89-cbb30efcefc5","SupertrendTrendTypeStrategy","BTC-USDT","Bybit Perpetual","long","70681.7","66867.5","0.6320182176273532","47.813480121037585","44672.12205287129","-2458.4573657952865","-5.503336875032714","158400.0","1712793600000.0","1712952000000.0"
"f66350ad-63c9-4184-911b-29f010184874","SupertrendTrendTypeStrategy","BTC-USDT","Bybit Perpetual","short","66867.5","60272.0","0.6331414746381391","44.27350978311563","42336.58755536577","4131.611086192731","9.758961042359891","417600.0","1712952000000.0","1713369600000.0"
"0d98c311-0e65-4d62-8ff5-c06fb557f4c7","SupertrendTrendTypeStrategy","BTC-USDT","Bybit Perpetual","short","60272.0","64839.80000000001","0.7675474198176411","52.81608160330742","46261.61808724886","-3558.819185846336","-7.69281173679322","158400.0","1713369600000.0","1713528000000.0"
"f339df33-8ac2-49f8-98be-a8425824d202","SupertrendTrendTypeStrategy","BTC-USDT","Bybit Perpetual","short","61182.3","56865.2","0.7008683861295645","45.50466844639637","42880.739860694855","2980.2142413135507","6.950006578700059","100800.0","1714478400000.0","1714579200000.0"
"f04677db-2257-44a9-99c9-d4951041a597","SupertrendTrendTypeStrategy","BTC-USDT","Bybit Perpetual","short","56865.2","61662.1","0.8038649893070406","52.40397071090082","45711.943389942724","-3908.463937917845","-8.550202962444521","172800.0","1714579200000.0","1714752000000.0"
"7002aa55-9150-4a7f-8c70-5879880d1954","SupertrendTrendTypeStrategy","BTC-USDT","Bybit Perpetual","short","60893.8","62296.6","0.6897073700265177","46.730929738083105","41998.90264892077","-1014.2524284112791","-2.414949830688831","230400.0","1715356800000.0","1715587200000.0"
"18426d45-71ad-43c1-9eb5-06fdde6ba856","SupertrendTrendTypeStrategy","BTC-USDT","Bybit Perpetual","long","64685.5","67133.0","0.6343827108382876","45.992857552750245","41035.36284193005","1506.6588272239587","3.67161083241221","302400.0","1715788800000.0","1716091200000.0"
"3230b636-036b-4385-8248-2e9fc879e7de","SupertrendTrendTypeStrategy","BTC-USDT","Bybit Perpetual","long","69996.4","67239.0","0.6066981834464746","45.79325733650268","42466.68872779281","-1718.7028283718082","-4.0471788120531835","259200.0","1716235200000.0","1716494400000.0"
"10fb2337-0a90-4e4a-b40f-1aab5d9c8c0d","SupertrendTrendTypeStrategy","BTC-USDT","Bybit Perpetual","long","69650.0","69377.0","0.5862730946279913","44.82928423976516","40833.92104083959","-204.88183907320678","-0.5017442211055277","374400.0","1717430400000.0","1717804800000.0"
"1e3e7db4-810f-40d1-87b5-6340027d8aea","SupertrendTrendTypeStrategy","BTC-USDT","Bybit Perpetual","short","67582.0","65341.899999999994","0.6013329480293576","43.96233635780774","40639.283293720044","1303.0836005227595","3.206463044893619","547200.0","1718092800000.0","1718640000000.0"
"75e1cc93-a881-4236-95af-7af2de9a1a5c","SupertrendTrendTypeStrategy","BTC-USDT","Bybit Perpetual","short","65474.90000000001","63194.90000000001","0.639591854500223","45.26288580009505","41877.21271421666","1413.0065424604134","3.374165687920103","504000.0","1718683200000.0","1719187200000.0"
"261a009d-d24c-46ad-9290-6915cc19b86a","SupertrendTrendTypeStrategy","BTC-USDT","Bybit Perpetual","short","61257.299999999996","61555.6","0.7055415261455215","47.65728049299652","43219.56892955405","-258.12031774220765","-0.5972301995027579","518400.0","1719230400000.0","1719748800000.0"
"e1054e2b-7689-48dd-bcec-5a4be375f480","SupertrendTrendTypeStrategy","BTC-USDT","Bybit Perpetual","short","60983.5","57748.4","0.7046882292373997","46.01793480074561","42974.354627698965","2233.7189556051653","5.197795231497042","115200.0","1719979200000.0","1720094400000.0"
"543be81a-3615-4f18-86ee-2a65519014e7","SupertrendTrendTypeStrategy","BTC-USDT","Bybit Perpetual","short","57748.4","57445.3","0.7809114648288761","49.47584455333196","45096.38763552387","187.21842043629923","0.4151517011726706","446400.0","1720094400000.0","1720540800000.0"
"d003dc9c-5453-40a1-a38d-2664d04b8302","SupertrendTrendTypeStrategy","BTC-USDT","Bybit Perpetual","long","62617.3","65791.5","0.7230309376951473","51.06394428976975","45274.24513493835","2243.980858142165","4.9564180506026245","388800.0","1721016000000.0","1721404800000.0"
"ec125d0e-c85d-46bf-96f3-bc72b1b8d9f0","SupertrendTrendTypeStrategy","BTC-USDT","Bybit Perpetual","long","67107.8","65516.100000000006","0.7064160492546828","51.52820831111148","47406.02695017341","-1175.9306339097882","-2.4805509121145337","345600.0","1721419200000.0","1721764800000.0"
"b142e700-7888-4867-9b2c-ec4c0b98ccf9","SupertrendTrendTypeStrategy","BTC-USDT","Bybit Perpetual","long","66873.8","66585.6","0.6921827808193808","50.80806424016734","46288.892847959105","-250.29514167231088","-0.5407239756077823","331200.0","1721980800000.0","1722312000000.0"
"09a5606c-1d26-4ce2-ac64-9b2ede34b625","SupertrendTrendTypeStrategy","BTC-USDT","Bybit Perpetual","short","63912.8","60346.0","0.7205303548486439","49.24273049138668","46051.11246337041","2520.7449391827586","5.473798143720824","273600.0","1722484800000.0","1722758400000.0"
"258643ba-5a0f-46cf-8ef2-7fc4fe14d741","SupertrendTrendTypeStrategy","BTC-USDT","Bybit Perpetual","short","59070.0","53864.1","0.8201425453799566","50.942133128807","48445.82015559403","4218.63794386471","8.707950304723212","43200.0","1722787200000.0","1722830400000.0"
"77454fad-88c3-4472-9c60-12bbc76e997f","SupertrendTrendTypeStrategy","BTC-USDT","Bybit Perpetual","short","53864.1","59391.299999999996","0.9738123574378018","60.659229436608676","52453.5262022655","-5443.114891466824","-10.377023787643342","302400.0","1722830400000.0","1723132800000.0"
"02ea4b7b-a6f8-4c01-bc0f-c40375423e5c","SupertrendTrendTypeStrategy","BTC-USDT","Bybit Perpetual","short","57002.4","59106.5","0.8294837946362259","52.97074802967096","47282.567055372005","-1798.2876003237525","-3.8032782742480986","144000.0","1723752000000.0","1723896000000.0"
"22003ed8-fdca-47a2-ac85-5584bac26742","SupertrendTrendTypeStrategy","BTC-USDT","Bybit Perpetual","long","61538.1","64099.9","0.7405850007566767","51.17509007878704","45574.19383506444","1846.0555648596694","4.050659835126536","331200.0","1724270400000.0","1724601600000.0"
"f3c07757-dd0d-4c5f-92f4-e3b6b4005bbb","SupertrendTrendTypeStrategy","BTC-USDT","Bybit Perpetual","short","59384.5","59078.0","0.7969747429326024","51.92639126655938","47327.94662168113","192.34636744228328","0.4064118162146689","547200.0","1724803200000.0","1725350400000.0"
"16c915d6-8f70-4c38-8b12-cb9e334b6d12","SupertrendTrendTypeStrategy","BTC-USDT","Bybit Perpetual","short","57695.1","54022.1","0.8234785219325611","50.59819310174437","47510.675670751305","2974.0384179565526","6.259726631897683","259200.0","1725379200000.0","1725638400000.0"
"ab1f19c3-c9cf-44aa-94d4-199548cce6aa","SupertrendTrendTypeStrategy","BTC-USDT","Bybit Perpetual","short","54022.1","57060.1","0.9317670391897025","56.926502930373104","50336.012167810026","-2887.6347679886894","-5.736717398990414","273600.0","1725638400000.0","1725912000000.0"
"88619467-0614-4843-9439-7bb5a6569786","SupertrendTrendTypeStrategy","BTC-USDT","Bybit Perpetual","long","59623.5","58630.0","0.7982214921670274","51.91586687318547","47592.75913822076","-844.9489193411272","-1.775372839568291","244800.0","1726243200000.0","1726488000000.0"
"a2bfc434-029d-4418-9900-c6b83d157f58","SupertrendTrendTypeStrategy","BTC-USDT","Bybit Perpetual","short","58187.00000000001","61102.99999999999","0.8041324980639437","52.75873113172632","46790.057664846696","-2397.6090954861743","-5.124184955402384","57600.0","1726531200000.0","1726588800000.0"
"d0c8f59d-620d-49c3-ad10-1ca6a74cb6c6","SupertrendTrendTypeStrategy","BTC-USDT","Bybit Perpetual","long","61102.99999999999","63320.600000000006","0.7284802550469669","49.85207472402399","44512.329024134815","1565.6257388681393","3.5172855997250756","374400.0","1726588800000.0","1726963200000.0"
"12f61db4-8e43-45b7-939b-67292560990c","SupertrendTrendTypeStrategy","BTC-USDT","Bybit Perpetual","long","64320.1","64539.1","0.7151679409089777","50.685782802147976","45999.673476059535","105.93599625691814","0.2302972787666686","619200.0","1727064000000.0","1727683200000.0"
"3bc10662-b586-4c4e-8f65-21b0f27158fa","SupertrendTrendTypeStrategy","BTC-USDT","Bybit Perpetual","short","60776.8","62042.99999999999","0.7585182614501522","51.23858364221047","46100.31267250361","-1011.6744062903854","-2.1945066044938026","288000.0","1727827200000.0","1728115200000.0"
"fc91dffa-eaa6-41ac-bf29-9180215ca2fd","SupertrendTrendTypeStrategy","BTC-USDT","Bybit Perpetual","long","63620.0","62228.3","0.7095130774367769","49.11005804275271","45139.22198652775","-1036.539407911513","-2.2963165121031075","100800.0","1728316800000.0","1728417600000.0"
"bb7659a0-2103-4fe9-b63f-55e1cfc1ca37","SupertrendTrendTypeStrategy","BTC-USDT","Bybit Perpetual","short","61013.7","63042.399999999994","0.7236818870026209","49.37743389820221","44154.50954901181","-1517.5108780604173","-3.436819689676249","172800.0","1728504000000.0","1728676800000.0"
"f2b776cd-585d-4979-90ab-46c49d0a6859","SupertrendTrendTypeStrategy","BTC-USDT","Bybit Perpetual","long","63042.4","65850.9","0.6775261445448524","48.03071933366466","42712.874214854404","1854.8014576205485","4.342488047726598","244800.0","1728676800000.0","1728921600000.0"
"ed6cc04b-3b7e-45b8-813a-e02aee14e6f1","SupertrendTrendTypeStrategy","BTC-USDT","Bybit Perpetual","long","65850.9","68710.0","0.6753884244496875","49.98448083394258","44474.935599593926","1881.018563510163","4.229390190566881","345600.0","1728921600000.0","1729267200000.0"
"9182eb21-f02a-4efd-a44e-843d3227e325","SupertrendTrendTypeStrategy","BTC-USDT","Bybit Perpetual","long","70927.5","69397.7","0.6522421237873685","50.33930355788799","46261.90323492858","-1048.1393045278062","-2.26566403722111","259200.0","1730174400000.0","1730433600000.0"
"85df3422-ccd5-4fdd-afcb-40ccce959a80","SupertrendTrendTypeStrategy","BTC-USDT","Bybit Perpetual","long","74367.1","78858.2","0.608685438797898","51.29630493099177","45266.17089562717","2682.3708692542427","5.925773742689968","360000.0","1730865600000.0","1731225600000.0"
"c971bc91-9890-4d89-96c6-909479badb2b","SupertrendTrendTypeStrategy","BTC-USDT","Bybit Perpetual","long","79793.4","84114.2","0.5992277960510356","54.019894447208095","47814.4232214187","2535.1235667301085","5.302005955379773","72000.0","1731268800000.0","1731340800000.0"
"e5e8b32d-7edc-4483-a744-ffb9d5d063d6","SupertrendTrendTypeStrategy","BTC-USDT","Bybit Perpetual","long","84114.2","92608.1","0.5970786218000326","58.034409028932544","50222.7906098123","5013.491696678369","9.982503233698958","172800.0","1731340800000.0","1731513600000.0"
"255f7232-cf97-4372-8bb3-6f8104e5e9c1","SupertrendTrendTypeStrategy","BTC-USDT","Bybit Perpetual","long","92608.1","98014.0","0.5937451229606994","62.2495182119397","54985.60772165675","3147.4772420013014","5.724183786299463","676800.0","1731513600000.0","1732190400000.0"
"59b88ff2-ca0b-4d9c-8245-225d67a3331a","SupertrendTrendTypeStrategy","BTC-USDT","Bybit Perpetual","long","96684.0","96396.8","0.5996412136605641","63.67856288560397","57975.71110155798","-235.89551944891622","-0.40688680650365844","273600.0","1732204800000.0","1732478400000.0"
"e755e0af-60dc-412f-86c6-b2e17e2e619d","SupertrendTrendTypeStrategy","BTC-USDT","Bybit Perpetual","long","103084.8","98157.4","0.5602340049947374","62.00849802397357","57751.61035808151","-2822.5055342350474","-4.887319187697903","374400.0","1733371200000.0","1733745600000.0"
"9bdf9f56-8df9-4e90-b12d-cd6744b77cc6","SupertrendTrendTypeStrategy","BTC-USDT","Bybit Perpetual","long","106281.2","102782.1","0.5181558930512471","59.58005950365744","55070.230100558205","-1872.6593448792717","-3.400493045806776","187200.0","1734364800000.0","1734552000000.0"
"1bb8f2f5-7e0a-43fd-9280-957475f40d19","SupertrendTrendTypeStrategy","BTC-USDT","Bybit Perpetual","short","92715.1","98627.2","0.5747845143123709","60.48932503510159","53291.2037229229","-3458.672852101264","-6.490138353946649","388800.0","1734696000000.0","1735084800000.0"
"0433f60f-9be0-4787-9ace-cb0da528022c","SupertrendTrendTypeStrategy","BTC-USDT","Bybit Perpetual","short","92759.3","94612.1","0.5390884203894023","55.55536362868297","50005.46451342668","-1054.3783889261692","-2.1085263364428184","158400.0","1735603200000.0","1735761600000.0"
"c363805a-0540-4746-a2f8-cd22a6c0e1ae","SupertrendTrendTypeStrategy","BTC-USDT","Bybit Perpetual","long","102104.5","97915.3","0.4799377602744917","52.79838015240348","49003.805043946835","-2063.353645494303","-4.210598837465535","86400.0","1736179200000.0","1736265600000.0"
"5dbe8a05-4f8b-4d3f-98ec-092dab0bd3c2","SupertrendTrendTypeStrategy","BTC-USDT","Bybit Perpetual","short","96504.1","90827.5","0.4874779318259767","50.226011513508126","47043.61908072724","2716.991216289834","5.775472358169244","460800.0","1736308800000.0","1736769600000.0"
"b6864aa8-e4b0-4b2e-9039-b70a00fe6c1e","SupertrendTrendTypeStrategy","BTC-USDT","Bybit Perpetual","short","92093.6","96508.4","0.5388513505412166","55.895643328126","49624.76073620259","-2434.8165856974824","-4.906455063109692","72000.0","1736784000000.0","1736856000000.0"
"e4651b7c-7149-4925-90e0-5836aebff25a","SupertrendTrendTypeStrategy","BTC-USDT","Bybit Perpetual","long","96508.4","101406.9","0.49023385508194084","53.363629274284364","47311.68497978998","2348.046909844603","4.962932330242756","244800.0","1736856000000.0","1737100800000.0"
"88dbbbde-c341-4fb9-8a2e-b42c4313527e","SupertrendTrendTypeStrategy","BTC-USDT","Bybit Perpetual","long","105770.9","101980.7","0.4683928145089278","53.520146153503134","49542.32954414235","-1828.82259170524","-3.6914343926354007","302400.0","1737144000000.0","1737446400000.0"
"995be07a-2a8b-42e6-bb85-0d71ac6fa6b1","SupertrendTrendTypeStrategy","BTC-USDT","Bybit Perpetual","long","106989.9","102417.0","0.44681739194094366","51.4616547018409","47804.94808202237","-2094.7129063085795","-4.381790986812768","115200.0","1737489600000.0","1737604800000.0"
"1951a692-7014-4cfa-8982-7f9d64ac7de8","SupertrendTrendTypeStrategy","BTC-USDT","Bybit Perpetual","short","99660.4","103698.2","0.4597108863804402","51.41738924249697","45814.97082102922","-1907.6380062694398","-4.1637874521876315","187200.0","1738008000000.0","1738195200000.0"
"19466c47-18c2-46be-add4-ad9f3552bb80","SupertrendTrendTypeStrategy","BTC-USDT","Bybit Perpetual","long","105155.7","102379.7","0.4184529675050735","47.764092195793836","44002.714715073256","-1209.389529989878","-2.748442994530967","158400.0","1738209600000.0","1738368000000.0"
"cd8f01e3-10c2-4f50-991f-6377bf15e28f","SupertrendTrendTypeStrategy","BTC-USDT","Bybit Perpetual","short","98232.0","97627.2","0.43625086185339673","46.99405964105424","42853.79466158287","216.85046160788139","0.5060239433178628","662400.0","1738526400000.0","1739188800000.0"
"a037179e-2555-45a2-933e-072b68dd0624","SupertrendTrendTypeStrategy","BTC-USDT","Bybit Perpetual","short","95762.1","97463.4","0.44965390901108426","47.7865307675917","43059.80260011036","-812.7827261681441","-1.8875672369340148","43200.0","1739376000000.0","1739419200000.0"
"5d2df544-430c-4307-a848-9e13a82eef0f","SupertrendTrendTypeStrategy","BTC-USDT","Bybit Perpetual","short","96018.5","96844.60000000002","0.4404115770424514","46.716528113362806","42287.659010250616","-410.54053190814085","-0.9708282310180021","100800.0","1739433600000.0","1739534400000.0"
"10000b2a-a11c-4394-8251-76bb78e33fc6","SupertrendTrendTypeStrategy","BTC-USDT","Bybit Perpetual","short","94062.1","96598.0","0.44542536797432636","46.70866486028703","41897.645504937886","-1176.2628555063786","-2.8074676782678614","100800.0","1739908800000.0","1740009600000.0"
"22df038a-f932-4174-98c9-c6e24fc90346","SupertrendTrendTypeStrategy","BTC-USDT","Bybit Perpetual","long","98370.0","96249.9","0.4145592740897308","44.37481645707881","40780.19579220682","-923.2819334547196","-2.26404487648674","115200.0","1740081600000.0","1740196800000.0"
"749fd4a7-e252-43d0-b302-398fed9cf5a6","SupertrendTrendTypeStrategy","BTC-USDT","Bybit Perpetual","short","96249.9","91514.5","0.41457786403336355","42.81363014142835","39903.07795542484","1920.378387202159","4.812607161150292","244800.0","1740196800000.0","1740441600000.0"
"b9853f0b-979f-45df-8520-f028db45003b","SupertrendTrendTypeStrategy","BTC-USDT","Bybit Perpetual","short","91514.5","83832.0","0.45596531066953205","43.97355674102331","41727.43742326689","3458.9799424776566","8.289461697326653","158400.0","1740441600000.0","1740600000000.0"
"d337640c-b5d3-4b5d-aad7-3460f11d6ff2","SupertrendTrendTypeStrategy","BTC-USDT","Bybit Perpetual","short","83832.0","86191.4","0.5369485204769141","50.21159719205001","45013.46836862066","-1317.087936405278","-2.925986341731074","302400.0","1740600000000.0","1740902400000.0"
"d3b4f482-1351-4cb8-9bd4-b215ceb8cd9c","SupertrendTrendTypeStrategy","BTC-USDT","Bybit Perpetual","long","94222.8","85552.0","0.4644548328964502","45.923501081146014","43762.234829035646","-4073.118466159687","-9.307382225958051","72000.0","1740960000000.0","1741032000000.0"
"58802ae4-172d-4748-b784-f45783d996df","SupertrendTrendTypeStrategy","BTC-USDT","Bybit Perpetual","short","83929.0","89777.6","0.4753157107338816","45.41101182099135","39892.77228618395","-2825.342477619174","-7.082341776978167","115200.0","1741060800000.0","1741176000000.0"
"5ea1e353-57dc-46c1-b845-418bf84d1fac","SupertrendTrendTypeStrategy","BTC-USDT","Bybit Perpetual","short","79037.1","83537.1","0.4707750781904414","42.09473494421166","37208.69693244574","-2160.582586801198","-5.806660176043908","201600.0","1741636800000.0","1741838400000.0"
"71557188-5439-466d-8629-89756862933e","SupertrendTrendTypeStrategy","BTC-USDT","Bybit Perpetual","long","87463.4","85175.1","0.4019526278990366","38.16587431335131","35156.143474984594","-957.954072734712","-2.7248553966573312","288000.0","1742860800000.0","1743148800000.0"
"5507aa4b-cf74-4949-ad01-2d7ea03824ad","SupertrendTrendTypeStrategy","BTC-USDT","Bybit Perpetual","short","85175.1","82352.8","0.4020668846398374","37.04658146378982","34246.08710588662","1097.7067870552246","3.205349515292619","230400.0","1743148800000.0","1743379200000.0"
"3fcf06ca-fbff-41c9-9a50-f28613e080fe","SupertrendTrendTypeStrategy","BTC-USDT","Bybit Perpetual","short","83373.4","85245.40000000001","0.4232633976015022","39.253591403118506","35288.908553589084","-831.6026717131368","-2.3565553761751525","86400.0","1743436800000.0","1743523200000.0"
"b3aa8667-64e7-4a03-a8c0-3ee037f7a306","SupertrendTrendTypeStrategy","BTC-USDT","Bybit Perpetual","long","86709.5","83058.1","0.3978674310826566","37.14974939118741","34498.88601546161","-1489.9228872463975","-4.318756514568755","72000.0","1743609600000.0","1743681600000.0"
"d3d9da66-be75-445d-9fad-dd6871d712eb","SupertrendTrendTypeStrategy","BTC-USDT","Bybit Perpetual","short","83058.1","78390.0","0.3983170728993021","35.3691440394346","33083.45927257753","1824.0147839618","5.513373825069446","302400.0","1743681600000.0","1743984000000.0"
"1852ab4e-db5a-4a02-a2e9-686270250c3e","SupertrendTrendTypeStrategy","BTC-USDT","Bybit Perpetual","short","78390.0","82588.0","0.44414176957955404","39.3233795808576","34816.27331734124","-1903.8305282758254","-5.468220308712846","259200.0","1743984000000.0","1744243200000.0"
"d476f562-03fc-4bc0-b541-eab41aa26a62","SupertrendTrendTypeStrategy","BTC-USDT","Bybit Perpetual","long","86936.4","90881.2","0.37967565157378497","37.132157227707665","33007.6343154792","1460.6123531005603","4.425074330200012","100800.0","1745236800000.0","1745337600000.0"
"9a66ce3b-1fdc-4843-8d98-8bfcf6c2376a","SupertrendTrendTypeStrategy","BTC-USDT","Bybit Perpetual","long","90881.2","94602.3","0.37846348915864597","38.60930292524674","34395.21605092473","1369.691186582993","3.9822142258244897","244800.0","1745337600000.0","1745582400000.0"
"7a870a70-efed-4c86-a948-6cbd02100c26","SupertrendTrendTypeStrategy","BTC-USDT","Bybit Perpetual","long","94999.8","94125.10000000002","0.37575260872316124","39.08529600222886","35696.42267817858","-367.75610285237144","-1.030232374173401","460800.0","1745596800000.0","1746057600000.0"
"29aca58c-51d0-4ade-8b90-d2bc49647043","SupertrendTrendTypeStrategy","BTC-USDT","Bybit Perpetual","long","96129.9","95376.0","0.36770093779842505","38.729294463162276","35347.05438046882","-315.9390314693928","-0.8938199717257524","259200.0","1746100800000.0","1746360000000.0"
"4596df8c-7efe-4614-b5f0-16e12245aa53","SupertrendTrendTypeStrategy","BTC-USDT","Bybit Perpetual","long","96798.9","100730.8","0.3620589934448934","39.334572396609474","35046.91230057289","1384.2451839293701","3.949692264064993","144000.0","1746576000000.0","1746720000000.0"
"e21cfdc9-1bf9-444f-8a7e-2020c38be6d6","SupertrendTrendTypeStrategy","BTC-USDT","Bybit Perpetual","long","100730.8","104788.8","0.36098140018053854","40.80381413489931","36361.94522530579","1424.0587077977261","3.9163435811092535","201600.0","1746720000000.0","1746921600000.0"
"2ad4f9a9-5773-4c6e-a96f-0eb5ce4b0a37","SupertrendTrendTypeStrategy","BTC-USDT","Bybit Perpetual","long","103947.8","101681.3","0.36282442723861036","41.03399323710002","37714.800997713624","-863.3755575734104","-2.2892220951285163","172800.0","1746936000000.0","1747108800000.0"
"5f92d1b8-16d7-4a51-9927-00303a64a866","SupertrendTrendTypeStrategy","BTC-USDT","Bybit Perpetual","long","103685.5","101733.9","0.35583176257064764","40.20211094251269","36894.59421801889","-734.6433787753907","-1.9911951719382224","158400.0","1747137600000.0","1747296000000.0"
"a5a75968-be99-416d-a230-8cc3f4cdcad6","SupertrendTrendTypeStrategy","BTC-USDT","Bybit Perpetual","long","106407.6","111662.7","0.34017009131098025","40.799546624767075","36196.68300818226","1746.828300223562","4.8259347405636355","345600.0","1747612800000.0","1747958400000.0"
"c24ec547-b896-4ef5-a5ec-900533b3e674","SupertrendTrendTypeStrategy","BTC-USDT","Bybit Perpetual","long","111662.7","107550.6","0.3390225195467658","40.875034906288576","37856.169893394646","-1434.9695375345414","-3.7905829923510637","115200.0","1747958400000.0","1748073600000.0"
"858dbc93-59dc-462d-bc3c-ae40ddfd5508","SupertrendTrendTypeStrategy","BTC-USDT","Bybit Perpetual","long","109152.20000000001","107698.90000000001","0.3343308594122412","39.87500804511943","36492.94883273684","-525.7580460289306","-1.4407113232715447","43200.0","1748088000000.0","1748131200000.0"
"84778548-847c-4ad9-b1f2-ee9205af145c","SupertrendTrendTypeStrategy","BTC-USDT","Bybit Perpetual","short","101872.9","104813.59999999999","0.3533175033694864","40.16427698809755","35993.47868900935","-1079.1650591467453","-2.9982238406877566","129600.0","1749153600000.0","1749283200000.0"
"b7b02b25-f74b-4500-9139-d9d51a6a54e8","SupertrendTrendTypeStrategy","BTC-USDT","Bybit Perpetual","long","110227.9","106862.9","0.31723612518082933","37.87797431242351","34968.271882819936","-1105.3775355459143","-3.161087111339325","216000.0","1749513600000.0","1749729600000.0"
"87c61cf8-60e4-48c0-86fa-a74c17b8fe7d","SupertrendTrendTypeStrategy","BTC-USDT","Bybit Perpetual","short","104233.89999999998","107023.79999999999","0.3254043379749901","37.80929460584048","33918.16322405131","-945.6548571222681","-2.7880485475454813","273600.0","1749787200000.0","1750060800000.0"
"10cd9fb2-5e88-48fe-ac57-23ff63f384c2","SupertrendTrendTypeStrategy","BTC-USDT","Bybit Perpetual","long","106750.1","104199.2","0.30931859651452465","35.88779777644678","33019.79110978516","-824.9286056253503","-2.498285355236209","57600.0","1750118400000.0","1750176000000.0"
"80d74546-bb56-42f0-b6d8-b377a9ab5cc7","SupertrendTrendTypeStrategy","BTC-USDT","Bybit Perpetual","short","104199.2","105928.6","0.3093700233249495","35.75398331297119","32236.10893444108","-570.7785016511416","-1.7706184788366983","244800.0","1750176000000.0","1750420800000.0"
"04b47b55-1078-442c-822e-d980977924b5","SupertrendTrendTypeStrategy","BTC-USDT","Bybit Perpetual","short","103263.9","98849.9","0.3069210959287078","34.11814394907361","31693.86935787249","1320.6315734802427","4.16683604822208","158400.0","1750449600000.0","1750608000000.0"
"291c0c30-8162-43f5-ad6e-9f2c7dbdb97f","SupertrendTrendTypeStrategy","BTC-USDT","Bybit Perpetual","short","98849.9","105290.9","0.33331818598378676","37.424112627703465","32948.46935267872","-2184.326548549274","-6.629523590817997","115200.0","1750608000000.0","1750723200000.0"
"79c72b51-154d-4cd8-a3da-d425c64a8ead","SupertrendTrendTypeStrategy","BTC-USDT","Bybit Perpetual","long","104891.8","107367.2","0.2943352972449411","34.361423721852674","30873.359131556917","694.2361710782728","2.2486577120423084","432000.0","1750752000000.0","1751184000000.0"
"068cb8a7-c53b-43e7-98f4-da497310cbfc","SupertrendTrendTypeStrategy","BTC-USDT","Bybit Perpetual","long","108695.3","107935.4","0.2901034680807843","34.564924549522374","31532.883494081274","-255.0145499441129","-0.8087257544714526","201600.0","1751472000000.0","1751673600000.0"
"d86e270a-c9b7-46dd-8cfd-4c790a3c284a","SupertrendTrendTypeStrategy","BTC-USDT","Bybit Perpetual","long","108713.1","108217.0","0.2878274989089113","34.34114646658301","31290.619671634366","-177.1323686752956","-0.5660877621924182","14400.0","1751976000000.0","1751990400000.0"
"7e5ec12a-c17a-4f4f-a58e-0be067e2688e","SupertrendTrendTypeStrategy","BTC-USDT","Bybit Perpetual","long","108723.6","111718.8","0.28625196297209465","34.70613834725383","31122.343921392832","822.6757411467632","2.6433604847521575","86400.0","1752004800000.0","1752091200000.0"
"36dd471c-c90d-4138-9ff1-acf54f4e9772","SupertrendTrendTypeStrategy","BTC-USDT","Bybit Perpetual","long","111718.8","115979.19999999998","0.2855731163911737","35.763435100820615","31903.885875482258","1180.8922699721302","3.701405761608592","100800.0","1752091200000.0","1752192000000.0"
"c7f45516-ae33-4eac-85a7-616c5f0db9e6","SupertrendTrendTypeStrategy","BTC-USDT","Bybit Perpetual","long","115979.19999999998","120733.19999999998","0.2847556590488276","37.07285750686633","33025.73353195578","1316.65554561126","3.9867564011477925","273600.0","1752192000000.0","1752465600000.0"
"ad9cd0d3-caba-4d6a-b2c6-dc797da6bf62","SupertrendTrendTypeStrategy","BTC-USDT","Bybit Perpetual","long","122731.00000000001","117209.2","0.2792819768460004","36.85603535945359","34276.55630028648","-1578.9952551077038","-4.606633295581409","72000.0","1752480000000.0","1752552000000.0"
"aee24f6d-db9e-4e01-8f84-84c3a02e0740","SupertrendTrendTypeStrategy","BTC-USDT","Bybit Perpetual","short","113278.5","115002.1","0.28934449880545876","36.32845468670517","32776.51080793416","-535.0426328277956","-1.6323965536266865","273600.0","1754078400000.0","1754352000000.0"
"fc7e6fc2-932f-4c68-8ee2-8f29f9be30fc","SupertrendTrendTypeStrategy","BTC-USDT","Bybit Perpetual","long","116469.1","121700.10000000002","0.27705391650444416","36.29214030790165","32268.22030674776","1412.9768969268498","4.37884978934328","316800.0","1754568000000.0","1754884800000.0"
"aece11c4-6008-4338-aaf4-fd920acc056c","SupertrendTrendTypeStrategy","BTC-USDT","Bybit Perpetual","long","121700.1","117889.5","0.2761751909721378","36.392786944215956","33610.548358828266","-1088.7859696626458","-3.2394174532313498","316800.0","1754884800000.0","1755201600000.0"
"76e97529-8d5f-4134-9b44-1ef7d0e43f9e","SupertrendTrendTypeStrategy","BTC-USDT","Bybit Perpetual","short","114756.6","116625.5","0.28387214057970306","36.12561261035481","32576.201687648754","-566.6542561397602","-1.7394730717013172","316800.0","1755576000000.0","1755892800000.0"
"46266c40-46d8-4b21-9370-b13ee7e4c7e5","SupertrendTrendTypeStrategy","BTC-USDT","Bybit Perpetual","long","116625.5","112556.4","0.274707333681879","34.62687177243086","32037.88014431598","-1152.4384832573662","-3.597112162434464","172800.0","1755892800000.0","1756065600000.0"
"c01d1f4d-1c3e-4635-9e48-08c303e811d3","SupertrendTrendTypeStrategy","BTC-USDT","Bybit Perpetual","short","111469.7","113079.2","0.2775917005717382","34.28310105688226","30943.063585221487","-481.0669431270949","-1.5546842729459216","259200.0","1756108800000.0","1756368000000.0"
"4897ab25-42ee-4b79-87a2-ff4a34878da9","SupertrendTrendTypeStrategy","BTC-USDT","Bybit Perpetual","short","108334.4","110286.0","0.28140692143262663","33.83671154950318","30486.049989250747","-583.030459417419","-1.9124499881847372","302400.0","1756483200000.0","1756785600000.0"
"8c654ac0-a651-49c3-a767-9b1b54dc3ebe","SupertrendTrendTypeStrategy","BTC-USDT","Bybit Perpetual","long","113801.3","116758.0","0.26302134556287315","33.35310952491878","29932.1710528042","744.3221029008275","2.4866960087450645","532800.0","1757520000000.0","1758052800000.0"
"7d0b8fea-a3ca-4cb0-8002-788253594b77","SupertrendTrendTypeStrategy","BTC-USDT","Bybit Perpetual","long","116758.0","115082.4","0.2624169397434007","33.46136655228725","30639.277050559976","-473.167190786331","-1.5443157813597406","259200.0","1758052800000.0","1758312000000.0"
"590a19a5-ddbf-4ff8-a898-15d26b678a2a","SupertrendTrendTypeStrategy","BTC-USDT","Bybit Perpetual","short","112454.4","108934.5","0.268462312006582","32.689016770626694","30189.768219312973","912.2714752613397","3.02179025898497","316800.0","1758528000000.0","1758844800000.0"
"b6528bf2-e2c2-4664-b4f9-f4a6f942a397","SupertrendTrendTypeStrategy","BTC-USDT","Bybit Perpetual","short","108934.5","112119.6","0.2850926577054215","34.66149547612402","31056.42612081124","-942.7101195336638","-3.035475221348614","259200.0","1758844800000.0","1759104000000.0"
"66fef933-cab9-4962-8f24-124faf1a9b61","SupertrendTrendTypeStrategy","BTC-USDT","Bybit Perpetual","long","114204.8","117366.4","0.26409442954459234","33.63616517962619","30160.851507254258","801.3247832685546","2.656837400879815","158400.0","1759176000000.0","1759334400000.0"
"84a1b3a8-dba2-4346-a81b-eda3223b9857","SupertrendTrendTypeStrategy","BTC-USDT","Bybit Perpetual","long","117366.4","120787.9","0.26346646102597837","34.510118829515534","30922.110051359385","866.9403775708695","2.8036261954017507","100800.0","1759334400000.0","1759435200000.0"
"5b4ff4d9-60de-41e5-8d14-545b6a47f60d","SupertrendTrendTypeStrategy","BTC-USDT","Bybit Perpetual","long","120787.9","124692.39999999998","0.26282188373215953","35.4846771758246","31745.703410051712","990.7033678563885","3.1207478853428077","216000.0","1759435200000.0","1759651200000.0"
"1dcec57c-2955-46eb-ba2a-b84859750cd0","SupertrendTrendTypeStrategy","BTC-USDT","Bybit Perpetual","long","124692.4","121286.5","0.2621400471040358","35.464506237929406","32686.871609515274","-928.2872926695635","-2.839939238478042","230400.0","1759651200000.0","1759881600000.0"
"c70e61b9-9e0a-4789-857c-ff3f4b6e374a","SupertrendTrendTypeStrategy","BTC-USDT","Bybit Perpetual","short","116605.3","110757.5","0.27275774498654165","34.108230542004335","31804.998681479185","1560.9245105902946","4.907796180791099","417600.0","1760126400000.0","1760544000000.0"
"7040ad2e-bc30-4b61-81bb-7b1ffb5b120a","SupertrendTrendTypeStrategy","BTC-USDT","Bybit Perpetual","short","108473.99999999999","110100.39999999998","0.3068742460547226","36.89116981377484","33287.876966539974","-535.9914435971739","-1.6101701052786792","302400.0","1760630400000.0","1760932800000.0"
"675064fd-fbae-4c42-a5ae-ff40280a4740","SupertrendTrendTypeStrategy","BTC-USDT","Bybit Perpetual","long","113629.0","111460.6","0.28847112176576983","35.71251717539464","32778.68509512266","-661.2332976122882","-2.0172660852423188","72000.0","1761681600000.0","1761753600000.0"
"9b873948-f9e7-470a-8241-88ad6310567a","SupertrendTrendTypeStrategy","BTC-USDT","Bybit Perpetual","short","111460.6","111145.4","0.2884473389017374","35.31555957795809","32150.513462390994","55.60304164387289","0.1729460455084681","331200.0","1761753600000.0","1762084800000.0"
"5bfd12c3-6c6a-487c-84ed-8bc84a6bce85","SupertrendTrendTypeStrategy","BTC-USDT","Bybit Perpetual","short","105718.8","100507.0","0.304613146875983","34.55049944775941","32203.336351952672","1553.0322994404896","4.822581991093356","100800.0","1762185600000.0","1762286400000.0"
"da086764-4017-4a0e-8480-f85b2c9c1327","SupertrendTrendTypeStrategy","BTC-USDT","Bybit Perpetual","short","100507.0","104764.10000000002","0.3350882728210089","37.83116609748774","33678.71703642114","-1464.3354523238115","-4.347954973285463","432000.0","1762286400000.0","1762718400000.0"
"4984cd66-45cb-41a0-b709-cde7be098075","SupertrendTrendTypeStrategy","BTC-USDT","Bybit Perpetual","short","102124.9","96134.6","0.3161579434272497","34.474723681703146","32287.59835671353","1859.4062048305468","5.7588866916883035","158400.0","1762963200000.0","1763121600000.0"
"5a3f2013-66ec-4f6e-9758-2caf6b1e2dc6","SupertrendTrendTypeStrategy","BTC-USDT","Bybit Perpetual","short","96134.6","90811.9","0.35423285946269645","36.422426293848645","34054.03425130254","1849.0528147682498","5.429761423046449","316800.0","1763121600000.0","1763438400000.0"
"d9982817-57cd-4c6d-bcf5-ff28d76ebf6b","SupertrendTrendTypeStrategy","BTC-USDT","Bybit Perpetual","short","90811.9","84006.7","0.3943385660396092","37.91574382257862","35810.634425332384","2645.637065790169","7.38785310075001","273600.0","1763438400000.0","1763712000000.0"
"982546f4-4892-48ed-a9a5-161d547abc3a","SupertrendTrendTypeStrategy","BTC-USDT","Bybit Perpetual","short","84006.7","87408.8","0.45620158437163993","43.01001247722127","38323.989637833045","-1595.0534226679802","-4.162023415989446","244800.0","1763712000000.0","1763956800000.0"
"0ef3d62c-fb83-4445-aa90-f56703d3e0d9","SupertrendTrendTypeStrategy","BTC-USDT","Bybit Perpetual","short","86319.2","90809.2","0.4264252783424599","41.54261499979502","36808.68888629846","-1956.19211475744","-5.3144846337778855","129600.0","1764561600000.0","1764691200000.0"
"437690d2-1023-4b4c-a5b5-4ae74430974a","SupertrendTrendTypeStrategy","BTC-USDT","Bybit Perpetual","short","86996.6","87925.6","0.4017433598241643","38.650607784708946","34950.306377278896","-411.87018906135756","-1.1784451461321475","345600.0","1765814400000.0","1766160000000.0"
"0663a7cf-2a01-4691-96a7-7e2210e83394","SupertrendTrendTypeStrategy","BTC-USDT","Bybit Perpetual","short","86868.1","88112.29999999999","0.39783337839403193","38.287174026606486","34559.02969767061","-533.271463424454","-1.5430741779778565","129600.0","1766563200000.0","1766692800000.0"
"2df49692-6777-42ec-9618-93ea041512ab","SupertrendTrendTypeStrategy","BTC-USDT","Bybit Perpetual","short","87453.7","87797.7","0.3893765707730761","37.53133403534936","34052.42180741736","-171.47687438128753","-0.5035673390605544","158400.0","1766779200000.0","1766937600000.0"
"d49a311c-052c-4787-950e-dad353e92324","SupertrendTrendTypeStrategy","BTC-USDT","Bybit Perpetual","short","87203.3","88966.8","0.3886265631777139","37.6554092737208","33889.51877675514","-722.9983534376192","-2.1333981110806586","57600.0","1767052800000.0","1767110400000.0"
