"id","strategy_name","symbol","exchange","type","entry_price","exit_price","qty","fee","size","PNL","PNL_percentage","holding_period","opened_at","closed_at"
"d8136f03-a8b8-4435-b805-1d59154b175d","MomentumMAStrategy_LongOnly","BTC-USDT","Bybit Perpetual","long","42727.7","43556.2","0.2340402127893615","11.106646273962792","10000.0","182.79567002202322","9.13978350110116","32400.0","1704106800000.0","1704139200000.0"
"d856e3c4-2d07-4ad9-aeae-a649f63e412b","MomentumMAStrategy_LongOnly","BTC-USDT","Bybit Perpetual","long","43556.2","45179.8","0.23378521703045774","11.409840760128084","10182.795670022022","368.16383761052447","18.077738645703782","18000.0","1704139200000.0","1704157200000.0"
"686c40da-7725-4d9e-b43f-425f650228af","MomentumMAStrategy_LongOnly","BTC-USDT","Bybit Perpetual","long","45179.8","44825.2","0.23353267406302256","11.56050958097329","10550.959507632548","-94.37119580372244","-4.472161784691453","72000.0","1704157200000.0","1704229200000.0"
"44b0e651-8f11-4523-a17a-16b3721f0bdc","MomentumMAStrategy_LongOnly","BTC-USDT","Bybit Perpetual","long","45175.7","43728.9","0.23146488735822193","11.318061273545279","10456.588311828826","-346.2014603034197","-16.554226387194838","3600.0","1704279600000.0","1704283200000.0"
"bb621f5f-f61a-4252-964a-13bed17adc24","MomentumMAStrategy_LongOnly","BTC-USDT","Bybit Perpetual","long","43161.1","43962.1","0.23424766401980968","11.224623345061875","10110.386851525407","176.4077555348057","8.724085345368863","219600.0","1704344400000.0","1704564000000.0"
"717f21de-b89e-4b88-8e17-bac13c8661e5","MomentumMAStrategy_LongOnly","BTC-USDT","Bybit Perpetual","long","43962.1","43501.9","0.23399233901611188","11.256248266837865","10286.794607060212","-118.93952268205186","-5.781175148593869","122400.0","1704564000000.0","1704686400000.0"
"b1599f18-9594-4151-8920-5ec583d0ea85","MomentumMAStrategy_LongOnly","BTC-USDT","Bybit Perpetual","long","43857.0","45102.9","0.23184109912620926","11.343508546786715","10167.85508437816","277.50731685455776","13.646305663862115","14400.0","1704704400000.0","1704718800000.0"
"814f26e9-cad0-4e2f-b019-900e24950407","MomentumMAStrategy_LongOnly","BTC-USDT","Bybit Perpetual","long","45102.9","46970.2","0.2315895962617197","11.727744630560721","10445.362401232718","420.7195084689475","20.1390575218001","21600.0","1704718800000.0","1704740400000.0"
"182c606d-9bbe-408a-a9f3-59b3544e2e9b","MomentumMAStrategy_LongOnly","BTC-USDT","Bybit Perpetual","long","46970.2","45450.2","0.2313399114694352","11.759289934683384","10866.081909701665","-363.3959553682249","-16.721572614125552","97200.0","1704740400000.0","1704837600000.0"
"8c0d2aac-4ff8-489c-9965-94144cd916a8","MomentumMAStrategy_LongOnly","BTC-USDT","Bybit Perpetual","long","46544.2","48577.9","0.22564972551539053","11.805351665496143","10502.68595433344","447.0984951151546","21.284959726453614","72000.0","1704913200000.0","1704985200000.0"
"e57a3773-b0ae-4c2a-b87b-77e778308891","MomentumMAStrategy_LongOnly","BTC-USDT","Bybit Perpetual","long","48577.9","46037.99999999999","0.22540670653627667","11.729882122731134","10949.784449448594","-584.2403760542222","-26.67816790145322","7200.0","1704985200000.0","1704992400000.0"
"becb4e84-bb35-4afe-a118-8d624e2b6806","MomentumMAStrategy_LongOnly","BTC-USDT","Bybit Perpetual","long","46038.0","46408.8","0.22515191957501135","11.448015963211938","10365.544073394372","72.03831581520292","3.4748931317607514","21600.0","1704992400000.0","1705014000000.0"
"5e9d39b1-c3d5-4373-a980-3b4f76946bca","MomentumMAStrategy_LongOnly","BTC-USDT","Bybit Perpetual","long","42927.4","41734.9","0.24314499338906095","11.321867905591484","10437.582389209576","-301.27227252204665","-14.432090750895696","136800.0","1705140000000.0","1705276800000.0"
"861655d6-d1ce-43d8-a750-a8b0687baf57","MomentumMAStrategy_LongOnly","BTC-USDT","Bybit Perpetual","long","41734.9","42746.3","0.24287371280840564","11.285044488580215","10136.31011668753","234.3574286458416","11.56029294427447","21600.0","1705276800000.0","1705298400000.0"
"6abc53bc-50b6-4327-ac38-25f0554c90f8","MomentumMAStrategy_LongOnly","BTC-USDT","Bybit Perpetual","long","42746.3","41516.7","0.24260971231038408","11.243662203625442","10370.667545333372","-309.5565644604751","-14.924620961346427","306000.0","1705298400000.0","1705604400000.0"
"af58d08f-a8f1-4dac-b143-2b463f777dee","MomentumMAStrategy_LongOnly","BTC-USDT","Bybit Perpetual","long","41516.7","41120.7","0.24233888967265935","11.014440668789481","10061.110980872896","-106.98064097916257","-5.3165421384647615","10800.0","1705604400000.0","1705615200000.0"
"303e01cb-418e-49fa-9afc-1fadd11aadde","MomentumMAStrategy_LongOnly","BTC-USDT","Bybit Perpetual","long","41282.0","41746.3","0.2411251959666134","11.011118309551122","9954.130339893734","100.94331017774817","5.070423368538381","180000.0","1705651200000.0","1705831200000.0"
"21a3ab51-81fc-4525-975f-4c27ce6d61d1","MomentumMAStrategy_LongOnly","BTC-USDT","Bybit Perpetual","long","41746.3","41199.6","0.24086143323052536","10.988157595027708","10055.073650071481","-142.66710314215698","-7.094284343762254","64800.0","1705831200000.0","1705896000000.0"
"0e320fd8-522f-492b-abee-cc49a5cdc338","MomentumMAStrategy_LongOnly","BTC-USDT","Bybit Perpetual","long","41199.6","39812.5","0.24059472778690386","10.720096280819988","9912.406546929324","-344.44904319403395","-17.374642654297595","57600.0","1705896000000.0","1705953600000.0"
"bb247568-2450-4f5c-b61e-1d6f930b338d","MomentumMAStrategy_LongOnly","BTC-USDT","Bybit Perpetual","long","39812.5","40672.4","0.2403254632021423","10.638413980302957","9567.95750373529","196.01745182721953","10.243432401883847","313200.0","1705953600000.0","1706266800000.0"
"1b721c94-092e-4489-8ca2-4a62ed5b1c54","MomentumMAStrategy_LongOnly","BTC-USDT","Bybit Perpetual","long","40672.4","41944.3","0.2400638997345254","10.908307951858554","9763.974955562511","294.4289661204847","15.077310596374957","21600.0","1706266800000.0","1706288400000.0"
"e69fd587-d64c-419c-aeaf-e1cc25b9958a","MomentumMAStrategy_LongOnly","BTC-USDT","Bybit Perpetual","long","41944.3","42710.4","0.23980383321888776","11.16528685799724","10058.403921682995","172.54842977099233","8.577326537813224","129600.0","1706288400000.0","1706418000000.0"
"f62efda8-9a2b-49c1-8244-ec8e5b906564","MomentumMAStrategy_LongOnly","BTC-USDT","Bybit Perpetual","long","42710.4","41952.6","0.23954241476207172","11.154208703550704","10230.952351453989","-192.67945061024935","-9.416496333445751","50400.0","1706418000000.0","1706468400000.0"
"7382b123-071f-4245-b26c-83b5059bdb82","MomentumMAStrategy_LongOnly","BTC-USDT","Bybit Perpetual","long","41952.6","43182.5","0.23927653830379378","11.203957608881023","10038.272900843738","283.08225685095533","14.1001474878792","79200.0","1706468400000.0","1706547600000.0"
"de6ccd65-7f71-4c99-bc27-e18583c1ed3a","MomentumMAStrategy_LongOnly","BTC-USDT","Bybit Perpetual","long","43182.5","42375.9","0.23901708232952454","11.247455525230317","10321.355157694694","-204.03863413222447","-9.88429479534532","151200.0","1706547600000.0","1706698800000.0"
"45e8a553-05ec-4340-b204-d7643a67c5c7","MomentumMAStrategy_LongOnly","BTC-USDT","Bybit Perpetual","long","42375.9","43341.8","0.23875166128772413","11.255883802219515","10117.31652356247","219.35434583559356","10.84053984694132","18000.0","1706698800000.0","1706716800000.0"
"eac2e22c-cb6e-405a-bc94-99a457089935","MomentumMAStrategy_LongOnly","BTC-USDT","Bybit Perpetual","long","43341.8","41969.90000000001","0.2384919608645249","11.19038503972735","10336.670869398065","-338.37750614976767","-16.367818537762556","36000.0","1706716800000.0","1706752800000.0"
"902c6e45-5439-4bbf-8243-784c3af57b6f","MomentumMAStrategy_LongOnly","BTC-USDT","Bybit Perpetual","long","41969.9","42185.8","0.23822533204149393","11.026410766626395","9998.293363248296","40.40643842113249","2.0206667754748215","18000.0","1706752800000.0","1706770800000.0"
"c49c0ab4-415b-485b-a7c1-9cfe5892e878","MomentumMAStrategy_LongOnly","BTC-USDT","Bybit Perpetual","long","42635.3","43215.9","0.23545512290682669","11.117757666234208","10038.699801669429","125.58748669346903","6.255166962587322","183600.0","1706799600000.0","1706983200000.0"
"b0d8e5bb-5347-487c-a2bb-7d42066cb07d","MomentumMAStrategy_LongOnly","BTC-USDT","Bybit Perpetual","long","43215.9","42729.7","0.2351978620915658","11.117821756897282","10164.287288362899","-125.4710223058176","-6.172150527930742","46800.0","1706983200000.0","1707030000000.0"
"d2c7035b-21ab-4d43-ad93-d05f4b7b9b61","MomentumMAStrategy_LongOnly","BTC-USDT","Bybit Perpetual","long","42729.7","43434.7","0.23493767253355588","11.133794975187676","10038.816266057082","154.49726416096922","7.694994114164154","111600.0","1707030000000.0","1707141600000.0"
"589488aa-e178-4a6d-87dd-d1547f7a66cd","MomentumMAStrategy_LongOnly","BTC-USDT","Bybit Perpetual","long","43434.7","42629.7","0.2346813384279862","11.108739720650867","10193.31353021805","-200.02721715517976","-9.811687659866422","7200.0","1707141600000.0","1707148800000.0"
"f40951d7-d11a-4457-84b4-964dc94c29a8","MomentumMAStrategy_LongOnly","BTC-USDT","Bybit Perpetual","long","42629.7","43488.6","0.23442075156669817","11.10335413530551","9993.286313062872","190.24062938533189","9.518421839703322","180000.0","1707148800000.0","1707328800000.0"
"64df6574-bf88-479e-9b3b-107e74c07241","MomentumMAStrategy_LongOnly","BTC-USDT","Bybit Perpetual","long","43488.6","44326.2","0.23416543513583338","11.309754969351399","10183.526942448203","184.82721350042232","9.074813399373612","21600.0","1707328800000.0","1707350400000.0"
"0625e796-b607-4b13-91d1-b9cc0c50198a","MomentumMAStrategy_LongOnly","BTC-USDT","Bybit Perpetual","long","44326.2","45406.3","0.23391028682694714","11.54414514698447","10368.354155948624","241.1023556548025","11.626838359706065","57600.0","1707350400000.0","1707408000000.0"
"0a39e201-655c-4dd1-9071-b00bb5c472d3","MomentumMAStrategy_LongOnly","BTC-USDT","Bybit Perpetual","long","45406.3","46632.2","0.2336560457822687","11.827943583352237","10609.456511603428","274.6110029411296","12.941803505240395","61200.0","1707408000000.0","1707469200000.0"
"48fb8030-661f-4ccc-b5dd-0588fc6d19df","MomentumMAStrategy_LongOnly","BTC-USDT","Bybit Perpetual","long","46632.2","47172.8","0.23340240251466923","12.0418718023387","10884.067514544558","114.13546699709285","5.243235897084052","97200.0","1707469200000.0","1707566400000.0"
"41318f31-4be8-466f-a594-cd04f7a3f324","MomentumMAStrategy_LongOnly","BTC-USDT","Bybit Perpetual","long","47286.0","48517.1","0.23258899000849406","12.255510447775517","10998.20298154165","274.0847951516812","12.46043538256565","50400.0","1707573600000.0","1707624000000.0"
"e418bc5a-9e4c-4289-b679-93387d325e5e","MomentumMAStrategy_LongOnly","BTC-USDT","Bybit Perpetual","long","48517.1","49925.4","0.23233638813311866","12.579476188836994","11272.28777669333","314.61985921903465","13.955457199626553","129600.0","1707624000000.0","1707753600000.0"
"33f070a9-b99c-44b8-a48d-8516fed1b572","MomentumMAStrategy_LongOnly","BTC-USDT","Bybit Perpetual","long","49925.4","48497.6","0.2320844226768812","12.563344823219673","11586.907635912365","-343.93348352127134","-14.841469973200045","90000.0","1707753600000.0","1707843600000.0"
"adc881a7-014b-491a-9dfb-7b89e5bc8ec0","MomentumMAStrategy_LongOnly","BTC-USDT","Bybit Perpetual","long","49486.2","50801.7","0.22719412992695126","12.531652200485603","11242.974152391094","286.3422257184188","12.734273949100963","28800.0","1707872400000.0","1707901200000.0"
"c034939c-0896-4acb-87cb-ab9a7cbdccef","MomentumMAStrategy_LongOnly","BTC-USDT","Bybit Perpetual","long","50801.7","52355.2","0.22694745211497871","12.876157592693806","11529.316378109514","339.6867092679256","14.731433249281029","57600.0","1707901200000.0","1707958800000.0"
"1e2e0efb-492c-474d-b96b-5aa3681f6c1b","MomentumMAStrategy_LongOnly","BTC-USDT","Bybit Perpetual","long","52355.2","51221.1","0.22670151364864308","12.914497193469273","11869.003087377438","-270.01668382239507","-11.374867873678248","219600.0","1707958800000.0","1708178400000.0"
"9c911c5f-4142-40cc-917b-1d8948f72a18","MomentumMAStrategy_LongOnly","BTC-USDT","Bybit Perpetual","long","51221.1","51013.4","0.22644938128144537","12.73301659883986","11598.986403555042","-59.76655309099541","-2.5763696503979525","7200.0","1708178400000.0","1708185600000.0"
"9c9936c2-5432-4d2a-a6a1-7a45ea3ef8b6","MomentumMAStrategy_LongOnly","BTC-USDT","Bybit Perpetual","long","51543.3","52428.0","0.2238742930791014","12.802075708408347","11539.219850464047","185.259511378672","8.027384597028101","122400.0","1708203600000.0","1708326000000.0"
"305d26d3-d430-4b7f-befd-c42e42cc9f6f","MomentumMAStrategy_LongOnly","BTC-USDT","Bybit Perpetual","long","52428.0","51115.4","0.22363010913715423","12.73548201333761","11724.479361842721","-306.2723632667659","-13.061235122453638","183600.0","1708326000000.0","1708509600000.0"
"3717ea1f-08ab-44ba-8672-4c64b20eaae0","MomentumMAStrategy_LongOnly","BTC-USDT","Bybit Perpetual","long","51115.4","51218.0","0.22338095757004647","12.572633085869228","11418.206998575954","10.346253160817216","0.45305944979398133","14400.0","1708509600000.0","1708524000000.0"
"9cc2d664-62a9-40d1-b605-73418def99f9","MomentumMAStrategy_LongOnly","BTC-USDT","Bybit Perpetual","long","51533.2","51208.4","0.22177068863832972","12.5317914610921","11428.553251736772","-84.56291113082062","-3.6996332461403103","129600.0","1708556400000.0","1708686000000.0"
"2acb035d-db49-452c-832f-211e3949714d","MomentumMAStrategy_LongOnly","BTC-USDT","Bybit Perpetual","long","51254.1","51018.1","0.22132844671169627","12.44966094228337","11343.990340605951","-64.68317436624369","-2.8509886038385224","3600.0","1708689600000.0","1708693200000.0"
"efcd6eb9-fb05-41cc-b7c2-1215ddd70010","MomentumMAStrategy_LongOnly","BTC-USDT","Bybit Perpetual","long","51157.1","51796.50000000001","0.22048370932362676","12.484775388921518","11279.307166239707","128.49250835260736","5.695939762027252","144000.0","1708700400000.0","1708844400000.0"
"0c057dac-4fb6-423b-8ac6-827835c26157","MomentumMAStrategy_LongOnly","BTC-USDT","Bybit Perpetual","long","51796.5","50984.4","0.22024267420756832","12.450207150403363","11407.799674592312","-191.30928287436927","-8.385021140424533","97200.0","1708844400000.0","1708941600000.0"
"895bc8de-a547-43cc-9764-7c8cbc38a6ac","MomentumMAStrategy_LongOnly","BTC-USDT","Bybit Perpetual","long","50984.4","51720.0","0.2199984778033662","12.427146415039424","11216.490391717944","149.40373385711644","6.660003648174722","18000.0","1708941600000.0","1708959600000.0"
"9d553357-2b9d-4564-bf59-a146a6e3deac","MomentumMAStrategy_LongOnly","BTC-USDT","Bybit Perpetual","long","51720.0","52872.3","0.21975820041715122","12.641758594019944","11365.894125575061","240.58561574666405","10.583664298143878","3600.0","1708959600000.0","1708963200000.0"
"795c9f11-49fd-420d-8a96-dabe5f8dce08","MomentumMAStrategy_LongOnly","BTC-USDT","Bybit Perpetual","long","52872.3","54531.3","0.21951910057481375","12.967427918773389","11606.479741321726","351.2147599348426","15.13011558037006","14400.0","1708963200000.0","1708977600000.0"
"2c4aea30-1639-4357-9391-cb0ff45d5fce","MomentumMAStrategy_LongOnly","BTC-USDT","Bybit Perpetual","long","54531.3","56428.799999999996","0.21928130268775117","13.382311400899727","11957.694501256567","402.70396044910655","16.838695804061086","25200.0","1708977600000.0","1709002800000.0"
"5409739c-434d-43d5-bb6a-a51c0e2ab276","MomentumMAStrategy_LongOnly","BTC-USDT","Bybit Perpetual","long","56428.8","58300.0","0.21904414876278913","13.821869784016956","12360.398461705676","396.05354138091343","16.02106690200746","104400.0","1709002800000.0","1709107200000.0"
"0a573b7b-8151-4473-a025-129295caec4a","MomentumMAStrategy_LongOnly","BTC-USDT","Bybit Perpetual","long","58300.0","60542.0","0.218807066948312","14.301908197649214","12756.45200308659","476.2635359004663","18.667554888507716","21600.0","1709107200000.0","1709128800000.0"
"1cc5d91e-4ffc-4bf3-b5d5-5ca7ae8c5825","MomentumMAStrategy_LongOnly","BTC-USDT","Bybit Perpetual","long","60542.0","61974.6","0.21857083576669184","14.728205611511413","13232.715538987057","298.396373707851","11.274948548115347","111600.0","1709128800000.0","1709240400000.0"
"d141e5db-1eeb-42b7-bda3-c71dfbeef2a8","MomentumMAStrategy_LongOnly","BTC-USDT","Bybit Perpetual","long","62055.0","61864.0","0.21805030880178727","14.861316919024773","13531.111912694909","-56.50892590016614","-2.088110949963742","97200.0","1709290800000.0","1709388000000.0"
"3b34ddee-5809-44f3-a40c-5cee80fc107a","MomentumMAStrategy_LongOnly","BTC-USDT","Bybit Perpetual","long","62099.9","63744.8","0.2169826841395033","15.018366434901804","13474.602986794742","341.8964507061675","12.6866984890475","115200.0","1709406000000.0","1709521200000.0"
"11fd47db-5235-4b28-b320-9abf9a7e2f88","MomentumMAStrategy_LongOnly","BTC-USDT","Bybit Perpetual","long","63744.8","66223.8","0.21674708270323081","15.49367319116272","13816.499437500908","521.8223448301464","18.884028736461637","43200.0","1709521200000.0","1709564400000.0"
"7b253b5d-9442-4e91-bb93-b0588eae77de","MomentumMAStrategy_LongOnly","BTC-USDT","Bybit Perpetual","long","66223.8","67399.1","0.2165131234138037","15.912111291235693","14338.321782331053","238.5557626570084","8.318817441765669","79200.0","1709564400000.0","1709643600000.0"
"4bd05ff3-409b-4700-a2dc-ef07778f8d48","MomentumMAStrategy_LongOnly","BTC-USDT","Bybit Perpetual","long","68809.6","66841.3","0.21184366055009857","15.805230767103453","14576.877544988063","-432.7771078278631","-14.844643734304539","3600.0","1709650800000.0","1709654400000.0"
"a5d4eb4e-ef98-4b53-b11e-305f597cc877","MomentumMAStrategy_LongOnly","BTC-USDT","Bybit Perpetual","long","66759.4","65931.7","0.2118667998388272","15.462061298251593","14144.1004371602","-190.82421152484827","-6.745717494465178","82800.0","1709712000000.0","1709794800000.0"
"d5719332-9cfb-4f80-bc2d-651cc75559ff","MomentumMAStrategy_LongOnly","BTC-USDT","Bybit Perpetual","long","66447.8","68501.6","0.20998853574738893","15.585804798293779","13953.27622563535","415.6886499196942","14.895736427692135","111600.0","1709798400000.0","1709910000000.0"
"1c957ccb-de96-4bcf-98ec-be562a90afd5","MomentumMAStrategy_LongOnly","BTC-USDT","Bybit Perpetual","long","68501.6","69734.7","0.20976101106477868","15.948122329619736","14368.964875555044","242.70818041435703","8.445569410057512","151200.0","1709910000000.0","1710061200000.0"
"641dc62f-e683-47db-bbde-03c2a4c7b07d","MomentumMAStrategy_LongOnly","BTC-USDT","Bybit Perpetual","long","69734.7","71894.6","0.20953231398384736","16.321753226301887","14611.6730559694","436.24709174741184","14.92803356865383","90000.0","1710061200000.0","1710151200000.0"
"bcf6d9af-c133-47b0-979f-1189b6a69aa5","MomentumMAStrategy_LongOnly","BTC-USDT","Bybit Perpetual","long","71894.6","70571.8","0.20930529062984998","16.400434191343656","15047.920147716814","-293.2694726365098","-9.744518503475941","111600.0","1710151200000.0","1710262800000.0"
"4b678c18-beb8-4194-b7a2-936a178d135f","MomentumMAStrategy_LongOnly","BTC-USDT","Bybit Perpetual","long","71476.5","73333.3","0.20642659720440013","16.44092684071736","14754.650675080306","366.8519788484134","12.431740572076157","118800.0","1710270000000.0","1710388800000.0"
"fd089b2d-5f8b-42de-ad67-09982ac9aa8b","MomentumMAStrategy_LongOnly","BTC-USDT","Bybit Perpetual","long","73333.3","70904.5","0.2062024026455746","16.358199501771523","15121.502653928717","-517.1825950473437","-17.100899523136167","43200.0","1710388800000.0","1710432000000.0"
"879017f7-eb98-4973-9caa-e428a2d589c1","MomentumMAStrategy_LongOnly","BTC-USDT","Bybit Perpetual","long","70904.5","71412.0","0.205971695151667","16.122243914178718","14604.320058881372","88.40839137529227","3.026789026084381","3600.0","1710432000000.0","1710435600000.0"
"fda7eff4-c9aa-4f9e-8323-d5b4adac8d50","MomentumMAStrategy_LongOnly","BTC-USDT","Bybit Perpetual","long","70276.0","67750.1","0.2090717805546227","15.871549369505725","14692.728450256664","-543.965959872426","-18.511400442540797","68400.0","1710529200000.0","1710597600000.0"
"e1e97d53-98a4-4013-bbd4-7560ea520227","MomentumMAStrategy_LongOnly","BTC-USDT","Bybit Perpetual","long","67750.1","67325.9","0.2088375144890449","15.514914858917226","14148.76249038424","-104.1037885051725","-3.678900842950871","14400.0","1710597600000.0","1710612000000.0"
"8f5fc9ea-e328-4c85-96b2-d1d903af7d48","MomentumMAStrategy_LongOnly","BTC-USDT","Bybit Perpetual","long","66559.3","65401.8","0.21100971166882868","15.314790514375808","14044.658701879069","-259.558531771045","-9.240471316555313","158400.0","1710666000000.0","1710824400000.0"
"38161f18-71a6-4753-9bed-15ccaf339550","MomentumMAStrategy_LongOnly","BTC-USDT","Bybit Perpetual","long","64435.0","67876.4","0.21393807977198764","15.568545766368853","13785.100170108024","720.6779619609482","26.13974338480635","100800.0","1710878400000.0","1710979200000.0"
"d33c31df-b378-45b7-8530-3de5909e82f0","MomentumMAStrategy_LongOnly","BTC-USDT","Bybit Perpetual","long","67876.4","65194.5","0.21370871366290747","15.641125975730969","14505.778132068972","-588.7865251482813","-20.294896274699266","68400.0","1710979200000.0","1711047600000.0"
"2d10b387-f1c7-4ed6-94be-7cb26f0804ec","MomentumMAStrategy_LongOnly","BTC-USDT","Bybit Perpetual","long","65194.5","65535.69999999999","0.2134687988545152","15.348750322405799","13916.99160692069","57.486803846752615","2.0653459264200955","7200.0","1711047600000.0","1711054800000.0"
"5d753d1e-6816-4040-b60e-b4557249a294","MomentumMAStrategy_LongOnly","BTC-USDT","Bybit Perpetual","long","66180.0","63097.19999999999","0.21115863419110675","15.0138983412278","13974.478410767444","-665.9737358255738","-23.828214415231265","32400.0","1711083600000.0","1711116000000.0"
"1c8322fe-6028-4694-969a-c493f9130600","MomentumMAStrategy_LongOnly","BTC-USDT","Bybit Perpetual","long","63097.2","63312.0","0.2109206854653118","14.664273312216933","13308.504674941873","30.641489925732657","1.1511995777942832","10800.0","1711116000000.0","1711126800000.0"
"3cf8004b-3d3e-4c64-8a8a-d5ccd12a0fdb","MomentumMAStrategy_LongOnly","BTC-USDT","Bybit Perpetual","long","64147.3","65886.8","0.20794555912513238","14.872007496408358","13339.146164867605","346.84929260175943","13.001180447189514","151200.0","1711159200000.0","1711310400000.0"
"03cc5f8e-b402-4005-acf9-2af399be0255","MomentumMAStrategy_LongOnly","BTC-USDT","Bybit Perpetual","long","65886.8","68046.6","0.20771983853320183","15.301343322211507","13685.995457469364","433.33196394179845","15.831218316870777","64800.0","1711310400000.0","1711375200000.0"
"ca6175ba-b6ee-4759-ab22-1a0c18f078dd","MomentumMAStrategy_LongOnly","BTC-USDT","Bybit Perpetual","long","68046.6","70214.7","0.2074949728775745","15.778688581435008","14119.327421411163","434.0911621144325","15.372232301099476","10800.0","1711375200000.0","1711386000000.0"
"10facbcf-5953-4f55-a265-edafaae0655c","MomentumMAStrategy_LongOnly","BTC-USDT","Bybit Perpetual","long","70214.7","68982.8","0.20727025229083934","15.86832551878976","14553.418583525596","-271.2045493158736","-9.317554764173277","190800.0","1711386000000.0","1711576800000.0"
"fb127753-852f-4420-b22d-f8ba9720f688","MomentumMAStrategy_LongOnly","BTC-USDT","Bybit Perpetual","long","69484.8","71598.5","0.2055444361099078","15.949388038663727","14282.214034209723","418.50988656684774","14.651435889575826","57600.0","1711580400000.0","1711638000000.0"
"9d1d52b5-60f8-484a-8165-8325915c35fb","MomentumMAStrategy_LongOnly","BTC-USDT","Bybit Perpetual","long","71598.5","70237.1","0.2053216746269345","16.017057602543822","14700.72392077657","-295.5419854396513","-10.051953462712168","54000.0","1711638000000.0","1711692000000.0"
"f8124134-9d15-43a8-bafe-cc12e09850c7","MomentumMAStrategy_LongOnly","BTC-USDT","Bybit Perpetual","long","70237.1","71363.0","0.2050936319315137","15.972703334976046","14405.181935336923","214.94221685671403","7.460586677126433","237600.0","1711692000000.0","1711929600000.0"
"7bea358b-faf6-40c7-8921-9ca2e3e22bb9","MomentumMAStrategy_LongOnly","BTC-USDT","Bybit Perpetual","long","71363.0","69212.2","0.2048698086150195","15.839787876009948","14620.124152193635","-456.4737722451945","-15.611145551616406","21600.0","1711929600000.0","1711951200000.0"
"0bee9368-29e7-45c4-8a58-5ade69653ece","MomentumMAStrategy_LongOnly","BTC-USDT","Bybit Perpetual","long","69212.2","68950.1","0.20464095029414528","15.550515401753636","14163.650379948442","-69.18690847384732","-2.44241091166002","32400.0","1711951200000.0","1711983600000.0"
"bf5b3be0-59c5-4534-b9c0-d7332f1fe388","MomentumMAStrategy_LongOnly","BTC-USDT","Bybit Perpetual","long","69769.0","67025.7","0.20201613139753463","15.199104849327483","14094.463471474593","-569.3899581121848","-20.199064663389205","21600.0","1712005200000.0","1712026800000.0"
"fddaebbf-e658-4788-ba61-b7384f81e9a5","MomentumMAStrategy_LongOnly","BTC-USDT","Bybit Perpetual","long","67025.7","66503.3","0.201789366069469","14.819602744039571","13525.07351336241","-120.234367578729","-4.444869281484522","18000.0","1712026800000.0","1712044800000.0"
"fbc01212-b6f7-42ed-a93f-2bad3f84c570","MomentumMAStrategy_LongOnly","BTC-USDT","Bybit Perpetual","long","65722.9","67231.5","0.2039599461646349","14.914554746493232","13404.83914578368","292.77942003747614","10.920661443728182","144000.0","1712095200000.0","1712239200000.0"
"bc2ae9af-bb40-45d5-bd20-0facdbcd7f00","MomentumMAStrategy_LongOnly","BTC-USDT","Bybit Perpetual","long","67231.5","66895.0","0.20373810737260298","15.02967359218129","13697.618565821158","-83.58754672306219","-3.051170768166707","82800.0","1712239200000.0","1712322000000.0"
"b1d78557-ca6a-4ca8-8449-fe2bae6048c2","MomentumMAStrategy_LongOnly","BTC-USDT","Bybit Perpetual","long","67491.7","69040.6","0.20171415180085991","15.147273398356301","13614.031019098096","297.2877763259974","10.918433192525962","118800.0","1712325600000.0","1712444400000.0"
"ef363689-398b-4736-9655-a89f39b3be02","MomentumMAStrategy_LongOnly","BTC-USDT","Bybit Perpetual","long","69040.6","70745.4","0.20149475519367002","15.491380217226297","13911.318795424097","328.01687843694","11.789568022294041","118800.0","1712444400000.0","1712563200000.0"
"ac6724b3-ffd5-4d0e-8a9a-4feee16852c7","MomentumMAStrategy_LongOnly","BTC-USDT","Bybit Perpetual","long","70745.4","72472.6","0.20127578151881304","15.85447318265875","14239.335673861035","331.78905665663746","11.650440169961664","14400.0","1712563200000.0","1712577600000.0"
"fb47c70b-bec8-4e2c-a69a-bae4401db9fa","MomentumMAStrategy_LongOnly","BTC-USDT","Bybit Perpetual","long","72472.6","70819.0","0.2010570164519787","15.845379868246695","14571.124730517673","-348.3132622732399","-11.952174890924336","68400.0","1712577600000.0","1712646000000.0"
"e9bc0c08-d82f-4aa3-9eb9-aa1a2b957759","MomentumMAStrategy_LongOnly","BTC-USDT","Bybit Perpetual","long","70819.0","69322.8","0.2008332716960764","15.47982490745746","14222.811468244434","-315.9665660191264","-11.107739377850558","32400.0","1712646000000.0","1712678400000.0"
"b030f7b2-cb31-4f48-879e-e4dca28e3081","MomentumMAStrategy_LongOnly","BTC-USDT","Bybit Perpetual","long","69367.5","71099.8","0.20048069920676553","15.488540385827575","13906.844902225308","331.80417485005296","11.929527408368495","122400.0","1712703600000.0","1712826000000.0"
"35b1720a-55aa-4f20-b967-912bd6726d5d","MomentumMAStrategy_LongOnly","BTC-USDT","Bybit Perpetual","long","71099.8","69289.7","0.200262856957057","15.463141296225015","14238.649077075363","-377.95893867419505","-13.272289268042986","108000.0","1712826000000.0","1712934000000.0"
"8da67a67-3c74-45cc-a0da-1159b27a510b","MomentumMAStrategy_LongOnly","BTC-USDT","Bybit Perpetual","long","69289.7","66522.6","0.20003969043596911","14.942317747168333","13860.690138401169","-568.4721451525367","-20.506632046321393","14400.0","1712934000000.0","1712948400000.0"
"8af062f2-aa23-49ab-9e8d-3b2ed89579fd","MomentumMAStrategy_LongOnly","BTC-USDT","Bybit Perpetual","long","67466.1","64779.1","0.19702069622000729","14.330272756664762","13292.217993248634","-543.7248834998258","-20.45275227114067","43200.0","1712995200000.0","1713038400000.0"
"24813bae-d006-42ef-b586-2d91628684c8","MomentumMAStrategy_LongOnly","BTC-USDT","Bybit Perpetual","long","64779.1","63682.7","0.19679947868600844","13.904668399086454","12748.49310974881","-229.6756168304264","-9.007951561537606","18000.0","1713038400000.0","1713056400000.0"
"d2d025d1-b00b-4e4e-98e3-e84360fcd6f4","MomentumMAStrategy_LongOnly","BTC-USDT","Bybit Perpetual","long","64449.9","63091.6","0.19424106930993504","13.625588537766195","12518.817492918382","-277.46323298145154","-11.081846713493759","133200.0","1713081600000.0","1713214800000.0"
"487c2e24-cf5d-49da-929b-581058181632","MomentumMAStrategy_LongOnly","BTC-USDT","Bybit Perpetual","long","63265.59999999999","60272.0","0.19349147498699026","13.146909842194045","12241.35425993693","-592.3829893632465","-24.195974431602576","111600.0","1713258000000.0","1713369600000.0"
"ed35be5d-4b8d-4191-a931-f9c9990defaa","MomentumMAStrategy_LongOnly","BTC-USDT","Bybit Perpetual","long","60272.0","60165.9","0.19327334866229232","12.802589931369862","11648.971270573682","-33.30889222443879","-1.4296924359569827","3600.0","1713369600000.0","1713373200000.0"
"2740faa0-0a12-4671-ba79-058fd1ef1834","MomentumMAStrategy_LongOnly","BTC-USDT","Bybit Perpetual","long","61618.7","64744.80000000001","0.18850872183848805","13.101342029620783","11615.662378349243","576.1957733096791","24.80253620248409","115200.0","1713405600000.0","1713520800000.0"
"f05fcef2-7c1a-42f4-bf22-98603d09ce27","MomentumMAStrategy_LongOnly","BTC-USDT","Bybit Perpetual","long","64744.8","66342.8","0.18830636825905586","13.576546433887698","12191.85815165892","287.3370300440836","11.783971994662119","244800.0","1713520800000.0","1713765600000.0"
"82cb04e0-22af-429b-87b2-5a9494b60490","MomentumMAStrategy_LongOnly","BTC-USDT","Bybit Perpetual","long","66342.8","64594.0","0.18810172591001592","13.546190935824015","12479.195181703004","-342.49848920726043","-13.722779563117648","208800.0","1713765600000.0","1713974400000.0"
"f43ead0c-66af-475d-86fb-aa0cae109886","MomentumMAStrategy_LongOnly","BTC-USDT","Bybit Perpetual","long","64594.0","64082.4","0.18789201307390382","13.297497307106584","12136.696692495743","-109.4230511957155","-4.507942068922799","18000.0","1713974400000.0","1713992400000.0"
"1ba11dcd-00e7-4a74-9dda-0e5c0e423531","MomentumMAStrategy_LongOnly","BTC-USDT","Bybit Perpetual","long","64260.0","62564.9","0.18716578962496153","13.055505403933731","12027.273641300028","-330.32023539720575","-13.73213270308122","165600.0","1714017600000.0","1714183200000.0"
"de73e0eb-ae59-4e45-ad14-79e79a225289","MomentumMAStrategy_LongOnly","BTC-USDT","Bybit Perpetual","long","62564.9","63919.4","0.1869571182228825","13.005927125641197","11696.953405902821","240.22748950725315","10.268805951899548","90000.0","1714183200000.0","1714273200000.0"
"0f6877ff-780b-4bfc-857d-82bbf8e32aed","MomentumMAStrategy_LongOnly","BTC-USDT","Bybit Perpetual","long","63919.399999999994","62678.3","0.18675364436165037","13.003420013541598","11937.180895410074","-244.78336803078423","-10.252980589617481","86400.0","1714273200000.0","1714359600000.0"
"e68a79d7-de62-407c-8431-198ec2271a37","MomentumMAStrategy_LongOnly","BTC-USDT","Bybit Perpetual","long","62678.3","64565.9","0.18654618149150964","13.055305794818075","11692.39752737929","339.06926638855526","14.499561171888823","79200.0","1714359600000.0","1714438800000.0"
"2e62426d-cd0c-404f-a423-b15a0e245ebe","MomentumMAStrategy_LongOnly","BTC-USDT","Bybit Perpetual","long","64565.9","61904.9","0.18634398023984555","12.961889740864603","12031.466793767844","-508.82322115909363","-21.145519074310123","28800.0","1714438800000.0","1714467600000.0"
"a1d7053c-b8ea-4abd-a0b5-c22ce67c6883","MomentumMAStrategy_LongOnly","BTC-USDT","Bybit Perpetual","long","61904.9","60800.00000000001","0.18613459633419566","12.561794866350317","11522.64357260875","-218.221910356002","-9.469264105103102","18000.0","1714467600000.0","1714485600000.0"
"5bee2672-a746-462b-985f-aaf85ce3b7a4","MomentumMAStrategy_LongOnly","BTC-USDT","Bybit Perpetual","long","59902.4","57482.0","0.1887140024815825","12.18364397409449","11304.421662252747","-468.947015580517","-20.74175174951255","18000.0","1714532400000.0","1714550400000.0"
"52282199-5764-46d6-9bcf-f719298c5feb","MomentumMAStrategy_LongOnly","BTC-USDT","Bybit Perpetual","long","57482.0","56865.19999999999","0.18850204666977888","11.855074677027197","10835.47464667223","-128.12313706294873","-5.912206951741503","28800.0","1714550400000.0","1714579200000.0"
"a0f7f7d3-e50e-4237-8e8c-c910e93a71bb","MomentumMAStrategy_LongOnly","BTC-USDT","Bybit Perpetual","long","57334.2","59354.0","0.18675330796643685","11.985549042857048","10707.351509609283","365.2187823877527","17.054580773779026","79200.0","1714597200000.0","1714676400000.0"
"fcc33321-fcc6-46c8-83d5-9dada33da4a1","MomentumMAStrategy_LongOnly","BTC-USDT","Bybit Perpetual","long","59354.0","61654.1","0.1865513746672008","12.415825070476355","11072.570291997035","416.6709918015519","18.815459320349078","68400.0","1714676400000.0","1714744800000.0"
"8b348421-92ce-448f-8c5e-165bcb5a92ed","MomentumMAStrategy_LongOnly","BTC-USDT","Bybit Perpetual","long","61654.1","64393.6","0.18634999592563328","12.918943609789496","11489.241283798587","497.5868702284829","21.654470383964732","75600.0","1714744800000.0","1714820400000.0"
"3d99381c-e8e6-4527-9473-283babcdf5c0","MomentumMAStrategy_LongOnly","BTC-USDT","Bybit Perpetual","long","64393.6","62819.9","0.1861493712733419","13.024392173364705","11986.82815402707","-305.96765774622236","-12.762661390262368","302400.0","1714820400000.0","1715122800000.0"
"e338b647-a052-488b-8138-4cbfa30fe0e0","MomentumMAStrategy_LongOnly","BTC-USDT","Bybit Perpetual","long","62819.9","61226.69999999999","0.18594204219173932","12.686012972017997","11680.860496280846","-308.9288745918992","-13.223720747724935","86400.0","1715122800000.0","1715209200000.0"
"2b622c43-e2b4-4b95-bf63-382201560e45","MomentumMAStrategy_LongOnly","BTC-USDT","Bybit Perpetual","long","61226.7","63252.69999999999","0.18573484479302246","12.716089121410707","11371.931621688947","363.5827064292514","15.985969601497324","86400.0","1715209200000.0","1715295600000.0"
"edb04d25-4252-478d-a5c2-c2ed7b668dc3","MomentumMAStrategy_LongOnly","BTC-USDT","Bybit Perpetual","long","63252.7","61034.8","0.18553380848751438","12.68274327231557","11735.5143281182","-424.17817711677264","-18.07241528820109","57600.0","1715295600000.0","1715353200000.0"
"15e8621e-c16a-4b3a-894b-7f3af57d3cb6","MomentumMAStrategy_LongOnly","BTC-USDT","Bybit Perpetual","long","61034.8","60682.4","0.18532601320888129","12.406549878221426","11311.336151001427","-77.71543693303146","-3.4352898674199097","18000.0","1715353200000.0","1715371200000.0"
"79b3af3b-63fc-4cbb-ada0-545dba57b0f3","MomentumMAStrategy_LongOnly","BTC-USDT","Bybit Perpetual","long","60900.6","62296.6","0.18445829292434548","12.498609862782548","11233.620714068395","245.00516705960374","10.904995517285542","180000.0","1715407200000.0","1715587200000.0"
"44650c9a-1487-4a9b-996e-1c0893794c05","MomentumMAStrategy_LongOnly","BTC-USDT","Bybit Perpetual","long","62296.6","64106.7","0.18425766223402237","12.80992710616619","11478.625881127999","320.71486730363745","13.970089740050007","194400.0","1715587200000.0","1715781600000.0"
"79539e30-0642-4314-9db5-70ec0e896c56","MomentumMAStrategy_LongOnly","BTC-USDT","Bybit Perpetual","long","64106.7","65959.6","0.18405784026367972","13.166847247998316","11799.340748431636","327.87392497657544","13.893739148950177","21600.0","1715781600000.0","1715803200000.0"
"86773f19-5113-4da3-85db-6fb98deb688e","MomentumMAStrategy_LongOnly","BTC-USDT","Bybit Perpetual","long","65959.6","67103.4","0.18385822038654281","13.455599508612","12127.21467340821","196.84143296951353","8.11569013456713","223200.0","1715803200000.0","1716026400000.0"
"c4b6eeb2-61fc-4b57-a322-3102803ace57","MomentumMAStrategy_LongOnly","BTC-USDT","Bybit Perpetual","long","67103.4","66002.9","0.18365770000294657","13.445298302646213","12324.056106377724","-215.56059715588893","-8.745521575657866","122400.0","1716026400000.0","1716148800000.0"
"4eff9c60-ce5f-44b7-b748-84103db471e0","MomentumMAStrategy_LongOnly","BTC-USDT","Bybit Perpetual","long","66002.9","67100.0","0.1834539923127898","13.430042116375517","12108.495509221833","187.83733284998723","7.756427406977616","32400.0","1716148800000.0","1716181200000.0"
"edf5151d-424b-4cca-9330-bd4b98f94ba6","MomentumMAStrategy_LongOnly","BTC-USDT","Bybit Perpetual","long","67100.0","68681.8","0.18325384265382744","13.685395136849408","12296.33284207182","276.18553317297534","11.230402459016416","50400.0","1716181200000.0","1716231600000.0"
"db401b0a-74c8-4bae-a2cf-2594395c54df","MomentumMAStrategy_LongOnly","BTC-USDT","Bybit Perpetual","long","68681.8","71466.5","0.18305458469703467","14.110133868872484","12572.518375244796","495.64196813695946","19.7113240698409","18000.0","1716231600000.0","1716249600000.0"
"da19c001-a2c1-49e7-a2ac-0766cd5ef05e","MomentumMAStrategy_LongOnly","BTC-USDT","Bybit Perpetual","long","71466.5","69722.2","0.1828571476619361","14.199549630253237","13068.160343381755","-333.15727229696887","-12.746907886912071","61200.0","1716249600000.0","1716310800000.0"
"1d62cb31-6c3d-4cdd-85ef-afca4889e9b0","MomentumMAStrategy_LongOnly","BTC-USDT","Bybit Perpetual","long","69722.2","69317.7","0.18265348871786588","13.967867543290762","12735.003071084788","-87.85120372966752","-3.4492022985505333","10800.0","1716310800000.0","1716321600000.0"
"2d1c3029-78b7-4449-8b82-85868db66715","MomentumMAStrategy_LongOnly","BTC-USDT","Bybit Perpetual","long","70042.0","68062.8","0.18056525894970332","13.715310935808343","12647.15186735512","-371.09007144906064","-14.670894891636427","126000.0","1716346800000.0","1716472800000.0"
"0a168601-94cf-469e-8471-1d339bd8dd11","MomentumMAStrategy_LongOnly","BTC-USDT","Bybit Perpetual","long","68062.8","67239.0","0.18036374930073487","13.421946964325995","12276.061795906058","-162.0056036382719","-6.598435488989601","21600.0","1716472800000.0","1716494400000.0"
"c1bdccec-619a-4784-8802-5128c519b817","MomentumMAStrategy_LongOnly","BTC-USDT","Bybit Perpetual","long","67761.3","68899.6","0.1787754395542557","13.437386857059103","12114.056192267788","190.06269598755068","7.844717449340574","111600.0","1716516000000.0","1716627600000.0"
"ea29cb0d-452d-4b87-baff-b715b36477a8","MomentumMAStrategy_LongOnly","BTC-USDT","Bybit Perpetual","long","68899.6","70421.5","0.17858041103657113","13.684010617236979","12304.118888255338","258.0975169393196","10.488256789589446","198000.0","1716627600000.0","1716825600000.0"
"3f2af342-471f-4729-aa95-a4888a8c5f9b","MomentumMAStrategy_LongOnly","BTC-USDT","Bybit Perpetual","long","70421.5","68640.8","0.17838609522936402","13.643729379837914","12562.216405194658","-331.2958491547659","-13.186202118671122","36000.0","1716825600000.0","1716861600000.0"
"93f75c5a-1503-4019-880e-5afbb3534e39","MomentumMAStrategy_LongOnly","BTC-USDT","Bybit Perpetual","long","68640.8","67995.2","0.17818732526485548","13.390741856188837","12230.920556039893","-128.42847904718056","-5.250155883964098","18000.0","1716861600000.0","1716879600000.0"
"2bd6357a-94fc-42bd-a6ed-9872aa8fc338","MomentumMAStrategy_LongOnly","BTC-USDT","Bybit Perpetual","long","67748.7","69366.5","0.17863799714227302","13.471691588169207","12102.492076992712","275.52886018860056","11.383145654455381","176400.0","1716915600000.0","1717092000000.0"
"b4da3549-cc45-4437-98de-292301b4a4e6","MomentumMAStrategy_LongOnly","BTC-USDT","Bybit Perpetual","long","69366.5","68226.1","0.17844378680171716","13.503899518941672","12378.020937181313","-217.00119398761888","-8.765585188815885","50400.0","1717092000000.0","1717142400000.0"
"7b099c98-a868-4f26-861c-d611188d59f4","MomentumMAStrategy_LongOnly","BTC-USDT","Bybit Perpetual","long","68226.1","67573.9","0.1782458581568299","13.313183145733625","12161.019743193692","-129.56513183562015","-5.327066914274827","180000.0","1717142400000.0","1717322400000.0"
"d8be1ba4-ea76-4ebd-af72-f05302269bbf","MomentumMAStrategy_LongOnly","BTC-USDT","Bybit Perpetual","long","67573.9","68284.1","0.17804884151067307","13.304147730476362","12031.45461135807","113.14613951040573","4.702097259444931","7200.0","1717322400000.0","1717329600000.0"
"53f0cd79-aeac-4dcb-99bd-1343ff9c58e2","MomentumMAStrategy_LongOnly","BTC-USDT","Bybit Perpetual","long","68284.1","69792.7","0.177854006289436","13.50663163059386","12144.600750868478","254.80392225764774","10.490419878126762","90000.0","1717329600000.0","1717419600000.0"
"62569331-4f80-4da9-95ee-85100371248e","MomentumMAStrategy_LongOnly","BTC-USDT","Bybit Perpetual","long","69792.7","71220.2","0.17766048129856168","13.778830825818272","12399.404673126126","239.83150622787855","9.671089562375435","144000.0","1717419600000.0","1717563600000.0"
"d4bdaba7-c685-464d-a4fc-9338dc940312","MomentumMAStrategy_LongOnly","BTC-USDT","Bybit Perpetual","long","71220.2","69186.5","0.17746701328210263","13.70465673158791","12639.236179354006","-374.61932164339953","-14.819697817473113","223200.0","1717563600000.0","1717786800000.0"
"a0afd1ad-60f2-4bde-9142-99ee6e575e1b","MomentumMAStrategy_LongOnly","BTC-USDT","Bybit Perpetual","long","69186.5","69279.8","0.17726893046635692","13.500175098648546","12264.616857710604","3.039016113863072","0.12389364254589343","10800.0","1717786800000.0","1717797600000.0"
"e2b47407-13c9-4d47-ab37-ba98a9c680bc","MomentumMAStrategy_LongOnly","BTC-USDT","Bybit Perpetual","long","69488.0","68285.8","0.1765435164895301","13.377689122668873","12267.655873824468","-225.61830464638143","-9.195656732097607","234000.0","1717840800000.0","1718074800000.0"
"c7d6443b-0887-4f4f-9874-5e8dc53c33ea","MomentumMAStrategy_LongOnly","BTC-USDT","Bybit Perpetual","long","68285.8","67720.0","0.17634760915414455","13.191363713603215","12042.037569178085","-112.9688409730187","-4.690603244012684","14400.0","1718074800000.0","1718089200000.0"
"87ceb04a-8dee-431d-a4e3-7e9a28d2fac1","MomentumMAStrategy_LongOnly","BTC-USDT","Bybit Perpetual","long","67300.0","69340.1","0.1772521356345478","13.320862246074999","11929.068728205068","348.291219661967","14.598424554234809","57600.0","1718139600000.0","1718197200000.0"
"116bd507-45ea-42fc-b18d-ff2d6854bfcc","MomentumMAStrategy_LongOnly","BTC-USDT","Bybit Perpetual","long","69340.1","67471.1","0.17706002656279748","13.323087088348512","12277.359947867035","-344.24827673421703","-14.01963769882074","54000.0","1718197200000.0","1718251200000.0"
"f61fcee2-96cd-4d55-accd-cba7f73e8258","MomentumMAStrategy_LongOnly","BTC-USDT","Bybit Perpetual","long","67471.1","67600.0","0.1768625629511423","13.13896150964652","11933.111671132818","9.658622854754693","0.40469841902676984","7200.0","1718251200000.0","1718258400000.0"
"edb0e18f-d0c5-49c9-a561-bedb67e051fa","MomentumMAStrategy_LongOnly","BTC-USDT","Bybit Perpetual","long","67738.5","66380.0","0.17630697895565406","13.00531515638514","11942.770293987573","-252.51834606764118","-10.572017205872584","97200.0","1718283600000.0","1718380800000.0"
"01322e13-6d69-4f9d-aa18-512573b8e9d0","MomentumMAStrategy_LongOnly","BTC-USDT","Bybit Perpetual","long","66380.0","65180.7","0.17611105676287933","12.743111648005277","11690.25194791993","-223.95310202372698","-9.578625979210628","252000.0","1718380800000.0","1718632800000.0"
"a85b0ae2-9787-4b0e-a8b7-7bce0263f3fa","MomentumMAStrategy_LongOnly","BTC-USDT","Bybit Perpetual","long","65180.69999999999","66587.2","0.17591555239351842","12.74901260392864","11466.298845896205","234.6762118375563","10.233302611049035","14400.0","1718632800000.0","1718647200000.0"
"77276b40-0d9c-4311-8eba-5eb188577d9c","MomentumMAStrategy_LongOnly","BTC-USDT","Bybit Perpetual","long","66587.2","65215.0","0.17572408898007066","12.738451836312988","11700.97505773376","-253.86704673476544","-10.84811502811349","68400.0","1718647200000.0","1718715600000.0"
"e2cb889a-0494-491d-8f76-3ac352cfae2e","MomentumMAStrategy_LongOnly","BTC-USDT","Bybit Perpetual","long","65215.0","64179.40000000001","0.17552875888981054","12.491841141610436","11447.108010998994","-194.2694238478967","-8.485524189220204","241200.0","1718715600000.0","1718956800000.0"
"fe68f912-fdb3-4f6a-9942-ab8745788f72","MomentumMAStrategy_LongOnly","BTC-USDT","Bybit Perpetual","long","64179.399999999994","63630.9","0.17533411947059488","12.325228525374914","11252.838587151096","-108.49599305499493","-4.820827750025654","226800.0","1718956800000.0","1719183600000.0"
"e9b48e4a-eb9f-4857-8313-418f48e89772","MomentumMAStrategy_LongOnly","BTC-USDT","Bybit Perpetual","long","63630.9","62296.4","0.17514042067762833","12.130228163238849","11144.3425940961","-245.85511955753387","-11.030490021357547","25200.0","1719183600000.0","1719208800000.0"
"971068ff-da36-4443-8648-186afc0d8cf4","MomentumMAStrategy_LongOnly","BTC-USDT","Bybit Perpetual","long","62296.4","62385.9","0.1749457027137775","11.996947924208511","10898.487474538568","3.660692468674574","0.1679449775588958","3600.0","1719208800000.0","1719212400000.0"
"fb407304-85f0-4e5f-809e-79c137baae3c","MomentumMAStrategy_LongOnly","BTC-USDT","Bybit Perpetual","long","60470.3","62065.2","0.18028930180613031","12.150511857805796","10902.148167007243","275.3928955927904","12.63021247620728","86400.0","1719280800000.0","1719367200000.0"
"b7f9f25f-7345-4f12-a096-a70c99ed03f3","MomentumMAStrategy_LongOnly","BTC-USDT","Bybit Perpetual","long","62065.2","60860.1","0.18009353168281153","12.175928275593012","11177.541062600034","-229.20664330654893","-10.252999386129414","79200.0","1719367200000.0","1719446400000.0"
"686dca23-a931-464f-8e9c-a4043cf32e47","MomentumMAStrategy_LongOnly","BTC-USDT","Bybit Perpetual","long","60860.1","61981.4","0.17989346746544096","12.154110861010782","10948.334419293484","189.5604342079887","8.657044393617518","50400.0","1719446400000.0","1719496800000.0"
"6b67d578-ffac-4b1d-aefc-ae27c2377cbf","MomentumMAStrategy_LongOnly","BTC-USDT","Bybit Perpetual","long","61981.4","60823.8","0.17969737459143342","12.137274614396746","11137.894853501472","-220.15495544143982","-9.883149299628588","104400.0","1719496800000.0","1719601200000.0"
"05d6594b-d5af-4ba0-bb33-6469150fad96","MomentumMAStrategy_LongOnly","BTC-USDT","Bybit Perpetual","long","60823.8","61533.6","0.1794978264768073","12.079588044344316","10917.739898060032","115.32796918889271","5.281677813618975","133200.0","1719601200000.0","1719734400000.0"
"e07c017e-f816-4f85-89a3-2c289c309fc7","MomentumMAStrategy_LongOnly","BTC-USDT","Bybit Perpetual","long","61533.59999999999","62894.9","0.17930151766269037","12.270620389770638","11033.067867248923","231.8125356044516","10.505352563477597","54000.0","1719734400000.0","1719788400000.0"
"94795b5a-ecf7-4f37-9d47-dbd41502ed18","MomentumMAStrategy_LongOnly","BTC-USDT","Bybit Perpetual","long","62894.899999999994","61617.9","0.17910642043875374","12.265573048743551","11264.880402853372","-240.9844719490308","-10.696272988747838","183600.0","1719788400000.0","1719972000000.0"
"dc5e94ca-15d6-4750-8d28-14c5a0f33087","MomentumMAStrategy_LongOnly","BTC-USDT","Bybit Perpetual","long","61617.90000000001","60496.100000000006","0.17890736183648484","12.015901470815283","11023.89593090434","-212.7141799789845","-9.647867746223117","25200.0","1719972000000.0","1719997200000.0"
"a0626a25-0cf3-4073-bf77-c1f42d3f43a5","MomentumMAStrategy_LongOnly","BTC-USDT","Bybit Perpetual","long","60496.1","60379.8","0.1787087390910382","11.880868821521936","10811.181750925356","-32.664695177808895","-1.5106903172270247","7200.0","1719997200000.0","1720004400000.0"
"866ec717-be12-42cf-887e-7fe89c6dcaf8","MomentumMAStrategy_LongOnly","BTC-USDT","Bybit Perpetual","long","60286.8","58561.7","0.1787873474085131","11.68673443216437","10778.517055747549","-320.11278744659137","-14.849574658134168","39600.0","1720018800000.0","1720058400000.0"
"02be3ac6-8034-4232-8df9-44fdc086c5a8","MomentumMAStrategy_LongOnly","BTC-USDT","Bybit Perpetual","long","58561.7","57725.9","0.17858778464936906","11.422149676405583","10458.404268300956","-160.68582008634746","-7.682138496662458","28800.0","1720058400000.0","1720087200000.0"
"73ece393-bdc9-4274-bfb9-98b90afab577","MomentumMAStrategy_LongOnly","BTC-USDT","Bybit Perpetual","long","58152.1","55756.4","0.17708248624236456","11.094160211276112","10297.718448214608","-435.33067250210837","-21.137239024901916","28800.0","1720119600000.0","1720148400000.0"
"f9559b64-5084-444a-b2f0-a46144570d71","MomentumMAStrategy_LongOnly","BTC-USDT","Bybit Perpetual","long","55756.4","53923.2","0.17688351069496056","10.670281984790448","9862.3877757125","-334.9331337907929","-16.980326742759612","7200.0","1720148400000.0","1720155600000.0"
"e17f0610-e731-46cf-ab81-c4ef257268a5","MomentumMAStrategy_LongOnly","BTC-USDT","Bybit Perpetual","long","56425.0","57932.3","0.1688516551514702","10.620180661009273","9527.454641921706","243.88991914880222","12.79932197607446","90000.0","1720198800000.0","1720288800000.0"
"3486d879-8557-4fb7-a53f-6f123533f398","MomentumMAStrategy_LongOnly","BTC-USDT","Bybit Perpetual","long","57932.3","56565.8","0.16866833460902653","10.62171211359378","9771.344561070508","-241.10699135682853","-12.337452120837598","100800.0","1720288800000.0","1720389600000.0"
"86367e73-38d6-4e9e-aa49-ee1305a3da6e","MomentumMAStrategy_LongOnly","BTC-USDT","Bybit Perpetual","long","56565.8","55068.90000000001","0.1684805583888795","10.344552125366276","9530.23756971368","-262.543099977679","-13.774215913148883","10800.0","1720389600000.0","1720400400000.0"
"d6473453-1141-4ccf-92f4-c7771a0ff93c","MomentumMAStrategy_LongOnly","BTC-USDT","Bybit Perpetual","long","55068.9","54930.0","0.16829271094458031","10.181607195056987","9267.694469736","-33.55746474525944","-1.8104537679162054","3600.0","1720400400000.0","1720404000000.0"
"ec65127a-14c2-4a0d-9861-c3775c40a48a","MomentumMAStrategy_LongOnly","BTC-USDT","Bybit Perpetual","long","55611.2","57767.8","0.1660481522605292","10.354505400330599","9234.137004990742","347.7449397647277","18.82931450858825","7200.0","1720422000000.0","1720429200000.0"
"fe0b9de0-c9e9-4bf4-babb-a23c4dcbbd8e","MomentumMAStrategy_LongOnly","BTC-USDT","Bybit Perpetual","long","57767.8","57688.0","0.1658689087130801","10.5327901528276","9581.881944755469","-23.769129068131875","-1.240316318087264","223200.0","1720429200000.0","1720652400000.0"
"55aea155-3208-433d-86b8-db4cf29edbaa","MomentumMAStrategy_LongOnly","BTC-USDT","Bybit Perpetual","long","58260.9","56919.899999999994","0.16405707456780338","10.392923801908587","9558.112815687336","-230.39346079733411","-12.052246360766889","86400.0","1720663200000.0","1720749600000.0"
"a9d24f7c-fea9-43ec-bdaf-3f0b5e12654d","MomentumMAStrategy_LongOnly","BTC-USDT","Bybit Perpetual","long","57071.4","58140.0","0.16343946976751933","10.356549569945468","9327.719354890003","164.29486782362545","8.806808050967723","86400.0","1720771200000.0","1720857600000.0"
"38629922-88a5-401b-bd29-617d5e13c583","MomentumMAStrategy_LongOnly","BTC-USDT","Bybit Perpetual","long","58140.0","59449.50000000001","0.16326133853996608","10.55880054253494","9492.014222713628","203.23192227555182","10.705416021671889","54000.0","1720857600000.0","1720911600000.0"
"e7302a93-39c5-43a2-9bd2-efeb59cb324a","MomentumMAStrategy_LongOnly","BTC-USDT","Bybit Perpetual","long","59449.5","61260.1","0.16308372896305567","10.827174429301376","9695.246144989178","284.452225231207","14.669675270607815","82800.0","1720911600000.0","1720994400000.0"
"5e871c16-171e-43a4-87ec-e8e2bf129ba7","MomentumMAStrategy_LongOnly","BTC-USDT","Bybit Perpetual","long","61260.1","62838.9","0.1629069879125301","11.119126861126391","9979.698370220385","246.0784256551766","12.328951062763553","32400.0","1720994400000.0","1721026800000.0"
"63895f0d-2719-4723-9295-ef4b29f98f64","MomentumMAStrategy_LongOnly","BTC-USDT","Bybit Perpetual","long","62838.9","64680.6","0.16273004135775074","11.413189429905835","10225.776795875563","288.2867277386632","14.096079617879983","61200.0","1721026800000.0","1721088000000.0"
"a02228a6-dd45-41fd-ad96-f38ccb17c0c1","MomentumMAStrategy_LongOnly","BTC-USDT","Bybit Perpetual","long","64680.600000000006","62880.19999999999","0.16255358675730014","11.404506063296836","10514.063523614228","-304.0659836611426","-14.459965120917367","25200.0","1721088000000.0","1721113200000.0"
"26b89636-2118-4391-9bbd-ce1be160bfb9","MomentumMAStrategy_LongOnly","BTC-USDT","Bybit Perpetual","long","62880.200000000004","65125.200000000004","0.16237221796293727","11.431486390078135","10209.997539953089","353.094142936716","17.29158805156472","46800.0","1721113200000.0","1721160000000.0"
"80123b0e-b8ac-4c87-867a-333d9bd28072","MomentumMAStrategy_LongOnly","BTC-USDT","Bybit Perpetual","long","65125.2","64550.6","0.16219668704111165","11.568141832173183","10563.091682889804","-104.7663582059957","-4.959076440456219","86400.0","1721160000000.0","1721246400000.0"
"7da19242-6554-49cc-92d4-cd48ec97d37f","MomentumMAStrategy_LongOnly","BTC-USDT","Bybit Perpetual","long","64640.09999999999","66374.0","0.1617931489073162","11.658451084641907","10458.325324683809","268.87468980575505","12.854576686917325","140400.0","1721268000000.0","1721408400000.0"
"fe3e41a7-1e10-4566-a5b7-79a11725ef5c","MomentumMAStrategy_LongOnly","BTC-USDT","Bybit Perpetual","long","66374.0","67524.7","0.16161750104693953","11.902205308088615","10727.200014489565","174.07105314662425","8.113536286799027","172800.0","1721408400000.0","1721581200000.0"
"ad362317-a83c-49d9-8d75-2d1cdd9294ec","MomentumMAStrategy_LongOnly","BTC-USDT","Bybit Perpetual","long","67524.7","66072.0","0.16144123657915085","11.862409047991616","10901.271067636188","-246.38809342652357","-11.300888304575933","162000.0","1721581200000.0","1721743200000.0"
"6db8fa74-6129-4925-95a6-6d8e867f5787","MomentumMAStrategy_LongOnly","BTC-USDT","Bybit Perpetual","long","67201.1","65824.9","0.15855221081514534","11.600361517742538","10654.882974209664","-229.7999140415474","-10.783784045201728","7200.0","1721746800000.0","1721754000000.0"
"502a23fa-c71a-4f56-b344-ceea4fe73583","MomentumMAStrategy_LongOnly","BTC-USDT","Bybit Perpetual","long","65901.8","64188.0","0.15819117323302423","11.318481948207214","10425.083060168117","-282.4265146349646","-13.545528270851499","100800.0","1721775600000.0","1721876400000.0"
"87cf36f5-5cfd-46e8-9f96-3b6238e34d79","MomentumMAStrategy_LongOnly","BTC-USDT","Bybit Perpetual","long","64773.3","66976.4","0.15658699719688748","11.346659447524921","10142.656545533153","333.63015407693655","16.44688216441027","39600.0","1721923200000.0","1721962800000.0"
"3e751d0f-34cb-423b-8df9-b974a8b74a61","MomentumMAStrategy_LongOnly","BTC-USDT","Bybit Perpetual","long","66976.4","68193.5","0.1564175843970427","11.628622082654402","10476.28669961009","178.74721988698718","8.531038955512733","111600.0","1721962800000.0","1722074400000.0"
"705e4ec4-ba22-45ea-9958-675cbc76c948","MomentumMAStrategy_LongOnly","BTC-USDT","Bybit Perpetual","long","68193.5","69626.8","0.15624706048959328","11.843709212936641","10655.033919497078","212.10520258679787","9.953286126976934","158400.0","1722074400000.0","1722232800000.0"
"3c66a307-1026-4aeb-b01c-4ecb1fb2dec4","MomentumMAStrategy_LongOnly","BTC-USDT","Bybit Perpetual","long","69626.8","68067.2","0.15607695775310476","11.819973341470806","10867.139122083876","-255.2375966532139","-11.743550615567608","36000.0","1722232800000.0","1722268800000.0"
"fd9c2718-1cce-4d25-b5a3-f553bf9b0711","MomentumMAStrategy_LongOnly","BTC-USDT","Bybit Perpetual","long","68067.2","67276.6","0.15590330622429988","11.60530024332822","10611.901525430663","-134.86245414425835","-6.354301998613073","14400.0","1722268800000.0","1722283200000.0"
"c00f24ea-3181-4cd7-867e-e95c08ed02ae","MomentumMAStrategy_LongOnly","BTC-USDT","Bybit Perpetual","long","66545.7","64577.399999999994","0.1574412632414477","11.354302577274069","10477.039071286405","-321.24594101541607","-15.330950797722496","122400.0","1722337200000.0","1722459600000.0"
"7e1e524f-aaa6-4973-adc5-5f9b782c1ed0","MomentumMAStrategy_LongOnly","BTC-USDT","Bybit Perpetual","long","64577.4","64172.6","0.15726543853222627","11.136358866063274","10155.79313027099","-74.79740838390893","-3.682499605125036","18000.0","1722459600000.0","1722477600000.0"
"e4e58136-d427-43e1-a27f-d1df7f5d413b","MomentumMAStrategy_LongOnly","BTC-USDT","Bybit Perpetual","long","64645.299999999996","62892.6","0.1559432119873692","10.938768376868143","10080.995721887079","-284.26043602712974","-14.098827331608002","14400.0","1722513600000.0","1722528000000.0"
"f2046ed5-e081-459a-8889-284e9222502e","MomentumMAStrategy_LongOnly","BTC-USDT","Bybit Perpetual","long","62892.6","64879.69999999999","0.15576928423789044","10.946649844035955","9796.735285859948","298.58249486507475","15.238877348050417","21600.0","1722528000000.0","1722549600000.0"
"bfea1d7f-bd6b-4e0c-9240-e8da5b00d553","MomentumMAStrategy_LongOnly","BTC-USDT","Bybit Perpetual","long","64879.7","62619.7","0.1556005619743159","10.91143806026345","10095.317780725023","-362.5687081222174","-17.957270687133263","79200.0","1722549600000.0","1722628800000.0"
"b109b65c-38b2-4a2c-a852-555d150e4598","MomentumMAStrategy_LongOnly","BTC-USDT","Bybit Perpetual","long","62619.7","62600.0","0.15542631268758564","10.704339935765116","9732.749072602806","-13.766238295710101","-0.7072122271425533","3600.0","1722628800000.0","1722632400000.0"
"9c29b989-6ee3-4f38-9837-b979bb3d7930","MomentumMAStrategy_LongOnly","BTC-USDT","Bybit Perpetual","long","61787.4","59564.0","0.15729716470197963","10.498527133938698","9718.982834307097","-360.23304313232046","-18.53244569281117","100800.0","1722682800000.0","1722783600000.0"
"8ff663e7-037c-4dbe-8e62-f00d85b4a753","MomentumMAStrategy_LongOnly","BTC-USDT","Bybit Perpetual","long","59564.0","56143.9","0.15712090845434787","9.99907169983966","9358.749791174776","-547.3682907045545","-29.24366517527364","36000.0","1722783600000.0","1722819600000.0"
"4d14a0da-7d8f-4c73-b5e7-fb0964d8dafb","MomentumMAStrategy_LongOnly","BTC-USDT","Bybit Perpetual","long","54676.2","57320.5","0.16115570395291226","9.926898865896721","8811.381500470221","416.2171290967897","23.618153922547684","140400.0","1722880800000.0","1723021200000.0"
"3a31d177-de3d-404c-bdf9-77b0cb9d5d93","MomentumMAStrategy_LongOnly","BTC-USDT","Bybit Perpetual","long","57320.5","54785.49999999999","0.16098252160338813","9.925908611778187","9227.59862956701","-418.0166008763683","-22.650345862300636","36000.0","1723021200000.0","1723057200000.0"
"abb0436a-7c03-4675-96d1-9596fece4847","MomentumMAStrategy_LongOnly","BTC-USDT","Bybit Perpetual","long","54785.50000000001","57334.00000000001","0.16080134394485116","9.915931455333608","8809.582028690644","399.88629358811954","22.696099104690106","28800.0","1723057200000.0","1723086000000.0"
"b25d54e4-806f-4e83-bcf2-95b91d58ba30","MomentumMAStrategy_LongOnly","BTC-USDT","Bybit Perpetual","long","57334.0","61154.7","0.16062839366307535","10.467957251524322","9209.468322278763","603.2449464169872","32.751344882617616","68400.0","1723086000000.0","1723154400000.0"
"bc407031-a933-4114-b460-415d55c9b388","MomentumMAStrategy_LongOnly","BTC-USDT","Bybit Perpetual","long","61154.7","59597.99999999999","0.16045722190928496","10.656603529024922","9812.713268695748","-260.44036087520954","-13.270557986548903","252000.0","1723154400000.0","1723406400000.0"
"1bfdd608-1613-4a02-a6ea-90255c0a21b8","MomentumMAStrategy_LongOnly","BTC-USDT","Bybit Perpetual","long","59598.0","58564.1","0.1602784138363794","10.416358679966606","9552.27290782054","-176.12821074539949","-9.219178118393247","21600.0","1723406400000.0","1723428000000.0"
"677e9f52-9bc0-4ff9-b93e-1c96e375d915","MomentumMAStrategy_LongOnly","BTC-USDT","Bybit Perpetual","long","58549.4","61120.99999999999","0.1601407477630025","10.540259037603688","9376.144697075139","401.27768790973215","21.398863865385394","126000.0","1723442400000.0","1723568400000.0"
"ca2ba10d-ddb0-4a39-9631-0af7a878e381","MomentumMAStrategy_LongOnly","BTC-USDT","Bybit Perpetual","long","61121.0","59090.5","0.15996829870232607","10.57651602670007","9777.422384984871","-335.3921465417731","-17.15135816658759","86400.0","1723568400000.0","1723654800000.0"
"bc21ba56-e603-4d16-8531-932d0d918839","MomentumMAStrategy_LongOnly","BTC-USDT","Bybit Perpetual","long","59090.50000000001","58953.6","0.15978931026887735","10.374201926170713","9442.030238443098","-32.24935850198142","-1.7077555190767444","21600.0","1723654800000.0","1723676400000.0"
"ecae6d19-33d9-42c0-8f7f-994316f79896","MomentumMAStrategy_LongOnly","BTC-USDT","Bybit Perpetual","long","58078.69999999999","59256.0","0.16201776003838098","10.45566789782648","9409.780879941116","180.28784099536108","9.579810799828598","180000.0","1723705200000.0","1723885200000.0"
"67483736-98ff-4f07-ba76-21a30c5bf0e8","MomentumMAStrategy_LongOnly","BTC-USDT","Bybit Perpetual","long","59256.0","57977.2","0.16184131093790463","10.435246125395057","9590.068720936477","-217.39791455278797","-11.33453371810452","176400.0","1723885200000.0","1724061600000.0"
"2f02555a-4f26-4366-bd1c-d8adb5b57682","MomentumMAStrategy_LongOnly","BTC-USDT","Bybit Perpetual","long","57977.2","59203.1","0.16166132214704554","10.418937225173092","9372.670806383689","187.76167759489027","10.01644469722582","46800.0","1724061600000.0","1724108400000.0"
"570b1839-4fbc-4878-9c12-8ac93fd8b179","MomentumMAStrategy_LongOnly","BTC-USDT","Bybit Perpetual","long","59203.1","60588.6","0.16148533580131072","10.63953159539043","9560.432483978579","213.09840115732558","11.144809689019663","18000.0","1724108400000.0","1724126400000.0"
"30351984-88ae-48d6-b4fa-7dacc5503c80","MomentumMAStrategy_LongOnly","BTC-USDT","Bybit Perpetual","long","60588.59999999999","58783.69999999999","0.1613097329388021","10.59075260830981","9773.530885135904","-301.7386895895539","-15.436524073835683","43200.0","1724126400000.0","1724169600000.0"
"c41b7cca-b245-47c7-b64a-ee8461e59e13","MomentumMAStrategy_LongOnly","BTC-USDT","Bybit Perpetual","long","58783.7","58959.1","0.16112956815488563","10.434515584540886","9471.79219554635","17.82761066982629","0.9410896217829217","32400.0","1724169600000.0","1724202000000.0"
"108947fa-6629-47a9-8b1a-cb9c85e7091e","MomentumMAStrategy_LongOnly","BTC-USDT","Bybit Perpetual","long","59251.5","61538.100000000006","0.1601583049579534","10.640001675902067","9489.619806216177","355.5779784409551","18.73510138983828","64800.0","1724205600000.0","1724270400000.0"
"b982af39-4acb-4f74-9447-71e97d85e280","MomentumMAStrategy_LongOnly","BTC-USDT","Bybit Perpetual","long","61538.100000000006","63577.200000000004","0.15998540391492638","11.009141993540455","9845.197784657132","315.21709512938565","16.008672554076238","172800.0","1724270400000.0","1724443200000.0"
"4cfe5ed2-e80a-4d76-8a10-2bc5cb8f7551","MomentumMAStrategy_LongOnly","BTC-USDT","Bybit Perpetual","long","63577.19999999999","64358.899999999994","0.15981224212117737","11.245165244081537","10160.414879786516","113.68006442204351","5.594262919725975","180000.0","1724443200000.0","1724623200000.0"
"697c854c-c201-417e-b0ce-ca582c2f1948","MomentumMAStrategy_LongOnly","BTC-USDT","Bybit Perpetual","long","64358.90000000001","62939.90000000001","0.1596375162441956","11.176915339076634","10274.09494420856","-237.70255088959016","-11.56805305870672","90000.0","1724623200000.0","1724713200000.0"
"708946df-edf5-46e8-a820-8eb1861222bc","MomentumMAStrategy_LongOnly","BTC-USDT","Bybit Perpetual","long","62939.9","61673.3","0.15945993548319856","10.928947057795206","10036.392393318969","-212.90090134081427","-10.606445672776717","61200.0","1724713200000.0","1724774400000.0"
"cab207b7-415b-430f-b89a-a7ef6da9f654","MomentumMAStrategy_LongOnly","BTC-USDT","Bybit Perpetual","long","61673.3","59467.6","0.1592827283764312","10.612609188487028","9823.491491978155","-361.9425231683821","-18.42229534498725","25200.0","1724774400000.0","1724799600000.0"
"734f70be-52df-4343-87c2-bd80b4ac901f","MomentumMAStrategy_LongOnly","BTC-USDT","Bybit Perpetual","long","59467.6","59050.0","0.15910426801837932","10.37116079741229","9461.548968809773","-76.81310312188725","-4.059224518897673","7200.0","1724799600000.0","1724806800000.0"
"da4662d2-5d91-48d7-8641-8a893426b35a","MomentumMAStrategy_LongOnly","BTC-USDT","Bybit Perpetual","long","59732.2","58073.09999999999","0.15711351441413318","10.179842584786206","9384.735865687886","-270.8468743492755","-14.430180999527941","190800.0","1724842800000.0","1725033600000.0"
"d32bb1b0-3102-4220-b081-6cfd2ac9173a","MomentumMAStrategy_LongOnly","BTC-USDT","Bybit Perpetual","long","58073.100000000006","59313.69999999999","0.1569382208171875","10.132361546682663","9113.888991338612","184.56519519911765","10.125490631634818","46800.0","1725033600000.0","1725080400000.0"
"92bd99ec-48cd-48d0-a36e-21f1158c2c36","MomentumMAStrategy_LongOnly","BTC-USDT","Bybit Perpetual","long","59313.7","58513.1","0.15676739415240884","10.159270218524377","9298.454186537732","-135.66724597694267","-7.295150530147324","79200.0","1725080400000.0","1725159600000.0"
"434cb655-78a4-42aa-b989-67b716ef926b","MomentumMAStrategy_LongOnly","BTC-USDT","Bybit Perpetual","long","58513.1","57105.100000000006","0.15659377029350333","9.95779941890158","9162.786940560789","-230.44182799215312","-12.574876480651282","252000.0","1725159600000.0","1725411600000.0"
"ffa5d0b6-ed0a-4a9a-af69-68baefb6abb3","MomentumMAStrategy_LongOnly","BTC-USDT","Bybit Perpetual","long","57105.1","54709.3","0.15641939358426188","9.619467353093452","8932.345112568633","-384.3690505022674","-21.515573215001773","223200.0","1725411600000.0","1725634800000.0"
"4634bf0d-159e-4a3e-b48d-1d5f3447c8f6","MomentumMAStrategy_LongOnly","BTC-USDT","Bybit Perpetual","long","54709.3","53333.0","0.1562435648430224","9.284502758211605","8547.976062066366","-224.32252105166378","-13.121382150749533","14400.0","1725634800000.0","1725649200000.0"
"c89b8190-4e9b-48d9-bfea-4cf44fe4bee5","MomentumMAStrategy_LongOnly","BTC-USDT","Bybit Perpetual","long","54147.1","55336.0","0.15372297945808183","9.256537582768916","8323.653541014703","173.5047126949448","10.422389149188058","190800.0","1725688800000.0","1725879600000.0"
"0e215a66-eb1f-49a4-9f38-4ed5030a0afa","MomentumMAStrategy_LongOnly","BTC-USDT","Bybit Perpetual","long","55336.0","57060.09999999999","0.15355570069592395","9.492484040044026","8497.158253709647","255.2528995297971","15.019897941665384","32400.0","1725879600000.0","1725912000000.0"
"6a30a1d0-b63f-4aa2-a3d7-952bb15f2e49","MomentumMAStrategy_LongOnly","BTC-USDT","Bybit Perpetual","long","57060.1","58315.4","0.1533893412952211","9.733554570633732","8752.411153239445","182.81608555725776","10.443755575261898","313200.0","1725912000000.0","1726225200000.0"
"8f7f924d-ff41-4ab5-9230-92458e15cf8c","MomentumMAStrategy_LongOnly","BTC-USDT","Bybit Perpetual","long","58315.40000000001","59720.2","0.1532224290461302","9.947135740254573","8935.227238796702","205.29973258374736","11.48822112169331","28800.0","1726225200000.0","1726254000000.0"
"38eb9713-f32f-4894-9839-c75cf0d4bd16","MomentumMAStrategy_LongOnly","BTC-USDT","Bybit Perpetual","long","59720.2","58641.7","0.15305586671478746","9.963790754779952","9140.52697138045","-175.03454300667823","-9.574641787870771","194400.0","1726254000000.0","1726448400000.0"
"3d1688bb-9463-47f2-bbba-63fca6b54404","MomentumMAStrategy_LongOnly","BTC-USDT","Bybit Perpetual","long","58641.69999999999","60247.50000000001","0.15288595706423538","9.997069019630711","8965.492428373771","235.50720083412114","13.134091781104724","136800.0","1726448400000.0","1726585200000.0"
"80a14f18-98d8-4fa0-8b15-7350453cb6a5","MomentumMAStrategy_LongOnly","BTC-USDT","Bybit Perpetual","long","60247.5","62206.6","0.15272002372227708","10.28565618128955","9200.999629207889","288.9081422930233","15.699823602639103","122400.0","1726585200000.0","1726707600000.0"
"3251636a-093d-4a85-a6de-d79fb47be2ba","MomentumMAStrategy_LongOnly","BTC-USDT","Bybit Perpetual","long","62206.59999999999","63723.299999999996","0.15255467701981643","10.566157371900779","9489.907771500912","220.81352126405548","11.634123670157223","97200.0","1726707600000.0","1726804800000.0"
"9bddb060-1b74-4420-83b9-3469779bcc96","MomentumMAStrategy_LongOnly","BTC-USDT","Bybit Perpetual","long","63723.3","63068.69999999999","0.1523888639283428","10.626928859361342","9710.721292764967","-110.38067918685654","-5.6834438894408565","151200.0","1726804800000.0","1726956000000.0"
"0ae6e4e9-881c-4d42-928e-920563154d30","MomentumMAStrategy_LongOnly","BTC-USDT","Bybit Perpetual","long","63068.700000000004","64552.00000000001","0.1522203662605716","10.684558333036792","9600.340613578112","215.10391094126948","11.202931208349012","262800.0","1726956000000.0","1727218800000.0"
"39edb154-08a5-43e1-b301-b47f192d33b5","MomentumMAStrategy_LongOnly","BTC-USDT","Bybit Perpetual","long","64552.0","63433.600000000006","0.15205484763476546","10.703456999094222","9815.44452451938","-180.76159859381502","-9.208018961457384","64800.0","1727218800000.0","1727283600000.0"
"fb43e19c-abf4-4fe2-8000-630e37a8be9c","MomentumMAStrategy_LongOnly","BTC-USDT","Bybit Perpetual","long","63433.59999999999","65200.0","0.15188611281600864","10.745711614841131","9634.682925925565","257.5459180633579","13.365562730162003","82800.0","1727283600000.0","1727366400000.0"
"6cc01dca-1fbc-45d1-bedb-45df91cbc16a","MomentumMAStrategy_LongOnly","BTC-USDT","Bybit Perpetual","long","65199.99999999999","65926.3","0.15172130128817368","10.942059078006897","9892.228843988923","99.2531220475952","5.016721894171858","273600.0","1727366400000.0","1727640000000.0"
"b6d6872f-182d-4bd8-a2a2-3e40c4234332","MomentumMAStrategy_LongOnly","BTC-USDT","Bybit Perpetual","long","65926.3","64737.8","0.15155532717650644","10.891562234148067","9991.481966036517","-191.01506858342597","-9.558895729018616","21600.0","1727640000000.0","1727661600000.0"
"bafe775b-c63d-4f82-ad36-8e7f85016bea","MomentumMAStrategy_LongOnly","BTC-USDT","Bybit Perpetual","long","64737.8","64284.3","0.15138708602166107","10.742753863267447","9800.46689745309","-79.39679737409075","-4.050664024727439","25200.0","1727661600000.0","1727686800000.0"
"22e5a778-d213-4b53-923a-afdb1be3525a","MomentumMAStrategy_LongOnly","BTC-USDT","Bybit Perpetual","long","63788.7","62134.1","0.1523948614735682","10.55449321430011","9721.070100079","-262.70703100846583","-13.512248564400894","75600.0","1727730000000.0","1727805600000.0"
"ccab6804-720a-4666-8f71-c184ecf234cb","MomentumMAStrategy_LongOnly","BTC-USDT","Bybit Perpetual","long","62134.1","60778.7","0.1522249951165388","10.290720208868063","9458.363069070534","-216.616478589825","-11.451055378608539","10800.0","1727805600000.0","1727816400000.0"
"6ed9f787-353d-4782-9dc8-3768cfc1025c","MomentumMAStrategy_LongOnly","BTC-USDT","Bybit Perpetual","long","61672.9","62219.1","0.14985101382423574","10.210937992591719","9241.746590480709","71.63768575820541","3.8757655307274104","370800.0","1727852400000.0","1728223200000.0"
"9de59e2d-f8c0-4186-b999-985c66f751c8","MomentumMAStrategy_LongOnly","BTC-USDT","Bybit Perpetual","long","62219.1","63647.899999999994","0.14968690122870493","10.362352658324372","9313.384276238914","203.51029181724857","10.925689619425512","39600.0","1728223200000.0","1728262800000.0"
"27311331-21cd-460d-aee8-f4200d7dcbe5","MomentumMAStrategy_LongOnly","BTC-USDT","Bybit Perpetual","long","63647.9","62416.5","0.14952409377302572","10.367315841872124","9516.894568056165","-194.49128491397622","-10.21821159849737","129600.0","1728262800000.0","1728392400000.0"
"90428973-19f0-46ea-94ec-c25eace0e548","MomentumMAStrategy_LongOnly","BTC-USDT","Bybit Perpetual","long","62416.5","61174.200000000004","0.14935799481134296","10.152592521131634","9322.403283142188","-195.70002947526234","-10.496222032635567","108000.0","1728392400000.0","1728500400000.0"
"9f0e8626-97ba-413e-ac5b-d96e90e7557a","MomentumMAStrategy_LongOnly","BTC-USDT","Bybit Perpetual","long","61174.200000000004","60415.6","0.1491920328123118","9.977126187183337","9126.703253666925","-123.15420227860395","-6.746916101886137","21600.0","1728500400000.0","1728522000000.0"
"3c0c9dd2-d752-41ab-acc1-fb10d64e3140","MomentumMAStrategy_LongOnly","BTC-USDT","Bybit Perpetual","long","60851.50000000001","59468.49999999999","0.14795936092599724","9.791358668638793","9003.549051388321","-214.4191548292951","-11.907479684149235","57600.0","1728529200000.0","1728586800000.0"
"c21d3dcc-ee44-4f3c-ab9d-f2c14a086e1f","MomentumMAStrategy_LongOnly","BTC-USDT","Bybit Perpetual","long","59468.49999999999","60676.3","0.14779471310961315","9.766221436186518","8789.129896559029","168.74023305760574","9.599370759309636","36000.0","1728586800000.0","1728622800000.0"
"8de5d6c9-b520-499d-a7e5-ec8d1102b336","MomentumMAStrategy_LongOnly","BTC-USDT","Bybit Perpetual","long","60676.299999999996","62217.99999999999","0.1476337569960039","9.9788409723167","8957.870129616631","217.62812218842208","12.14731398420798","39600.0","1728622800000.0","1728662400000.0"
"52135840-df7f-4aff-a1c3-e43c4e425ee8","MomentumMAStrategy_LongOnly","BTC-USDT","Bybit Perpetual","long","62218.0","63200.0","0.14747337188281612","10.172698445139467","9175.498251805053","134.64615274378596","7.337266546658523","82800.0","1728662400000.0","1728745200000.0"
"c4733347-b2c0-4a5b-b530-ee30a5b2a23f","MomentumMAStrategy_LongOnly","BTC-USDT","Bybit Perpetual","long","63199.99999999999","62222.0","0.14731241146438037","10.161919498877033","9310.144404548839","-154.23345791103998","-8.283086234177159","86400.0","1728745200000.0","1728831600000.0"
"6e83c65b-6a97-4689-8aff-7c7ca2067a11","MomentumMAStrategy_LongOnly","BTC-USDT","Bybit Perpetual","long","62222.00000000001","64281.6","0.14714909431773002","10.238189592362815","9155.910946637798","292.83008506443264","15.991313522548223","46800.0","1728831600000.0","1728878400000.0"
"e3e9efde-11ec-43aa-bb34-3d8b892e30b0","MomentumMAStrategy_LongOnly","BTC-USDT","Bybit Perpetual","long","64281.600000000006","65895.7","0.1469898233973988","10.524106085542613","9448.741031702231","226.73216786019753","11.998009422602978","39600.0","1728878400000.0","1728918000000.0"
"20033dc3-42b6-4802-83eb-49e8d2994dd2","MomentumMAStrategy_LongOnly","BTC-USDT","Bybit Perpetual","long","65895.7","67646.7","0.14683011485669673","10.784425261631416","9675.47319956243","246.31510585244453","12.728840273341053","82800.0","1728918000000.0","1729000800000.0"
"0d97af5f-6389-4cb5-b44b-ee1bec0cb842","MomentumMAStrategy_LongOnly","BTC-USDT","Bybit Perpetual","long","67646.7","65342.7","0.14667069207241262","10.728106034962202","9921.788305414875","-348.65738056980086","-17.57028923805596","3600.0","1729000800000.0","1729004400000.0"
"06fc9a1e-5cee-4184-bb6a-48d1f84224ec","MomentumMAStrategy_LongOnly","BTC-USDT","Bybit Perpetual","long","65342.7","67345.4","0.14650650990615746","10.691818740393567","9573.130924845074","282.71676864866754","14.766160144897572","39600.0","1729004400000.0","1729044000000.0"
"9e089c8b-528b-4787-99db-d34bf88d328d","MomentumMAStrategy_LongOnly","BTC-USDT","Bybit Perpetual","long","67345.4","68710.0","0.1463477489701411","10.951270838877676","9855.84769349374","188.7548674057777","9.575780454195874","223200.0","1729044000000.0","1729267200000.0"
"24f61e43-2954-4327-97d3-adc854cb8930","MomentumMAStrategy_LongOnly","BTC-USDT","Bybit Perpetual","long","68710.0","68129.1","0.14618836502546237","11.002356365305662","10044.602560899519","-95.92317760859589","-4.774861774123084","122400.0","1729267200000.0","1729389600000.0"
"6a336c2b-7a3d-4747-bb33-af2f2b1fdf1c","MomentumMAStrategy_LongOnly","BTC-USDT","Bybit Perpetual","long","68129.1","68764.0","0.14602687226590286","10.994539175280906","9948.679383290922","81.71792202633996","4.106973341787827","68400.0","1729389600000.0","1729458000000.0"
"0b807965-1b0d-42d6-807f-927a9e13a72b","MomentumMAStrategy_LongOnly","BTC-USDT","Bybit Perpetual","long","68764.0","67330.1","0.14586698425509367","10.918399768051131","10030.397305317261","-220.0770684914291","-10.970506042405868","61200.0","1729458000000.0","1729519200000.0"
"648003a4-735b-4051-adbc-97f737bf8468","MomentumMAStrategy_LongOnly","BTC-USDT","Bybit Perpetual","long","67330.1","67300.1","0.1457048220160943","10.78894813094515","9810.320236825832","-15.160092791427978","-0.7726604445857054","3600.0","1729519200000.0","1729522800000.0"
"0293dc6c-d684-436d-9da4-0c9199f05354","MomentumMAStrategy_LongOnly","BTC-USDT","Bybit Perpetual","long","67500.0","66390.8","0.1451134836153245","10.68614822662348","9795.160144034404","-171.646024252741","-8.761777333333312","118800.0","1729562400000.0","1729681200000.0"
"d2f2ed73-e136-4cee-8763-f0315da28c7a","MomentumMAStrategy_LongOnly","BTC-USDT","Bybit Perpetual","long","66390.8","66201.6","0.1449525253466092","10.57078177197226","9623.514119781663","-37.9957995675503","-1.9741125276393496","18000.0","1729681200000.0","1729699200000.0"
"b18d9723-b074-4d00-b939-6cd5e23afcbe","MomentumMAStrategy_LongOnly","BTC-USDT","Bybit Perpetual","long","66465.2","67882.7","0.14421860342275525","10.65650658092899","9585.518320214112","193.77336377082656","10.107610110253184","64800.0","1729713600000.0","1729778400000.0"
"510c14f6-0ce2-43e3-927f-fa268525d237","MomentumMAStrategy_LongOnly","BTC-USDT","Bybit Perpetual","long","67882.7","66770.1","0.14406161929305908","10.669065225689435","9779.29168398494","-170.9520228511457","-8.740511499984468","176400.0","1729778400000.0","1729954800000.0"
"50518dfa-b421-4c60-aee1-c0796b8f271c","MomentumMAStrategy_LongOnly","BTC-USDT","Bybit Perpetual","long","66770.1","67590.6","0.14390183122585995","10.634112926133621","9608.339661133792","107.43733959468446","5.590837927455552","82800.0","1729954800000.0","1730037600000.0"
"f8abd8e9-87db-4cf7-a52e-44104296b65c","MomentumMAStrategy_LongOnly","BTC-USDT","Bybit Perpetual","long","67590.6","68548.2","0.14374449998562636","10.763062054053755","9715.777000728478","126.8866711321808","6.529929161747278","72000.0","1730037600000.0","1730109600000.0"
"88c26aaf-0071-4060-9d82-ce96e556520b","MomentumMAStrategy_LongOnly","BTC-USDT","Bybit Perpetual","long","68548.2","69770.2","0.1435874854753394","10.923435188034702","9842.663671860659","164.54047206283002","8.35853370329199","43200.0","1730109600000.0","1730152800000.0"
"e4a726db-5fc9-4c8c-b673-5a24f3c15a01","MomentumMAStrategy_LongOnly","BTC-USDT","Bybit Perpetual","long","69770.2","71226.6","0.1434309224271034","11.122815595798398","10007.204143923489","197.76997982703625","9.881380302765427","32400.0","1730152800000.0","1730185200000.0"
"1a789dd6-fd41-4b6c-99fb-9e9b2dd6c42f","MomentumMAStrategy_LongOnly","BTC-USDT","Bybit Perpetual","long","71226.6","72719.9","0.14327476144797766","11.343145246824225","10204.974123750526","202.60905602343914","9.92697549089798","36000.0","1730185200000.0","1730221200000.0"
"d72ded33-b0a2-43e8-b531-135c0ab62aa9","MomentumMAStrategy_LongOnly","BTC-USDT","Bybit Perpetual","long","72719.9","71882.5","0.14311877738794973","11.382425282449795","10407.583179773965","-131.23008946711806","-6.304541947939933","72000.0","1730221200000.0","1730293200000.0"
"044827a2-8b62-498f-9894-a83c2ec2e116","MomentumMAStrategy_LongOnly","BTC-USDT","Bybit Perpetual","long","72416.2","70764.7","0.14190682596306967","11.175090881644625","10276.353090306846","-245.53421395965418","-11.946563717786903","86400.0","1730300400000.0","1730386800000.0"
"9bbd07c5-0b95-463c-a190-87e02200ce54","MomentumMAStrategy_LongOnly","BTC-USDT","Bybit Perpetual","long","70764.7","70638.7","0.14174890695992765","11.024077564729588","10030.818876347192","-28.88443984168047","-1.4397847373054646","3600.0","1730386800000.0","1730390400000.0"
"0a144b9a-5f1c-436e-b472-8530484b98f8","MomentumMAStrategy_LongOnly","BTC-USDT","Bybit Perpetual","long","70024.8","69156.1","0.14283417355716133","10.933883854543055","10001.934436505511","-135.01393042364867","-6.74939089436883","133200.0","1730462400000.0","1730595600000.0"
"b2cef640-4461-41c7-87c9-ace5555cd12a","MomentumMAStrategy_LongOnly","BTC-USDT","Bybit Perpetual","long","69156.1","68034.9","0.1426760691548809","10.765629931884996","9866.92050608186","-170.73403866833914","-8.65184018474156","46800.0","1730595600000.0","1730642400000.0"
"1a93f85c-022b-4a71-a11a-5b18985c158b","MomentumMAStrategy_LongOnly","BTC-USDT","Bybit Perpetual","long","68034.9","67341.1","0.14251783228039613","10.611421734535","9696.186467413521","-109.49029377067218","-5.646049307046741","111600.0","1730642400000.0","1730754000000.0"
"47fcfd79-bbf7-41d1-81a0-705b50cc7a76","MomentumMAStrategy_LongOnly","BTC-USDT","Bybit Perpetual","long","67861.5","69947.5","0.1412685568937151","10.707443206331291","9586.696173642847","283.9787664739584","14.811086182887204","43200.0","1730775600000.0","1730818800000.0"
"eec2b56b-9a34-49ff-853b-6d31b6d0ae28","MomentumMAStrategy_LongOnly","BTC-USDT","Bybit Perpetual","long","69947.5","73078.9","0.14111547861062662","11.100781389475209","9870.674940116805","430.7882283318402","21.821619643303865","43200.0","1730818800000.0","1730862000000.0"
"2f62dee3-0f81-4268-b6a9-6a55a372c84b","MomentumMAStrategy_LongOnly","BTC-USDT","Bybit Perpetual","long","73078.9","75817.9","0.1409635772904169","11.54396406630266","10301.463168448647","374.55527413214924","18.179712338308324","61200.0","1730862000000.0","1730923200000.0"
"962a22a6-26bc-455c-86ad-86fee1173cf9","MomentumMAStrategy_LongOnly","BTC-USDT","Bybit Perpetual","long","75817.9","75017.6","0.14081131820560577","11.681640072960906","10676.018442580797","-124.37293803290557","-5.824874633826501","61200.0","1730923200000.0","1730984400000.0"
"86b7d0f9-a129-46fd-ad8c-cbddd1d5e9e9","MomentumMAStrategy_LongOnly","BTC-USDT","Bybit Perpetual","long","76081.6","79273.7","0.13868853316107826","11.850299271689597","10551.645504547892","430.8573674317871","20.416596029789012","219600.0","1730995200000.0","1731214800000.0"
"76c698d9-2d02-44c1-8d40-18581fe7ca14","MomentumMAStrategy_LongOnly","BTC-USDT","Bybit Perpetual","long","79273.7","81718.1","0.13853904727519567","12.267007825115368","10982.50287197968","326.3778393343742","14.858991758931456","104400.0","1731214800000.0","1731319200000.0"
"662aa60e-b717-4bf2-b799-b497552d60ac","MomentumMAStrategy_LongOnly","BTC-USDT","Bybit Perpetual","long","81718.1","84638.7","0.13838893355711956","12.662067078086267","11308.880711314054","391.51665226883597","17.310141572062925","28800.0","1731319200000.0","1731348000000.0"
"3972d03c-eae4-4771-b27c-36baba422460","MomentumMAStrategy_LongOnly","BTC-USDT","Bybit Perpetual","long","84638.7","87989.2","0.13823933216817946","13.125181085277397","11700.397363582892","450.0457013442079","19.232069106685238","14400.0","1731348000000.0","1731362400000.0"
"8eeba2d6-fc48-4a85-a20f-b8295d68f46c","MomentumMAStrategy_LongOnly","BTC-USDT","Bybit Perpetual","long","87989.2","86659.9","0.13809016407612637","13.264527581111292","12150.443064927098","-196.82778268750647","-8.099613390052433","64800.0","1731362400000.0","1731427200000.0"
"291c0272-e287-4d25-9c5b-106bfb7453a2","MomentumMAStrategy_LongOnly","BTC-USDT","Bybit Perpetual","long","88631.6","87679.9","0.13486854894010253","13.078381891549089","11953.615282239592","-141.43277991784623","-5.915899775023871","50400.0","1731452400000.0","1731502800000.0"
"f3eab143-f0fc-49d5-893a-a990b90d6740","MomentumMAStrategy_LongOnly","BTC-USDT","Bybit Perpetual","long","89219.5","90595.0","0.1323946278820409","13.093560598412385","11812.182502321748","169.01525005333488","7.154276951787446","68400.0","1731506400000.0","1731574800000.0"
"81037e3e-d32e-4198-902e-a302f802a204","MomentumMAStrategy_LongOnly","BTC-USDT","Bybit Perpetual","long","91536.7","89265.9","0.13088955306860617","13.015844329203084","11981.197752375081","-310.2398414373944","-12.94694603366739","21600.0","1731585600000.0","1731607200000.0"
"7b9c3dfa-8f27-4851-aff6-371bd47328ec","MomentumMAStrategy_LongOnly","BTC-USDT","Bybit Perpetual","long","89405.6","91360.0","0.13053945067129674","12.978373168347048","11670.957910937688","242.14792922363455","10.373952638313451","169200.0","1731668400000.0","1731837600000.0"
"c8de7264-1843-456d-bb25-1e4063e8dc74","MomentumMAStrategy_LongOnly","BTC-USDT","Bybit Perpetual","long","91360.0","89191.7","0.1303973931716432","12.948909056989715","11913.105840161323","-295.689576671064","-12.410263983143622","43200.0","1731837600000.0","1731880800000.0"
"686ee32e-f520-43f4-b901-cef87a864fcf","MomentumMAStrategy_LongOnly","BTC-USDT","Bybit Perpetual","long","89191.7","92212.6","0.13025221252078678","12.99557128968151","11617.416263490259","380.48333751436445","16.375557563091682","32400.0","1731880800000.0","1731913200000.0"
"7e1a873b-029c-44d3-904b-73f874c9dd58","MomentumMAStrategy_LongOnly","BTC-USDT","Bybit Perpetual","long","92212.6","89553.6","0.13011128198320643","13.007408316768744","11997.899601004621","-358.97330711011466","-14.959839598926827","25200.0","1731913200000.0","1731938400000.0"
"42659a7c-476c-4dbf-a65c-5e8a7831dd21","MomentumMAStrategy_LongOnly","BTC-USDT","Bybit Perpetual","long","89553.6","92407.8","0.1299660347980931","13.006840904370357","11638.92629389451","357.94221561634663","15.376943137964288","7200.0","1731938400000.0","1731945600000.0"
"04c2e234-1c96-4fab-82da-9a44e04b6142","MomentumMAStrategy_LongOnly","BTC-USDT","Bybit Perpetual","long","92407.8","94737.6","0.1298252800035371","13.362912176005675","11996.868509510856","289.10402517623544","12.049145364352377","172800.0","1731945600000.0","1732118400000.0"
"ab70ded8-956c-4879-9953-cf20566fddc0","MomentumMAStrategy_LongOnly","BTC-USDT","Bybit Perpetual","long","94737.6","97591.2","0.12968422817009395","13.718106590584203","12285.972534687093","356.34880691559476","14.502262881896897","46800.0","1732118400000.0","1732165200000.0"
"3e314ef5-84ef-4a99-9238-5e144215835c","MomentumMAStrategy_LongOnly","BTC-USDT","Bybit Perpetual","long","97591.2","97725.5","0.12954366112521096","13.91612221829197","12642.321341602687","3.481591470824238","0.1376958936871506","241200.0","1732165200000.0","1732406400000.0"
"9959c2d9-65b0-459b-91cc-1a3f06ae07ce","MomentumMAStrategy_LongOnly","BTC-USDT","Bybit Perpetual","long","97983.1","95986.4","0.12906106188795324","13.768650304131441","12645.802933073512","-271.4648725758092","-10.733398029864393","54000.0","1732410000000.0","1732464000000.0"
"6125e939-3a7c-4a6b-8786-f35435d9b23c","MomentumMAStrategy_LongOnly","BTC-USDT","Bybit Perpetual","long","95986.4","96499.8","0.1289176181260856","13.648174334377735","12374.338060497701","52.53813081155574","2.122866312310957","3600.0","1732464000000.0","1732467600000.0"
"05ed00f9-45ec-4742-9c42-d0eaacfaed63","MomentumMAStrategy_LongOnly","BTC-USDT","Bybit Perpetual","long","97960.4","95444.4","0.12685611932280044","13.494020312521297","12426.87619130926","-332.6640165286872","-13.38486082131147","54000.0","1732492800000.0","1732546800000.0"
"edeabc58-fc9b-4e25-aa0f-a322685f16ce","MomentumMAStrategy_LongOnly","BTC-USDT","Bybit Perpetual","long","95444.4","95291.5","0.1267147383689412","13.292977316335493","12094.21217478057","-32.66766081294587","-1.3505493512453022","10800.0","1732546800000.0","1732557600000.0"
"8034e0df-5d40-4d0f-abc0-d47c9428e2c3","MomentumMAStrategy_LongOnly","BTC-USDT","Bybit Perpetual","long","92877.4","95610.5","0.12986522570579742","13.462913021971477","12061.544513967629","341.4717353545442","14.155390089515887","86400.0","1732636800000.0","1732723200000.0"
"9927605a-ef1a-4745-81e1-9148689631ce","MomentumMAStrategy_LongOnly","BTC-USDT","Bybit Perpetual","long","95610.5","94927.3","0.12972441572130855","13.59457262780295","12403.01624932217","-102.22229344860057","-4.120864287918153","93600.0","1732723200000.0","1732816800000.0"
"2787bdec-0f62-48f6-ae8c-8ba8628f943a","MomentumMAStrategy_LongOnly","BTC-USDT","Bybit Perpetual","long","95362.9","97302.2","0.12898930250520454","13.668455276352516","12300.793955873569","236.48049907199103","9.612407943760116","61200.0","1732820400000.0","1732881600000.0"
"90dd02b9-514a-45c6-89f4-3c9d92ea8c8f","MomentumMAStrategy_LongOnly","BTC-USDT","Bybit Perpetual","long","97302.2","95844.9","0.12884882823765098","13.68772763187522","12537.274454945564","-201.45912502260438","-8.034406750309875","140400.0","1732881600000.0","1733022000000.0"
"f199e2b6-8918-4f9f-803c-80b897895868","MomentumMAStrategy_LongOnly","BTC-USDT","Bybit Perpetual","long","95844.9","97100.0","0.12870601701209933","13.658243269988793","12335.815329922958","147.88067868189782","5.993956407696215","21600.0","1733022000000.0","1733043600000.0"
"461391b6-42a7-4055-820d-59a23b214f43","MomentumMAStrategy_LongOnly","BTC-USDT","Bybit Perpetual","long","97100.0","95123.1","0.128565355392429","13.592277141373932","12483.696008604857","-267.7531282166661","-10.724112796086478","86400.0","1733043600000.0","1733130000000.0"
"e5b51b29-4aa7-487c-956f-741fab70b2a3","MomentumMAStrategy_LongOnly","BTC-USDT","Bybit Perpetual","long","95123.1","95545.4","0.1284224639481702","13.467365212015931","12215.94288038819","40.76544131329484","1.6685343780847572","3600.0","1733130000000.0","1733133600000.0"
"8b9e72cc-d714-4e17-965c-114a60511cc8","MomentumMAStrategy_LongOnly","BTC-USDT","Bybit Perpetual","long","95735.4","93775.1","0.12802691921380688","13.344345010517483","12256.708321701486","-264.3155147453416","-10.782483673750717","61200.0","1733173200000.0","1733234400000.0"
"aa7253f1-e85d-4020-a3de-665cff772a3f","MomentumMAStrategy_LongOnly","BTC-USDT","Bybit Perpetual","long","93775.1","96069.5","0.12788461763257136","13.353012244334654","11992.392806956144","280.06545445183633","11.676796239086888","28800.0","1733234400000.0","1733263200000.0"
"828541ba-7a40-4d6d-81a5-15c42b171bae","MomentumMAStrategy_LongOnly","BTC-USDT","Bybit Perpetual","long","96069.5","98803.5","0.1277456243803494","13.691795182929503","12272.458261407975","335.5647418729457","13.671455821046221","82800.0","1733263200000.0","1733346000000.0"
"1a0096f9-af5b-4514-9cdd-4023428a3d9a","MomentumMAStrategy_LongOnly","BTC-USDT","Bybit Perpetual","long","98803.5","103084.8","0.12760704836651457","14.169303534503374","12608.023003280923","532.1547526370558","21.103814313258145","25200.0","1733346000000.0","1733371200000.0"
"fb88fcca-1110-4f7f-a2c5-d135db41a07f","MomentumMAStrategy_LongOnly","BTC-USDT","Bybit Perpetual","long","103084.8","99111.6","0.1274695954778782","14.175641323295789","13140.177755917979","-520.637838076001","-19.81091305410689","57600.0","1733371200000.0","1733428800000.0"
"b1cd5d5a-76da-44f7-b4cf-4e597b3b1e57","MomentumMAStrategy_LongOnly","BTC-USDT","Bybit Perpetual","long","99111.6","99125.3","0.1273265684121937","13.882453315319161","12619.539917841978","-12.138079328072479","-0.4809240038502199","3600.0","1733428800000.0","1733432400000.0"
"ff1b0855-62b2-4751-b675-f84af8312fb6","MomentumMAStrategy_LongOnly","BTC-USDT","Bybit Perpetual","long","98059.3","99585.0","0.12856916007470892","13.976028904504588","12607.401838513904","182.18193862147842","7.225197584522819","90000.0","1733479200000.0","1733569200000.0"
"310039a2-e068-495f-a8fd-c7ad9c45c48e","MomentumMAStrategy_LongOnly","BTC-USDT","Bybit Perpetual","long","99811.4","98653.6","0.12813750510598373","13.986945472972485","12789.583777135384","-162.34454888467894","-6.346748718082246","162000.0","1733587200000.0","1733749200000.0"
"22bb6cb0-3c21-4f97-a601-4d0e7125143e","MomentumMAStrategy_LongOnly","BTC-USDT","Bybit Perpetual","long","100207.3","97884.6","0.1260111711247654","13.728985770131455","12627.239228250704","-306.41513294162365","-12.133100807027015","7200.0","1733756400000.0","1733763600000.0"
"61e95612-10bc-4a6c-aaa0-3be5572495f5","MomentumMAStrategy_LongOnly","BTC-USDT","Bybit Perpetual","long","97912.5","100568.5","0.1258350475711383","13.736726342331906","12320.824095309079","320.48116000661145","13.005670624281887","144000.0","1733792400000.0","1733936400000.0"
"222b323d-a48b-4ae4-aaeb-507f29884c99","MomentumMAStrategy_LongOnly","BTC-USDT","Bybit Perpetual","long","100568.5","99690.6","0.12569845682610054","13.844742909461065","12641.305255315692","-124.195418157094","-4.9122861780776","126000.0","1733936400000.0","1734062400000.0"
"14482b4d-1195-4df6-a8a5-3876865e4cc8","MomentumMAStrategy_LongOnly","BTC-USDT","Bybit Perpetual","long","100248.4","102073.4","0.12486094378721853","13.894149993200879","12517.109837158598","213.97707241847294","8.547383349759198","147600.0","1734080400000.0","1734228000000.0"
"6ffb17d2-2e3b-45be-ba08-ce85f127ee24","MomentumMAStrategy_LongOnly","BTC-USDT","Bybit Perpetual","long","102073.4","104460.4","0.1247248245828695","14.167940586488399","12731.08690957707","283.5502156928211","11.136135418238249","79200.0","1734228000000.0","1734307200000.0"
"cc6aac81-b1b7-4b40-aca4-5128becbf881","MomentumMAStrategy_LongOnly","BTC-USDT","Bybit Perpetual","long","104460.4","107026.9","0.124589194807505","14.491967830457288","13014.637125269894","305.2662006430043","11.727802999988514","64800.0","1734307200000.0","1734372000000.0"
"b6738718-648b-47d6-8f94-cd3fcb0b914b","MomentumMAStrategy_LongOnly","BTC-USDT","Bybit Perpetual","long","107026.9","105268.2","0.12445378989686609","14.531511374343797","13319.903325912897","-233.40839166596183","-8.761639854092742","118800.0","1734372000000.0","1734490800000.0"
"6072c05d-5492-4570-814c-0cb69236b9ca","MomentumMAStrategy_LongOnly","BTC-USDT","Bybit Perpetual","long","104395.1","100836.1","0.12535545187702235","14.149767398394953","13086.494934246937","-460.2898206287175","-17.58644399976627","18000.0","1734537600000.0","1734555600000.0"
"3b52e0d1-7954-4efb-9239-0bcfd148503e","MomentumMAStrategy_LongOnly","BTC-USDT","Bybit Perpetual","long","100836.1","100181.1","0.1252151274555265","13.843716875314183","12626.205113618214","-95.85962535868404","-3.7960584552556083","10800.0","1734555600000.0","1734566400000.0"
"38dcb83d-81eb-49c6-8a39-2bd0b2697fa2","MomentumMAStrategy_LongOnly","BTC-USDT","Bybit Perpetual","long","101784.9","97172.1","0.12310613350565291","13.471054852136303","12530.34548825953","-581.3350274870106","-23.197086945116556","36000.0","1734602400000.0","1734638400000.0"
"415a71dd-e548-4aa6-8f83-26ba7779ecc8","MomentumMAStrategy_LongOnly","BTC-USDT","Bybit Perpetual","long","97172.1","97393.19999999998","0.12296750261415076","13.158864970005165","11949.01046077252","14.029249857980705","0.5870465133509346","7200.0","1734638400000.0","1734645600000.0"
"f15e4e56-9b97-4650-a00a-e9da4d139744","MomentumMAStrategy_LongOnly","BTC-USDT","Bybit Perpetual","long","96961.3","94371.2","0.123379530912132","12.983582754035023","11963.039710630504","-332.5489057695488","-13.899013704436747","205200.0","1734710400000.0","1734915600000.0"
"fca5a51a-8aeb-4562-b94d-4f357ccd8b49","MomentumMAStrategy_LongOnly","BTC-USDT","Bybit Perpetual","long","94371.2","97410.2","0.12324195098569221","12.999532644322088","11630.490804860956","361.53275640119654","15.542454848513106","136800.0","1734915600000.0","1735052400000.0"
"b56b0aae-cea7-469c-9766-385147a99b14","MomentumMAStrategy_LongOnly","BTC-USDT","Bybit Perpetual","long","97410.2","95662.7","0.12310849953354118","13.072903260774194","11992.023561262153","-228.2050061956374","-9.514866487287778","162000.0","1735052400000.0","1735214400000.0"
"efa7fc40-5ad2-4908-b498-a7156c8e6826","MomentumMAStrategy_LongOnly","BTC-USDT","Bybit Perpetual","long","95790.8","94568.4","0.1228073943955632","12.857634543173141","11763.818555066515","-162.97739345231065","-6.927061680244913","230400.0","1735254000000.0","1735484400000.0"
"bf08989d-2216-4925-89ec-c37d762bb8f9","MomentumMAStrategy_LongOnly","BTC-USDT","Bybit Perpetual","long","94568.4","93100.3","0.12267143318078985","12.661873615696633","11600.841161614206","-192.75580466841313","-8.307837422437048","28800.0","1735484400000.0","1735513200000.0"
"af7c3cdf-c66f-42da-b881-81bf8a26c1c7","MomentumMAStrategy_LongOnly","BTC-USDT","Bybit Perpetual","long","93100.3","95567.4","0.12253543068009222","12.71516283120734","11408.08535694579","289.5919981996471","12.692401447685944","140400.0","1735513200000.0","1735653600000.0"
"f410066c-1980-4529-ac4b-04a52f2e656a","MomentumMAStrategy_LongOnly","BTC-USDT","Bybit Perpetual","long","95567.4","93660.7","0.12240238151446453","12.739083549201485","11697.677355145437","-246.12370438283065","-10.520195458911706","64800.0","1735653600000.0","1735718400000.0"
"0be8328c-73a8-4eb2-b72a-53a73788673b","MomentumMAStrategy_LongOnly","BTC-USDT","Bybit Perpetual","long","93660.7","95698.7","0.1222663683995807","12.73375738817796","11451.553650762608","236.4451014101675","10.323712773874208","75600.0","1735718400000.0","1735794000000.0"
"327bf3a4-87aa-4766-8f85-967ffd8739b7","MomentumMAStrategy_LongOnly","BTC-USDT","Bybit Perpetual","long","95698.7","97479.5","0.1221333074762016","12.976420874064544","11687.998752172774","204.5185730795556","8.749084313580031","126000.0","1735794000000.0","1735920000000.0"
"a54a991a-dace-4a9f-a69b-915e03546cef","MomentumMAStrategy_LongOnly","BTC-USDT","Bybit Perpetual","long","97479.5","98661.1","0.12200018799083223","13.161054539949049","11892.517325252331","130.99436759001904","5.507428074620847","198000.0","1735920000000.0","1736118000000.0"
"2b46a22b-6486-44b7-93bd-f7cc08ecd4e4","MomentumMAStrategy_LongOnly","BTC-USDT","Bybit Perpetual","long","98661.1","100702.1","0.12186679139845745","13.362664428810925","12023.51169284235","235.36745681544073","9.787800054935532","57600.0","1736118000000.0","1736175600000.0"
"5ca4ea24-23ce-4d89-aef0-252b9647a442","MomentumMAStrategy_LongOnly","BTC-USDT","Bybit Perpetual","long","100702.1","97915.3","0.12173409640571338","13.298180345698677","12258.87914965779","-352.54676020914104","-14.379241197551998","90000.0","1736175600000.0","1736265600000.0"
"42a2eb62-0b2e-4a2a-9aa8-7c6580b43ade","MomentumMAStrategy_LongOnly","BTC-USDT","Bybit Perpetual","long","97915.3","97706.3","0.12159828330657874","13.082987905727425","11906.33238944865","-38.49702911680238","-1.616661951707241","3600.0","1736265600000.0","1736269200000.0"
"a07b0619-ba55-4c1e-8a28-6ae1e2dee3dc","MomentumMAStrategy_LongOnly","BTC-USDT","Bybit Perpetual","long","95913.0","93176.4","0.12373542022803839","12.868381003317204","11867.835360331846","-351.4827319993678","-14.808207281598978","75600.0","1736334000000.0","1736409600000.0"
"626cc5dd-bcb2-42f8-9653-d98754882e56","MomentumMAStrategy_LongOnly","BTC-USDT","Bybit Perpetual","long","93176.4","94550.5","0.12359731249900704","12.761397178073416","11516.352628332479","157.07366992681287","6.819592756320302","219600.0","1736409600000.0","1736629200000.0"
"e8986381-96e6-4e70-b47b-882ab7fea750","MomentumMAStrategy_LongOnly","BTC-USDT","Bybit Perpetual","long","94550.5","91607.3","0.12346234338537916","12.640913025106705","11673.426298259292","-376.0152820769543","-16.105609118936425","136800.0","1736629200000.0","1736766000000.0"
"6dd87d8d-eb28-4a18-8c25-cd4a33c33944","MomentumMAStrategy_LongOnly","BTC-USDT","Bybit Perpetual","long","91607.3","90713.9","0.12332435314851914","12.366554230393984","11297.411016182337","-122.54453133328207","-5.423567008306155","7200.0","1736766000000.0","1736773200000.0"
"0a262706-c493-4e82-a982-27fbef21b201","MomentumMAStrategy_LongOnly","BTC-USDT","Bybit Perpetual","long","92039.3","94798.5","0.12141407512713648","12.476606277183897","11174.866484849053","322.5291098136107","14.431005070660015","25200.0","1736794800000.0","1736820000000.0"
"510c9edb-2214-49b2-b57a-2f901d5170db","MomentumMAStrategy_LongOnly","BTC-USDT","Bybit Perpetual","long","94798.5","97306.2","0.12128246327381409","12.814412172362392","11497.395594662665","291.32562097938086","12.669200541147788","86400.0","1736820000000.0","1736906400000.0"
"4b0fc3fd-a205-472f-8793-e0938b77b857","MomentumMAStrategy_LongOnly","BTC-USDT","Bybit Perpetual","long","97306.2","99807.4","0.12115077164293792","13.134255607724574","11788.721215642045","289.8880544255914","12.295144194306209","64800.0","1736906400000.0","1736971200000.0"
"b5bb6faf-841a-47cd-ac82-16f1fea58c98","MomentumMAStrategy_LongOnly","BTC-USDT","Bybit Perpetual","long","99807.4","97586.7","0.12101917563294544","13.138659191243956","12078.609270067638","-281.88594251932557","-11.668807899013487","68400.0","1736971200000.0","1737039600000.0"
"aa4ef8e3-49bb-4b1d-973e-ad99f92127f6","MomentumMAStrategy_LongOnly","BTC-USDT","Bybit Perpetual","long","97586.7","100382.0","0.12088453987631831","13.162245365177094","11796.723327548312","324.7463089510958","13.76425893590009","18000.0","1737039600000.0","1737057600000.0"
"51721c4c-3076-4c5d-a456-f407d1621685","MomentumMAStrategy_LongOnly","BTC-USDT","Bybit Perpetual","long","100382.0","102701.9","0.12075341830706111","13.487691320471153","12121.469636499409","266.64816381007927","10.999003083222064","61200.0","1737057600000.0","1737118800000.0"
"c9311349-6143-42f7-a95b-45b1b9ff4e8e","MomentumMAStrategy_LongOnly","BTC-USDT","Bybit Perpetual","long","102701.9","105770.9","0.12062208975987289","13.830533636750616","12388.117800309488","356.3586598362993","14.383083273045585","25200.0","1737118800000.0","1737144000000.0"
"97bdfd9a-19c6-4ade-8ac5-8f88251b5cdc","MomentumMAStrategy_LongOnly","BTC-USDT","Bybit Perpetual","long","105770.9","102778.7","0.12049133041456382","13.820630318783817","12744.476460145788","-374.3547891852413","-14.68694262788724","36000.0","1737144000000.0","1737180000000.0"
"191f8ad5-1d96-42cd-a29f-bcf4c5894381","MomentumMAStrategy_LongOnly","BTC-USDT","Bybit Perpetual","long","102778.7","105013.9","0.12035686062346135","13.755095748232662","12370.121670960547","255.26655911732777","10.317867758591987","82800.0","1737180000000.0","1737262800000.0"
"3b103637-cfb4-4f94-9612-bca84eebcd04","MomentumMAStrategy_LongOnly","BTC-USDT","Bybit Perpetual","long","105013.9","99769.4","0.12022587705130346","13.541138516378105","12625.388230077875","-644.065750711939","-25.506770127573592","72000.0","1737262800000.0","1737334800000.0"
"91c122e0-0e3a-4f39-a836-e5b20074305a","MomentumMAStrategy_LongOnly","BTC-USDT","Bybit Perpetual","long","99769.4","100666.2","0.12009015268575272","13.238687994213253","11981.322479365937","94.45816093437014","3.941892103189971","3600.0","1737334800000.0","1737338400000.0"
"14c31e11-5394-4a88-99a2-a39cd2515726","MomentumMAStrategy_LongOnly","BTC-USDT","Bybit Perpetual","long","107554.0","102247.6","0.1122764438356575","12.955677657467096","12075.780640300307","-608.7393992269994","-25.20497089833941","61200.0","1737356400000.0","1737417600000.0"
"a7b4c07a-5d42-4ca2-b8d7-0e276c68e4ae","MomentumMAStrategy_LongOnly","BTC-USDT","Bybit Perpetual","long","103725.0","105137.0","0.1105523378266889","12.699600310736844","11467.041241073306","143.40030070054786","6.252715835140997","406800.0","1737460800000.0","1737867600000.0"
"0f9a6fa9-7314-4a39-abcb-94ecbdc05f5b","MomentumMAStrategy_LongOnly","BTC-USDT","Bybit Perpetual","long","105137.0","102560.1","0.11043154685575825","12.61497161675031","11610.441541773855","-297.1860247093531","-12.79822234322833","68400.0","1737867600000.0","1737936000000.0"
"a270f55e-cb43-48f9-bfb9-36db353426b9","MomentumMAStrategy_LongOnly","BTC-USDT","Bybit Perpetual","long","102560.1","101349.2","0.11030854608238976","12.371116128622813","11313.255517064503","-145.94373457978952","-6.450121026598104","14400.0","1737936000000.0","1737950400000.0"
"fdd60c05-39a4-4d09-9b99-c4233eba8737","MomentumMAStrategy_LongOnly","BTC-USDT","Bybit Perpetual","long","101070.8","104155.5","0.11048999100120623","12.471498622115966","11167.311782484714","328.35697661930453","14.701701851573338","190800.0","1737993600000.0","1738184400000.0"
"7fb06f8e-fd52-4071-a81e-e70bc70bca12","MomentumMAStrategy_LongOnly","BTC-USDT","Bybit Perpetual","long","104155.5","101647.49999999999","0.1103702517783892","12.49299090971131","11495.668759104017","-289.30158236991304","-12.583068824978108","172800.0","1738184400000.0","1738357200000.0"
"ff802dfd-99fa-4ed4-ae5d-4cf5acff7130","MomentumMAStrategy_LongOnly","BTC-USDT","Bybit Perpetual","long","101647.5","99160.8","0.1102473467299649","12.176220251995147","11206.367176734107","-286.3282973653985","-12.7752505718291","111600.0","1738357200000.0","1738468800000.0"
"dc5a0d6d-e72d-4a9d-8ef8-9f0d13e502fd","MomentumMAStrategy_LongOnly","BTC-USDT","Bybit Perpetual","long","99160.8","93408.4","0.11012455405128548","11.663628500707041","10920.038879368709","-645.1441132253226","-29.53946045211419","79200.0","1738468800000.0","1738548000000.0"
"2a9e066d-79d3-4966-8191-880468fb7cce","MomentumMAStrategy_LongOnly","BTC-USDT","Bybit Perpetual","long","93408.4","93539.1","0.10999968703182354","11.310291570260008","10274.894766143385","3.0666675248006108","0.1492310916363606","3600.0","1738548000000.0","1738551600000.0"
"6c0ebd65-135b-4d93-a9c1-461b3fded5a3","MomentumMAStrategy_LongOnly","BTC-USDT","Bybit Perpetual","long","95227.2","99773.0","0.10793094235332118","11.575605439797357","10277.961433668186","479.0568723099304","23.30505302056557","32400.0","1738576800000.0","1738609200000.0"
"01b4ea50-8ea2-408d-8d51-1937e6f28ed5","MomentumMAStrategy_LongOnly","BTC-USDT","Bybit Perpetual","long","99773.0","98967.59999999999","0.10781492293484325","11.78496136016348","10757.018305978116","-98.61910029188718","-4.5839421987913","68400.0","1738609200000.0","1738677600000.0"
"891b145e-a10d-4ca1-972e-abb023311e84","MomentumMAStrategy_LongOnly","BTC-USDT","Bybit Perpetual","long","99374.4","96412.9","0.10725497920677991","11.54953953474837","10658.39920568623","-329.18516045562706","-15.44252350202869","100800.0","1738695600000.0","1738796400000.0"
"6b78bfd7-4b46-4fe3-8fd6-291d60c0ec05","MomentumMAStrategy_LongOnly","BTC-USDT","Bybit Perpetual","long","96412.9","98566.4","0.10713518673570242","11.489029043303098","10329.214045230603","219.22659559203206","10.611968859976207","39600.0","1738796400000.0","1738836000000.0"
"59b7da3e-f7f2-425f-bf17-673c2e06c2ad","MomentumMAStrategy_LongOnly","BTC-USDT","Bybit Perpetual","long","98566.4","95946.1","0.10701862542228016","11.4490532075982","10548.440640822635","-291.8699574015976","-13.834744268838003","36000.0","1738836000000.0","1738872000000.0"
"fcc39c37-e6a0-4ac1-8483-442374a32892","MomentumMAStrategy_LongOnly","BTC-USDT","Bybit Perpetual","long","95946.1","98787.9","0.1068992974536853","11.449310284690274","10256.570683421036","292.33711321919134","14.25121135720987","64800.0","1738872000000.0","1738936800000.0"
"f63f3a73-18e7-424e-b161-9053862361d7","MomentumMAStrategy_LongOnly","BTC-USDT","Bybit Perpetual","long","98787.9","95717.5","0.10678339955237663","11.423471313812161","10548.907796640227","-339.29122129942874","-16.081817560652638","25200.0","1738936800000.0","1738962000000.0"
"914e013a-a3e1-4776-8666-2d416e4f63b2","MomentumMAStrategy_LongOnly","BTC-USDT","Bybit Perpetual","long","95717.5","96165.0","0.1066640538599608","11.256830923131162","10209.616575340799","36.4753331792013","1.7863223809648183","32400.0","1738962000000.0","1738994400000.0"
"adfc5ad5-7e32-41bd-afb7-ed466aaa50d5","MomentumMAStrategy_LongOnly","BTC-USDT","Bybit Perpetual","long","96001.6","98175.3","0.1067283452413293","11.398298571600094","10246.09190852","220.5971054794771","10.764938839560992","183600.0","1739012400000.0","1739196000000.0"
"c54c95bf-10b7-4117-932e-c900f0cc2fdd","MomentumMAStrategy_LongOnly","BTC-USDT","Bybit Perpetual","long","98175.3","96328.0","0.10661224375173262","11.405038276564007","10466.689013999476","-208.34983615913998","-9.952996400316591","97200.0","1739196000000.0","1739293200000.0"
"ebd020dd-5124-4408-a71f-a38afa180ef6","MomentumMAStrategy_LongOnly","BTC-USDT","Bybit Perpetual","long","96328.0","95541.2","0.10649384579603373","11.238088948794594","10258.339177840337","-95.02744682111424","-4.631716946266936","21600.0","1739293200000.0","1739314800000.0"
"abd88cd1-20a5-4021-8d50-00bfaa0eec06","MomentumMAStrategy_LongOnly","BTC-USDT","Bybit Perpetual","long","96175.1","98487.8","0.10567508358212492","11.314060025311354","10163.311731019223","233.08070577506862","11.466769491271632","230400.0","1739325600000.0","1739556000000.0"
"18d587b9-423d-4fa7-8b4f-b36d35575037","MomentumMAStrategy_LongOnly","BTC-USDT","Bybit Perpetual","long","98487.8","97545.99999999999","0.10556020580005128","11.381352549471352","10396.392436794291","-110.79795437196148","-5.328673145303365","111600.0","1739556000000.0","1739667600000.0"
"429f4b2a-ebf6-4ec4-893b-5bb3166db4c1","MomentumMAStrategy_LongOnly","BTC-USDT","Bybit Perpetual","long","97546.0","96066.99999999999","0.10544352902653448","11.228380891977931","10285.594482422332","-167.17936032222397","-8.126869118159712","82800.0","1739667600000.0","1739750400000.0"
"b17b5d3a-4009-446c-89ea-4c6f92a20e15","MomentumMAStrategy_LongOnly","BTC-USDT","Bybit Perpetual","long","96067.0","94074.6","0.10532664829858443","11.014837586571568","10118.41512210011","-220.86765165667057","-10.914142629623045","151200.0","1739750400000.0","1739901600000.0"
"f36ce059-9c1f-4ddf-97bd-b1a6c46881f8","MomentumMAStrategy_LongOnly","BTC-USDT","Bybit Perpetual","long","94074.6","95895.0","0.10520956209692563","10.992640135250468","9897.54747044344","180.53084670599233","9.119978825315197","57600.0","1739901600000.0","1739959200000.0"
"9ecc714d-94fb-47e8-ada8-041cd519e4cf","MomentumMAStrategy_LongOnly","BTC-USDT","Bybit Perpetual","long","95895.0","97332.9","0.10509493005004882","11.168999948819806","10078.078317149431","139.94699997014476","6.943139136555576","90000.0","1739959200000.0","1740049200000.0"
"798fc77e-a1c4-4afd-8d5f-4d3e517aaefc","MomentumMAStrategy_LongOnly","BTC-USDT","Bybit Perpetual","long","97332.9","98563.4","0.10498017953969908","11.310875809839516","10218.025317119576","117.8672351137602","5.767613186291583","86400.0","1740049200000.0","1740135600000.0"
"c26c6b65-1a3b-438f-80f2-0e8b24a82078","MomentumMAStrategy_LongOnly","BTC-USDT","Bybit Perpetual","long","98563.4","96500.10000000002","0.10486542217733293","11.250478953388502","10335.892552233336","-227.61930453187676","-11.011110234630571","28800.0","1740135600000.0","1740164400000.0"
"6038b7fb-ccf9-44a5-9caa-7ea14a40e8f9","MomentumMAStrategy_LongOnly","BTC-USDT","Bybit Perpetual","long","96500.1","95366.4","0.10474883702401819","11.053786006377834","10108.273247701458","-129.80754254050848","-6.420856429164383","10800.0","1740164400000.0","1740175200000.0"
"dfc748b6-2362-4001-9a87-a7b2a4404a1e","MomentumMAStrategy_LongOnly","BTC-USDT","Bybit Perpetual","long","96241.7","95380.6","0.10368131179271511","10.927208288005456","9978.46570516095","-100.20718587271153","-5.021172033536353","118800.0","1740211200000.0","1740330000000.0"
"2c519238-6182-4a15-8638-48ac89663a5a","MomentumMAStrategy_LongOnly","BTC-USDT","Bybit Perpetual","long","95380.6","92380.2","0.10356674752820007","10.695176453111078","9878.25851928824","-321.43684573672346","-16.26991463672911","108000.0","1740330000000.0","1740438000000.0"
"d74890ba-b653-4290-9ff9-9fc8de89c2b9","MomentumMAStrategy_LongOnly","BTC-USDT","Bybit Perpetual","long","92380.2","91514.5","0.10345097405668657","10.463247211374188","9556.821673551516","-100.02075545224744","-5.232950810888032","3600.0","1740438000000.0","1740441600000.0"
"67cc3174-0e34-4338-8c54-0f80a952a962","MomentumMAStrategy_LongOnly","BTC-USDT","Bybit Perpetual","long","88762.9","84204.9","0.10654001748590086","10.135395840073791","9456.800918099269","-495.7447955408099","-26.211019975688043","72000.0","1740524400000.0","1740596400000.0"
"2145ccbe-081c-44ad-970a-bec7643a29cd","MomentumMAStrategy_LongOnly","BTC-USDT","Bybit Perpetual","long","84204.9","84344.2","0.10641965161835545","9.865315076423045","8961.056122558459","4.95894239401418","0.27669408193586664","7200.0","1740596400000.0","1740603600000.0"
"be64ea68-87fe-4ce1-bda5-67a932121e01","MomentumMAStrategy_LongOnly","BTC-USDT","Bybit Perpetual","long","85832.5","81606.8","0.10445944211053473","9.619838725958154","8966.015064952473","-451.0341032524445","-25.15242836338215","72000.0","1740636000000.0","1740708000000.0"
"e18ae35e-af11-422d-90c4-ac6ed8aa5550","MomentumMAStrategy_LongOnly","BTC-USDT","Bybit Perpetual","long","81606.8","80772.0","0.10434156175343265","9.31857167320656","8514.980961700028","-96.42290742497244","-5.66195672419457","3600.0","1740708000000.0","1740711600000.0"
"def5a145-330c-4b3d-8ed0-a93e7a132b86","MomentumMAStrategy_LongOnly","BTC-USDT","Bybit Perpetual","long","82056.0","86130.00000000001","0.1025952770580464","9.490299097006528","8418.558054275056","408.482859637476","24.260856610120005","50400.0","1740754800000.0","1740805200000.0"
"31dba885-c7d0-4703-9e8d-a94680308397","MomentumMAStrategy_LongOnly","BTC-USDT","Bybit Perpetual","long","86130.0","91165.40000000001","0.10248509130282749","9.993574391114226","8827.040913912531","506.0598543551442","28.665317136886152","129600.0","1740805200000.0","1740934800000.0"
"c2fc56cc-c462-4ce8-8eae-ce6016d1b73e","MomentumMAStrategy_LongOnly","BTC-USDT","Bybit Perpetual","long","91165.4","90257.5","0.10237547104787206","10.215290165504044","9333.100768267675","-103.1619803298665","-5.526672372413187","90000.0","1740934800000.0","1741024800000.0"
"4daf9f0e-8d88-400d-8d69-76cc2cfb1067","MomentumMAStrategy_LongOnly","BTC-USDT","Bybit Perpetual","long","82782.4","88165.3","0.11149639039140939","10.483028322642443","9229.938787937808","589.6908915152761","31.94446382926811","21600.0","1741096800000.0","1741118400000.0"
"107f0fec-d671-4086-a5bd-5ce587b84d4e","MomentumMAStrategy_LongOnly","BTC-USDT","Bybit Perpetual","long","88165.3","91776.0","0.11137748841611249","11.022775530981622","9819.629679453083","391.12792189307544","19.915614674934453","111600.0","1741118400000.0","1741230000000.0"
"309cface-73cf-4400-ae14-12a5a0275967","MomentumMAStrategy_LongOnly","BTC-USDT","Bybit Perpetual","long","91776.0","88374.1","0.11125738320853117","11.023665790915366","10210.757601346157","-389.51015772801685","-19.07351897554913","57600.0","1741230000000.0","1741287600000.0"
"6743c437-72a9-48f3-b7e1-0669f6b697e3","MomentumMAStrategy_LongOnly","BTC-USDT","Bybit Perpetual","long","88374.1","85900.0","0.11113264456009328","10.652147886231585","9821.24744361814","-285.60542379235903","-14.540180635502969","169200.0","1741287600000.0","1741456800000.0"
"26f2c832-ef90-486d-98cb-fe1126fd0e5c","MomentumMAStrategy_LongOnly","BTC-USDT","Bybit Perpetual","long","85900.0","83425.9","0.11100863818190664","10.338150662359137","9535.64201982578","-284.984622388215","-14.943127153667088","72000.0","1741456800000.0","1741528800000.0"
"f4573072-14e3-4cb4-aaba-bf7711b52576","MomentumMAStrategy_LongOnly","BTC-USDT","Bybit Perpetual","long","83425.9","80319.2","0.11088471802446923","9.986256082763683","9250.657397437566","-354.47180956938195","-19.15927670543559","32400.0","1741528800000.0","1741561200000.0"
"0575c6fb-53c8-4ed6-87d2-dfa3e324191c","MomentumMAStrategy_LongOnly","BTC-USDT","Bybit Perpetual","long","82159.4","78420.5","0.10827958319885715","9.563138553162787","8896.185587868184","-414.40967217536917","-23.29142462700552","54000.0","1741575600000.0","1741629600000.0"
"bded722e-5b3a-44bb-88dc-bdd557b7300c","MomentumMAStrategy_LongOnly","BTC-USDT","Bybit Perpetual","long","78420.5","77630.7","0.10815763627741234","9.282970911639552","8481.775915692815","-94.70587204354014","-5.5829034499907735","25200.0","1741629600000.0","1741654800000.0"
"ca63830c-113f-415d-ad33-c51d11bbdb61","MomentumMAStrategy_LongOnly","BTC-USDT","Bybit Perpetual","long","79084.2","83226.39999999998","0.10605241051498625","9.46738671017355","8387.070043649275","429.8229081250006","25.6241396511565","61200.0","1741658400000.0","1741719600000.0"
"41ddce12-aaf5-486a-9709-3c8f956c44d8","MomentumMAStrategy_LongOnly","BTC-USDT","Bybit Perpetual","long","83226.4","80034.6","0.10593865590454804","9.512607995897831","8816.892951774276","-347.64760991203303","-19.714859407591753","169200.0","1741719600000.0","1741888800000.0"
"43ba0a80-b915-4183-90d1-57ef7eb1f5e7","MomentumMAStrategy_LongOnly","BTC-USDT","Bybit Perpetual","long","80034.6","82124.5","0.10581979970990352","9.437803915726018","8469.245341862244","211.71499549800072","12.499047255811824","50400.0","1741888800000.0","1741939200000.0"
"b1644975-1a55-473c-bef9-d2438761fb53","MomentumMAStrategy_LongOnly","BTC-USDT","Bybit Perpetual","long","82124.5","84692.20000000001","0.10570487902343692","9.698336500923935","8680.960337360246","261.7200813675563","15.07437375570026","28800.0","1741939200000.0","1741968000000.0"
"1e54084d-0231-4b20-8630-f73855162f82","MomentumMAStrategy_LongOnly","BTC-USDT","Bybit Perpetual","long","84692.2","83626.9","0.1055903662760892","9.775081481143927","8942.680418727801","-122.26049867506205","-6.8357859696642835","154800.0","1741968000000.0","1742122800000.0"
"ef35bb12-466c-497c-bd10-5ea91ef65017","MomentumMAStrategy_LongOnly","BTC-USDT","Bybit Perpetual","long","83626.9","82367.9","0.10547347707559097","9.629426802857019","8820.419920052738","-142.42053444102604","-8.073342070553851","3600.0","1742122800000.0","1742126400000.0"
"47d527b4-e8b7-4dc6-8ab0-df7315c59f89","MomentumMAStrategy_LongOnly","BTC-USDT","Bybit Perpetual","long","82367.9","84462.0","0.105356569556972","9.667144279942974","8677.999385611713","210.9600480293127","12.154878022870596","111600.0","1742126400000.0","1742238000000.0"
"786de321-0a66-43ee-8f52-3f675ef69445","MomentumMAStrategy_LongOnly","BTC-USDT","Bybit Perpetual","long","84462.0","82407.0","0.10524211401152027","9.658905477643607","8888.959433641025","-225.93144977131774","-12.708543191020812","43200.0","1742238000000.0","1742281200000.0"
"f7c43123-332b-40ae-991a-df2e71103eda","MomentumMAStrategy_LongOnly","BTC-USDT","Bybit Perpetual","long","82407.0","84050.1","0.10512490424199046","9.624332683844688","8663.027983869708","163.10639747617043","9.413936892497029","111600.0","1742281200000.0","1742392800000.0"
"6d922227-0366-4a45-bf9f-e41ee716a231","MomentumMAStrategy_LongOnly","BTC-USDT","Bybit Perpetual","long","84050.1","86809.79999999999","0.10501039714819944","9.868136275635905","8826.134381345879","279.92905673424826","15.857964803135166","36000.0","1742392800000.0","1742428800000.0"
"fae95237-2473-4324-96c9-cfd2b9f818cd","MomentumMAStrategy_LongOnly","BTC-USDT","Bybit Perpetual","long","86809.8","83769.5","0.1048967217765751","9.841265155118615","9106.06343808013","-328.75876837244016","-18.051640569382734","61200.0","1742428800000.0","1742490000000.0"
"f3aebcc4-7fe9-40b6-a53b-43a38c53db35","MomentumMAStrategy_LongOnly","BTC-USDT","Bybit Perpetual","long","83769.5","84427.7","0.10477924148655167","9.692966269889006","8777.30466970769","59.272730476559","3.3764767606348203","237600.0","1742490000000.0","1742727600000.0"
"44dee5a1-b1b6-4fdd-a517-db78c5dfd63e","MomentumMAStrategy_LongOnly","BTC-USDT","Bybit Perpetual","long","84427.7","85333.2","0.10466443359447491","9.772360644743564","8836.57740018425","85.00128397505347","4.809627083291384","43200.0","1742727600000.0","1742770800000.0"
"7916863c-d703-40f6-b52f-60ba180a9c93","MomentumMAStrategy_LongOnly","BTC-USDT","Bybit Perpetual","long","85333.2","86794.9","0.10454991356423178","9.897787887336495","8921.578684159304","142.9228207695008","8.009951255783195","21600.0","1742770800000.0","1742792400000.0"
"9838a4ed-6894-47de-b95c-4f6a3ae4158c","MomentumMAStrategy_LongOnly","BTC-USDT","Bybit Perpetual","long","86794.9","88413.2","0.10443587704955941","10.0639063743278","9064.501504928803","158.94467345497452","8.767424958148482","46800.0","1742792400000.0","1742839200000.0"
"2125e8cc-6ebe-4237-ba28-d2e7aa4a6bb1","MomentumMAStrategy_LongOnly","BTC-USDT","Bybit Perpetual","long","88413.2","86477.4","0.10432204895178297","10.034720153923683","9223.446178383778","-211.98134251478547","-11.49143923079361","36000.0","1742839200000.0","1742875200000.0"
"59885d6f-481b-4210-b1c5-6c1a2d553ce4","MomentumMAStrategy_LongOnly","BTC-USDT","Bybit Perpetual","long","86477.4","88106.7","0.10420601030869331","10.005991888383669","9011.464835868994","159.77686070757065","8.865199144516387","100800.0","1742875200000.0","1742976000000.0"
"3852514f-2a11-474d-9c63-5c9f3cfa06b0","MomentumMAStrategy_LongOnly","BTC-USDT","Bybit Perpetual","long","88106.7","86459.6","0.10409244355510494","9.994068001155433","9171.241696576564","-181.44473178076785","-9.892048306201408","32400.0","1742976000000.0","1743008400000.0"
"a8edb8db-9166-490c-af28-1774ded2e129","MomentumMAStrategy_LongOnly","BTC-USDT","Bybit Perpetual","long","86459.6","84916.3","0.103976851209071","9.800519550316348","8989.796964795796","-170.26799402127594","-9.4700689397129","151200.0","1743008400000.0","1743159600000.0"
"e0e5f87c-479f-4194-b621-8b88fcc6aead","MomentumMAStrategy_LongOnly","BTC-USDT","Bybit Perpetual","long","84916.3","84133.9","0.103861437330342","9.656788214139981","8819.528970774521","-90.91797678140047","-5.154355583085984","14400.0","1743159600000.0","1743174000000.0"
"28078424-c027-4628-b5fb-846e34132a43","MomentumMAStrategy_LongOnly","BTC-USDT","Bybit Perpetual","long","84443.4","82889.69999999998","0.10336640867128896","9.513141879358514","8728.610993993121","-170.11353103194136","-9.744593449576945","43200.0","1743202800000.0","1743246000000.0"
"4a67cc6b-c537-4317-acc9-64fd910aa70e","MomentumMAStrategy_LongOnly","BTC-USDT","Bybit Perpetual","long","82889.7","85245.4","0.10325163998616452","9.548123647830774","8558.49746296118","233.6817646675767","13.65203212823787","277200.0","1743246000000.0","1743523200000.0"
"959edc6a-dde8-4ffa-8eda-a6551b77d3b6","MomentumMAStrategy_LongOnly","BTC-USDT","Bybit Perpetual","long","85245.4","83522.1","0.10313963249194393","9.57363985962128","8792.179227628756","-187.31416853298703","-10.652317456425733","133200.0","1743523200000.0","1743656400000.0"
"deef8170-b5bc-42e0-a574-6e4337dac601","MomentumMAStrategy_LongOnly","BTC-USDT","Bybit Perpetual","long","81796.2","83968.19999999998","0.10519883636520728","9.591022094927222","8604.865059095768","218.90085049030148","12.719598098689094","50400.0","1743703200000.0","1743753600000.0"
"b06921e5-389c-476c-8375-08517e493d79","MomentumMAStrategy_LongOnly","BTC-USDT","Bybit Perpetual","long","83968.2","82828.39999999998","0.10508461428952948","9.640266006692713","8823.765909586069","-129.41570937390026","-7.333360307830926","183600.0","1743753600000.0","1743937200000.0"
"bf49e0c5-6da5-4807-9260-c840eb695348","MomentumMAStrategy_LongOnly","BTC-USDT","Bybit Perpetual","long","82828.4","80765.9","0.10496822587677863","9.444711889004417","8694.350200212171","-225.94167775986037","-12.993591962418687","25200.0","1743937200000.0","1743962400000.0"
"bd5fe4b3-5fdd-4e1c-893a-23d77d349d47","MomentumMAStrategy_LongOnly","BTC-USDT","Bybit Perpetual","long","80765.9","79572.6","0.10485128652627297","9.246433902581051","8468.40852245231","-134.36547411438136","-7.933336810460778","7200.0","1743962400000.0","1743969600000.0"
"29fd135c-76d9-4cfc-96ba-ce9643076831","MomentumMAStrategy_LongOnly","BTC-USDT","Bybit Perpetual","long","78319.9","77106.6","0.10641028714717368","9.096438172404106","8334.043048337928","-138.2040395680687","-8.29153621876425","111600.0","1744034400000.0","1744146000000.0"
"cbfac0dc-5619-4103-a538-947b5a4fed82","MomentumMAStrategy_LongOnly","BTC-USDT","Bybit Perpetual","long","76799.1","82161.9","0.10671790436046592","9.330191637274215","8195.839008769859","562.9765858670312","34.34526869455494","39600.0","1744182000000.0","1744221600000.0"
"7c504ef9-29d9-4eed-a56c-84defedfdce3","MomentumMAStrategy_LongOnly","BTC-USDT","Bybit Perpetual","long","82161.9","78731.7","0.1066043457446443","9.433576329375276","8758.81559463689","-375.1078031026538","-21.41315792356309","79200.0","1744221600000.0","1744300800000.0"
"54a35337-1647-407e-9430-81398828e4f2","MomentumMAStrategy_LongOnly","BTC-USDT","Bybit Perpetual","long","78731.7","79451.0","0.10648452645547138","9.264205446621343","8383.707791534236","67.33011443279953","4.01553322867411","10800.0","1744300800000.0","1744311600000.0"
"230ee62f-a988-4941-ac80-c608e50551d6","MomentumMAStrategy_LongOnly","BTC-USDT","Bybit Perpetual","long","80405.9","83888.20000000001","0.10510469885875336","9.49744504762345","8451.037905967036","356.5086477882152","21.09259547495904","57600.0","1744336800000.0","1744394400000.0"
"3bd05090-3d00-4b24-bd2f-04ceb020d54b","MomentumMAStrategy_LongOnly","BTC-USDT","Bybit Perpetual","long","83888.2","85691.29999999999","0.10499148335231001","9.792421788128681","8807.546553755252","179.51772184442058","10.191131023195107","309600.0","1744394400000.0","1744704000000.0"
"2e88bc67-e854-4509-b9b9-11f2253dcae5","MomentumMAStrategy_LongOnly","BTC-USDT","Bybit Perpetual","long","85691.3","83954.6","0.10487720778655095","9.785593567440046","8987.064275599674","-191.9258403303428","-10.677894051088016","43200.0","1744704000000.0","1744747200000.0"
"3159ea87-aff8-45d5-a183-55126dd3d4ec","MomentumMAStrategy_LongOnly","BTC-USDT","Bybit Perpetual","long","83954.6","84751.8","0.10476064962812437","9.720585633232211","8795.138435269331","73.79460425030823","4.195192878055503","284400.0","1744747200000.0","1745031600000.0"
"5482057f-c405-4823-94b2-bb3972caead9","MomentumMAStrategy_LongOnly","BTC-USDT","Bybit Perpetual","long","84751.8","86600.0","0.10464595488850548","9.86220000307532","8868.93303951964","183.5444538218602","10.34760624553105","165600.0","1745031600000.0","1745197200000.0"
"873eca1c-a43d-47a5-b7f4-88c0510c7235","MomentumMAStrategy_LongOnly","BTC-USDT","Bybit Perpetual","long","86600.0","88434.9","0.1045320726713799","10.063218487755243","9052.4774933415","181.74268165695912","10.038284093533454","111600.0","1745197200000.0","1745308800000.0"
"44720f46-96ec-402e-808e-8cbe5c2c660b","MomentumMAStrategy_LongOnly","BTC-USDT","Bybit Perpetual","long","88434.9","90744.1","0.104418280282993","10.290259673554523","9234.220174998458","230.83243315593415","12.498750775994612","25200.0","1745308800000.0","1745334000000.0"
"dac187d1-ac43-4f03-86f6-a8606ba87e38","MomentumMAStrategy_LongOnly","BTC-USDT","Bybit Perpetual","long","90744.1","93404.9","0.10430488161934927","10.564201804926851","9465.052608154392","266.9702272078365","14.102944709352942","32400.0","1745334000000.0","1745366400000.0"
"3e4d1bad-1c54-4a71-b808-30284faad392","MomentumMAStrategy_LongOnly","BTC-USDT","Bybit Perpetual","long","93404.9","95338.4","0.10419178046721563","10.816025263041801","9732.022835362228","190.6387822703196","9.794406851246562","226800.0","1745366400000.0","1745593200000.0"
"90956c9c-7d77-40a2-8ae6-d7b328dde473","MomentumMAStrategy_LongOnly","BTC-USDT","Bybit Perpetual","long","95338.4","94107.4","0.10407833168620985","10.844461544927654","9922.661617632548","-138.96488785065196","-7.002399820009566","100800.0","1745593200000.0","1745694000000.0"
"48bfc3bf-4a45-4c98-91f2-c5506b9caf8b","MomentumMAStrategy_LongOnly","BTC-USDT","Bybit Perpetual","long","94107.4","92898.2","0.10396309673608979","10.692924705644781","9783.696729781896","-136.40510127892426","-6.971040959584459","111600.0","1745694000000.0","1745805600000.0"
"6383a956-1c74-459d-993b-c86a8b2ba929","MomentumMAStrategy_LongOnly","BTC-USDT","Bybit Perpetual","long","92898.2","94183.2","0.10384799305587161","10.685415360445507","9647.291628502971","122.75925571634953","6.362368861829401","14400.0","1745805600000.0","1745820000000.0"
"d42db6df-eb00-4148-8802-ab5390083416","MomentumMAStrategy_LongOnly","BTC-USDT","Bybit Perpetual","long","94183.2","96118.0","0.10373453953804204","10.857444045545266","9770.050884219321","189.84814305265877","9.715821611497608","277200.0","1745820000000.0","1746097200000.0"
"6f591db3-42d2-4a63-9062-a70a84eeec5b","MomentumMAStrategy_LongOnly","BTC-USDT","Bybit Perpetual","long","96118.0","97690.1","0.1036215800086558","11.045485847261562","9959.899027271978","151.85800008434683","7.623470863938106","100800.0","1746097200000.0","1746198000000.0"
"fb50fe81-48b3-406a-a66a-9275525a8fb7","MomentumMAStrategy_LongOnly","BTC-USDT","Bybit Perpetual","long","97690.1","96292.1","0.10350851342517127","11.043345034119344","10111.757027356325","-155.7482468025088","-7.701344404397171","46800.0","1746198000000.0","1746244800000.0"
"7e70714a-3c21-4615-bb14-87c18adb909f","MomentumMAStrategy_LongOnly","BTC-USDT","Bybit Perpetual","long","96292.1","95332.0","0.1033938275367742","10.897012031009265","9956.008780553815","-110.16542584906678","-5.53260991815531","122400.0","1746244800000.0","1746367200000.0"
"230cdca1-5eca-4351-a690-df7cf4f8f51f","MomentumMAStrategy_LongOnly","BTC-USDT","Bybit Perpetual","long","95332.0","94230.2","0.10327952161608639","10.767841332871091","9845.843354704748","-124.56121824947537","-6.325573836697032","36000.0","1746367200000.0","1746403200000.0"
"e0590505-087c-4c9d-bd60-c7d2798c15f0","MomentumMAStrategy_LongOnly","BTC-USDT","Bybit Perpetual","long","94230.2","96206.2","0.10316524995654547","10.80553034375357","9721.282136455271","193.04900357038028","9.929194568195758","169200.0","1746403200000.0","1746572400000.0"
"2dcfd46f-e2e8-4c0b-85f0-b6b02e0ad2ae","MomentumMAStrategy_LongOnly","BTC-USDT","Bybit Perpetual","long","96206.2","98625.79999999999","0.10305293359498298","11.042905036997748","9914.331140025652","238.30397308942216","12.018156833966996","100800.0","1746572400000.0","1746673200000.0"
"93958043-8b36-4867-8313-95dc67df49ce","MomentumMAStrategy_LongOnly","BTC-USDT","Bybit Perpetual","long","98625.8","100730.8","0.10294096588433325","11.28707852767917","10152.635113115075","205.40365465884233","10.115780404316112","46800.0","1746673200000.0","1746720000000.0"
"f00ab82c-cd0b-4bd2-9882-dcd91be6f6ed","MomentumMAStrategy_LongOnly","BTC-USDT","Bybit Perpetual","long","100730.8","103228.1","0.10282891397441415","11.535079700328879","10358.038767773918","245.2595671679759","11.839092933839513","28800.0","1746720000000.0","1746748800000.0"
"6d176235-e002-493d-9a5b-7392e3e910f4","MomentumMAStrategy_LongOnly","BTC-USDT","Bybit Perpetual","long","103228.1","104788.8","0.10271717037262036","11.751799046726383","10603.298334941892","148.55888875382192","7.005314953002125","172800.0","1746748800000.0","1746921600000.0"
"46c7368f-709c-47f6-a78b-98c51ceacdc6","MomentumMAStrategy_LongOnly","BTC-USDT","Bybit Perpetual","long","104788.8","102481.7","0.10260502290030724","11.696846919481972","10751.857223695715","-248.4168952527814","-11.55227836848979","144000.0","1746921600000.0","1747065600000.0"
"5bee9f0f-8ba8-4df5-8965-6d72444ef291","MomentumMAStrategy_LongOnly","BTC-USDT","Bybit Perpetual","long","102481.7","101583.7","0.10249088694316091","11.503164112226","10503.440328442934","-103.5399805871845","-4.928860323355291","10800.0","1747065600000.0","1747076400000.0"
"7f0b0b50-f68d-4bec-a86b-b569670814cd","MomentumMAStrategy_LongOnly","BTC-USDT","Bybit Perpetual","long","102700.1","104744.7","0.10126475385959458","11.553765636299055","10399.90034785575","195.49215010502712","9.398751120982311","54000.0","1747112400000.0","1747166400000.0"
"5fe92a34-e744-4435-9e80-b93ce45133c3","MomentumMAStrategy_LongOnly","BTC-USDT","Bybit Perpetual","long","104744.7","103156.5","0.10115444979994956","11.566572324312101","10595.392497960776","-172.2200694965917","-8.127120799429456","46800.0","1747166400000.0","1747213200000.0"
"e4faf890-260d-4c86-b5aa-42f7a505320c","MomentumMAStrategy_LongOnly","BTC-USDT","Bybit Perpetual","long","103156.5","104708.2","0.10104232334815726","11.551722726537239","10423.172428464184","145.2356504127981","6.966959983132412","363600.0","1747213200000.0","1747576800000.0"
"af9cf55e-f589-4c6f-b6ee-dc29d18bed89","MomentumMAStrategy_LongOnly","BTC-USDT","Bybit Perpetual","long","104708.2","102166.4","0.10093200034836797","11.484146959597666","10568.408078876982","-268.0331054450796","-12.680864679175091","61200.0","1747576800000.0","1747638000000.0"
"7f96fedc-8216-4b42-8dec-a46742147f82","MomentumMAStrategy_LongOnly","BTC-USDT","Bybit Perpetual","long","105314.4","107710.6","0.0978059503109917","11.459311910749452","10300.374973431903","222.90330622444998","10.820154936077172","136800.0","1747674000000.0","1747810800000.0"
"1b42fdf5-962a-4b1b-b651-df796de82f56","MomentumMAStrategy_LongOnly","BTC-USDT","Bybit Perpetual","long","107710.6","111755.9","0.09769956048574932","11.792979325240136","10523.278279656352","383.43105270776044","18.218232119215692","75600.0","1747810800000.0","1747886400000.0"
"f9234ffb-a05d-48f7-8608-b3b50c87ceb2","MomentumMAStrategy_LongOnly","BTC-USDT","Bybit Perpetual","long","111755.9","109033.20000000001","0.09759403604072907","11.851234660540074","10906.709332364113","-277.5705165886314","-12.724759967930027","115200.0","1747886400000.0","1748001600000.0"
"2c0fc483-8396-46db-8db3-e21285ab070b","MomentumMAStrategy_LongOnly","BTC-USDT","Bybit Perpetual","long","109033.2","109027.0","0.09748534222397838","11.691720272336044","10629.138815775479","-12.296129394124426","-0.5784160696008055","18000.0","1748001600000.0","1748019600000.0"
"ebf83611-337e-4e7d-afd6-21a0c7f134b1","MomentumMAStrategy_LongOnly","BTC-USDT","Bybit Perpetual","long","107916.8","106903.39999999998","0.09837988789865298","11.623692956901419","10616.842686381355","-111.32187135339865","-5.2427013680910814","100800.0","1748070000000.0","1748170800000.0"
"189e3cd9-7d99-4c65-a77e-153a56a2031b","MomentumMAStrategy_LongOnly","BTC-USDT","Bybit Perpetual","long","107476.5","109500.10000000002","0.09774714300361434","11.664863511750916","10505.520815027956","186.13625507036505","8.85897321740111","43200.0","1748178000000.0","1748221200000.0"
"aa0cd0e4-1d12-46fa-93d5-ab49d5b4b8c4","MomentumMAStrategy_LongOnly","BTC-USDT","Bybit Perpetual","long","109500.1","107475.8","0.09764061466700322","11.652113134159425","10691.65707009832","-209.30600940457433","-9.788286700194806","223200.0","1748221200000.0","1748444400000.0"
"ee2852be-3326-4ec5-86d5-dcfe8c9d40be","MomentumMAStrategy_LongOnly","BTC-USDT","Bybit Perpetual","long","107475.8","106134.1","0.09753219851067631","11.458613743855144","10482.351060693745","-142.31756448562928","-6.788437234242487","108000.0","1748444400000.0","1748552400000.0"
"ab284273-f348-4c5c-b516-e0121e930f95","MomentumMAStrategy_LongOnly","BTC-USDT","Bybit Perpetual","long","105129.6","103761.6","0.09835511117904107","11.300034460177818","10340.033496208116","-145.849826553106","-7.052676696192128","72000.0","1748595600000.0","1748667600000.0"
"8c07d3c5-7a2b-4079-8457-73bf06ebb37b","MomentumMAStrategy_LongOnly","BTC-USDT","Bybit Perpetual","long","103807.3","105444.89999999998","0.09820295556916528","11.302051474642548","10194.18366965501","149.51510856542023","7.333353675512113","140400.0","1748674800000.0","1748815200000.0"
"deb0429b-84bf-4ee6-91dc-48229617e10a","MomentumMAStrategy_LongOnly","BTC-USDT","Bybit Perpetual","long","105444.9","103999.99999999999","0.09809577113943332","11.300112437196823","10343.698778220432","-153.03869215656488","-7.397677341436185","50400.0","1748815200000.0","1748865600000.0"
"72409ea0-2759-47f4-8f0b-0c73a5d03e2f","MomentumMAStrategy_LongOnly","BTC-USDT","Bybit Perpetual","long","104000.0","105814.3","0.09798711621215257","11.307504008389294","10190.660086063868","166.4705209353194","8.167798725961552","43200.0","1748865600000.0","1748908800000.0"
"f9d41d3a-368d-4ba7-a74e-c1eaa64db4ca","MomentumMAStrategy_LongOnly","BTC-USDT","Bybit Perpetual","long","105814.29999999999","104408.5","0.097880254436302","11.317163633771505","10357.13060699919","-148.91722532032372","-7.189115932345574","198000.0","1748908800000.0","1749106800000.0"
"55563d33-902e-4c9f-b9ff-122d8b64b1aa","MomentumMAStrategy_LongOnly","BTC-USDT","Bybit Perpetual","long","104408.5","101872.89999999998","0.09777186131089774","11.0926840374998","10208.213381678866","-259.0030155774141","-12.686011052740056","46800.0","1749106800000.0","1749153600000.0"
"64e8fe67-6204-412d-9587-d18fde9df8d4","MomentumMAStrategy_LongOnly","BTC-USDT","Bybit Perpetual","long","103116.4","105035.4","0.09648523771292883","11.045966746855711","9949.210366101453","174.1092044242547","8.749900646259954","32400.0","1749193200000.0","1749225600000.0"
"6c79ab73-9b8d-47ce-b61b-3b8c509f5b27","MomentumMAStrategy_LongOnly","BTC-USDT","Bybit Perpetual","long","105035.4","106133.4","0.09638007348499372","11.19385545395587","10123.31957052571","94.63146523256725","4.673934502082156","176400.0","1749225600000.0","1749402000000.0"
"ebe60641-c637-4df7-bacb-e8bda1abe52b","MomentumMAStrategy_LongOnly","BTC-USDT","Bybit Perpetual","long","106133.4","107707.9","0.09627460380764469","11.323117539366429","10217.951035758277","140.26124615577015","6.863472219866697","68400.0","1749402000000.0","1749470400000.0"
"e36432c1-38b3-44b7-b0e7-4208e3244c3e","MomentumMAStrategy_LongOnly","BTC-USDT","Bybit Perpetual","long","107707.9","109935.80000000002","0.09616947579438506","11.511874296422723","10358.212281914046","202.74410082589","9.786635729598403","36000.0","1749470400000.0","1749506400000.0"
"f6e69d11-287d-42ef-a8f3-ccdbab56e998","MomentumMAStrategy_LongOnly","BTC-USDT","Bybit Perpetual","long","109935.8","108337.0","0.09606476127648984","11.532578433833057","10560.956382739932","-165.1209187626853","-7.817517314650928","190800.0","1749506400000.0","1749697200000.0"
"b4f3b775-315d-4424-9ddb-1e4080c808dc","MomentumMAStrategy_LongOnly","BTC-USDT","Bybit Perpetual","long","108337.0","107704.2","0.0959583103092872","11.40202168005493","10395.835463977248","-72.12444044377214","-3.468910252268398","10800.0","1749697200000.0","1749708000000.0"
"edc2ddb2-6102-4d41-935f-9e250829b01e","MomentumMAStrategy_LongOnly","BTC-USDT","Bybit Perpetual","long","106960.6","103733.7","0.09651882116904238","11.184781004670112","10323.711023533475","-322.6413650350538","-15.626229962247823","32400.0","1749744000000.0","1749776400000.0"
"728e1382-1f3c-4630-b0b8-3b3e69d68dd4","MomentumMAStrategy_LongOnly","BTC-USDT","Bybit Perpetual","long","104796.9","106031.00000000001","0.09543287691237451","11.065952166716922","10001.06965849842","106.7077612308464","5.334817418263423","147600.0","1749819600000.0","1749967200000.0"
"95c18e02-34a2-4462-81d8-c4582657ae70","MomentumMAStrategy_LongOnly","BTC-USDT","Bybit Perpetual","long","106031.0","104924.5","0.09532851165913049","11.060540612719237","10107.777419729266","-116.54153876354712","-5.764943860757702","21600.0","1749967200000.0","1749988800000.0"
"bb876c71-620d-42d1-a260-67b4850f01e6","MomentumMAStrategy_LongOnly","BTC-USDT","Bybit Perpetual","long","104924.5","106349.29999999999","0.09522309737921761","11.06498009709254","9991.235880965718","124.60888904881558","6.235909677911204","61200.0","1749988800000.0","1750050000000.0"
"9be4964f-4d98-4723-83c8-51091739a14c","MomentumMAStrategy_LongOnly","BTC-USDT","Bybit Perpetual","long","106349.3","108207.1","0.0951190536281342","11.224620944822679","10115.844770014533","165.48755688552532","8.179621210482829","50400.0","1750050000000.0","1750100400000.0"
"8501828d-112a-45a7-920a-3baf3d640765","MomentumMAStrategy_LongOnly","BTC-USDT","Bybit Perpetual","long","108207.1","106112.20000000001","0.09501532086988801","11.199989381960386","10281.33232690006","-210.24758507228822","-10.224724694590252","54000.0","1750100400000.0","1750154400000.0"
"800f0a03-95e2-4ccb-9fc5-bcc3b0f80fdd","MomentumMAStrategy_LongOnly","BTC-USDT","Bybit Perpetual","long","104726.7","103064.2","0.09616539757127619","10.990261980606311","10071.08474182777","-170.86523544285296","-8.482960863848474","248400.0","1750212000000.0","1750460400000.0"
"35f4fb21-8ca8-43fb-aa8b-c8c77c235abd","MomentumMAStrategy_LongOnly","BTC-USDT","Bybit Perpetual","long","103519.3","102207.5","0.0956364610887527","10.821240706712487","9900.219506384918","-136.27715036293858","-6.882531759778145","46800.0","1750489200000.0","1750536000000.0"
"ccc3c1fa-a05c-4ec8-8be7-04eb93ee8895","MomentumMAStrategy_LongOnly","BTC-USDT","Bybit Perpetual","long","102207.5","99584.2","0.09553058587698535","10.602503629362076","9763.94235602198","-261.207889560458","-13.376148692610634","68400.0","1750536000000.0","1750604400000.0"
"1f7bcaac-e5c3-4150-a7aa-9205d6899dc9","MomentumMAStrategy_LongOnly","BTC-USDT","Bybit Perpetual","long","99584.2","99428.0","0.09542411814787408","10.44481002711759","9502.734466461521","-25.350057281815243","-1.3338296135330558","10800.0","1750604400000.0","1750615200000.0"
"e9fc4ee9-6948-4058-8172-53fba2430437","MomentumMAStrategy_LongOnly","BTC-USDT","Bybit Perpetual","long","101047.6","105485.8","0.09379128657365149","10.654068318536828","9477.384409179707","405.61041975264294","21.398858706193895","75600.0","1750644000000.0","1750719600000.0"
"87f331ba-0ca2-4909-b25b-8fb2820441a9","MomentumMAStrategy_LongOnly","BTC-USDT","Bybit Perpetual","long","105485.8","107136.3","0.09369028654977589","10.956344011698308","9882.99482893235","143.6794739387068","7.269025048869137","133200.0","1750719600000.0","1750852800000.0"
"0b1dd5c6-b2d2-4ea0-8a0e-27da003cb702","MomentumMAStrategy_LongOnly","BTC-USDT","Bybit Perpetual","long","107136.3","107852.1","0.09358802108035331","11.066186401177287","10026.674302871057","55.92411908813989","2.7887671125473013","338400.0","1750852800000.0","1751191200000.0"
"b98eb454-13bf-4b5a-91f6-eb929f1e527a","MomentumMAStrategy_LongOnly","BTC-USDT","Bybit Perpetual","long","107852.1","106666.0","0.093485415879331","11.029872585679154","10082.598421959196","-121.9129243601542","-6.0457096106612935","169200.0","1751191200000.0","1751360400000.0"
"ec904ec6-7151-4809-a89a-b5f332016f94","MomentumMAStrategy_LongOnly","BTC-USDT","Bybit Perpetual","long","106666.00000000001","108096.5","0.09338201017755461","11.030224678416392","9960.68549759904","122.55274088057412","6.15182262857886","108000.0","1751360400000.0","1751468400000.0"
"4346293b-32f3-40a1-93a3-a9d65d041897","MomentumMAStrategy_LongOnly","BTC-USDT","Bybit Perpetual","long","108096.5","109894.7","0.09327996964267683","11.183816885103884","10083.238238479616","156.55222452635732","7.762993436420222","68400.0","1751468400000.0","1751536800000.0"
"acf19c0d-d784-43fb-a277-5711c1dc780e","MomentumMAStrategy_LongOnly","BTC-USDT","Bybit Perpetual","long","109894.7","108684.7","0.09317820115989191","11.201759416434662","10239.790463005973","-123.94738281990388","-6.052242146345548","97200.0","1751536800000.0","1751634000000.0"
"cc345ddc-7158-4590-a2e4-06461649c06a","MomentumMAStrategy_LongOnly","BTC-USDT","Bybit Perpetual","long","108684.7","107593.19999999998","0.09307513458827295","11.071552058032971","10115.843080186069","-112.66306146113425","-5.568644183588005","14400.0","1751634000000.0","1751648400000.0"
"bc87c2b5-a2af-463b-8f31-2c333fde273a","MomentumMAStrategy_LongOnly","BTC-USDT","Bybit Perpetual","long","107824.2","107450.0","0.09277305112140814","10.984404398946133","10003.180018724936","-45.700080128576786","-2.284277601874148","3600.0","1751652000000.0","1751655600000.0"
"aeeab348-53be-4792-9666-5283cb6c2fb7","MomentumMAStrategy_LongOnly","BTC-USDT","Bybit Perpetual","long","107635.6","108713.2","0.0925110273793834","11.00805736816321","9957.47993859636","88.68182573585953","4.453025578897648","147600.0","1751662800000.0","1751810400000.0"
"de6706de-8260-4024-a692-52d9673b37b3","MomentumMAStrategy_LongOnly","BTC-USDT","Bybit Perpetual","long","108713.2","111718.8","0.09240976959865242","11.203538682693583","10046.16176433222","266.54326482301667","13.265925389005226","280800.0","1751810400000.0","1752091200000.0"
"da8f80e1-4932-4a56-b180-717a65a439b4","MomentumMAStrategy_LongOnly","BTC-USDT","Bybit Perpetual","long","111718.80000000002","113682.2","0.09230948622036073","11.443657776955542","10312.705029155237","169.7967874680988","8.232407840041155","79200.0","1752091200000.0","1752170400000.0"
"edb886ed-28fc-4225-958d-58438ba9128a","MomentumMAStrategy_LongOnly","BTC-USDT","Bybit Perpetual","long","113682.2","116459.40000000001","0.09220882263558708","11.671597286508625","10482.501816623337","244.41074493704488","11.658034943025433","14400.0","1752170400000.0","1752184800000.0"
"c6492c93-4db3-4953-80d8-81624035579b","MomentumMAStrategy_LongOnly","BTC-USDT","Bybit Perpetual","long","116459.4","118119.8","0.09210860232459021","11.883719235531283","10726.91256156038","141.0534040642191","6.574743816299968","129600.0","1752184800000.0","1752314400000.0"
"56bece5a-19a8-4076-a91f-6b1b2f6e6e3b","MomentumMAStrategy_LongOnly","BTC-USDT","Bybit Perpetual","long","118119.8","120733.2","0.09200799498157464","12.087012093933726","10867.9659656246","228.3666819909129","10.506413192369077","151200.0","1752314400000.0","1752465600000.0"
"87a54da6-5b5f-4bc7-9ec7-5caba1f7f4e1","MomentumMAStrategy_LongOnly","BTC-USDT","Bybit Perpetual","long","120733.2","120000.1","0.09190788157371389","12.168908194987138","11096.332647615514","-79.546576176676","-3.5843633524166982","64800.0","1752465600000.0","1752530400000.0"
"a518428b-51cf-4857-a365-47dcbafd82eb","MomentumMAStrategy_LongOnly","BTC-USDT","Bybit Perpetual","long","117415.6","119886.19999999998","0.09382727739277266","12.245959997922345","11016.786071438839","219.5637115286596","9.964962108953054","97200.0","1752602400000.0","1752699600000.0"
"7f086547-2203-4fd8-9aff-dd1e2ea593e1","MomentumMAStrategy_LongOnly","BTC-USDT","Bybit Perpetual","long","119886.2","117580.0","0.09372513085715871","12.241102868033721","11236.3497829675","-228.38999965081285","-10.162997951390556","162000.0","1752699600000.0","1752861600000.0"
"e7c3bd42-ad80-407b-bc99-667e0f49f64e","MomentumMAStrategy_LongOnly","BTC-USDT","Bybit Perpetual","long","118176.7","117336.7","0.09314830912791343","12.065721242831259","11007.959783316686","-90.31030091027854","-4.102045369349457","385200.0","1752894000000.0","1753279200000.0"
"458ac36f-92f9-4d41-8fd4-bd843954fa41","MomentumMAStrategy_LongOnly","BTC-USDT","Bybit Perpetual","long","118531.0","116299.99999999999","0.09210796738748858","11.896393349264233","10917.649482406408","-217.3892685907526","-9.955864077751873","126000.0","1753286400000.0","1753412400000.0"
"6ba90cfa-5a0e-4e08-bdb0-1999a467c49c","MomentumMAStrategy_LongOnly","BTC-USDT","Bybit Perpetual","long","116300.0","115481.2","0.0920056768169876","11.728852398699463","10700.260213815658","-87.06310057644917","-4.068270249355128","10800.0","1753412400000.0","1753423200000.0"
"82b04512-b788-4f5e-abae-fc522f41e72d","MomentumMAStrategy_LongOnly","BTC-USDT","Bybit Perpetual","long","116143.4","117547.4","0.0913801138354759","11.745080548466888","10613.19711323921","116.55259927654126","5.490927852981745","61200.0","1753462800000.0","1753524000000.0"
"31ac5e90-f313-41a6-82d3-0c443e10c63d","MomentumMAStrategy_LongOnly","BTC-USDT","Bybit Perpetual","long","117547.4","118414.8","0.09128019601042432","11.84627172687802","10729.749712515752","67.33017029256484","3.1375461728630696","104400.0","1753524000000.0","1753628400000.0"
"4b1989f4-8abd-4477-9f7f-4b6e34c81042","MomentumMAStrategy_LongOnly","BTC-USDT","Bybit Perpetual","long","118414.8","116477.0","0.09118015554481633","11.779608973111038","10797.079882808317","-188.46851438785637","-8.727754005411498","273600.0","1753628400000.0","1753902000000.0"
"0de0236b-1848-42da-b9fb-1bf4b50279d6","MomentumMAStrategy_LongOnly","BTC-USDT","Bybit Perpetual","long","116476.99999999999","118368.5","0.09107902305537112","11.764224289922588","10608.611368420461","160.5117478193132","7.565162972088974","21600.0","1753902000000.0","1753923600000.0"
"57710699-4ec1-409d-bca9-96182f773365","MomentumMAStrategy_LongOnly","BTC-USDT","Bybit Perpetual","long","118368.49999999999","116449.99999999999","0.09097963661142766","11.750035989802289","10769.123116239774","-186.29446882882624","-8.649472515914283","72000.0","1753923600000.0","1753995600000.0"
"fe5fc39f-56eb-4060-a183-37263b8c2d8c","MomentumMAStrategy_LongOnly","BTC-USDT","Bybit Perpetual","long","116450.0","115697.3","0.09087873462783125","11.603489079197141","10582.828647410948","-80.00791263356547","-3.780081644482599","10800.0","1753995600000.0","1754006400000.0"
"a540702a-f197-40e6-a4d7-033c1aa5d23e","MomentumMAStrategy_LongOnly","BTC-USDT","Bybit Perpetual","long","115674.9","113086.2","0.09079602173658577","11.423828794446898","10502.820734777384","-246.46749026394622","-11.733395079658585","36000.0","1754053200000.0","1754089200000.0"
"c203e070-afd8-418c-a24e-731c246091d5","MomentumMAStrategy_LongOnly","BTC-USDT","Bybit Perpetual","long","113086.2","114328.40000000001","0.09069500296688225","11.343952301941787","10256.353244513439","101.3173803835204","4.939249749306334","158400.0","1754089200000.0","1754247600000.0"
"941ce42a-5a90-48be-a608-8fb8c2e93ab5","MomentumMAStrategy_LongOnly","BTC-USDT","Bybit Perpetual","long","114328.4","116291.4","0.09059578044385261","11.491249421742861","10357.670624896959","166.34826758953983","8.03019682773484","316800.0","1754247600000.0","1754564400000.0"
"2ea529e8-6df6-430c-b43e-145b6912600d","MomentumMAStrategy_LongOnly","BTC-USDT","Bybit Perpetual","long","116291.4","117473.3","0.09049696617709047","11.635247882113735","10524.018892486498","95.32311644259028","4.528836246704437","169200.0","1754564400000.0","1754733600000.0"
"33dde746-f0b5-4317-841e-fbb9436abc23","MomentumMAStrategy_LongOnly","BTC-USDT","Bybit Perpetual","long","117473.3","116422.10000000002","0.0903979202842611","11.62901174823045","10619.342008929088","-106.65530555104414","-5.021747367274021","50400.0","1754733600000.0","1754784000000.0"
"246bc2f3-806a-45ed-a5a6-9186fc628e51","MomentumMAStrategy_LongOnly","BTC-USDT","Bybit Perpetual","long","116422.1","118480.1","0.09029803364977991","11.666163718004032","10512.686703378042","174.167189533243","8.283666889705648","14400.0","1754784000000.0","1754798400000.0"
"05722bed-1b75-4b7d-aaac-7563c13334a9","MomentumMAStrategy_LongOnly","BTC-USDT","Bybit Perpetual","long","118480.1","120050.10000000002","0.09019956847530754","11.833426609580844","10686.853892911286","129.7798958966533","6.071941152986934","79200.0","1754798400000.0","1754877600000.0"
"542ba82f-edf3-4c72-9d35-bd94c234c2b7","MomentumMAStrategy_LongOnly","BTC-USDT","Bybit Perpetual","long","120050.1","122069.7","0.09010099774017628","11.998379553958564","10816.633788807938","169.9695954821007","7.856861885162908","10800.0","1754877600000.0","1754888400000.0"
"0e469485-c83d-4579-af98-0e1b481a56c8","MomentumMAStrategy_LongOnly","BTC-USDT","Bybit Perpetual","long","122069.7","119632.8","0.09000270652168424","11.964633545181563","10986.603384290038","-231.29222906787336","-10.526102607772422","28800.0","1754888400000.0","1754917200000.0"
"4976d20d-d0ca-4414-a24a-ad71b2149e37","MomentumMAStrategy_LongOnly","BTC-USDT","Bybit Perpetual","long","119632.8","118775.6","0.0899026952075197","11.788456746061843","10755.311155222164","-88.85304707794747","-4.130659066744224","28800.0","1754917200000.0","1754946000000.0"
"0bdd216d-9ca2-4b81-9953-4a12a4a093f2","MomentumMAStrategy_LongOnly","BTC-USDT","Bybit Perpetual","long","118931.9","121777.3","0.08968542592983225","11.873458919976049","10666.458108144216","243.31745202076942","11.405728572401555","108000.0","1754985600000.0","1755093600000.0"
"17766a92-01ce-47de-932d-486bb353fa26","MomentumMAStrategy_LongOnly","BTC-USDT","Bybit Perpetual","long","121777.29999999999","118822.2","0.08958792451602217","11.855145414525971","10909.775560164986","-276.5964211518223","-12.676540393817204","82800.0","1755093600000.0","1755176400000.0"
"09d8ef23-6c98-4cab-8bdc-6d6ea7d947e1","MomentumMAStrategy_LongOnly","BTC-USDT","Bybit Perpetual","long","118918.1","116900.0","0.08941598578360369","11.597249332414039","10633.179139013162","-192.04765024230517","-9.03058472595848","57600.0","1755230400000.0","1755288000000.0"
"8adde222-3a23-4969-93bb-32e4229fcf4d","MomentumMAStrategy_LongOnly","BTC-USDT","Bybit Perpetual","long","116899.99999999999","118023.49999999999","0.08931677920248808","11.54043570843664","10441.131488770856","88.80696572555871","4.252746257485029","118800.0","1755288000000.0","1755406800000.0"
"794e6c1c-ef4c-42c9-9321-3f4eaddd881a","MomentumMAStrategy_LongOnly","BTC-USDT","Bybit Perpetual","long","118023.5","116214.0","0.08921899837317497","11.494139322290117","10529.938454496416","-172.93591687855024","-8.211629993179326","75600.0","1755406800000.0","1755482400000.0"
"76f46f05-1392-448c-befa-5a288b5158c0","MomentumMAStrategy_LongOnly","BTC-USDT","Bybit Perpetual","long","116214.0","115200.1","0.08912009342779585","11.34300541688011","10357.002537617867","-101.7018681433218","-4.90981187722647","18000.0","1755482400000.0","1755500400000.0"
"6808be6e-4730-4c1f-9359-c313c3e09211","MomentumMAStrategy_LongOnly","BTC-USDT","Bybit Perpetual","long","115592.4","113338.9","0.08871950638168725","11.170869562224878","10255.300669474545","-211.1002771933571","-10.292251977638669","93600.0","1755529200000.0","1755622800000.0"
"700a7b1a-c4b5-491a-8389-9fe2973d3b36","MomentumMAStrategy_LongOnly","BTC-USDT","Bybit Perpetual","long","113338.9","115744.5","0.08862094472666657","11.165873031058267","10044.20039228119","202.02067160341136","10.056583088418918","252000.0","1755622800000.0","1755874800000.0"
"efd616e1-9869-4cf6-9596-f13bc6af1163","MomentumMAStrategy_LongOnly","BTC-USDT","Bybit Perpetual","long","115744.5","114701.99999999999","0.08852447471702413","11.220085449582186","10246.221063884599","-103.50685034208112","-5.050976828272679","162000.0","1755874800000.0","1756036800000.0"
"eb2ce241-39b7-4692-a2f0-d9629a316afd","MomentumMAStrategy_LongOnly","BTC-USDT","Bybit Perpetual","long","114702.0","112556.4","0.08842665527665183","11.052635107537899","10142.714213542518","-200.7808666691226","-9.897787832818983","28800.0","1756036800000.0","1756065600000.0"
"ec318a4d-02f8-4b72-9a80-014becb93bad","MomentumMAStrategy_LongOnly","BTC-USDT","Bybit Perpetual","long","112556.4","109501.1","0.08832845886038818","10.787698214364855","9941.933346873395","-280.65763857050786","-14.114842092497579","90000.0","1756065600000.0","1756155600000.0"
"e7189b00-a592-42df-987c-8b38ec3909b0","MomentumMAStrategy_LongOnly","BTC-USDT","Bybit Perpetual","long","109501.10000000002","111848.1","0.08822994205814268","10.74129489983893","9661.275708302888","196.33437911062066","10.160893086918694","93600.0","1756155600000.0","1756249200000.0"
"fc297612-22a6-45de-87dc-d5490a1c5c16","MomentumMAStrategy_LongOnly","BTC-USDT","Bybit Perpetual","long","111848.09999999999","109968.99999999999","0.08813390739237868","10.7522842621953","9857.61008741351","-176.3647096432146","-8.945611972845342","205200.0","1756249200000.0","1756454400000.0"
"7fde1c47-a61c-4549-9ff5-c55393c56d86","MomentumMAStrategy_LongOnly","BTC-USDT","Bybit Perpetual","long","109969.0","109579.7","0.08803613179869141","10.63052005918725","9681.245377770296","-44.90298616841807","-2.3190707608507983","3600.0","1756454400000.0","1756458000000.0"
"ec669b21-d811-48ca-b6fb-b2938f6383b9","MomentumMAStrategy_LongOnly","BTC-USDT","Bybit Perpetual","long","108259.4","110272.1","0.0890115998389228","10.698511136609756","9636.342391601878","168.4551358591912","8.740615941895168","273600.0","1756515600000.0","1756789200000.0"
"54b097f1-e73c-4386-86ab-ed6e250dcb77","MomentumMAStrategy_LongOnly","BTC-USDT","Bybit Perpetual","long","110272.10000000002","112208.29999999999","0.08891458063699764","10.879963306273321","9804.797527461069","161.2764477230787","8.224364005038302","122400.0","1756789200000.0","1756911600000.0"
"1313f5b8-c4a0-4fe7-8b61-dd0e0a71863f","MomentumMAStrategy_LongOnly","BTC-USDT","Bybit Perpetual","long","112208.3","110349.99999999999","0.08881761843984937","10.87190399351184","9966.07397518415","-175.92168434028545","-8.826027419540342","57600.0","1756911600000.0","1756969200000.0"
"29be578d-fc74-4628-afe2-d2fc43aa7dd4","MomentumMAStrategy_LongOnly","BTC-USDT","Bybit Perpetual","long","110350.0","112900.1","0.08871909642812748","10.893600932219007","9790.152290843867","215.34896686914936","10.998243973720006","90000.0","1756969200000.0","1757059200000.0"
"0f8305f4-d81d-460f-a25a-4b8b8df636b8","MomentumMAStrategy_LongOnly","BTC-USDT","Bybit Perpetual","long","112900.1","110527.4","0.08862260757707935","10.890400209935343","10005.501257713016","-221.16526120807254","-11.05218296972284","25200.0","1757059200000.0","1757084400000.0"
"de8769fe-2dff-4f3b-b1d6-c92e1f683803","MomentumMAStrategy_LongOnly","BTC-USDT","Bybit Perpetual","long","110527.4","110817.6","0.08852407635124815","10.776898923981863","9784.335996504944","14.912788033151381","0.7620746077443767","39600.0","1757084400000.0","1757124000000.0"
"59e66630-054b-44e4-8174-c5448a9d21f0","MomentumMAStrategy_LongOnly","BTC-USDT","Bybit Perpetual","long","111034.0","112586.2","0.0882544876752895","10.854517401665177","9799.248784538095","126.13409836791892","6.435906524127731","212400.0","1757131200000.0","1757343600000.0"
"c082af78-e9d2-475d-9346-70938be4dd04","MomentumMAStrategy_LongOnly","BTC-USDT","Bybit Perpetual","long","112586.2","111313.1","0.08815807694820514","10.856192444927098","9925.382882906013","-123.09024020768629","-6.200780446448994","39600.0","1757343600000.0","1757383200000.0"
"e4a1287c-a2e7-44fb-aa85-9f859a2bdf80","MomentumMAStrategy_LongOnly","BTC-USDT","Bybit Perpetual","long","111313.1","112989.5","0.08806054851314289","10.863715493908249","9802.292642698327","136.76098803352397","6.97596945013657","18000.0","1757383200000.0","1757401200000.0"
"0ff70ad2-9e03-451b-b6da-0fa501aef6c3","MomentumMAStrategy_LongOnly","BTC-USDT","Bybit Perpetual","long","112989.50000000001","110830.1","0.0879644005038685","10.828486314258607","9939.05363073185","-200.778812762313","-10.100499515441738","32400.0","1757401200000.0","1757433600000.0"
"56144b5b-30cf-433e-87e0-d6ace78f3003","MomentumMAStrategy_LongOnly","BTC-USDT","Bybit Perpetual","long","110830.1","112500.1","0.08786669702517219","10.792807860984112","9738.274817969537","135.94457617105346","6.9799106470173715","57600.0","1757433600000.0","1757491200000.0"
"8494e872-8185-491a-bf01-047bb80256ff","MomentumMAStrategy_LongOnly","BTC-USDT","Bybit Perpetual","long","112500.1","114354.4","0.08777076104057321","10.951155660763295","9874.219394140591","151.80216653677059","7.686793278405922","72000.0","1757491200000.0","1757563200000.0"
"18456dc0-7af5-445f-990e-0f221da680eb","MomentumMAStrategy_LongOnly","BTC-USDT","Bybit Perpetual","long","114354.4","115746.39999999998","0.08767499598334093","11.095747693669944","10026.021560677362","110.94784671513935","5.532994620233176","136800.0","1757563200000.0","1757700000000.0"
"4e6dab43-60a4-45d7-85e6-87fb48a8716e","MomentumMAStrategy_LongOnly","BTC-USDT","Bybit Perpetual","long","115746.4","117180.4","0.08757913341056398","11.219740010652664","10136.969407392502","114.36873730009609","5.6411700925471555","392400.0","1757700000000.0","1758092400000.0"
"adabed94-15fd-4631-8b85-72f22a4e4e1c","MomentumMAStrategy_LongOnly","BTC-USDT","Bybit Perpetual","long","117180.4","115557.6","0.08748338582811288","11.198389537974835","10251.338144692598","-153.1664280598354","-7.470557789527893","28800.0","1758092400000.0","1758121200000.0"
"bc4f9b0f-c660-43ee-948b-c6f177a64ab5","MomentumMAStrategy_LongOnly","BTC-USDT","Bybit Perpetual","long","115557.6","117531.19999999998","0.08738647840239641","11.202845162872272","10098.171716632763","161.26310861209524","7.9847675964193465","46800.0","1758121200000.0","1758168000000.0"
"bf55c168-6e98-4e19-95ba-dd9aacb65d8c","MomentumMAStrategy_LongOnly","BTC-USDT","Bybit Perpetual","long","117531.2","116343.09999999999","0.0872911603492933","11.228337462583298","10259.43482524486","-114.93896507357917","-5.601622654239921","115200.0","1758168000000.0","1758283200000.0"
"8b45c519-986d-4935-988c-6f8e142ff324","MomentumMAStrategy_LongOnly","BTC-USDT","Bybit Perpetual","long","116343.1","115082.40000000001","0.08719464979161876","11.098485983942648","10144.49586017128","-121.02478097623616","-5.965046594942017","28800.0","1758283200000.0","1758312000000.0"
"9f51bbf3-59a6-402f-b97c-f64e3cc33820","MomentumMAStrategy_LongOnly","BTC-USDT","Bybit Perpetual","long","115082.4","115859.0","0.08709821031882412","11.063020445688029","10023.471079195044","56.57744968791128","2.822248362912165","64800.0","1758312000000.0","1758376800000.0"
"c8ed06c6-fb3e-40e2-b20c-30f1102c0d71","MomentumMAStrategy_LongOnly","BTC-USDT","Bybit Perpetual","long","115859.0","114335.9","0.08700272338690093","11.015170765376428","10080.048528882955","-143.52901875596575","-7.119460702232912","126000.0","1758376800000.0","1758502800000.0"
"73bef5be-26bf-45a4-b770-d88bb6cc9c71","MomentumMAStrategy_LongOnly","BTC-USDT","Bybit Perpetual","long","114335.9","112748.80000000002","0.08690638294819904","10.854310444932292","9936.51951012699","-148.78343082201695","-7.486697463351305","21600.0","1758502800000.0","1758524400000.0"
"f50a19c1-62d4-44c1-9254-675c6c7bb7b0","MomentumMAStrategy_LongOnly","BTC-USDT","Bybit Perpetual","long","112748.8","112454.4","0.08681011309481759","10.752453393723155","9787.73607930497","-36.30935068883821","-1.854839075892642","3600.0","1758524400000.0","1758528000000.0"
"e1914a4c-f65f-4b9d-afdd-d9a54fca9bba","MomentumMAStrategy_LongOnly","BTC-USDT","Bybit Perpetual","long","112385.6","111678.7","0.0867675816885449","10.692834599555148","9751.426728616132","-72.02883809518829","-3.6932461320667804","223200.0","1758567600000.0","1758790800000.0"
"66f5c71e-1dc2-455a-9535-83ace74f7094","MomentumMAStrategy_LongOnly","BTC-USDT","Bybit Perpetual","long","109300.0","110172.5","0.08855807768088696","10.689834487100155","9679.397890520944","66.5770882894737","3.439113106129917","216000.0","1758862800000.0","1759078800000.0"
"449fd2b6-4baa-49b2-80be-f4aff75c267d","MomentumMAStrategy_LongOnly","BTC-USDT","Bybit Perpetual","long","110172.5","111881.5","0.08846104952515753","10.803721440192632","9745.974978810418","140.37621219830157","7.2017531598175575","21600.0","1759078800000.0","1759100400000.0"
"791f7441-7972-4ea4-ac04-91be5dccbd59","MomentumMAStrategy_LongOnly","BTC-USDT","Bybit Perpetual","long","111881.5","113956.69999999998","0.08836448555845891","10.975841999346596","9886.35119100872","172.3981384315658","8.718997287308369","57600.0","1759100400000.0","1759158000000.0"
"d48f20fe-87cd-435b-9546-9baf89732782","MomentumMAStrategy_LongOnly","BTC-USDT","Bybit Perpetual","long","113956.7","116060.5","0.08826816965953109","11.166758478815662","10058.749329440287","174.5318168509061","8.675622144200398","151200.0","1759158000000.0","1759309200000.0"
"1c331bc1-d291-4906-a3de-a2ca75683d4d","MomentumMAStrategy_LongOnly","BTC-USDT","Bybit Perpetual","long","116060.49999999999","118552.39999999998","0.08817195468131873","11.37745289254902","10233.281146291192","208.3382409778286","10.179444793879028","54000.0","1759309200000.0","1759363200000.0"
"38de7084-072f-403f-8a30-a2c0d0d97992","MomentumMAStrategy_LongOnly","BTC-USDT","Bybit Perpetual","long","118552.39999999998","120787.9","0.08807598485791113","11.59407295127835","10441.619387269022","185.29979119858325","8.873134727766011","72000.0","1759363200000.0","1759435200000.0"
"e60573f3-69ff-41cf-8d31-d12885b452b0","MomentumMAStrategy_LongOnly","BTC-USDT","Bybit Perpetual","long","120787.9","122335.50000000001","0.0879799978182219","11.76449791085728","10626.919178467604","124.39334671262472","5.85274737784174","151200.0","1759435200000.0","1759586400000.0"
"47544e46-a3e1-4bd4-8832-ece00cad046c","MomentumMAStrategy_LongOnly","BTC-USDT","Bybit Perpetual","long","122335.49999999999","124012.19999999998","0.08788383196357744","11.907488929277582","10751.312525180227","135.44733212405245","6.2991068209963474","46800.0","1759586400000.0","1759633200000.0"
"86867315-576c-48a5-8150-8ea152ddf451","MomentumMAStrategy_LongOnly","BTC-USDT","Bybit Perpetual","long","124012.20000000001","122648.50000000001","0.08778781327405108","11.909591910505704","10886.759857304278","-131.6258328723289","-6.0452253286370095","64800.0","1759633200000.0","1759698000000.0"
"48cab029-5ef3-44cf-85a3-aca924935c80","MomentumMAStrategy_LongOnly","BTC-USDT","Bybit Perpetual","long","123980.8","123813.1","0.08674838381775202","11.822646189693714","10755.134024431949","-26.370350155930474","-1.2259424241495338","111600.0","1759716000000.0","1759827600000.0"
"edc1d68b-81a4-49a2-83e4-ace052915a64","MomentumMAStrategy_LongOnly","BTC-USDT","Bybit Perpetual","long","124869.5","122684.0","0.08591980967550938","11.698362282478417","10728.763674276019","-199.47610632830418","-9.296323061275972","7200.0","1759842000000.0","1759849200000.0"
"16306a8c-efe5-4dac-b96b-1fffddf750e8","MomentumMAStrategy_LongOnly","BTC-USDT","Bybit Perpetual","long","121749.0","122106.20000000001","0.08648356510482809","11.599206885942982","10529.287567947715","19.292722569502615","0.9161456767612531","100800.0","1759906800000.0","1760007600000.0"
"8eb20423-7179-4ed3-b186-d7933ee44914","MomentumMAStrategy_LongOnly","BTC-USDT","Bybit Perpetual","long","122672.9","119752.1","0.08598949148929565","11.465301360860874","10548.580290517215","-262.6234081027946","-12.44828217968267","18000.0","1760011200000.0","1760029200000.0"
"93fa02ef-22ea-4b1c-a57c-0cb7049002a2","MomentumMAStrategy_LongOnly","BTC-USDT","Bybit Perpetual","long","119752.1","121534.8","0.08589374952434588","11.39877010365824","10285.95688241442","141.7240171733929","6.889199458715116","72000.0","1760029200000.0","1760101200000.0"
"aa098fac-d546-42f1-b0ad-4254914ac74f","MomentumMAStrategy_LongOnly","BTC-USDT","Bybit Perpetual","long","121534.8","118965.3","0.08579995934981431","11.349194341994455","10427.680899587813","-231.81218989134234","-11.115232242123243","10800.0","1760101200000.0","1760112000000.0"
"1e43c2d9-324c-459c-a7df-4427a02dc8cf","MomentumMAStrategy_LongOnly","BTC-USDT","Bybit Perpetual","long","118965.3","117590.8","0.08570456015070337","11.150665075806192","10195.868709696471","-128.95158300294798","-6.32371731504901","7200.0","1760112000000.0","1760119200000.0"
"90221c23-ab6a-48e2-95f8-a416fde2cbc1","MomentumMAStrategy_LongOnly","BTC-USDT","Bybit Perpetual","long","112063.2","115160.7","0.08983249743621033","11.226649727807642","10066.917126693525","267.02951108085387","13.26272520773992","129600.0","1760180400000.0","1760310000000.0"
"185c2eb4-eb74-4659-a8ea-07999586d6cf","MomentumMAStrategy_LongOnly","BTC-USDT","Bybit Perpetual","long","115160.7","112438.3","0.08973501062232496","11.232979275446796","10333.946637774377","-255.52757219366376","-12.36350356501825","111600.0","1760310000000.0","1760421600000.0"
"036e7155-9ac5-4180-ba84-8804a74a2d62","MomentumMAStrategy_LongOnly","BTC-USDT","Bybit Perpetual","long","112438.3","111748.09999999999","0.08963510712613684","11.052234589122632","10078.419065580712","-72.91838552758333","-3.6175507811840433","10800.0","1760421600000.0","1760432400000.0"
"c24944c2-fef5-44f4-896d-08800be52335","MomentumMAStrategy_LongOnly","BTC-USDT","Bybit Perpetual","long","112784.2","108474.0","0.08871367336961321","10.795745226831706","10005.50068005313","-393.1694201845383","-19.647663458179412","162000.0","1760468400000.0","1760630400000.0"
"0275d049-5da2-4104-9c1d-ced776644375","MomentumMAStrategy_LongOnly","BTC-USDT","Bybit Perpetual","long","108474.0","108374.5","0.08861414956458312","10.568714976520528","9612.33125986859","-19.385822858196548","-1.0083829996128104","21600.0","1760630400000.0","1760652000000.0"
"1bdafed9-05b6-4101-93a3-fa74f6da891b","MomentumMAStrategy_LongOnly","BTC-USDT","Bybit Perpetual","long","109121.80000000002","105578.3","0.08791043986637309","10.38090912669486","9592.945437010392","-321.8915527931892","-16.777514002701636","14400.0","1760673600000.0","1760688000000.0"
"50c56d59-a097-41ac-bb2f-061d744b5936","MomentumMAStrategy_LongOnly","BTC-USDT","Bybit Perpetual","long","106750.09999999999","108561.90000000001","0.08684819858920229","10.284702634051078","9271.053884217203","147.06686356986714","7.9315073241150005","176400.0","1760716800000.0","1760893200000.0"
"72d26b11-36fa-40d5-86e5-e6610c797c77","MomentumMAStrategy_LongOnly","BTC-USDT","Bybit Perpetual","long","108561.9","110973.60000000002","0.08675346275062491","10.4750056519294","9418.120747787067","198.748320463755","10.551378867724434","46800.0","1760893200000.0","1760940000000.0"
"ad14451c-b875-41ae-bf71-b22b1b6f4338","MomentumMAStrategy_LongOnly","BTC-USDT","Bybit Perpetual","long","110973.6","107743.4","0.08665907088037894","10.424596603159113","9616.86906825082","-290.35072736096015","-15.095907269837202","82800.0","1760940000000.0","1761022800000.0"
"5c8e70a9-be38-4224-a6d0-b6edbc589f58","MomentumMAStrategy_LongOnly","BTC-USDT","Bybit Perpetual","long","107743.4","107497.99999999999","0.08656231695760352","10.247486859059078","9326.51834088986","-31.489879440455738","-1.688190506332679","3600.0","1761022800000.0","1761026400000.0"
"00ef8808-271a-46b9-85c7-74075e402b00","MomentumMAStrategy_LongOnly","BTC-USDT","Bybit Perpetual","long","112127.5","108253.7","0.08289695624578633","10.047911881586638","9295.028461449407","-331.174140986514","-17.81458455775792","32400.0","1761058800000.0","1761091200000.0"
"67232553-d409-4038-b915-ce0643c81227","MomentumMAStrategy_LongOnly","BTC-USDT","Bybit Perpetual","long","108253.7","108118.7","0.08280413806145094","9.854091545258118","8963.854320462891","-21.032650183553997","-1.1731923250660257","21600.0","1761091200000.0","1761112800000.0"
"a9109980-e440-4808-91ef-1fc38468ca28","MomentumMAStrategy_LongOnly","BTC-USDT","Bybit Perpetual","long","108369.9","111175.2","0.08252126900808562","9.964427141078882","8942.821670279338","221.53248880730396","12.386050900665236","93600.0","1761148800000.0","1761242400000.0"
"512b9f65-c3eb-4430-8e2e-615149fa4631","MomentumMAStrategy_LongOnly","BTC-USDT","Bybit Perpetual","long","111175.2","112477.89999999998","0.08243164086133095","10.139850609197836","9164.35415908664","97.24384794085655","5.305548337219014","230400.0","1761242400000.0","1761472800000.0"
"44dd6efa-b184-43e9-bff7-e7982e93f7cb","MomentumMAStrategy_LongOnly","BTC-USDT","Bybit Perpetual","long","112477.9","114631.8","0.0823414911465052","10.2853032435095","9261.598007027496","167.07003453694875","9.019503675833247","46800.0","1761472800000.0","1761519600000.0"
"e3e779cb-feaa-436c-bc59-757e99e85a89","MomentumMAStrategy_LongOnly","BTC-USDT","Bybit Perpetual","long","114631.8","112382.5","0.08225176645193084","10.26977995166671","9428.668041564446","-195.278678231995","-10.355581370091036","180000.0","1761519600000.0","1761699600000.0"
"15fab1ca-0c8b-43de-9f7d-dc81511d547d","MomentumMAStrategy_LongOnly","BTC-USDT","Bybit Perpetual","long","112382.5","112755.59999999999","0.08216038407521144","10.173588021279848","9233.38936333245","20.480451277180823","1.1090429782216593","14400.0","1761699600000.0","1761714000000.0"
"f88f78f7-06e2-4789-aa89-dcce414bc7ea","MomentumMAStrategy_LongOnly","BTC-USDT","Bybit Perpetual","long","113232.1","111060.0","0.08172479195042423","10.081623864743062","9253.869814609632","-187.59604446026","-10.136086211418872","36000.0","1761721200000.0","1761757200000.0"
"f9d949e4-2747-47ce-aea9-92a15150932a","MomentumMAStrategy_LongOnly","BTC-USDT","Bybit Perpetual","long","111060.0","107582.2","0.08163401557851048","9.816752418505892","9066.273770149373","-293.7235317974499","-16.1986908427877","75600.0","1761757200000.0","1761832800000.0"
"90fe8b83-e8d7-4176-a23d-2536cb9410b0","MomentumMAStrategy_LongOnly","BTC-USDT","Bybit Perpetual","long","107582.2","106793.7","0.0815427667249036","9.614442202827695","8772.550238351923","-73.91091376541418","-4.212624137636152","18000.0","1761832800000.0","1761850800000.0"
"63d189af-9e09-4ba3-ae80-2a6de46fcafd","MomentumMAStrategy_LongOnly","BTC-USDT","Bybit Perpetual","long","109276.29999999999","110624.79999999999","0.07960224975211012","9.62754225563006","8698.639324586511","97.71609153509044","5.616745785682715","187200.0","1761872400000.0","1762059600000.0"
"84b628b0-a8de-4c9b-9657-948bafba5db2","MomentumMAStrategy_LongOnly","BTC-USDT","Bybit Perpetual","long","110624.8","108991.7","0.07951522096421057","9.604569988687604","8796.355416121602","-139.46087734534035","-7.927196591541887","79200.0","1762059600000.0","1762138800000.0"
"30e2bc3e-8da1-4d49-bb0d-e5fdfead72d1","MomentumMAStrategy_LongOnly","BTC-USDT","Bybit Perpetual","long","108991.7","107452.8","0.07942709893300372","9.455357293252488","8656.894538776261","-131.68571984125145","-7.605829044780448","14400.0","1762138800000.0","1762153200000.0"
"2969e261-7f54-45fd-9ec1-d4dffaa9f772","MomentumMAStrategy_LongOnly","BTC-USDT","Bybit Perpetual","long","108016.5","105718.8","0.0789250606984582","9.277989339246746","8525.20881893501","-190.6241013060939","-11.180025343350307","3600.0","1762182000000.0","1762185600000.0"
"11a00e96-3f9f-4ddf-be3b-ec5e5516ce9e","MomentumMAStrategy_LongOnly","BTC-USDT","Bybit Perpetual","long","107433.19999999998","104164.3","0.07757922800055216","9.02856388326576","8334.584717628919","-262.6273022942691","-15.755272229627245","43200.0","1762192800000.0","1762236000000.0"
"b946acad-b06c-4fdc-9b3b-cd058e9fc663","MomentumMAStrategy_LongOnly","BTC-USDT","Bybit Perpetual","long","104164.3","104530.7","0.07749255181798993","8.894769455910478","8071.957415334649","19.49850153020058","1.2077926410487765","21600.0","1762236000000.0","1762257600000.0"
"75ba96ac-1bde-4c6e-8803-e19cc2b8dbcc","MomentumMAStrategy_LongOnly","BTC-USDT","Bybit Perpetual","long","102094.8","99608.9","0.07925433926962833","8.792241409456633","8091.45591686485","-205.8106033998264","-12.717773260734186","205200.0","1762315200000.0","1762520400000.0"
"c765ad3e-e543-4049-90d1-ef4b7a3d9b97","MomentumMAStrategy_LongOnly","BTC-USDT","Bybit Perpetual","long","99608.9","102551.3","0.07916607164083755","8.802325881869326","7885.645313465024","224.1359233141318","14.211641178649744","21600.0","1762520400000.0","1762542000000.0"
"393c656b-2c10-4dbf-9515-23a1f0a0e208","MomentumMAStrategy_LongOnly","BTC-USDT","Bybit Perpetual","long","102551.3","104479.80000000002","0.07908023824933624","9.004637792162187","8109.781236779156","143.50160167168391","8.847439744791215","172800.0","1762542000000.0","1762714800000.0"
"a54a75e6-deb8-4b1d-aeb4-5923b09cf004","MomentumMAStrategy_LongOnly","BTC-USDT","Bybit Perpetual","long","104479.8","106509.4","0.07899405280686639","9.166790603563172","8253.28283845084","151.15953897325215","9.157540213514913","68400.0","1762714800000.0","1762783200000.0"
"0eccbd06-9797-4d93-a111-0967d51cf6f4","MomentumMAStrategy_LongOnly","BTC-USDT","Bybit Perpetual","long","106509.4","104350.1","0.07890798725205561","9.151174305886151","8404.442377424091","-179.5371911792489","-10.681088828779378","86400.0","1762783200000.0","1762869600000.0"
"56ba4aa5-370d-49c2-881d-623fb2c2f96f","MomentumMAStrategy_LongOnly","BTC-USDT","Bybit Perpetual","long","104350.1","103294.0","0.07882029040935122","9.001612545083603","8224.905186244841","-92.24372124639989","-5.6075856899035355","14400.0","1762869600000.0","1762884000000.0"
"c27a4e4f-5af0-4b6e-b19f-c5a822d3240e","MomentumMAStrategy_LongOnly","BTC-USDT","Bybit Perpetual","long","103099.3","104979.9","0.07888183009000489","9.02751745481528","8132.661464998441","139.31765221244726","8.565317320292145","32400.0","1762916400000.0","1762948800000.0"
"31c0edb3-7d45-4a1d-a521-5e656de8e851","MomentumMAStrategy_LongOnly","BTC-USDT","Bybit Perpetual","long","104979.9","102124.9","0.07879583727181003","8.97544786545592","8271.979117210889","-233.93756327647355","-14.140362297925604","14400.0","1762948800000.0","1762963200000.0"
"49c266ce-93dc-457a-b12e-161da494e821","MomentumMAStrategy_LongOnly","BTC-USDT","Bybit Perpetual","long","102124.9","101813.1","0.07870795030334832","8.828348082930336","8038.041553934416","-33.369486987513426","-2.0757224731676036","32400.0","1762963200000.0","1762995600000.0"
"4cd054c4-9b4c-4683-8161-52feba212ce6","MomentumMAStrategy_LongOnly","BTC-USDT","Bybit Perpetual","long","103097.5","99601.4","0.07764176693854752","8.655845413874973","8004.672066946903","-280.09922680773144","-17.495983874487774","43200.0","1763013600000.0","1763056800000.0"
"c836efd2-c0ba-48d5-92dc-29c358b618db","MomentumMAStrategy_LongOnly","BTC-USDT","Bybit Perpetual","long","99601.4","98131.6","0.07755486208164916","8.434335549194905","7724.572840139171","-122.42447183680193","-7.924352217940653","10800.0","1763056800000.0","1763067600000.0"
"6903c9ce-2e70-4995-99f5-6e40c1ff5768","MomentumMAStrategy_LongOnly","BTC-USDT","Bybit Perpetual","long","96972.5","94531.3","0.07839488894585958","8.257105523540556","7602.148368302368","-199.63470841817275","-13.130150764391955","169200.0","1763139600000.0","1763308800000.0"
"3b87e777-d166-414c-808f-27c0d859171a","MomentumMAStrategy_LongOnly","BTC-USDT","Bybit Perpetual","long","94531.3","91925.7","0.07830754109891849","8.030544054874575","7402.513659884194","-212.06867314221705","-14.324098737666812","108000.0","1763308800000.0","1763416800000.0"
"774029e3-77f6-4c8b-9426-a5df6c4d7361","MomentumMAStrategy_LongOnly","BTC-USDT","Bybit Perpetual","long","91536.3","87855.5","0.07855293459252752","7.750463782509678","7190.444986741977","-296.8881054306852","-20.6446267218579","194400.0","1763463600000.0","1763658000000.0"
"3514efb8-43d8-4e38-8b77-ddb7749d2bb6","MomentumMAStrategy_LongOnly","BTC-USDT","Bybit Perpetual","long","87855.5","86445.7","0.0784647162819777","7.522071813084538","6893.556881311291","-118.14162882741692","-8.568989192480853","7200.0","1763658000000.0","1763665200000.0"
"c5cff41c-f639-45e1-8eca-b6fc9d517112","MomentumMAStrategy_LongOnly","BTC-USDT","Bybit Perpetual","long","84801.0","86887.9","0.07989782257855302","7.544663098998813","6775.415252483875","159.194102840183","11.747922223794497","169200.0","1763737200000.0","1763906400000.0"
"074589b2-da07-488c-aa6b-a956d047fe4e","MomentumMAStrategy_LongOnly","BTC-USDT","Bybit Perpetual","long","86887.9","89792.5","0.07981099042932398","7.755570742397023","6934.609355324058","224.06343205861788","16.155447306241758","273600.0","1763906400000.0","1764180000000.0"
"d3c0ea90-2f3a-4751-b0d1-017af8902269","MomentumMAStrategy_LongOnly","BTC-USDT","Bybit Perpetual","long","89792.5","91741.1","0.07972461828529862","7.959983331275847","7158.672787382676","147.3914078594575","10.2946043377788","90000.0","1764180000000.0","1764270000000.0"
"80b505ec-6bf4-4862-8218-2072177384bc","MomentumMAStrategy_LongOnly","BTC-USDT","Bybit Perpetual","long","91741.1","90582.2","0.07963785255727403","7.985909845735603","7306.064195242133","-100.27821717436117","-6.86267013911981","158400.0","1764270000000.0","1764428400000.0"
"12f3b2b9-f8fc-4e18-b829-c3075725d23f","MomentumMAStrategy_LongOnly","BTC-USDT","Bybit Perpetual","long","90582.2","91726.9","0.07954969053597476","7.976447867790641","7205.785978067773","83.08408288873943","5.765095101465835","82800.0","1764428400000.0","1764511200000.0"
"c9cac681-b28a-4eae-a587-e0c4dcac76e9","MomentumMAStrategy_LongOnly","BTC-USDT","Bybit Perpetual","long","91726.9","90320.6","0.07946273188079518","7.956295425137984","7288.870060956511","-119.70473526909932","-8.21147408775391","36000.0","1764511200000.0","1764547200000.0"
"c0f5cca8-2da8-4b26-9ce4-697671c37de8","MomentumMAStrategy_LongOnly","BTC-USDT","Bybit Perpetual","long","90320.6","86970.7","0.07937464239262594","7.739838445253071","7169.165325687411","-273.6369529963114","-19.08429646725115","3600.0","1764547200000.0","1764550800000.0"
"20e6bbee-c142-4546-a9d4-83202c6c4ff6","MomentumMAStrategy_LongOnly","BTC-USDT","Bybit Perpetual","long","86970.7","86319.2","0.07928564876091719","7.556671179867955","6895.5283726911","-59.2112713476055","-4.293454261032739","10800.0","1764550800000.0","1764561600000.0"
"751dd293-e1ff-4b5b-8969-8e908706fea5","MomentumMAStrategy_LongOnly","BTC-USDT","Bybit Perpetual","long","85159.2","87241.8","0.08027690609286484","7.611900388023796","6836.317101343495","159.57278424097697","11.670961270185757","57600.0","1764615600000.0","1764673200000.0"
"3c1d30f0-626b-4017-9fe9-a98cecb85b2a","MomentumMAStrategy_LongOnly","BTC-USDT","Bybit Perpetual","long","87241.8","90809.2","0.08018965548148332","7.8528165914734736","6995.889885584472","278.2157603731697","19.88422952071137","18000.0","1764673200000.0","1764691200000.0"
"b9a27a62-3991-49ab-b611-7390bfd852e3","MomentumMAStrategy_LongOnly","BTC-USDT","Bybit Perpetual","long","90809.2","93591.0","0.08010317947914575","8.124073274124704","7274.105645957642","214.70695140096316","14.75830582143661","50400.0","1764691200000.0","1764741600000.0"
"ecad9f03-50ac-4e05-a662-1935a5c50571","MomentumMAStrategy_LongOnly","BTC-USDT","Bybit Perpetual","long","93591.0","91086.4","0.08001637547796908","8.127468899382297","7488.812597358605","-208.53648292150413","-13.92320078853739","187200.0","1764741600000.0","1764928800000.0"
"1464b785-a316-4b29-b3f6-7dc2214d8e6c","MomentumMAStrategy_LongOnly","BTC-USDT","Bybit Perpetual","long","91086.4","89238.3","0.07992714735061549","7.927061377320543","7280.276114437102","-155.64042239599232","-10.689184032962064","82800.0","1764928800000.0","1765011600000.0"
"30c4628f-e2df-4e96-a103-e97fd469c3e8","MomentumMAStrategy_LongOnly","BTC-USDT","Bybit Perpetual","long","89238.3","91327.6","0.0798383170907683","7.928842668988979","7124.635692041109","158.87735322875346","11.149858048618155","122400.0","1765011600000.0","1765134000000.0"
"8b51c2d3-b6a6-4313-b805-9f13067e783c","MomentumMAStrategy_LongOnly","BTC-USDT","Bybit Perpetual","long","91327.6","94146.8","0.07975149949489378","8.13552383485365","7283.513045269862","216.6999035411507","14.876056526176079","165600.0","1765134000000.0","1765299600000.0"
"ef041f90-4032-4a3b-857e-3d698ebe9530","MomentumMAStrategy_LongOnly","BTC-USDT","Bybit Perpetual","long","94146.8","92230.5","0.07966508632062919","8.16627003098819","7500.212948811012","-160.82847494721014","-10.721593909723978","64800.0","1765299600000.0","1765364400000.0"
"dc291a87-c003-4adc-978d-7d39d23575b9","MomentumMAStrategy_LongOnly","BTC-USDT","Bybit Perpetual","long","92230.5","90152.5","0.07957654435207227","7.982374888710199","7339.384473863802","-173.3424340523164","-11.809058012262756","79200.0","1765364400000.0","1765443600000.0"
"c8e2a2ce-47ce-4bd0-bfdd-097627edf93c","MomentumMAStrategy_LongOnly","BTC-USDT","Bybit Perpetual","long","90152.5","90195.3","0.07948800132898684","7.88451739134392","7166.042039811487","-4.482430934463052","-0.31275499847479044","10800.0","1765443600000.0","1765454400000.0"
"47c324d9-4929-4667-a384-3c9ce37b102f","MomentumMAStrategy_LongOnly","BTC-USDT","Bybit Perpetual","long","90062.9","92823.6","0.07951731077810091","7.998453461690534","7161.559608877024","211.52498640341358","14.768081113310874","28800.0","1765461600000.0","1765490400000.0"
"04839311-bccd-4df0-808b-cb28ed4187f2","MomentumMAStrategy_LongOnly","BTC-USDT","Bybit Perpetual","long","92823.6","89895.0","0.07943114246032729","7.982450930713358","7373.084595280437","-240.60449474002831","-16.316406765089944","64800.0","1765490400000.0","1765555200000.0"
"c5c55150-c999-43d7-b6db-3de61ea072ee","MomentumMAStrategy_LongOnly","BTC-USDT","Bybit Perpetual","long","89895.0","88598.7","0.07934234496401811","7.789159795617178","7132.480100540408","-110.6406415724741","-7.756112881695327","187200.0","1765555200000.0","1765742400000.0"
"66a3e21a-1b21-4acc-a92c-0dca023d0a6c","MomentumMAStrategy_LongOnly","BTC-USDT","Bybit Perpetual","long","88598.7","86360.6","0.07925442990662315","7.626464768099019","7021.839458967933","-185.00580434211162","-13.173599697286706","75600.0","1765742400000.0","1765818000000.0"
"b4731a87-c621-4798-8863-1b8d1efe9089","MomentumMAStrategy_LongOnly","BTC-USDT","Bybit Perpetual","long","86360.6","85763.2","0.07916612036768876","7.494505407919194","6836.833654625822","-54.78834571557715","-4.006850867177906","14400.0","1765818000000.0","1765832400000.0"
"5bb9f9f6-6979-4242-b7cd-9be8d612457b","MomentumMAStrategy_LongOnly","BTC-USDT","Bybit Perpetual","long","85964.8","89633.9","0.07889328316834618","7.619456879701408","6782.045308910246","281.84788839327683","20.778974155700887","111600.0","1765872000000.0","1765983600000.0"
"5f3b492c-829e-4f01-b771-95191999c4ea","MomentumMAStrategy_LongOnly","BTC-USDT","Bybit Perpetual","long","89633.9","86380.6","0.07880827674912642","7.629269685322512","7063.893197303522","-264.0162364332546","-18.687728498927243","10800.0","1765983600000.0","1765994400000.0"
"594f8e71-32b5-46da-b973-0dff6790c726","MomentumMAStrategy_LongOnly","BTC-USDT","Bybit Perpetual","long","86380.6","88804.0","0.07871995518519515","7.5847881236249854","6799.876960870268","183.18515127217648","13.469740138410677","72000.0","1765994400000.0","1766066400000.0"
"0c1a4808-4311-4b03-add5-af57c5387339","MomentumMAStrategy_LongOnly","BTC-USDT","Bybit Perpetual","long","88804.0","85946.7","0.07863454475184051","7.557792956761","6983.062112142445","-232.24027767619512","-16.62882800887349","18000.0","1766066400000.0","1766084400000.0"
"11863279-d4ed-47e5-8949-e352f6ff568d","MomentumMAStrategy_LongOnly","BTC-USDT","Bybit Perpetual","long","85946.7","88169.9","0.07854660893863581","7.521947669458681","6750.82183446625","167.10287332291622","12.376483739340761","61200.0","1766084400000.0","1766145600000.0"
"98ad4083-7b6b-4918-9a2a-28b73b41ec83","MomentumMAStrategy_LongOnly","BTC-USDT","Bybit Perpetual","long","88169.9","89785.3","0.07846129697083887","7.679427687087764","6917.924707789165","119.06695143960603","8.605684252789269","252000.0","1766145600000.0","1766397600000.0"
"5e9e4585-18c1-45ab-9cd4-8e7430291e86","MomentumMAStrategy_LongOnly","BTC-USDT","Bybit Perpetual","long","89785.3","87892.0","0.07837576595755398","7.659076964423559","7036.991659228772","-156.04791465186074","-11.087686486540685","68400.0","1766397600000.0","1766466000000.0"
"d60b9a42-9998-4953-a1f5-225028f6970a","MomentumMAStrategy_LongOnly","BTC-USDT","Bybit Perpetual","long","87892.0","87531.3","0.07828862404515669","7.553506830353405","6880.943744576912","-35.79221352344119","-2.6008215480362096","10800.0","1766466000000.0","1766476800000.0"
"f10830af-b65f-4970-8043-818159b5f93a","MomentumMAStrategy_LongOnly","BTC-USDT","Bybit Perpetual","long","87426.8","89151.8","0.07829580324401064","7.603949827486572","6845.15153105347","127.45631076843178","9.309969997758124","237600.0","1766480400000.0","1766718000000.0"
"6a7085df-b233-4d7c-8364-051613357a5a","MomentumMAStrategy_LongOnly","BTC-USDT","Bybit Perpetual","long","89151.8","87344.4","0.07821051108134554","7.592121903253458","6972.607841821901","-148.94979963167808","-10.681068189313109","43200.0","1766718000000.0","1766761200000.0"
"cc4b94ec-fdba-45bf-8b7b-b3b786ef7dd5","MomentumMAStrategy_LongOnly","BTC-USDT","Bybit Perpetual","long","87344.4","88262.2","0.07812358940229967","7.545459853103633","6823.658042190223","64.15637050032723","4.701024736560116","208800.0","1766761200000.0","1766970000000.0"
"514298dd-5745-414d-bb30-797a19e90600","MomentumMAStrategy_LongOnly","BTC-USDT","Bybit Perpetual","long","88262.2","90091.6","0.07803810025912056","7.655115449297325","6887.81441269055","135.10778516473852","9.80773994983135","10800.0","1766970000000.0","1766980800000.0"
"c81b2737-cc7d-4645-b2e0-aba08137ead6","MomentumMAStrategy_LongOnly","BTC-USDT","Bybit Perpetual","long","90091.6","88068.2","0.07795312990173656","7.638462717967073","7022.92219785529","-165.36882576114152","-11.773505465548448","21600.0","1766980800000.0","1767002400000.0"
"07c924e0-c995-4e6f-b8e6-9388244cc5fb","MomentumMAStrategy_LongOnly","BTC-USDT","Bybit Perpetual","long","88068.2","87328.9","0.07786639640749043","7.511647064528333","6857.5533720941485","-65.07827392858624","-4.7450067390954","36000.0","1767002400000.0","1767038400000.0"
"930f6c61-7944-4471-becf-539e744b530f","MomentumMAStrategy_LongOnly","BTC-USDT","Bybit Perpetual","long","87072.8","88831.4","0.07800914979379969","7.547175397937176","6792.4750981655625","129.6397154294383","9.542892212034019","43200.0","1767063600000.0","1767106800000.0"
"70295c47-d92d-44d2-bff0-99f93e98b867","MomentumMAStrategy_LongOnly","BTC-USDT","Bybit Perpetual","long","88831.4","88455.3","0.07792418912225857","7.598207286813616","6922.114813595","-36.90549481569438","-2.6657673131347206","32400.0","1767106800000.0","1767139200000.0"
