"id","strategy_name","symbol","exchange","type","entry_price","exit_price","qty","fee","size","PNL","PNL_percentage","holding_period","opened_at","closed_at"
"aaba2aa1-1852-407c-923b-8e03863be7f9","SupertrendStrategy","BTC-USDT","Bybit Perpetual","long","9070.43","8641.01","1.047359386489946","10.20263361273942","9500.000000000002","-459.9597013592521","-4.841681066939494","14400.0","1579428000000.0","1579442400000.0"
"63370d93-8a22-48c9-ae8d-9275daaef929","SupertrendStrategy","BTC-USDT","Bybit Perpetual","short","8363.1","8514.99","1.0836936403616733","10.059873336948575","9063.03828370871","-174.6621003714825","-1.927191466083144","115200.0","1579788000000.0","1579903200000.0"
"98d1338d-bd3c-4ed1-9f9b-1175feb36cd1","SupertrendStrategy","BTC-USDT","Bybit Perpetual","short","8288.49","8421.8","1.0734294531761275","9.865524601412982","8897.109288355801","-152.96440500432197","-1.7192595937257507","115200.0","1579917600000.0","1580032800000.0"
"099ac651-5527-41d7-8da0-6192e5aaae6b","SupertrendStrategy","BTC-USDT","Bybit Perpetual","long","8577.08","8934.04","1.0203697649551706","9.827299569175985","8751.793103601694","354.4038917292227","4.049500342774009","93600.0","1580061600000.0","1580155200000.0"
"34bc85e3-3f71-4770-aacd-ab6e58a16ee4","SupertrendStrategy","BTC-USDT","Bybit Perpetual","long","8934.04","9398.98","1.0172863341494394","10.257461890328596","9088.476800744458","462.7196463091104","5.091278290672514","100800.0","1580155200000.0","1580256000000.0"
"9ad8dedf-0a94-44e9-ac69-c038f3200765","SupertrendStrategy","BTC-USDT","Bybit Perpetual","long","9398.98","9279.46","1.013733454559762","10.414227728842981","9528.060464738111","-131.5756502178262","-1.380927951756472","223200.0","1580256000000.0","1580479200000.0"
"18b7df69-9a4d-44ef-9774-7e6a676070e5","SupertrendStrategy","BTC-USDT","Bybit Perpetual","long","9439.84","9340.78","0.996104128569041","10.289099215497469","9403.063597031176","-108.96317419154616","-1.1588050327124133","50400.0","1580522400000.0","1580572800000.0"
"8e9a6e65-185f-4313-bf53-e3112c293d27","SupertrendStrategy","BTC-USDT","Bybit Perpetual","long","9387.73","9341.44","0.990606736830864","10.204283087487783","9299.548581549207","-56.059468935387535","-0.6028192491688518","14400.0","1580594400000.0","1580608800000.0"
"bfad87f1-7215-4ede-a74c-e7d9071abf02","SupertrendStrategy","BTC-USDT","Bybit Perpetual","long","9442.87","9349.64","0.9791823975190368","10.120712248460261","9246.292086060588","-101.40988716916142","-1.0967627479781188","79200.0","1580644800000.0","1580724000000.0"
"7f387125-80dc-4858-8982-336c540a9c80","SupertrendStrategy","BTC-USDT","Bybit Perpetual","long","9464.48","9800.13","0.9667676082838029","10.243420513821128","9149.952693249887","314.25212720663694","3.4344672343329967","93600.0","1580911200000.0","1581004800000.0"
"76075f4b-d6c8-49d1-b61d-bb9f38ff213a","SupertrendStrategy","BTC-USDT","Bybit Perpetual","long","9800.13","10058.79","0.964119069246652","10.530499906654049","9448.492214096192","238.84853854468656","2.527901099271149","216000.0","1581004800000.0","1581220800000.0"
"2d045c38-32af-44a1-8f9f-329dfd8cd8c3","SupertrendStrategy","BTC-USDT","Bybit Perpetual","long","10058.79","9856.38","0.9618849111785457","10.535855839605603","9675.398325713644","-205.23098071125665","-2.121163117034968","108000.0","1581220800000.0","1581328800000.0"
"c951a272-7ca8-446a-a6bc-bddc7a678ab5","SupertrendStrategy","BTC-USDT","Bybit Perpetual","long","10204.39","10179.39","0.929053955605181","10.415697291552176","9480.428894037952","-33.6420461816817","-0.35485785039576107","165600.0","1581436800000.0","1581602400000.0"
"11a33632-8c6d-4612-ad4f-3e7ce5c2a624","SupertrendStrategy","BTC-USDT","Bybit Perpetual","short","9768.0","9952.69","0.9672879760611541","10.491572474146194","9448.468950165354","-189.13998877288122","-2.001805686936942","172800.0","1581876000000.0","1582048800000.0"
"e8cca845-7568-4f63-a991-6547e3c300a8","SupertrendStrategy","BTC-USDT","Bybit Perpetual","long","10053.0","9593.65","0.9219920382802264","9.962730183383016","9268.785960831116","-433.4797729674053","-4.676769695613253","100800.0","1582056000000.0","1582156800000.0"
"16ef28a3-654d-40d7-9700-a4559b01a329","SupertrendStrategy","BTC-USDT","Bybit Perpetual","short","9593.65","9713.030000000002","0.9232127684991718","9.803295421330176","8856.98017651208","-120.01643572476392","-1.3550491627274588","151200.0","1582156800000.0","1582308000000.0"
"9e9366b7-08cc-4ea4-a3cf-ba3a10c90cfb","SupertrendStrategy","BTC-USDT","Bybit Perpetual","short","9687.58","9793.8","0.9024921149114179","9.669985510676149","8742.964562573554","-105.53269795656638","-1.2070585120329262","115200.0","1582315200000.0","1582430400000.0"
"08a2b414-2855-4923-9055-f521d7ab750f","SupertrendStrategy","BTC-USDT","Bybit Perpetual","long","9878.87","9724.0","0.8748681275808686","9.432459394661151","8642.708499514816","-144.92328631311096","-1.6768271927862275","100800.0","1582437600000.0","1582538400000.0"
"600e4b68-740a-4ba8-bd95-15653fc5d8c4","SupertrendStrategy","BTC-USDT","Bybit Perpetual","short","9610.37","9217.45","0.8849848005349804","9.164283989964684","8505.03137751736","338.56394383623984","3.980748909771424","115200.0","1582567200000.0","1582682400000.0"
"f2687c39-0335-4057-8bba-d86afb9ecd7b","SupertrendStrategy","BTC-USDT","Bybit Perpetual","short","9217.45","8742.35","0.9576040145768935","9.459107119548952","8826.667124161788","445.4985602059335","5.047188864599214","57600.0","1582682400000.0","1582740000000.0"
"152fa600-7af0-45d6-b388-6a69eac4f8a1","SupertrendStrategy","BTC-USDT","Bybit Perpetual","short","8742.35","8701.28","1.0580554148892949","10.150979947253944","9249.890756357427","33.30335594224909","0.3600405325799094","403200.0","1582740000000.0","1583143200000.0"
"c56e5d29-52c7-4261-a4fd-c62fb690da9f","SupertrendStrategy","BTC-USDT","Bybit Perpetual","long","9161.33","8936.0","1.0131202504988428","10.084124326628123","9281.528944502563","-238.37051037153228","-2.5682246082173648","165600.0","1583438400000.0","1583604000000.0"
"48000eba-4f4e-4c85-97ec-882e17f9f8dd","SupertrendStrategy","BTC-USDT","Bybit Perpetual","short","8936.0","8663.7","1.0133255326376014","9.808823957219097","9055.076959649607","266.119718579999","2.938900682632042","72000.0","1583604000000.0","1583676000000.0"
"5dc8a291-9918-43b6-a622-8f16d695c5d2","SupertrendStrategy","BTC-USDT","Bybit Perpetual","short","8663.7","8315.71","1.0743551476044422","10.03305409523249","9307.890692300607","363.83179371963905","3.908853313249553","14400.0","1583676000000.0","1583690400000.0"
"2f9f3d79-952e-4de9-b9fb-ba273e42be95","SupertrendStrategy","BTC-USDT","Bybit Perpetual","short","8315.71","7813.34","1.1608787339065776","10.298129128713736","9653.530896334265","572.8925204239324","5.934538632299575","64800.0","1583690400000.0","1583755200000.0"
"e35749ef-1c99-400f-9e4d-c69eb557926e","SupertrendStrategy","BTC-USDT","Bybit Perpetual","short","7813.339999999999","6038.38","1.3051753527604073","9.943407945536116","10197.778790737","2306.6906361900756","22.61953983827658","259200.0","1583755200000.0","1584014400000.0"
"7b1416b9-0bd0-437d-bf8c-5fb29f0f9ed7","SupertrendStrategy","BTC-USDT","Bybit Perpetual","short","6038.38","4764.65","2.051731572891665","12.190704753642713","12389.134895117571","2601.1613515856584","20.99550431572707","43200.0","1584014400000.0","1584057600000.0"
"8d8e0d23-b528-4d86-aa07-b9852e1c5942","SupertrendStrategy","BTC-USDT","Bybit Perpetual","short","4764.65","5903.43","3.1188519994383532","18.29968945099257","14860.238179123948","-3569.9859693714025","-24.02374663406548","252000.0","1584057600000.0","1584309600000.0"
"ad010214-a2ba-4356-b706-55c341d6ad9a","SupertrendStrategy","BTC-USDT","Bybit Perpetual","short","4783.83","5272.7","2.3973994703451247","13.260235832530421","11468.751508221118","-1185.2769149001513","-10.334838225856686","79200.0","1584345600000.0","1584424800000.0"
"f1d7e5a9-6e95-4663-8b18-27138c43bf64","SupertrendStrategy","BTC-USDT","Bybit Perpetual","short","5138.0","5331.69","2.012989186272085","11.591455014491544","10342.738439065974","-401.48733050353087","-3.881828133514978","14400.0","1584525600000.0","1584540000000.0"
"aa4dc77d-ebd0-4424-a3be-165f90ad1923","SupertrendStrategy","BTC-USDT","Bybit Perpetual","long","6754.15","6112.29","1.4748451655778476","10.436803757708592","9961.325475087619","-957.0809217355054","-9.60796757549062","93600.0","1584698400000.0","1584792000000.0"
"732c60c3-d456-41da-a6c5-b97fdea4bd3b","SupertrendStrategy","BTC-USDT","Bybit Perpetual","short","6112.29","6207.829999999999","1.480966806129763","10.035128822144479","9052.098599438888","-151.52669747978064","-1.6739399799420358","14400.0","1584792000000.0","1584806400000.0"
"42416294-f8b8-4bdc-82a2-c2c4f4d757d9","SupertrendStrategy","BTC-USDT","Bybit Perpetual","short","6062.24","6211.99","1.4694482958169086","9.919990495780626","8908.148236833096","-229.96987279436271","-2.5815676466124735","7200.0","1584813600000.0","1584820800000.0"
"8ea714bd-6953-4326-bcd7-544cfe0e55b1","SupertrendStrategy","BTC-USDT","Bybit Perpetual","short","6069.74","6230.0","1.4316390582921923","9.684833504961345","8689.67685767845","-239.1193089868684","-2.7517629585451804","86400.0","1584892800000.0","1584979200000.0"
"c37cfd6e-df96-42e8-8404-7feebab2f888","SupertrendStrategy","BTC-USDT","Bybit Perpetual","long","6540.600000000001","6591.79","1.2938436097821187","9.345192385466628","8462.513514140926","56.88666199927833","0.6722194523438016","302400.0","1585015200000.0","1585317600000.0"
"88d35120-3a32-4f9d-81b7-6c2f5d6d56b8","SupertrendStrategy","BTC-USDT","Bybit Perpetual","short","6353.64","5896.5","1.3404215289251893","9.03119326359119","8516.55584304024","603.7291044692703","7.088887991765355","158400.0","1585353600000.0","1585512000000.0"
"ffb65830-c60f-48a6-b3da-8d03ae9b143f","SupertrendStrategy","BTC-USDT","Bybit Perpetual","short","5896.5","6351.23","1.5416091736260575","10.384667108252291","9090.098492286048","-711.4006066312288","-7.826104494191463","57600.0","1585512000000.0","1585569600000.0"
"80a0557a-87fa-49df-bbb6-9c00de7deb17","SupertrendStrategy","BTC-USDT","Bybit Perpetual","long","6523.3","6324.27","1.2898790360686125","9.114496164083214","8414.26791598638","-265.83912071281884","-3.159385027516744","122400.0","1585605600000.0","1585728000000.0"
"f3fd8657-8b4c-4618-9d20-faa5e410bef9","SupertrendStrategy","BTC-USDT","Bybit Perpetual","long","6641.51","6725.670000000001","1.2288953492969523","9.03477593436838","8161.720751309202","94.38905666246406","1.1564847602427875","201600.0","1585785600000.0","1585987200000.0"
"960492cd-3a92-446c-b66a-b4635d5ac447","SupertrendStrategy","BTC-USDT","Bybit Perpetual","long","6831.74","6722.11","1.2078021638906842","9.003703147477363","8251.390355138543","-141.4150543748132","-1.7138330425338215","14400.0","1585994400000.0","1586008800000.0"
"5f3a9ff7-6b7a-4ddc-ac1f-f176adaa1b98","SupertrendStrategy","BTC-USDT","Bybit Perpetual","long","6770.67","7097.98","1.1988541833352488","9.14456898834182","8117.04605348247","383.25239375911787","4.721574711217641","144000.0","1586023200000.0","1586167200000.0"
"68f621bf-9fbe-4ecd-acd9-00831ffc37f6","SupertrendStrategy","BTC-USDT","Bybit Perpetual","long","7097.98","7179.770000000001","1.194866120720773","9.38299986531656","8481.135827553631","88.34510014843758","1.0416659035387783","266400.0","1586167200000.0","1586433600000.0"
"06da7fec-2904-45a0-9ffc-1a3206faf487","SupertrendStrategy","BTC-USDT","Bybit Perpetual","long","7322.34","7258.0","1.1697167398256085","9.380177273691903","8565.063672694647","-84.63975231407173","-0.988197584378766","21600.0","1586440800000.0","1586462400000.0"
"13d2eaf2-4dda-42ce-b2a1-67d4b74e1ee5","SupertrendStrategy","BTC-USDT","Bybit Perpetual","long","7308.4","7258.069999999999","1.1609457484533245","9.300984779060094","8484.655907996277","-67.73138429871689","-0.798280861748137","14400.0","1586469600000.0","1586484000000.0"
"53b74bff-7580-4bbf-9931-71f8d582ae11","SupertrendStrategy","BTC-USDT","Bybit Perpetual","short","6766.65","7014.12","1.24438401467676","9.43171344386538","8420.311092912498","-317.3794255559235","-3.769212586730513","172800.0","1586534400000.0","1586707200000.0"
"b9610f35-41f5-4775-8efa-596feac5a2f6","SupertrendStrategy","BTC-USDT","Bybit Perpetual","long","7087.68","6685.01","1.1454806987102084","8.676992810375506","8118.80063863437","-469.9277057600152","-5.788141951950427","28800.0","1586714400000.0","1586743200000.0"
"aaf6d3ca-72f1-4bb8-ad6f-ba662ddd6b11","SupertrendStrategy","BTC-USDT","Bybit Perpetual","short","6685.01","6880.89","1.147697508031006","8.563252293308803","7672.369318162355","-233.37424016642237","-3.0417493017961097","93600.0","1586743200000.0","1586836800000.0"
"565e9418-c8b9-4470-adc9-ffd35a686dd2","SupertrendStrategy","BTC-USDT","Bybit Perpetual","short","6779.23","7024.35","1.0990427806704086","8.343898720523542","7450.663790004253","-277.741265118455","-3.7277385337272944","79200.0","1586952000000.0","1587031200000.0"
"a642d60c-811f-4b03-97d8-23fb8e006483","SupertrendStrategy","BTC-USDT","Bybit Perpetual","long","7024.35","6964.2","1.0231280599830193","7.871642912911506","7186.809588141722","-69.41279572089067","-0.9658360204147078","352800.0","1587031200000.0","1587384000000.0"
"7d674cd2-7e86-47c8-9700-fa41f50c50ce","SupertrendStrategy","BTC-USDT","Bybit Perpetual","short","6869.96","6948.98","1.036522400742781","7.8780024754862445","7120.8674322068755","-89.78400258218029","-1.2608576614710931","151200.0","1587405600000.0","1587556800000.0"
"ef6e6fba-1a75-409d-9fe1-46dc28f4e6d3","SupertrendStrategy","BTC-USDT","Bybit Perpetual","long","7105.69","7528.14","0.9901322221703738","7.969184639219915","7035.572629753803","410.31217261665523","5.831965558587565","86400.0","1587571200000.0","1587657600000.0"
"44a26ae2-0c52-4aff-9a99-9056161abb7c","SupertrendStrategy","BTC-USDT","Bybit Perpetual","long","7528.14","7774.0","0.9863484464608291","8.301283109089361","7425.369193739626","234.20234593776976","3.154083518638066","374400.0","1587657600000.0","1588032000000.0"
"138847ed-7f76-4864-a5fb-d5b32a755580","SupertrendStrategy","BTC-USDT","Bybit Perpetual","long","7774.0","8124.86","0.983774301824094","8.602489442964458","7647.861422380506","336.5645620950369","4.400767005402621","129600.0","1588032000000.0","1588161600000.0"
"b673866d-8e24-4eff-b456-5b3c14cf08d3","SupertrendStrategy","BTC-USDT","Bybit Perpetual","long","8124.86","8715.13","0.980644313424575","9.08272223739469","7967.597756370792","569.7621966477287","7.150990977075292","21600.0","1588161600000.0","1588183200000.0"
"0f8d36c5-baae-4e78-9b99-980e116db585","SupertrendStrategy","BTC-USDT","Bybit Perpetual","long","8715.13","9306.029999999999","0.9763333241370049","9.677062476182655","8508.871843186134","567.2382987563732","6.666433684867577","36000.0","1588183200000.0","1588219200000.0"
"20c259a1-d32f-46cf-8e7b-b13a17aa4def","SupertrendStrategy","BTC-USDT","Bybit Perpetual","long","9306.03","8803.32","0.9722457618344975","9.683706332892658","9047.74822700469","-498.44137326471383","-5.509010206285612","187200.0","1588219200000.0","1588406400000.0"
"81484f22-7fb4-42e3-a934-0711bb2861fb","SupertrendStrategy","BTC-USDT","Bybit Perpetual","long","8803.32","8879.04","0.9739767408663109","9.472214049993653","8574.228922403212","64.27730476840455","0.7496569703248454","129600.0","1588406400000.0","1588536000000.0"
"c2b1874d-297c-4ddd-a1ca-772e92ff4769","SupertrendStrategy","BTC-USDT","Bybit Perpetual","long","9080.61","9839.62","0.9509595018322773","9.89580487244366","8635.292361933196","711.8919666132733","8.243982215952455","115200.0","1588759200000.0","1588874400000.0"
"3d13bca9-f956-4f49-9160-6e54db065f8a","SupertrendStrategy","BTC-USDT","Bybit Perpetual","long","9839.62","9651.24","0.946336314838968","10.144699743993236","9311.589730215806","-188.41553473335898","-2.0234518507828656","151200.0","1588874400000.0","1589025600000.0"
"a23822c8-2a59-42ee-b476-b1e84a38819b","SupertrendStrategy","BTC-USDT","Bybit Perpetual","short","8621.65","8863.5","1.0592630148775601","10.186754987522505","9132.594972219116","-266.3695151356608","-2.9166903376963846","216000.0","1589083200000.0","1589299200000.0"
"3631fc51-529b-495b-9405-74fb509742fe","SupertrendStrategy","BTC-USDT","Bybit Perpetual","long","9344.41","9337.31","0.9502519616369827","9.763787592214069","8879.543932840237","-16.51057651983699","-0.18593946541301554","165600.0","1589407200000.0","1589572800000.0"
"a3531051-854c-4b58-9766-2face6d915ca","SupertrendStrategy","BTC-USDT","Bybit Perpetual","long","9539.0","9526.23","0.9292230721403075","9.743718375413856","8863.858885146394","-21.609897006645987","-0.24379784568613516","172800.0","1589688000000.0","1589860800000.0"
"6cb83365-154b-40a9-8504-898677cd0492","SupertrendStrategy","BTC-USDT","Bybit Perpetual","long","9789.36","9410.03","0.9033613518136099","9.539192797418188","8843.32948299008","-352.2112543808748","-3.982790136433842","108000.0","1589882400000.0","1589990400000.0"
"4ed97cab-544c-4b9e-9dc6-f6e67de0b215","SupertrendStrategy","BTC-USDT","Bybit Perpetual","short","9082.3","9257.42","0.9368473614974453","9.449835060931061","8508.728791328247","-173.51054500636442","-2.039206434493474","136800.0","1590076800000.0","1590213600000.0"
"9376ee2b-c62f-48d4-b0d6-8496245c1030","SupertrendStrategy","BTC-USDT","Bybit Perpetual","short","9135.15","9251.22","0.9133833350927135","9.236592172966738","8343.893773572201","-115.25299587717772","-1.381285512553157","79200.0","1590228000000.0","1590307200000.0"
"88b9f9cb-7c84-4d46-9eba-bd40974eb00a","SupertrendStrategy","BTC-USDT","Bybit Perpetual","short","9111.31","8711.37","0.9037562576060832","8.859047217520935","8234.403427488882","352.5892304494548","4.281903765759246","43200.0","1590321600000.0","1590364800000.0"
"bd623dfd-35a7-45cc-ab3e-d265b20bd7b8","SupertrendStrategy","BTC-USDT","Bybit Perpetual","short","8711.37","9144.99","0.9836986830333073","9.660902798672746","8569.363196415863","-436.21232573557444","-5.0903703780231915","216000.0","1590364800000.0","1590580800000.0"
"fe4c5b3f-d378-44c1-bbe2-e34e7bc36f6c","SupertrendStrategy","BTC-USDT","Bybit Perpetual","long","9144.99","9494.98","0.8917408862084122","9.142112851684018","8154.961486967067","302.9582799123979","3.715017911446593","100800.0","1590580800000.0","1590681600000.0"
"db80ee40-cee6-4c44-b660-5d7885a7d5db","SupertrendStrategy","BTC-USDT","Bybit Perpetual","long","9494.98","9467.26","0.8891826894721048","9.273492558888538","8442.771852883845","-33.9216367110547","-0.401783173845541","280800.0","1590681600000.0","1590962400000.0"
"88219ed4-9fd2-4b5e-bc3d-2d97c09cfa53","SupertrendStrategy","BTC-USDT","Bybit Perpetual","long","9550.82","10232.48","0.8806098636565597","9.58175301362225","8410.546298008343","590.6947666465081","7.023262766966605","72000.0","1590984000000.0","1591056000000.0"
"02df56d6-de9d-46f3-83b5-42642e7d62d4","SupertrendStrategy","BTC-USDT","Bybit Perpetual","long","10232.48","9467.9","0.8767870864465436","9.500171330149367","8971.706326322528","-679.8740418854476","-7.577979228886838","57600.0","1591056000000.0","1591113600000.0"
"91aa591f-c3f8-4d43-958a-459f2524c3b0","SupertrendStrategy","BTC-USDT","Bybit Perpetual","short","9446.36","9771.75","0.8813792811761728","9.316144187550542","8325.825986531352","-296.1081484894649","-3.5565017689353295","21600.0","1591538400000.0","1591560000000.0"
"b948f956-bb25-42cc-8cc8-d70d9e47e3d1","SupertrendStrategy","BTC-USDT","Bybit Perpetual","long","9743.92","9667.47","0.8255941392649325","8.814261400442255","8044.523245466361","-71.93093334724695","-0.8941603020139812","122400.0","1591574400000.0","1591696800000.0"
"f3d9dac9-e8e9-4a6c-9dbe-41e5f88af889","SupertrendStrategy","BTC-USDT","Bybit Perpetual","long","9719.35","9640.01","0.8206504404910283","8.737997021393417","7976.188858786476","-73.84840296995172","-0.9258607622937762","180000.0","1591704000000.0","1591884000000.0"
"fa690972-4101-45fb-8436-e3f73d15029c","SupertrendStrategy","BTC-USDT","Bybit Perpetual","short","9525.02","9249.0","0.830027955423193","8.570628789620773","7906.032875965022","220.5336874662893","2.789435497248304","295200.0","1591891200000.0","1592186400000.0"
"3a164170-1f89-4a9a-8f2c-334dd65002fc","SupertrendStrategy","BTC-USDT","Bybit Perpetual","short","9249.0","9428.490000000002","0.8774505221167691","9.013715343781904","8115.5398790579975","-166.5073095585222","-2.051709584819998","72000.0","1592186400000.0","1592258400000.0"
"18d01dc9-6c78-46d2-b588-98ea88ea5822","SupertrendStrategy","BTC-USDT","Bybit Perpetual","long","9559.49","9398.0","0.8324040231202084","8.679160019343616","7957.357934977401","-143.10408571302588","-1.7983869380061048","136800.0","1592280000000.0","1592416800000.0"
"5494fb09-3199-471f-9ecc-b1e652fbfa3f","SupertrendStrategy","BTC-USDT","Bybit Perpetual","short","9268.73","9368.17","0.843849055215766","8.64970175143289","7821.409053550026","-92.56205180208909","-1.1834447114113855","165600.0","1592539200000.0","1592704800000.0"
"41f1f0d9-895b-4468-8587-1b55e30c8c37","SupertrendStrategy","BTC-USDT","Bybit Perpetual","short","9293.51","9382.58","0.8321371693082638","8.547587766490505","7733.475104338043","-82.66604543677732","-1.0689378878378535","7200.0","1592784000000.0","1592791200000.0"
"8dd0b6e2-9bb7-40a0-99a6-92738d95445e","SupertrendStrategy","BTC-USDT","Bybit Perpetual","long","9458.88","9692.19","0.8092863384642901","8.524284624885322","7654.942361173104","180.29031100221925","2.3552144809956497","36000.0","1592827200000.0","1592863200000.0"
"af76dc15-a4e5-415d-a86d-2fcc07d4445a","SupertrendStrategy","BTC-USDT","Bybit Perpetual","long","9692.19","9337.26","0.807476757742596","8.451211223193665","7826.218156625212","-295.04893684877345","-3.7700065465080668","136800.0","1592863200000.0","1593000000000.0"
"82bbdacb-0047-4722-beb3-7a8840f03a4d","SupertrendStrategy","BTC-USDT","Bybit Perpetual","short","9337.26","9078.21","0.8081516062119805","8.185370412806698","7545.921666618877","201.16630317640772","2.6658944004986593","280800.0","1593000000000.0","1593280800000.0"
"fc25d366-177e-4c48-8b69-39ee0c28b459","SupertrendStrategy","BTC-USDT","Bybit Perpetual","short","9078.21","9109.66","0.8522637892972805","8.52547465299548","7737.029654636464","-35.32917082639557","-0.4566244722252594","93600.0","1593280800000.0","1593374400000.0"
"b0d16cbb-7b4a-4a35-ba14-201dcb5d963f","SupertrendStrategy","BTC-USDT","Bybit Perpetual","short","9044.99","9121.78","0.8516833011812494","8.509784054970268","7703.466942351389","-73.91054475267914","-0.9594452122114105","7200.0","1593439200000.0","1593446400000.0"
"6e3e041a-a44f-4dfb-929d-837ecbf72fce","SupertrendStrategy","BTC-USDT","Bybit Perpetual","short","9136.45","9167.35","0.8354724126806738","8.410775970973486","7633.251924836343","-34.226873522806","-0.4483917714210622","7200.0","1593590400000.0","1593597600000.0"
"2c25301c-7501-4a38-a538-bf4a0b13f32b","SupertrendStrategy","BTC-USDT","Bybit Perpetual","short","9049.61","9169.98","0.8398965695747858","8.416414127032489","7600.736394989677","-109.5147642067486","-1.4408441302995265","180000.0","1593705600000.0","1593885600000.0"
"74981446-e275-4eca-b943-9f44ff2dbf89","SupertrendStrategy","BTC-USDT","Bybit Perpetual","long","9221.24","9433.0","0.812981482858408","8.341053433238145","7496.697368993266","163.8159053768585","2.1851743149511367","180000.0","1594036800000.0","1594216800000.0"
"b4a102ce-4970-4d79-b376-e7f90acb4233","SupertrendStrategy","BTC-USDT","Bybit Perpetual","long","9433.0","9211.0","0.8112289281354057","8.318503674886077","7652.322479101282","-188.41132572094614","-2.4621456588572035","93600.0","1594216800000.0","1594310400000.0"
"b3d103d8-ccaa-4d79-b86a-667ffc8c0d3b","SupertrendStrategy","BTC-USDT","Bybit Perpetual","short","9211.0","9266.51","0.8113485744942333","8.245435769286617","7473.331719666383","-53.28339513946168","-0.7129804635761613","129600.0","1594310400000.0","1594440000000.0"
"bec178d9-90e5-406f-90ab-d9870146ada5","SupertrendStrategy","BTC-USDT","Bybit Perpetual","short","9206.25","9270.72","0.8062688384829755","8.193572827321631","7422.712494283893","-60.173724844318535","-0.8106702892056956","64800.0","1594461600000.0","1594526400000.0"
"d683eccf-cad9-4189-8a27-7dc3e6015d1e","SupertrendStrategy","BTC-USDT","Bybit Perpetual","short","9214.35","9300.69","0.7993561624728592","8.14006122733732","7365.547455681791","-77.1564722952441","-1.0475320776831805","28800.0","1594569600000.0","1594598400000.0"
"4e7a9505-dc24-4391-90e6-0d05fe279314","SupertrendStrategy","BTC-USDT","Bybit Perpetual","short","9241.2","9249.69","0.7891019355712794","8.02515839918959","7292.248807001308","-14.724633832189578","-0.20192171471237266","93600.0","1594684800000.0","1594778400000.0"
"b2370460-4b2f-4486-bae8-c00449b93484","SupertrendStrategy","BTC-USDT","Bybit Perpetual","short","9234.51","9072.75","0.788158809169163","7.935965532412639","7278.260404860728","119.55660343879134","1.6426535571459688","108000.0","1594785600000.0","1594893600000.0"
"12ee5a09-ebc2-44b2-820f-c762c419ca2e","SupertrendStrategy","BTC-USDT","Bybit Perpetual","short","9072.75","9162.01","0.8147297322341716","8.17102062268491","7391.8391781275795","-80.89379652190723","-1.0943662946736128","122400.0","1594893600000.0","1595016000000.0"
"d20dbff4-1ebb-4d24-85a5-0999b80845cf","SupertrendStrategy","BTC-USDT","Bybit Perpetual","short","9131.08","9167.65","0.8011089675516772","8.062602183793796","7314.990071431768","-37.3591571271584","-0.5107205445577052","21600.0","1595044800000.0","1595066400000.0"
"49c752da-3173-455a-9059-8808cdaf5678","SupertrendStrategy","BTC-USDT","Bybit Perpetual","short","9126.96","9170.61","0.7975819848187093","8.0265967088776","7279.498872160967","-42.84105034621542","-0.5885164775566175","36000.0","1595160000000.0","1595196000000.0"
"b1a3922c-2b93-4a27-b861-6b1ff476a37e","SupertrendStrategy","BTC-USDT","Bybit Perpetual","long","9210.51","9342.21","0.7859282357146414","8.019608573519259","7238.799874332062","95.48714007009815","1.3191018086946205","129600.0","1595203200000.0","1595332800000.0"
"e7c67084-1466-4185-877c-33807f071508","SupertrendStrategy","BTC-USDT","Bybit Perpetual","long","9342.21","9518.25","0.7845587561614068","8.138426471027582","7329.512657398655","129.97529696362716","1.7733143121381438","129600.0","1595332800000.0","1595462400000.0"
"ceb67b9c-2455-4ef3-8ae8-82f76c47a9b0","SupertrendStrategy","BTC-USDT","Bybit Perpetual","long","9518.25","9701.49","0.7830209533805166","8.277202526189107","7452.989189514102","135.20355697125657","1.8140849736033386","259200.0","1595462400000.0","1595721600000.0"
"bab90a05-1939-44c5-bbbc-d6f37f88c334","SupertrendStrategy","BTC-USDT","Bybit Perpetual","long","9701.49","9979.15","0.7814709460749633","8.458916598088422","7581.432568636795","208.52430628908576","2.750460475658892","43200.0","1595721600000.0","1595764800000.0"
"2ae217a2-7550-4ff8-a592-8863a232afa1","SupertrendStrategy","BTC-USDT","Bybit Perpetual","long","9979.15","10885.240000000002","0.7795784871067603","8.945986274832979","7779.530659611426","697.4222851077329","8.964837541273575","108000.0","1595764800000.0","1595872800000.0"
"ad6c95ca-ec9a-40bc-985b-b338479e0848","SupertrendStrategy","BTC-USDT","Bybit Perpetual","long","10885.24","11355.05","0.7755531187611638","9.486689449408999","8442.08183046377","354.87592127577295","4.20365412705645","338400.0","1595872800000.0","1596211200000.0"
"fed8db0e-ec3e-482e-962e-3126133dcb12","SupertrendStrategy","BTC-USDT","Bybit Perpetual","long","11355.05","11956.259999999998","0.7731550240356279","9.912791043843583","8779.213955675756","454.9157409566156","5.181736579759659","122400.0","1596211200000.0","1596333600000.0"
"df6333de-0f65-4d50-8ce1-f09e26cef8b8","SupertrendStrategy","BTC-USDT","Bybit Perpetual","long","11956.26","11316.18","0.770423519527389","9.861299323034494","9211.38390958454","-502.99398570212554","-5.460569124458651","28800.0","1596333600000.0","1596362400000.0"
"5ba33476-3aa9-4d0a-877d-555a2ce81a05","SupertrendStrategy","BTC-USDT","Bybit Perpetual","long","11619.46","11543.95","0.7516304219961617","9.575677998243563","8733.53962316752","-66.33129116317252","-0.7595006609601341","187200.0","1596636000000.0","1596823200000.0"
"3f655349-d130-49d9-bd78-dcbe67f2e4cc","SupertrendStrategy","BTC-USDT","Bybit Perpetual","long","11780.0","11658.0","0.7360377671105693","9.48818925204564","8670.524896562507","-99.2847968395351","-1.1450840407470289","79200.0","1596888000000.0","1596967200000.0"
"2db84617-8820-4a5a-acd4-301a08c77813","SupertrendStrategy","BTC-USDT","Bybit Perpetual","long","11865.53","11707.78","0.7227830817135812","9.371114306394269","8576.204339564949","-123.3901454467117","-1.4387500642617734","115200.0","1597024800000.0","1597140000000.0"
"606d844d-abbf-4663-8465-5174c5607411","SupertrendStrategy","BTC-USDT","Bybit Perpetual","long","11808.98","11816.96","0.716317895482131","9.308025990772904","8458.983701390574","-3.591809184825812","-0.042461474234018845","216000.0","1597435200000.0","1597651200000.0"
"1dd65f32-85a1-4f92-89d5-60211b3e5ae9","SupertrendStrategy","BTC-USDT","Bybit Perpetual","long","11872.6","12443.990000000002","0.7121920626202339","9.524945313394806","8455.57148266499","397.4144773471815","4.700030957835699","21600.0","1597658400000.0","1597680000000.0"
"9996e1dd-34f9-4960-aa44-79bde8472d84","SupertrendStrategy","BTC-USDT","Bybit Perpetual","long","12443.990000000002","11950.009999999998","0.7098298243686157","9.523573804606407","8833.115236144811","-360.1653104462175","-4.077443810224882","86400.0","1597680000000.0","1597766400000.0"
"0813ff4a-7406-4927-97fb-2c7465e9279d","SupertrendStrategy","BTC-USDT","Bybit Perpetual","long","11950.01","12002.579999999998","0.7105398398177831","9.360598204001569","8490.958191220907","27.99248117521779","0.3296739960886885","7200.0","1597766400000.0","1597773600000.0"
"92455b74-f878-49db-a8ac-496592d850d0","SupertrendStrategy","BTC-USDT","Bybit Perpetual","short","11540.97","11686.390000000001","0.7380273103852941","9.428334315483031","8517.551048337367","-116.7522657917139","-1.370725753554527","165600.0","1598047200000.0","1598212800000.0"
"eea6f6c8-e643-4442-84e7-f5c2e29a890b","SupertrendStrategy","BTC-USDT","Bybit Perpetual","long","11786.96","11594.959999999997","0.7132149761970212","9.17198453393236","8406.636395835241","-146.10925996376176","-1.7380228320109838","79200.0","1598263200000.0","1598342400000.0"
"5a846345-1987-4cff-bc9f-41e4dcdd2266","SupertrendStrategy","BTC-USDT","Bybit Perpetual","short","11456.53","11443.31","0.7216698772551261","9.089368597079115","8267.83259886967","0.4511071802344926","0.005456172156849974","244800.0","1598364000000.0","1598608800000.0"
"82fff36c-f85d-47fe-b4c3-6e5a8dcb8107","SupertrendStrategy","BTC-USDT","Bybit Perpetual","long","11623.4","11933.08","0.7113461767375202","9.216246591966623","8268.261150690892","211.07343742010886","2.552815320818352","194400.0","1598752800000.0","1598947200000.0"
"d9565959-135a-4e92-8010-dff8c421a76a","SupertrendStrategy","BTC-USDT","Bybit Perpetual","long","11933.08","11417.49","0.7096894444887653","9.114409178487815","8468.780916239995","-375.02318986245035","-4.428301943002142","100800.0","1598947200000.0","1599048000000.0"
"2f0fa006-1e51-4791-8d8f-b259c9648fbc","SupertrendStrategy","BTC-USDT","Bybit Perpetual","short","11417.49","10683.59","0.7105334785378106","8.63695648851334","8112.508885870667","512.8235634103856","6.321392933122777","100800.0","1599048000000.0","1599148800000.0"
"1c589780-5c3b-4a9e-8c3f-20b3a335b55a","SupertrendStrategy","BTC-USDT","Bybit Perpetual","short","10683.59","9960.16","0.8049439627606949","9.139384062182604","8599.691271110532","573.1812269177872","6.665137257232824","187200.0","1599148800000.0","1599336000000.0"
"0f41b5d6-c364-4016-b5e5-1f2cbd9d7b59","SupertrendStrategy","BTC-USDT","Bybit Perpetual","short","9960.16","10378.76","0.918078970285862","10.27000410167959","9144.213436682432","-394.5778610633418","-4.315055240076469","187200.0","1599336000000.0","1599523200000.0"
"ac2d275c-a4f3-49d6-af67-3f7cfd90e1dd","SupertrendStrategy","BTC-USDT","Bybit Perpetual","short","10018.33","10224.42","0.8753319633783532","9.745519355922438","8769.364468672256","-190.14268368856736","-2.168260703131162","93600.0","1599559200000.0","1599652800000.0"
"f2e18a95-1991-4ac6-8aff-7ec0d2b88ca3","SupertrendStrategy","BTC-USDT","Bybit Perpetual","short","10256.26","10319.09","0.8374133377242893","9.476539885090002","8588.72891916812","-62.09121989430703","-0.7229384054226387","14400.0","1599825600000.0","1599840000000.0"
"18e87736-2d18-467f-873f-62b0ec63d735","SupertrendStrategy","BTC-USDT","Bybit Perpetual","short","10281.78","10465.460000000001","0.8295978186917564","9.466525776330897","8529.742260268527","-161.84705311363297","-1.8974436527527363","72000.0","1600012800000.0","1600084800000.0"
"262c6a95-04fc-425f-94b9-86308d128854","SupertrendStrategy","BTC-USDT","Bybit Perpetual","long","10688.0","11034.0","0.7836814707906603","9.362720899683099","8375.987559810577","261.79106799388535","3.12549494760479","180000.0","1600099200000.0","1600279200000.0"
"b9e67a4b-5d1c-47a4-a2b9-f2a260f3c25d","SupertrendStrategy","BTC-USDT","Bybit Perpetual","long","11034.0","10855.56","0.7816466444086251","9.410445616869694","8624.689074404769","-148.88747284514517","-1.7262938009787978","86400.0","1600279200000.0","1600365600000.0"
"6ed80c40-7d54-4594-a971-011e3f48ff32","SupertrendStrategy","BTC-USDT","Bybit Perpetual","long","10910.58","10858.76","0.7775247489319433","9.309410339852763","8483.245975201882","-49.60074282950584","-0.5846906122314277","86400.0","1600372800000.0","1600459200000.0"
"4cb05882-938c-4c33-8fbb-676184bed40d","SupertrendStrategy","BTC-USDT","Bybit Perpetual","long","10934.53","10958.84","0.7715123804602348","9.29005330274818","8436.125269513852","9.465412666239736","0.11220094965215231","129600.0","1600466400000.0","1600596000000.0"
"1a7110cc-5a49-428d-a453-f9ad3289e976","SupertrendStrategy","BTC-USDT","Bybit Perpetual","short","10696.27","10374.05","0.7895385411500252","9.14970634290031","8445.11741154678","245.25540238646172","2.9041088528991987","79200.0","1600682400000.0","1600761600000.0"
"b35f9294-726d-4b45-b830-46131b4f8cb8","SupertrendStrategy","BTC-USDT","Bybit Perpetual","short","10374.05","10649.9","0.8365209386704247","9.672835913708042","8678.110043813918","-240.427136845945","-2.7705011302239764","208800.0","1600761600000.0","1600970400000.0"
"7cd2ee86-a3f1-495a-8419-b8afcb5eaa2c","SupertrendStrategy","BTC-USDT","Bybit Perpetual","long","10724.92","10622.43","0.787857090198367","9.250263579945361","8449.70426381027","-89.99773675437584","-1.0650992501575751","216000.0","1600992000000.0","1601208000000.0"
"44c65ac0-efe1-4928-812b-b0b397fb4bb1","SupertrendStrategy","BTC-USDT","Bybit Perpetual","long","10750.0","10678.62","0.7780657129203362","9.170080973459438","8364.206413893615","-64.70841156171241","-0.7736347999999925","122400.0","1601222400000.0","1601344800000.0"
"8b01062e-40ab-4972-a347-f578e6e41552","SupertrendStrategy","BTC-USDT","Bybit Perpetual","short","10670.09","10836.98","0.7781315268109253","9.204431068981197","8302.733422909987","-139.06680157845608","-1.6749520247720442","21600.0","1601402400000.0","1601424000000.0"
"e91b0435-e520-4f82-ba42-04237214bb6b","SupertrendStrategy","BTC-USDT","Bybit Perpetual","short","10694.36","10833.13","0.7640120550842175","9.045994031637719","8170.6199614104535","-115.06794691567353","-1.408313536293884","72000.0","1601445600000.0","1601517600000.0"
"f9eef77f-6e60-4132-8216-d7bf43b88998","SupertrendStrategy","BTC-USDT","Bybit Perpetual","short","10480.38","10607.86","0.7691806415264107","8.921366284524606","8061.305411840564","-106.97651446631251","-1.3270371112497963","223200.0","1601575200000.0","1601798400000.0"
"5ad38d03-0ecb-45b0-a667-d564a8d0cc12","SupertrendStrategy","BTC-USDT","Bybit Perpetual","long","10684.59","10565.0","0.7449680074853193","8.706645597198982","7959.677723097569","-97.79736961236843","-1.2286599158226954","151200.0","1601863200000.0","1602014400000.0"
"8a4a7c95-83aa-4968-8732-e081ae15149a","SupertrendStrategy","BTC-USDT","Bybit Perpetual","short","10565.0","10658.75","0.7446067413124297","8.691841029261324","7866.7702219658195","-78.49872302730161","-0.9978519876952202","100800.0","1602014400000.0","1602115200000.0"
"dff806bb-882c-4d47-8585-ff77e6ed9895","SupertrendStrategy","BTC-USDT","Bybit Perpetual","short","10608.82","10731.86","0.7345017103777689","8.621121278343555","7792.1964350898825","-98.99421172322488","-1.2704275687588336","28800.0","1602136800000.0","1602165600000.0"
"7b4b592b-17cd-4e67-b102-9352a01842ca","SupertrendStrategy","BTC-USDT","Bybit Perpetual","long","10731.86","11049.28","0.7173175883726417","8.593197149243785","7698.151933952819","219.0977517520002","2.8461084378663166","79200.0","1602165600000.0","1602244800000.0"
"ad60c01f-d321-4166-a86a-78216e273006","SupertrendStrategy","BTC-USDT","Bybit Perpetual","long","11049.28","11413.28","0.7155484156539809","8.840177070742868","7906.294798117218","251.61944622730618","3.1825204176199717","57600.0","1602244800000.0","1602302400000.0"
"cbbb5560-c447-4ead-ba49-11308d767afa","SupertrendStrategy","BTC-USDT","Bybit Perpetual","long","11413.28","11384.65","0.7136715538419418","8.948628770113903","8145.333272033158","-29.381045356609423","-0.3607101683302348","302400.0","1602302400000.0","1602604800000.0"
"abcaed46-9bfd-46a6-abb8-ce9957bb20bb","SupertrendStrategy","BTC-USDT","Bybit Perpetual","long","11530.81","11319.81","0.7039766745739786","8.847466913754506","8117.421278944378","-157.386545248864","-1.938873687104375","7200.0","1602684000000.0","1602691200000.0"
"aea4ede2-2f52-4559-b838-42f0779dcb6f","SupertrendStrategy","BTC-USDT","Bybit Perpetual","long","11458.71","11309.01","0.6953578597379598","8.707442177672228","7967.904060957957","-112.80251378044406","-1.4157112449830647","50400.0","1602784800000.0","1602835200000.0"
"ef9d961e-7071-49d2-b2d3-0063157f0e2e","SupertrendStrategy","BTC-USDT","Bybit Perpetual","long","11501.1","11801.12","0.6834773780652751","8.759597125785119","7860.741672866536","196.297285841359","2.497185304014402","57600.0","1603065600000.0","1603123200000.0"
"fbf838d4-118b-4d45-a4d3-bd881fb6ca06","SupertrendStrategy","BTC-USDT","Bybit Perpetual","long","11801.12","12172.670000000002","0.681903420558034","8.991295172606996","8047.224094415827","244.36992073573128","3.036698343038636","129600.0","1603123200000.0","1603252800000.0"
"119abeee-bad7-4b67-b855-c9ee17df6a7f","SupertrendStrategy","BTC-USDT","Bybit Perpetual","long","12172.67","12729.81","0.6801610097961064","9.315732768775039","8279.37551911477","369.6291722290273","4.46445714867814","43200.0","1603252800000.0","1603296000000.0"
"638d9451-bc23-42d5-81bb-5e12be0a135b","SupertrendStrategy","BTC-USDT","Bybit Perpetual","long","12729.81","13103.609999999999","0.6779773800812696","9.63296092557649","8630.523232732347","243.7949837488016","2.824799576741517","259200.0","1603296000000.0","1603555200000.0"
"abc3f5ea-5159-43a1-8416-2527d539639e","SupertrendStrategy","BTC-USDT","Bybit Perpetual","long","13103.61","12939.370000000003","0.6763119832850418","9.687248699948974","8862.128467293707","-120.76472883468287","-1.3627056895008167","86400.0","1603555200000.0","1603641600000.0"
"f9dc8504-837b-43ca-86f8-9e14bfd36937","SupertrendStrategy","BTC-USDT","Bybit Perpetual","long","13038.35","12871.58","0.6708979261103405","9.560605066465254","8747.401974900758","-121.44625220388703","-1.3883693987352725","79200.0","1603656000000.0","1603735200000.0"
"c4ed31c1-eed8-48a7-8b3b-4c46aaac69be","SupertrendStrategy","BTC-USDT","Bybit Perpetual","long","13448.85","13208.650000000001","0.6418413496549569","9.410437178134858","8632.028035307067","-163.5807293652548","-1.8950440000446056","100800.0","1603800000000.0","1603900800000.0"
"a1814c77-5fc7-47e2-a5ce-cd8cd6ebcd82","SupertrendStrategy","BTC-USDT","Bybit Perpetual","long","13625.92","13559.53","0.622095707475904","9.30157346294045","8476.62634241007","-50.60250748226535","-0.5969651773971917","201600.0","1604109600000.0","1604311200000.0"
"3d6293b4-cdcf-4bb1-b402-5b321c56f1a8","SupertrendStrategy","BTC-USDT","Bybit Perpetual","long","14016.550000000001","14713.970000000001","0.6013287121511298","9.502067625067752","8428.553960301919","409.87660280337326","4.862952823626356","129600.0","1604448000000.0","1604577600000.0"
"282e448d-2563-4a99-9c25-f2df3d795cba","SupertrendStrategy","BTC-USDT","Bybit Perpetual","long","14713.97","15598.75","0.5992901122514945","9.99136235429647","8817.936732965123","520.2485431635812","5.899889723847476","43200.0","1604577600000.0","1604620800000.0"
"076e9577-dc99-406a-8d99-363fbe5ea41e","SupertrendStrategy","BTC-USDT","Bybit Perpetual","long","15598.75","14654.74","0.5969819920808094","9.933433800178266","9312.172848970526","-573.4904041443832","-6.1585025691161155","158400.0","1604620800000.0","1604779200000.0"
"ddd7bbfe-12aa-4cc6-909f-54cc4c67053b","SupertrendStrategy","BTC-USDT","Bybit Perpetual","long","15807.879999999997","15229.0","0.5546194027936296","9.467510717597651","8767.356965033361","-330.5255906067725","-3.7699570340867807","21600.0","1604923200000.0","1604944800000.0"
"bc8da100-4647-4e2b-94a9-be43a6016bca","SupertrendStrategy","BTC-USDT","Bybit Perpetual","long","15359.57","15306.339999999998","0.5503642129276358","9.282580681472844","8453.357653956928","-38.57846773561166","-0.45636857346918813","64800.0","1604952000000.0","1605016800000.0"
"7552fe8b-a540-42e8-9e19-cda820456843","SupertrendStrategy","BTC-USDT","Bybit Perpetual","long","15432.21","16289.02","0.5453987542683839","9.51539562922349","8416.708109608096","457.78771101547125","5.439035131714779","165600.0","1605060000000.0","1605225600000.0"
"50491844-170c-4b77-9475-54ccb9513010","SupertrendStrategy","BTC-USDT","Bybit Perpetual","long","16289.02","15791.989999999998","0.5434093908088268","9.588217155347534","8851.606435072796","-279.67898666906007","-3.159641006641299","122400.0","1605225600000.0","1605348000000.0"
"98e3f7fc-be2d-44b3-a987-e98312e55170","SupertrendStrategy","BTC-USDT","Bybit Perpetual","long","16101.83","16688.82","0.5332258133229073","9.616651558600235","8585.911397737189","303.38156860381304","3.533481240952114","43200.0","1605506400000.0","1605549600000.0"
"090382bc-82ce-4493-a849-ff9e79c84ae9","SupertrendStrategy","BTC-USDT","Bybit Perpetual","long","16688.82","17322.38","0.5317406436111607","9.946825557893352","8874.123887910811","326.9427766083943","3.684225966844877","79200.0","1605549600000.0","1605628800000.0"
"a0cfb1e1-15bc-465b-a9df-7713dd1a2e85","SupertrendStrategy","BTC-USDT","Bybit Perpetual","long","17322.38","18283.96","0.5302227249193694","10.383609840563047","9184.719525688786","499.46795798740317","5.438031685022486","244800.0","1605628800000.0","1605873600000.0"
"8c85d218-9d5d-450c-97c5-5a5f26795c07","SupertrendStrategy","BTC-USDT","Bybit Perpetual","long","18283.96","18405.8","0.5282889530373518","10.660537193675442","9659.214085776819","53.706188844395584","0.5560099234520319","165600.0","1605873600000.0","1606039200000.0"
"098219e2-4e64-4dc4-aedc-745435979e60","SupertrendStrategy","BTC-USDT","Bybit Perpetual","long","19089.69","18817.81","0.5086638371382141","10.605195923474268","9710.234965178994","-148.90071996461057","-1.533440956872518","136800.0","1606219200000.0","1606356000000.0"
"34f008cf-2a9d-423e-b34a-7e7ed6fed451","SupertrendStrategy","BTC-USDT","Bybit Perpetual","short","17072.65","17518.56","0.560474166647393","10.663113778941234","9568.779281212615","-260.5841494286802","-2.7232747435225337","194400.0","1606384800000.0","1606579200000.0"
"e744b365-cfa5-4414-b83e-89e8bb70e91f","SupertrendStrategy","BTC-USDT","Bybit Perpetual","long","17817.07","18618.0","0.5231625816846074","10.483805906782663","9321.224339255368","408.5328006418701","4.382823390714637","129600.0","1606593600000.0","1606723200000.0"
"df575fcd-d07e-4bf7-9a57-86b6020b0020","SupertrendStrategy","BTC-USDT","Bybit Perpetual","long","18618.0","19720.0","0.5215023364413549","10.996346115968766","9709.330499865146","563.6992286424044","5.805747663551402","57600.0","1606723200000.0","1606780800000.0"
"cba44515-7afa-4917-9241-d6f87fa3838e","SupertrendStrategy","BTC-USDT","Bybit Perpetual","long","19720.0","18859.44","0.5195154547198493","11.023438422940428","10244.844767075429","-458.0976581366546","-4.471494381338749","93600.0","1606780800000.0","1606874400000.0"
"433c0e62-7f1e-4c25-912a-9aad8ca60f54","SupertrendStrategy","BTC-USDT","Bybit Perpetual","long","19130.01","18980.0","0.5127886494489866","10.748309307113056","9809.651991845607","-87.67173461095472","-0.8937293054211598","21600.0","1606910400000.0","1606932000000.0"
"c825ca5f-c97f-4cc1-9b32-358714e21148","SupertrendStrategy","BTC-USDT","Bybit Perpetual","long","19106.14","18838.05","0.5090700604080782","10.623938102489578","9726.363843965199","-147.10053059729134","-1.5123897579521566","144000.0","1606939200000.0","1607083200000.0"
"10546048-cdfd-4969-8f87-246ea41538e1","SupertrendStrategy","BTC-USDT","Bybit Perpetual","short","18319.32","18271.24","0.5233064513255827","10.531441858088698","9586.618339897774","14.629132321644331","0.15259950696858898","273600.0","1607472000000.0","1607745600000.0"
"0fc23b7a-5af4-4edd-8fe8-56106194ccfd","SupertrendStrategy","BTC-USDT","Bybit Perpetual","long","18796.0","19469.99","0.5107744209195222","10.749908885739226","9600.51601560334","333.50694306981035","3.4738439322196295","194400.0","1607803200000.0","1607997600000.0"
"1c297424-1126-4488-9f12-6a89627886d8","SupertrendStrategy","BTC-USDT","Bybit Perpetual","long","19469.99","20354.12","0.5093658297471985","11.156772458751538","9917.347611519657","439.18883859563766","4.428490921156083","129600.0","1607997600000.0","1608127200000.0"
"a141045a-0277-4efa-80d3-e542f9b18664","SupertrendStrategy","BTC-USDT","Bybit Perpetual","long","20354.12","21346.8","0.5077388267429646","11.645246907196224","10334.57700818551","492.37693162400996","4.7643646298636355","36000.0","1608127200000.0","1608163200000.0"
"5b33e124-b446-4543-96bb-085d44d7e70b","SupertrendStrategy","BTC-USDT","Bybit Perpetual","long","21346.8","22495.01","0.5060400197326212","12.202140718632608","10802.33509322832","568.83807033856","5.265880621451455","28800.0","1608163200000.0","1608192000000.0"
"13b736f3-c1d5-42a7-bec8-67856dec17ae","SupertrendStrategy","BTC-USDT","Bybit Perpetual","long","22495.01","23936.02","0.5042332170579142","12.876637195516889","11342.73126004995","713.7284709171091","6.292386327012089","208800.0","1608192000000.0","1608400800000.0"
"f7f7f9e2-1626-4942-b5b3-860020d3f348","SupertrendStrategy","BTC-USDT","Bybit Perpetual","long","23936.02","22663.0","0.5022043475657691","12.871226739967327","12020.773307421201","-652.187405278143","-5.4255029073338035","151200.0","1608400800000.0","1608552000000.0"
"163e5cb5-3c02-45fa-935d-78696319257b","SupertrendStrategy","BTC-USDT","Bybit Perpetual","long","24605.23","25944.43","0.4633647103647058","12.882610710713895","11401.195272406969","607.6554094097004","5.329751792606697","115200.0","1608897600000.0","1609012800000.0"
"b38555fc-7bda-4af1-b301-745390812126","SupertrendStrategy","BTC-USDT","Bybit Perpetual","long","25944.43","27655.27","0.4616970930309967","13.610754122533434","11978.467911346183","776.279100518617","6.480620946384254","43200.0","1609012800000.0","1609056000000.0"
"2463ba57-36e3-4261-9fb7-20526e8b906b","SupertrendStrategy","BTC-USDT","Bybit Perpetual","long","27655.27","26476.599999999995","0.4598014431549166","13.689451570670883","12715.93305683887","-555.643618574079","-4.369664546757293","165600.0","1609056000000.0","1609221600000.0"
"2b455b93-8684-4a1d-8034-2aad04696596","SupertrendStrategy","BTC-USDT","Bybit Perpetual","long","26904.01","26636.84","0.453020632210347","13.340310343843647","12188.071619193497","-134.37383265148125","-1.102502814636176","7200.0","1609250400000.0","1609257600000.0"
"ad2cb36e-ee7b-413e-ba27-8846cc2e01df","SupertrendStrategy","BTC-USDT","Bybit Perpetual","long","26957.13","28806.81","0.4473924515768033","13.72160120439997","12060.416478174591","813.8112686281818","6.7477874425059365","86400.0","1609272000000.0","1609358400000.0"
"6bb9687b-d88c-462d-9395-943fb337ebb4","SupertrendStrategy","BTC-USDT","Bybit Perpetual","long","28806.81","31616.51","0.4455035869425098","14.8053431872363","12833.537183371362","1236.9260850451321","9.638231980562919","237600.0","1609358400000.0","1609596000000.0"
"d9419a2e-a4da-48ec-8c2c-224209575eec","SupertrendStrategy","BTC-USDT","Bybit Perpetual","long","31616.51","34472.24","0.4430791685788292","16.105401621327754","14008.616964164237","1249.209072464292","8.91743328881018","64800.0","1609596000000.0","1609660800000.0"
"673d0e30-42f3-4cec-bd33-c3e1a6a3e222","SupertrendStrategy","BTC-USDT","Bybit Perpetual","long","34472.24","31179.96","0.44080006355854195","15.916721663016961","15195.365583005312","-1467.153954915533","-9.655272503324412","93600.0","1609660800000.0","1609754400000.0"
"dd11ce68-5dac-43d2-9e56-96ee019dd7a8","SupertrendStrategy","BTC-USDT","Bybit Perpetual","long","35069.72","39049.99","0.39354660732493885","16.04325822352459","13801.569325835555","1550.3784965137086","11.233349338118458","122400.0","1609912800000.0","1610035200000.0"
"aa81427b-966c-4d21-9c35-834a7be78d02","SupertrendStrategy","BTC-USDT","Bybit Perpetual","long","39049.99","39837.77","0.39115064811856753","16.971349148942103","15274.42889752358","291.16930842590256","1.9062533229842027","252000.0","1610035200000.0","1610287200000.0"
"b317761c-9143-4141-8b62-f5ebf0b3d625","SupertrendStrategy","BTC-USDT","Bybit Perpetual","short","32846.12","36035.43","0.4734513464764844","17.93663442718801","15551.039740528186","-1527.9197482581033","-9.82519351600736","194400.0","1610373600000.0","1610568000000.0"
"653948fc-b6cb-4feb-a3ab-047891e5eac3","SupertrendStrategy","BTC-USDT","Bybit Perpetual","long","38240.0","35691.31","0.3687111919373167","14.992615787372996","14099.515979682992","-954.7231435660935","-6.771318568253143","115200.0","1610611200000.0","1610726400000.0"
"5c08dc3f-e5f2-4d68-b64a-16c3be55551f","SupertrendStrategy","BTC-USDT","Bybit Perpetual","short","34195.0","36499.32","0.38580286571999417","15.000739185369465","13192.5289932952","-904.0139987212663","-6.852469296680801","93600.0","1610877600000.0","1610971200000.0"
"1e864f66-f6da-4c7f-9ee8-2495e4293c13","SupertrendStrategy","BTC-USDT","Bybit Perpetual","short","35097.16","31422.100000000002","0.3514163452116922","12.856775379462471","12333.715694509996","1278.6193782542193","10.366862751857987","129600.0","1611115200000.0","1611244800000.0"
"8a76f26a-7200-4cd6-8739-19263ef83ffc","SupertrendStrategy","BTC-USDT","Bybit Perpetual","short","31422.1","33306.0","0.4311743678446541","15.350003679607056","13548.404103851506","-827.6393952621517","-6.108759296800664","108000.0","1611244800000.0","1611352800000.0"
"57848cd5-cd94-4220-8085-aa147cd4695f","SupertrendStrategy","BTC-USDT","Bybit Perpetual","short","31663.37","32834.85","0.4030571186311648","14.298056690521431","12762.146678352463","-486.47141002455817","-3.811830582152183","72000.0","1611403200000.0","1611475200000.0"
"dfc28b14-c74a-46bd-a7bf-be75cec6550e","SupertrendStrategy","BTC-USDT","Bybit Perpetual","short","31967.5","33600.0","0.3847657414195395","13.875470262789111","12299.99883882913","-642.0055431301873","-5.219557753968875","43200.0","1611504000000.0","1611547200000.0"
"6f7b20a0-d226-43da-a0ba-864114b6150c","SupertrendStrategy","BTC-USDT","Bybit Perpetual","long","34564.99","31520.68","0.33820618992962115","12.292820462805446","11690.093572855454","-1041.8973065274495","-8.912651554361792","50400.0","1611583200000.0","1611633600000.0"
"94aef5b5-5133-4541-9582-276dada10543","SupertrendStrategy","BTC-USDT","Bybit Perpetual","short","31520.679999999997","31796.389999999996","0.33946891791847056","11.82179748126743","10700.291131654376","-105.41677284056864","-0.9851766792467647","208800.0","1611633600000.0","1611842400000.0"
"aba8c346-d931-44c0-8971-b29313e4b238","SupertrendStrategy","BTC-USDT","Bybit Perpetual","long","33399.75","38303.49","0.31737199222915846","12.516130070447016","10600.145197455835","1543.793603103366","14.56389110098129","50400.0","1611878400000.0","1611928800000.0"
"fa84f566-71cc-4c1e-961f-02f56a5bdab9","SupertrendStrategy","BTC-USDT","Bybit Perpetual","long","38303.49","33299.99","0.31503001737972264","12.406485051866742","12066.749120404033","-1588.6591770113089","-13.165593824479178","50400.0","1611928800000.0","1611979200000.0"
"2f27af07-d1b7-4b4a-86ea-8b5fd65e99d1","SupertrendStrategy","BTC-USDT","Bybit Perpetual","long","33534.15","33788.49","0.314828999758255","11.6573156767568","10557.522902243289","68.41629212175668","0.6480335657829301","86400.0","1611986400000.0","1612072800000.0"
"ce9cbc17-d7bf-4f9f-8725-715d87051670","SupertrendStrategy","BTC-USDT","Bybit Perpetual","short","32329.62","34392.51","0.32856923093308726","12.05756141717461","10622.518379758956","-689.859742216732","-6.494314413531625","57600.0","1612116000000.0","1612173600000.0"
"bb94a948-3ac9-439f-b2a5-84d41220f1a5","SupertrendStrategy","BTC-USDT","Bybit Perpetual","long","35399.51","37652.51","0.28156185282375545","11.312764157044922","9967.15162465306","623.046090254876","6.250994403594852","136800.0","1612260000000.0","1612396800000.0"
"5bf3db46-f90e-42e6-92cd-801f6878d749","SupertrendStrategy","BTC-USDT","Bybit Perpetual","long","37652.51","39957.35","0.2804340377413137","11.97044552458594","10559.045410395192","634.3851420231026","6.007978158693794","208800.0","1612396800000.0","1612605600000.0"
"f9256d24-6f31-44ae-a06e-1424f28a4319","SupertrendStrategy","BTC-USDT","Bybit Perpetual","long","39957.35","37965.79","0.2793406293289505","11.971904431788355","11161.71129531714","-568.2955281781524","-5.091473100693609","108000.0","1612605600000.0","1612713600000.0"
"4a0ac101-bcfe-403e-8bb2-17fd8d3d6cbf","SupertrendStrategy","BTC-USDT","Bybit Perpetual","long","43078.22","47612.4","0.24657078550478395","12.298911576223729","10621.830543547894","1105.6974126438577","10.4096691065694","64800.0","1612792800000.0","1612857600000.0"
"3f1c0cca-d831-415d-b185-9d688ce46509","SupertrendStrategy","BTC-USDT","Bybit Perpetual","long","47612.4","45039.08","0.24515132792212863","12.4924983457728","11672.243085559558","-643.3453135143448","-5.511753900244473","136800.0","1612857600000.0","1612994400000.0"
"f25a7645-5073-41c0-922f-34eec8540488","SupertrendStrategy","BTC-USDT","Bybit Perpetual","long","46146.33","46656.62","0.23969544355360287","12.234444344833058","11061.065037720931","110.07974354613515","0.9952002196057645","172800.0","1613044800000.0","1613217600000.0"
"2c778718-9953-4b9e-b0c3-3e44f5f23975","SupertrendStrategy","BTC-USDT","Bybit Perpetual","long","47569.21","46762.19","0.2347241165890659","12.178019992385396","11165.640794089759","-201.6050765620926","-1.8055844736542752","100800.0","1613268000000.0","1613368800000.0"
"88a4ffd8-9750-4dc7-8269-e94b79634dbb","SupertrendStrategy","BTC-USDT","Bybit Perpetual","long","48638.74","52250.27","0.2256250053220082","12.519695880000175","10974.115971355772","802.3317795905917","7.3111290393213295","180000.0","1613412000000.0","1613592000000.0"
"4cf51fca-9d41-437a-b9c6-01440353282e","SupertrendStrategy","BTC-USDT","Bybit Perpetual","long","52250.27","54884.0","0.22461761751598286","13.23533446494272","11736.331161966833","578.3468233154275","4.927833198756683","165600.0","1613592000000.0","1613757600000.0"
"9837ba3a-5586-491f-996c-4c7b8f92077c","SupertrendStrategy","BTC-USDT","Bybit Perpetual","long","54884.0","58181.34999999999","0.22384958538219682","13.920297445226133","12285.76064411649","724.1901329147587","5.894548607062153","180000.0","1613757600000.0","1613937600000.0"
"96f6dcd8-a41a-4a85-ab67-1a3a64d72011","SupertrendStrategy","BTC-USDT","Bybit Perpetual","long","58181.35","54853.08","0.22298797244109173","13.862925098953982","12973.741270385512","-756.0271041354656","-5.827363814177562","50400.0","1613937600000.0","1613988000000.0"
"cdb51c8e-7e39-4110-a59b-68f9c588b59d","SupertrendStrategy","BTC-USDT","Bybit Perpetual","short","48101.0","51420.1","0.25478712545387455","13.946182245054178","12255.51552145682","-859.6101303390088","-7.014067493399303","187200.0","1614074400000.0","1614261600000.0"
"4c50183e-9da9-4417-9d44-871fe6d7dbe1","SupertrendStrategy","BTC-USDT","Bybit Perpetual","short","48126.74","43424.6","0.2376825419223234","11.968085364177186","11438.885897634758","1105.6485023104565","9.66570094504635","237600.0","1614290400000.0","1614528000000.0"
"4ce258f0-dcb5-4b56-a674-94ac5c10edc2","SupertrendStrategy","BTC-USDT","Bybit Perpetual","short","43424.6","46314.44","0.28760776091960993","14.195304398811423","12489.251974829693","-845.3357162147381","-6.768505575180897","57600.0","1614528000000.0","1614585600000.0"
"5d68ca69-4154-4d83-a526-4a3d5be0e535","SupertrendStrategy","BTC-USDT","Bybit Perpetual","long","49184.51","49350.45","0.23759885062239497","12.876486283168017","11686.183044425692","26.550666989111026","0.2271970829840432","244800.0","1614614400000.0","1614859200000.0"
"be4bae3f-be75-44ff-abf4-7e543b5e486d","SupertrendStrategy","BTC-USDT","Bybit Perpetual","short","48541.69","48770.57","0.2412649040044825","12.912918187047584","11711.406178065348","-68.1336294155929","-0.5817715514231115","108000.0","1614880800000.0","1614988800000.0"
"1ff2c204-7e94-42e8-a170-39f620717f29","SupertrendStrategy","BTC-USDT","Bybit Perpetual","short","48185.05","48908.21","0.2417073185587757","12.90748333860152","11646.679230120535","-187.70054782756483","-1.6116228851064722","43200.0","1615032000000.0","1615075200000.0"
"07bdc40e-4eb1-4737-9df3-638941fbcee3","SupertrendStrategy","BTC-USDT","Bybit Perpetual","long","50084.61","53638.46","0.22897979458528975","13.062767994295598","11468.363709684349","800.6970749926361","6.981790037897867","151200.0","1615104000000.0","1615255200000.0"
"51decf1b-10ce-43ef-9be9-586f0f99343d","SupertrendStrategy","BTC-USDT","Bybit Perpetual","long","53638.46","56933.32","0.22798987761631026","13.865085624509671","12229.025930927353","737.3296425383664","6.029340739834813","144000.0","1615255200000.0","1615399200000.0"
"409ac299-5a68-4ea0-891b-98fe9361d4f8","SupertrendStrategy","BTC-USDT","Bybit Perpetual","long","56933.32","60364.27","0.22709880771644445","14.650978560356785","12929.4890913388","764.5136757743777","5.912945750397127","259200.0","1615399200000.0","1615658400000.0"
"969121b1-26ed-4cd9-af8b-468c0f0c6430","SupertrendStrategy","BTC-USDT","Bybit Perpetual","long","60364.27","57830.61","0.22622284810740625","14.70611031192221","13655.77708332446","-587.8778916477323","-4.304975748070832","136800.0","1615658400000.0","1615795200000.0"
"c0a75425-f529-4c0a-ad3a-375fffe7e9c2","SupertrendStrategy","BTC-USDT","Bybit Perpetual","long","58466.22","57813.98","0.22401470603468315","14.326661151359792","13097.293086259113","-160.43801301542106","-1.2249707779979584","280800.0","1616018400000.0","1616299200000.0"
"0dfeefd5-bc14-4341-8635-a8f7f73d6d27","SupertrendStrategy","BTC-USDT","Bybit Perpetual","short","55563.91","56591.65","0.23297275108779172","14.371054149645541","12944.876973894463","-253.80646935261214","-1.9606711586711554","144000.0","1616443200000.0","1616587200000.0"
"da289296-25be-41f4-b316-d61519b81157","SupertrendStrategy","BTC-USDT","Bybit Perpetual","short","53793.99","53328.84","0.23615576438946956","13.91372059121726","12703.760828009481","95.93413321454486","0.7551632505787385","151200.0","1616623200000.0","1616774400000.0"
"cc8c3165-dc08-46d1-b83c-5c98a27ff67b","SupertrendStrategy","BTC-USDT","Bybit Perpetual","long","55189.53","55076.33","0.23183560821342927","14.059953995052265","12794.8982545633","-40.30374484481179","-0.3149985567914732","172800.0","1616824800000.0","1616997600000.0"
"cb24aff4-022e-4a9f-9e53-a55360dae906","SupertrendStrategy","BTC-USDT","Bybit Perpetual","long","55949.99","58948.27","0.2280002140654669","14.40825533166232","12756.609696960732","669.2002264965455","5.24590970793739","93600.0","1617004800000.0","1617098400000.0"
"f617f870-9347-4801-aba2-2e52413391f0","SupertrendStrategy","BTC-USDT","Bybit Perpetual","long","58948.27","58295.31","0.22718817553309792","14.649995268242844","13392.34991213245","-162.99478636433426","-1.217073832701111","374400.0","1617098400000.0","1617472800000.0"
"69ebdf2e-8768-411b-b5fc-7ef86096804d","SupertrendStrategy","BTC-USDT","Bybit Perpetual","short","56949.2","59098.01","0.2324440881537639","14.835968351181094","13237.504865086332","-514.3141494168717","-3.8852801540671424","36000.0","1617602400000.0","1617638400000.0"
"34bd427a-15b3-4064-84d6-ee6f7b3b69c4","SupertrendStrategy","BTC-USDT","Bybit Perpetual","long","59098.01","58308.68","0.21572480060056679","13.93014413418241","12748.906423140303","-184.20820099222814","-1.4448941334911303","93600.0","1617638400000.0","1617732000000.0"
"cb590c26-1791-43d1-be99-f835e89e8e8c","SupertrendStrategy","BTC-USDT","Bybit Perpetual","short","56376.7","57780.43","0.22303378225752282","14.00349306156005","12573.908632197687","-327.08270422991325","-2.601281063808281","108000.0","1617796800000.0","1617904800000.0"
"1f82c808-8480-4440-b7b6-87a9b9a38553","SupertrendStrategy","BTC-USDT","Bybit Perpetual","long","59286.01","63050.43","0.20684778859598188","13.917762143287764","12263.180063179268","764.744190203198","6.236100149090819","280800.0","1618027200000.0","1618308000000.0"
"d4a10be6-5b7b-4c66-b3a2-56658e9e03a2","SupertrendStrategy","BTC-USDT","Bybit Perpetual","long","63050.43","62461.25","0.20602059405260686","14.221894980777384","12989.687043872305","-135.60510858469235","-1.0439443854704882","180000.0","1618308000000.0","1618488000000.0"
"e7d1dde5-3c27-4293-9b06-ca7899b052f5","SupertrendStrategy","BTC-USDT","Bybit Perpetual","long","63469.69","61902.25","0.2026299827636916","13.97226272268782","12860.862190716849","-331.5826029058091","-2.5782299661460497","36000.0","1618516800000.0","1618552800000.0"
"566efa89-5701-42e4-a2ee-02be30b136ea","SupertrendStrategy","BTC-USDT","Bybit Perpetual","short","59759.7","54849.46","0.2099384487866628","13.233478096928343","12545.858717956331","1017.6146906732943","8.111160132999325","36000.0","1618682400000.0","1618718400000.0"
"4d1db73a-703f-4fb1-9f31-7e1de04564ae","SupertrendStrategy","BTC-USDT","Bybit Perpetual","short","54849.46","57012.82","0.2463578068789731","15.15698028530489","13512.59267409596","-548.1176053750004","-4.0563466878251875","237600.0","1618718400000.0","1618956000000.0"
"9cfac27c-f39e-4fd3-ae74-327e4ffa8e08","SupertrendStrategy","BTC-USDT","Bybit Perpetual","short","55205.66","51085.04","0.23533603164946684","13.757717346584194","12991.880948989707","955.9726413888425","7.35823123027603","165600.0","1618977600000.0","1619143200000.0"
"436974d5-e833-4c0b-954e-4bf45978d5a0","SupertrendStrategy","BTC-USDT","Bybit Perpetual","short","51085.04","47596.95","0.2720963898297644","14.768057271119304","13900.054958309109","934.3286391301847","6.721762193980867","244800.0","1619143200000.0","1619388000000.0"
"6c9fcffc-1fc4-4980-8a37-e3de81546c0b","SupertrendStrategy","BTC-USDT","Bybit Perpetual","short","47596.95","51915.05","0.3106851839347434","17.004297213042804","14787.667165482786","-1358.5739899616601","-9.187209684654176","14400.0","1619388000000.0","1619402400000.0"
"23b401bc-7646-44b4-946b-570a2459d5ce","SupertrendStrategy","BTC-USDT","Bybit Perpetual","long","55144.07","53894.87999999999","0.24475926196632217","14.678561110170488","13497.021875019207","-320.42938356588286","-2.374074714652019","151200.0","1619524800000.0","1619676000000.0"
"0e4ca1a2-e0ea-48c8-b757-064fee2aaa6f","SupertrendStrategy","BTC-USDT","Bybit Perpetual","short","52810.85","54378.82","0.24980877907914037","14.727306325927778","13192.61396063162","-406.4199776586478","-3.080663004856012","57600.0","1619719200000.0","1619776800000.0"
"4b7af7d4-b0c4-449b-95f4-552db7120cd7","SupertrendStrategy","BTC-USDT","Bybit Perpetual","long","55958.79","56736.11","0.22885618116217138","14.185008447749034","12806.514981855904","163.70947829322995","1.2783296511593616","172800.0","1619791200000.0","1619964000000.0"
"0fff3b65-6e00-4631-8d05-b0abe7968a4a","SupertrendStrategy","BTC-USDT","Bybit Perpetual","long","58100.0","55721.649999999994","0.22309877773209078","13.966409046947408","12962.038986234475","-544.5733870660669","-4.201294160929443","86400.0","1620007200000.0","1620093600000.0"
"49116c58-76fc-4bcd-a326-f4fcbd2c28e9","SupertrendStrategy","BTC-USDT","Bybit Perpetual","short","55721.65","57596.1","0.22333678684177","13.91941219742644","12444.694268521713","-432.55305229298153","-3.4758029643773956","136800.0","1620093600000.0","1620230400000.0"
"b125f5e4-c7c0-41c2-91b0-4c1e75f76883","SupertrendStrategy","BTC-USDT","Bybit Perpetual","long","57596.1","56255.83","0.208933744973069","13.083130559021438","12033.76886884338","-293.1107609340759","-2.4357353388510625","122400.0","1620230400000.0","1620352800000.0"
"6ee58c9b-9b48-4088-9d7d-4ccaa82b82fb","SupertrendStrategy","BTC-USDT","Bybit Perpetual","long","57558.060000000005","57284.0","0.20423401424502508","12.900060204882415","11755.313645956008","-68.87243414887499","-0.5858834244934678","165600.0","1620403200000.0","1620568800000.0"
"db6c297c-d116-455e-9417-d483fb8d0a45","SupertrendStrategy","BTC-USDT","Bybit Perpetual","long","58762.89","57053.75","0.19893311635140098","12.671870816301578","11689.884833514578","-352.67641729713495","-3.0169366278615626","57600.0","1620612000000.0","1620669600000.0"
"ea0dbf83-6b34-490a-a5b6-9171f8389b57","SupertrendStrategy","BTC-USDT","Bybit Perpetual","short","55828.14","57813.05","0.20338922695762923","12.712366581554786","11354.8422370823","-416.4216770620233","-3.667348857583296","115200.0","1620676800000.0","1620792000000.0"
"da2d0e2a-e045-40be-ba1f-fffdc181fc39","SupertrendStrategy","BTC-USDT","Bybit Perpetual","short","55540.65","49595.76","0.19731929035532314","11.409992996438465","10959.241643873378","1161.6314830440185","10.599560816267005","28800.0","1620835200000.0","1620864000000.0"
"f332af69-8b93-43ac-9712-ebd2518c2ab2","SupertrendStrategy","BTC-USDT","Bybit Perpetual","short","49595.76","45573.29","0.2432222341741551","12.730975930877532","12062.791552765195","965.6231643676364","8.004972647863449","331200.0","1620864000000.0","1621195200000.0"
"add52537-9aa3-4179-b7e8-a1ad4324e2fd","SupertrendStrategy","BTC-USDT","Bybit Perpetual","short","45573.29","40875.75","0.2848188831421749","13.542275461832263","12980.13355891445","1324.4058208538602","10.203329687191774","194400.0","1621195200000.0","1621389600000.0"
"040e0d6f-a629-4d2e-ad50-9ae2a89bd083","SupertrendStrategy","BTC-USDT","Bybit Perpetual","short","40875.75","41448.84","0.3483316902741997","15.771944972206764","14238.319088725619","-215.39735335144664","-1.5128004366892263","136800.0","1621389600000.0","1621526400000.0"
"0862814c-de14-43ac-9ce1-be20f547cca9","SupertrendStrategy","BTC-USDT","Bybit Perpetual","short","39822.0","40833.27","0.3524105168761424","15.633070964216651","14033.691603041741","-372.01525436555204","-2.6508723783335766","7200.0","1621584000000.0","1621591200000.0"
"99023bc5-3997-41ee-a96d-e855d1d9f090","SupertrendStrategy","BTC-USDT","Bybit Perpetual","short","36818.07","37558.3","0.3715642104921433","15.199578459076843","13680.277111394465","-290.24255399167725","-2.121613119590471","244800.0","1621612800000.0","1621857600000.0"
"8214e040-90de-4176-89f9-1a392b31f96c","SupertrendStrategy","BTC-USDT","Bybit Perpetual","short","35990.42","35698.49","0.37244763148366633","14.685200603230147","13404.546685102374","94.04343645579668","0.7015786409272254","187200.0","1622196000000.0","1622383200000.0"
"5eeb2321-d0b3-497c-bb22-3568d4c9b0bf","SupertrendStrategy","BTC-USDT","Bybit Perpetual","short","35489.78","35826.07","0.380218979935502","14.913601857128299","13493.887949735381","-142.7774426196386","-1.058089730339272","7200.0","1622390400000.0","1622397600000.0"
"00d3a310-1a05-408b-873a-1f7144381662","SupertrendStrategy","BTC-USDT","Bybit Perpetual","short","34834.73","36833.0","0.3834750371036814","15.115531981487644","13358.249379246725","-781.4021943746599","-5.849585317583907","36000.0","1622426400000.0","1622462400000.0"
"8f63b929-c26d-4a59-a9c2-f5cb688590c8","SupertrendStrategy","BTC-USDT","Bybit Perpetual","short","36757.0","36270.69","0.343224890349887","13.78570649101555","12615.917294590798","153.1279899350372","1.2137681815708508","273600.0","1622786400000.0","1623060000000.0"
"9384cd53-fe80-4718-956e-474013ebe17d","SupertrendStrategy","BTC-USDT","Bybit Perpetual","short","36039.99","33550.96","0.3540896899535511","13.552790849990194","12761.388885029082","867.7870701350968","6.800098938706695","28800.0","1623081600000.0","1623110400000.0"
"5fb10cd0-4339-42c1-9d2c-826a1bb249fc","SupertrendStrategy","BTC-USDT","Bybit Perpetual","short","33550.96","34933.0","0.40492989177231964","15.252161381016926","13585.786601657424","-574.8814690060339","-4.231491969231286","129600.0","1623110400000.0","1623240000000.0"
"0b134439-5cc0-48f8-b2e5-8ba2c554d10d","SupertrendStrategy","BTC-USDT","Bybit Perpetual","long","37368.45","35576.0","0.3489480887246244","13.999604525812913","13039.64920610169","-639.4716061602649","-4.90405528594308","187200.0","1623283200000.0","1623470400000.0"
"ac1333fa-8844-457a-9a00-d821c7bb7e5d","SupertrendStrategy","BTC-USDT","Bybit Perpetual","short","34864.96","37266.56","0.35658010736996226","14.146365830497219","12432.151180249439","-870.509151690198","-7.002079841766628","50400.0","1623556800000.0","1623607200000.0"
"b8649f3a-9d3e-4e3f-ab67-808dc714d1cf","SupertrendStrategy","BTC-USDT","Bybit Perpetual","long","37266.56","40520.34","0.3114096789761049","13.322976456650505","11605.167486143751","999.9356088022197","8.616296231796008","72000.0","1623607200000.0","1623679200000.0"
"5619746a-b57f-431e-a5dd-fc17c976e9a7","SupertrendStrategy","BTC-USDT","Bybit Perpetual","long","40520.34","39227.64","0.30984701299411266","13.59032036742283","12555.106314505862","-414.12955406491136","-3.298495000288737","172800.0","1623679200000.0","1623852000000.0"
"3371ec31-4cc4-43f7-8019-ec49998e5065","SupertrendStrategy","BTC-USDT","Bybit Perpetual","short","37691.87","35305.16","0.3226606490509544","12.954297993225595","12161.683238144196","757.1430997031774","6.225643974416761","93600.0","1623952800000.0","1624046400000.0"
"6b4b6652-8849-4016-afc0-6aa2dcbed9aa","SupertrendStrategy","BTC-USDT","Bybit Perpetual","short","35305.16","32238.19","0.36484664516071336","13.553630557728729","12880.969182862213","1105.4200847508262","8.581808317820977","252000.0","1624046400000.0","1624298400000.0"
"c6e9dabf-9b58-4504-88e3-99077926709e","SupertrendStrategy","BTC-USDT","Bybit Perpetual","short","32238.19","33939.05","0.43213090633734397","15.728476885057166","13931.118263375498","-750.7226502379938","-5.388818299042236","122400.0","1624298400000.0","1624420800000.0"
"2bfc3eac-ff61-45fb-9b0f-6c351e4b9176","SupertrendStrategy","BTC-USDT","Bybit Perpetual","short","32618.31","33119.04","0.4052304287269758","14.651325988131395","13217.931745649403","-217.5623585645898","-1.645963701062377","129600.0","1624636800000.0","1624766400000.0"
"3a5f107c-f2bc-43e4-a3ef-df5849c20732","SupertrendStrategy","BTC-USDT","Bybit Perpetual","long","35007.58","34844.89","0.3716694357340051","14.279115460239588","13011.247505013043","-74.74601595980575","-0.5744723242794912","187200.0","1624867200000.0","1625054400000.0"
"8086bcdc-1471-4797-bca5-e9462b5aaed9","SupertrendStrategy","BTC-USDT","Bybit Perpetual","short","34191.68","34477.46","0.3784616254554098","14.293748888663805","12940.238789851226","-122.45051221131037","-0.9462770679884663","230400.0","1625068800000.0","1625299200000.0"
"617ab471-82a6-4e29-a613-814e6f666706","SupertrendStrategy","BTC-USDT","Bybit Perpetual","long","35185.64","34337.84","0.36446433270079737","13.936355809880478","12823.910803250483","-322.9292170736175","-2.518180467940907","86400.0","1625378400000.0","1625464800000.0"
"2b1e42fc-e341-4a92-a6d4-a125e3c79301","SupertrendStrategy","BTC-USDT","Bybit Perpetual","short","34337.84","34796.05","0.3645286962438682","13.86070773338185","12517.128047030546","-180.891401639287","-1.4451510039653233","172800.0","1625464800000.0","1625637600000.0"
"2e724896-5a54-4188-beb9-64244c68f0f5","SupertrendStrategy","BTC-USDT","Bybit Perpetual","short","33845.64","33464.6","0.3647524826084903","13.50336742973532","12345.281215473224","125.48191854340415","1.0164362913509715","151200.0","1625702400000.0","1625853600000.0"
"883ae7c9-d0db-4c56-890c-54775c7ca088","SupertrendStrategy","BTC-USDT","Bybit Perpetual","long","34478.51","33340.32","0.3615147243337794","13.484628097649198","12464.489038089458","-424.9570721871144","-3.4093420988900105","64800.0","1626040800000.0","1626105600000.0"
"a13f1b9c-49c0-4211-b36f-d9bdd02e1860","SupertrendStrategy","BTC-USDT","Bybit Perpetual","short","33116.17","32803.01","0.3641960957294186","13.204129394326626","12060.7798195117","100.84751994429672","0.8361608573696663","194400.0","1626112800000.0","1626307200000.0"
"ca24cea2-6245-4858-aaf4-bff74efeb3a6","SupertrendStrategy","BTC-USDT","Bybit Perpetual","short","32570.0","31080.62","0.3732448561086515","13.066496576719551","12156.58496345878","542.8369272143841","4.465373530856619","108000.0","1626328800000.0","1626436800000.0"
"c5e0fab9-78c9-4ce8-964c-e57405eb9c92","SupertrendStrategy","BTC-USDT","Bybit Perpetual","short","31080.62","32191.18","0.40772288468867235","14.188548448494608","12672.280044312443","-466.9892752683471","-3.685124331496609","136800.0","1626436800000.0","1626573600000.0"
"a8243ab5-4b93-4345-9a21-c509969ac31b","SupertrendStrategy","BTC-USDT","Bybit Perpetual","short","31349.07","29582.94","0.39007984073554697","13.072591816073217","12228.640232807513","675.8591173021988","5.526854208115268","129600.0","1626624000000.0","1626753600000.0"
"71d5a70e-d57c-419b-a1e2-df833c7b410e","SupertrendStrategy","BTC-USDT","Bybit Perpetual","short","29582.94","31291.88","0.43507191625459135","14.56670852397933","12870.7063942446","-758.0785090881017","-5.88995262472223","108000.0","1626753600000.0","1626861600000.0"
"5f2e596c-e923-42df-8a33-36c78215e996","SupertrendStrategy","BTC-USDT","Bybit Perpetual","long","32482.65","33793.83","0.374062208921098","13.635339579573238","12150.531810610904","476.82754751359215","3.9243347941131654","144000.0","1626969600000.0","1627113600000.0"
"43dd62ec-cce6-4560-8bf0-f816531bd0d8","SupertrendStrategy","BTC-USDT","Bybit Perpetual","long","33793.83","35370.66","0.37295322787469826","14.18731588989401","12603.517980748815","573.8965224197672","4.553462956107674","144000.0","1627113600000.0","1627257600000.0"
"ae480cdf-d5d7-4d15-bc3c-2ab1ef35a583","SupertrendStrategy","BTC-USDT","Bybit Perpetual","long","35370.66","39198.18","0.3717408631065294","15.246156718348981","13148.719677047595","1407.599431639153","10.70522047934643","64800.0","1627257600000.0","1627322400000.0"
"4a513386-3db0-41db-b84b-c3d7bf82d18e","SupertrendStrategy","BTC-USDT","Bybit Perpetual","long","39198.18","38775.0","0.36955642167837355","15.848519163226047","14485.939137104788","-172.23740568908028","-1.1889971651745064","316800.0","1627322400000.0","1627639200000.0"
"7fdef6c7-bb31-4bf2-a313-3ad356f086f2","SupertrendStrategy","BTC-USDT","Bybit Perpetual","long","41187.34","41076.98","0.3477358237191371","15.733438092842075","14322.313601700162","-54.10956359848372","-0.37779904213283333","172800.0","1627682400000.0","1627855200000.0"
"b3ca97b5-0a13-4440-afab-4d58d6a785e6","SupertrendStrategy","BTC-USDT","Bybit Perpetual","long","39745.16","38004.0","0.35906031114937276","15.354150669661303","14270.909516281605","-640.5356020305044","-4.488400695833161","57600.0","1628107200000.0","1628164800000.0"
"5ecf4d27-ec42-436e-972d-68379891694b","SupertrendStrategy","BTC-USDT","Bybit Perpetual","long","40684.49","43150.0","0.3358134929146863","15.484014102491738","13662.400694352626","812.4675108135972","5.946740466698739","115200.0","1628186400000.0","1628301600000.0"
"d9e8b670-3891-40e4-9d1f-6f27b89b0320","SupertrendStrategy","BTC-USDT","Bybit Perpetual","long","43150.0","43540.96","0.3345132057850647","15.94959901820165","14434.244829625542","114.83168391552697","0.7955503406720722","187200.0","1628301600000.0","1628488800000.0"
"48a1785d-c163-4746-93f1-355bbc2eb63b","SupertrendStrategy","BTC-USDT","Bybit Perpetual","long","43790.0","46367.38","0.33211543570096586","16.468461647196648","14543.334929345296","839.5192200197578","5.7725358323818154","172800.0","1628496000000.0","1628668800000.0"
"a1664ed4-34b6-43a9-9d33-3de403d9019b","SupertrendStrategy","BTC-USDT","Bybit Perpetual","long","46367.38","45148.89","0.3308549714985851","16.653237096378753","15340.878188364064","-419.7967113176891","-2.736458149026316","79200.0","1628668800000.0","1628748000000.0"
"c900df73-2574-4bb1-b24e-7957fedb133e","SupertrendStrategy","BTC-USDT","Bybit Perpetual","long","46108.85","45788.25","0.324060810725322","16.379136801118293","14942.071312612263","-120.27303271965606","-0.804928782652351","172800.0","1628841600000.0","1629014400000.0"
"768fa0a1-2e21-4ae0-830c-45b301b1f7b2","SupertrendStrategy","BTC-USDT","Bybit Perpetual","long","47671.66","46484.81","0.31104039447186416","16.107556063983036","14827.81193152859","-385.26584824291683","-2.598265003777938","57600.0","1629079200000.0","1629136800000.0"
"a22800ce-6f40-4641-8055-e08059b3f1ad","SupertrendStrategy","BTC-USDT","Bybit Perpetual","long","46719.82","49378.76","0.3095433453232015","16.360671763705117","14461.809375697816","806.696510849969","5.578116056525907","93600.0","1629403200000.0","1629496800000.0"
"22aacb47-b847-47b5-abff-726b40fe9d3c","SupertrendStrategy","BTC-USDT","Bybit Perpetual","long","49378.76","49360.77","0.3083951695223875","16.747936751100976","15228.171061005287","-22.295965850810344","-0.14641263065335225","280800.0","1629496800000.0","1629777600000.0"
"667bf7b6-0037-4e87-b9e3-aa92cd87a7bb","SupertrendStrategy","BTC-USDT","Bybit Perpetual","long","49583.37","48657.8","0.3066953676897519","16.571561465481786","15206.989893447015","-300.4395929380854","-1.9756677359768","28800.0","1629784800000.0","1629813600000.0"
"4e29daff-787b-41c4-977c-78c13b997497","SupertrendStrategy","BTC-USDT","Bybit Perpetual","long","48983.27","48188.0","0.30462589125135653","16.280486600276912","14921.572280155833","-258.54031913574227","-1.7326613729544738","136800.0","1630101600000.0","1630238400000.0"
"2cd849f8-13bf-48d4-b958-01ccbdf179a3","SupertrendStrategy","BTC-USDT","Bybit Perpetual","long","48789.99","47989.05","0.3007985649715624","16.011047993228992","14675.958976976877","-256.9326506215507","-1.7507043391482457","36000.0","1630260000000.0","1630296000000.0"
"951e029e-011d-43aa-abe7-ec2bf8201eeb","SupertrendStrategy","BTC-USDT","Bybit Perpetual","short","47024.7","48766.72","0.30689984112363095","16.16910436845385","14431.872958886408","-550.7947656026427","-3.816516173415256","151200.0","1630368000000.0","1630519200000.0"
"70c33f4d-1258-4a5f-965f-26190b223b1c","SupertrendStrategy","BTC-USDT","Bybit Perpetual","long","48842.94","49694.34","0.28476209522940055","15.43282527105336","13908.617931563898","227.01362260725662","1.632179586241111","273600.0","1630540800000.0","1630814400000.0"
"eb950c6b-8e16-43ae-bbd3-d1da08dfc54b","SupertrendStrategy","BTC-USDT","Bybit Perpetual","long","50230.0","51824.8","0.28119213364604406","15.783353828451165","14124.280873040792","432.66186091026077","3.0632487756320987","72000.0","1630843200000.0","1630915200000.0"
"31c051ed-91ad-4bc3-b4ae-a080e98d8e2f","SupertrendStrategy","BTC-USDT","Bybit Perpetual","long","51824.8","50648.47","0.28047015407498993","15.807381604007425","14535.30964090554","-345.7328379470408","-2.378572225073713","108000.0","1630915200000.0","1631023200000.0"
"4c921773-623f-4358-80df-e99e7d8177ac","SupertrendStrategy","BTC-USDT","Bybit Perpetual","short","46644.0","46095.98","0.3045807273144638","15.535745807740856","14206.86344485585","151.3805843751306","1.0655454313523642","417600.0","1631030400000.0","1631448000000.0"
"72921789-706a-4b7a-a387-3769d5bb17b3","SupertrendStrategy","BTC-USDT","Bybit Perpetual","short","45190.99","45731.1","0.31755611018949187","15.880075876884394","14350.675000012225","-187.39530655133103","-1.3058292139649974","108000.0","1631498400000.0","1631606400000.0"
"9d0b7715-b39e-4887-b7c3-323357e4b41a","SupertrendStrategy","BTC-USDT","Bybit Perpetual","long","47166.3","47256.0","0.3004825364463284","15.604738710602884","14172.649458788459","11.348544808631896","0.08007355887571652","194400.0","1631692800000.0","1631887200000.0"
"87a00ef1-53af-46d6-aafd-17d39a6dd60e","SupertrendStrategy","BTC-USDT","Bybit Perpetual","long","48665.76","47344.16","0.2914457839835782","15.389927522530346","14183.43057635666","-400.5646756352268","-2.824173414737586","108000.0","1631944800000.0","1632052800000.0"
"fb68fd97-19e7-4386-bca9-ea393aaf6081","SupertrendStrategy","BTC-USDT","Bybit Perpetual","short","45552.92","42549.97","0.3030078891650238","14.682728900531057","13802.894134503196","895.2348118675762","6.485848570190445","93600.0","1632110400000.0","1632204000000.0"
"37461435-9db3-45ee-b84a-b1818f3f17b7","SupertrendStrategy","BTC-USDT","Bybit Perpetual","short","42549.97","43227.7","0.3443802006388581","16.247072162713568","14653.367205777393","-249.64386554168547","-1.7036621142153472","144000.0","1632204000000.0","1632348000000.0"
"2f307a38-38ac-488e-b3ca-03b4b0723927","SupertrendStrategy","BTC-USDT","Bybit Perpetual","short","41510.06","43196.36","0.3472942591148457","16.17992935689402","14416.20553351279","-601.8222385022593","-4.174623045594257","180000.0","1632484800000.0","1632664800000.0"
"684b7daa-018d-48e5-a0ce-2f2ac96a68ac","SupertrendStrategy","BTC-USDT","Bybit Perpetual","short","41762.05","43566.97","0.33150849651623054","15.558012321171853","13844.474406935647","-613.9043278532462","-4.434291326694926","158400.0","1632816000000.0","1632974400000.0"
"bcc67c32-dbd9-40aa-99ac-4eca45d2cbec","SupertrendStrategy","BTC-USDT","Bybit Perpetual","long","44753.98","47482.27","0.2963147701159776","15.032029768310412","13261.265295475061","793.4005943914083","5.9828423360335625","14400.0","1633075200000.0","1633089600000.0"
"df374ccf-2eff-4ec7-bb5e-5a2993f5c781","SupertrendStrategy","BTC-USDT","Bybit Perpetual","long","47482.27","50240.03","0.2951627177922812","15.86418881130195","14014.995860146899","798.1237478075401","5.694784042548939","338400.0","1633089600000.0","1633428000000.0"
"76492672-3820-48bf-95fd-405ef231a258","SupertrendStrategy","BTC-USDT","Bybit Perpetual","long","50240.03","54035.59","0.29405263931100484","16.864386702235272","14773.213420564061","1099.2300489610413","7.44069700794366","100800.0","1633428000000.0","1633528800000.0"
"2d1abeb8-4678-4fb0-9804-10fdde5c0444","SupertrendStrategy","BTC-USDT","Bybit Perpetual","long","54035.59","56819.99","0.2927234063156718","17.847512642684705","15817.48196707705","797.2115399026723","5.040066058314532","410400.0","1633528800000.0","1633939200000.0"
"950d8196-2c7a-4532-a9af-a81dbe2e4a2b","SupertrendStrategy","BTC-USDT","Bybit Perpetual","long","56819.99","55369.15","0.29170777625945704","17.999544502423497","16574.832929984586","-441.2208546106931","-2.661992772262009","129600.0","1633939200000.0","1634068800000.0"
"220c8b4a-c0b2-4a21-9e50-ef939a50f390","SupertrendStrategy","BTC-USDT","Bybit Perpetual","long","58339.18","61800.28999999999","0.276926640348809","18.29840089021259","16155.67311810443","940.1751632874518","5.819473793598047","144000.0","1634176800000.0","1634320800000.0"
"893f3595-0bd4-459d-a99a-25a6cb815853","SupertrendStrategy","BTC-USDT","Bybit Perpetual","long","61800.28999999999","66140.27","0.2758698951611313","19.41222188073104","17048.83952322751","1177.8576057206785","6.908725981706576","417600.0","1634320800000.0","1634738400000.0"
"3521ca71-cbd7-47c9-8d30-7e795ef8c778","SupertrendStrategy","BTC-USDT","Bybit Perpetual","long","66140.27","63040.21","0.2746859704180547","19.51623602932856","18167.804248662153","-871.0592254835245","-4.794521195634678","93600.0","1634738400000.0","1634832000000.0"
"6dac5593-02d4-497c-a5b3-77c94373f22b","SupertrendStrategy","BTC-USDT","Bybit Perpetual","long","62683.86","60852.35","0.27663098578250933","18.7956689536743","17340.297984452805","-525.4480857241986","-3.0302137033360776","136800.0","1635148800000.0","1635285600000.0"
"1472d9a5-21ec-4861-a5cf-52e3dc35135a","SupertrendStrategy","BTC-USDT","Bybit Perpetual","short","58976.39","61614.4","0.28555702210689426","18.939550787254817","16841.122303014818","-772.2418306754636","-4.585453491643015","100800.0","1635328800000.0","1635429600000.0"
"625c4132-f9b8-4937-8f4f-6c7ee4edd069","SupertrendStrategy","BTC-USDT","Bybit Perpetual","long","61614.4","60717.35","0.2614241567535045","17.58926102336179","16107.492563873127","-252.09980083909375","-1.5651089071710553","244800.0","1635429600000.0","1635674400000.0"
"bd48baa1-1b18-4343-bd33-c466ef79ca41","SupertrendStrategy","BTC-USDT","Bybit Perpetual","short","59934.99","62044.69","0.2647534896239407","17.762000268766386","15867.997753075988","-576.3124373283953","-3.631916554920598","21600.0","1635739200000.0","1635760800000.0"
"8595a37f-bff5-405c-a912-5f81ef61323c","SupertrendStrategy","BTC-USDT","Bybit Perpetual","long","63155.43","62475.04","0.24258406502202604","16.76177255677523","15320.500937614013","-181.81354455711138","-1.1867336799068575","151200.0","1635847200000.0","1635998400000.0"
"e10ad4e9-344a-4e0d-85cf-dfc1633c22f9","SupertrendStrategy","BTC-USDT","Bybit Perpetual","short","60915.0","61922.89","0.24867073906730294","16.800403890472435","15147.77807028476","-267.4331550890162","-1.7654942780924228","201600.0","1636048800000.0","1636250400000.0"
"43a2d3c9-2ee5-437d-aa1d-fa174494ab23","SupertrendStrategy","BTC-USDT","Bybit Perpetual","long","62897.98","65132.08","0.23679165170249017","16.67404715623291","14893.716572950194","512.3421819123001","3.4399887993223293","14400.0","1636322400000.0","1636336800000.0"
"0afc3cc7-2b4d-41c3-bd6c-b3802e2874bf","SupertrendStrategy","BTC-USDT","Bybit Perpetual","long","65132.08","68563.98","0.23614233793496045","17.36421509960101","15380.44164576688","793.0526744593884","5.15624123626943","93600.0","1636336800000.0","1636430400000.0"
"f4b6cf60-81f8-403d-96ec-bf18d30248e5","SupertrendStrategy","BTC-USDT","Bybit Perpetual","long","68563.98","64313.65","0.23531075189193074","17.197144263704775","16133.8416865033","-1017.3454923525335","-6.305661801575689","151200.0","1636430400000.0","1636581600000.0"
"33169887-a076-467f-9bf4-aa2d856c13c6","SupertrendStrategy","BTC-USDT","Bybit Perpetual","short","63214.89","64427.0","0.23993339969061703","16.844053935849676","15167.36346876839","-307.6697270348436","-2.0284984115293097","115200.0","1636732800000.0","1636848000000.0"
"e88ed1f0-dc2b-46b4-a5e5-fd6057748cf8","SupertrendStrategy","BTC-USDT","Bybit Perpetual","long","65568.39","64308.89","0.22686354244911747","16.205430903450754","14875.077228085289","-301.9400626181142","-2.0298386219335263","72000.0","1636934400000.0","1637006400000.0"
"6328fd98-90b3-47d5-80a7-ff05e3fcf734","SupertrendStrategy","BTC-USDT","Bybit Perpetual","short","63654.49","60840.59","0.22917839996201494","15.692370780648677","14588.234168598081","629.1927288724654","4.313015006482655","28800.0","1637020800000.0","1637049600000.0"
"823b17d5-6051-4a85-8a85-46b58f3a76aa","SupertrendStrategy","BTC-USDT","Bybit Perpetual","short","60840.59","57583.84","0.24960256402883213","16.25747275440912","15185.967261026923","796.6356776464899","5.245867213812358","223200.0","1637049600000.0","1637272800000.0"
"620b8f0e-0dd2-4ecc-900a-6d2d931424c8","SupertrendStrategy","BTC-USDT","Bybit Perpetual","short","57583.84","58532.75","0.27686189658055266","17.68154263252654","15942.771154791091","-280.3985649167797","-1.75878184660836","108000.0","1637272800000.0","1637380800000.0"
"6894327f-ae47-470d-b796-f75ce766c68a","SupertrendStrategy","BTC-USDT","Bybit Perpetual","short","57939.75","59460.97","0.27056368931726743","17.47040456243693","15676.392518120145","-429.0573000256508","-2.736964512273528","7200.0","1637431200000.0","1637438400000.0"
"1d60b0ed-2eea-4b0c-b9a6-e218626bca25","SupertrendStrategy","BTC-USDT","Bybit Perpetual","short","57433.77","57718.98","0.26585035394848333","16.83736964010267","15268.788083095782","-92.6605490897513","-0.6068625000587745","151200.0","1637553600000.0","1637704800000.0"
"365173f0-06c5-4d71-ba6c-82daa3beb529","SupertrendStrategy","BTC-USDT","Bybit Perpetual","short","56432.31","57786.46","0.269008313880125","16.899189302138993","15180.760561460518","-381.1767975429107","-2.5109202928251593","79200.0","1637726400000.0","1637805600000.0"
"9fe90f28-65ee-48d1-b19e-2bc2a9ba933b","SupertrendStrategy","BTC-USDT","Bybit Perpetual","short","54896.81","56297.74","0.269936315130055","16.50849589924956","14818.642603794755","-394.6703778543976","-2.6633369088294936","216000.0","1637920800000.0","1638136800000.0"
"6067b1e0-fe9d-440a-a0e5-ac68425f335f","SupertrendStrategy","BTC-USDT","Bybit Perpetual","long","58656.01","56328.39","0.2462442594515562","15.572836634564837","14443.705744833076","-588.7358998191968","-4.076072375192248","208800.0","1638208800000.0","1638417600000.0"
"ff96c70d-ec4e-4ea7-b03b-598aa07cf941","SupertrendStrategy","BTC-USDT","Bybit Perpetual","short","55030.06","47517.51","0.25230586046980213","14.230344088365499","13884.40664000484","1881.2300479840455","13.549228978670925","43200.0","1638554400000.0","1638597600000.0"
"55aa148a-16b4-4db8-bf51-f19958a659af","SupertrendStrategy","BTC-USDT","Bybit Perpetual","short","47517.51","50424.72","0.3298063216189081","17.76608163409919","15671.575185589683","-976.5823179078047","-6.231551751133422","237600.0","1638597600000.0","1638835200000.0"
"559ac29a-e55d-486c-9b79-36db80769739","SupertrendStrategy","BTC-USDT","Bybit Perpetual","short","48454.96","48693.04","0.30427890113988876","16.258047678365852","14743.821983577263","-88.7007684617511","-0.6016131269120886","180000.0","1639065600000.0","1639245600000.0"
"667fa953-4a01-407e-93a2-2c1e3f342dce","SupertrendStrategy","BTC-USDT","Bybit Perpetual","short","48844.66","48063.52","0.3001260783377057","15.996569612234468","14659.556253538602","218.44391522048298","1.4901127390384263","144000.0","1639389600000.0","1639533600000.0"
"af1e1607-3416-4fc0-b9c0-9f255b84425d","SupertrendStrategy","BTC-USDT","Bybit Perpetual","short","46622.38","48659.07","0.3188828621146767","16.710991815340055","14867.07797299806","-666.1765282556818","-4.480884067909022","14400.0","1639584000000.0","1639598400000.0"
"7b218939-3d8d-4793-adb3-715de8c79488","SupertrendStrategy","BTC-USDT","Bybit Perpetual","short","46990.01","47685.96","0.302919924280824","15.77358071498746","14234.210271155162","-226.590702018226","-1.5918740674879555","158400.0","1639728000000.0","1639886400000.0"
"86118001-7ab2-4608-89b8-36b92ea4a192","SupertrendStrategy","BTC-USDT","Bybit Perpetual","short","46714.99","46942.36","0.30009530354684544","15.45837198270373","14018.949104237849","-83.69104115015075","-0.5969851272578729","100800.0","1639951200000.0","1640052000000.0"
"4d89958d-90af-4b0f-b286-6069716d8c65","SupertrendStrategy","BTC-USDT","Bybit Perpetual","long","49074.93","48118.0","0.28404406517024483","15.183891218653875","13939.442615145203","-286.9941785020163","-2.058864091094985","122400.0","1640124000000.0","1640246400000.0"
"899e6873-4fe4-466d-b40c-5b6ee0602b5c","SupertrendStrategy","BTC-USDT","Bybit Perpetual","long","50030.94","49672.67","0.273166927216804","14.979650826867438","13666.79814556829","-112.84716584083293","-0.8257030259675394","208800.0","1640282400000.0","1640491200000.0"
"8f595473-e1be-41b7-ae75-66765d2f4126","SupertrendStrategy","BTC-USDT","Bybit Perpetual","long","50765.73","49818.13","0.26710131693210154","14.776344807462774","13559.593338019497","-267.8815527323237","-1.975586922516441","93600.0","1640563200000.0","1640656800000.0"
"a3916a92-25c4-460b-9941-21e29975c01f","SupertrendStrategy","BTC-USDT","Bybit Perpetual","short","49176.79","47123.01","0.27055661548717985","14.33000137805078","13305.105862923792","541.3337643772091","4.068616739726197","136800.0","1640671200000.0","1640808000000.0"
"2e03fa13-37d5-4d80-9ccf-6e1e633a784d","SupertrendStrategy","BTC-USDT","Bybit Perpetual","short","47123.01","48279.47","0.2932616770253458","15.387840202447357","13819.37293908214","-354.53323921517847","-2.5654799300808646","136800.0","1640808000000.0","1640944800000.0"
"0299a4ab-8f49-4d91-a866-2b9441d21372","SupertrendStrategy","BTC-USDT","Bybit Perpetual","short","45707.62","47733.16","0.2949741500832403","15.159438064988272","13482.566361827716","-612.6413780245952","-4.543952253475463","79200.0","1640980800000.0","1641060000000.0"
"18c519dc-65a5-440a-b812-39d2cd064b22","SupertrendStrategy","BTC-USDT","Bybit Perpetual","short","46908.29","44673.22","0.27501657068941016","13.85253805031686","12900.557052704351","600.828748600463","4.657386081436777","259200.0","1641153600000.0","1641412800000.0"
"b7ed18fc-2b19-4198-b158-27b4ed391788","SupertrendStrategy","BTC-USDT","Bybit Perpetual","short","44673.22","41789.97","0.3015530190990215","14.34027979198778","13471.344363874789","855.112462525266","6.347640142125417","115200.0","1641412800000.0","1641528000000.0"
"1a0064bf-f168-4411-82f3-5583d2fcb499","SupertrendStrategy","BTC-USDT","Bybit Perpetual","short","41789.97","42678.95","0.3417973548024512","15.879189380460927","14283.701203273793","-319.7302018527426","-2.2384268426131815","230400.0","1641528000000.0","1641758400000.0"
"e6309c1d-0b98-4973-ac5a-9e6f04d511eb","SupertrendStrategy","BTC-USDT","Bybit Perpetual","short","41564.26","42251.59","0.3363456371294397","15.505102508387552","13979.957511513687","-246.68554927656348","-1.7645658012436511","57600.0","1641816000000.0","1641873600000.0"
"1e0e2d51-8cd3-4c03-b323-4de1111315fc","SupertrendStrategy","BTC-USDT","Bybit Perpetual","short","42534.32","43268.35","0.3231650638754999","15.250633932181143","13745.606239700954","-252.46348576871395","-1.8366849840317154","79200.0","1642118400000.0","1642197600000.0"
"ec1ef213-0260-4a09-8c90-b49bc9ab48e2","SupertrendStrategy","BTC-USDT","Bybit Perpetual","short","42817.01","41271.21","0.3154299174141463","14.58816715955641","13505.765928220675","473.00339917923185","3.502233058777348","216000.0","1642363200000.0","1642579200000.0"
"c5122bab-8b27-43ab-8613-524009116308","SupertrendStrategy","BTC-USDT","Bybit Perpetual","short","41271.21","42117.31","0.33813205761209675","15.507982516855115","13955.119157440944","-301.6015164624497","-2.1612249459126556","100800.0","1642579200000.0","1642680000000.0"
"22eb51e7-f9be-46ad-a36e-60e1de37e00a","SupertrendStrategy","BTC-USDT","Bybit Perpetual","short","40661.69","38369.69","0.33615419616847253","14.611701508791805","13668.597716801618","755.8537161093471","5.5298555987220395","64800.0","1642723200000.0","1642788000000.0"
"d10bd7b5-21c2-4cee-b99b-b8572296ea7d","SupertrendStrategy","BTC-USDT","Bybit Perpetual","short","38369.69","35374.14","0.37494852700414044","15.20757723877906","14386.658747105499","1107.9694828284748","7.70136765113297","50400.0","1642788000000.0","1642838400000.0"
"3bd678b4-7518-4cb1-85ea-ebc07aa44f95","SupertrendStrategy","BTC-USDT","Bybit Perpetual","short","35374.14","36800.0","0.43645526805153567","17.325430991048986","15439.22975579255","-639.6495394950118","-4.143014577880906","223200.0","1642838400000.0","1643061600000.0"
"7f7afc25-0e46-4f09-928c-5fe35ae58b90","SupertrendStrategy","BTC-USDT","Bybit Perpetual","short","35868.54","37341.84","0.4134978087558704","16.64978243950153","14831.562693272288","-625.8561040795236","-4.219758342547523","93600.0","1643248800000.0","1643342400000.0"
"e26702c0-d9f1-431d-8397-d66649be2163","SupertrendStrategy","BTC-USDT","Bybit Perpetual","short","36433.29","36890.17","0.3907689751432479","15.758893324986312","14236.999394396742","-194.29342268843237","-1.3647076698261325","7200.0","1643371200000.0","1643378400000.0"
"d4c65701-fdf9-4769-9684-dcf96e83f0d6","SupertrendStrategy","BTC-USDT","Bybit Perpetual","long","38840.98","37419.51","0.36179366851306866","15.174809341837303","14052.42064284273","-529.4536553231094","-3.7677042893871393","93600.0","1643724000000.0","1643817600000.0"
"e43672d8-75b8-4ac6-bd2a-1be1bd338b90","SupertrendStrategy","BTC-USDT","Bybit Perpetual","short","36898.85","37858.99","0.36720493105573143","15.098296115691472","13549.439670285776","-367.6664386195412","-2.7135176624745743","122400.0","1643839200000.0","1643961600000.0"
"04f171e1-cfe8-4da6-b0d7-611a0c976fea","SupertrendStrategy","BTC-USDT","Bybit Perpetual","long","39481.72","41509.99","0.3343359041500019","14.893140125327616","13200.156553597215","663.2303441849957","5.024412714289035","50400.0","1643990400000.0","1644040800000.0"
"221712f5-01e1-4167-9849-e594e9c4cf03","SupertrendStrategy","BTC-USDT","Bybit Perpetual","long","41509.99","43805.26","0.333178239276207","15.63385162812518","13830.225380572958","749.1001656353758","5.4163988295347805","208800.0","1644040800000.0","1644249600000.0"
"7a7a755b-b767-4fe4-98ff-b11a3eb566ae","SupertrendStrategy","BTC-USDT","Bybit Perpetual","long","43805.26","43162.02","0.33196631039118507","15.878613886496407","14541.870537926565","-229.41262338252403","-1.5776005073363453","295200.0","1644249600000.0","1644544800000.0"
"c57d10a4-aea4-45cd-a191-b26e2b128c5a","SupertrendStrategy","BTC-USDT","Bybit Perpetual","long","43443.33","43214.7","0.32971525308288213","15.714860861212696","14323.928545713166","-91.09765917355358","-0.6359823625398989","201600.0","1644890400000.0","1645092000000.0"
"56409f7f-8f38-4793-ae99-7339cf881add","SupertrendStrategy","BTC-USDT","Bybit Perpetual","short","41907.7","40167.2","0.3397319769278269","15.335907418234534","14237.38576949829","575.9675984246481","4.045458961002393","72000.0","1645113600000.0","1645185600000.0"
"7b1c89e4-37bc-47c2-bb43-29dd07ac73cf","SupertrendStrategy","BTC-USDT","Bybit Perpetual","short","40167.2","38160.0","0.36807531986301534","15.856670056685907","14784.554988001708","722.9441119723574","4.8898604831803","165600.0","1645185600000.0","1645351200000.0"
"06db3fa1-9792-4d3e-a9e3-25c6267f4c66","SupertrendStrategy","BTC-USDT","Bybit Perpetual","short","38160.0","38043.3","0.4054337498526061","16.992464318578705","15471.35189437545","30.321654289219246","0.19598580974842","230400.0","1645351200000.0","1645581600000.0"
"56223b73-1177-4ab6-bcd8-47abcbf14f91","SupertrendStrategy","BTC-USDT","Bybit Perpetual","short","37730.4","37955.0","0.41081349431625974","17.100921003498115","15500.157465950208","-109.36963182692945","-0.7056033596251259","7200.0","1645588800000.0","1645596000000.0"
"b0e8c3d7-3e1e-4e57-b079-c51008a7d924","SupertrendStrategy","BTC-USDT","Bybit Perpetual","short","37500.1","34907.8","0.41056574024374937","16.350511684647458","15396.256315714625","1047.9590567492223","6.8065835957770675","21600.0","1645653600000.0","1645675200000.0"
"11c2e970-10fe-48d4-8136-fc1ae8d7bdbc","SupertrendStrategy","BTC-USDT","Bybit Perpetual","short","34907.8","38384.1","0.46957463431171215","18.928809427280818","16391.817419626386","-1651.3111106850838","-10.073996485026257","64800.0","1645675200000.0","1645740000000.0"
"61cac805-f5d5-4605-af82-8b5f9368eac9","SupertrendStrategy","BTC-USDT","Bybit Perpetual","short","37574.7","40792.8","0.3944960801942679","17.00361936054336","14823.071864475558","-1286.531455033719","-8.679249934131224","72000.0","1645992000000.0","1646064000000.0"
"01779f8c-82ce-46ae-8ed5-8c607378c435","SupertrendStrategy","BTC-USDT","Bybit Perpetual","long","40792.8","43471.7","0.3334134205593517","15.45220334719792","13600.866982193522","877.7290089892474","6.453478371183135","57600.0","1646064000000.0","1646121600000.0"
"405750f1-bd65-4375-bf48-cedabbf629b6","SupertrendStrategy","BTC-USDT","Bybit Perpetual","long","43471.7","42549.5","0.3320484255442807","15.709762212886325","14434.709540733307","-321.92482024982104","-2.2302133571955944","201600.0","1646121600000.0","1646323200000.0"
"73688635-5add-476c-a51f-d879144dcf31","SupertrendStrategy","BTC-USDT","Bybit Perpetual","short","40694.6","38665.6","0.3471930172921218","15.154319009998435","14128.880961495981","689.3003130757168","4.8786617634772185","151200.0","1646409600000.0","1646560800000.0"
"009ca22b-39d2-45c4-8c70-13c8cbfa3b7d","SupertrendStrategy","BTC-USDT","Bybit Perpetual","short","38665.6","38967.8","0.38234803698682834","16.325637952037283","14783.71625891791","-131.87121472945847","-0.8920031500869101","180000.0","1646560800000.0","1646740800000.0"
"a08c970d-cdab-42a1-b70f-157ddbefa309","SupertrendStrategy","BTC-USDT","Bybit Perpetual","long","41198.5","39219.9","0.35580029867410035","15.7370899063913","14658.438604924922","-719.7235608629657","-4.909960605361842","100800.0","1646798400000.0","1646899200000.0"
"2433cfed-6c6a-4b7c-913f-b8ee143df97d","SupertrendStrategy","BTC-USDT","Bybit Perpetual","short","39219.9","37743.7","0.3563165949455533","15.082874337713374","13974.701222105106","510.911683120914","3.6559757164092828","316800.0","1646899200000.0","1647216000000.0"
"b21f7089-bbfa-4b4e-ad5c-d9f5e60d1b5d","SupertrendStrategy","BTC-USDT","Bybit Perpetual","short","37743.7","38940.9","0.38311207754062204","16.158338031754372","14460.067321069975","-474.8201172633888","-3.2836646380720613","57600.0","1647216000000.0","1647273600000.0"
"a4776685-070a-4d44-a535-9236a88446f6","SupertrendStrategy","BTC-USDT","Bybit Perpetual","short","38713.8","39653.8","0.3618603239586337","15.596968818123345","14008.988209669755","-355.74567333923903","-2.539410184482019","7200.0","1647295200000.0","1647302400000.0"
"c08b4fc7-419d-410f-b7d1-1f316da1ccee","SupertrendStrategy","BTC-USDT","Bybit Perpetual","long","39653.8","38428.0","0.34475964018574456","14.8056993001804","13671.029819997479","-437.41206623986704","-3.199554620238168","28800.0","1647302400000.0","1647331200000.0"
"431efb9b-4122-4753-a9f8-260816be39ad","SupertrendStrategy","BTC-USDT","Bybit Perpetual","long","39730.7","40380.7","0.33363339576371936","14.700311131762096","13255.488357069604","202.16139611465547","1.5251146594447116","230400.0","1647374400000.0","1647604800000.0"
"c7346a0e-c5e1-4ae0-a1d1-6a68520c948b","SupertrendStrategy","BTC-USDT","Bybit Perpetual","long","40902.2","42188.2","0.32877306559007896","15.024837041008244","13447.541683378528","407.7773253078333","3.03235591239591","115200.0","1647619200000.0","1647734400000.0"
"d798ff40-e5d2-44c3-a82c-216f9f5f721e","SupertrendStrategy","BTC-USDT","Bybit Perpetual","long","42188.2","41334.2","0.32793364358804045","15.064392724269762","13834.930142420966","-295.11972434845626","-2.133149364040182","57600.0","1647734400000.0","1647792000000.0"
"ef84358a-e82d-4dbc-891e-4b6867853b53","SupertrendStrategy","BTC-USDT","Bybit Perpetual","long","42230.0","43967.0","0.32097007824508483","15.216661808970368","13554.566404289933","542.308364102742","4.000927421264504","216000.0","1647921600000.0","1648137600000.0"
"a5f9a3e8-9fdd-44af-b564-950a44c5577a","SupertrendStrategy","BTC-USDT","Bybit Perpetual","long","43967.0","46558.3","0.3200072634063625","15.932814437121994","14069.75935018754","813.302007227786","5.780496929515325","280800.0","1648137600000.0","1648418400000.0"
"312c35d4-b122-47e6-a97c-5b271712ac28","SupertrendStrategy","BTC-USDT","Bybit Perpetual","long","46558.3","47153.7","0.3187916280674753","16.431030577202584","14842.396257053935","173.37750477417035","1.168123406567667","237600.0","1648418400000.0","1648656000000.0"
"aedf5e89-36ed-47ce-895c-58653bfc3728","SupertrendStrategy","BTC-USDT","Bybit Perpetual","long","47640.1","46973.0","0.31500993672535105","16.39223665441412","15007.104886589395","-226.53536544389536","-1.5095207713669758","14400.0","1648663200000.0","1648677600000.0"
"b4b0c6d8-a2f1-4228-b94d-51e4b2d547d2","SupertrendStrategy","BTC-USDT","Bybit Perpetual","long","46294.8","45794.6","0.3195152865854846","16.183184067866932","14791.896289417695","-176.00473041792773","-1.189872663884506","93600.0","1648850400000.0","1648944000000.0"
"18bfaeb8-5fd3-4dfd-bb45-331718d6342c","SupertrendStrategy","BTC-USDT","Bybit Perpetual","long","46357.5","45990.2","0.3154762831369393","16.023430033734822","14624.691795520665","-131.89786882993354","-0.9018847759262318","64800.0","1648980000000.0","1649044800000.0"
"b17cabaf-007b-4177-a4cd-a9e5fd6c6eb6","SupertrendStrategy","BTC-USDT","Bybit Perpetual","long","46580.9","45940.7","0.3112732647959191","15.839725272878159","14499.388820132228","-215.11686939522693","-1.4836271519013253","64800.0","1649116800000.0","1649181600000.0"
"fde06da7-2ccf-4648-9f54-21c481c2aa09","SupertrendStrategy","BTC-USDT","Bybit Perpetual","short","44802.5","43289.8","0.31906763672131605","15.459071085889857","14295.027794206762","467.19454298244403","3.268231092014948","172800.0","1649246400000.0","1649419200000.0"
"dc1f1512-d6dc-440e-8606-30a1de25e984","SupertrendStrategy","BTC-USDT","Bybit Perpetual","short","43289.8","43074.1","0.34046963973130123","16.17235725533457","14738.862610040085","57.26694403470859","0.38854384866643954","194400.0","1649419200000.0","1649613600000.0"
"a680802f-6ae5-4956-952d-30569a3a79d0","SupertrendStrategy","BTC-USDT","Bybit Perpetual","short","42140.4","40575.7","0.35104712358860046","15.97048693870687","14793.266206873059","533.3129473403778","3.6051061333067658","57600.0","1649635200000.0","1649692800000.0"
"0b1bee7e-8876-409b-a443-dedbe3a799b3","SupertrendStrategy","BTC-USDT","Bybit Perpetual","short","40575.7","41134.5","0.37707084552691433","16.9457938111953","15299.913506846417","-227.65298229163614","-1.487936400357857","172800.0","1649692800000.0","1649865600000.0"
"bcf385c2-ed6a-4180-8b38-efa0d6043ec6","SupertrendStrategy","BTC-USDT","Bybit Perpetual","short","39943.2","40529.5","0.37762731012210743","16.713779081594822","15083.643173669361","-238.11667100618752","-1.5786416336197473","115200.0","1649952000000.0","1650067200000.0"
"40e430c4-4796-415d-a835-37bc635ccfbb","SupertrendStrategy","BTC-USDT","Bybit Perpetual","short","40039.8","40406.5","0.3710665971411816","16.41801413647925","14857.432336213486","-152.48813530814948","-1.026342451760491","64800.0","1650124800000.0","1650189600000.0"
"d9579ea7-ffca-4d52-a220-e751ee92ee46","SupertrendStrategy","BTC-USDT","Bybit Perpetual","short","40083.8","40790.6","0.36704525538174376","16.326510641014913","14712.568607670742","-275.7540971448298","-1.8742756924243598","100800.0","1650218400000.0","1650319200000.0"
"6848cec0-a68e-41fa-8390-b8d718144f92","SupertrendStrategy","BTC-USDT","Bybit Perpetual","long","42070.8","40706.6","0.34348294340452656","15.637943749655623","14450.602215383156","-484.21737514211225","-3.3508456459111886","122400.0","1650456000000.0","1650578400000.0"
"916f3866-0443-42d4-9448-23d7bc44f407","SupertrendStrategy","BTC-USDT","Bybit Perpetual","short","40706.6","39415.1","0.34369354623078696","15.145521161671585","13990.595708998151","428.7346937953898","3.064449167948195","180000.0","1650578400000.0","1650758400000.0"
"151cf38e-b8e7-442d-bfa8-6a231de024f4","SupertrendStrategy","BTC-USDT","Bybit Perpetual","short","39415.1","40214.2","0.3652887768419659","15.998229278780077","14397.89366810377","-307.90049085319447","-2.138510659620294","165600.0","1650758400000.0","1650924000000.0"
"6ff00845-3023-4171-94d8-ccedacd85505","SupertrendStrategy","BTC-USDT","Bybit Perpetual","short","38546.9","39211.9","0.36592795274829454","15.649765170690248","14105.388201793236","-258.99185374830614","-1.8361199992736121","122400.0","1650988800000.0","1651111200000.0"
"76d582f0-85a0-4e7c-87fb-2f973a11a877","SupertrendStrategy","BTC-USDT","Bybit Perpetual","short","38314.2","38653.7","0.36172870478131725","15.31282432720587","13859.345940732344","-138.11971960046307","-0.9965818025692824","201600.0","1651262400000.0","1651464000000.0"
"d0276c4b-28b8-436c-8629-020b95293695","SupertrendStrategy","BTC-USDT","Bybit Perpetual","long","39855.2","36886.4","0.34445021495593814","14.538513338834441","13728.132207111905","-1037.142311500022","-7.554868323330445","72000.0","1651694400000.0","1651766400000.0"
"ad1f232b-2724-4ee2-9286-a2c617bae06f","SupertrendStrategy","BTC-USDT","Bybit Perpetual","short","36886.4","34972.2","0.34546193207216974","13.65342593560067","12742.847011186883","647.6298044369481","5.0823007124577195","194400.0","1651766400000.0","1651960800000.0"
"b466c72b-17b8-4c11-a379-f6e605c2c90b","SupertrendStrategy","BTC-USDT","Bybit Perpetual","short","34972.2","33107.9","0.3819632543964058","14.302253105598012","13358.095325401982","697.7918420656198","5.223737554400341","136800.0","1651960800000.0","1652097600000.0"
"7fd10c53-089c-41a6-81b7-d89b14dc2ecb","SupertrendStrategy","BTC-USDT","Bybit Perpetual","short","33107.9","30923.8","0.423494017299929","14.914373027149129","14020.997575364321","910.0389101576268","6.490543238924855","28800.0","1652097600000.0","1652126400000.0"
"54802a3d-ad7e-4820-bcb7-32007e013a45","SupertrendStrategy","BTC-USDT","Bybit Perpetual","short","30923.8","27103.1","0.4813617517903384","15.362561629229535","14885.534540014067","1823.7762834361167","12.25200397428518","208800.0","1652126400000.0","1652335200000.0"
"470d194b-f037-4fb4-b1d7-fdc47af0218a","SupertrendStrategy","BTC-USDT","Bybit Perpetual","short","27103.1","30519.9","0.61314469596756","19.432180248656294","16618.122009278377","-2114.424977430617","-12.723609660887512","86400.0","1652335200000.0","1652421600000.0"
"f7c02c87-512f-4e08-ab02-6d3c1f52278a","SupertrendStrategy","BTC-USDT","Bybit Perpetual","short","29563.4","30079.8","0.4941724659788553","16.210714972578536","14609.41828071929","-271.40137640405834","-1.857715147784077","72000.0","1652500800000.0","1652572800000.0"
"031f31a1-9600-4f3a-8631-b54a5afee061","SupertrendStrategy","BTC-USDT","Bybit Perpetual","short","29937.5","30341.6","0.4793849510859436","15.893291372752586","14351.586973135436","-209.6127501065817","-1.460554505219202","57600.0","1652702400000.0","1652760000000.0"
"9e893c45-7806-4a87-a968-ed24386836a9","SupertrendStrategy","BTC-USDT","Bybit Perpetual","short","29815.2","30386.4","0.47467247781447663","15.716823452217799","14152.454860534184","-286.8497427798472","-2.0268550269661136","129600.0","1652846400000.0","1652976000000.0"
"41681cf9-7f7f-4faa-9cd4-ad1092ad3575","SupertrendStrategy","BTC-USDT","Bybit Perpetual","short","28945.9","30132.5","0.4795134234863428","15.580887210952557","13879.94760489333","-584.5715155198462","-4.211626240676567","144000.0","1653069600000.0","1653213600000.0"
"2d27ec32-0a02-4ff9-8b2a-3dfbee3d2eb1","SupertrendStrategy","BTC-USDT","Bybit Perpetual","short","29062.8","30188.9","0.45847628807786855","14.941024713066895","13324.604665149478","-531.2311727175556","-3.986843783117945","115200.0","1653336000000.0","1653451200000.0"
"ff37df98-7dc3-433b-be7d-319bad47e235","SupertrendStrategy","BTC-USDT","Bybit Perpetual","short","28787.6","29018.8","0.44532837232238187","14.158556511999095","12819.9350510678","-117.11847619293411","-0.9135652850532895","208800.0","1653573600000.0","1653782400000.0"
"f083ef12-6c80-4e9f-9d11-7392ce53f0df","SupertrendStrategy","BTC-USDT","Bybit Perpetual","long","30345.6","31789.2","0.4187978652155341","14.312056877576794","12708.672498684511","590.2645413475691","4.644580631129396","64800.0","1653883200000.0","1653948000000.0"
"a6d730fa-d229-4057-8859-1b8d47b2a8b0","SupertrendStrategy","BTC-USDT","Bybit Perpetual","long","31789.2","30163.199999999997","0.4174192434211839","14.223068164869606","13269.4238129647","-692.9467579677162","-5.22213147861539","158400.0","1653948000000.0","1654106400000.0"
"d7540a2c-6994-46a0-b722-f5f3fca846f0","SupertrendStrategy","BTC-USDT","Bybit Perpetual","short","30163.2","30524.9","0.4180963688499685","13.955410833322077","12611.12439289537","-165.180867446356","-1.3098028557977959","129600.0","1654106400000.0","1654236000000.0"
"87c1bb02-3dbb-4734-a363-4c85080399ae","SupertrendStrategy","BTC-USDT","Bybit Perpetual","short","30242.8","30011.3","0.41180719274740873","13.647189474886902","12454.202568821333","81.68617564613822","0.6558924603542001","201600.0","1654250400000.0","1654452000000.0"
"6d0de2fc-9583-41dc-a601-c06bc517d2ff","SupertrendStrategy","BTC-USDT","Bybit Perpetual","long","30833.8","29547.5","0.4064307492325034","13.497449349247907","12531.804435685162","-536.2893220870167","-4.279426197873759","93600.0","1654480800000.0","1654574400000.0"
"51744759-55e6-4c4e-aaae-2143e546f967","SupertrendStrategy","BTC-USDT","Bybit Perpetual","short","29547.5","31050.5","0.4068814478281579","13.56091108651989","12022.329579702495","-625.1037271722412","-5.199522463829427","57600.0","1654574400000.0","1654632000000.0"
"23717fda-9d86-4850-9b4f-199ac1e3dd92","SupertrendStrategy","BTC-USDT","Bybit Perpetual","long","31398.6","30127.600000000002","0.3639805927298945","12.316888509429921","11428.481038888865","-474.93622186912455","-4.1557248093863945","79200.0","1654639200000.0","1654718400000.0"
"e0fc46f2-9833-4f6a-ae00-d566edf1c91e","SupertrendStrategy","BTC-USDT","Bybit Perpetual","short","29385.0","27538.2","0.3735678621103691","11.695572970664529","10977.291628113195","678.2095547747648","6.178295865237364","136800.0","1654869600000.0","1655006400000.0"
"07b7744b-811f-4c8d-8b8c-ad629e66272b","SupertrendStrategy","BTC-USDT","Bybit Perpetual","short","27538.2","25758.7","0.4220170782821397","12.370711110722455","11621.59070514922","738.608679692345","6.355486941775423","79200.0","1655006400000.0","1655085600000.0"
"3824514f-4aa7-4068-8acf-5556b1604dfc","SupertrendStrategy","BTC-USDT","Bybit Perpetual","short","25758.7","23253.1","0.47841191328976024","12.89630595647629","12323.268950856947","1185.812583982348","9.622548925217508","50400.0","1655085600000.0","1655136000000.0"
"14ce5082-31a1-4b5d-914d-4628725df73e","SupertrendStrategy","BTC-USDT","Bybit Perpetual","short","23253.1","20707.5","0.5784085092155532","13.984951810621686","13449.790905640179","1458.4117492484897","10.843378603282998","144000.0","1655136000000.0","1655280000000.0"
"7df76d6d-42b0-41f8-ae51-77c6457017d8","SupertrendStrategy","BTC-USDT","Bybit Perpetual","short","20707.5","18946.6","0.7164207203876009","15.62496038857708","14835.282067426244","1245.9202861419503","8.398359265966445","288000.0","1655280000000.0","1655568000000.0"
"17a6f734-d349-4617-b292-5c59a18c7263","SupertrendStrategy","BTC-USDT","Bybit Perpetual","short","18946.6","20111.2","0.8454765677884737","18.16235007915276","16018.906339261095","-1002.804360925611","-6.260129996938776","100800.0","1655568000000.0","1655668800000.0"
"7f7400a4-ebef-41a8-93ae-305747e2856c","SupertrendStrategy","BTC-USDT","Bybit Perpetual","short","20729.9","19423.5","0.726787982401351","16.050654714904926","15066.242196381767","933.4251654942211","6.195474314878516","237600.0","1656338400000.0","1656576000000.0"
"7c2a990b-b840-4f0a-9d71-8a7ce2ac7874","SupertrendStrategy","BTC-USDT","Bybit Perpetual","short","19423.5","19289.8","0.8213244834144864","17.48789961807352","15952.996103601276","92.3231838144439","0.5787200298607394","309600.0","1656576000000.0","1656885600000.0"
"6d6c090a-0adb-4158-8d86-5df98f2316d2","SupertrendStrategy","BTC-USDT","Bybit Perpetual","long","20881.9","22133.0","0.7681630085492697","18.17335024804529","16040.703128224995","942.875389747945","5.878017828837407","36000.0","1657209600000.0","1657245600000.0"
"8c28d8de-af46-4685-b6a5-8a8678ba396b","SupertrendStrategy","BTC-USDT","Bybit Perpetual","long","22133.0","21288.6","0.7652118894178621","18.274698517650656","16936.434748485543","-664.4196179420945","-3.923019382822037","180000.0","1657245600000.0","1657425600000.0"
"4fd766fc-2663-4545-a5eb-707182fcf69e","SupertrendStrategy","BTC-USDT","Bybit Perpetual","short","20545.1","19597.6","0.7936313822488354","17.522178568510178","16305.236111440548","734.4435561122614","4.50434174085305","115200.0","1657504800000.0","1657620000000.0"
"732335ca-f2d1-4f62-bec8-94f1f0d9f333","SupertrendStrategy","BTC-USDT","Bybit Perpetual","short","19597.6","20220.1","0.8676040683424092","19.00029918162065","17002.957489747198","-559.0838317247704","-3.2881563813936405","136800.0","1657620000000.0","1657756800000.0"
"aaefbde8-473c-427e-844f-296056a6aa18","SupertrendStrategy","BTC-USDT","Bybit Perpetual","long","20723.2","20794.4","0.7948496298645317","18.150136946075026","16471.827849608664","38.44315670028021","0.2333873147004359","280800.0","1657821600000.0","1658102400000.0"
"13fdd4d0-67f7-488c-bb2f-3cfede5cb064","SupertrendStrategy","BTC-USDT","Bybit Perpetual","long","21274.0","22674.2","0.7759870663003633","18.756779132949895","16508.34884847393","1067.7803111008193","6.468123014007713","43200.0","1658116800000.0","1658160000000.0"
"be0fc3ea-abd5-4590-8cfa-810c814f4d71","SupertrendStrategy","BTC-USDT","Bybit Perpetual","long","22674.2","24153.4","0.7728052210891546","19.903737574090975","17522.74014401971","1123.2297454609873","6.4101261345494045","172800.0","1658160000000.0","1658332800000.0"
"a99699f2-1efb-49ee-87f4-7f9762962730","SupertrendStrategy","BTC-USDT","Bybit Perpetual","long","24153.4","22926.7","0.7696559657111484","19.92951390720259","18589.80840220765","-964.0664870450688","-5.1859947460813","57600.0","1658332800000.0","1658390400000.0"
"0b05938f-eedd-4619-b998-974dcb0babbe","SupertrendStrategy","BTC-USDT","Bybit Perpetual","long","23100.1","22903.5","0.7651025423922337","19.35860922555745","17673.945239514836","-169.77776905986948","-0.9606104735477273","7200.0","1658455200000.0","1658462400000.0"
"53c9549e-80fd-475c-8d77-ba872489b5c7","SupertrendStrategy","BTC-USDT","Bybit Perpetual","long","23136.8","22578.899999999998","0.7569178260998911","19.031665544449137","17512.65635890796","-441.3161207255795","-2.519983900107195","50400.0","1658469600000.0","1658520000000.0"
"eee9dc8e-a20a-4ef5-bdf9-bfea8257a47a","SupertrendStrategy","BTC-USDT","Bybit Perpetual","short","21858.0","20737.6","0.7820205894509408","18.32084992100907","17093.406044218664","857.8550184998261","5.018631256290609","129600.0","1658721600000.0","1658851200000.0"
"0a0ccbf8-c481-4443-96fc-66cc618916cb","SupertrendStrategy","BTC-USDT","Bybit Perpetual","short","20737.6","21516.4","0.8635699556261814","20.06910669776577","17908.3683117935","-692.6173881394384","-3.8675627845073826","86400.0","1658851200000.0","1658937600000.0"
"0071e37b-8994-46aa-a0ef-ec14510ee410","SupertrendStrategy","BTC-USDT","Bybit Perpetual","long","22763.8","23979.6","0.7577988645595655","19.482152495109474","17250.381793061035","901.8497070364097","5.227998532758148","122400.0","1658952000000.0","1659074400000.0"
"512d54f5-7c87-429f-84c9-3d42f8047c58","SupertrendStrategy","BTC-USDT","Bybit Perpetual","long","23979.6","23699.9","0.7551059656852335","19.801691189989","18107.139014745622","-231.0048297921466","-1.2757665891007237","172800.0","1659074400000.0","1659247200000.0"
"b2d2b1b7-5c80-4174-8a0d-6ef667b093ca","SupertrendStrategy","BTC-USDT","Bybit Perpetual","short","22624.8","23176.9","0.7906228751831212","19.91652945825112","17887.68442644308","-456.4194188468541","-2.551584699091273","50400.0","1659636000000.0","1659686400000.0"
"8c4d4098-a217-4b77-a830-d1a9d8dd544e","SupertrendStrategy","BTC-USDT","Bybit Perpetual","long","23393.0","22922.7","0.7461243097738026","19.006498331804785","17454.085978538566","-369.9087612184236","-2.1193247338947514","28800.0","1659700800000.0","1659729600000.0"
"ac4d3b60-4444-4578-b404-34cf53b60b49","SupertrendStrategy","BTC-USDT","Bybit Perpetual","long","23096.8","22899.8","0.7404780166681559","18.732709127813173","17102.672655381062","-164.60687841143988","-0.9624628952928544","100800.0","1659736800000.0","1659837600000.0"
"74f7cce7-400f-48b4-9e9d-0294e26db36d","SupertrendStrategy","BTC-USDT","Bybit Perpetual","long","23235.1","24089.4","0.72934035665395","18.983617239658425","16946.296120890194","604.0918494498133","3.564742673799566","57600.0","1659895200000.0","1659952800000.0"
"d6a19358-bd6d-44f1-901a-392dc76b8e07","SupertrendStrategy","BTC-USDT","Bybit Perpetual","long","24089.4","23257.8","0.7272984540033176","18.939549948762235","17520.18337786752","-623.7609442979227","-3.560242098184272","93600.0","1659952800000.0","1660046400000.0"
"048c1798-41d6-43ac-a627-fb57630c95b8","SupertrendStrategy","BTC-USDT","Bybit Perpetual","short","22870.8","24012.2","0.7401407244514618","19.085009671451836","16927.610480784493","-863.8816325603515","-5.103387944453195","43200.0","1660096800000.0","1660140000000.0"
"a1e6d550-1f9d-42aa-a37d-ecfd1d3c0d15","SupertrendStrategy","BTC-USDT","Bybit Perpetual","long","24012.2","23949.2","0.6707808084995194","17.69437266782287","16106.92292985216","-59.95356360329259","-0.3722223286496031","151200.0","1660140000000.0","1660291200000.0"
"37c14038-1b7d-4169-8d2a-d803607a5c53","SupertrendStrategy","BTC-USDT","Bybit Perpetual","long","24100.0","24273.8","0.6659737362833623","17.71862417832326","16049.967044429031","98.02761118772463","0.6107651867219888","165600.0","1660341600000.0","1660507200000.0"
"1e87a6a3-307b-4678-bedf-2c9749791059","SupertrendStrategy","BTC-USDT","Bybit Perpetual","long","24856.1","24010.8","0.6494620344727198","17.45545796080622","16143.093275057368","-566.4457157005958","-3.50890443392165","14400.0","1660536000000.0","1660550400000.0"
"2912b9cf-3ecf-4f3a-80e8-1bd6ae2377c1","SupertrendStrategy","BTC-USDT","Bybit Perpetual","short","23416.2","21892.8","0.6664176871201052","16.60709544214867","15604.969845141808","998.6136091166205","6.39933059164169","151200.0","1660744800000.0","1660896000000.0"
"a3d5e1b9-b883-4b10-a59c-93fcfcfcb5b9","SupertrendStrategy","BTC-USDT","Bybit Perpetual","short","21892.8","20824.9","0.7561231443124038","17.764912902986687","16553.652773802594","789.6989929082276","4.770542210224356","57600.0","1660896000000.0","1660953600000.0"
"3c11a3aa-adb5-49b1-b7a7-d529406781de","SupertrendStrategy","BTC-USDT","Bybit Perpetual","short","20824.9","21527.6","0.8309219644303412","19.355392374194814","17303.866817065413","-603.2442567793931","-3.4861818063952144","165600.0","1660953600000.0","1661119200000.0"
"84e63a34-339c-4930-a384-c5d38bf76d46","SupertrendStrategy","BTC-USDT","Bybit Perpetual","short","21089.1","21444.4","0.7933380169435865","18.558893399018523","16730.78477312499","-300.4318908190771","-1.79568319653282","100800.0","1661155200000.0","1661256000000.0"
"cc813427-a4e5-4ae3-81ff-af6cebc8b4ce","SupertrendStrategy","BTC-USDT","Bybit Perpetual","short","21302.5","21426.1","0.7719926993004046","18.142391988229996","16445.374476846868","-113.56068962175888","-0.6905327074286988","7200.0","1661335200000.0","1661342400000.0"
"cc022c73-9245-4841-b204-abe8417e3efd","SupertrendStrategy","BTC-USDT","Bybit Perpetual","short","21395.2","20228.7","0.763605473269995","17.481330822363617","16337.491821706197","873.2644537470856","5.345156179890817","64800.0","1661493600000.0","1661558400000.0"
"15ff9dc2-34e2-47b5-8fde-1c8cc7ecb370","SupertrendStrategy","BTC-USDT","Bybit Perpetual","short","20228.7","19547.5","0.8486503360456147","18.565847023139668","17167.093052765926","559.5347618911337","3.259344841734767","172800.0","1661558400000.0","1661731200000.0"
"aa419a52-ddc4-4c96-8974-dc35ad2a8e9d","SupertrendStrategy","BTC-USDT","Bybit Perpetual","short","19547.5","20249.1","0.9054176276537922","19.8178987383778","17698.651076562503","-655.0589063002772","-3.7011798439698103","57600.0","1661731200000.0","1661788800000.0"
"ad48300a-164a-42d9-aa28-7e68d387c35b","SupertrendStrategy","BTC-USDT","Bybit Perpetual","short","20249.1","20266.9","0.8433137826163748","18.792235669066773","17076.345115577235","-33.8032209996407","-0.19795348929089646","7200.0","1661788800000.0","1661796000000.0"
"b2fb656c-f234-4fc9-9032-35eb5ad66f87","SupertrendStrategy","BTC-USDT","Bybit Perpetual","short","19674.1","20392.6","0.8663284244579207","19.091006596325492","17044.232055627577","-641.5479795693416","-3.764018099938498","36000.0","1661882400000.0","1661918400000.0"
"2020c154-570f-4ded-98aa-62454b480ba1","SupertrendStrategy","BTC-USDT","Bybit Perpetual","short","20116.7","20145.1","0.8169710476885721","18.090998710305264","16434.7614750367","-41.29297646465893","-0.25125388358924583","93600.0","1661997600000.0","1662091200000.0"
"20e072f2-e9c6-44c9-9d51-40f50849f18e","SupertrendStrategy","BTC-USDT","Bybit Perpetual","short","19899.3","19992.7","0.8239251203507297","18.077411495567222","16395.533147395276","-95.03201773632658","-0.5796213937173743","187200.0","1662148800000.0","1662336000000.0"
"aa58fc62-7850-477b-a411-61e906595404","SupertrendStrategy","BTC-USDT","Bybit Perpetual","short","19712.0","19900.7","0.8271739412817454","18.02162625109627","16305.252730545764","-174.10934897096223","-1.067811409293835","93600.0","1662357600000.0","1662451200000.0"
"dd86c3fc-a4c3-4618-8332-138dc55796a7","SupertrendStrategy","BTC-USDT","Bybit Perpetual","short","19088.2","19295.9","0.8455406402396953","17.85042406896347","16139.848849023352","-193.4692150467488","-1.1987052472207997","129600.0","1662487200000.0","1662616800000.0"
"bac084c3-ecbe-4133-afa6-e4440d46af8e","SupertrendStrategy","BTC-USDT","Bybit Perpetual","long","20526.3","21532.2","0.7773467743689287","17.981721620387574","15956.05309472894","763.951398717319","4.787846932959186","86400.0","1662703200000.0","1662789600000.0"
"4cb86866-b999-4172-b19f-2ee9cbb89006","SupertrendStrategy","BTC-USDT","Bybit Perpetual","long","21532.2","22516.299999999996","0.7747376916204751","18.769318265139475","16681.806923510394","743.6500440585662","4.457850684091709","280800.0","1662789600000.0","1663070400000.0"
"89b29318-98c7-47e2-810e-a00d50759061","SupertrendStrategy","BTC-USDT","Bybit Perpetual","long","22516.3","21188.3","0.7722527442504334","18.563048507502124","17388.274465366034","-1044.1146928720777","-6.004705613266833","7200.0","1663070400000.0","1663077600000.0"
"ec617201-be43-4a55-ab3d-a684376fa4ee","SupertrendStrategy","BTC-USDT","Bybit Perpetual","short","20754.2","19728.8","0.7900263805464707","17.590450880014526","16396.36550713756","792.5025997323377","4.833404082065324","165600.0","1663092000000.0","1663257600000.0"
"04f4bbd8-3c42-4fbe-ade0-6ee0dcd118c9","SupertrendStrategy","BTC-USDT","Bybit Perpetual","short","19728.8","19951.6","0.8692491675562265","18.97068506756395","17149.24297688328","-212.63939959909058","-1.239934613357119","172800.0","1663257600000.0","1663430400000.0"
"4a95dad0-5648-4606-8a95-beb13297cfb2","SupertrendStrategy","BTC-USDT","Bybit Perpetual","short","19804.5","18766.2","0.8557265039392129","18.15328364601851","16947.235547264143","870.3475453940656","5.1356313716579525","43200.0","1663516800000.0","1663560000000.0"
"c1e83476-89a2-43e9-86af-53123a330389","SupertrendStrategy","BTC-USDT","Bybit Perpetual","short","18766.2","19455.6","0.9471318495693591","19.910596270328575","17774.065715388508","-672.8632933634427","-3.785646481440024","79200.0","1663560000000.0","1663639200000.0"
"c888693e-fac5-4b36-8d92-237858e7274a","SupertrendStrategy","BTC-USDT","Bybit Perpetual","short","18455.4","19061.4","0.9284461776332799","19.157781256367734","17134.845586693235","-581.7961649021353","-3.3953977697584437","72000.0","1663797600000.0","1663869600000.0"
"75538b37-bcb7-4827-b9a5-760cb08e71ce","SupertrendStrategy","BTC-USDT","Bybit Perpetual","short","18627.3","19113.3","0.8902062687580168","18.478305288678847","16582.139230036206","-451.118551905075","-2.7205087693868677","50400.0","1663941600000.0","1663992000000.0"
"ec005ebe-9d93-41d4-8aff-5de3ae5c55fa","SupertrendStrategy","BTC-USDT","Bybit Perpetual","short","18941.4","19108.0","0.8528185142453243","17.847078026759327","16153.576605726386","-159.92664250002912","-0.9900385927122523","50400.0","1664056800000.0","1664107200000.0"
"b2da6a81-82ad-45c6-8131-150640b1b6c3","SupertrendStrategy","BTC-USDT","Bybit Perpetual","short","18925.2","19180.8","0.8455205913465303","17.72067420961799","16001.646295351356","-233.8357373577899","-1.4613229979075442","86400.0","1664114400000.0","1664200800000.0"
"6d1f9454-542f-419f-89cc-c42e08ac1c19","SupertrendStrategy","BTC-USDT","Bybit Perpetual","long","19758.7","18984.0","0.7986103511294497","17.01717668788661","15779.502344861457","-635.7006157078719","-4.028648063890847","72000.0","1664244000000.0","1664316000000.0"
"fe849b77-eb7e-4ac4-a302-d0b3a4d43048","SupertrendStrategy","BTC-USDT","Bybit Perpetual","short","18984.0","19534.7","0.7993882616908439","16.935268149575112","15175.58675993898","-457.1583838627234","-3.0124593605141206","79200.0","1664316000000.0","1664395200000.0"
"7f2dc10d-f70c-4a48-b7a0-62b2fcdafb7e","SupertrendStrategy","BTC-USDT","Bybit Perpetual","short","19280.7","19399.3","0.7645617791506217","16.265287289650324","14741.286295269392","-106.94231429691294","-0.725461212507837","14400.0","1664467200000.0","1664481600000.0"
"4f2c081c-1224-4a7e-b1dd-42d7c778e1e2","SupertrendStrategy","BTC-USDT","Bybit Perpetual","long","19749.4","19312.8","0.7412727017877669","15.925658392475762","14639.691096687326","-339.56531999301643","-2.319484186861384","50400.0","1664553600000.0","1664604000000.0"
"43598423-6294-407e-a961-73239ba3a9b1","SupertrendStrategy","BTC-USDT","Bybit Perpetual","long","19540.0","20213.5","0.7327074740375619","16.02022761303372","14317.104042693958","477.45825615126415","3.334880117707267","93600.0","1664820000000.0","1664913600000.0"
"b28a1c1b-16ac-444b-8b73-617aeb91c61b","SupertrendStrategy","BTC-USDT","Bybit Perpetual","long","20213.5","20005.9","0.7307338850786682","16.164323129643144","14770.68938603766","-167.8646776719736","-1.136471516560707","172800.0","1664913600000.0","1665086400000.0"
"f14ec996-0f67-41e1-9c4b-6e69c80dbf6d","SupertrendStrategy","BTC-USDT","Bybit Perpetual","short","19594.5","19124.0","0.7456795499884807","15.879376510925947","14611.217942249286","334.9628517586542","2.292504656919033","295200.0","1665151200000.0","1665446400000.0"
"05d145fa-bf7f-43a4-b266-60f472466ef0","SupertrendStrategy","BTC-USDT","Bybit Perpetual","short","19124.0","19148.0","0.7806647485578335","16.43268069124297","14929.432651420007","-35.16863465663098","-0.23556578121731855","172800.0","1665446400000.0","1665619200000.0"
"1f74af49-e23b-41a4-a75f-2b110b35e8e3","SupertrendStrategy","BTC-USDT","Bybit Perpetual","short","19100.8","18420.5","0.7798637988197463","16.093826955060443","14896.02244849621","514.4475153820124","3.453589823462888","43200.0","1665626400000.0","1665669600000.0"
"500fc174-4cd7-4482-8a36-6598fdef4a46","SupertrendStrategy","BTC-USDT","Bybit Perpetual","short","18420.5","19360.9","0.8351970678379588","17.355202974347183","15384.74758810912","-802.7745255691649","-5.2179895768301705","21600.0","1665669600000.0","1665691200000.0"
"2c9dace6-a295-46f4-a574-47a91a960f59","SupertrendStrategy","BTC-USDT","Bybit Perpetual","long","19854.2","19098.3","0.7364744884618073","15.778137381494702","14622.111788818414","-572.479203209776","-3.915160897946034","72000.0","1665712800000.0","1665784800000.0"
"3f31fb58-bf31-4cc6-a8e4-f2a70c6e08e5","SupertrendStrategy","BTC-USDT","Bybit Perpetual","long","19452.8","19209.6","0.7237136322672894","15.389278264893967","14078.256545769125","-191.39643363229925","-1.3595180128310613","115200.0","1666008000000.0","1666123200000.0"
"4fee1958-d13f-4c4b-935e-561ccf7ead3a","SupertrendStrategy","BTC-USDT","Bybit Perpetual","short","19209.6","19146.0","0.7234106870428557","15.260768021367527","13896.429933818441","30.748151674557043","0.22126655422288094","266400.0","1666123200000.0","1666389600000.0"
"b5958ec2-a89e-4733-be1d-4491bec35aeb","SupertrendStrategy","BTC-USDT","Bybit Perpetual","long","19468.7","19254.7","0.7152835411665529","15.234015872904894","13925.640677909269","-168.30469368254722","-1.2085956946277872","144000.0","1666548000000.0","1666692000000.0"
"519e471e-712f-4baa-859e-b5e8a7704cc5","SupertrendStrategy","BTC-USDT","Bybit Perpetual","long","19469.4","20108.6","0.7070454774626258","15.390895248858694","13765.751218910847","436.55257394524966","3.1712949551603904","14400.0","1666706400000.0","1666720800000.0"
"dd8fbead-4c69-4fda-9920-4faec941cd8e","SupertrendStrategy","BTC-USDT","Bybit Perpetual","long","20108.6","20835.7","0.705194601521679","15.880534627696246","14180.476164158834","496.8664601387181","3.5038771222263216","79200.0","1666720800000.0","1666800000000.0"
"edda09ec-c634-40cd-b097-5b1c48a90878","SupertrendStrategy","BTC-USDT","Bybit Perpetual","long","20835.7","20312.3","0.7032400783890445","15.915307510053822","14652.499301290614","-383.9911645388807","-2.620653013817637","122400.0","1666800000000.0","1666922400000.0"
"df53f4aa-0be7-4259-9b96-f76865525824","SupertrendStrategy","BTC-USDT","Bybit Perpetual","long","20745.2","20650.1","0.6887235454456296","15.680454779432011","14287.707694978677","-81.1780639513129","-0.5681671663806672","136800.0","1667016000000.0","1667152800000.0"
"d88b7dc4-0adb-4c63-b19b-3b039dcad222","SupertrendStrategy","BTC-USDT","Bybit Perpetual","long","20749.8","21436.5","0.6848542412083455","15.890306561738194","14210.588534224926","454.3991008760331","3.1976093022583383","50400.0","1667570400000.0","1667620800000.0"
"a0e3bc00-2c88-4ddd-98ad-b00595e49392","SupertrendStrategy","BTC-USDT","Bybit Perpetual","long","21436.5","20900.0","0.6830530954240271","15.904942555930631","14642.267680057157","-382.3629282509212","-2.6113641452662515","158400.0","1667620800000.0","1667779200000.0"
"9a0ca2b7-0361-4c07-954c-1f4735609409","SupertrendStrategy","BTC-USDT","Bybit Perpetual","short","20140.6","18238.0","0.7089671061546718","14.965040739147229","14279.022898218782","1333.9157754307303","9.341786093760854","57600.0","1667880000000.0","1667937600000.0"
"e2441043-93fc-4b4e-93f9-b4cf208b29f7","SupertrendStrategy","BTC-USDT","Bybit Perpetual","short","18238.0","15701.8","0.8524094135803256","15.911832758268446","15546.242884877978","2145.968921964154","13.80377842965238","93600.0","1667937600000.0","1668031200000.0"
"4b60f402-acc6-4340-8349-4bfece36f81b","SupertrendStrategy","BTC-USDT","Bybit Perpetual","short","15701.8","17649.3","1.1199297762513805","20.54298947840558","17584.913360743925","-2201.606228727969","-12.519858264657557","57600.0","1668031200000.0","1668088800000.0"
"2e4ea99a-0fdb-4280-b56b-c0f6ab3db1a4","SupertrendStrategy","BTC-USDT","Bybit Perpetual","short","17649.3","16850.8","0.8778471352094617","16.65719767219197","15493.387443452351","684.3037397925632","4.416747094785629","230400.0","1668088800000.0","1668319200000.0"
"d61a3551-c197-44e1-9589-b1e04b73dfeb","SupertrendStrategy","BTC-USDT","Bybit Perpetual","short","16850.8","15854.8","0.9580243072290506","17.233017880380743","16143.475996255285","936.9591921197537","5.803949486077813","86400.0","1668319200000.0","1668405600000.0"
"7ca70a78-ddf8-4021-8295-98e17ca45f33","SupertrendStrategy","BTC-USDT","Bybit Perpetual","short","15854.8","16808.8","1.0743489182310124","19.30065682904177","17033.587228769054","-1044.2295248214277","-6.130414637838384","79200.0","1668405600000.0","1668484800000.0"
"b48aabb5-0d91-4ff8-8843-f5d832f6e87c","SupertrendStrategy","BTC-USDT","Bybit Perpetual","short","16277.4","15637.9","0.9855117635610539","17.299096973169057","16041.569180188697","612.9356758241248","3.8209209394620762","86400.0","1668981600000.0","1669068000000.0"
"93734bb6-c522-4a3f-9e4b-64c70dace86e","SupertrendStrategy","BTC-USDT","Bybit Perpetual","short","15637.900000000001","16160.500000000002","1.0630492631505264","18.591796129151135","16623.858072221617","-574.1413410516166","-3.453718977612085","79200.0","1669068000000.0","1669147200000.0"
"3fabee63-f9cd-4c3b-8d72-2e1c2d563eef","SupertrendStrategy","BTC-USDT","Bybit Perpetual","short","16135.1","16455.9","0.9964873969310745","17.86208641435936","16078.42379822258","-337.5352433498491","-2.0993055512516254","108000.0","1669600800000.0","1669708800000.0"
"9ab6ee57-97db-46a0-a594-968873dbba28","SupertrendStrategy","BTC-USDT","Bybit Perpetual","long","16874.9","16928.9","0.9337990338929548","17.361275680050866","15757.765317040225","33.06387215016869","0.20982589526456452","223200.0","1669773600000.0","1669996800000.0"
"c5244e13-fbb4-45df-a7a3-269508dd2b48","SupertrendStrategy","BTC-USDT","Bybit Perpetual","long","16979.3","16953.8","0.9299073575225648","17.35505164445192","15789.175995582884","-41.06768926127732","-0.26010026915126067","72000.0","1670011200000.0","1670083200000.0"
"1588998a-8b3d-4577-914d-45099bf5a57f","SupertrendStrategy","BTC-USDT","Bybit Perpetual","long","17010.1","16939.6","0.9259299881120434","17.28927492457409","15750.16169078467","-82.56733908647315","-0.5242316917596017","28800.0","1670133600000.0","1670162400000.0"
"a2608510-aebb-4a64-ad6b-f6a523e1f12b","SupertrendStrategy","BTC-USDT","Bybit Perpetual","long","17022.2","16919.5","0.9206637637116541","17.186891297824516","15671.72271865252","-111.73905983101207","-0.7129979379868685","100800.0","1670169600000.0","1670270400000.0"
"7830ec6b-8d1c-4862-9d23-119969fcd2c7","SupertrendStrategy","BTC-USDT","Bybit Perpetual","short","16755.4","16956.9","0.9289883029836982","17.225082801672535","15565.570611813058","-204.41622585288772","-1.3132588001480119","122400.0","1670400000000.0","1670522400000.0"
"709bbb20-67f7-4c99-8940-cac248e2ce60","SupertrendStrategy","BTC-USDT","Bybit Perpetual","long","17241.9","17077.3","0.8915128377529631","16.82780405977632","15371.375197252815","-163.57081715391598","-1.0641261113914484","273600.0","1670529600000.0","1670803200000.0"
"f40eabce-3fb4-4d37-ae8a-3c1d00d8b6ce","SupertrendStrategy","BTC-USDT","Bybit Perpetual","short","16946.1","17167.5","0.8979047049738049","16.846919068976916","15215.982920956594","-215.64302075017864","-1.4172138722183951","72000.0","1670810400000.0","1670882400000.0"
"1973189d-62ff-4a1e-9146-d7982301767e","SupertrendStrategy","BTC-USDT","Bybit Perpetual","long","17200.0","17896.0","0.8727396541420886","16.84631899597391","15011.122051243925","590.5804802869199","3.934286046511628","50400.0","1670889600000.0","1670940000000.0"
"e5719793-8719-4064-9116-598baca37af0","SupertrendStrategy","BTC-USDT","Bybit Perpetual","long","17896.0","17497.8","0.8701482737771847","16.938819684828207","15572.173507516498","-363.4318623029038","-2.3338544367456455","172800.0","1670940000000.0","1671112800000.0"
"29ef4ac1-5174-4660-9c2e-e75a47a91497","SupertrendStrategy","BTC-USDT","Bybit Perpetual","short","17029.1","16689.6","0.8941701697875251","16.582640637208044","15226.913238328741","286.9881320056567","1.8847426757726482","172800.0","1671184800000.0","1671357600000.0"
"f2054e75-683d-4c7b-b649-b7169ee6d5cb","SupertrendStrategy","BTC-USDT","Bybit Perpetual","short","16689.6","16796.1","0.9286952331831868","17.10390548339123","15499.551963734113","-116.00994781740063","-0.748472911274087","165600.0","1671357600000.0","1671523200000.0"
"cbcfdf8a-e03b-4998-b894-50adb9241376","SupertrendStrategy","BTC-USDT","Bybit Perpetual","short","16586.6","16812.5","0.9278177874493618","17.04355348563999","15389.342513307583","-226.63759167045217","-1.4726918416070893","43200.0","1671732000000.0","1671775200000.0"
"2f4af1d5-cd16-44b5-87b0-0bec25ba2a60","SupertrendStrategy","BTC-USDT","Bybit Perpetual","short","16804.2","16845.5","0.9029907285809889","16.71195191574244","15174.036801220655","-54.00546900613663","-0.3559070649004373","43200.0","1671976800000.0","1672020000000.0"
"922039c2-a3e1-4918-850c-55ece5ba37be","SupertrendStrategy","BTC-USDT","Bybit Perpetual","long","16912.9","16790.7","0.8941536700190282","16.57490869806933","15122.731605664823","-125.84048717439524","-0.8321280206233156","57600.0","1672099200000.0","1672156800000.0"
"7f2d74ad-16b2-442c-a863-993ab1305e26","SupertrendStrategy","BTC-USDT","Bybit Perpetual","short","16673.0","16597.7","0.8998490459334941","16.46623420889673","15003.183142849148","51.292398949894725","0.3418767768248022","331200.0","1672164000000.0","1672495200000.0"
"f0dd26fe-0412-46c0-be74-1c8793622de6","SupertrendStrategy","BTC-USDT","Bybit Perpetual","short","16544.0","16596.1","0.9098108632647213","16.583172644323554","15051.91092185155","-63.98431862041421","-0.42509099975821163","79200.0","1672524000000.0","1672603200000.0"
"0b0367b1-0a21-4ddc-9439-021e25ca0f3f","SupertrendStrategy","BTC-USDT","Bybit Perpetual","long","16751.9","16637.7","0.8948910761861134","16.434030292583124","14991.125819162155","-118.63059119303793","-0.7913387735122627","79200.0","1672696800000.0","1672776000000.0"
"df296ddb-b34b-4051-909c-64c86fc8c5cb","SupertrendStrategy","BTC-USDT","Bybit Perpetual","long","16855.9","16781.2","0.8826836156793032","16.330004376931463","14878.426757528769","-82.26647046817607","-0.5529245249437925","194400.0","1672804800000.0","1672999200000.0"
"7ffb4fbe-2635-4419-b4f5-97cd4be2fd94","SupertrendStrategy","BTC-USDT","Bybit Perpetual","long","16932.6","17124.7","0.8740697595516341","16.372650812087826","14800.273610584","151.536149997783","1.0238739768257812","187200.0","1673035200000.0","1673222400000.0"
"554608f5-a3d1-4d19-b077-5d2ed0451158","SupertrendStrategy","BTC-USDT","Bybit Perpetual","long","17124.7","17348.9","0.8726712265372178","16.54626533733439","14944.232953081895","179.10662365231047","1.1984999445245796","64800.0","1673222400000.0","1673287200000.0"
"2b0e0ad8-533e-4dfa-bfa6-b758f12b74dd","SupertrendStrategy","BTC-USDT","Bybit Perpetual","long","17348.9","17935.7","0.8712013006906253","16.90699417789164","15114.38424555159","494.31392906736664","3.2704867167370795","194400.0","1673287200000.0","1673481600000.0"
"fc2e2dfa-274c-4265-b6be-fb06abc46d20","SupertrendStrategy","BTC-USDT","Bybit Perpetual","long","17935.7","18840.0","0.8688806390698768","17.57453154503314","15583.98247816559","768.1542303658558","4.929126630128733","64800.0","1673481600000.0","1673546400000.0"
"1c7b3c95-eaef-4091-a3f6-bed459bfc9c2","SupertrendStrategy","BTC-USDT","Bybit Perpetual","long","18840.0","19808.8","0.865909182431696","18.406492945481375","16313.728997013153","820.4863229943451","5.029422292993627","100800.0","1673546400000.0","1673647200000.0"
"972958d8-36d8-4575-b125-8fcc3a1437f4","SupertrendStrategy","BTC-USDT","Bybit Perpetual","long","19808.8","20934.3","0.8629089598490459","19.336672323114115","17093.19100385778","951.867361986987","5.5686931818181815","14400.0","1673647200000.0","1673661600000.0"
"374acafe-d443-4aef-8e3a-6628fe03e914","SupertrendStrategy","BTC-USDT","Bybit Perpetual","long","20934.3","20889.6","0.8597118125633729","19.77607548260809","17997.464997745417","-58.205193504191485","-0.32340773276393636","403200.0","1673661600000.0","1674064800000.0"
"7e229bcd-457e-4ec0-ac1b-f7e3f42f636f","SupertrendStrategy","BTC-USDT","Bybit Perpetual","long","21348.9","22309.9","0.8404259734186039","20.180594218558483","17942.170063916434","787.46876623672","4.388927110998694","14400.0","1674237600000.0","1674252000000.0"
"b6dd3ad7-1b6b-4e6a-a4b1-70ae43279836","SupertrendStrategy","BTC-USDT","Bybit Perpetual","long","22309.9","23271.9","0.8377565740698667","21.00254893436582","18690.26539184132","784.9192753208459","4.199615462193914","79200.0","1674252000000.0","1674331200000.0"
"251c1b0b-e0ea-4aff-a139-a2e90b8653c3","SupertrendStrategy","BTC-USDT","Bybit Perpetual","long","23271.9","22627.4","0.8351676787626332","21.083486510806352","19435.938703396125","-559.3490554733235","-2.877911193327575","273600.0","1674331200000.0","1674604800000.0"
"21311a95-d90e-4ca8-b6cb-4e6ab9dc2840","SupertrendStrategy","BTC-USDT","Bybit Perpetual","long","23593.3","22640.0","0.8012680337509575","20.374895961649976","18904.557100696464","-784.2237125364371","-4.148331581423537","100800.0","1674684000000.0","1674784800000.0"
"aabc1430-30f9-49d5-864a-379ae42fbea6","SupertrendStrategy","BTC-USDT","Bybit Perpetual","long","23068.1","22896.3","0.7872145765705388","19.901115125825385","18159.544573786847","-155.1445793806434","-0.854341796680261","21600.0","1674806400000.0","1674828000000.0"
"4243e4f8-215a-497f-b091-f3c5565c6077","SupertrendStrategy","BTC-USDT","Bybit Perpetual","long","23197.5","22963.899999999998","0.7764697585246357","19.713612111137518","18012.157223375238","-201.0969477024941","-1.1164512124151402","72000.0","1674842400000.0","1674914400000.0"
"221279c4-8e89-4cd0-8ea8-04394b875f74","SupertrendStrategy","BTC-USDT","Bybit Perpetual","long","23033.1","22993.9","0.7737176117438761","19.586545283654466","17821.115123057873","-49.91627566401216","-0.2800962527840243","7200.0","1674936000000.0","1674943200000.0"
"233176a0-b0a3-4df5-8873-7c2f78817afa","SupertrendStrategy","BTC-USDT","Bybit Perpetual","long","23232.0","23896.6","0.7650522839693982","19.8307136886541","17773.694661177058","488.6230342374068","2.749135976239663","64800.0","1674957600000.0","1675022400000.0"
"e27a762d-6c44-435f-a240-292e2eeb8d7b","SupertrendStrategy","BTC-USDT","Bybit Perpetual","long","23896.6","23192.9","0.7632000595776218","19.76629006301423","18237.886543702596","-556.8301719877845","-3.0531507620330807","50400.0","1675022400000.0","1675072800000.0"
"52e91b32-9b05-436c-957b-47388d133637","SupertrendStrategy","BTC-USDT","Bybit Perpetual","long","23192.9","23055.299999999996","0.7635482358960803","19.42200233785301","17708.8978803142","-124.48623959715812","-0.7029587071905878","14400.0","1675072800000.0","1675087200000.0"
"79520e18-4b20-4e4d-9db3-7f3244eb1d27","SupertrendStrategy","BTC-USDT","Bybit Perpetual","long","23684.7","23457.100000000002","0.7427003910835648","19.256728313010758","17590.635952696906","-188.29533732362904","-1.0704293911259106","122400.0","1675288800000.0","1675411200000.0"
"bde0d2c9-9ea7-4491-9c5c-fac1910be3f0","SupertrendStrategy","BTC-USDT","Bybit Perpetual","short","22511.6","21790.7","0.7734570346949775","18.846259073492018","17411.755382239455","538.7389172381156","3.094110303132598","93600.0","1675915200000.0","1676008800000.0"
"b7e5a8a1-8614-43bc-b941-7c547b67e202","SupertrendStrategy","BTC-USDT","Bybit Perpetual","short","21790.7","21896.400000000005","0.8225324268433626","19.76373101161177","17923.557353615663","-106.70540852895878","-0.5953361066877354","187200.0","1676008800000.0","1676196000000.0"
"280d3f2d-89ea-4c0c-9d1b-ec947b33a6fd","SupertrendStrategy","BTC-USDT","Bybit Perpetual","short","21697.0","21808.700000000004","0.8214125093567386","19.654869414576808","17822.187215513157","-111.4066467097281","-0.6251008664792569","115200.0","1676253600000.0","1676368800000.0"
"dd668cee-8db9-4d77-b983-ad2880e27155","SupertrendStrategy","BTC-USDT","Bybit Perpetual","long","22433.0","23310.6","0.7897450586697687","19.869180136171536","17716.35090113892","673.2110833524164","3.799942138813349","28800.0","1676462400000.0","1676491200000.0"
"d58bbb52-078a-4f38-9d23-6ffdb1603d97","SupertrendStrategy","BTC-USDT","Bybit Perpetual","long","23310.6","24332.600000000002","0.7874486898802998","20.634116481937806","18355.901430323716","784.1384445757315","4.2718601837790695","14400.0","1676491200000.0","1676505600000.0"
"7aea5138-a0f3-4295-95cb-4a1a9213ed21","SupertrendStrategy","BTC-USDT","Bybit Perpetual","long","24332.6","23749.0","0.7849893949956297","20.75895035193203","19100.83295267066","-478.87876127138037","-2.5071093101435875","122400.0","1676505600000.0","1676628000000.0"
"98a9113b-370d-4f11-a3f8-a63118a06826","SupertrendStrategy","BTC-USDT","Bybit Perpetual","long","24929.7","24265.900000000005","0.7479391300121079","20.237422845433013","18645.898129462847","-516.719417347467","-2.771222999073377","28800.0","1676822400000.0","1676851200000.0"
"8eb715e1-7263-4189-991b-3e7ea73c228a","SupertrendStrategy","BTC-USDT","Bybit Perpetual","short","23337.2","23491.000000000004","0.7779431415500895","20.036322361624748","18155.01468298275","-139.68397753203078","-0.7693961143582045","187200.0","1677254400000.0","1677441600000.0"
"47b07033-d1e0-4281-ac4c-a65edc09d356","SupertrendStrategy","BTC-USDT","Bybit Perpetual","long","23548.3","23223.299999999996","0.7653340115561346","19.687742940194397","18022.314904327322","-268.4212966959409","-1.489383012786501","122400.0","1677448800000.0","1677571200000.0"
"d77b34e7-2449-4715-95e3-ba12e88fa1b4","SupertrendStrategy","BTC-USDT","Bybit Perpetual","long","23511.2","23251.0","0.7556957821151699","19.435898516334298","17767.314672466182","-216.06794102270206","-1.2160979022763652","14400.0","1677600000000.0","1677614400000.0"
"981090df-aeec-4c53-b8ee-ebf9611957b0","SupertrendStrategy","BTC-USDT","Bybit Perpetual","long","23686.1","23381.899999999998","0.7414496319991309","19.194203203414304","17562.050128494615","-244.74318125755048","-1.3935911779482513","93600.0","1677650400000.0","1677744000000.0"
"795eb9cf-ef1f-4088-b7a1-4e6090d78175","SupertrendStrategy","BTC-USDT","Bybit Perpetual","short","22137.5","22473.7","0.7828139630175017","19.20724864683151","17329.544106299945","-282.3893030133161","-1.629525285149636","244800.0","1677808800000.0","1678053600000.0"
"859cb502-8be2-43c2-bbe9-1a1d9281cd37","SupertrendStrategy","BTC-USDT","Bybit Perpetual","short","22118.6","21462.900000000005","0.77135416655834","18.489224385424265","17061.274268437297","487.2877026268742","2.856103799517119","165600.0","1678219200000.0","1678384800000.0"
"0fcb7906-6710-490e-92c2-5a5e43c32c9c","SupertrendStrategy","BTC-USDT","Bybit Perpetual","short","21462.9","20204.0","0.8164878737697531","18.71128522316731","17524.197585932834","1009.1652990655759","5.758696192033701","14400.0","1678384800000.0","1678399200000.0"
"e25c90cd-1e83-4191-9125-a9c1905d2f53","SupertrendStrategy","BTC-USDT","Bybit Perpetual","short","20204.0","20367.4","0.914814126907797","20.413409427634846","18482.90462004513","-169.89403776437018","-0.9191955553355842","194400.0","1678399200000.0","1678593600000.0"
"94fcbce2-7383-4827-a289-c45d4208d3d0","SupertrendStrategy","BTC-USDT","Bybit Perpetual","long","21986.2","24009.000000000004","0.8333184126483419","21.080755879393664","18321.505284168976","1664.555729225675","9.085256388098003","57600.0","1678665600000.0","1678723200000.0"
"c495fdff-28cb-49b8-a8f4-4c92cc162291","SupertrendStrategy","BTC-USDT","Bybit Perpetual","long","24009.0","25794.3","0.8289738525941673","22.707098410096705","19902.833226933362","1457.2599206262696","7.321871735599148","79200.0","1678723200000.0","1678802400000.0"
"763562b8-e836-460c-9527-e74171d63355","SupertrendStrategy","BTC-USDT","Bybit Perpetual","long","25794.3","24271.9","0.8252687668022903","22.72493912286226","21287.230151528318","-1279.1141097026673","-6.00883299798792","136800.0","1678802400000.0","1678939200000.0"
"3b548598-740b-466a-9a63-071315e4a7d9","SupertrendStrategy","BTC-USDT","Bybit Perpetual","long","24614.5","26046.899999999998","0.8154572202283525","22.721712429282164","20072.071747310783","1145.3392098258082","5.706133498547595","86400.0","1678953600000.0","1679040000000.0"
"51633009-7a3e-424c-b24f-a8d98129a5cc","SupertrendStrategy","BTC-USDT","Bybit Perpetual","long","26046.9","27534.3","0.812386272325893","23.940747234111477","21160.143996645304","1184.40259422342","5.597327666632105","201600.0","1679040000000.0","1679241600000.0"
"19c05662-5e06-4ffc-941a-68ab4ffbc710","SupertrendStrategy","BTC-USDT","Bybit Perpetual","long","27534.3","28586.199999999997","0.8093660075308815","24.982113764100262","22285.32646115755","826.3899895576322","3.708224741504225","259200.0","1679241600000.0","1679500800000.0"
"6284c4a0-88a7-4de5-b615-870feab99078","SupertrendStrategy","BTC-USDT","Bybit Perpetual","long","28586.2","26654.1","0.8070466501751651","24.519824488319145","23070.396951237304","-1583.8146572917572","-6.86513830099839","14400.0","1679500800000.0","1679515200000.0"
"60c2d6f3-c4ae-4489-a0c5-b5c30a008001","SupertrendStrategy","BTC-USDT","Bybit Perpetual","long","28077.7","28015.0","0.768074772036532","23.69586327097747","21565.773026810133","-71.85415147766858","-0.33318606937178163","144000.0","1680076800000.0","1680220800000.0"
"e5899a72-2dba-4d2c-a490-8ba029aaeaba","SupertrendStrategy","BTC-USDT","Bybit Perpetual","long","28488.5","28271.8","0.7546031410185285","23.557325365834693","21497.51158290635","-187.07982602455036","-0.8702394474963607","165600.0","1680278400000.0","1680444000000.0"
"e80309aa-2212-494c-8782-9268712e327d","SupertrendStrategy","BTC-USDT","Bybit Perpetual","long","28560.0","28167.1","0.7464910976254561","23.290451329259955","21319.785748183025","-316.5868035863027","-1.4849436449579883","72000.0","1680660000000.0","1680732000000.0"
"49004046-bf8a-4113-90cb-53db08ad060a","SupertrendStrategy","BTC-USDT","Bybit Perpetual","long","28132.0","27909.100000000002","0.747157268760701","23.029333367889926","21019.02828477604","-189.57068857464856","-0.9019003448030636","50400.0","1680933600000.0","1680984000000.0"
"f1d3b784-ac55-492a-91a6-80f183add3e8","SupertrendStrategy","BTC-USDT","Bybit Perpetual","long","28065.0","27888.2","0.7425240025166621","22.850626709688413","20838.93613063012","-154.12887035463373","-0.7396196686264004","21600.0","1681005600000.0","1681027200000.0"
"585f8538-e70a-44b7-8fb5-9a2e1173814c","SupertrendStrategy","BTC-USDT","Bybit Perpetual","long","28132.4","29153.999999999996","0.7355402917558835","23.175050453304337","20692.513703793218","728.2529116045025","3.5194028237903443","79200.0","1681070400000.0","1681149600000.0"
"4466b415-5dcc-4db1-8de4-1615b5d9025e","SupertrendStrategy","BTC-USDT","Bybit Perpetual","long","29154.0","30191.9","0.7334963974006139","23.941502117773403","21384.353969817497","737.3544087443248","3.4481023358715834","28800.0","1681149600000.0","1681178400000.0"
"3c4a845d-fdeb-4787-ba81-67a005704c81","SupertrendStrategy","BTC-USDT","Bybit Perpetual","long","30191.9","30320.299999999996","0.7314823067817727","24.344982004441995","22084.840658124605","69.57734618633336","0.3150457241842818","388800.0","1681178400000.0","1681567200000.0"
"76a2fb46-1fba-46ed-8ca9-a7923f27dce9","SupertrendStrategy","BTC-USDT","Bybit Perpetual","long","30369.7","29184.899999999998","0.7293762907437883","23.890742284601508","22150.939137001627","-888.055771557844","-4.009111153551082","79200.0","1681819200000.0","1681898400000.0"
"3e8606c5-e5ab-4e65-a260-2904b4a959b7","SupertrendStrategy","BTC-USDT","Bybit Perpetual","short","29184.9","28143.1","0.7300791215327678","23.019686733576783","21307.286154021676","737.5767420792628","3.4616174802723423","158400.0","1681898400000.0","1682056800000.0"
"ffe01a89-0eae-48f9-a785-6382f5ba111a","SupertrendStrategy","BTC-USDT","Bybit Perpetual","short","28143.1","27268.4","0.7820028376048472","23.832572629767547","22007.984058996975","660.18530942319","2.9997536696383733","93600.0","1682056800000.0","1682150400000.0"
"c4900177-eb8b-4b58-993b-af64f591d514","SupertrendStrategy","BTC-USDT","Bybit Perpetual","short","27268.4","27780.0","0.8300875776704538","25.13224615584882","22635.160102949005","-449.8050508920518","-1.9871962418036941","158400.0","1682150400000.0","1682308800000.0"
"5f23e28e-d3bd-47ef-a37d-3a469f694a7f","SupertrendStrategy","BTC-USDT","Bybit Perpetual","short","27440.8","27596.1","0.8093002137183155","24.49775621281646","22207.845304601553","-150.18207940327028","-0.6762568693332529","129600.0","1682323200000.0","1682452800000.0"
"dbe51adc-b76f-498d-a1e9-e951050b5d9d","SupertrendStrategy","BTC-USDT","Bybit Perpetual","long","28849.5","29212.700000000004","0.7648372529564965","24.424473451735885","22065.172329168447","253.36441682206697","1.1482548744345806","309600.0","1682503200000.0","1682812800000.0"
"213b5130-a0a1-4453-8048-44796c39a9a3","SupertrendStrategy","BTC-USDT","Bybit Perpetual","long","29644.2","28488.3","0.7524530439394354","24.058087117245076","22305.86852514941","-893.8185606068396","-4.007100461473076","36000.0","1682870400000.0","1682906400000.0"
"1ce2d7c5-9481-4590-89ff-7420776c2ab0","SupertrendStrategy","BTC-USDT","Bybit Perpetual","short","28488.3","28649.599999999995","0.7531773005961363","23.669233106052587","21456.74089257291","-145.15673169220608","-0.6765087597364379","158400.0","1682906400000.0","1683064800000.0"
"6249ac4f-361f-4493-b815-4b6ba7d4059b","SupertrendStrategy","BTC-USDT","Bybit Perpetual","short","28292.7","28559.3","0.7535103400334825","23.56121341837095","21318.84199746531","-224.44707007129628","-1.052810795717618","7200.0","1683129600000.0","1683136800000.0"
"c1b22b73-556f-4bcb-b0ad-c9b0e955e27d","SupertrendStrategy","BTC-USDT","Bybit Perpetual","short","28308.8","28914.999999999996","0.7455496976522347","23.46475273368157","21105.61728089758","-475.41697945046405","-2.2525613590120286","7200.0","1683144000000.0","1683151200000.0"
"ff44a476-366d-49a1-beee-bdbc3bfa3f2d","SupertrendStrategy","BTC-USDT","Bybit Perpetual","long","28915.0","28557.9","0.7142995383164321","22.57907626463856","20653.971150419635","-277.6554413974354","-1.3443198858723795","237600.0","1683151200000.0","1683388800000.0"
"4a6a9c1e-c92b-4137-92ec-86b2a1d16c7c","SupertrendStrategy","BTC-USDT","Bybit Perpetual","short","28557.9","27522.899999999998","0.7139950234818411","22.02277666208424","20390.19848109207","716.9620726416239","3.5162093851438785","180000.0","1683388800000.0","1683568800000.0"
"0d55edbe-7939-4fa8-a7e6-6c6b033ddb8e","SupertrendStrategy","BTC-USDT","Bybit Perpetual","short","27522.9","28153.700000000004","0.7655920142899771","23.44405818854954","21071.312450101614","-506.3795008026694","-2.4031701964545995","158400.0","1683568800000.0","1683727200000.0"
"72feb6b2-c9c7-4fdc-b2a2-64097203a233","SupertrendStrategy","BTC-USDT","Bybit Perpetual","short","27393.2","26261.3","0.7516555905969028","22.181337687124838","20590.251924339078","828.6176253095106","4.024319995473335","64800.0","1683806400000.0","1683871200000.0"
"f745929a-241f-4f19-9aaf-15d77eee327d","SupertrendStrategy","BTC-USDT","Bybit Perpetual","short","26261.3","26810.7","0.814028196181572","23.761157435261616","21377.438668383114","-470.98824841741845","-2.203202430953538","115200.0","1683871200000.0","1683986400000.0"
"1bafbd4f-110a-40fa-a63b-45422b06d570","SupertrendStrategy","BTC-USDT","Bybit Perpetual","short","26831.9","27377.099999999995","0.7800416605751573","23.256903107965286","20929.999832386566","-448.53561645353597","-2.143027329410118","43200.0","1684310400000.0","1684353600000.0"
"44600944-5823-492c-aee8-a9f45269f01d","SupertrendStrategy","BTC-USDT","Bybit Perpetual","short","26475.2","26935.999999999996","0.7744565101210077","22.750558354356343","20503.890996755705","-379.62011821811336","-1.8514540400072357","165600.0","1684432800000.0","1684598400000.0"
"36b60918-9eb4-47fb-b869-4e737cccea1c","SupertrendStrategy","BTC-USDT","Bybit Perpetual","short","26936.0","27130.0","0.7478189740291242","22.23736935742225","20143.25188444849","-167.31425031907233","-0.8306218443718443","7200.0","1684598400000.0","1684605600000.0"
"be52393f-9017-4715-b810-76994151f587","SupertrendStrategy","BTC-USDT","Bybit Perpetual","short","26880.2","26892.8","0.7434581344872945","21.98788584618191","19984.303346645374","-31.355458340720737","-0.15690043228844483","115200.0","1684677600000.0","1684792800000.0"
"843fc49f-8911-48d6-8dc7-68cd6d9ea6d9","SupertrendStrategy","BTC-USDT","Bybit Perpetual","short","26840.2","26982.200000000004","0.743456295453152","22.008031164018753","19954.51566122169","-127.57882511836902","-0.6393481419661687","7200.0","1684800000000.0","1684807200000.0"
"3b8699ac-0331-4a95-9896-d93ee1cff01d","SupertrendStrategy","BTC-USDT","Bybit Perpetual","long","27354.6","26769.999999999996","0.7250449934328866","21.583523638356688","19833.31577735924","-445.4448267992238","-2.2459422912417004","86400.0","1684814400000.0","1684900800000.0"
"a42e2f8b-0b74-4acc-84d4-c180c49e4865","SupertrendStrategy","BTC-USDT","Bybit Perpetual","short","26770.0","26118.899999999998","0.7250707206537161","21.09150606067028","19410.14319189998","451.0020401569659","2.3235379342547713","100800.0","1684900800000.0","1685001600000.0"
"3db4f266-14fd-4343-9fcd-0aa882b59b23","SupertrendStrategy","BTC-USDT","Bybit Perpetual","short","26118.9","26529.900000000005","0.7595494117305512","21.9941507875757","19838.595130049096","-334.168959008835","-1.6844386249038188","108000.0","1685001600000.0","1685109600000.0"
"062c1287-8fcb-45f2-9d77-a40dc268ac86","SupertrendStrategy","BTC-USDT","Bybit Perpetual","long","27080.099999999995","27828.5","0.7208664155224945","21.769971114847145","19521.1346189907","517.7264542621914","2.652133005417281","72000.0","1685239200000.0","1685311200000.0"
"1c188a87-7627-427d-92c2-7420128ed8f8","SupertrendStrategy","BTC-USDT","Bybit Perpetual","long","27828.5","27080.499999999996","0.719153915968873","21.71841230456417","20012.974750539783","-559.6455414492838","-2.7964135688233416","201600.0","1685311200000.0","1685512800000.0"
"973a73ae-244d-4d74-9c98-4ce3decac3d5","SupertrendStrategy","BTC-USDT","Bybit Perpetual","short","27080.5","27118.5","0.719385221327633","21.44447778590501","19481.311486162966","-48.78111619635507","-0.2503995494913315","194400.0","1685512800000.0","1685707200000.0"
"57859946-b922-4b5c-893b-94b1a1503f35","SupertrendStrategy","BTC-USDT","Bybit Perpetual","short","26896.4","27081.3","0.7225862727270725","21.451949779359058","19434.969425776435","-155.0581516065932","-0.7978306948141679","7200.0","1685714400000.0","1685721600000.0"
"c403a1de-ed28-4d6b-9456-f3209b8db55a","SupertrendStrategy","BTC-USDT","Bybit Perpetual","short","27054.9","27206.0","0.7129083523409869","21.275676848546485","19287.66418175017","-128.99612888726858","-0.6688011968257083","36000.0","1685836800000.0","1685872800000.0"
"a3037c9e-9a6a-450f-b16d-877781a0a60f","SupertrendStrategy","BTC-USDT","Bybit Perpetual","short","27038.2","25991.9","0.7088163361210164","20.673730652372114","19165.117859307265","720.9608018310468","3.7618386024217556","50400.0","1685930400000.0","1685980800000.0"
"bf06b8c4-f9a4-4871-8dc3-07c21402e277","SupertrendStrategy","BTC-USDT","Bybit Perpetual","short","25991.9","27073.2","0.7637006383160431","22.289217908267563","19850.03062104676","-848.0787181194044","-4.2724302763553235","100800.0","1685980800000.0","1686081600000.0"
"68759dac-e294-41f8-b1f0-bd7a1b67c721","SupertrendStrategy","BTC-USDT","Bybit Perpetual","long","27073.2","26141.900000000005","0.7034394101485354","20.58847920524743","19044.35583883333","-675.7016018765753","-3.5480412548202485","93600.0","1686081600000.0","1686175200000.0"
"dccac70a-1ec4-4cf5-a6cd-58b8fa941d5f","SupertrendStrategy","BTC-USDT","Bybit Perpetual","short","26141.9","26705.9","0.7039442166426534","20.461046744758193","18402.439317050583","-417.4855849312147","-2.2686426388288528","64800.0","1686175200000.0","1686240000000.0"
"0ca0cda1-856e-4a0d-a0b9-ca9c0396a6ac","SupertrendStrategy","BTC-USDT","Bybit Perpetual","short","26400.0","25504.600000000002","0.6820389398244671","19.47052709580717","18005.82801136593","591.2271396230192","3.2835320833333252","36000.0","1686340800000.0","1686376800000.0"
"7c567327-ba91-42b7-b2f9-ca2a575ddaa3","SupertrendStrategy","BTC-USDT","Bybit Perpetual","short","25504.6","25909.9","0.7280056850139898","20.58652656068348","18567.4937940078","-315.6472306968556","-1.6999991178062108","151200.0","1686376800000.0","1686528000000.0"
"1005efcf-f1c6-4c24-84cb-86324851a922","SupertrendStrategy","BTC-USDT","Bybit Perpetual","short","25779.6","25975.7","0.7086079273862197","20.170818725338613","18267.628924845787","-159.12883328577786","-0.8710973599280138","28800.0","1686542400000.0","1686571200000.0"
"44a56160-7392-4613-bfef-7dfed3df7f67","SupertrendStrategy","BTC-USDT","Bybit Perpetual","short","25790.5","25955.7","0.7024468906467226","19.99192651103089","18116.4565332243","-136.03615284586996","-0.7508982377231954","43200.0","1686578400000.0","1686621600000.0"
"3de6717f-500e-40db-9596-14fbd1c44465","SupertrendStrategy","BTC-USDT","Bybit Perpetual","short","25812.1","26034.9","0.6968523362307106","19.871336692104514","17987.222188020725","-175.13003720430888","-0.9736358142111758","28800.0","1686679200000.0","1686708000000.0"
"046b8f8c-006a-48c0-9523-f81249b1b615","SupertrendStrategy","BTC-USDT","Bybit Perpetual","short","25833.2","25967.2","0.6898428631635505","19.65377493695945","17820.848652676632","-112.09271860087522","-0.6289976464394655","21600.0","1686722400000.0","1686744000000.0"
"ca1d7f83-2bcf-4062-8728-fe48e24f4f2e","SupertrendStrategy","BTC-USDT","Bybit Perpetual","short","25104.8","25545.7","0.7056164785222669","19.656905094965648","17714.360570005807","-330.76321047543416","-1.8672037817469227","108000.0","1686780000000.0","1686888000000.0"
"45446c0b-ecc5-4071-aaa4-9b73a36b3393","SupertrendStrategy","BTC-USDT","Bybit Perpetual","long","26304.6","27054.200000000004","0.661486413785199","19.412866690734923","17400.135520054144","476.4373490826541","2.738124358477247","338400.0","1686938400000.0","1687276800000.0"
"6826acf4-b1b6-49db-a09e-66e682e74a1e","SupertrendStrategy","BTC-USDT","Bybit Perpetual","long","27054.2","27973.799999999996","0.6598883353299179","19.971784424094096","17852.751001682664","586.8615287452951","3.2872330359056825","14400.0","1687276800000.0","1687291200000.0"
"41739e16-dcae-4432-8f2b-ce39e84d48a9","SupertrendStrategy","BTC-USDT","Bybit Perpetual","long","27973.8","28969.6","0.6581254407334968","20.61174512202509","18410.26945399069","634.7495687603905","3.447801621517274","36000.0","1687291200000.0","1687327200000.0"
"ade170b8-94d9-420b-81a6-c73144c65795","SupertrendStrategy","BTC-USDT","Bybit Perpetual","long","28969.6","30283.7","0.6563184008171692","21.388967104526984","19013.281544313064","841.0790434093165","4.42363955663869","79200.0","1687327200000.0","1687406400000.0"
"0e026dc1-f0a8-46cd-96e1-bc5f825e38ba","SupertrendStrategy","BTC-USDT","Bybit Perpetual","long","30283.7","30420.0","0.6542234481107629","21.842581159894728","19812.30663555191","67.32807481760179","0.33982956177745544","316800.0","1687406400000.0","1687723200000.0"
"1d5aeaba-12e5-432b-bfaf-40413c51f783","SupertrendStrategy","BTC-USDT","Bybit Perpetual","long","30897.7","30052.000000000004","0.6432928116535741","21.564677135343018","19876.268306628637","-565.5974079507688","-2.845591532703072","14400.0","1688126400000.0","1688140800000.0"
"845fb7ba-6248-47b3-9209-8522643c22c4","SupertrendStrategy","BTC-USDT","Bybit Perpetual","long","30550.0","30434.2","0.6330262117536958","21.232528406556355","19338.950769075407","-94.53696372763386","-0.4888422585924689","100800.0","1688220000000.0","1688320800000.0"
"c46d49ea-f95f-4b50-b19f-a8fef9257e53","SupertrendStrategy","BTC-USDT","Bybit Perpetual","long","30552.8","31254.1","0.6300286930668926","21.417066236233868","19249.140653534156","420.4220562115774","2.1841081832107014","86400.0","1688328000000.0","1688414400000.0"
"5b43e32c-7787-4b57-9afc-ff4fc9e9a3dd","SupertrendStrategy","BTC-USDT","Bybit Perpetual","long","31254.1","30790.4","0.6286708498064303","21.453062697448285","19648.541606935152","-312.96773575268816","-1.592829340790479","93600.0","1688414400000.0","1688508000000.0"
"bbd33d86-a024-4bd1-b65c-551557efa690","SupertrendStrategy","BTC-USDT","Bybit Perpetual","long","31064.7","30361.5","0.6229328549115265","21.045418972801528","19351.222257970097","-459.0918025465874","-2.372417599397389","14400.0","1688637600000.0","1688652000000.0"
"45f3e0fe-0e4c-4fa4-9cc8-9f232ffef192","SupertrendStrategy","BTC-USDT","Bybit Perpetual","short","29874.4","30249.4","0.6331536380831361","20.937181487960572","18915.08504555084","-258.3697957691366","-1.3659457261066332","194400.0","1688688000000.0","1688882400000.0"
"db473368-55b8-4f55-b624-dec8190c6e2a","SupertrendStrategy","BTC-USDT","Bybit Perpetual","long","30824.5","30268.1","0.6056751525432743","20.351248403345885","18669.63373957016","-357.3489032784246","-1.914064883453102","172800.0","1689019200000.0","1689192000000.0"
"842d46a7-5d49-45ec-9eea-33847357d8c3","SupertrendStrategy","BTC-USDT","Bybit Perpetual","long","30646.7","31600.6","0.5981117797823472","20.476963864305134","18330.15228145566","550.0618628700745","3.000858118492359","21600.0","1689256800000.0","1689278400000.0"
"eb33c025-8d54-4874-8b3e-a18018a28138","SupertrendStrategy","BTC-USDT","Bybit Perpetual","long","31600.6","30674.900000000005","0.5965934523769242","20.43423554892453","18852.71105118223","-572.7007944142393","-3.037763602589804","79200.0","1689278400000.0","1689357600000.0"
"d9432ef7-1c2c-4842-bb18-e181ba9cad28","SupertrendStrategy","BTC-USDT","Bybit Perpetual","long","30674.9","30099.900000000005","0.5968607981277428","19.95075259872967","18308.6452964887","-363.1457115221796","-1.9834657651695569","7200.0","1689357600000.0","1689364800000.0"
"f2995805-7746-4f30-bcaa-e2a515c80d15","SupertrendStrategy","BTC-USDT","Bybit Perpetual","short","30099.9","30112.199999999997","0.5968012143077759","19.76405991781168","17963.656870542625","-27.104714853794718","-0.1508863982936675","468000.0","1689364800000.0","1689832800000.0"
"48c40c74-c58c-4ae2-b8f4-56916cb527e3","SupertrendStrategy","BTC-USDT","Bybit Perpetual","short","29744.999999999996","29933.000000000004","0.6030562242874944","19.794054144166005","17937.90739143152","-133.16862431021934","-0.7423866195999573","136800.0","1689876000000.0","1690012800000.0"
"241d2ce9-2955-48f9-8a63-af054f8bf065","SupertrendStrategy","BTC-USDT","Bybit Perpetual","short","29836.0","29891.9","0.5969767126403276","19.610890967200625","17811.397198336814","-52.98188920379581","-0.2974606012870407","72000.0","1690034400000.0","1690106400000.0"
"0d3ad906-d179-488d-96f7-d469d957b555","SupertrendStrategy","BTC-USDT","Bybit Perpetual","long","30110.1","29705.6","0.5898706548165967","19.40593937002221","17761.06440359321","-258.0086192433356","-1.4526641724869729","36000.0","1690135200000.0","1690171200000.0"
"bba16283-e6e9-4bac-9542-04e94c800706","SupertrendStrategy","BTC-USDT","Bybit Perpetual","short","29705.6","29031.599999999995","0.5896516554222786","19.048967968178204","17515.95621531204","378.3762477864397","2.1601803700312523","50400.0","1690171200000.0","1690221600000.0"
"90adb927-303d-4593-9308-d4435c9a9c3f","SupertrendStrategy","BTC-USDT","Bybit Perpetual","short","29031.600000000002","29390.3","0.6157226487933546","19.784427858547268","17875.413650709153","-240.64414198072177","-1.3462297806527959","180000.0","1690221600000.0","1690401600000.0"
"7e11b534-5b6e-4c09-a45e-ba91681c7ee9","SupertrendStrategy","BTC-USDT","Bybit Perpetual","short","29152.599999999995","29297.300000000003","0.6053251413536861","19.45965668878485","17646.801715827467","-107.05020464266806","-0.606626664517086","93600.0","1690488000000.0","1690581600000.0"
"20d38904-f544-4ee4-ab13-9b9a36af295b","SupertrendStrategy","BTC-USDT","Bybit Perpetual","short","29269.899999999998","29337.099999999995","0.5994248023196846","19.321769164252366","17545.104021416937","-59.60311588013343","-0.33971366489122645","21600.0","1690711200000.0","1690732800000.0"
"937b9971-9ba3-44be-b3bc-6c21faceb10e","SupertrendStrategy","BTC-USDT","Bybit Perpetual","short","29187.2","29442.4","0.5991832399589823","19.321430527024532","17488.481061330807","-172.23299336455722","-0.9848367777655982","21600.0","1690747200000.0","1690768800000.0"
"d08b9e13-d0c4-4cf2-8596-99948640f1be","SupertrendStrategy","BTC-USDT","Bybit Perpetual","short","29146.500000000004","29701.2","0.5944061797345985","19.238690098742257","17324.859717634477","-348.9557979975223","-2.014191189336617","100800.0","1690833600000.0","1690934400000.0"
"0946998c-b789-40c4-a189-29e0fcb9f9ad","SupertrendStrategy","BTC-USDT","Bybit Perpetual","long","29701.200000000004","29141.799999999996","0.5721436073134023","18.516655456828392","16993.351709536826","-338.5737893879506","-1.9923897014262342","72000.0","1690934400000.0","1691006400000.0"
"4990fdba-210e-4160-a3fd-6a685969e5bd","SupertrendStrategy","BTC-USDT","Bybit Perpetual","short","29034.0","29258.8","0.5742132193159151","18.40987299301633","16671.70660961828","-147.49300469523362","-0.8846905007921723","115200.0","1691049600000.0","1691164800000.0"
"7ab22db1-0734-4517-8540-183fd2460a78","SupertrendStrategy","BTC-USDT","Bybit Perpetual","short","29188.000000000004","29133.5","0.5663830428654861","18.1677697489637","16531.58825515781","12.700106087207356","0.07682326641086623","201600.0","1691172000000.0","1691373600000.0"
"85e040be-6ec5-4ede-9b3c-bed40dbf2c7f","SupertrendStrategy","BTC-USDT","Bybit Perpetual","short","29019.4","29184.3","0.5700894352033692","18.249722952860488","16543.653355940653","-112.25747081789481","-0.678553088623465","28800.0","1691416800000.0","1691445600000.0"
"1866fe04-2749-4815-8055-c3ec62031f98","SupertrendStrategy","BTC-USDT","Bybit Perpetual","long","29427.999999999996","29504.0","0.5585499782065941","18.104057023619056","16437.00875866365","24.34574132008413","0.1481154002990473","158400.0","1691496000000.0","1691654400000.0"
"a8ae7b81-d41a-4b48-9a39-825f4b69cb37","SupertrendStrategy","BTC-USDT","Bybit Perpetual","short","29377.0","29404.499999999996","0.5603069480518","18.114625576798787","16460.13721291773","-33.523066648221246","-0.2036621336419524","259200.0","1691748000000.0","1692007200000.0"
"3bfaedeb-9e27-4409-9f95-9484e24ebc24","SupertrendStrategy","BTC-USDT","Bybit Perpetual","short","29376.0","29592.899999999998","0.559241908347015","18.137834093018363","16428.290299601915","-139.4374040134847","-0.8487639399509729","7200.0","1692021600000.0","1692028800000.0"
"ae3cdf24-efcb-42d7-b9bc-7596e2cb6356","SupertrendStrategy","BTC-USDT","Bybit Perpetual","long","29592.9","29360.4","0.5506667060608829","17.85499073733048","16295.8247657891","-145.88499989648574","-0.8952293117605912","50400.0","1692028800000.0","1692079200000.0"
"cd8f8cf7-8007-4d7c-b622-d0f809af8fe1","SupertrendStrategy","BTC-USDT","Bybit Perpetual","short","29130.0","28622.0","0.5546595954647251","17.61798552650334","16157.234015887441","264.149088969577","1.6348657741160317","72000.0","1692165600000.0","1692237600000.0"
"d53d3079-ad6f-4bcb-8491-c811b02a614a","SupertrendStrategy","BTC-USDT","Bybit Perpetual","short","28622.0","27920.9","0.5732714572849047","17.82793687516305","16408.175650408542","384.0926818272828","2.340861592481303","50400.0","1692237600000.0","1692288000000.0"
"f932cf22-48b7-4d1d-9ad2-a3f4539d2aac","SupertrendStrategy","BTC-USDT","Bybit Perpetual","short","27920.899999999998","26249.9","0.6007350657802742","17.898264505753545","16773.06369814446","985.9300304130825","5.878055721699503","21600.0","1692288000000.0","1692309600000.0"
"2c4ad708-1169-4b62-9b9e-8b2de50aea81","SupertrendStrategy","BTC-USDT","Bybit Perpetual","short","26249.9","25767.2","0.6746577025831295","19.3015554495703","17709.697227036893","306.3557175873068","1.7298755233353293","424800.0","1692309600000.0","1692734400000.0"
"de1e9b42-642d-4640-9e14-76e27125f826","SupertrendStrategy","BTC-USDT","Bybit Perpetual","short","25767.2","26134.3","0.698591044379864","19.941857699434834","18000.735158744832","-276.39463009128184","-1.5354630111149","72000.0","1692734400000.0","1692806400000.0"
"7ee2e9c7-f50f-4b25-915f-98aca419a87c","SupertrendStrategy","BTC-USDT","Bybit Perpetual","short","25923.0","26093.3","0.6842634054761452","19.576067818047846","17738.16026015811","-136.1061257706349","-0.7673068896346846","28800.0","1693209600000.0","1693238400000.0"
"8ad777aa-afeb-4578-83ef-141e83b50060","SupertrendStrategy","BTC-USDT","Bybit Perpetual","short","25967.0","26106.5","0.6781245211489971","19.42177448862877","17608.85944067601","-114.02014518891387","-0.6475157892709978","7200.0","1693260000000.0","1693267200000.0"
"caab9455-c4f8-4374-a124-631b293f047a","SupertrendStrategy","BTC-USDT","Bybit Perpetual","short","25978.2","27411.4","0.6736625440849074","19.781615570021568","17500.540302746544","-985.2747737525115","-5.629967742183834","21600.0","1693303200000.0","1693324800000.0"
"1cb7a038-4adb-4c31-b9ee-877c5b16848a","SupertrendStrategy","BTC-USDT","Bybit Perpetual","long","27411.4","26909.5","0.604293442424745","18.054170011135685","16564.529267681657","-321.3490487641161","-1.9399829815332361","172800.0","1693324800000.0","1693497600000.0"
"f203c47e-9077-4436-ba2f-65dfeccc511f","SupertrendStrategy","BTC-USDT","Bybit Perpetual","short","26319.3","25467.2","0.617769001126768","17.595651907268255","16259.247671355744","508.80531395284993","3.129328762543072","86400.0","1693504800000.0","1693591200000.0"
"db17ee33-d8a0-40a6-b069-2d3a26b10812","SupertrendStrategy","BTC-USDT","Bybit Perpetual","short","25467.2","25941.4","0.6574186687037031","18.588335354556655","16742.61271961095","-330.33626805385313","-1.9730269915813308","136800.0","1693591200000.0","1693728000000.0"
"16b55717-1ace-40f3-8a2c-9e2272bacf76","SupertrendStrategy","BTC-USDT","Bybit Perpetual","short","25941.399999999998","25997.599999999995","0.6333040338979311","18.091248019143553","16428.79326495979","-53.68293472420544","-0.3267612773404561","43200.0","1693728000000.0","1693771200000.0"
"17cca920-954b-4ff3-9732-3e1dd5fa76f5","SupertrendStrategy","BTC-USDT","Bybit Perpetual","short","25870.8","25824.7","0.6330609983831885","17.999522663054968","16377.794476971792","11.184589362409103","0.06829118156376512","223200.0","1693836000000.0","1694059200000.0"
"fc3e5640-e5e2-4f4e-9353-38e5c2374248","SupertrendStrategy","BTC-USDT","Bybit Perpetual","short","25695.5","25918.9","0.6377933815985711","18.105627493349708","16388.419836866084","-160.58866894247143","-0.9798911093382167","21600.0","1694088000000.0","1694109600000.0"
"d3c35a46-58b1-4bd8-8f6f-b5065d04caf5","SupertrendStrategy","BTC-USDT","Bybit Perpetual","short","25685.3","25102.5","0.6321071041167802","17.656831050354214","16235.860601370734","350.7351892289048","2.160250065212395","79200.0","1694368800000.0","1694448000000.0"
"a534c22b-9b38-4b4f-85d8-06f6bc17221b","SupertrendStrategy","BTC-USDT","Bybit Perpetual","short","25102.499999999996","25860.900000000005","0.6600561311079849","18.50128754765977","16569.05903113819","-519.0878573799613","-3.132874693755637","64800.0","1694448000000.0","1694512800000.0"
"6a139611-3286-4d31-87f9-f97c3ec162bb","SupertrendStrategy","BTC-USDT","Bybit Perpetual","long","26087.2","26554.4","0.6162380618321334","17.841866655658336","16075.92556662723","270.0645558323148","1.6799316139716056","381600.0","1694520000000.0","1694901600000.0"
"7be3794a-b257-4474-bb3a-5ddd3a694b6e","SupertrendStrategy","BTC-USDT","Bybit Perpetual","long","26554.4","26476.2","0.6150576512618599","17.939281954553955","16332.486894667933","-66.03679028323185","-0.40432783267556693","86400.0","1694901600000.0","1694988000000.0"
"a9a3c531-6e54-4976-ac0d-a0b4633ea9e5","SupertrendStrategy","BTC-USDT","Bybit Perpetual","long","26646.2","27184.7","0.6105843213628531","18.077566949668388","16269.751943898857","310.722090104228","1.9098145514182134","28800.0","1695009600000.0","1695038400000.0"
"a9569021-3b8f-40c7-929c-25dedaad4aa9","SupertrendStrategy","BTC-USDT","Bybit Perpetual","long","27184.7","26978.4","0.6093478290912857","18.152292071019822","16564.937929497875","-143.8607492125516","-0.8684653683873621","244800.0","1695038400000.0","1695283200000.0"
"b2600bf1-d085-4254-8152-aa15d882ee8d","SupertrendStrategy","BTC-USDT","Bybit Perpetual","short","26408.2","26661.3","0.6220897379505589","18.157695241491954","16428.27021774595","-175.6086079167775","-1.0689415598185357","273600.0","1695304800000.0","1695578400000.0"
"9f9dc952-f580-44a0-8689-28d4fc907542","SupertrendStrategy","BTC-USDT","Bybit Perpetual","short","26432.5","26383.4","0.6152063573337752","17.870972596567718","16261.442040225013","12.335659548519747","0.07585833727418344","223200.0","1695585600000.0","1695808800000.0"
"b6bb82c7-0d3e-455e-9cb8-66124e73ae09","SupertrendStrategy","BTC-USDT","Bybit Perpetual","long","26755.8","27092.1","0.6082105904811705","18.012974680344065","16273.160916796103","186.52824689847316","1.1462324243715354","331200.0","1695816000000.0","1696147200000.0"
"04d8bfbc-5920-4415-aac1-a1c5afb5b85d","SupertrendStrategy","BTC-USDT","Bybit Perpetual","long","27092.1","27981.399999999998","0.6072014628378625","18.39239036998056","16450.362751349654","521.59187053173","3.1707013299079776","57600.0","1696147200000.0","1696204800000.0"
"33cb000e-acc3-419d-abbf-53481f2355bc","SupertrendStrategy","BTC-USDT","Bybit Perpetual","long","27981.4","27552.7","0.605612121922234","18.497668277022846","16945.8750283548","-278.12358494508504","-1.6412465244769767","108000.0","1696204800000.0","1696312800000.0"
"f44188fd-9dc1-4a07-bbe0-c423d9db2ed3","SupertrendStrategy","BTC-USDT","Bybit Perpetual","long","27976.6","27457.1","0.5962717993843774","18.179453625043568","16681.65762265697","-327.9426534052276","-1.9658876882823504","21600.0","1696514400000.0","1696536000000.0"
"d19aefcc-8fe0-46b0-b136-ef43942ee976","SupertrendStrategy","BTC-USDT","Bybit Perpetual","long","27674.9","27804.6","0.5915147697705141","18.049319018215783","16370.112101922","58.670146621018176","0.3583979526574516","252000.0","1696586400000.0","1696838400000.0"
"b0359c17-da42-4d4b-9c39-440c0aad6f71","SupertrendStrategy","BTC-USDT","Bybit Perpetual","short","27000.7","27005.500000000004","0.6083489961820239","18.070039656683093","16425.848741211972","-20.99011483835858","-0.12778709440867428","237600.0","1696996800000.0","1697234400000.0"
"64b6cfa1-d355-44e9-8d3f-75562edf0a7c","SupertrendStrategy","BTC-USDT","Bybit Perpetual","short","26836.3","26876.5","0.6113327147228022","18.06001551164961","16405.908132115535","-42.6355906435067","-0.25987949158416296","7200.0","1697328000000.0","1697335200000.0"
"6dce059b-4b9a-413c-a4ed-d9b636b65b44","SupertrendStrategy","BTC-USDT","Bybit Perpetual","long","27164.4","27903.4","0.6024577874351801","18.24681372080766","16365.404321004207","426.9694911937904","2.6089761231611956","28800.0","1697407200000.0","1697436000000.0"
"6acefcf6-7f12-458c-a6ad-c32ae9493058","SupertrendStrategy","BTC-USDT","Bybit Perpetual","long","27903.4","28223.200000000004","0.6010387744016251","18.55384458143164","16771.025337638308","173.65835547220982","1.0354665381279804","244800.0","1697436000000.0","1697680800000.0"
"977ceade-e042-4e1f-91e9-a6b4858eed83","SupertrendStrategy","BTC-USDT","Bybit Perpetual","long","28315.0","29222.8","0.5981282279829386","18.928240295820203","16936.000775336906","524.0525650670911","3.094311177820941","72000.0","1697702400000.0","1697774400000.0"
"e89cb059-d840-4c70-9d3c-af076418f61a","SupertrendStrategy","BTC-USDT","Bybit Perpetual","long","29222.8","30132.4","0.5965838561722572","19.47569475493156","17433.850712150637","523.1769808193549","3.0009261261754596","136800.0","1697774400000.0","1697911200000.0"
"98641c15-808d-4603-acb5-40296e24c503","SupertrendStrategy","BTC-USDT","Bybit Perpetual","long","30132.4","31339.900000000005","0.595069388562777","20.11915618600118","17930.868843929024","698.4271305035543","3.8951103629316073","180000.0","1697911200000.0","1698091200000.0"
"4d08ca68-b9dc-4a2e-969f-6835d74d0cf8","SupertrendStrategy","BTC-USDT","Bybit Perpetual","long","31339.9","34182.3","0.5933131445188847","21.381350384787403","18594.374617907397","1665.0519315956915","8.954600333759844","21600.0","1698091200000.0","1698112800000.0"
"eb8e1197-674f-4fa8-9bb7-cde33c002a4e","SupertrendStrategy","BTC-USDT","Bybit Perpetual","long","34182.3","34052.1","0.5902520881544924","22.151523396182892","20176.173952923305","-99.00234527390037","-0.4906893918782655","237600.0","1698112800000.0","1698350400000.0"
"ecb6b656-803c-4c33-bfa3-c77317a5bc3d","SupertrendStrategy","BTC-USDT","Bybit Perpetual","long","34098.2","33981.0","0.5889496139066901","22.052370205291982","20082.121724913097","-91.07726495515435","-0.4535241156424594","64800.0","1698487200000.0","1698552000000.0"
"c73c2193-d159-486b-bccf-209dbcf5cd7e","SupertrendStrategy","BTC-USDT","Bybit Perpetual","long","34226.5","34285.2","0.584213937247621","22.014019502490314","19995.5983232057","12.279338613943345","0.06141020846419322","158400.0","1698573600000.0","1698732000000.0"
"08edbe70-0fd5-4104-b2e9-eccdf2751834","SupertrendStrategy","BTC-USDT","Bybit Perpetual","long","34504.0","34227.0","0.5798534574220074","21.919649390139597","20007.263694888945","-182.53905709603566","-0.912363928819847","7200.0","1698753600000.0","1698760800000.0"
"84a3cf4e-9140-43cb-8131-0aadcd01b1a8","SupertrendStrategy","BTC-USDT","Bybit Perpetual","long","34553.5","34590.7","0.5740041266629347","21.82898087414401","19833.85159064771","-0.47602736228450837","-0.002400075245642003","194400.0","1698782400000.0","1698976800000.0"
"3ee333aa-df65-4206-9c8b-8370d662f1d1","SupertrendStrategy","BTC-USDT","Bybit Perpetual","long","35292.1","34821.0","0.5619784417661047","21.67112787696509","19833.399364653542","-286.4191717929762","-1.4441254700060313","93600.0","1699156800000.0","1699250400000.0"
"52bb7239-8363-479c-80c1-ee929cc5579a","SupertrendStrategy","BTC-USDT","Bybit Perpetual","long","35139.9","34927.6","0.5566692321677129","21.452431783701172","19561.301151450214","-139.63330977290826","-0.7138242425277332","72000.0","1699264800000.0","1699336800000.0"
"d8fb8b70-2b69-4fdb-a5bc-963f75f4636e","SupertrendStrategy","BTC-USDT","Bybit Perpetual","long","35473.4","36854.6","0.5476962881247908","21.787577420119426","19428.649507165952","734.69053573784","3.78148020770492","136800.0","1699387200000.0","1699524000000.0"
"f0f4cee1-4f65-4587-881f-8680d044a3eb","SupertrendStrategy","BTC-USDT","Bybit Perpetual","long","36854.6","36938.5","0.5461083695418455","22.1644662384411","20126.6055161169","23.65402596612053","0.11752615684338304","331200.0","1699524000000.0","1699855200000.0"
"c85ff576-6ec4-4b43-9651-4a6384a60434","SupertrendStrategy","BTC-USDT","Bybit Perpetual","short","35305.9","36498.9","0.5706999918083014","22.538449324488198","20149.07684078471","-703.3835395517918","-3.490897102184054","79200.0","1699992000000.0","1700071200000.0"
"bca1aa6d-9126-460e-b190-48c050a6fe31","SupertrendStrategy","BTC-USDT","Bybit Perpetual","long","37527.4","35936.5","0.519110369442341","20.97472974832136","19480.862478210507","-846.8274164941424","-4.346970866620127","86400.0","1700078400000.0","1700164800000.0"
"19b20063-3f36-4e96-8874-e5ac92a12d3a","SupertrendStrategy","BTC-USDT","Bybit Perpetual","long","37001.7","36975.9","0.5047437396806383","20.536851762129118","18676.376432541074","-33.55924024588738","-0.17968817648917657","151200.0","1700431200000.0","1700582400000.0"
"2e50a526-3b51-472f-bf33-b3f5f7cc05f5","SupertrendStrategy","BTC-USDT","Bybit Perpetual","short","35737.0","37297.0","0.5217140541821497","20.956575328226513","18644.495154307482","-834.8304998523801","-4.477624590760277","72000.0","1700611200000.0","1700683200000.0"
"83d2c21b-e249-4b4f-9fc7-d058ea81ae65","SupertrendStrategy","BTC-USDT","Bybit Perpetual","long","37618.3","37500.0","0.47454048108095576","19.60567082099096","17851.40617944772","-75.74380973286941","-0.42430164308329427","316800.0","1700690400000.0","1701007200000.0"
"916b4291-207a-4bcd-af0f-cd63837eeb4a","SupertrendStrategy","BTC-USDT","Bybit Perpetual","short","36743.2","37502.2","0.4838840808694261","19.759391925780587","17779.449560201494","-387.02740930567495","-2.176824473644103","86400.0","1701100800000.0","1701187200000.0"
"bfd66ffe-1160-4374-92b3-3ce0d56e7bb1","SupertrendStrategy","BTC-USDT","Bybit Perpetual","long","38202.5","37614.0","0.4557757613077966","19.005427653955913","17411.7735213611","-287.2294631835942","-1.6496278384922451","165600.0","1701194400000.0","1701360000000.0"
"6826191a-e4e6-4a51-b4ab-e66f5a9134f9","SupertrendStrategy","BTC-USDT","Bybit Perpetual","long","37927.3","38767.5","0.451888363562307","19.061618216156134","17138.905531336688","360.61498484889285","2.104072422766706","93600.0","1701396000000.0","1701489600000.0"
"ba71b616-0ab9-41fa-b311-eec6d5c0f1a7","SupertrendStrategy","BTC-USDT","Bybit Perpetual","long","38767.5","39664.1","0.450931573275118","19.45200663036661","17481.489766943138","384.85324196810353","2.2014899593731827","122400.0","1701489600000.0","1701612000000.0"
"cda3502e-0142-4a45-a076-e3f069678cb0","SupertrendStrategy","BTC-USDT","Bybit Perpetual","long","39664.1","40720.7","0.4499560143004086","19.893293320084517","17847.100346812837","455.53023138972657","2.552404718624647","50400.0","1701612000000.0","1701662400000.0"
"0f5bf04e-dae3-4635-8644-bca900672c8f","SupertrendStrategy","BTC-USDT","Bybit Perpetual","long","40720.7","42266.7","0.4489081490896049","20.489546072467274","18279.854066633074","673.5224524200619","3.6845067250808556","129600.0","1701662400000.0","1701792000000.0"
"caaba1a5-76f5-48d4-a506-b871c21130d0","SupertrendStrategy","BTC-USDT","Bybit Perpetual","long","42266.7","44081.7","0.4476266279702966","21.258513717446696","18919.700396432134","791.1838160486417","4.181798862934651","28800.0","1701792000000.0","1701820800000.0"
"85ffc31c-50c6-407c-b0a9-e26eca36ac73","SupertrendStrategy","BTC-USDT","Bybit Perpetual","long","44081.7","43239.2","0.44624696918853723","21.431677834498437","19671.32502167834","-397.39474937584106","-2.0201727587638407","158400.0","1701820800000.0","1701979200000.0"
"43026eb9-5016-43dc-bffd-c308ac7baa7d","SupertrendStrategy","BTC-USDT","Bybit Perpetual","long","43599.0","43625.1","0.4425284985841714","21.229532507345596","19293.80000977129","-9.679538694299366","-0.050169166724010776","158400.0","1702044000000.0","1702202400000.0"
"fe3ef053-3504-4c88-9681-521f2cabb9c6","SupertrendStrategy","BTC-USDT","Bybit Perpetual","short","40799.4","42138.1","0.47266882473790556","21.561083858435026","19284.604448011705","-654.3228395350678","-3.392980350201221","165600.0","1702324800000.0","1702490400000.0"
"1d8a6190-b5b8-490b-963d-309e74a2d22f","SupertrendStrategy","BTC-USDT","Bybit Perpetual","long","42746.8","41930.30000000001","0.43659403161063254","20.333234060753185","18662.99775045339","-376.81226087083144","-2.019033951079362","158400.0","1702497600000.0","1702656000000.0"
"a890de5c-dcda-42bf-bae4-81ebd107b063","SupertrendStrategy","BTC-USDT","Bybit Perpetual","long","42631.7","42314.5","0.429375936278077","20.06061978704563","18305.026102626096","-156.2586667744504","-0.8536380439907324","21600.0","1702742400000.0","1702764000000.0"
"9eb46c8a-8671-47fe-b53d-52cf798ea6ad","SupertrendStrategy","BTC-USDT","Bybit Perpetual","short","41396.5","42643.100000000006","0.4386018230814288","20.272956974068727","18156.580369190367","-567.0339896273805","-3.123021946299822","79200.0","1702857600000.0","1702936800000.0"
"954f4792-a13d-4447-b93c-0016ccc1b084","SupertrendStrategy","BTC-USDT","Bybit Perpetual","long","42643.1","44179.1","0.41314768576966404","19.728715051887008","17617.89807904436","614.866130290317","3.4900084421629765","230400.0","1702936800000.0","1703167200000.0"
"e4d94c1f-24f8-4c5b-b1b1-bcadedb06b96","SupertrendStrategy","BTC-USDT","Bybit Perpetual","long","44179.1","43543.19999999999","0.41200524462517707","19.878126218820746","18202.02090282016","-281.87226127597444","-1.5485767365111753","136800.0","1703167200000.0","1703304000000.0"
"cd11dfa2-84d7-431d-812b-7d13215e2b03","SupertrendStrategy","BTC-USDT","Bybit Perpetual","long","43778.3","43528.1","0.40966054539824504","19.67129309241654","17934.24225460799","-122.16836155105923","-0.6812016912488708","43200.0","1703354400000.0","1703397600000.0"
"6bdfa8d0-cd9b-444b-866e-08002aed6673","SupertrendStrategy","BTC-USDT","Bybit Perpetual","long","43790.9","43658.4","0.406892352318278","19.570348262072734","17818.182311134482","-73.48358494424457","-0.41240786327753026","14400.0","1703426400000.0","1703440800000.0"
"8a51dfd8-5edc-4f79-96bd-a0e68744fa59","SupertrendStrategy","BTC-USDT","Bybit Perpetual","short","42449.0","43009.6","0.4181105068538116","19.65212620855943","17748.37290543745","-254.04487635080562","-1.4313699498221362","108000.0","1703584800000.0","1703692800000.0"
"6308d1b8-51db-42f2-92ee-7075140962da","SupertrendStrategy","BTC-USDT","Bybit Perpetual","long","43461.4","42485.8","0.4028179090619303","19.041589266550147","17507.03027290418","-412.0307413473688","-2.3535159014665856","50400.0","1703728800000.0","1703779200000.0"
"0d4174f4-dffa-420a-bc09-85795661b474","SupertrendStrategy","BTC-USDT","Bybit Perpetual","short","42374.8","42567.00000000001","0.40390989617943157","18.869858490611726","17115.60106862418","-96.50134053630023","-0.5638209265884544","194400.0","1703815200000.0","1704009600000.0"
"24e78d08-4d80-4092-a361-f886916779d9","SupertrendStrategy","BTC-USDT","Bybit Perpetual","long","43556.2","44926.3","0.39084963323510075","19.020843969998644","17023.924795114694","516.4822385254151","3.0338611380239917","21600.0","1704139200000.0","1704160800000.0"
"9489727f-14e2-47c7-888d-0d52066daf05","SupertrendStrategy","BTC-USDT","Bybit Perpetual","long","44926.3","42545.7","0.3898514438472307","18.75559702291273","17514.58292171384","-946.8359442456324","-5.405986248589369","129600.0","1704160800000.0","1704290400000.0"
"e292fcb5-5cd1-4b5f-bfa0-2e4f27d096eb","SupertrendStrategy","BTC-USDT","Bybit Perpetual","short","42545.7","43950.0","0.390523337838618","18.578224209978263","16615.088774680487","-566.9901475367507","-3.4125014631325916","108000.0","1704290400000.0","1704398400000.0"
"20a21efa-e0ab-4104-a941-45671629facf","SupertrendStrategy","BTC-USDT","Bybit Perpetual","long","44915.9","47006.7","0.35792332190873555","18.095683292768364","16076.448134520575","730.2503981540143","4.542361546801902","21600.0","1704722400000.0","1704744000000.0"
"0103d943-dfc0-44e5-961a-a9dcae289ad3","SupertrendStrategy","BTC-USDT","Bybit Perpetual","long","47006.7","45666.9","0.35676161085051467","18.18431055062394","16770.186012766888","-496.17351676814195","-2.958664360612414","136800.0","1704744000000.0","1704880800000.0"
"315fbe8d-bb60-44b3-968f-710dcf935cef","SupertrendStrategy","BTC-USDT","Bybit Perpetual","long","46498.9","45997.0","0.3505205751498886","17.83194383685362","16298.821171837155","-193.75822050458322","-1.1887867132340797","115200.0","1704916800000.0","1705032000000.0"
"9fa7f281-febf-44bf-87d9-6d817c465bc6","SupertrendStrategy","BTC-USDT","Bybit Perpetual","short","43836.4","41734.9","0.36761118299764123","17.301331753005332","16114.7508623578","755.2335693165377","4.686597861594474","194400.0","1705082400000.0","1705276800000.0"
"686bb4e4-63bd-4b29-898d-22429953e10d","SupertrendStrategy","BTC-USDT","Bybit Perpetual","short","41734.9","42937.0","0.4033128809032371","18.78209735630294","16832.22275320851","-503.6045114900836","-2.991907360506431","122400.0","1705276800000.0","1705399200000.0"
"98ce91eb-3b30-4806-a6fa-95f4471d506b","SupertrendStrategy","BTC-USDT","Bybit Perpetual","short","42654.0","41014.2","0.3834059752260733","17.64338829902558","16353.79846729293","611.0657298766905","3.7365369953580037","129600.0","1705478400000.0","1705608000000.0"
"3555b81c-56bb-40da-bb16-234d9a315b52","SupertrendStrategy","BTC-USDT","Bybit Perpetual","short","41014.2","41691.8","0.4128889728600287","18.781617464148844","16934.310910675787","-298.5551854741067","-1.763019393283316","187200.0","1705608000000.0","1705795200000.0"
"f895974f-5ff7-41af-86ea-2f4ad5c8a7cd","SupertrendStrategy","BTC-USDT","Bybit Perpetual","short","41363.9","39812.5","0.4025414306792973","17.9722753063672","16650.683484475387","606.5305002494952","3.6426762950302103","64800.0","1705888800000.0","1705953600000.0"
"a76410bd-c0fb-4b9b-86af-ae5693677fb8","SupertrendStrategy","BTC-USDT","Bybit Perpetual","short","39812.5","40195.200000000004","0.4327004699456805","19.040653164100164","17226.887459712405","-184.635123012314","-1.0717845777080175","144000.0","1705953600000.0","1706097600000.0"
"f6ba4b01-3d54-4485-8e4a-163ce30163ec","SupertrendStrategy","BTC-USDT","Bybit Perpetual","short","39801.4","40057.0","0.4284141787186057","18.81685896738005","17051.484092850715","-128.31952304785506","-0.7525416693885103","36000.0","1706205600000.0","1706241600000.0"
"c78501bd-5ed5-4c8f-adf9-30930fd56f90","SupertrendStrategy","BTC-USDT","Bybit Perpetual","long","41899.2","43158.4","0.4040549830535011","18.902370919614313","16929.580545955254","489.88366374135603","2.8936550578531435","273600.0","1706292000000.0","1706565600000.0"
"55e73811-5c6e-408e-8663-95c37e8fd213","SupertrendStrategy","BTC-USDT","Bybit Perpetual","long","43158.4","42638.2","0.4030494649131928","19.019150546754183","17394.97002650954","-228.68548219459885","-1.3146644222214086","129600.0","1706565600000.0","1706695200000.0"
"cc854516-1268-4d30-afeb-eaf42d9ba41b","SupertrendStrategy","BTC-USDT","Bybit Perpetual","long","43705.0","42472.8","0.393037840485635","18.629125025391627","17177.718818424677","-502.9303520717899","-2.9278064065896285","14400.0","1706724000000.0","1706738400000.0"
"a222172c-639c-45d2-854c-786c1579cf43","SupertrendStrategy","BTC-USDT","Bybit Perpetual","short","41969.9","43206.3","0.3979026631932998","18.64051025137683","16699.934983956475","-510.6073630235733","-3.0575410234477602","64800.0","1706752800000.0","1706817600000.0"
"35008f41-35e6-4c69-96d6-57a62e6e7620","SupertrendStrategy","BTC-USDT","Bybit Perpetual","long","43434.7","42714.9","0.37331575880768325","17.688551812238114","16214.85798908408","-286.4012350020069","-1.7662888888377166","14400.0","1707141600000.0","1707156000000.0"
"763cfb4b-9304-4f92-b52a-0fa48d246a80","SupertrendStrategy","BTC-USDT","Bybit Perpetual","short","42368.5","42862.5","0.37628844107844683","17.639292066856406","15942.776815832174","-203.52578195960913","-1.2766018386301143","57600.0","1707170400000.0","1707228000000.0"
"b97475d3-a00e-4713-98a8-3589adad5a47","SupertrendStrategy","BTC-USDT","Bybit Perpetual","long","44174.7","45406.3","0.3565259599492594","17.565873610018034","15749.427322970549","421.5314986634919","2.6764877859951643","64800.0","1707343200000.0","1707408000000.0"
"df3ce2b2-09a4-40af-9b2b-220ed3992dea","SupertrendStrategy","BTC-USDT","Bybit Perpetual","long","45406.3","47155.9","0.35567492279046875","18.10712933607376","16149.882246700863","604.1817155781299","3.74109053149012","72000.0","1707408000000.0","1707480000000.0"
"eabe06ce-37ea-4251-beb5-7c3a7126ff00","SupertrendStrategy","BTC-USDT","Bybit Perpetual","long","47155.9","48517.1","0.3546503168532482","18.66175287036545","16723.85487650009","464.088258430275","2.7750076872671228","144000.0","1707480000000.0","1707624000000.0"
"554a0f85-d8f8-4006-9407-427f3485540e","SupertrendStrategy","BTC-USDT","Bybit Perpetual","long","48517.1","50237.69999999999","0.35378740118450713","19.21601222557267","17164.73872200885","589.5105902524873","3.4344279851845876","194400.0","1707624000000.0","1707818400000.0"
"d72fac63-68d0-42a6-98a8-92716212c7e6","SupertrendStrategy","BTC-USDT","Bybit Perpetual","long","50237.7","52379.9","0.35281817803658827","19.91294506656807","17724.77378274871","735.8941559234128","4.151783063317","151200.0","1707818400000.0","1707969600000.0"
"a429b859-068c-4feb-9e99-f7eef376a231","SupertrendStrategy","BTC-USDT","Bybit Perpetual","long","52379.9","51723.7","0.3517355556401588","20.13931567457746","18423.873230875954","-250.9481872856512","-1.3620816000030629","201600.0","1707969600000.0","1708171200000.0"
"a77560ad-d384-499e-a1d1-c450262d9779","SupertrendStrategy","BTC-USDT","Bybit Perpetual","long","52007.0","51813.80000000001","0.34967355265549993","19.966863386544873","18185.472452954586","-87.5237937595839","-0.4812841348279843","136800.0","1708250400000.0","1708387200000.0"
"d38b0516-1750-47de-8c15-a93f17a220b4","SupertrendStrategy","BTC-USDT","Bybit Perpetual","long","52325.8","51346.40000000001","0.34595409623709483","19.726202240751242","18102.324848882978","-358.5536440953599","-1.9807049486104258","21600.0","1708430400000.0","1708452000000.0"
"f876d5c1-84f1-4ef3-b109-a41be470c7ce","SupertrendStrategy","BTC-USDT","Bybit Perpetual","long","52052.09999999999","51599.9","0.34122924698508583","19.453001649673965","17761.698886992384","-173.75686713632632","-0.9782671592500397","36000.0","1708466400000.0","1708502400000.0"
"ae0cd483-967a-4b95-b096-7b794bf6d789","SupertrendStrategy","BTC-USDT","Bybit Perpetual","long","52872.3","54531.3","0.33281377702904685","19.659968780384318","17596.629863212875","532.4780873108043","3.026023116074011","14400.0","1708963200000.0","1708977600000.0"
"d29a5aaa-e46e-4f40-acc1-659263837a85","SupertrendStrategy","BTC-USDT","Bybit Perpetual","long","54531.3","56660.4","0.3319650191020228","20.301465147967516","18102.484046158137","686.4852570221487","3.7922157824955547","50400.0","1708977600000.0","1709028000000.0"
"065b7752-1192-4013-82e6-67eb0d666b5d","SupertrendStrategy","BTC-USDT","Bybit Perpetual","long","56660.4","59357.0","0.33100092904972744","21.12102695226362","18754.64504032918","871.4560783232309","4.6466146197344145","86400.0","1709028000000.0","1709114400000.0"
"1afe06e9-6bf9-4583-a45f-5f030b4d3a23","SupertrendStrategy","BTC-USDT","Bybit Perpetual","long","59357.0","62510.2","0.3299110183253238","22.11293262885075","19582.528314736246","1018.1624903545594","5.199341341375065","187200.0","1709114400000.0","1709301600000.0"
"26628fd2-d8f0-4bf0-8587-33b3116a2e7f","SupertrendStrategy","BTC-USDT","Bybit Perpetual","long","62510.2","61640.99999999999","0.32874287205245034","22.447602131216996","20549.78268057308","-308.1909065192083","-1.4997283003413915","151200.0","1709301600000.0","1709452800000.0"
"55e761fa-9f67-40a7-a04e-951115c10cd1","SupertrendStrategy","BTC-USDT","Bybit Perpetual","long","62450.00000000001","65383.700000000004","0.3243715183247371","22.80608624913792","20257.001319379833","928.8026370601424","4.585094419535624","72000.0","1709474400000.0","1709546400000.0"
"7f3dbc0f-31c8-4b99-995f-ad68084d8146","SupertrendStrategy","BTC-USDT","Bybit Perpetual","long","65383.700000000004","68296.4","0.32331244369142415","23.771241892152673","21139.36382458697","917.9409128478551","4.342329884971314","50400.0","1709546400000.0","1709596800000.0"
"ae436c77-1724-4acc-8053-640fbe69f084","SupertrendStrategy","BTC-USDT","Bybit Perpetual","long","68296.4","61510.2","0.32229235643156057","23.009621246902956","22011.407691792432","-2210.1500104627585","-10.040929873316893","72000.0","1709596800000.0","1709668800000.0"
"6f099e3e-c60b-46e3-a9ed-3f63c0cd6469","SupertrendStrategy","BTC-USDT","Bybit Perpetual","long","69402.2","68609.2","0.28690394802834507","21.77780854310553","19911.76518185281","-249.29263932958315","-1.2519866373112092","86400.0","1710050400000.0","1710136800000.0"
"ba1cb328-3383-4bbb-9e2e-ead66918cc8a","SupertrendStrategy","BTC-USDT","Bybit Perpetual","long","71223.8","70904.5","0.2762410482800652","21.593918820244976","19674.937174489707","-109.7976855360706","-0.5580586334904947","288000.0","1710144000000.0","1710432000000.0"
"75bd29be-3796-4dbd-8f18-af9588d90bac","SupertrendStrategy","BTC-USDT","Bybit Perpetual","short","66284.0","68575.5","0.29525419970476197","21.89980855979639","19570.629373230444","-698.4748071832585","-3.568995119485849","79200.0","1710626400000.0","1710705600000.0"
"44f59f13-ea84-4bc6-bcd7-536385f275e7","SupertrendStrategy","BTC-USDT","Bybit Perpetual","short","65899.1","67716.9","0.2869095072073267","21.084635393257795","18907.078306406347","-542.628737594733","-2.8699766764644563","158400.0","1710813600000.0","1710972000000.0"
"836c971a-af1a-4d45-8d5c-91b5f109cfd8","SupertrendStrategy","BTC-USDT","Bybit Perpetual","long","67716.9","65284.2","0.27159514103113636","19.86734888148795","18391.581005691354","-680.5768484679326","-3.7004803896811547","100800.0","1710972000000.0","1711072800000.0"
"d96dc469-2a7d-4acf-8f6b-c26be3fab162","SupertrendStrategy","BTC-USDT","Bybit Perpetual","long","66470.1","64268.00000000001","0.2669626343220006","19.196203170239233","17745.032999646814","-607.0746202107164","-3.4210960341567085","21600.0","1711087200000.0","1711108800000.0"
"c195fcf5-6cb5-4287-89d9-985ee7ee0a24","SupertrendStrategy","BTC-USDT","Bybit Perpetual","short","63097.2","65701.1","0.27209308987477465","19.274820079690002","17168.31211044663","-727.7780168046181","-4.239077272842549","100800.0","1711116000000.0","1711216800000.0"
"daec2bc4-5812-429b-bfe1-15aded6916ca","SupertrendStrategy","BTC-USDT","Bybit Perpetual","short","64020.3","65371.9","0.25737028715082944","18.315939217992657","16476.922994482247","-366.17761933105334","-2.2223665149960223","43200.0","1711238400000.0","1711281600000.0"
"c6edfb4a-123d-4b2f-8672-910678afccd2","SupertrendStrategy","BTC-USDT","Bybit Perpetual","long","67260.9","70605.8","0.23979837106131124","18.183115545979163","16129.054256117748","783.918455817003","4.860287797219498","64800.0","1711324800000.0","1711389600000.0"
"17871b43-44ad-4110-93c2-a0e4e25d06bd","SupertrendStrategy","BTC-USDT","Bybit Perpetual","long","70605.8","68732.2","0.23898570357030022","18.314884480243173","16873.776789143903","-466.07849868955907","-2.7621468774520026","172800.0","1711389600000.0","1711562400000.0"
"f575af74-8960-445f-a14e-e035da9b8c3c","SupertrendStrategy","BTC-USDT","Bybit Perpetual","long","70456.8","69802.3","0.2332067623762195","17.990153832641326","16431.002215388824","-170.623979807877","-1.038427100010219","93600.0","1711612800000.0","1711706400000.0"
"cab2d634-9666-4abb-9ffc-adc6e33ca401","SupertrendStrategy","BTC-USDT","Bybit Perpetual","long","70497.8","69240.1","0.23077187422261886","17.736167395613094","16268.90943457134","-307.97795360540016","-1.8930460879630244","7200.0","1711720800000.0","1711728000000.0"
"337e0715-3000-46e6-9a79-2d45197edc04","SupertrendStrategy","BTC-USDT","Bybit Perpetual","long","70213.4","69775.1","0.22753962033808667","17.519111577934034","15976.330378646213","-117.24972717211477","-0.7338964855711139","28800.0","1711807200000.0","1711836000000.0"
"1a2e65ef-5c82-4a4c-9b43-266779798619","SupertrendStrategy","BTC-USDT","Bybit Perpetual","long","70428.6","69637.0","0.22526279292549767","17.353362536832073","15864.943137832706","-195.67138941665732","-1.2333570168937131","93600.0","1711864800000.0","1711958400000.0"
"1ee768bf-5a93-4347-86e3-6b733f9289ea","SupertrendStrategy","BTC-USDT","Bybit Perpetual","short","68281.0","65268.8","0.22962544950845598","16.86653807122042","15679.055317886883","674.8112409381499","4.3039024179493515","79200.0","1711987200000.0","1712066400000.0"
"697032e7-9245-4d16-8a37-5d499a8e0bd6","SupertrendStrategy","BTC-USDT","Bybit Perpetual","short","65268.8","67231.5","0.25004482994597915","18.222058239710172","16320.125996778124","-508.98504597468275","-3.1187568409408435","172800.0","1712066400000.0","1712239200000.0"
"d1988e3b-9235-4c2b-97b2-efc9d9ae8a54","SupertrendStrategy","BTC-USDT","Bybit Perpetual","long","68847.4","72263.2","0.23002452094199896","17.85239399066092","15836.590203102178","767.8653646430198","4.848678628386843","316800.0","1712253600000.0","1712570400000.0"
"bd485145-5a91-4394-8964-745d292ea318","SupertrendStrategy","BTC-USDT","Bybit Perpetual","long","72263.2","69322.8","0.22924617647036177","17.851927027952954","16566.062299513047","-691.9273843214033","-4.176776422854225","108000.0","1712570400000.0","1712678400000.0"
"5cb118c2-7c1c-4ddc-9fec-a11f1e98cd59","SupertrendStrategy","BTC-USDT","Bybit Perpetual","short","68300.0","70681.7","0.23292432334418323","17.80472013634835","15908.731284407715","-572.5605810451889","-3.5990335797950177","36000.0","1712757600000.0","1712793600000.0"
"74b0c6a6-e195-4948-9035-feb79846d5ba","SupertrendStrategy","BTC-USDT","Bybit Perpetual","long","70900.5","69374.1","0.21670931421378956","16.719346802187506","15364.798732414787","-347.5044440181146","-2.26169213193136","129600.0","1712808000000.0","1712937600000.0"
"a9460e91-13a4-4318-80db-df0041f3be4b","SupertrendStrategy","BTC-USDT","Bybit Perpetual","short","68191.3","64779.1","0.220477825039229","16.124363522627966","15034.669510597578","736.1900710762302","4.896616254566204","93600.0","1712944800000.0","1713038400000.0"
"914762a5-bca3-4ded-b7ad-b57b1d97ea5d","SupertrendStrategy","BTC-USDT","Bybit Perpetual","short","64779.1","66224.8","0.2428877535828685","17.50058363987711","15734.050078119995","-368.64340899463116","-2.342965779086163","129600.0","1713038400000.0","1713168000000.0"
"ef514e36-2ebc-47a4-a403-ebbf7caa1201","SupertrendStrategy","BTC-USDT","Bybit Perpetual","short","63887.7","60272.0","0.24079500184816632","16.443369355032278","15383.838839575095","854.199118827382","5.552574540952323","165600.0","1713204000000.0","1713369600000.0"
"bac8f8cd-d472-40f6-9265-c046ccdd75e3","SupertrendStrategy","BTC-USDT","Bybit Perpetual","short","60272.0","63474.0","0.2687040085356568","18.288075432139365","16195.328002461107","-878.6783107633124","-5.425504877886913","86400.0","1713369600000.0","1713456000000.0"
"6567829c-332c-4fac-ba95-f41839dcdc8c","SupertrendStrategy","BTC-USDT","Bybit Perpetual","short","61757.1","64519.6","0.24872579196944095","17.27454971813313","15360.583607235962","-704.3795500337137","-4.585630129976958","14400.0","1713499200000.0","1713513600000.0"
"3dcd4633-d0a3-4eae-8c17-b30034b714c1","SupertrendStrategy","BTC-USDT","Bybit Perpetual","long","65677.6","64594.0","0.22369001051658302","16.027250565706655","14691.423034703934","-258.41774596147735","-1.758970151162658","216000.0","1713758400000.0","1713974400000.0"
"a123ce2f-8820-4cd9-a63e-875eeeada3b6","SupertrendStrategy","BTC-USDT","Bybit Perpetual","short","64594.0","63921.0","0.2236419199312712","15.807737736982025","14445.926176040532","134.7032743767635","0.9324654766696596","309600.0","1713974400000.0","1714284000000.0"
"75c1da21-43ac-4be5-979a-1deb26d0d14a","SupertrendStrategy","BTC-USDT","Bybit Perpetual","short","63088.3","63842.4","0.23100787763655792","16.127095387657455","14573.894286698458","-190.33013591338545","-1.3059662171908237","86400.0","1714348800000.0","1714435200000.0"
"10764b8c-18ca-47af-aef0-da9c27c1ec33","SupertrendStrategy","BTC-USDT","Bybit Perpetual","short","61659.0","57482.0","0.2334303290287021","15.29611755694473","14393.080657580742","959.7423667959439","6.6680816263643585","79200.0","1714471200000.0","1714550400000.0"
"a5732c07-a06d-4091-8607-a9cfd890a10c","SupertrendStrategy","BTC-USDT","Bybit Perpetual","short","57482.0","59324.4","0.26625440844154497","17.105120413802563","15304.835906036888","-507.6522425265054","-3.316940120385515","129600.0","1714550400000.0","1714680000000.0"
"e2f949f1-bd82-436f-a1f4-77e3be45bccd","SupertrendStrategy","BTC-USDT","Bybit Perpetual","long","62853.7","65133.7","0.2358264712441226","16.600549298140507","14822.566275636707","521.083805138459","3.5154763044975867","208800.0","1714780800000.0","1714989600000.0"
"ebba9db4-de97-4d3b-8cb7-a3d82892e96d","SupertrendStrategy","BTC-USDT","Bybit Perpetual","long","65133.7","63199.99999999999","0.23517159151895634","16.599242260983956","15317.595890518245","-471.3505487811908","-3.0771836008088043","36000.0","1714989600000.0","1715025600000.0"
"a40d4064-4728-4322-b8b0-35780a89ec37","SupertrendStrategy","BTC-USDT","Bybit Perpetual","long","64091.9","63472.4","0.23200767755638566","16.277743340158327","14869.812869176114","-160.00649958633926","-1.0760491809417416","7200.0","1715076000000.0","1715083200000.0"
"94a3d415-3b1e-4c5b-81f7-957b16897a27","SupertrendStrategy","BTC-USDT","Bybit Perpetual","short","63034.7","61033.0","0.23348737591468022","15.932532939823375","14717.806694569092","451.43914742859135","3.0672990670218105","144000.0","1715112000000.0","1715256000000.0"
"d390bc1a-a7f1-4b4b-a617-3ca87a23ce85","SupertrendStrategy","BTC-USDT","Bybit Perpetual","short","61033.0","63050.1","0.24817187234162263","16.93666438912404","15146.673884626254","-517.5241480894107","-3.4167511100552135","43200.0","1715256000000.0","1715299200000.0"
"84f1b3d8-a681-401e-b117-f0d29dbf9abe","SupertrendStrategy","BTC-USDT","Bybit Perpetual","long","63050.1","60368.4","0.23243461856430545","15.777702584203304","14655.025943941315","-639.0976191881006","-4.360944986605885","64800.0","1715299200000.0","1715364000000.0"
"5e2c927b-719e-4580-a122-4acc995384e9","SupertrendStrategy","BTC-USDT","Bybit Perpetual","short","60368.4","61585.0","0.23270259284182815","15.608379812232133","14047.883205712618","-298.71435426359994","-2.1264011800875933","172800.0","1715364000000.0","1715536800000.0"
"5dec17c4-f6a6-4858-b08d-a867f1fdc3dc","SupertrendStrategy","BTC-USDT","Bybit Perpetual","short","60837.8","62296.6","0.22624264140324268","15.322038546981897","13764.104569162198","-345.36480382603133","-2.50917015408183","7200.0","1715580000000.0","1715587200000.0"
"0baa8c47-44b5-4cf6-9324-e26e1b09e8e3","SupertrendStrategy","BTC-USDT","Bybit Perpetual","long","63028.3","61670.5","0.21317420913347604","14.620412438441427","13436.008005527468","-304.0683535998758","-2.2630855345931953","100800.0","1715594400000.0","1715695200000.0"
"41e0cde1-944c-4260-b447-f348c07b9287","SupertrendStrategy","BTC-USDT","Bybit Perpetual","long","62626.1","65004.4","0.20993073286708877","14.736460420656137","13147.143069607588","484.5418015571417","3.6855292362130214","28800.0","1715767200000.0","1715796000000.0"
"306d88a4-3fa1-4fc3-949e-8bc7ef298b06","SupertrendStrategy","BTC-USDT","Bybit Perpetual","long","65004.4","67170.0","0.2093313342033289","15.217533924738461","13607.457781086872","438.1104034259903","3.2196344862809263","165600.0","1715796000000.0","1715961600000.0"
"00515042-7a48-4abf-8f82-3634de622f05","SupertrendStrategy","BTC-USDT","Bybit Perpetual","long","67170.0","66002.9","0.20877866107401466","15.292012864339007","14023.662664341564","-258.95758820382275","-1.8465759937472175","187200.0","1715961600000.0","1716148800000.0"
"a0cba65d-0778-4470-9c2f-033944164803","SupertrendStrategy","BTC-USDT","Bybit Perpetual","long","68294.7","71466.5","0.201738245508772","15.507348603010323","13777.652955547932","624.3660185017134","4.531729899977602","21600.0","1716228000000.0","1716249600000.0"
"a7d366ad-a76b-4092-8344-88c4d421d8d4","SupertrendStrategy","BTC-USDT","Bybit Perpetual","long","71466.5","69219.1","0.20108443358950778","15.559326304610032","14370.800673124559","-467.47648235366864","-3.2529605899267406","172800.0","1716249600000.0","1716422400000.0"
"26c69c53-94c7-4980-9f07-7c12b25e6765","SupertrendStrategy","BTC-USDT","Bybit Perpetual","long","70019.5","68062.8","0.19889742164523558","15.105317394664155","13926.698014888572","-404.287902327896","-2.9029702654260556","7200.0","1716465600000.0","1716472800000.0"
"1416c670-8404-482e-ba75-5957e45fcab0","SupertrendStrategy","BTC-USDT","Bybit Perpetual","long","70421.5","68070.0","0.19230809493801","14.648170091559077","13542.62450767707","-466.8606553382895","-3.4473425374353","43200.0","1716825600000.0","1716868800000.0"
"8185365e-0fa3-44aa-a367-3427388c831a","SupertrendStrategy","BTC-USDT","Bybit Perpetual","long","69366.5","68118.8","0.1888390921425428","14.279429579219828","13099.106885105695","-249.89396484546992","-1.9077175798115762","72000.0","1717092000000.0","1717164000000.0"
"a097d86c-68be-49bc-9dfc-79f7b176edd4","SupertrendStrategy","BTC-USDT","Bybit Perpetual","long","68284.1","69830.1","0.18835581956125216","14.308037333725682","12861.7076185025","276.8900597079702","2.152825020758859","93600.0","1717329600000.0","1717423200000.0"
"311522c2-2a54-45e0-9b63-bf2714430e50","SupertrendStrategy","BTC-USDT","Bybit Perpetual","long","69830.1","71332.5","0.18795266189258025","14.592537536322654","13124.753175225069","267.78754169108885","2.0403244016548654","331200.0","1717423200000.0","1717754400000.0"
"efe89717-e194-44e2-9b20-e0769cf340ff","SupertrendStrategy","BTC-USDT","Bybit Perpetual","long","71332.5","69834.0","0.18756038747880144","14.562483891464424","13379.151339831604","-295.62172452844834","-2.209570076753233","28800.0","1717754400000.0","1717783200000.0"
"d1dc9cc2-b9a3-44be-9df6-dd7e99d11c61","SupertrendStrategy","BTC-USDT","Bybit Perpetual","long","70090.9","68741.4","0.18687605240522775","14.269437693686065","13098.310701529577","-266.4586704145409","-2.034297983047728","36000.0","1718035200000.0","1718071200000.0"
"053bc68b-2e6f-47e4-ad33-1272c5c4ab0e","SupertrendStrategy","BTC-USDT","Bybit Perpetual","short","68741.4","67104.9","0.18686228334941918","13.96150239141361","12845.174964635762","291.83862430991087","2.271970799256344","28800.0","1718071200000.0","1718100000000.0"
"c1100e16-49e8-4455-92aa-db70316338db","SupertrendStrategy","BTC-USDT","Bybit Perpetual","short","67104.9","69324.9","0.1955508712140273","14.673431437255527","13122.42165773018","-448.7963655323962","-3.4200727368642236","100800.0","1718100000000.0","1718200800000.0"
"74912c45-3d1b-4f0d-8e4e-99ba41958e69","SupertrendStrategy","BTC-USDT","Bybit Perpetual","long","69324.9","67471.1","0.18313859970190227","13.778945336651784","12696.065110474403","-353.28128146403606","-2.7826045187226938","50400.0","1718200800000.0","1718251200000.0"
"bdadd66a-87d8-4db1-b24c-569ecfff3f58","SupertrendStrategy","BTC-USDT","Bybit Perpetual","short","67471.1","65401.0","0.18319618167013088","13.38791375377049","12360.447893083568","365.8465019215685","2.9598158989552648","136800.0","1718251200000.0","1718388000000.0"
"1d0c31bf-431e-49df-a92d-a26ee9ad41c7","SupertrendStrategy","BTC-USDT","Bybit Perpetual","short","65401.0","66744.3","0.19430898717005946","14.122360671256013","12708.002069909058","-275.1376231367974","-2.1650737985657753","158400.0","1718388000000.0","1718546400000.0"
"e7093464-f380-44a0-97eb-96300f4ae6df","SupertrendStrategy","BTC-USDT","Bybit Perpetual","short","66334.2","66550.0","0.18763505594292387","13.713553865511876","12446.6213279291","-54.20519893799539","-0.43550131003313963","57600.0","1718604000000.0","1718661600000.0"
"b4510143-4e66-4d52-81e5-5bdd0b3e3e05","SupertrendStrategy","BTC-USDT","Bybit Perpetual","short","65103.8","65831.4","0.19039021361177083","13.710829383514966","12395.126388938006","-152.23874880743776","-1.2282145742644688","194400.0","1718676000000.0","1718870400000.0"
"e5fdec6d-adc5-4910-a17f-48e8626c4007","SupertrendStrategy","BTC-USDT","Bybit Perpetual","short","64948.0","64390.0","0.18862012036661546","13.417662020387523","12250.499577570941","91.83236514418391","0.7496213894192277","223200.0","1718906400000.0","1719129600000.0"
"762aaf6a-24f5-428e-814e-5ac19aa4a103","SupertrendStrategy","BTC-USDT","Bybit Perpetual","short","64273.9","63194.9","0.19195568223583626","13.457598257280852","12337.740324457916","193.66258287518644","1.5696762760622893","36000.0","1719151200000.0","1719187200000.0"
"9b6741b3-121c-459b-88c7-26c8798bcbd9","SupertrendStrategy","BTC-USDT","Bybit Perpetual","short","63194.9","61369.99999999999","0.19814446700903623","13.575015145193646","12521.719778189345","348.01882269959833","2.7793212822553857","36000.0","1719187200000.0","1719223200000.0"
"f3381a62-5138-4808-a9fd-b7d53d806beb","SupertrendStrategy","BTC-USDT","Bybit Perpetual","short","61370.0","59294.7","0.20942378458129315","13.898531976651501","12852.33765975396","420.71864816490677","3.2734795747107754","36000.0","1719223200000.0","1719259200000.0"
"bea54baa-6d41-4e66-a374-eef7f943e663","SupertrendStrategy","BTC-USDT","Bybit Perpetual","short","59294.7","61776.0","0.22349418034850707","14.882228273395999","13252.020375510621","-569.4383379721472","-4.296992623286741","72000.0","1719259200000.0","1719331200000.0"
"fcb61e76-d938-4fc6-87f6-c1bf9762fef9","SupertrendStrategy","BTC-USDT","Bybit Perpetual","short","61776.0","61777.8","0.2057603916478419","13.982363052668523","12711.053954437082","-14.352731757635237","-0.11291535547786019","28800.0","1719331200000.0","1719360000000.0"
"7c5dc553-412d-4891-bbd2-6f19f2fa7a80","SupertrendStrategy","BTC-USDT","Bybit Perpetual","short","61365.3","61570.5","0.20691529022537697","13.990513204848895","12697.418859267325","-56.449530759095644","-0.4445748493040808","108000.0","1719396000000.0","1719504000000.0"
"f46c490b-e47c-41cc-9991-b87fd3ba32c0","SupertrendStrategy","BTC-USDT","Bybit Perpetual","short","61039.9","61533.6","0.20713978569830857","13.964416687260394","12643.791805046185","-116.22932888651474","-0.9192600659568531","144000.0","1719590400000.0","1719734400000.0"
"429c94e5-1737-4bec-908a-2885700e6993","SupertrendStrategy","BTC-USDT","Bybit Perpetual","long","63631.9","61945.0","0.1969668349146261","13.603966492264782","12533.373942603997","-345.8673203097478","-2.7595707420334787","136800.0","1719799200000.0","1719936000000.0"
"28c0f289-46cf-42c8-a544-91ee749dc39c","SupertrendStrategy","BTC-USDT","Bybit Perpetual","short","61617.90000000001","59661.2","0.19807231321271473","13.212117534745884","12204.799988309736","374.3559777285754","3.0672848230790266","64800.0","1719972000000.0","1720036800000.0"
"a6c8bec7-c56e-4595-b39d-a3b54fe5465f","SupertrendStrategy","BTC-USDT","Bybit Perpetual","short","59661.2","55214.600000000006","0.21052942560913762","13.301604904714594","12560.43816715188","922.8385390088749","7.347184283923205","115200.0","1720036800000.0","1720152000000.0"
"32a59dc9-0c39-471b-aa29-040b7aab8764","SupertrendStrategy","BTC-USDT","Bybit Perpetual","short","55214.6","57285.4","0.2433619872137137","15.058022958848536","13437.134779210315","-519.0120260810075","-3.8625200581005803","129600.0","1720152000000.0","1720281600000.0"
"f3e33826-09e8-4957-831a-f57117fbcac7","SupertrendStrategy","BTC-USDT","Bybit Perpetual","short","55830.9","57139.49999999999","0.23184425388867738","14.405345954727991","12944.073354433358","-317.79673659344917","-2.4551524693314835","100800.0","1720396800000.0","1720497600000.0"
"de7621b7-e7c2-4efb-abb3-4375580b1ead","SupertrendStrategy","BTC-USDT","Bybit Perpetual","long","59174.0","61260.1","0.2136439391399868","14.151508541928496","12642.16645466958","431.5311128979977","3.4134269189170894","79200.0","1720915200000.0","1720994400000.0"
"faf297df-0e04-4525-9bda-5bfa24056a3b","SupertrendStrategy","BTC-USDT","Bybit Perpetual","long","61260.1","63309.899999999994","0.21306071997797385","14.597535638210912","13052.121011922676","422.13432817263896","3.2342201530849533","79200.0","1720994400000.0","1721073600000.0"
"fa713b17-071c-4e1e-8d8c-93a5f9838680","SupertrendStrategy","BTC-USDT","Bybit Perpetual","long","63309.9","63500.1","0.21249675996466091","14.820692772115258","13453.148623686686","25.596190973162628","0.19026171262313962","244800.0","1721073600000.0","1721318400000.0"
"188e911f-9bb2-4afe-a40d-c0f634483bf6","SupertrendStrategy","BTC-USDT","Bybit Perpetual","long","65104.0","66797.0","0.2070143924353525","15.017972957138488","13477.46500511119","335.4573934359133","2.489024407102482","93600.0","1721397600000.0","1721491200000.0"
"69967ce7-9c87-4fd4-99b6-ad53d4129ef9","SupertrendStrategy","BTC-USDT","Bybit Perpetual","long","66797.0","66399.9","0.20653846024335384","15.130655449353387","13796.149528875307","-97.1470780119904","-0.7041608081201338","223200.0","1721491200000.0","1721714400000.0"
"09d2e6b7-cd0a-404f-b812-8061884c17d6","SupertrendStrategy","BTC-USDT","Bybit Perpetual","long","66402.1","68193.5","0.20637690381424553","15.277582757261369","13703.859804763915","354.4260027355769","2.586322450645377","115200.0","1721959200000.0","1722074400000.0"
"620762f7-72ab-4a68-82a8-55749d523e0f","SupertrendStrategy","BTC-USDT","Bybit Perpetual","long","68193.5","67407.9","0.20589300310678751","15.355658709316605","14040.564507362715","-177.10520195001007","-1.261382345824757","86400.0","1722074400000.0","1722160800000.0"
"f5677599-765a-495c-91a8-6eeb5a41e4cd","SupertrendStrategy","BTC-USDT","Bybit Perpetual","long","67950.2","67624.3","0.20415413884742362","15.222952413443519","13872.314565510203","-81.75678626381769","-0.5893521652621982","7200.0","1722175200000.0","1722182400000.0"
"06589c7d-8b08-456a-92ec-2ec0495d53ec","SupertrendStrategy","BTC-USDT","Bybit Perpetual","long","67950.6","67276.6","0.2030099163003649","15.098854404442992","13794.645618559578","-151.92753799088894","-1.1013515112449337","93600.0","1722189600000.0","1722283200000.0"
"0d1db53e-aadb-4b9a-9eb7-f9f055785157","SupertrendStrategy","BTC-USDT","Bybit Perpetual","short","65229.8","62892.6","0.20926500552612814","14.746344109211442","13650.314457468234","474.34782680645617","3.4749956001704807","72000.0","1722456000000.0","1722528000000.0"
"51409b1e-041a-4923-9f50-10d111051b1d","SupertrendStrategy","BTC-USDT","Bybit Perpetual","short","62892.6","60216.7","0.22420674122129416","15.181064231869069","14100.944892934365","584.7737546021923","4.147053683581219","187200.0","1722528000000.0","1722715200000.0"
"3d56e28f-3b0d-4758-8f5c-009b984a4cd4","SupertrendStrategy","BTC-USDT","Bybit Perpetual","short","60216.7","54389.5","0.2433956022134466","15.342054786517089","14656.47995980645","1402.9727984316783","9.572372099434206","108000.0","1722715200000.0","1722823200000.0"
"1c93eb28-2ee1-4591-aa0a-d7b08724dfda","SupertrendStrategy","BTC-USDT","Bybit Perpetual","short","54389.5","56456.0","0.2939777736202124","17.92236231820059","15989.30411831654","-625.4274315043695","-3.911536279980511","144000.0","1722823200000.0","1722967200000.0"
"a4a54278-cb6f-48af-8836-f24f3ddd49a9","SupertrendStrategy","BTC-USDT","Bybit Perpetual","short","54739.9","57031.7","0.28124180092377576","17.289165341872543","15395.148058387393","-661.8391246989805","-4.299011105244977","28800.0","1723060800000.0","1723089600000.0"
"15c4e41b-7a47-4166-8a17-586ad4cf4481","SupertrendStrategy","BTC-USDT","Bybit Perpetual","long","61659.8","60237.8","0.23948181619018158","16.055742250473354","14766.40088992336","-356.5988848729116","-2.414934333228457","237600.0","1723161600000.0","1723399200000.0"
"5d65d6d4-1b5f-4771-8ca4-e38052cb0c48","SupertrendStrategy","BTC-USDT","Bybit Perpetual","short","59598.0","61134.1","0.24208248513866393","16.074919742205328","14427.631949294093","-387.93782516370663","-2.688853073928653","165600.0","1723406400000.0","1723572000000.0"
"a7bc3c63-3c5e-451e-adb0-52bdb3acbf5d","SupertrendStrategy","BTC-USDT","Bybit Perpetual","long","61134.1","59129.2","0.22997134194154445","15.211411868025198","14059.091015388572","-476.28095532662803","-3.3877080303791196","86400.0","1723572000000.0","1723658400000.0"
"a2778975-4cde-4be2-98d2-dbd056aa8489","SupertrendStrategy","BTC-USDT","Bybit Perpetual","short","59129.2","59649.2","0.23011683073385528","15.033099932200985","13606.624107828275","-134.69385191380573","-0.989913815847331","180000.0","1723658400000.0","1723838400000.0"
"138e3486-a203-478b-b5ad-d80a468da710","SupertrendStrategy","BTC-USDT","Bybit Perpetual","short","58390.0","59398.5","0.23083858449238157","14.954571835214487","13478.664948510159","-247.7552842957813","-1.8381292601472858","86400.0","1724025600000.0","1724112000000.0"
"26554d45-e4f9-4936-bd32-3cd944da7c91","SupertrendStrategy","BTC-USDT","Bybit Perpetual","long","60415.3","58982.9","0.21920436426582615","14.394933589016182","13243.297428429167","-328.3832649633859","-2.479618589992935","79200.0","1724119200000.0","1724198400000.0"
"1c755da9-b3ee-431f-9c19-07586607e09d","SupertrendStrategy","BTC-USDT","Bybit Perpetual","short","58982.9","59904.0","0.21923868318977113","14.335534072482702","12931.333326713951","-216.27628515858055","-1.672497952796486","50400.0","1724198400000.0","1724248800000.0"
"5d500a1b-13ca-4f77-b9e1-1c8fb561dbdf","SupertrendStrategy","BTC-USDT","Bybit Perpetual","long","61538.1","64350.1","0.2067966163370871","14.31828958822157","12725.870855813298","567.1937955516673","4.457013606204937","180000.0","1724270400000.0","1724450400000.0"
"ac7bcd89-ed83-49a7-8737-f318344c1273","SupertrendStrategy","BTC-USDT","Bybit Perpetual","long","64350.1","63493.0","0.20613340090516383","14.494003141892422","13264.704961587382","-191.17094105770803","-1.441200099145143","237600.0","1724450400000.0","1724688000000.0"
"9cabd7ea-7b4a-41d6-9376-4ac7dcf3ef0a","SupertrendStrategy","BTC-USDT","Bybit Perpetual","short","60379.6","60750.90000000001","0.21668067638047553","14.435651268667856","13083.09256758256","-94.88918640874063","-0.7252810137861301","151200.0","1724796000000.0","1724947200000.0"
"e3d66a66-b839-435a-930d-59ddec712b20","SupertrendStrategy","BTC-USDT","Bybit Perpetual","short","59237.0","57268.1","0.21933838378875126","14.054722185430766","12992.947840494258","417.8006216562419","3.2155953120515917","273600.0","1724961600000.0","1725235200000.0"
"a3bceb01-c311-4ace-9fef-37ff484887b3","SupertrendStrategy","BTC-USDT","Bybit Perpetual","short","57268.1","58492.8","0.23381006932424314","14.886335229720228","13389.858431067689","-301.2335271311218","-2.249714055468933","64800.0","1725235200000.0","1725300000000.0"
"64106c3b-bf11-48ce-98d6-1a599008d4f1","SupertrendStrategy","BTC-USDT","Bybit Perpetual","short","57695.1","57944.8","0.22711957480432696","14.44524670512819","13103.686580293124","-71.15700453376962","-0.5430304219942497","115200.0","1725379200000.0","1725494400000.0"
"62785906-bd06-41e8-ba0c-7935f3cf8da6","SupertrendStrategy","BTC-USDT","Bybit Perpetual","short","57104.1","54022.09999999999","0.2282863651819404","13.95272795096474","13036.087425986043","689.6258495397773","5.290129062536678","129600.0","1725508800000.0","1725638400000.0"
"2739d086-b8ee-4754-bf6c-ba986074c983","SupertrendStrategy","BTC-USDT","Bybit Perpetual","short","54022.1","55071.9","0.2534376113303413","15.20668752375974","13691.23198304883","-281.2654918983528","-2.054347572567529","208800.0","1725638400000.0","1725847200000.0"
"d48e98e8-2e6d-4cde-adf1-e21b837aecfc","SupertrendStrategy","BTC-USDT","Bybit Perpetual","long","57923.6","55714.0","0.2317540651089607","14.484786662074319","13424.029765745396","-526.5685689268336","-3.9225819527791757","64800.0","1725998400000.0","1726063200000.0"
"43488826-ed6f-4de5-879a-73ba5a5c6d95","SupertrendStrategy","BTC-USDT","Bybit Perpetual","long","57660.9","59623.5","0.2241343722568483","14.458105953236604","12923.789625264904","425.4280130380535","3.2918209393193627","165600.0","1726077600000.0","1726243200000.0"
"d40955b5-540f-4fb3-82f1-c77ef744888e","SupertrendStrategy","BTC-USDT","Bybit Perpetual","long","59623.5","59100.5","0.22353512017327154","14.596440984098322","13327.946237651056","-131.50530883471936","-0.9866884701501926","201600.0","1726243200000.0","1726444800000.0"
"57fb8aa0-32fc-4a19-a0db-1ac0ab3e21ac","SupertrendStrategy","BTC-USDT","Bybit Perpetual","short","57860.7","58937.0","0.22818625067201181","14.658396087562938","13203.016194258073","-260.2552576858499","-1.9711803261972343","79200.0","1726502400000.0","1726581600000.0"
"3d686a9a-e823-443c-ab11-9537d6fcbfa6","SupertrendStrategy","BTC-USDT","Bybit Perpetual","long","61103.0","63675.0","0.21203171201833812","14.551291129223308","12955.773699456515","530.7942721819423","4.096970852494968","180000.0","1726588800000.0","1726768800000.0"
"a19f9b16-bfac-4a36-8b9f-f31166255808","SupertrendStrategy","BTC-USDT","Bybit Perpetual","long","63675.00000000001","62670.1","0.21138638803344106","14.689198884098154","13460.02825802936","-227.1113802189049","-1.6873024028268686","230400.0","1726768800000.0","1726999200000.0"
"ad46f339-6426-410e-a99d-f0e5e572d9b1","SupertrendStrategy","BTC-USDT","Bybit Perpetual","long","63558.399999999994","62908.799999999996","0.2083795760563734","14.494249836570123","13244.272446821402","-149.85762244279","-1.131490031215384","93600.0","1727049600000.0","1727143200000.0"
"b13e33fa-2c8a-408b-b521-7355df50abcd","SupertrendStrategy","BTC-USDT","Bybit Perpetual","long","63527.8","63142.5","0.2062389647603215","14.368393345833645","13101.907705500753","-93.83226646798613","-0.7161725496554311","122400.0","1727164800000.0","1727287200000.0"
"7d258612-12c2-44c2-bccf-5eb18eba80ac","SupertrendStrategy","BTC-USDT","Bybit Perpetual","long","63774.6","65438.9","0.2040430994840605","14.500817669351008","13012.767052356165","325.0881128019714","2.4982243322576743","79200.0","1727344800000.0","1727424000000.0"
"a5fd609c-70b4-4ef1-8c7e-c2fb61c16a25","SupertrendStrategy","BTC-USDT","Bybit Perpetual","long","65438.9","64737.799999999996","0.20357311567764794","14.57526202419896","13321.600759518036","-157.3003734257991","-1.180791830241654","237600.0","1727424000000.0","1727661600000.0"
"8cf56c48-201a-40ce-8d19-860db683d56f","SupertrendStrategy","BTC-USDT","Bybit Perpetual","short","62838.9","60155.0","0.20961801375841288","14.179955362320472","13172.165404763531","548.4138317638842","4.163429587405257","108000.0","1727791200000.0","1727899200000.0"
"1eec48ef-f949-4844-a4f6-b4977e525170","SupertrendStrategy","BTC-USDT","Bybit Perpetual","short","60155.0","61310.1","0.2276312616563747","15.207089678119747","13693.15854493922","-278.14396001739783","-2.031262247527219","136800.0","1727899200000.0","1728036000000.0"
"abc71082-258a-424f-97fc-a1ad6373ca42","SupertrendStrategy","BTC-USDT","Bybit Perpetual","long","62690.4","62602.4","0.21421017863855857","14.761446188568858","13428.921782922693","-33.61194190876201","-0.2502951648099231","129600.0","1728230400000.0","1728360000000.0"
"0bc02140-8159-4fd8-b60f-0ca37e0764a1","SupertrendStrategy","BTC-USDT","Bybit Perpetual","short","61778.5","59589.0","0.2168552237122845","14.47554700014538","13396.990438109367","460.3289653179015","3.4360625055642338","100800.0","1728482400000.0","1728583200000.0"
"046a2da3-0acd-47cc-8152-68255952beaa","SupertrendStrategy","BTC-USDT","Bybit Perpetual","short","59589.0","61140.0","0.23216202579605924","15.415779066782841","13834.302955161374","-375.4990810764707","-2.714260937421336","64800.0","1728583200000.0","1728648000000.0"
"3d687ca8-883a-4b33-8969-a366eccbab53","SupertrendStrategy","BTC-USDT","Bybit Perpetual","short","61140.0","61649.9","0.22043799195516406","14.88715744360647","13477.57882813873","-127.28848954154495","-0.9444462626758283","7200.0","1728648000000.0","1728655200000.0"
"be2dac36-7093-45c3-b96d-68cd0165188c","SupertrendStrategy","BTC-USDT","Bybit Perpetual","long","62218.0","62195.3","0.21467509021624387","14.689640020880338","13356.65476307426","-19.56276456878845","-0.14646455205888503","172800.0","1728662400000.0","1728835200000.0"
"45955aa1-0202-43f8-b730-58c31c04acb6","SupertrendStrategy","BTC-USDT","Bybit Perpetual","long","62699.3","64599.6","0.21273076632010104","14.894215901788252","13338.070136733912","389.3580593362988","2.9191483876215454","43200.0","1728849600000.0","1728892800000.0"
"b7678693-cc0a-4b62-bf96-ad7c57f1b848","SupertrendStrategy","BTC-USDT","Bybit Perpetual","long","64599.6","67646.7","0.2121988416817348","15.434381422182364","13707.960293103395","631.1567090662314","4.604307975591178","108000.0","1728892800000.0","1729000800000.0"
"1ca855a4-f206-4a77-9b85-8c1b099441fc","SupertrendStrategy","BTC-USDT","Bybit Perpetual","long","67646.7","68605.0","0.21150417044314526","15.849791528982564","14307.559166716313","186.83465500668416","1.305845761877524","439200.0","1729000800000.0","1729440000000.0"
"cde758ab-6807-49eb-81df-1f6ee007b918","SupertrendStrategy","BTC-USDT","Bybit Perpetual","long","68605.0","67330.1","0.21113697382075158","15.78550910751169","14485.052088972663","-284.96403703158666","-1.9672972888273366","79200.0","1729440000000.0","1729519200000.0"
"9513f3e2-e4b0-44c1-87cf-bd950b328598","SupertrendStrategy","BTC-USDT","Bybit Perpetual","short","65713.6","67104.4","0.21630737402596498","15.80123204185934","14214.336253792653","-316.6415278371689","-2.2276209186530465","50400.0","1729706400000.0","1729756800000.0"
"99dbea73-f0bd-4280-9b4a-df239234fe00","SupertrendStrategy","BTC-USDT","Bybit Perpetual","long","67882.7","66825.8","0.20496425160383047","15.185734787946028","13913.526802347342","-231.81245230803324","-1.66609412265569","108000.0","1729778400000.0","1729886400000.0"
"2068de40-b740-477a-8ca1-01a6b47cd5b7","SupertrendStrategy","BTC-USDT","Bybit Perpetual","long","67590.6","69566.1","0.20259185408406954","15.282756584178879","13693.304972654712","384.93745115890056","2.811136186096883","108000.0","1730037600000.0","1730145600000.0"
"f5a22110-8a43-42d1-863d-0dbea755ccd7","SupertrendStrategy","BTC-USDT","Bybit Perpetual","long","69566.1","71280.0","0.2020954969626825","15.655399416115623","14058.995551255668","330.7160728282247","2.352344956810852","50400.0","1730145600000.0","1730196000000.0"
"96861cab-1a9f-4a31-af6a-ec9e13baac05","SupertrendStrategy","BTC-USDT","Bybit Perpetual","long","71280.0","70638.7","0.20164388075817172","15.73937058108511","14373.17582044248","-145.0535913113012","-1.0091965277777817","194400.0","1730196000000.0","1730390400000.0"
"06703b24-6fbe-4581-8fa1-5d466c78fd15","SupertrendStrategy","BTC-USDT","Bybit Perpetual","short","68367.5","68788.4","0.20821845041425743","15.70711392974507","14235.374908696745","-103.3462597091048","-0.7259820016820772","201600.0","1730606400000.0","1730808000000.0"
"f78aaacb-e9d1-4440-9400-de3bf700352b","SupertrendStrategy","BTC-USDT","Bybit Perpetual","long","69615.3","74367.1","0.20307598993286097","16.08165262710004","14137.195961973097","948.8948363358693","6.712044162705616","43200.0","1730822400000.0","1730865600000.0"
"aab4e0dc-bd8c-455b-ad1e-5f6b2e205dc6","SupertrendStrategy","BTC-USDT","Bybit Perpetual","long","74367.1","76894.4","0.20222176280226298","16.82360194576298","15038.646056492173","494.2514591843939","3.286542268019041","230400.0","1730865600000.0","1731096000000.0"
"54b6ce02-5bc5-42e8-bf04-3490ab85a61e","SupertrendStrategy","BTC-USDT","Bybit Perpetual","long","76894.4","79190.7","0.2016815911525072","17.313720227759013","15508.184942717347","445.80771753574385","2.874660827056331","122400.0","1731096000000.0","1731218400000.0"
"fd58340a-ec9f-4915-8e89-a7ac1c26bb05","SupertrendStrategy","BTC-USDT","Bybit Perpetual","long","79190.7","82168.7","0.20118148058264804","17.854387648860254","15931.702274376305","581.2640615262657","3.648474290541693","108000.0","1731218400000.0","1731326400000.0"
"9ded53d0-749a-4700-8b64-4733ee6f1ca1","SupertrendStrategy","BTC-USDT","Bybit Perpetual","long","82168.7","86181.0","0.20061048955169375","18.57499365308443","16483.903132826257","786.334473575177","4.770317243670648","28800.0","1731326400000.0","1731355200000.0"
"462a992d-f948-4c95-94ff-226783487b77","SupertrendStrategy","BTC-USDT","Bybit Perpetual","long","86181.0","92608.1","0.19993874383823204","19.66077743628243","17230.920882722676","1265.36552308642","7.343574563999032","158400.0","1731355200000.0","1731513600000.0"
"1b6a9940-743f-45ec-86cc-76689b84fefb","SupertrendStrategy","BTC-USDT","Bybit Perpetual","long","92608.1","87382.70000000001","0.19904326003508088","19.704275584577232","18433.018129654774","-1059.7849265718878","-5.749383628429905","115200.0","1731513600000.0","1731628800000.0"
"dbeab38e-ffc1-4c5d-b9a1-80f03e195609","SupertrendStrategy","BTC-USDT","Bybit Perpetual","long","90205.0","90099.50000000001","0.19318466215189267","19.157635154331267","17426.222449411478","-39.53861701135313","-0.22689149714537493","194400.0","1731679200000.0","1731873600000.0"
"c6c62471-8f47-45ff-bca5-5f2127cea450","SupertrendStrategy","BTC-USDT","Bybit Perpetual","long","90687.6","89553.6","0.19174242965136018","19.00793708620221","17388.660763250693","-236.44385231084468","-1.35975884244373","28800.0","1731909600000.0","1731938400000.0"
"1ea0ffc5-2c58-4ff8-893f-cbd50619f4f4","SupertrendStrategy","BTC-USDT","Bybit Perpetual","long","92407.8","95790.2","0.18574231940978345","19.225983165555334","17164.039103555388","609.028838006095","3.548283911098407","216000.0","1731945600000.0","1732161600000.0"
"cd06e810-71b1-4574-b87f-ee4ca6c738eb","SupertrendStrategy","BTC-USDT","Bybit Perpetual","long","95790.2","99252.59999999999","0.18522371286061803","19.869603370502023","17742.616499661173","621.4489800381008","3.5025779881449193","100800.0","1732161600000.0","1732262400000.0"
"b1fa55d6-05b6-4542-9d5a-a05afca47f23","SupertrendStrategy","BTC-USDT","Bybit Perpetual","long","99252.6","97562.4","0.18471045625703883","19.994583646526003","18332.993030697373","-332.19219681217515","-1.8119910712666585","129600.0","1732262400000.0","1732392000000.0"
"3bd8ecfe-0c38-4865-81d9-00eb502d5368","SupertrendStrategy","BTC-USDT","Bybit Perpetual","long","98490.1","98011.10000000002","0.18293625901208152","19.77095693066166","18017.41044372581","-107.39742499744605","-0.5960758086345587","7200.0","1732435200000.0","1732442400000.0"
"e62f311f-a315-4059-8f5f-d0047e31baa9","SupertrendStrategy","BTC-USDT","Bybit Perpetual","long","96284.2","96164.9","0.1860677337504828","19.694712344626023","17915.382889978235","-41.89259298105917","-0.23383587857613497","288000.0","1732730400000.0","1733018400000.0"
"bf472d4b-5aef-47bd-bf66-9e689ef92654","SupertrendStrategy","BTC-USDT","Bybit Perpetual","long","97087.0","96053.6","0.18411924280950312","19.558495565275216","17875.58492664623","-209.82732108461468","-1.1738207278008326","79200.0","1733047200000.0","1733126400000.0"
"e28b3379-3437-422d-880a-db83f3ceea76","SupertrendStrategy","BTC-USDT","Bybit Perpetual","long","97782.5","103084.8","0.18077108860599647","19.971050267491","17676.24897161585","938.5314928480846","5.309562534195795","21600.0","1733349600000.0","1733371200000.0"
"5d639a06-4334-4464-8e31-c7db848784b4","SupertrendStrategy","BTC-USDT","Bybit Perpetual","long","103084.8","98175.1","0.1801221313891236","19.938249183139035","18567.85388982153","-904.2838776643188","-4.870158301708882","79200.0","1733371200000.0","1733450400000.0"
"38f3d0e4-12bd-477a-8df5-eca882287a82","SupertrendStrategy","BTC-USDT","Bybit Perpetual","short","95687.9","98289.7","0.18506816646661103","19.74449332217653","17708.78420604043","-501.25484883500565","-2.830543548348331","72000.0","1733846400000.0","1733918400000.0"
"c77311f1-de10-4e20-b86b-234724525fd6","SupertrendStrategy","BTC-USDT","Bybit Perpetual","long","100352.7","102751.7","0.17172026362666049","19.182427611454088","17232.592099647172","392.7744848289044","2.2792536523680975","338400.0","1733932800000.0","1734271200000.0"
"0233d82a-7476-4842-b2fe-1837fb38b8ef","SupertrendStrategy","BTC-USDT","Bybit Perpetual","long","102751.7","106281.19999999998","0.17134244844839192","19.698914890747325","17605.72786023463","585.0542569078494","3.323090425754499","93600.0","1734271200000.0","1734364800000.0"
"2bd6aae6-8a9d-4a9d-a3d7-9b6bcce3ee7d","SupertrendStrategy","BTC-USDT","Bybit Perpetual","long","106281.2","104716.8","0.17088186249587967","19.830652172598093","18161.529404297085","-287.15823786115124","-1.5811346691606738","129600.0","1734364800000.0","1734494400000.0"
"9a93d484-df41-4f1c-ad53-a26100a57739","SupertrendStrategy","BTC-USDT","Bybit Perpetual","short","100181.1","94812.0","0.17856391153949192","19.150301862566216","17888.729078328994","939.5771955841208","5.252341803992974","122400.0","1734566400000.0","1734688800000.0"
"2aa06a48-5686-42c3-879d-9b7d93439372","SupertrendStrategy","BTC-USDT","Bybit Perpetual","short","94812.0","98514.7","0.19809019337355935","21.062867862999653","18781.32741413391","-754.5314268672772","-4.017455264101587","86400.0","1734688800000.0","1734775200000.0"
"d4b781b6-80a5-4abb-8bc9-b783bad0150d","SupertrendStrategy","BTC-USDT","Bybit Perpetual","short","97300.1","92997.7","0.1856578005429593","19.431649047890176","18064.522558609995","779.3424720081396","4.3142157202305125","194400.0","1734789600000.0","1734984000000.0"
"df2c1594-10b1-4131-8113-f959222a066f","SupertrendStrategy","BTC-USDT","Bybit Perpetual","short","92997.7","98243.5","0.20220820414932553","21.268796786249098","18804.89790701773","-1082.0125941127815","-5.753887096132488","72000.0","1734984000000.0","1735056000000.0"
"ca16f564-8c29-48bf-8c6f-3a803f5d2cc6","SupertrendStrategy","BTC-USDT","Bybit Perpetual","long","98742.7","95412.5","0.18003341961087338","19.224933525178177","17776.985942610587","-618.7722275133082","-3.4807488148490946","144000.0","1735063200000.0","1735207200000.0"
"581f3311-565a-491d-8351-a8dfc5608d4a","SupertrendStrategy","BTC-USDT","Bybit Perpetual","short","95412.5","93303.4","0.18015618840794387","18.699085479786085","17189.152326472944","361.26833149140936","2.1017227878946736","302400.0","1735207200000.0","1735509600000.0"
"6d683dd3-5388-4c0e-9a5e-b3d7abb91758","SupertrendStrategy","BTC-USDT","Bybit Perpetual","short","93303.4","95567.40000000001","0.18790694917216078","19.51957469863794","17532.357241389785","-444.94090762441266","-2.537827067395202","144000.0","1735509600000.0","1735653600000.0"
"a5506819-7616-4d6a-9b6b-4b168a70539f","SupertrendStrategy","BTC-USDT","Bybit Perpetual","long","96722.0","98475.39999999998","0.17689526042830583","18.9912221993605","17109.663379146597","291.17692743562736","1.701827329873224","302400.0","1735812000000.0","1736114400000.0"
"abde88a3-fda7-4458-8ba8-5365c793a511","SupertrendStrategy","BTC-USDT","Bybit Perpetual","long","98475.4","102104.50000000001","0.17655456550783694","19.47731340175796","17386.281460210444","621.2568602827366","3.5732589611212755","64800.0","1736114400000.0","1736179200000.0"
"055bc1d3-091e-4924-8a37-2fc025dfc6c4","SupertrendStrategy","BTC-USDT","Bybit Perpetual","long","102104.5","97915.3","0.17605958089485815","19.368471187270345","17976.475477479045","-756.9172674720096","-4.210598837465534","86400.0","1736179200000.0","1736265600000.0"
"f9018b1f-f9d2-4160-b974-c0145bc55551","SupertrendStrategy","BTC-USDT","Bybit Perpetual","short","97250.9","93176.4","0.1774523842286358","18.58547812397193","17257.404073380636","704.4442614156046","4.081982773424206","136800.0","1736272800000.0","1736409600000.0"
"cb0bdc33-6f05-44aa-8ff4-c9923c43fa97","SupertrendStrategy","BTC-USDT","Bybit Perpetual","short","93176.4","95030.50000000001","0.1923944917567695","19.915483978839433","17926.626121725458","-376.6341111450697","-2.1009759928479963","100800.0","1736409600000.0","1736510400000.0"
"492c4e69-8249-46d5-9f18-955d7f480177","SupertrendStrategy","BTC-USDT","Bybit Perpetual","short","93522.0","95759.2","0.1878576561251646","19.55685741930718","17568.823716137646","-439.8320057025249","-2.503480100938813","14400.0","1736517600000.0","1736532000000.0"
"7a57dc5f-d849-4aea-8ca9-40d2727b0562","SupertrendStrategy","BTC-USDT","Bybit Perpetual","short","94116.4","94891.50000000001","0.18223161224526488","18.943767889250495","17150.983310720247","-160.19149054055902","-0.934007617163449","14400.0","1736618400000.0","1736632800000.0"
"c9204abf-c431-45a9-b05e-f7e60ed5f202","SupertrendStrategy","BTC-USDT","Bybit Perpetual","short","93859.1","95035.6","0.1811097847167373","18.815873148122975","16998.80139470672","-231.89153486736444","-1.36416403417463","21600.0","1736676000000.0","1736697600000.0"
"cd18ad2d-914a-4399-ba30-2a74de7af893","SupertrendStrategy","BTC-USDT","Bybit Perpetual","short","94176.7","90827.5","0.1781598254831898","18.12817379211143","16778.50443658272","578.5647137161873","3.448249609510629","36000.0","1736733600000.0","1736769600000.0"
"48db0fd8-630c-4f55-a7ab-f40f3bf4175a","SupertrendStrategy","BTC-USDT","Bybit Perpetual","short","90827.5","94485.30000000002","0.19078077580703087","19.444765863035236","17328.140914613097","-717.2826876099962","-4.139409363904123","43200.0","1736769600000.0","1736812800000.0"
"08bba191-cdd2-4d0c-b116-a446726d8df1","SupertrendStrategy","BTC-USDT","Bybit Perpetual","long","97130.0","100459.99999999999","0.1713860018674313","18.625288059942164","16646.722361383603","552.0900981586016","3.3165093174096416","136800.0","1736848800000.0","1736985600000.0"
"76927c65-1216-4030-9858-026ba3ca9d9f","SupertrendStrategy","BTC-USDT","Bybit Perpetual","long","100460.0","103946.2","0.1709258207707971","19.216063628101836","17171.207954634276","576.6655327430506","3.3583282799124","144000.0","1736985600000.0","1737129600000.0"
"a346ba4b-00df-4ca0-af8f-58369cbe0f60","SupertrendStrategy","BTC-USDT","Bybit Perpetual","long","103946.20000000001","101311.5","0.17046356875710872","19.243928031281797","17719.040210740175","-468.3642926356381","-2.643282520188339","201600.0","1737129600000.0","1737331200000.0"
"bd9dd64c-2c59-41f6-88e2-a63107c1e256","SupertrendStrategy","BTC-USDT","Bybit Perpetual","long","108159.20000000001","102586.0","0.1597098918329307","18.51195120297014","17274.094132736318","-908.6071203662614","-5.259940772490931","43200.0","1737367200000.0","1737410400000.0"
"30af55b2-01d8-4454-8528-a3657bccab25","SupertrendStrategy","BTC-USDT","Bybit Perpetual","long","106146.5","104301.2","0.15460629760178973","17.895096854696693","16410.917368388375","-303.19009781927974","-1.8474902469699923","86400.0","1737482400000.0","1737568800000.0"
"fbda604e-d09f-4d57-b94f-e924c30bd135","SupertrendStrategy","BTC-USDT","Bybit Perpetual","long","105899.5","103025.2","0.15224705287050513","17.494493415769934","16122.886775460058","-455.0981974814633","-2.8226843233443057","14400.0","1737655200000.0","1737669600000.0"
"5ec246fc-edc3-4fc9-bde0-aacaefcb5270","SupertrendStrategy","BTC-USDT","Bybit Perpetual","long","105180.0","104324.0","0.1491780137654751","17.189364827757153","15690.54348785267","-144.88574461100384","-0.9233953223046207","100800.0","1737698400000.0","1737799200000.0"
"22518b0a-3706-41f9-b21d-cf21fd4dc8c6","SupertrendStrategy","BTC-USDT","Bybit Perpetual","long","104852.1","102560.1","0.14833181243363","16.921205150765605","15552.902030472216","-356.89771924864556","-2.2947339252146595","115200.0","1737820800000.0","1737936000000.0"
"3d070dde-0cfc-4b55-a00b-2cf1f5946ea0","SupertrendStrategy","BTC-USDT","Bybit Perpetual","short","101244.1","102753.8","0.15026899540008753","16.860007723200138","15213.849197186004","-243.72111007871186","-1.6019687517593588","108000.0","1737943200000.0","1738051200000.0"
"c64a737b-f3b3-42d8-8851-62d7a14c18bd","SupertrendStrategy","BTC-USDT","Bybit Perpetual","long","102753.8","100298.7","0.1458078839187575","16.283660442177432","14982.314142611227","-374.25659625111984","-2.4979892471130074","50400.0","1738051200000.0","1738101600000.0"
"e6bd031d-9fe7-456e-86c1-b0745b2c15bc","SupertrendStrategy","BTC-USDT","Bybit Perpetual","long","102723.2","102275.8","0.14239013558935726","16.05440947312546","14626.770376172663","-79.75975613580306","-0.5452998446310027","216000.0","1738137600000.0","1738353600000.0"
"fd1e4f79-dffc-4087-91e5-556d49c7e56b","SupertrendStrategy","BTC-USDT","Bybit Perpetual","short","102275.8","99160.8","0.14227215634435175","15.762350696771058","14550.99860784365","427.4154163158846","2.937361399275293","115200.0","1738353600000.0","1738468800000.0"
"5c4d3d6c-7687-4540-91f5-285cbe9ca462","SupertrendStrategy","BTC-USDT","Bybit Perpetual","short","99160.8","93408.4","0.15083625034634393","15.975528833107347","14957.043253343742","851.6949176592028","5.694273281377328","79200.0","1738468800000.0","1738548000000.0"
"131ef434-869f-43da-887d-a3977c6d8f4e","SupertrendStrategy","BTC-USDT","Bybit Perpetual","short","93408.4","99150.1","0.16878731918242884","17.875788150434346","15766.153425119985","-987.001938700188","-6.260258365414686","57600.0","1738548000000.0","1738605600000.0"
"1e4683ca-849e-4213-bcf7-61e1d749104f","SupertrendStrategy","BTC-USDT","Bybit Perpetual","short","99150.1","101831.9","0.14955609306853754","16.531945483405444","14828.501583354804","-417.61147587460766","-2.816275626550037","7200.0","1738605600000.0","1738612800000.0"
"cd3000ad-2d72-4f66-b35f-a852328bd70d","SupertrendStrategy","BTC-USDT","Bybit Perpetual","long","101831.9","96456.5","0.1417215104625754","15.455952355364035","14431.77068127393","-777.265759695891","-5.38579621906298","93600.0","1738612800000.0","1738706400000.0"
"ba4d4a32-c6bc-4bb2-92cb-a13574382cc9","SupertrendStrategy","BTC-USDT","Bybit Perpetual","short","95946.1","98787.9","0.1427193831699551","15.285773999219922","13693.36820956283","-420.8657170915967","-3.0735003298726977","64800.0","1738872000000.0","1738936800000.0"
"55865fbb-e1c6-45ea-86de-e42aada8a062","SupertrendStrategy","BTC-USDT","Bybit Perpetual","short","96840.1","97278.4","0.13727315211700336","14.655992108573486","13293.545778325817","-74.82281468145446","-0.5628506940822948","115200.0","1738958400000.0","1739073600000.0"
"68537855-2a2a-4c8b-aff9-044c96de6163","SupertrendStrategy","BTC-USDT","Bybit Perpetual","short","95835.5","97386.3","0.1379704191492551","14.662391004125446","13222.464104378436","-228.62691702079064","-1.7290795060285624","64800.0","1739109600000.0","1739174400000.0"
"590eb90d-4127-4c9c-bd1d-da3949d80234","SupertrendStrategy","BTC-USDT","Bybit Perpetual","short","96120.0","97610.0","0.13530241919692765","14.416675719061438","13005.268533208686","-216.01728032248363","-1.660998231377445","100800.0","1739296800000.0","1739397600000.0"
"bd957676-0586-4b87-90aa-00e693a40af0","SupertrendStrategy","BTC-USDT","Bybit Perpetual","short","96204.9","97094.9","0.133049897842026","14.145185253586233","12800.052116902327","-132.55959433298938","-1.0356176140716327","64800.0","1739440800000.0","1739505600000.0"
"164f193a-85fc-43f4-a55f-c3e547896e15","SupertrendStrategy","BTC-USDT","Bybit Perpetual","long","98487.8","96806.2","0.12868721305873404","13.822512322900824","12674.120502285987","-230.22292980246874","-1.816480518399239","158400.0","1739556000000.0","1739714400000.0"
"fa43dc64-040c-4571-8fdc-5e5f0c3de387","SupertrendStrategy","BTC-USDT","Bybit Perpetual","short","96067.0","96392.0","0.129653353586285","13.724125127824554","12455.40871897364","-55.861465043367176","-0.4484916256362747","216000.0","1739750400000.0","1739966400000.0"
"7f34e934-d8f9-48be-8d85-0cee8056072a","SupertrendStrategy","BTC-USDT","Bybit Perpetual","long","97505.8","95247.5","0.127195924008443","13.484588754547142","12402.340327182443","-300.73114394281436","-2.424793514847325","108000.0","1740060000000.0","1740168000000.0"
"e0436c5b-1058-4fe6-b9be-640a2f774e1c","SupertrendStrategy","BTC-USDT","Bybit Perpetual","short","95247.5","91514.5","0.12721221806805186","13.067124548954027","12116.64574043677","461.81608549908356","3.811418567416467","273600.0","1740168000000.0","1740441600000.0"
"e1db33fc-1f79-4005-8ca3-4aebbb46765b","SupertrendStrategy","BTC-USDT","Bybit Perpetual","short","91514.5","87206.9","0.13719542828361514","13.485867459046013","12555.371021660898","577.4971594154553","4.599602500150255","57600.0","1740441600000.0","1740499200000.0"
"825e4423-ab0b-4223-8f19-1e87e1b67cd8","SupertrendStrategy","BTC-USDT","Bybit Perpetual","short","87206.9","81606.8","0.1502632626902869","13.951573541850607","13103.993323105578","827.5377238500237","6.315156788052311","208800.0","1740499200000.0","1740708000000.0"
"895e1c2b-da0f-40cc-a8f0-9712db5a89e9","SupertrendStrategy","BTC-USDT","Bybit Perpetual","short","81606.8","84615.1","0.17020829343587912","15.560790261868146","13890.1541607631","-527.5983994050239","-3.7983624465118146","86400.0","1740708000000.0","1740794400000.0"
"af3b6ce0-d5ad-461b-9901-0d7b9f608b27","SupertrendStrategy","BTC-USDT","Bybit Perpetual","long","94039.9","85552.0","0.14237505230575884","14.063173385904836","13388.93568132833","-1222.5283798519542","-9.130885448623397","93600.0","1740938400000.0","1741032000000.0"
"a72cc8fc-d29c-4e90-a75a-a08fa1ee1f73","SupertrendStrategy","BTC-USDT","Bybit Perpetual","short","85324.8","86813.6","0.14330574136088184","13.567631565771816","12227.533720468971","-226.92121930385312","-1.8558216602910325","108000.0","1741039200000.0","1741147200000.0"
"4abe7fdf-945b-44a9-a4b1-872cdf5c5319","SupertrendStrategy","BTC-USDT","Bybit Perpetual","long","90566.1","88210.0","0.13263195127238897","13.041282641127257","12011.958562130307","-325.5354230340037","-2.7100944558725684","93600.0","1741219200000.0","1741312800000.0"
"f43a0e2e-a6f3-4ab7-bf14-246ebc7d6aa7","SupertrendStrategy","BTC-USDT","Bybit Perpetual","short","86958.5","83425.9","0.13457798731864057","12.6114942923718","11702.699910248006","462.79870370945866","3.9546318991243017","208800.0","1741320000000.0","1741528800000.0"
"2bc7ff56-1cdc-487d-9076-d6ff9cf7cff9","SupertrendStrategy","BTC-USDT","Bybit Perpetual","short","83425.9","78420.5","0.1455466309476073","12.95590903804936","12142.358678771992","715.5631975071034","5.893115303520842","100800.0","1741528800000.0","1741629600000.0"
"e0f0a1ec-1cf3-4711-aba3-d95e38a28b59","SupertrendStrategy","BTC-USDT","Bybit Perpetual","short","78420.5","83060.1","0.1635049982645321","14.521586872515583","12822.14371640374","-773.1193768206397","-6.029564119076014","93600.0","1741629600000.0","1741723200000.0"
"bb143d82-e2ab-4b9a-8227-a9b2e2eebcf6","SupertrendStrategy","BTC-USDT","Bybit Perpetual","short","80034.6","82735.1","0.15103068308486742","13.520770437085421","12087.680308424131","-421.3791301077699","-3.486021464466618","57600.0","1741888800000.0","1741946400000.0"
"83d45ce7-e70c-4402-a07c-8c2c8c70ef04","SupertrendStrategy","BTC-USDT","Bybit Perpetual","short","82367.9","84164.5","0.1418922922014735","12.996315178996968","11687.37013482175","-267.9200073481651","-2.292389171024156","108000.0","1742126400000.0","1742234400000.0"
"38d79e23-1a1f-48a3-b59b-61c91f88ed95","SupertrendStrategy","BTC-USDT","Bybit Perpetual","short","83107.6","83491.6","0.13756679446694395","12.60518484761651","11432.846127840992","-65.43083392292299","-0.5723057337716405","108000.0","1742270400000.0","1742378400000.0"
"91be3dad-11ee-466e-aa3d-55601800cf40","SupertrendStrategy","BTC-USDT","Bybit Perpetual","long","85382.5","84183.6","0.13317350552647456","12.419941575499006","11370.686835614213","-172.08165735118857","-1.5133796211167327","100800.0","1742414400000.0","1742515200000.0"
"d80abf29-ec24-48f8-bd1c-608c53922877","SupertrendStrategy","BTC-USDT","Bybit Perpetual","long","85036.7","86860.3","0.13179261731852937","12.460115546561784","11207.209261130585","227.87690139550915","2.033306384184718","57600.0","1742738400000.0","1742796000000.0"
"164c6140-13e5-45d3-a852-22030cb6a76a","SupertrendStrategy","BTC-USDT","Bybit Perpetual","long","86860.3","86696.9","0.13151799288577543","12.554242027181306","11423.69231745632","-34.04428206471816","-0.29801469716315593","208800.0","1742796000000.0","1743004800000.0"
"49f7de07-1f49-44ed-bc85-6caeca19996a","SupertrendStrategy","BTC-USDT","Bybit Perpetual","long","87277.7","86900.7","0.13051845144286384","12.503422273537645","11391.350249494837","-61.708878467497314","-0.5417169792512865","21600.0","1743055200000.0","1743076800000.0"
"255c4a1e-a03d-4751-b3f3-5c0dd9363ca1","SupertrendStrategy","BTC-USDT","Bybit Perpetual","long","87196.0","86746.8","0.1299684253285783","12.433889497284106","11332.726814950714","-70.8157061548811","-0.6248779072434482","7200.0","1743127200000.0","1743134400000.0"
"6df1b9b9-1291-4e91-85fa-31ac3cd19c78","SupertrendStrategy","BTC-USDT","Bybit Perpetual","short","85175.1","82255.1","0.13226226789406265","12.17958388127607","11265.451894103577","374.0262383693869","3.3201174873877455","100800.0","1743148800000.0","1743249600000.0"
"c5141d1e-e61d-4041-8376-ed103fd81bfd","SupertrendStrategy","BTC-USDT","Bybit Perpetual","short","82255.1","82929.9","0.14127728032127485","12.835288152428383","11620.776820554496","-108.169196913223","-0.9308258697636842","230400.0","1743249600000.0","1743480000000.0"
"05dd5b54-d116-4af3-ab8f-31e6c3535a19","SupertrendStrategy","BTC-USDT","Bybit Perpetual","long","85245.4","83712.0","0.1351159837772705","12.55586492459739","11518.016083486933","-219.74271444866318","-1.9078173954254356","122400.0","1743523200000.0","1743645600000.0"
"745a3e89-593a-40d6-9d6f-7247727dd9fd","SupertrendStrategy","BTC-USDT","Bybit Perpetual","short","83712.0","84532.3","0.13509724417957644","12.501137703407053","11309.260504760703","-123.321407103914","-1.0904462502389178","115200.0","1743645600000.0","1743760800000.0"
"19c5b490-3ba3-4107-ad8d-b6811f378c89","SupertrendStrategy","BTC-USDT","Bybit Perpetual","short","82633.7","84433.9","0.13544238207912734","12.445418541733549","11192.105168011985","-256.2687947605782","-2.289728258567627","21600.0","1743768000000.0","1743789600000.0"
"d8c11f08-b0fa-4460-bbae-7c77e5e74879","SupertrendStrategy","BTC-USDT","Bybit Perpetual","short","82714.1","79572.6","0.13236739338262082","11.814807102817056","10948.649812989437","404.0173592086863","3.690111256726483","108000.0","1743861600000.0","1743969600000.0"
"286e8a35-3cf2-42e3-b850-ba4dcd8755d6","SupertrendStrategy","BTC-USDT","Bybit Perpetual","short","79572.6","75084.1","0.14241668996913118","12.114132412551914","11332.466304237689","627.1231805138933","5.53386318280413","43200.0","1743969600000.0","1744012800000.0"
"37cc94cf-cf57-4c7a-b465-d1fc70457dc8","SupertrendStrategy","BTC-USDT","Bybit Perpetual","short","75084.1","80564.0","0.15886497042284436","13.599866941579558","11928.233325725889","-884.1640183617235","-7.41236354301376","64800.0","1744012800000.0","1744077600000.0"
"74370f37-47e8-499c-b40a-918929ea8b64","SupertrendStrategy","BTC-USDT","Bybit Perpetual","short","75040.0","82161.9","0.14776489216794045","12.775906991152446","11088.277508282252","-1065.1426925220067","-9.606024846748392","50400.0","1744171200000.0","1744221600000.0"
"04fec2b5-267f-4f9d-9109-6fe62c363e16","SupertrendStrategy","BTC-USDT","Bybit Perpetual","long","82291.4","79676.8","0.12244769137949223","10.907947691790529","10076.391950386345","-331.0596815726098","-3.2854982537664825","93600.0","1744228800000.0","1744322400000.0"
"ea28ee1f-7711-4d76-81e5-f5f332ec98ea","SupertrendStrategy","BTC-USDT","Bybit Perpetual","long","82388.0","85317.1","0.11848673657440847","10.928956503236659","9761.885252892365","336.1305435968639","3.4432953767539036","129600.0","1744365600000.0","1744495200000.0"
"f7983704-bf8d-4f4f-90a8-d19fb7aef178","SupertrendStrategy","BTC-USDT","Bybit Perpetual","long","85317.1","83713.7","0.11816164953226707","10.985126982367301","10081.209269309384","-200.44551584240534","-1.988308252390211","93600.0","1744495200000.0","1744588800000.0"
"73648948-ad74-4496-b4ce-9286cd258ed8","SupertrendStrategy","BTC-USDT","Bybit Perpetual","long","84200.7","83954.6","0.11746679100362707","10.863964914688717","9890.786029259101","-39.77254218068031","-0.4021171023518703","151200.0","1744596000000.0","1744747200000.0"
"f047b883-a1b2-45c0-ad0a-becca74ddc0d","SupertrendStrategy","BTC-USDT","Bybit Perpetual","long","85433.6","84499.99999999999","0.11532935653170948","10.779083007614297","9853.002114187455","-118.45057026562063","-1.2021774571129165","72000.0","1745071200000.0","1745143200000.0"
"7e9706c7-ec46-4796-a7a4-697c2056af38","SupertrendStrategy","BTC-USDT","Bybit Perpetual","long","87248.9","90180.6","0.11164007881400359","10.894533850161089","9740.474072435118","316.4006852088545","3.2483088898542114","129600.0","1745200800000.0","1745330400000.0"
"bd71f23e-06c2-4448-a9e1-c78bc16d9155","SupertrendStrategy","BTC-USDT","Bybit Perpetual","long","90180.6","93404.9","0.11134384472251822","11.24261347291823","10041.054723383528","347.763345065896","3.4634144982401844","36000.0","1745330400000.0","1745366400000.0"
"ac1aad3f-53ee-4c2f-b365-77bc635a4c8b","SupertrendStrategy","BTC-USDT","Bybit Perpetual","long","93404.9","93869.9","0.11103732139530291","11.43697068626259","10371.429901196128","40.19538376255326","0.38755874691798825","367200.0","1745366400000.0","1745733600000.0"
"689f8072-426a-43db-a635-86e281a023a1","SupertrendStrategy","BTC-USDT","Bybit Perpetual","long","94289.3","93697.1","0.11040081446962224","11.41461841806671","10409.615515770553","-76.79398074697669","-0.7377215866487472","7200.0","1745791200000.0","1745798400000.0"
"d32b988d-f44d-4f99-a1d7-0214f7960f91","SupertrendStrategy","BTC-USDT","Bybit Perpetual","long","95276.1","92978.1","0.10849164936496063","11.233204761834646","10336.661234060926","-260.5470150025142","-2.520610950700123","180000.0","1745841600000.0","1746021600000.0"
"7cf40289-56f9-4860-981a-620be9ee4d21","SupertrendStrategy","BTC-USDT","Bybit Perpetual","long","96793.9","95895.6","0.10423323752641994","11.046557732290903","10089.141569808538","-104.67927500227273","-1.0375439206396153","158400.0","1746115200000.0","1746273600000.0"
"34e9cbcf-983c-4149-974f-191885cfa456","SupertrendStrategy","BTC-USDT","Bybit Perpetual","long","96798.9","99741.1","0.10320051424712862","11.155665988571863","9989.696258556378","292.48088702933114","2.9278256261176643","122400.0","1746576000000.0","1746698400000.0"
"562ef7fb-effa-42b0-81a5-719516d223ee","SupertrendStrategy","BTC-USDT","Bybit Perpetual","long","99741.1","103228.1","0.10294204797454852","11.491735818065655","10267.553101234242","347.46718546918504","3.3841284485533043","50400.0","1746698400000.0","1746748800000.0"
"ab6b3ec3-4cad-48d1-84d7-84f0109b88b3","SupertrendStrategy","BTC-USDT","Bybit Perpetual","long","103228.1","102481.7","0.10266242357875391","11.615266642045414","10597.646927429967","-88.24249960122823","-0.832661252120313","316800.0","1746748800000.0","1747065600000.0"
"09667584-579c-406f-9d5b-651a14c3265d","SupertrendStrategy","BTC-USDT","Bybit Perpetual","long","104144.0","102778.4","0.10095460662936702","11.489373222142493","10513.8165528088","-149.35298403520667","-1.4205401367337587","36000.0","1747411200000.0","1747447200000.0"
"44ac195f-4058-4360-bc99-0328053bc0f9","SupertrendStrategy","BTC-USDT","Bybit Perpetual","long","103597.8","105484.2","0.10011729223955868","11.512998032817276","10371.931217975352","177.3482620478856","1.7098865999084865","36000.0","1747548000000.0","1747584000000.0"
"7a89fcd5-0416-4fe8-8f7c-e5586fd9a218","SupertrendStrategy","BTC-USDT","Bybit Perpetual","long","105484.2","103167.0","0.09992408405164795","11.467104025452464","10540.412066920842","-243.0111915899308","-2.305518892876845","57600.0","1747584000000.0","1747641600000.0"
"72547a4a-1014-4184-b112-9d263a9bbb26","SupertrendStrategy","BTC-USDT","Bybit Perpetual","long","106407.6","111755.9","0.09688735987758777","11.625507045159766","10309.551434910409","506.5571597881418","4.913474296008921","180000.0","1747706400000.0","1747886400000.0"
"e28b9cf3-66bc-41c3-bbeb-ea8d952df161","SupertrendStrategy","BTC-USDT","Bybit Perpetual","long","111755.89999999998","108892.4","0.09655669845358629","11.717789252068044","10790.780736709143","-288.207895273911","-2.670871573670818","129600.0","1747886400000.0","1748016000000.0"
"80a6232b-9a6b-447f-9f33-2e34569a7400","SupertrendStrategy","BTC-USDT","Bybit Perpetual","long","109500.1","108623.1","0.09604542129366937","11.522354050857817","10516.983236198927","-95.75418852540585","-0.9104720087013619","172800.0","1748224800000.0","1748397600000.0"
"10b060d5-e2ec-40e6-bb7b-97ad4e1097f8","SupertrendStrategy","BTC-USDT","Bybit Perpetual","short","105699.2","105006.3","0.09863855882636569","11.431027771233838","10426.016757099791","56.915629639554375","0.5459000399246109","252000.0","1748548800000.0","1748800800000.0"
"94a5dfd7-d606-4df2-aa70-23ba3c1f67bc","SupertrendStrategy","BTC-USDT","Bybit Perpetual","short","103764.3","105814.3","0.10099896212143644","11.641971595575026","10480.086605257367","-218.68984394451974","-2.086717907796805","36000.0","1748872800000.0","1748908800000.0"
"d3b630cc-2acc-453c-8fa1-f7a9aa556e36","SupertrendStrategy","BTC-USDT","Bybit Perpetual","long","106442.59999999999","104702.6","0.09650582805671859","11.207208301410802","10272.331253510074","-179.12734912009972","-1.7437847816569545","129600.0","1748916000000.0","1749045600000.0"
"df0da38c-8319-4360-aa88-84d5ad4e34cf","SupertrendStrategy","BTC-USDT","Bybit Perpetual","short","103201.0","105035.4","0.0978882013919049","11.211137663178896","10102.160271845978","-190.77725429648868","-1.8884797821726478","79200.0","1749146400000.0","1749225600000.0"
"aefd5f44-ccf1-4887-9994-7b142868167c","SupertrendStrategy","BTC-USDT","Bybit Perpetual","long","105550.5","107707.90000000001","0.09399218270178078","11.024542372519196","9920.921880264312","191.75419258830348","1.932826353262191","165600.0","1749304800000.0","1749470400000.0"
"5f552411-04d4-4964-ab8f-21e591cb56a4","SupertrendStrategy","BTC-USDT","Bybit Perpetual","long","107707.9","110227.9","0.0938008109268048","11.24340512349007","10103.088363223198","225.13463841205802","2.2283744367869023","43200.0","1749470400000.0","1749513600000.0"
"2ac5f7c5-fcdc-49f9-922f-0f2b0b90a73e","SupertrendStrategy","BTC-USDT","Bybit Perpetual","long","110227.9","108445.1","0.09359668713378967","11.256887601083953","10316.966269714654","-178.1210614232031","-1.7264868059719802","165600.0","1749513600000.0","1749679200000.0"
"5e1830f4-f0fc-408a-b893-92edc49c592f","SupertrendStrategy","BTC-USDT","Bybit Perpetual","short","105827.8","106030.99999999999","0.09588927731052342","11.173242973131096","10147.751261362611","-30.657944122627782","-0.30211564447147393","201600.0","1749765600000.0","1749967200000.0"
"fbf75df6-4415-4362-b476-d105ef6652b8","SupertrendStrategy","BTC-USDT","Bybit Perpetual","short","104882.0","105525.99999999999","0.09647628968217724","11.164660737696153","10118.626214446112","-73.29539129301689","-0.7243610915123525","21600.0","1749981600000.0","1750003200000.0"
"0c286009-bb9f-40ad-94ef-61e772f2d723","SupertrendStrategy","BTC-USDT","Bybit Perpetual","short","104744.8","105756.5","0.0959378946994767","11.107278354426626","10048.995592717747","-108.16764642188691","-1.076402566046235","14400.0","1750024800000.0","1750039200000.0"
"bda4737d-55d4-4185-bc7b-cebef24b94f6","SupertrendStrategy","BTC-USDT","Bybit Perpetual","long","106519.9","105592.90000000001","0.09337444297841957","10.893253001726105","9946.236328616955","-97.45136164271969","-0.9797812803053566","108000.0","1750053600000.0","1750161600000.0"
"c6921c32-0bb6-4f3a-b844-a28b9157a68c","SupertrendStrategy","BTC-USDT","Bybit Perpetual","short","105592.9","105763.5","0.09331742508309149","10.847779262557555","9853.65753505637","-26.767731981733505","-0.2716527531680689","244800.0","1750161600000.0","1750406400000.0"
"6be5011a-8ff0-45ef-a380-609584036f92","SupertrendStrategy","BTC-USDT","Bybit Perpetual","short","103216.6","98849.89999999998","0.09521945297242616","10.582363876729014","9828.228189673722","405.2124214179668","4.122944783106619","165600.0","1750442400000.0","1750608000000.0"
"0558f840-bfc8-4e94-ae46-3f589f3c6c21","SupertrendStrategy","BTC-USDT","Bybit Perpetual","short","98849.9","102306.1","0.10332008418845938","11.430900170257555","10213.17999002079","-368.52577514241204","-3.6083352638697783","79200.0","1750608000000.0","1750687200000.0"
"42034d9f-bea1-4075-84a9-b0922f3b88ac","SupertrendStrategy","BTC-USDT","Bybit Perpetual","short","102306.1","102435.60000000002","0.09640755051395275","10.856255181784409","9863.080503635501","-23.341032973342692","-0.23665053696701818","14400.0","1750687200000.0","1750701600000.0"
"bcb9a46a-4ca0-4d0f-8850-793b0c28995b","SupertrendStrategy","BTC-USDT","Bybit Perpetual","long","105290.9","107809.3","0.0934639795301477","10.95445600186871","9840.906522310828","224.4252300468561","2.280534110735124","187200.0","1750723200000.0","1750910400000.0"
"96479754-27cf-4b37-91ad-2c7941b506da","SupertrendStrategy","BTC-USDT","Bybit Perpetual","long","107809.3","106775.5","0.09325828561038185","11.006495811325667","10054.11049085534","-107.4169114753387","-1.0683880147631073","122400.0","1750910400000.0","1751032800000.0"
"b4220799-358c-4258-8672-65fd07f29574","SupertrendStrategy","BTC-USDT","Bybit Perpetual","long","107261.3","106809.20000000001","0.0927833657148829","10.924199819647313","9952.064424953769","-52.87155945934506","-0.5312622306460869","7200.0","1751040000000.0","1751047200000.0"
"1c2f64ee-f59a-4ba3-9e86-434e1276d1fc","SupertrendStrategy","BTC-USDT","Bybit Perpetual","long","107248.0","108448.29999999999","0.09232653703068953","10.952970836132996","9901.836443467391","99.86657156180259","1.008566159741896","115200.0","1751083200000.0","1751198400000.0"
"859641ea-5935-4423-a868-4262c50ad521","SupertrendStrategy","BTC-USDT","Bybit Perpetual","long","108448.3","107525.6","0.09217949646468508","10.94960094333284","9996.709686451108","-96.00362233129749","-0.9603522093015724","100800.0","1751198400000.0","1751299200000.0"
"73ddab94-fdad-4689-a5e1-07701706b13e","SupertrendStrategy","BTC-USDT","Bybit Perpetual","short","105908.3","107591.4","0.09352908360568885","10.982637210099218","9905.506245236376","-168.4014378268333","-1.700079063680553","64800.0","1751385600000.0","1751450400000.0"
"0aa59aa8-a3ec-46bf-b1f0-94d9fac26d85","SupertrendStrategy","BTC-USDT","Bybit Perpetual","long","107591.4","109894.7","0.09057903214662963","10.834824243839808","9745.524879300887","197.79586049949248","2.029607055024847","86400.0","1751450400000.0","1751536800000.0"
"7c80131d-0169-42d2-9c32-1c3b873e7b76","SupertrendStrategy","BTC-USDT","Bybit Perpetual","long","109894.7","107918.7","0.09039044600672648","10.828537704732835","9933.430946775405","-189.44005901402437","-1.9070959473022815","100800.0","1751536800000.0","1751637600000.0"
"d7d914e6-f5eb-4124-9746-121c3b03f6e3","SupertrendStrategy","BTC-USDT","Bybit Perpetual","long","108713.2","107900.0","0.08971737462159224","10.688682186810036","9753.46289071208","-83.64685122908858","-0.8576118263467519","100800.0","1751810400000.0","1751911200000.0"
"c146e5b9-3c1b-428d-8405-4dadfe4ce0a7","SupertrendStrategy","BTC-USDT","Bybit Perpetual","long","108977.6","111718.8","0.08877052148372185","10.77523398466904","9673.998382044447","232.56251950650903","2.4039958486881683","108000.0","1751983200000.0","1752091200000.0"
"bce712e9-4483-451d-ba0c-3f755cb09c89","SupertrendStrategy","BTC-USDT","Bybit Perpetual","long","111718.8","116459.4","0.08856998800180121","11.11535723994993","9894.93277557563","408.7595278813882","4.130998533818831","93600.0","1752091200000.0","1752184800000.0"
"9113dddc-3a9e-40e7-9032-8d229523ed38","SupertrendStrategy","BTC-USDT","Bybit Perpetual","long","116459.4","118550.0","0.08829904951479184","11.413108655872836","10283.254327062949","173.1848842597515","1.6841447148104884","230400.0","1752184800000.0","1752415200000.0"
"b790c510-5947-4ebb-ae8b-88ce91f2c10d","SupertrendStrategy","BTC-USDT","Bybit Perpetual","long","118550.0","122447.4","0.0881297340118913","11.681470217756555","10447.779967109713","331.79535512018805","3.1757498355124367","57600.0","1752415200000.0","1752472800000.0"
"33d0b461-d791-40c0-8f9a-87f9de87b649","SupertrendStrategy","BTC-USDT","Bybit Perpetual","long","122447.4","118491.30000000002","0.08789884925669218","11.64802895927186","10762.98555447389","-359.3846665036698","-3.3390797068782","72000.0","1752472800000.0","1752544800000.0"
"3beea664-84f9-4165-aea6-bb4c8d1d78d0","SupertrendStrategy","BTC-USDT","Bybit Perpetual","long","120254.8","117830.0","0.0866624045052289","11.348150684280586","10421.5701212954","-221.48714912855988","-2.125276196875304","64800.0","1752789600000.0","1752854400000.0"
"30ebaf21-bc5f-4335-a04f-51bcc3fb80d1","SupertrendStrategy","BTC-USDT","Bybit Perpetual","long","118669.3","117982.9","0.08604716914672345","11.199788535289326","10211.15732962327","-70.26256543760105","-0.6880960029257852","21600.0","1753027200000.0","1753048800000.0"
"36934f42-e0ae-4377-835a-3d12c7df907d","SupertrendStrategy","BTC-USDT","Bybit Perpetual","long","119352.2","116724.70000000001","0.08499556683879768","11.036019463175386","10144.407892457548","-234.36187133211504","-2.310256782028304","43200.0","1753084800000.0","1753128000000.0"
"b69459f6-0118-49c6-b254-4b9e639a7ede","SupertrendStrategy","BTC-USDT","Bybit Perpetual","short","115384.6","117288.1","0.08598863379248216","11.003964176594437","9921.764114692038","-174.68332860058422","-1.760607555081007","100800.0","1753416000000.0","1753516800000.0"
"a06fff4e-f3e5-48fe-9173-d19764538474","SupertrendStrategy","BTC-USDT","Bybit Perpetual","long","118580.8","117650.0","0.08227145501229104","10.689278399094636","9755.814952521481","-87.26754872453537","-0.8945182862655698","93600.0","1753632000000.0","1753725600000.0"
"01a58691-9888-4bab-ad3c-883b49f7cc52","SupertrendStrategy","BTC-USDT","Bybit Perpetual","short","116865.2","118319.99999999999","0.08276981326548173","10.706429297742735","9672.910781233175","-131.11995363636458","-1.3555377135366116","36000.0","1753905600000.0","1753941600000.0"
"0b4c907f-e21a-4705-a466-ef5718169d38","SupertrendStrategy","BTC-USDT","Bybit Perpetual","short","116718.89999999998","113278.5","0.08180634691792527","10.348385902041453","9548.346825278626","271.09817003438695","2.839215782533917","86400.0","1753992000000.0","1754078400000.0"
"679961be-38e4-4d9c-b196-264ce5381b22","SupertrendStrategy","BTC-USDT","Bybit Perpetual","short","113278.5","114068.9","0.08656444150312102","10.82411038950266","9805.890086811294","-79.24464495356902","-0.8081331144038757","165600.0","1754078400000.0","1754244000000.0"
"5c93730c-b5e8-4277-9d90-ae8275d4648c","SupertrendStrategy","BTC-USDT","Bybit Perpetual","short","112871.8","115366.3","0.08620937802095302","10.821945552926245","9730.607674105406","-225.87123902619356","-2.321244947808044","86400.0","1754409600000.0","1754496000000.0"
"d2c80bdc-e2e1-46bb-96c6-2975dba026f2","SupertrendStrategy","BTC-USDT","Bybit Perpetual","long","116469.1","118480.1","0.08170433185308827","10.558002072979686","9516.029997030524","153.74940928358083","1.6156885731923747","230400.0","1754568000000.0","1754798400000.0"
"29a8ab2f-3942-41a8-9a30-bf4b0650c8d8","SupertrendStrategy","BTC-USDT","Bybit Perpetual","long","118480.1","121700.1","0.08155033575975987","10.772726774065454","9662.091935849925","251.81935437236132","2.606261211798437","86400.0","1754798400000.0","1754884800000.0"
"b7528835-80d8-4211-acd9-1887bd54ebc6","SupertrendStrategy","BTC-USDT","Bybit Perpetual","long","121700.1","118671.3","0.08135835814846223","10.755922347416004","9901.320322503669","-257.1741175074786","-2.5973719577880403","64800.0","1754884800000.0","1754949600000.0"
"99982558-fc3f-4c22-aaca-3a257a361fd2","SupertrendStrategy","BTC-USDT","Bybit Perpetual","long","121777.3","118364.7","0.07930053393260947","10.473863850804587","9657.004910871563","-281.09486594922816","-2.9107872321031967","86400.0","1755093600000.0","1755180000000.0"
"c5587c01-057e-45d9-bdd8-7b4a91f67256","SupertrendStrategy","BTC-USDT","Bybit Perpetual","short","117721.9","118278.6","0.07976395885744111","10.353383794784543","9389.964788219797","-54.75797969072294","-0.5831542601674045","158400.0","1755266400000.0","1755424800000.0"
"270fb1fa-937a-429a-9127-02e0166a2bbe","SupertrendStrategy","BTC-USDT","Bybit Perpetual","short","117648.1","115264.9","0.07937182757319167","10.167701761555136","9337.94470751361","178.9912377108762","1.9168162086765634","21600.0","1755468000000.0","1755489600000.0"
"88c214dd-22c3-47fe-a87a-4f01c07b6cef","SupertrendStrategy","BTC-USDT","Bybit Perpetual","short","115264.9","112632.7","0.08248813284303325","10.339366126874651","9507.986383338943","206.78589714255725","2.1748653059170637","208800.0","1755489600000.0","1755698400000.0"
"2876fbca-2ef0-499b-9f7c-c5e869570f6b","SupertrendStrategy","BTC-USDT","Bybit Perpetual","short","112632.7","114684.0","0.08615999603689134","10.77208328411557","9704.432985624371","-187.51208315459104","-1.9322312126052228","43200.0","1755698400000.0","1755741600000.0"
"c44ed112-e6db-42fe-9fd2-7b45bc81bbd1","SupertrendStrategy","BTC-USDT","Bybit Perpetual","short","113912.1","116319.3","0.0836284864086213","10.589646928155823","9526.296506627512","-211.90013941098877","-2.224370606809985","129600.0","1755748800000.0","1755878400000.0"
"357c5781-879f-411e-9844-a7e4fb0ed0ea","SupertrendStrategy","BTC-USDT","Bybit Perpetual","long","116319.3","114823.3","0.08016718957376008","10.191528948024489","9324.991374187071","-130.12164455036958","-1.3954076666554907","151200.0","1755878400000.0","1756029600000.0"
"dd86d492-3cea-48e7-b21a-60d1f36ad05d","SupertrendStrategy","BTC-USDT","Bybit Perpetual","short","112556.4","111316.80000000002","0.08174902370601958","10.065778543668355","9201.375811864222","91.2703112423116","0.9919202639743068","208800.0","1756065600000.0","1756274400000.0"
"34b7233b-892a-43dd-8b13-42b533eb3c55","SupertrendStrategy","BTC-USDT","Bybit Perpetual","short","110688.0","111434.30000000002","0.08391228143560657","10.25133392289833","9288.08260754442","-72.87506955829298","-0.7846083270092671","21600.0","1756281600000.0","1756303200000.0"
"5155ca97-7797-4d06-beff-abbaa2698e82","SupertrendStrategy","BTC-USDT","Bybit Perpetual","short","109969.0","108208.4","0.08383136421595216","10.059559995699214","9218.851291464043","137.53393984290668","1.4918771926633925","230400.0","1756454400000.0","1756684800000.0"
"f496a091-b7c2-47a1-a89c-c9ef3eecbcb7","SupertrendStrategy","BTC-USDT","Bybit Perpetual","short","108208.4","109485.29999999999","0.08640279806664551","10.3451396408145","9349.508534314804","-120.67287249211364","-1.2906867997308842","36000.0","1756684800000.0","1756720800000.0"
"9093a48c-96e8-4a81-8ce1-96c131e5050c","SupertrendStrategy","BTC-USDT","Bybit Perpetual","long","112168.6","110764.1","0.08233025379158959","10.094758173194368","9234.869305447297","-125.72759962348195","-1.3614442767405495","64800.0","1756915200000.0","1756980000000.0"
"98fd0307-cfe2-4b84-8c96-eecdc7d2951c","SupertrendStrategy","BTC-USDT","Bybit Perpetual","short","109448.0","111524.2","0.08328546968245183","10.122075405070575","9115.428085804988","-183.03936755977682","-2.0080172410642474","50400.0","1757001600000.0","1757052000000.0"
"8c68f4b6-15f9-4f27-ba89-df989c9c8f27","SupertrendStrategy","BTC-USDT","Bybit Perpetual","long","112900.1","110614.9","0.07919869589684332","9.736153082360614","8941.5406866232","-190.72101294582788","-2.132977074422442","57600.0","1757059200000.0","1757116800000.0"
"3e00cdde-63a0-4e6c-a91d-babc019d7b46","SupertrendStrategy","BTC-USDT","Bybit Perpetual","short","109986.7","111249.5","0.07964922780958666","9.691710871440003","8760.355724324665","-110.27275574938628","-1.2587702967722487","57600.0","1757188800000.0","1757246400000.0"
"c09f8e5e-5594-4d31-81b5-bee3df8b6c0b","SupertrendStrategy","BTC-USDT","Bybit Perpetual","long","112059.9","110984.89999999998","0.07724080252046224","9.475487642508797","8655.596606362746","-92.50935035200683","-1.0687807502951678","115200.0","1757325600000.0","1757440800000.0"
"6b1bcb1b-b70c-47b1-88ac-b73e041cfe17","SupertrendStrategy","BTC-USDT","Bybit Perpetual","short","110984.9","112500.1","0.07719710270071281","9.488816973387841","8567.71272352834","-126.45786698550879","-1.4759816425477805","50400.0","1757440800000.0","1757491200000.0"
"d03a68f3-7b9d-4053-8f7a-ac9d1c864a17","SupertrendStrategy","BTC-USDT","Bybit Perpetual","long","113911.3","116561.09999999999","0.07415926031826611","9.400414489276557","8447.577749892107","187.10679350206414","2.214916500821243","194400.0","1757512800000.0","1757707200000.0"
"c963f48e-bd25-40e9-8a21-90466caecfea","SupertrendStrategy","BTC-USDT","Bybit Perpetual","long","116561.1","115162.19999999998","0.07399835111129759","9.4309281627377","8625.32920371907","-112.94722153233361","-1.309483022208973","158400.0","1757707200000.0","1757865600000.0"
"502ed0e3-a817-4fdd-b1e8-ddca44038ca3","SupertrendStrategy","BTC-USDT","Bybit Perpetual","long","116023.3","115210.0","0.07341654084363532","9.336991957622217","8518.029343263353","-69.04666462575103","-0.8105943504451285","7200.0","1757887200000.0","1757894400000.0"
"f5c75fd0-7f3a-4a4a-bebf-c4f885d67b80","SupertrendStrategy","BTC-USDT","Bybit Perpetual","long","116474.20000000001","114820.09999999999","0.07256916134104283","9.23165835567996","8452.43501186889","-129.2683081299004","-1.529361751357829","14400.0","1757916000000.0","1757930400000.0"
"656e0c3d-c7dc-4d52-890e-58e708d7aa0a","SupertrendStrategy","BTC-USDT","Bybit Perpetual","long","116758.0","115464.0","0.07134097979706305","9.111819755738466","8329.630119145488","-101.42704761313806","-1.2176656845783587","79200.0","1758052800000.0","1758132000000.0"
"b5c7c5d5-0322-4235-95d1-242083274488","SupertrendStrategy","BTC-USDT","Bybit Perpetual","long","116402.49999999999","116343.09999999999","0.07073107900528774","9.054291081953204","8233.274423913006","-13.255717174866884","-0.1610017654259953","129600.0","1758153600000.0","1758283200000.0"
"feba03cc-a6b4-4abc-86a2-421ae8d6639d","SupertrendStrategy","BTC-USDT","Bybit Perpetual","short","114211.8","112454.4","0.07197751451773707","8.973178335649163","8220.681492596883","117.52010567782258","1.4295664633601857","21600.0","1758506400000.0","1758528000000.0"
"654f2cad-4653-4d9f-83c6-b590d6a70d4c","SupertrendStrategy","BTC-USDT","Bybit Perpetual","short","112454.39999999998","113299.90000000001","0.07409514961611831","9.20001424924013","8332.325592990814","-71.84746324967031","-0.8622738327713536","201600.0","1758528000000.0","1758729600000.0"
"93b28ac1-5082-40de-9fa9-4c3576bb97e5","SupertrendStrategy","BTC-USDT","Bybit Perpetual","short","111690.39999999998","108793.9","0.07399087569660087","8.97260453889363","8264.070502903629","205.34196691630973","2.4847557489273795","43200.0","1758780000000.0","1758823200000.0"
"b9cb2641-686c-41fd-aaea-ff0ef2114618","SupertrendStrategy","BTC-USDT","Bybit Perpetual","short","108793.9","109990.0","0.07775385726106084","9.356210672390015","8459.145371474126","-102.35759934234534","-1.2100229378669263","252000.0","1758823200000.0","1759075200000.0"
"85283664-d2b5-4906-a47f-5871048bc231","SupertrendStrategy","BTC-USDT","Bybit Perpetual","long","113168.2","116372.39999999998","0.07388918134333583","9.32831186048196","8361.905652098898","227.42740299983342","2.7198035048714946","158400.0","1759154400000.0","1759312800000.0"
"f7eabe29-9270-4d1e-b319-7223a38de6f3","SupertrendStrategy","BTC-USDT","Bybit Perpetual","long","116372.4","118813.30000000002","0.07371130684723133","9.534714914329493","8577.961684948743","170.38721396907917","1.9863368504903425","86400.0","1759312800000.0","1759399200000.0"
"b5cf389d-bd23-4689-b676-8959932e2ad6","SupertrendStrategy","BTC-USDT","Bybit Perpetual","long","118813.3","122238.5","0.07355935352539966","9.752388015773665","8739.829538219368","242.20310967942504","2.7712566774931733","108000.0","1759399200000.0","1759507200000.0"
"8e05d771-8564-4e6a-a6a7-31a60e8dc515","SupertrendStrategy","BTC-USDT","Bybit Perpetual","long","122238.49999999999","125102.99999999999","0.07338050198926543","9.982523888027842","8969.922492414822","200.21592406022302","2.232080870593144","136800.0","1759507200000.0","1759644000000.0"
"abe7b4b9-9511-45a9-9592-a6b1fc79599d","SupertrendStrategy","BTC-USDT","Bybit Perpetual","long","125103.0","121788.29999999999","0.07322068711599268","9.942652845928375","9160.127620272033","-252.64726442931016","-2.7581194815472143","208800.0","1759644000000.0","1759852800000.0"
"90e3a83f-817d-4804-8c57-42540df04375","SupertrendStrategy","BTC-USDT","Bybit Perpetual","short","118965.3","111060.0","0.07498079455996152","9.486113869591435","8920.112719064191","583.2595613652726","6.538701692846571","36000.0","1760112000000.0","1760148000000.0"
"31098386-ba43-4981-9b43-deb8ad5c253a","SupertrendStrategy","BTC-USDT","Bybit Perpetual","short","111060.0","114822.0","0.08530712499875023","10.598139204932236","9474.209302361201","-331.5235434502306","-3.4992212317666125","158400.0","1760148000000.0","1760306400000.0"
"93bd2043-0206-41c1-abc1-0f656bb09d51","SupertrendStrategy","BTC-USDT","Bybit Perpetual","short","111665.2","105578.3","0.08202431855299129","9.80058752616172","9159.261936083483","489.47323707404047","5.344024884207429","259200.0","1760428800000.0","1760688000000.0"
"6f445a0c-c65f-4719-911d-391fd2a8a0ba","SupertrendStrategy","BTC-USDT","Bybit Perpetual","short","105578.3","107730.60000000002","0.09115757225967666","10.694596805960181","9624.261511303821","-206.89303958046384","-2.1497030118878757","187200.0","1760688000000.0","1760875200000.0"
"63ba84d7-18a7-4c43-8409-30052f7cdb88","SupertrendStrategy","BTC-USDT","Bybit Perpetual","short","107498.0","113355.2","0.08770128861655455","10.653010629299304","9427.71312370238","-524.3369983141823","-5.5616562726748375","36000.0","1761026400000.0","1761062400000.0"
"89283316-2240-4973-91fb-96ace74b059f","SupertrendStrategy","BTC-USDT","Bybit Perpetual","long","113355.20000000001","108253.7","0.07877532724836538","9.601522490257654","8929.592975303907","-411.47385444779474","-4.6079799559261625","28800.0","1761062400000.0","1761091200000.0"
"87476d7a-a483-4315-9378-8a4bc0a967ab","SupertrendStrategy","BTC-USDT","Bybit Perpetual","short","107501.7","109388.2","0.07942844451370074","9.474975063252655","8538.692813578502","-159.3167356383491","-1.8658211405028946","79200.0","1761134400000.0","1761213600000.0"
"1cc3b571-c7ec-4965-93f6-2ccf59393d69","SupertrendStrategy","BTC-USDT","Bybit Perpetual","long","111445.4","113669.4","0.07525965104636055","9.318133711354186","8387.34191472207","158.0593302157517","1.8844984718974493","108000.0","1761379200000.0","1761487200000.0"
"f3d312c1-3b22-47b1-9b23-79753498178f","SupertrendStrategy","BTC-USDT","Bybit Perpetual","long","113669.4","112935.5","0.07510814940896171","9.360931077301554","8537.498278427032","-64.48280192853812","-0.7552891939255368","201600.0","1761487200000.0","1761688800000.0"
"07c2b036-efef-4d3d-a3ad-9b03c3be4edf","SupertrendStrategy","BTC-USDT","Bybit Perpetual","short","111460.6","107446.3","0.07604695844625745","9.155962160344469","8476.239616594923","296.11934313046703","3.493522558644044","93600.0","1761753600000.0","1761847200000.0"
"929b7f7b-f6cf-4776-9790-12d21eee3300","SupertrendStrategy","BTC-USDT","Bybit Perpetual","short","107446.29999999999","110194.6","0.08150632448552315","9.756510399196713","8757.552992568866","-233.76034198276142","-2.6692426775049656","122400.0","1761847200000.0","1761969600000.0"
"49d6db13-e802-4ff5-8b3c-79c0a3f3d02d","SupertrendStrategy","BTC-USDT","Bybit Perpetual","short","107886.0","103822.3","0.07911573946281487","9.212202287703498","8535.480667685246","312.29042816733704","3.658732768848596","108000.0","1762142400000.0","1762250400000.0"
"88e36f13-89df-4975-83af-ae3250809ef7","SupertrendStrategy","BTC-USDT","Bybit Perpetual","short","103822.3","103598.3","0.0850699375225189","9.704891615585861","8832.156574444214","9.350774389458373","0.10587192732197226","151200.0","1762250400000.0","1762401600000.0"
"70564efc-59c6-4d7b-814d-75b20d18fb07","SupertrendStrategy","BTC-USDT","Bybit Perpetual","short","103103.5","103844.89999999998","0.08574917253162308","9.76010973120884","8841.0398101142","-73.33454624615244","-0.8294787470842209","144000.0","1762408800000.0","1762552800000.0"
"114af17a-f4b9-4b75-9384-f6d26aca1433","SupertrendStrategy","BTC-USDT","Bybit Perpetual","short","103417.2","104993.8","0.08481540779657885","9.722055174861039","8771.371991180355","-143.44202710694773","-1.6353431054022014","79200.0","1762876800000.0","1762956000000.0"
"f1828216-332e-4082-b62a-821395e082a2","SupertrendStrategy","BTC-USDT","Bybit Perpetual","short","102124.9","97491.90000000001","0.08455432578566789","9.283155166720881","8635.102065428755","382.45703619827725","4.429096880388609","136800.0","1762963200000.0","1763100000000.0"
"54801655-ffa8-46b4-aa98-9e7c70002b13","SupertrendStrategy","BTC-USDT","Bybit Perpetual","short","97491.9","94531.3","0.09229932178793439","9.747986120151886","8998.43624981712","263.5133859652058","2.928435326421981","208800.0","1763100000000.0","1763308800000.0"
"0967e95b-8320-423a-8b8c-b3f25cabe223","SupertrendStrategy","BTC-USDT","Bybit Perpetual","short","94531.3","90185.9","0.09783821830953411","9.939820956519231","9248.773966484063","415.2063728857312","4.48931257689253","136800.0","1763308800000.0","1763445600000.0"
"4ea8c05f-2560-4692-8cd1-20e8c4d3aa6b","SupertrendStrategy","BTC-USDT","Bybit Perpetual","short","90185.9","92581.7","0.10692602746910003","10.748437379933819","9643.220020725508","-266.92181399040396","-2.7679739072294036","172800.0","1763445600000.0","1763618400000.0"
"d2c6e9c1-31b5-4c91-bd73-5c5190c1b8f7","SupertrendStrategy","BTC-USDT","Bybit Perpetual","short","89835.4","84006.70000000001","0.1045205375323606","9.993538355764912","9389.644297434626","599.2253187591034","6.381768039102606","57600.0","1763654400000.0","1763712000000.0"
"eb1e5bb0-aaa3-4887-9f4d-e9e6dbac746a","SupertrendStrategy","BTC-USDT","Bybit Perpetual","short","84006.7","86261.0","0.11854897704892323","11.101783912710122","9958.908350255779","-278.3467428740981","-2.79495234903883","158400.0","1763712000000.0","1763870400000.0"
"d548153f-3cc5-4729-a0aa-7a6d8b33ce05","SupertrendStrategy","BTC-USDT","Bybit Perpetual","long","92329.2","90712.5","0.10499905711871634","10.570563252373818","9694.478944525385","-180.32253889620222","-1.86005395367879","57600.0","1764338400000.0","1764396000000.0"
"1af79cc7-b6fe-444e-a26e-d8fd6b8bc97c","SupertrendStrategy","BTC-USDT","Bybit Perpetual","short","87134.0","90809.2","0.10929341626201017","10.69641112572677","9523.172532573994","-412.37157457186623","-4.330191153854979","136800.0","1764554400000.0","1764691200000.0"
"5227cb2e-d039-4697-8d09-3779b870209f","SupertrendStrategy","BTC-USDT","Bybit Perpetual","long","91417.5","92104.89999999998","0.09988699687401995","10.08232576731195","9131.419536730718","58.57999588388733","0.6415212404626901","208800.0","1764698400000.0","1764907200000.0"
"0781acaf-9176-46f2-afc9-390e1a7a6ce1","SupertrendStrategy","BTC-USDT","Bybit Perpetual","short","90433.6","91379.7","0.10158912763420247","10.15863999661255","9187.070532820413","-106.27211365133061","-1.1567573501441843","194400.0","1764943200000.0","1765137600000.0"
"e0f93980-d4ec-42d3-95ed-51a09111a262","SupertrendStrategy","BTC-USDT","Bybit Perpetual","long","91379.7","90364.0","0.09943250005035748","9.939176752671184","9086.11202485165","-110.93276705381899","-1.2209046812366393","115200.0","1765137600000.0","1765252800000.0"
"baca6426-2d4c-4e4c-a5ff-a963f0144a71","SupertrendStrategy","BTC-USDT","Bybit Perpetual","long","92676.9","90637.0","0.09690360700617437","9.770077968403031","8980.725896150521","-207.44374590029756","-2.3098772671507075","122400.0","1765296000000.0","1765418400000.0"
"d27d84ae-614c-47ec-bce2-a9924fd5e0c3","SupertrendStrategy","BTC-USDT","Bybit Perpetual","short","89833.1","92477.5","0.0977774822147431","9.804229296982529","8783.654337545238","-268.36700326564863","-3.0553001399261457","72000.0","1765425600000.0","1765497600000.0"
"ce7fc858-eec9-4a42-b7f0-12ea18ed14a9","SupertrendStrategy","BTC-USDT","Bybit Perpetual","long","92477.5","90043.5","0.09222465664018678","9.258115105042943","8528.705684442873","-233.73292936725758","-2.740543970154903","64800.0","1765497600000.0","1765562400000.0"
"32b00013-fc58-4ed7-b14f-ee4e941ab056","SupertrendStrategy","BTC-USDT","Bybit Perpetual","short","90043.5","88118.8","0.09225162728618921","9.039669152827626","8306.659401543979","168.51703788490047","2.0286980570502","194400.0","1765562400000.0","1765756800000.0"
"8b8233bf-589d-4320-96ea-35066bdfc806","SupertrendStrategy","BTC-USDT","Bybit Perpetual","short","88118.8","87268.1","0.09608336231921714","9.26846968230937","8466.750587534632","72.46964664264837","0.8559322244515324","302400.0","1765756800000.0","1766059200000.0"
"0ca1f2b9-0f75-49e4-aaad-00414d5a1fea","SupertrendStrategy","BTC-USDT","Bybit Perpetual","short","84447.0","87909.7","0.1010763763288826","9.581654869602376","8535.596751845149","-359.57882318362385","-4.212696940092599","43200.0","1766088000000.0","1766131200000.0"
"e867ae0f-6d17-4ed8-b633-eedfbe4b30d8","SupertrendStrategy","BTC-USDT","Bybit Perpetual","long","89127.7","88470.9","0.09193546865700233","8.980185788105121","8193.996869820707","-69.36340160202452","-0.846514865748811","64800.0","1766390400000.0","1766455200000.0"
"ad68ae7b-ac14-4427-9b04-a4189570712e","SupertrendStrategy","BTC-USDT","Bybit Perpetual","short","88470.9","87811.6","0.09187316550751472","8.907597214218155","8128.101638298784","51.664380804885226","0.6356266580310456","180000.0","1766455200000.0","1766635200000.0"
"f12144de-743e-4949-93f1-1dee20855b89","SupertrendStrategy","BTC-USDT","Bybit Perpetual","short","87386.6","88796.2","0.09357479064368478","9.067447743760003","8177.182800063425","-140.97047263509725","-1.723949140943796","7200.0","1766714400000.0","1766721600000.0"
"139f8556-a4f8-4590-9f8a-b113859d083f","SupertrendStrategy","BTC-USDT","Bybit Perpetual","long","88796.2","87288.6","0.09058113805613396","8.772478868112707","8043.260851060082","-145.33260260153946","-1.806886601003186","50400.0","1766721600000.0","1766772000000.0"
"44323123-3f2a-432e-bf67-381c4c0304ef","SupertrendStrategy","BTC-USDT","Bybit Perpetual","long","88419.3","90091.6","0.08940576184824603","8.777946656993835","7905.194878588621","140.73530888182827","1.7802889244768991","7200.0","1766973600000.0","1766980800000.0"
"f9a67685-50c5-47cf-b9f5-bf3dcd542a45","SupertrendStrategy","BTC-USDT","Bybit Perpetual","long","90091.6","88068.2","0.08923022148598046","8.743481127643891","8038.893422026358","-189.29191128237753","-2.354701093109689","21600.0","1766980800000.0","1767002400000.0"
"7f7d0a99-16bf-4908-9a9d-cc2f68d669ce","SupertrendStrategy","BTC-USDT","Bybit Perpetual","short","87636.6","88966.8","0.0896778983473583","8.710581964148822","7859.066106308101","-128.00012234580458","-1.6286937991660988","86400.0","1767024000000.0","1767110400000.0"
"080855b3-821f-4561-a8d4-20b585ec7790","SupertrendStrategy","BTC-USDT","Bybit Perpetual","long","88966.8","88455.3","0.08697026295291711","8.486745679862317","7737.465990079587","-52.97203518027942","-0.6846173572613604","28800.0","1767110400000.0","1767139200000.0"
