"id","strategy_name","symbol","exchange","type","entry_price","exit_price","qty","fee","size","PNL","PNL_percentage","holding_period","opened_at","closed_at"
"d970627f-d6bd-4943-9ba2-65067e8bc1e7","MomentumMAStrategy_LongOnly","BTC-USDT","Bybit Perpetual","long","58398.3","60593.59","0.1626759683072966","10.64641650955593","9500.0","346.4745099557682","3.64710010479756","288000.0","1617998400000.0","1618286400000.0"
"84d9e243-6824-44e4-a9dc-85999fdff9a7","MomentumMAStrategy_LongOnly","BTC-USDT","Bybit Perpetual","long","63068.31","61513.57","0.1558492812707044","10.678798051544229","9829.15078445798","-252.98390961435888","-2.573812480467604","244800.0","1618315200000.0","1618560000000.0"
"2e5a902f-88fa-4bea-a20b-c369782c55a1","MomentumMAStrategy_LongOnly","BTC-USDT","Bybit Perpetual","long","56410.56","51714.61","0.16998264279461747","10.108671182069509","9588.816070324336","-808.3386626134529","-8.430015308303973","172800.0","1618963200000.0","1619136000000.0"
"b4bdead5-9e5b-422b-a4df-42ddaa989e1a","MomentumMAStrategy_LongOnly","BTC-USDT","Bybit Perpetual","long","49063.94","54026.16999999999","0.1797836525326249","10.193654083684544","8820.894340841556","881.9341800232806","9.998239928346537","72000.0","1619395200000.0","1619467200000.0"
"3a20a794-e1d0-44ab-9243-6561796c3c50","MomentumMAStrategy_LongOnly","BTC-USDT","Bybit Perpetual","long","54026.17","58206.9","0.1787787624379754","11.035689147568068","9658.731811863674","736.3900463397495","7.624086274300035","374400.0","1619467200000.0","1619841600000.0"
"41f47e7b-cd30-42ef-9ee2-883e5e1147cf","MomentumMAStrategy_LongOnly","BTC-USDT","Bybit Perpetual","long","58206.9","53881.84","0.1779566057612832","10.970812442952436","10358.302355886435","-780.6438097568489","-7.5364068641346735","302400.0","1619841600000.0","1620144000000.0"
"e505561e-1ce8-4a22-bd0c-038baf069d7f","MomentumMAStrategy_LongOnly","BTC-USDT","Bybit Perpetual","long","53881.84","54586.68","0.1784774004862757","10.647548716306483","9616.69073661743","115.15046224244075","1.197402156273809","14400.0","1620144000000.0","1620158400000.0"
"01e98d76-a4ae-489c-9288-e5aefae41b8b","MomentumMAStrategy_LongOnly","BTC-USDT","Bybit Perpetual","long","57497.77","55276.55999999999","0.16915584162216638","10.492040187489259","9726.083675747748","-386.22268715706247","-3.970999017005366","475200.0","1620259200000.0","1620734400000.0"
"16f18ab2-a6b9-46f3-bbb8-33a185b41263","MomentumMAStrategy_LongOnly","BTC-USDT","Bybit Perpetual","long","57813.05","49595.76","0.16188684255455366","9.563440212393083","9359.17212294854","-1339.8345726675013","-14.315738134383151","72000.0","1620792000000.0","1620864000000.0"
"605bf0b3-a5e3-4e43-a6a9-87c28a9c3107","MomentumMAStrategy_LongOnly","BTC-USDT","Bybit Perpetual","long","48436.0","42990.79","0.16694874223541198","8.394973178416627","8086.329278914414","-917.4659338861042","-11.345888872945743","86400.0","1621137600000.0","1621224000000.0"
"e4d496f3-8992-4b58-9fa2-71cd59fc6edc","MomentumMAStrategy_LongOnly","BTC-USDT","Bybit Perpetual","long","40458.36","33306.95","0.17832498998285184","7.234808991757578","7214.736641722614","-1282.5099256050246","-17.776254204322672","273600.0","1621512000000.0","1621785600000.0"
"fc55edf1-25ff-4455-8a74-0a18b52ec85b","MomentumMAStrategy_LongOnly","BTC-USDT","Bybit Perpetual","long","37558.3","36470.03","0.15965451610956405","6.500426462502018","5996.35221239784","-180.24764670905793","-3.005954959356531","403200.0","1621857600000.0","1622260800000.0"
"54f7ac63-92b6-4e18-99bf-7174d4b3f528","MomentumMAStrategy_LongOnly","BTC-USDT","Bybit Perpetual","long","36096.15","39247.4","0.16137779092851276","6.687326612841572","5825.116948024236","501.85443705063426","8.61535384660137","360000.0","1622404800000.0","1622764800000.0"
"8d89d6bc-3a93-49c4-8aab-87b3432be936","MomentumMAStrategy_LongOnly","BTC-USDT","Bybit Perpetual","long","39247.4","35784.94","0.16056805452647405","6.626288273202917","6301.878663222337","-562.5867543489381","-8.927286360370367","158400.0","1622764800000.0","1622923200000.0"
"9d189db0-da12-4e86-9bc2-5591a336786e","MomentumMAStrategy_LongOnly","BTC-USDT","Bybit Perpetual","long","35784.94","31686.940000000002","0.1611689511451143","5.980904672263959","5767.421246590847","-666.4512664649423","-11.555446324627061","244800.0","1622923200000.0","1623168000000.0"
"2d28d38a-61c0-4199-b534-de3334ac6ad1","MomentumMAStrategy_LongOnly","BTC-USDT","Bybit Perpetual","long","31686.939999999995","36339.26","0.16203181952719803","6.062324928836594","5134.292543449152","747.7615496939385","14.564062007880874","86400.0","1623168000000.0","1623254400000.0"
"d40a32e0-f83a-4b0b-a312-0b8ba939b155","MomentumMAStrategy_LongOnly","BTC-USDT","Bybit Perpetual","long","36339.26","40677.54","0.16083613193164614","6.812896313164263","5844.666015658392","690.9392781232574","11.821706771134027","432000.0","1623254400000.0","1623686400000.0"
"adec198c-f4ac-4c01-b021-b14cbaed5337","MomentumMAStrategy_LongOnly","BTC-USDT","Bybit Perpetual","long","40677.54","37689.99","0.15981935805054798","6.888556585133884","6501.058329875487","-484.35687972904896","-7.450431224454583","316800.0","1623686400000.0","1624003200000.0"
"f7b7585b-2e82-4bf8-8487-9281196c8f84","MomentumMAStrategy_LongOnly","BTC-USDT","Bybit Perpetual","long","37689.99","36363.91","0.160279142927151","6.528112592327123","6040.919294132892","-219.07107844516264","-3.6264526602421348","28800.0","1624003200000.0","1624032000000.0"
"1a1e708c-6ec9-4ac5-844f-f3a0b0ba0031","MomentumMAStrategy_LongOnly","BTC-USDT","Bybit Perpetual","long","35522.63","33856.0","0.16419960373457673","6.2655689545063","5832.801769609987","-279.9255545266635","-4.79916111644886","28800.0","1624161600000.0","1624190400000.0"
"c47ad95e-de15-4c7d-a437-8b8e00c36ad2","MomentumMAStrategy_LongOnly","BTC-USDT","Bybit Perpetual","long","34383.37","32306.710000000003","0.16190595897986895","5.938636746264299","5566.872492809657","-342.1622655213989","-6.146400262685129","2001600.0","1624204800000.0","1626206400000.0"
"ed415431-7390-4693-830b-eb50a6f00a3b","MomentumMAStrategy_LongOnly","BTC-USDT","Bybit Perpetual","long","32306.71","29582.94","0.16225169138436962","5.522935215427658","5241.818340564328","-447.4592246574322","-8.536335973238998","547200.0","1626206400000.0","1626753600000.0"
"08a09cbf-917b-4303-be12-34bee7c1b44c","MomentumMAStrategy_LongOnly","BTC-USDT","Bybit Perpetual","long","29582.94","31500.0","0.16282127730170726","5.47008127167895","4816.732077139767","306.66807659233217","6.3667248184257605","115200.0","1626753600000.0","1626868800000.0"
"4319c8f0-f500-4394-b171-7a164444c809","MomentumMAStrategy_LongOnly","BTC-USDT","Bybit Perpetual","long","31500.0","33634.46","0.16216084920325344","5.809242640297438","5108.066749902483","340.31660355007875","6.662336657142855","216000.0","1626868800000.0","1627084800000.0"
"6130f3d6-c226-4e37-a307-2c743ca0f434","MomentumMAStrategy_LongOnly","BTC-USDT","Bybit Perpetual","long","33634.46","38276.54","0.1614822275510015","6.386791655981038","5431.3675232750575","743.2266272139723","13.683968614331853","187200.0","1627084800000.0","1627272000000.0"
"c6937861-b9bb-4a2b-9bfc-7450f3b32304","MomentumMAStrategy_LongOnly","BTC-USDT","Bybit Perpetual","long","38276.54","42203.25","0.16034450394754413","7.097470602943888","6137.432819128331","622.5288964929169","10.143148036630265","417600.0","1627272000000.0","1627689600000.0"
"9ce1fb41-7203-494e-8a4d-8681321c4b5e","MomentumMAStrategy_LongOnly","BTC-USDT","Bybit Perpetual","long","42203.25","39147.48","0.15943879371367375","7.133754242409724","6728.835270796601","-494.3420369088421","-7.346621176094252","259200.0","1627689600000.0","1627948800000.0"
"f5fd0e02-2c7f-4e48-8751-6d1f9e9b73bf","MomentumMAStrategy_LongOnly","BTC-USDT","Bybit Perpetual","long","39147.48","38483.68","0.15988795027759645","6.8267578775396744","6259.210335733202","-112.96037927180866","-1.8047065558242905","43200.0","1627948800000.0","1627992000000.0"
"2d65ae07-606f-4bd7-83a6-1dccf25d85ba","MomentumMAStrategy_LongOnly","BTC-USDT","Bybit Perpetual","long","39745.16","43670.3","0.1547835755454245","7.101238735011485","6151.897975424984","600.4459649813559","9.760336848562188","201600.0","1628107200000.0","1628308800000.0"
"6b9d826a-92f4-49d0-b63e-d177871c99a0","MomentumMAStrategy_LongOnly","BTC-USDT","Bybit Perpetual","long","43670.3","46466.14","0.153933488942308","7.6312591795214555","6722.321642157273","422.74214654494034","6.288633139685315","576000.0","1628308800000.0","1628884800000.0"
"77bcc62b-6d02-4ffc-8390-8f0817babb8f","MomentumMAStrategy_LongOnly","BTC-USDT","Bybit Perpetual","long","46466.14","49212.4","0.1533143635639837","8.067891956757137","7123.9266813749655","412.97321212446906","5.796988523255864","734400.0","1628884800000.0","1629619200000.0"
"b50e53c1-4518-4c1a-a6f4-aaffe9e1c96c","MomentumMAStrategy_LongOnly","BTC-USDT","Bybit Perpetual","long","49212.4","51799.57","0.1527308408631404","8.48520371343827","7516.251232893211","386.65544584245237","5.144259203981106","1267200.0","1629619200000.0","1630886400000.0"
"dfc9937b-9fc3-4357-af4c-a967d8a64dd2","MomentumMAStrategy_LongOnly","BTC-USDT","Bybit Perpetual","long","51799.57","46644.0","0.15219380984134698","8.240376084975832","7883.573906443542","-792.8862162887291","-10.057446352353889","144000.0","1630886400000.0","1631030400000.0"
"068392a4-da92-45f7-9ce0-e07f817431cf","MomentumMAStrategy_LongOnly","BTC-USDT","Bybit Perpetual","long","46644.0","46406.55","0.15286707831595164","7.823401142805807","7130.332000969249","-44.12168888892808","-0.6187887027270326","72000.0","1631030400000.0","1631102400000.0"
"c3bcc186-51d5-4b25-adee-e249016c6822","MomentumMAStrategy_LongOnly","BTC-USDT","Bybit Perpetual","long","46349.99","43852.02","0.1529324255846607","7.587146700051501","7088.416396524767","-389.60775783776654","-5.496400550463983","892800.0","1631275200000.0","1632168000000.0"
"310287bf-c038-4e27-9f24-8d3716323ea3","MomentumMAStrategy_LongOnly","BTC-USDT","Bybit Perpetual","long","43520.0","47482.27","0.15437245005925757","7.726533859469741","6718.289026578889","603.9387938368242","8.989473234145212","734400.0","1632355200000.0","1633089600000.0"
"c53b69dd-6be8-4641-bdf5-c85a25f2539a","MomentumMAStrategy_LongOnly","BTC-USDT","Bybit Perpetual","long","47482.27","51164.85","0.15357376302194214","8.332285186322398","7292.0308807238725","557.2153830430216","7.641429282972364","374400.0","1633089600000.0","1633464000000.0"
"2850865c-4d86-4eae-ba45-bc683863e4e3","MomentumMAStrategy_LongOnly","BTC-USDT","Bybit Perpetual","long","51164.85","55014.04000000001","0.1528663817956027","8.927150505555316","7821.385494614742","579.484597638262","7.408976300135755","72000.0","1633464000000.0","1633536000000.0"
"a87c984f-0a87-45b7-b577-2f0ad6857859","MomentumMAStrategy_LongOnly","BTC-USDT","Bybit Perpetual","long","55014.04","59445.04","0.15217744165618616","9.57994948279641","8371.895862371091","664.7182944957644","7.939877722123298","734400.0","1633536000000.0","1634270400000.0"
"08e0b116-8c31-4e3c-b55d-670ca2958189","MomentumMAStrategy_LongOnly","BTC-USDT","Bybit Perpetual","long","59445.03999999999","64219.990000000005","0.15145718199772543","10.301476325505297","9003.378242142067","712.8989948545355","7.918127792495408","403200.0","1634270400000.0","1634673600000.0"
"546e947f-90f4-4b29-b276-37fc680df38b","MomentumMAStrategy_LongOnly","BTC-USDT","Bybit Perpetual","long","64219.99","61087.329999999994","0.15074172835053187","10.388973095475244","9680.632287253873","-482.61155583005296","-4.985330932004199","259200.0","1634673600000.0","1634932800000.0"
"31ba6e80-0da1-4e29-9f08-e73586b335ce","MomentumMAStrategy_LongOnly","BTC-USDT","Bybit Perpetual","long","60902.82","58876.24999999999","0.1514240442267751","9.975587156217095","9222.151309215324","-316.8470124648738","-3.435716915078821","273600.0","1635120000000.0","1635393600000.0"
"e461fbcb-0f7d-4777-a41f-30adeb2168b0","MomentumMAStrategy_LongOnly","BTC-USDT","Bybit Perpetual","long","61347.520000000004","65274.990000000005","0.14541984170466377","10.127383948245964","8921.146647373695","561.0046817515699","6.288481782963681","892800.0","1635451200000.0","1636344000000.0"
"041a9a09-2a2a-4113-86c2-a882f71d8500","MomentumMAStrategy_LongOnly","BTC-USDT","Bybit Perpetual","long","65274.99","64890.439999999995","0.144834968110109","10.368878246698745","9454.101095037684","-66.06516523344159","-0.6987990139868316","345600.0","1636344000000.0","1636689600000.0"
"200183b8-ed0f-426f-8596-440386bd65de","MomentumMAStrategy_LongOnly","BTC-USDT","Bybit Perpetual","long","63974.11","60106.03","0.1467990596206171","10.018166328276983","9391.339188065916","-577.8486728655938","-6.152995449252833","273600.0","1636833600000.0","1637107200000.0"
"c9c2a5ad-e6e3-4afe-85e2-e1b445f3c3b9","MomentumMAStrategy_LongOnly","BTC-USDT","Bybit Perpetual","long","58049.62000000001","53766.35","0.15232456213914236","9.367775268727414","8842.382948843602","-661.8150025424535","-7.484577476131646","576000.0","1637352000000.0","1637928000000.0"
"be7495a2-16a7-4c74-8d15-67164bbea89c","MomentumMAStrategy_LongOnly","BTC-USDT","Bybit Perpetual","long","53766.34999999999","54738.770000000004","0.15276578559690723","9.11672844394768","8213.658696428272","139.4357767861988","1.6976086046384269","129600.0","1637928000000.0","1638057600000.0"
"7012e154-339f-4c3f-a770-3f1a1954986e","MomentumMAStrategy_LongOnly","BTC-USDT","Bybit Perpetual","long","57315.73","52003.89","0.1456166166665793","8.755314259821864","8346.12268437516","-782.247483334025","-9.372585485694772","446400.0","1638144000000.0","1638590400000.0"
"addec183-0344-4bdc-89ce-935e8939b318","MomentumMAStrategy_LongOnly","BTC-USDT","Bybit Perpetual","long","52003.89","47241.93","0.14620036261148606","7.980376179420851","7602.987575207833","-704.1806549208129","-9.261894064078668","14400.0","1638590400000.0","1638604800000.0"
"a2055521-2e2a-470b-bb93-d741ca919d38","MomentumMAStrategy_LongOnly","BTC-USDT","Bybit Perpetual","long","48393.9","50990.0","0.14328285079386166","7.832004683256638","6934.015953033062","364.14460426268744","5.251568596455336","1555200.0","1638777600000.0","1640332800000.0"
"dd881a83-583b-4e2b-9482-7597fc8ebbd6","MomentumMAStrategy_LongOnly","BTC-USDT","Bybit Perpetual","long","50990.0","47676.66","0.1427721774285667","7.747769638292237","7279.953327082617","-480.800535999459","-6.604445308884088","388800.0","1640332800000.0","1640721600000.0"
"e292abeb-d63d-40da-9fb9-3f493a030567","MomentumMAStrategy_LongOnly","BTC-USDT","Bybit Perpetual","long","47676.66","46436.54","0.143113901390809","7.407898973405418","6823.192817883129","-184.88631036617588","-2.709674419307063","100800.0","1640721600000.0","1640822400000.0"
"2ab79ab9-d6fb-4be0-a133-fa0911c70e88","MomentumMAStrategy_LongOnly","BTC-USDT","Bybit Perpetual","long","47540.18","44673.22","0.13983015678601265","7.0918177988742155","6647.550823035263","-407.97928409810095","-6.1372871747645865","518400.0","1640894400000.0","1641412800000.0"
"13e44389-c339-455f-8086-9282fa31a704","MomentumMAStrategy_LongOnly","BTC-USDT","Bybit Perpetual","long","44673.22","41789.97","0.14012803427068982","6.6637542683102415","6259.970503142066","-410.68790907927666","-6.560540642693765","115200.0","1641412800000.0","1641528000000.0"
"4a752e26-dd00-4ef4-9247-7c2c6d274c56","MomentumMAStrategy_LongOnly","BTC-USDT","Bybit Perpetual","long","41918.02","38447.91","0.140030874299806","6.189541292999355","5869.816989516754","-492.11207850949825","-8.383772090141647","1094400.0","1641643200000.0","1642737600000.0"
"ab07509f-a9d3-4cf1-a92f-734c18d63839","MomentumMAStrategy_LongOnly","BTC-USDT","Bybit Perpetual","long","38447.91","36319.99","0.14050986165262896","5.77809500678168","5402.31051493273","-304.77183981464464","-5.641509109337816","86400.0","1642737600000.0","1642824000000.0"
"d2497c75-15da-46f8-be52-0e6b9d1023c6","MomentumMAStrategy_LongOnly","BTC-USDT","Bybit Perpetual","long","34875.53","37822.15","0.14660070447986936","5.861642106128661","5112.777267108819","426.11492572834436","8.334314277087696","432000.0","1643011200000.0","1643443200000.0"
"89c7dba7-0bc7-422b-8fd4-89712ed9aedf","MomentumMAStrategy_LongOnly","BTC-USDT","Bybit Perpetual","long","37822.15","40701.71","0.14588241140577002","6.300387527328999","5517.586446550745","413.77676906026977","7.499234911288749","561600.0","1643443200000.0","1644004800000.0"
"4b6036dd-521f-4f34-a2e8-f1b13453539b","MomentumMAStrategy_LongOnly","BTC-USDT","Bybit Perpetual","long","40701.71","43805.26","0.14521931332020205","6.749624284794003","5910.674377158","443.9457755701195","7.510915798132323","244800.0","1644004800000.0","1644249600000.0"
"b3a4aa5a-4d1d-4ec6-b374-78e5276b96b8","MomentumMAStrategy_LongOnly","BTC-USDT","Bybit Perpetual","long","43805.26","41177.1","0.14455850425153538","6.756707567151031","6332.422863949613","-386.67958610086674","-6.106344986880578","878400.0","1644249600000.0","1645128000000.0"
"2b3dd449-9f2c-461e-be33-c19d2509dd42","MomentumMAStrategy_LongOnly","BTC-USDT","Bybit Perpetual","long","41177.1","40196.2","0.14486394761053573","6.483431607453023","5965.07725715379","-148.5804778186277","-2.490839119316323","86400.0","1645128000000.0","1645214400000.0"
"265e729b-de04-4018-8621-25fb39e78c1d","MomentumMAStrategy_LongOnly","BTC-USDT","Bybit Perpetual","long","39778.1","36580.0","0.14641035653352205","6.148789154872281","5823.925803226093","-474.38375038472896","-8.145429155741473","172800.0","1645329600000.0","1645502400000.0"
"b439283c-f0c1-428b-90d7-a14f8c7f0db9","MomentumMAStrategy_LongOnly","BTC-USDT","Bybit Perpetual","long","36580.0","40792.8","0.14689068453692183","6.250938956096091","5373.261240360601","612.5701368610486","11.400341607435765","561600.0","1645502400000.0","1646064000000.0"
"acb507ac-6f9a-481b-8491-3e270b458b14","MomentumMAStrategy_LongOnly","BTC-USDT","Bybit Perpetual","long","40792.8","39127.7","0.14598661701032034","6.41702788362532","5955.202870378596","-249.49934386751056","-4.189602760781328","374400.0","1646064000000.0","1646438400000.0"
"7bef0496-622f-45e4-b1d2-d478f56bdcee","MomentumMAStrategy_LongOnly","BTC-USDT","Bybit Perpetual","long","38649.4","42150.1","0.14794999388617833","6.574857042053447","5718.178493704461","511.3536865552906","8.94259749181099","230400.0","1646596800000.0","1646827200000.0"
"e2059392-3936-4521-87b6-60230ff7127e","MomentumMAStrategy_LongOnly","BTC-USDT","Bybit Perpetual","long","42150.1","38703.1","0.14718742057390108","6.545315674230157","6203.964495931988","-513.9003543924672","-8.283418687025653","144000.0","1646827200000.0","1646971200000.0"
"f52372b6-fda8-48a5-b54c-d90a0d214402","MomentumMAStrategy_LongOnly","BTC-USDT","Bybit Perpetual","long","38703.1","42020.3","0.14768220528224207","6.556775351434298","5715.759159259143","483.3346360108198","8.456175681017811","662400.0","1646971200000.0","1647633600000.0"
"edadd0e1-17b7-475b-ac3e-72372c56f3f5","MomentumMAStrategy_LongOnly","BTC-USDT","Bybit Perpetual","long","42020.3","44554.5","0.14695104660055788","6.9972416080786894","6174.927063469423","365.4061006870547","5.917577599398379","576000.0","1647633600000.0","1648209600000.0"
"750941af-4534-4802-85c2-50412d5f5b5a","MomentumMAStrategy_LongOnly","BTC-USDT","Bybit Perpetual","long","44554.5","46820.8","0.1463839311208099","7.356731591738839","6522.062859122126","324.3931715073531","4.973781739218267","216000.0","1648209600000.0","1648425600000.0"
"92053966-2764-4818-b659-255bccaa03d3","MomentumMAStrategy_LongOnly","BTC-USDT","Bybit Perpetual","long","46820.8","44585.0","0.14588038589802205","7.333872357524584","6830.236372054111","-333.4932391483227","-4.882601728291705","360000.0","1648425600000.0","1648785600000.0"
"badde39f-0b9f-4791-8146-484f08722316","MomentumMAStrategy_LongOnly","BTC-USDT","Bybit Perpetual","long","44585.0","46705.4","0.1460898911038063","7.335132527152606","6513.417794863204","302.43387256935847","4.643243871257152","360000.0","1648785600000.0","1649145600000.0"
"b073b3cb-e212-4215-b171-d74f5d7dbf42","MomentumMAStrategy_LongOnly","BTC-USDT","Bybit Perpetual","long","46705.4","44159.4","0.14560907247992938","7.276906586990858","6800.729973804094","-377.997605120891","-5.558191643792794","115200.0","1649145600000.0","1649260800000.0"
"f6fb8d8c-3bbc-484c-bdf1-b20bd2194f45","MomentumMAStrategy_LongOnly","BTC-USDT","Bybit Perpetual","long","44159.4","42140.4","0.14587227745257517","6.923811603335961","6441.632248939248","-301.4399397800852","-4.67955834997758","374400.0","1649260800000.0","1649635200000.0"
"3f025f0a-f980-4ea4-88d3-6a5812cef312","MomentumMAStrategy_LongOnly","BTC-USDT","Bybit Perpetual","long","42140.4","39961.7","0.1460656354981957","6.5957624767300285","6155.264306148167","-324.82896253664967","-5.27725449924539","72000.0","1649635200000.0","1649707200000.0"
"9a01e7f2-8fc5-48cf-aca6-2f71894f91a4","MomentumMAStrategy_LongOnly","BTC-USDT","Bybit Perpetual","long","39961.7","42070.8","0.14630700875434102","6.601061332602265","5846.6767917383495","301.9750508311792","5.16490070492498","748800.0","1649707200000.0","1650456000000.0"
"60fe5a6b-3d59-4c96-abc8-1c5c07d1953a","MomentumMAStrategy_LongOnly","BTC-USDT","Bybit Perpetual","long","42070.8","39414.6","0.14579121599845904","6.5339205536664595","6133.553090027971","-393.784548488774","-6.420170213069408","187200.0","1650456000000.0","1650643200000.0"
"b5d0bdf1-435b-407e-88cc-d31f8b4882b0","MomentumMAStrategy_LongOnly","BTC-USDT","Bybit Perpetual","long","39414.6","36886.4","0.14612498335549862","6.132215295254346","5759.457768963635","-375.56539821462553","-6.520846462985791","1123200.0","1650643200000.0","1651766400000.0"
"89dfa432-5346-4698-8a7a-e2a31ec719d5","MomentumMAStrategy_LongOnly","BTC-USDT","Bybit Perpetual","long","36886.4","35796.1","0.14646782122028013","5.855106078713656","5402.670640659741","-165.5489715551855","-3.0642062521688285","129600.0","1651766400000.0","1651896000000.0"
"48e95ace-56be-4bc6-87ea-4958e08ee021","MomentumMAStrategy_LongOnly","BTC-USDT","Bybit Perpetual","long","34585.5","30923.800000000003","0.15166468947050976","5.464496203061756","5245.399117682316","-560.815089637227","-10.691561825042278","86400.0","1652040000000.0","1652126400000.0"
"62504d6f-5dc9-4e35-843d-c1051e76a74e","MomentumMAStrategy_LongOnly","BTC-USDT","Bybit Perpetual","long","30923.8","30056.6","0.152394750403474","5.111201060627204","4712.624782526949","-137.26792861051996","-2.912770164080743","14400.0","1652126400000.0","1652140800000.0"
"47d21938-5e71-4b18-abad-0ca39e356287","MomentumMAStrategy_LongOnly","BTC-USDT","Bybit Perpetual","long","31190.0","28700.6","0.1469131212038139","4.839293237223025","4582.220250346955","-370.56481716199755","-8.087014523885866","676800.0","1652241600000.0","1652918400000.0"
"e217ead2-fd2b-42a3-adee-a153d7aaf556","MomentumMAStrategy_LongOnly","BTC-USDT","Bybit Perpetual","long","28700.6","30446.700000000004","0.14739007804864906","4.794748839851774","4230.183674043057","252.56306644089523","5.970498822324292","374400.0","1652918400000.0","1653292800000.0"
"865aab42-ad44-4d1f-a919-dbcd30a32f4f","MomentumMAStrategy_LongOnly","BTC-USDT","Bybit Perpetual","long","30446.7","28817.800000000003","0.14681783533722564","4.785597081288655","4470.118587161908","-243.93716906209517","-5.457062588063724","446400.0","1653292800000.0","1653739200000.0"
"c74f6df6-da9d-46b9-b3aa-2216203aa039","MomentumMAStrategy_LongOnly","BTC-USDT","Bybit Perpetual","long","28817.8","30345.600000000002","0.14707501185215102","4.785801765917454","4238.378276552918","219.9154013417993","5.188668565955774","144000.0","1653739200000.0","1653883200000.0"
"e0f111d1-3c02-4a90-b2b1-ef13a80f13b1","MomentumMAStrategy_LongOnly","BTC-USDT","Bybit Perpetual","long","30345.6","32045.900000000005","0.14655495056375972","5.029080758954349","4447.297907827627","244.15830168460727","5.490037023489424","129600.0","1653883200000.0","1654012800000.0"
"17577399-302e-4318-927d-af62f84316b0","MomentumMAStrategy_LongOnly","BTC-USDT","Bybit Perpetual","long","32045.9","30116.499999999996","0.1460170659718717","4.992224193973433","4679.248294428004","-286.7175512801034","-6.127427596041942","100800.0","1654012800000.0","1654113600000.0"
"67503f8b-f08e-4db0-b93d-89a989b7d0c6","MomentumMAStrategy_LongOnly","BTC-USDT","Bybit Perpetual","long","30116.499999999996","31529.8","0.14632731627884735","4.96129570063639","4406.866620711906","201.843100396259","4.580195358026342","417600.0","1654113600000.0","1654531200000.0"
"a528a3b6-e6f8-432c-94d5-ca8ffe486447","MomentumMAStrategy_LongOnly","BTC-USDT","Bybit Perpetual","long","31529.8","29547.499999999996","0.14584988062367513","4.899464302599016","4598.617566088352","-294.01768266291066","-6.393610219538351","43200.0","1654531200000.0","1654574400000.0"
"6ebb0f5b-6df8-4b71-bed9-9302d17d819e","MomentumMAStrategy_LongOnly","BTC-USDT","Bybit Perpetual","long","29547.500000000004","27538.2","0.14618159802211986","4.589683367616231","4319.300767558587","-298.3123682734621","-6.906496776377029","432000.0","1654574400000.0","1655006400000.0"
"2d192cd6-faca-40ea-a394-1e33bd2610a5","MomentumMAStrategy_LongOnly","BTC-USDT","Bybit Perpetual","long","27538.2","25500.0","0.14655656570504966","4.275203043747661","4035.9040176987987","-302.98679526378","-7.507284463036802","86400.0","1655006400000.0","1655092800000.0"
"7f86ff97-95ba-4839-a08d-59b2984aea1c","MomentumMAStrategy_LongOnly","BTC-USDT","Bybit Perpetual","long","22197.5","19244.9","0.16885084186048913","3.8486712707955246","3748.0665621982075","-502.3976669480755","-13.404182092577987","187200.0","1655352000000.0","1655539200000.0"
"f03c31e3-5632-4b47-a1cd-29d0e1bef194","MomentumMAStrategy_LongOnly","BTC-USDT","Bybit Perpetual","long","19244.9","21241.9","0.16995613272074866","3.7845389748311247","3270.7887785975363","335.61785806850395","10.261067919292902","561600.0","1655539200000.0","1656100800000.0"
"2f7357f1-e80e-4b6b-856e-1fd20affe693","MomentumMAStrategy_LongOnly","BTC-USDT","Bybit Perpetual","long","21241.9","19423.5","0.16898797865363335","3.7795800609278043","3589.6257437626145","-311.06732044469493","-8.665731266977065","475200.0","1656100800000.0","1656576000000.0"
"06252288-ed93-45af-963f-65632a9db842","MomentumMAStrategy_LongOnly","BTC-USDT","Bybit Perpetual","long","19423.5","20881.9","0.16959414056890645","3.7595578203073017","3294.1117893401547","243.57653678538614","7.3943008726542665","633600.0","1656576000000.0","1657209600000.0"
"e1a91c33-2b02-4faf-9846-efba0bf4fef9","MomentumMAStrategy_LongOnly","BTC-USDT","Bybit Perpetual","long","20881.9","19383.6","0.1688308774242895","3.738932832210251","3525.5094992862714","-256.6982364770237","-7.28116706334195","446400.0","1657209600000.0","1657656000000.0"
"158f01a1-1ea5-43f6-9f27-cdc64b224465","MomentumMAStrategy_LongOnly","BTC-USDT","Bybit Perpetual","long","19383.6","21156.7","0.16930013901613214","3.774913134165636","3281.646174633099","296.41116335533866","9.032392512226844","259200.0","1657656000000.0","1657915200000.0"
"8f940ec5-9c52-4e17-8bfa-28ad52682d5c","MomentumMAStrategy_LongOnly","BTC-USDT","Bybit Perpetual","long","21156.7","23391.5","0.16842119894977337","4.126573690279862","3563.23677982067","372.2611217226735","10.447274338625585","345600.0","1657915200000.0","1658260800000.0"
"6a582e8f-0e8d-4e0b-b940-2960d7ac032e","MomentumMAStrategy_LongOnly","BTC-USDT","Bybit Perpetual","long","23391.5","21931.5","0.16744906677456384","4.174111729382956","3916.88484545721","-248.64974922024615","-6.348150610264412","489600.0","1658260800000.0","1658750400000.0"
"043dd88f-9728-4f19-b52d-c288c23d22db","MomentumMAStrategy_LongOnly","BTC-USDT","Bybit Perpetual","long","21931.5","23739.4","0.16782561993926434","4.215610908126282","3680.6675836979757","299.19632738007","8.128860337870195","273600.0","1658750400000.0","1659024000000.0"
"d6c8addc-c48c-4f4e-9998-f76b7f2c3499","MomentumMAStrategy_LongOnly","BTC-USDT","Bybit Perpetual","long","23739.4","21892.8","0.1670178730173906","4.191766141807294","3964.9040947090425","-312.6069704557211","-7.884351373665729","1872000.0","1659024000000.0","1660896000000.0"
"67b16ddf-6547-4d1c-b196-efb252780899","MomentumMAStrategy_LongOnly","BTC-USDT","Bybit Perpetual","long","21892.8","20635.5","0.16754035448988286","3.9188635518186468","3667.927472776107","-214.56735125194825","-5.849825353540887","648000.0","1660896000000.0","1661544000000.0"
"76f4f204-6464-47c7-a8f1-b675d39661e9","MomentumMAStrategy_LongOnly","BTC-USDT","Bybit Perpetual","long","20635.5","19547.5","0.1678703442653077","3.7100437239870727","3464.088489086757","-186.35297828464184","-5.379567492912699","187200.0","1661544000000.0","1661731200000.0"
"5e96af42-f9b9-4519-a986-b399e4aca5b2","MomentumMAStrategy_LongOnly","BTC-USDT","Bybit Perpetual","long","19547.5","20931.7","0.16815721497461808","3.7437782450203083","3287.0531597163467","229.01943872284616","6.967317764420007","993600.0","1661731200000.0","1662724800000.0"
"5d926f74-eb36-49af-b058-7fd2142fc8fd","MomentumMAStrategy_LongOnly","BTC-USDT","Bybit Perpetual","long","20931.7","22180.9","0.16743129447216665","3.9701191343334026","3504.6216265030507","205.1850539202973","5.854699188312467","244800.0","1662724800000.0","1662969600000.0"
"f7d8ba68-6fe1-4fbd-a466-64ff6475c412","MomentumMAStrategy_LongOnly","BTC-USDT","Bybit Perpetual","long","22180.9","20272.0","0.1667897798433487","3.8943904145914345","3699.5474277273333","-322.27940115756","-8.711319626345196","129600.0","1662969600000.0","1663099200000.0"
"11e5d3ab-aab8-473e-bfe1-c64f35efa878","MomentumMAStrategy_LongOnly","BTC-USDT","Bybit Perpetual","long","20272.0","20015.9","0.16739256100175864","3.709142117110514","3393.381996627651","-46.57837698966066","-1.3726240380820767","115200.0","1663099200000.0","1663214400000.0"
"b20a6c49-7d68-4199-81db-95c801733b65","MomentumMAStrategy_LongOnly","BTC-USDT","Bybit Perpetual","long","19738.4","18459.6","0.16967598885864474","3.5647058823323814","3349.1325384874735","-220.54636043476776","-6.585178636566301","273600.0","1663300800000.0","1663574400000.0"
"7a1b5234-77c4-41dc-be89-01c4416159ce","MomentumMAStrategy_LongOnly","BTC-USDT","Bybit Perpetual","long","18459.6","20091.9","0.17008025613092614","3.6062669468272697","3139.613496074444","274.015735135684","8.727690063706707","676800.0","1663574400000.0","1664251200000.0"
"4d602220-cc3d-4e8e-bd96-732b70423394","MomentumMAStrategy_LongOnly","BTC-USDT","Bybit Perpetual","long","20091.9","19137.5","0.16921886155382734","3.651094924091843","3399.9284444533437","-165.1535763910649","-4.85756036014514","475200.0","1664251200000.0","1664726400000.0"
"27908329-8aea-4279-ba49-0059d552af70","MomentumMAStrategy_LongOnly","BTC-USDT","Bybit Perpetual","long","19137.5","20092.2","0.16945957135894615","3.6563164805970274","3243.032546881832","158.126736295789","4.875891129980409","172800.0","1664726400000.0","1664899200000.0"
"5adce18f-64fb-4ac2-81bc-e8ae64556473","MomentumMAStrategy_LongOnly","BTC-USDT","Bybit Perpetual","long","20092.2","19357.9","0.1688840916556092","3.6643718673226218","3393.252946362831","-127.67596037003634","-3.762641995401197","388800.0","1664899200000.0","1665288000000.0"
"dc443269-f306-46b0-88b6-8b5ed94876ab","MomentumMAStrategy_LongOnly","BTC-USDT","Bybit Perpetual","long","19357.9","18744.9","0.16902457312060173","3.5421702275848155","3271.9607840112967","-107.15423355051368","-3.274924139498602","374400.0","1665288000000.0","1665662400000.0"
"e988902d-cdf4-4bdb-8c5c-129758ca95ee","MomentumMAStrategy_LongOnly","BTC-USDT","Bybit Perpetual","long","18744.9","19806.3","0.16912142834255228","3.5859087045756715","3170.1642621383085","175.91957533820894","5.549225869436474","57600.0","1665662400000.0","1665720000000.0"
"ed4df82a-cd69-49f9-ba12-0165ecfdaffe","MomentumMAStrategy_LongOnly","BTC-USDT","Bybit Perpetual","long","19806.3","19060.4","0.16849627940148376","3.6018918884375073","3337.287858709608","-129.28326669400388","-3.8739021674921506","158400.0","1665720000000.0","1665878400000.0"
"ee8d9f75-3834-4b7e-87b5-445962b903cb","MomentumMAStrategy_LongOnly","BTC-USDT","Bybit Perpetual","long","19060.4","19560.7","0.16864644788935715","3.582321230718809","3214.468755350303","80.79149664832646","2.5133701024112782","691200.0","1665878400000.0","1666569600000.0"
"3915e2d3-3cd4-421d-b384-923dbe34f78d","MomentumMAStrategy_LongOnly","BTC-USDT","Bybit Perpetual","long","19560.7","20266.8","0.16825679434612328","3.6856861122511244","3291.220677166214","115.12043637554629","3.4978036317718613","158400.0","1666569600000.0","1666728000000.0"
"63ab3347-9456-4a33-b807-bec4b0b323eb","MomentumMAStrategy_LongOnly","BTC-USDT","Bybit Perpetual","long","20266.8","21137.6","0.16779092366446519","3.8210053858751403","3400.5850917229827","142.291330941141","4.184319083427079","878400.0","1666728000000.0","1667606400000.0"
"539445dc-620a-4a6b-b809-9ce72f0a205a","MomentumMAStrategy_LongOnly","BTC-USDT","Bybit Perpetual","long","21137.6","20140.6","0.16727357202885224","3.7976135785067524","3535.7618561170666","-170.56936489127241","-4.8241191526001055","273600.0","1667606400000.0","1667880000000.0"
"2291a3b3-68a1-4105-94d2-afbd4746198f","MomentumMAStrategy_LongOnly","BTC-USDT","Bybit Perpetual","long","20140.6","18238.0","0.16750846347528667","3.5358071739829504","3373.7209594703586","-322.23740978206314","-9.551394844244951","57600.0","1667880000000.0","1667937600000.0"
"8008ef55-bace-4a9b-bcc5-19f2de8b4b86","MomentumMAStrategy_LongOnly","BTC-USDT","Bybit Perpetual","long","18238.0","18303.3","0.16819801623957661","3.3803957939483826","3067.5954201773984","7.602934666495848","0.24784672113169906","28800.0","1667937600000.0","1667966400000.0"
"3e83cc43-9e16-4e7a-847b-d9b7a78b52e9","MomentumMAStrategy_LongOnly","BTC-USDT","Bybit Perpetual","long","17397.3","16592.2","0.1767411154668006","3.3040381792873506","3074.81820811057","-145.59831024160826","-4.735184338949139","691200.0","1668153600000.0","1668844800000.0"
"157f7252-b7c4-48d0-9d39-492dd8242584","MomentumMAStrategy_LongOnly","BTC-USDT","Bybit Perpetual","long","16592.2","15712.799999999997","0.1769807387435688","3.1445495208110446","2936.4998133810423","-158.781411171906","-5.407165716420987","216000.0","1668844800000.0","1669060800000.0"
"50768e9e-54d3-4002-8f9c-5466609bc642","MomentumMAStrategy_LongOnly","BTC-USDT","Bybit Perpetual","long","15712.8","16577.9","0.1772858734768935","3.1485767250741787","2785.657472767732","150.2214324197868","5.392674221017275","115200.0","1669060800000.0","1669176000000.0"
"cd447d39-6b31-469f-812b-0ff797a3220d","MomentumMAStrategy_LongOnly","BTC-USDT","Bybit Perpetual","long","16577.9","17077.6","0.1766428699392884","3.2697522600829467","2928.3678335665295","84.99868984857895","2.9025960767045103","1008000.0","1669176000000.0","1670184000000.0"
"8d2c8178-9020-45db-873a-ab11853dd14f","MomentumMAStrategy_LongOnly","BTC-USDT","Bybit Perpetual","long","17077.6","17749.6","0.1762025453765564","3.375152708586123","3009.1165889226795","115.03295778445978","3.8228149154447935","763200.0","1670184000000.0","1670947200000.0"
"6661ccec-455d-47bf-8fd2-5510d54cee01","MomentumMAStrategy_LongOnly","BTC-USDT","Bybit Perpetual","long","17749.6","17018.6","0.17568834783983392","3.359602188450703","3118.397898817916","-131.7877844593693","-4.226137546761618","244800.0","1670947200000.0","1671192000000.0"
"813f720c-2417-44dd-92e6-3c770ba91c19","MomentumMAStrategy_LongOnly","BTC-USDT","Bybit Perpetual","long","17018.6","16549.3","0.17587812767099031","3.2471226710158696","2993.1995035815157","-85.7867279870115","-2.8660544639394505","288000.0","1671192000000.0","1671480000000.0"
"4dbee972-0283-463f-9aed-154e35fe1ddc","MomentumMAStrategy_LongOnly","BTC-USDT","Bybit Perpetual","long","16549.3","16887.1","0.17594110397381488","3.2355604209005353","2911.7021119938545","56.197344501454005","1.9300513012634932","547200.0","1671480000000.0","1672027200000.0"
"70d06539-184e-4725-9a31-daa954a546a2","MomentumMAStrategy_LongOnly","BTC-USDT","Bybit Perpetual","long","16887.1","16539.0","0.17558311310232283","3.227982283278254","2965.0895892702356","-64.34846395419657","-2.1702030247940653","244800.0","1672027200000.0","1672272000000.0"
"86cd04f7-409f-470d-8294-ef1e98b1cadf","MomentumMAStrategy_LongOnly","BTC-USDT","Bybit Perpetual","long","16539.0","16855.9","0.17558247466677243","3.2249575507871695","2903.958548513749","52.417128671113275","1.805023308543452","532800.0","1672272000000.0","1672804800000.0"
"ba0065d9-c598-4447-8616-3a9b2710330d","MomentumMAStrategy_LongOnly","BTC-USDT","Bybit Perpetual","long","16855.9","17124.7","0.17523566352145578","3.27503714332145","2953.754820751307","43.82830921124574","1.483816764456358","417600.0","1672804800000.0","1673222400000.0"
"ecc006f7-d116-4161-b638-3f4bba431bac","MomentumMAStrategy_LongOnly","BTC-USDT","Bybit Perpetual","long","17124.7","17540.6","0.17491644901820122","3.334942149082858","2995.3917145019905","69.41280899758664","2.3173199238526676","244800.0","1673222400000.0","1673467200000.0"
"ada6c1d4-c97c-44f1-820c-be5bf2ce478a","MomentumMAStrategy_LongOnly","BTC-USDT","Bybit Perpetual","long","17540.6","18217.2","0.17452845872146325","3.4324145466986864","3061.333883049698","114.65354062424373","3.7452151579763644","28800.0","1673467200000.0","1673496000000.0"
"6a467636-2735-4f91-a4b6-e5214606068c","MomentumMAStrategy_LongOnly","BTC-USDT","Bybit Perpetual","long","18217.2","19252.5","0.17402535771922845","3.5863728703726965","3170.2547466427286","176.5820799763444","5.569965005599101","129600.0","1673496000000.0","1673625600000.0"
"82ab36d5-a76e-4828-a153-e130dc05bb16","MomentumMAStrategy_LongOnly","BTC-USDT","Bybit Perpetual","long","19252.5","20996.3","0.17338048163200914","3.838095981010725","3338.007722620256","298.5027878888867","8.94254335800545","43200.0","1673625600000.0","1673668800000.0"
"99f77883-8269-45de-9a13-a9b5d471c359","MomentumMAStrategy_LongOnly","BTC-USDT","Bybit Perpetual","long","20996.3","22661.1","0.1724868367814662","4.14167975545675","3621.585371114699","283.01440611832805","7.814655105899608","590400.0","1673668800000.0","1674259200000.0"
"3bef305e-a34b-4ad8-a57c-a48211ca0852","MomentumMAStrategy_LongOnly","BTC-USDT","Bybit Perpetual","long","22661.1","23896.6","0.1716796208889732","4.396154557004401","3890.4490569271106","207.714017051322","5.339075618571032","763200.0","1674259200000.0","1675022400000.0"
"704c8a40-4887-4027-9d9f-998aa3bc8f84","MomentumMAStrategy_LongOnly","BTC-USDT","Bybit Perpetual","long","23896.6","22783.7","0.1710610452167198","4.391849499966526","4087.7773731258662","-194.76568672165362","-4.7645864474443975","86400.0","1675022400000.0","1675108800000.0"
"66830838-ffcc-4d1f-814b-ede6b3fc919f","MomentumMAStrategy_LongOnly","BTC-USDT","Bybit Perpetual","long","22783.7","23827.0","0.1712957057343757","4.391317013200297","3902.749970740296","174.32149277947372","4.46663235119844","230400.0","1675108800000.0","1675339200000.0"
"53227c7d-4f86-403c-a4cd-bcbb1abb4c56","MomentumMAStrategy_LongOnly","BTC-USDT","Bybit Perpetual","long","23827.0","22889.5","0.170745599063281","4.387150228251872","4068.355388880796","-164.4611493500778","-4.042447958198682","288000.0","1675339200000.0","1675627200000.0"
"e51f7774-0d3f-47ed-94e2-d00e5c45510f","MomentumMAStrategy_LongOnly","BTC-USDT","Bybit Perpetual","long","22889.5","21793.4","0.17091318276931441","4.200293159899649","3912.117296998222","-191.53823279334492","-4.896024793027364","360000.0","1675627200000.0","1675987200000.0"
"4a52e907-7d07-41ac-a131-21fdcb6ec3c5","MomentumMAStrategy_LongOnly","BTC-USDT","Bybit Perpetual","long","21793.4","21618.6","0.1711598913361176","4.086716261475946","3730.155975844545","-34.0054652670298","-0.911636550515307","86400.0","1675987200000.0","1676073600000.0"
"1379872c-a5eb-4ff6-a638-06fa4a83ebf9","MomentumMAStrategy_LongOnly","BTC-USDT","Bybit Perpetual","long","21727.0","22798.1","0.17019610548353972","4.167899238945835","3697.8507838408677","178.12914934447332","4.817099438486669","345600.0","1676131200000.0","1676476800000.0"
"9f0cb745-5dc4-4af9-acc0-a08001a3bd1b","MomentumMAStrategy_LongOnly","BTC-USDT","Bybit Perpetual","long","22798.1","24332.600000000002","0.16962262099552672","4.396938074844629","3867.0734757181176","255.88897384279176","6.617122106666801","28800.0","1676476800000.0","1676505600000.0"
"4d223872-5ccc-46f3-9fa3-49d248549639","MomentumMAStrategy_LongOnly","BTC-USDT","Bybit Perpetual","long","24332.6","23064.9","0.16891610435665602","4.403410580934532","4110.168000868768","-218.53835607386688","-5.31701760190032","792000.0","1676505600000.0","1677297600000.0"
"de778524-b810-4c5f-8bbf-a51d77524f90","MomentumMAStrategy_LongOnly","BTC-USDT","Bybit Perpetual","long","23064.9","22338.1","0.1691989370254627","4.225176635771896","3902.556562598595","-127.1989640658787","-3.2593752845232493","633600.0","1677297600000.0","1677931200000.0"
"644b30a1-4f3a-49c4-b48a-00866a0e42fd","MomentumMAStrategy_LongOnly","BTC-USDT","Bybit Perpetual","long","22335.7","20845.6","0.16931269432952673","4.0211282362083764","3781.7175467360103","-256.31397405663654","-6.777713324408915","417600.0","1677974400000.0","1678392000000.0"
"158719e1-72f8-463d-b716-c4326ca0aa29","MomentumMAStrategy_LongOnly","BTC-USDT","Bybit Perpetual","long","20845.6","20042.1","0.16973458530251972","3.81703124191061","3538.219271382205","-140.19877053248518","-3.962410460720727","28800.0","1678392000000.0","1678420800000.0"
"2182dbcd-4bd0-41cf-90b8-93919ff35a79","MomentumMAStrategy_LongOnly","BTC-USDT","Bybit Perpetual","long","20367.4","21986.2","0.16718041769574635","3.89438089640521","3405.0304393763445","266.73727926946884","7.83362392843465","72000.0","1678593600000.0","1678665600000.0"
"b416879f-fceb-4d85-a73b-b1aa54dad6e8","MomentumMAStrategy_LongOnly","BTC-USDT","Bybit Perpetual","long","21986.2","24009.0","0.1663966876805605","4.209396911062704","3658.4308546823395","332.377822929175","9.085256388097987","57600.0","1678665600000.0","1678723200000.0"
"e9572205-3d37-4947-85bf-bd3c1b19b214","MomentumMAStrategy_LongOnly","BTC-USDT","Bybit Perpetual","long","24009.0","26914.100000000002","0.16552916766483636","4.636092096852276","3974.189786465056","476.2426928862642","11.983390790953402","331200.0","1678723200000.0","1679054400000.0"
"a6d3ad4b-99d1-4d44-9fd9-3b38b3a2e937","MomentumMAStrategy_LongOnly","BTC-USDT","Bybit Perpetual","long","26914.1","28426.3","0.1644721668087362","5.006075525034202","4426.620344707007","243.7087351231368","5.505526025391898","1051200.0","1679054400000.0","1680105600000.0"
"05f427d2-a51a-4db2-94c1-175637111e5a","MomentumMAStrategy_LongOnly","BTC-USDT","Bybit Perpetual","long","28426.3","29623.1","0.16386739192487193","5.231822079442013","4658.143643073987","190.88467257624458","4.097870035847083","1065600.0","1680105600000.0","1681171200000.0"
"37fd97a6-a2c3-4ad5-a773-e8ee45feb8cd","MomentumMAStrategy_LongOnly","BTC-USDT","Bybit Perpetual","long","29623.1","30790.0","0.16336859012127086","5.428281634520442","4839.4840820214185","185.20652617799078","3.8269890558381854","302400.0","1681171200000.0","1681473600000.0"
"d916ff1d-09c8-4298-82b9-ba363a7249ad","MomentumMAStrategy_LongOnly","BTC-USDT","Bybit Perpetual","long","30790.0","29831.099999999995","0.16289153237708703","5.431065130361548","5015.43028189051","-161.62775552675114","-3.2226099545307085","244800.0","1681473600000.0","1681718400000.0"
"dc727855-7fbc-40bc-9512-d5f34b620b09","MomentumMAStrategy_LongOnly","BTC-USDT","Bybit Perpetual","long","29831.1","28492.300000000003","0.1629803766585911","5.22806333500532","4861.883914140097","-223.42619160552638","-4.595465370033273","288000.0","1681718400000.0","1682006400000.0"
"ec606e38-5508-478b-be50-de3846acc85d","MomentumMAStrategy_LongOnly","BTC-USDT","Bybit Perpetual","long","28492.300000000003","28091.2","0.16318896797081475","5.078591633047129","4649.629032114845","-70.53368668614128","-1.5169744983732523","14400.0","1682006400000.0","1682020800000.0"
"173fce5a-7f8d-4f0c-9b19-0236ca050cb2","MomentumMAStrategy_LongOnly","BTC-USDT","Bybit Perpetual","long","27704.6","29803.0","0.1654101495694943","5.231787394560458","4582.622029763012","341.8648704620666","7.460027648838105","288000.0","1682236800000.0","1682524800000.0"
"a94fa450-cf0e-44d3-a7d1-43cd400eb11f","MomentumMAStrategy_LongOnly","BTC-USDT","Bybit Perpetual","long","29802.999999999996","27871.9","0.16466106286957605","5.223245684193081","4907.393656701975","-323.2002241916306","-6.585985286716086","14400.0","1682524800000.0","1682539200000.0"
"aac2494c-b11b-4ad0-96e2-47ac6ea7add9","MomentumMAStrategy_LongOnly","BTC-USDT","Bybit Perpetual","long","27871.900000000005","29323.4","0.1650534568407581","5.192155089024316","4600.353443719926","234.38293751533544","5.094889781464472","230400.0","1682539200000.0","1682769600000.0"
"deab84a7-d828-4a64-a4b4-990518313407","MomentumMAStrategy_LongOnly","BTC-USDT","Bybit Perpetual","long","29323.399999999998","27833.9","0.16447673988553493","5.170575500562718","4823.017234359495","-250.1586795600664","-5.186767274599795","201600.0","1682769600000.0","1682971200000.0"
"d03a2efe-ff4a-441d-8d0c-a30a093b4890","MomentumMAStrategy_LongOnly","BTC-USDT","Bybit Perpetual","long","27833.899999999998","28054.4","0.16474035218842603","5.063882023866826","4585.366488777431","31.261365633681713","0.6817637305587921","14400.0","1682971200000.0","1682985600000.0"
"da01af44-7d53-44c5-b112-7b2877b26e3e","MomentumMAStrategy_LongOnly","BTC-USDT","Bybit Perpetual","long","28656.5","27874.1","0.16104774784532055","5.007269197889573","4615.064786129428","-131.0110271120686","-2.838768970390667","489600.0","1683072000000.0","1683561600000.0"
"9db81e56-7310-4c0f-a21e-58fdfb5893af","MomentumMAStrategy_LongOnly","BTC-USDT","Bybit Perpetual","long","27660.7","26307.7","0.16234601114118455","4.818854957219548","4490.6043103729635","-224.47300803124224","-4.998726062608683","187200.0","1683720000000.0","1683907200000.0"
"9aadf1db-6c8c-452a-a7bd-376f5b81e430","MomentumMAStrategy_LongOnly","BTC-USDT","Bybit Perpetual","long","26307.7","27398.599999999995","0.16258946820677153","4.802643315994334","4277.354952743283","172.56620755077176","4.034414011867225","230400.0","1683907200000.0","1684137600000.0"
"0fb5c3ce-c357-449f-aa28-6f52c971698c","MomentumMAStrategy_LongOnly","BTC-USDT","Bybit Perpetual","long","27398.6","26637.7","0.16209926236802305","4.817584404103462","4441.292849916516","-128.15891313993185","-2.885621765345667","590400.0","1684137600000.0","1684728000000.0"
"0d9ecc51-844b-403c-9d77-60e74a6583d1","MomentumMAStrategy_LongOnly","BTC-USDT","Bybit Perpetual","long","26637.7","27518.4","0.16215896576782463","4.830043441310388","4319.541882433582","137.9833577104129","3.194397958532459","576000.0","1684728000000.0","1685304000000.0"
"12d4a0d0-3c87-4196-b406-4ed4ab3d9578","MomentumMAStrategy_LongOnly","BTC-USDT","Bybit Perpetual","long","27518.4","26884.199999999997","0.16173273417998407","4.839274684475001","4450.626072258474","-107.41017470142161","-2.4133722527472687","331200.0","1685304000000.0","1685635200000.0"
"872d1a27-7b22-4ff2-8af4-61467e78ed98","MomentumMAStrategy_LongOnly","BTC-USDT","Bybit Perpetual","long","26985.1","25991.9","0.16114768543722735","4.695416512274397","4348.586406292124","-164.74729768852814","-3.7885253343511684","302400.0","1685678400000.0","1685980800000.0"
"dbaaf36f-5c69-408a-ac63-149eefbb26a5","MomentumMAStrategy_LongOnly","BTC-USDT","Bybit Perpetual","long","25991.9","25706.399999999998","0.1612839566745033","4.585958507540011","4192.076473488022","-50.63252813811129","-1.2078149923630195","57600.0","1685980800000.0","1686038400000.0"
"d12f0029-99f4-40f8-8b23-b17db4ff8d22","MomentumMAStrategy_LongOnly","BTC-USDT","Bybit Perpetual","long","27073.2","25637.2","0.1530655988858656","4.437481918932442","4143.975571756817","-224.23968191903543","-5.41122113381499","302400.0","1686081600000.0","1686384000000.0"
"a25463dc-c168-4b43-9633-a4c52a66bfb7","MomentumMAStrategy_LongOnly","BTC-USDT","Bybit Perpetual","long","25637.2","26572.0","0.1533298438961249","4.40287566726786","3930.9478739337333","138.92986240682959","3.5342585773797426","691200.0","1686384000000.0","1687075200000.0"
"d1d5f53a-f54c-4559-a046-14293c09e1af","MomentumMAStrategy_LongOnly","BTC-USDT","Bybit Perpetual","long","26572.0","27973.8","0.1529027262991202","4.587110840491603","4062.931243220222","209.75193088561497","5.16257643384013","216000.0","1687075200000.0","1687291200000.0"
"97517c39-8444-4469-9f6d-26b59d9aa8c0","MomentumMAStrategy_LongOnly","BTC-USDT","Bybit Perpetual","long","27973.8","29837.0","0.15236383964858385","4.844551503635993","4262.195577561555","279.03975452960555","6.546854771250244","72000.0","1687291200000.0","1687363200000.0"
"dcfc5d95-ff82-403c-9518-e7dfc914e0a5","MomentumMAStrategy_LongOnly","BTC-USDT","Bybit Perpetual","long","29836.999999999996","31067.999999999996","0.15173386548127096","5.082743092425244","4527.283344364681","181.70164531501933","4.01348074538325","1036800.0","1687363200000.0","1688400000000.0"
"3cb647ae-24f7-4a98-9381-3df91066e93f","MomentumMAStrategy_LongOnly","BTC-USDT","Bybit Perpetual","long","31068.0","29874.400000000005","0.15127783917258752","5.070579022295324","4699.899907413949","-185.63580785869505","-3.9497821552722896","288000.0","1688400000000.0","1688688000000.0"
"1e6ac9c4-0a0a-44cf-80ce-0f3b660161c0","MomentumMAStrategy_LongOnly","BTC-USDT","Bybit Perpetual","long","29874.399999999998","30824.5","0.15141880305372457","5.055025131572748","4523.545889948189","138.8079796497713","3.0685657452534687","331200.0","1688688000000.0","1689019200000.0"
"d63f46e7-66d6-496d-8868-fd51fbaa94db","MomentumMAStrategy_LongOnly","BTC-USDT","Bybit Perpetual","long","30824.5","30293.6","0.15102965078478064","5.076854914796117","4655.413470615471","-85.25849651643638","-1.831383980275435","489600.0","1689019200000.0","1689508800000.0"
"12670b6d-2391-4436-9627-444f258a4447","MomentumMAStrategy_LongOnly","BTC-USDT","Bybit Perpetual","long","30145.0","29259.6","0.15174715206252634","4.957963378177454","4574.417898924857","-139.3148918143385","-3.0455217448996565","604800.0","1689595200000.0","1690200000000.0"
"fe15df64-b0c6-413f-851e-8fcc3a61e025","MomentumMAStrategy_LongOnly","BTC-USDT","Bybit Perpetual","long","29259.6","28613.0","0.15181577163396748","4.832285384005171","4442.068751701235","-102.99636332252832","-2.3186575687979283","2059200.0","1690200000000.0","1692259200000.0"
"15bcde18-437a-44f0-9fb2-d1b378fde0d9","MomentumMAStrategy_LongOnly","BTC-USDT","Bybit Perpetual","long","28613.0","27889.400000000005","0.15182686913447846","4.718220369821177","4344.222206544832","-114.58014287552902","-2.6375295145563027","43200.0","1692259200000.0","1692302400000.0"
"5e4f9284-fd7a-43b0-8620-b845a3d76bd9","MomentumMAStrategy_LongOnly","BTC-USDT","Bybit Perpetual","long","26095.0","27411.399999999998","0.1623058467450883","4.776420857054767","4235.371070813079","208.8829957981791","4.931870013412523","777600.0","1692547200000.0","1693324800000.0"
"ccd33649-2108-46e9-87a0-9b1f7552e1ee","MomentumMAStrategy_LongOnly","BTC-USDT","Bybit Perpetual","long","27411.4","26148.7","0.161750582488357","4.764857555224058","4433.809916821349","-209.00731806327258","-4.7139440342339345","187200.0","1693324800000.0","1693512000000.0"
"4c98c665-5607-4705-a47b-ed50a40c9fea","MomentumMAStrategy_LongOnly","BTC-USDT","Bybit Perpetual","long","26148.7","25798.0","0.1619680123547725","4.627537061064314","4235.25296466124","-61.42971899388316","-1.4504380141269","72000.0","1693512000000.0","1693584000000.0"
"1c87d167-1ad0-42e2-8700-cfec5eead250","MomentumMAStrategy_LongOnly","BTC-USDT","Bybit Perpetual","long","25930.4","25102.5","0.16108099881286253","4.5212367773743125","4176.894731617051","-137.88019569454343","-3.3010215615648097","705600.0","1693742400000.0","1694448000000.0"
"e7609539-8669-4a79-852a-4607c465a0d2","MomentumMAStrategy_LongOnly","BTC-USDT","Bybit Perpetual","long","25102.5","26087.2","0.1611755221873214","4.53778964546178","4045.908545707235","154.17174705239373","3.810559366596956","72000.0","1694448000000.0","1694520000000.0"
"2da9abbd-5776-4231-9ccc-e767480175d1","MomentumMAStrategy_LongOnly","BTC-USDT","Bybit Perpetual","long","26087.200000000004","27184.699999999997","0.1607060821171689","4.708615084765686","4192.371705407009","171.66631003882603","4.0947301933515","518400.0","1694520000000.0","1695038400000.0"
"70642f97-3396-4fd7-ace9-8c11f850563a","MomentumMAStrategy_LongOnly","BTC-USDT","Bybit Perpetual","long","27184.7","26562.5","0.16021713316475422","4.736172264797974","4355.454699943894","-104.42327251990817","-2.397528609843039","432000.0","1695038400000.0","1695470400000.0"
"a375c831-930a-433c-9a77-5b51e5b3e76e","MomentumMAStrategy_LongOnly","BTC-USDT","Bybit Perpetual","long","26562.5","27174.200000000004","0.16023539166305814","4.735786644149142","4256.252591049982","93.28020243614422","2.191604009411781","691200.0","1695470400000.0","1696161600000.0"
"c18b120a-821b-49b4-b7c1-8f9e23404375","MomentumMAStrategy_LongOnly","BTC-USDT","Bybit Perpetual","long","27174.2","28114.8","0.1598894827948686","4.86207128783502","4344.868783364318","145.52997622901813","3.3494676936211496","57600.0","1696161600000.0","1696219200000.0"
"c8ea0f57-b2b0-4293-9b6f-503b74d42a7b","MomentumMAStrategy_LongOnly","BTC-USDT","Bybit Perpetual","long","28114.800000000003","27386.4","0.15945773260993798","4.8675525300218805","4483.1222607818845","-121.01656496310093","-2.69938132229289","748800.0","1696219200000.0","1696968000000.0"
"5be008b7-f58b-4f8a-abb5-cc3cb96d0599","MomentumMAStrategy_LongOnly","BTC-USDT","Bybit Perpetual","long","27386.4","26693.0","0.15950093930078213","4.7441433032524944","4368.15652406694","-115.34209461441506","-2.6405210980632776","244800.0","1696968000000.0","1697212800000.0"
"7b00bef1-b014-4164-bbf3-f99b73f42432","MomentumMAStrategy_LongOnly","BTC-USDT","Bybit Perpetual","long","26693.0","27837.2","0.15953926251014294","4.784839340891828","4258.581534183246","177.75998482321384","4.174159480013489","230400.0","1697212800000.0","1697443200000.0"
"17d1c3df-aefe-4513-8cd6-f2a3231ad3b1","MomentumMAStrategy_LongOnly","BTC-USDT","Bybit Perpetual","long","27837.2","29222.8","0.15904809103520826","4.991406240957941","4427.4535197652995","215.3856286974264","4.864774474444264","331200.0","1697443200000.0","1697774400000.0"
"ab8dba6f-6725-4d82-a0a9-f830d1f67f36","MomentumMAStrategy_LongOnly","BTC-USDT","Bybit Perpetual","long","29222.800000000003","30724.0","0.15850876257675015","5.2261511986397595","4632.069867027854","232.7272031815771","5.02425934544259","259200.0","1697774400000.0","1698033600000.0"
"47ac66e1-2113-49d6-838d-3ad26d6c30d1","MomentumMAStrategy_LongOnly","BTC-USDT","Bybit Perpetual","long","30723.999999999996","33074.0","0.15795992416515925","5.542639983038857","4853.1607100503525","365.66318180508597","7.534536844160929","72000.0","1698033600000.0","1698105600000.0"
"b313180b-1485-4c52-993f-ea78c6c2f7eb","MomentumMAStrategy_LongOnly","BTC-USDT","Bybit Perpetual","long","33074.0","34182.5","0.15723954564809772","5.8164598260347065","5200.540732765184","168.4835765248816","3.2397318890971762","388800.0","1698105600000.0","1698494400000.0"
"b44b9bd5-0322-4c7a-8b5f-b145221e21d7","MomentumMAStrategy_LongOnly","BTC-USDT","Bybit Perpetual","long","33981.0","35437.4","0.15775286573272773","6.023023344019434","5360.600130463821","223.72825030912546","4.17356722874548","331200.0","1698552000000.0","1698883200000.0"
"df7c324a-db4e-462d-8e31-d583bb23f9bc","MomentumMAStrategy_LongOnly","BTC-USDT","Bybit Perpetual","long","35437.4","37330.4","0.15726723654267782","6.29419494840965","5573.1419682574915","291.41268382687946","5.22887601799229","777600.0","1698883200000.0","1699660800000.0"
"37887a36-a7ef-4136-bb67-214c2468b1fd","MomentumMAStrategy_LongOnly","BTC-USDT","Bybit Perpetual","long","37330.4","35305.9","0.15670831327532056","6.260491630558093","5849.984017893027","-323.5164718564445","-5.530211208559243","331200.0","1699660800000.0","1699992000000.0"
"9a379948-201d-47cd-bd68-cc2619efe432","MomentumMAStrategy_LongOnly","BTC-USDT","Bybit Perpetual","long","37527.4","35737.0","0.1476959067142782","5.951468593332661","5542.643369629404","-270.3862199745766","-4.8782900494039065","532800.0","1700078400000.0","1700611200000.0"
"550b5ba0-619c-44a1-93b6-ff66cc4546d2","MomentumMAStrategy_LongOnly","BTC-USDT","Bybit Perpetual","long","35737.0","37378.5","0.14790767161914983","5.947888850348472","5285.7764606535575","236.84255411248597","4.4807523714917314","115200.0","1700611200000.0","1700726400000.0"
"46d7ff72-74b2-460d-b690-11b8a31a7be3","MomentumMAStrategy_LongOnly","BTC-USDT","Bybit Perpetual","long","37378.5","36743.2","0.14743172912397284","6.010339718134608","5510.776887060419","-99.67371723059497","-1.8087053653838514","374400.0","1700726400000.0","1701100800000.0"
"37380d9f-e2f1-4625-9b21-bd7dffd9b511","MomentumMAStrategy_LongOnly","BTC-USDT","Bybit Perpetual","long","37250.1","38578.0","0.14539791452080272","6.063886181141184","5416.086855691353","187.01000451103297","3.452861992316804","259200.0","1701172800000.0","1701432000000.0"
"1a7c955c-463d-4c42-b756-d3ede86de973","MomentumMAStrategy_LongOnly","BTC-USDT","Bybit Perpetual","long","38578.0","39758.5","0.1449983503545242","6.247264799900953","5593.746359976835","164.92328779361486","2.9483511975737464","187200.0","1701432000000.0","1701619200000.0"
"ba3bdee2-6323-4c10-8e37-bce2f5b60b16","MomentumMAStrategy_LongOnly","BTC-USDT","Bybit Perpetual","long","39758.5","41471.9","0.144633813734944","6.461764398768247","5750.42348338077","241.353812054685","4.197148483971985","57600.0","1701619200000.0","1701676800000.0"
"9067195f-aafc-4386-8f67-4561345b8f70","MomentumMAStrategy_LongOnly","BTC-USDT","Bybit Perpetual","long","41471.9","43834.0","0.1441870183143941","6.76500185109423","5979.70960483272","333.81915410933584","5.582531195821746","129600.0","1701676800000.0","1701806400000.0"
"b63c5287-fa29-4aed-a4f6-5df1227f5b95","MomentumMAStrategy_LongOnly","BTC-USDT","Bybit Perpetual","long","43834.0","42346.6","0.1436519095048727","6.809004263751598","6296.837801236589","-220.47685446129947","-3.5013900853219004","489600.0","1701806400000.0","1702296000000.0"
"95a1ca8b-c9d7-4f27-9802-2cf6b3fac2dc","MomentumMAStrategy_LongOnly","BTC-USDT","Bybit Perpetual","long","42875.0","41396.5","0.14197982016322694","6.580668828186958","6087.384789498355","-216.497832939518","-3.556499883381924","345600.0","1702512000000.0","1702857600000.0"
"a5b8a77d-2a8a-41c5-867c-0f2a410e04f5","MomentumMAStrategy_LongOnly","BTC-USDT","Bybit Perpetual","long","42671.7","45435.0","0.13783636105910507","6.6793688021094395","5881.711848205813","374.20384771251605","6.36215879611078","1224000.0","1702944000000.0","1704168000000.0"
"d21f79da-0b2a-4cb5-b23c-334e08b8f54f","MomentumMAStrategy_LongOnly","BTC-USDT","Bybit Perpetual","long","45435.0","42775.0","0.13727755042440193","6.6600889976150714","6237.205503532701","-371.8183731265242","-5.9612974579069","187200.0","1704168000000.0","1704355200000.0"
"073fd252-063b-4199-8b40-4261fbabce57","MomentumMAStrategy_LongOnly","BTC-USDT","Bybit Perpetual","long","42775.0","43469.1","0.13755647104763308","6.524888724573545","5883.978049062505","88.95305782958837","1.5117843249561624","72000.0","1704355200000.0","1704427200000.0"
"f516ce09-1eb0-4d9b-a190-ea660c5742e8","MomentumMAStrategy_LongOnly","BTC-USDT","Bybit Perpetual","long","43769.9","47006.7","0.13636045442188843","6.808086134780699","5968.483454000615","434.56343273798717","7.2809690449372635","288000.0","1704456000000.0","1704744000000.0"
"53e85af1-d564-42c7-9e4e-50334cfd7969","MomentumMAStrategy_LongOnly","BTC-USDT","Bybit Perpetual","long","47006.7","44495.1","0.13575338654067828","6.83192357351231","6381.318715101702","-347.7901292090797","-5.450129428358082","331200.0","1704744000000.0","1705075200000.0"
"7237fbc4-1be1-46b9-ac0d-39d2dc8709fb","MomentumMAStrategy_LongOnly","BTC-USDT","Bybit Perpetual","long","42989.6","40897.0","0.14075306800605442","6.494012973028177","6050.918092353077","-301.0338830824975","-4.9750117005043055","331200.0","1705348800000.0","1705680000000.0"
"2364e266-7c2f-4fc8-bf79-655e810de347","MomentumMAStrategy_LongOnly","BTC-USDT","Bybit Perpetual","long","41818.5","39812.5","0.13785611400276684","6.189332843187923","5764.935903424705","-282.7286975327382","-4.904281717421714","259200.0","1705694400000.0","1705953600000.0"
"fed6fca2-0f9d-4a9f-b38b-3238b4f30ae4","MomentumMAStrategy_LongOnly","BTC-USDT","Bybit Perpetual","long","39812.5","38850.1","0.13805572724065568","5.9729023473024405","5496.343640768604","-138.83773424370966","-2.526001708006283","57600.0","1705953600000.0","1706011200000.0"
"e0ea12a0-70d5-4449-9ddb-21542e02445f","MomentumMAStrategy_LongOnly","BTC-USDT","Bybit Perpetual","long","40195.2","41896.4","0.13345991046784395","6.025765672389133","5364.447793237081","221.01623401550756","4.120018360401253","288000.0","1706097600000.0","1706385600000.0"
"19d10f19-e359-48b2-abbf-ce64820ebf91","MomentumMAStrategy_LongOnly","BTC-USDT","Bybit Perpetual","long","41896.4","43502.9","0.13305231990223051","6.249416240664606","5574.413215551811","207.49913568226873","3.722349378466885","201600.0","1706385600000.0","1706587200000.0"
"052c6078-412b-4da4-aaa9-b78d04d9b116","MomentumMAStrategy_LongOnly","BTC-USDT","Bybit Perpetual","long","43502.9","45406.3","0.13267017588367594","6.487579560922307","5771.537394449966","246.03683321606667","4.2629340572697485","820800.0","1706587200000.0","1707408000000.0"
"d4fcbfe2-9fc1-4bf6-8d19-2121f984c870","MomentumMAStrategy_LongOnly","BTC-USDT","Bybit Perpetual","long","45406.3","47486.2","0.13225636940259897","6.75709363710201","6005.27238600523","268.3229290833628","4.468122540264223","100800.0","1707408000000.0","1707508800000.0"
"52d8a77c-13e1-4ea2-b14f-dea1244e1463","MomentumMAStrategy_LongOnly","BTC-USDT","Bybit Perpetual","long","47486.2","49925.4","0.13183154618888066","7.063057014603022","6260.179168634424","314.5004504493152","5.023825069178002","244800.0","1707508800000.0","1707753600000.0"
"544a7d4e-ee10-496f-b633-efb8e7d286ce","MomentumMAStrategy_LongOnly","BTC-USDT","Bybit Perpetual","long","49925.4","52379.9","0.13137510358577545","7.392203161680609","6558.954596561274","315.06798858960525","4.803631187732097","216000.0","1707753600000.0","1707969600000.0"
"42fcf93c-1ad6-4b67-a5fe-cfc0c30d18f7","MomentumMAStrategy_LongOnly","BTC-USDT","Bybit Perpetual","long","52379.9","54531.3","0.13093322411309294","7.699025460389837","6858.269185721397","273.99071289651846","3.995041685837509","1008000.0","1707969600000.0","1708977600000.0"
"65a60845-9aa1-4a82-affe-91fd4376c5bf","MomentumMAStrategy_LongOnly","BTC-USDT","Bybit Perpetual","long","54531.3","57390.7","0.13054081532941797","8.035714023314515","7118.56036297309","365.23269332962246","5.130710069262963","86400.0","1708977600000.0","1709064000000.0"
"d8ef6dcb-1a9b-43a0-a03b-f24654fd202a","MomentumMAStrategy_LongOnly","BTC-USDT","Bybit Perpetual","long","57390.7","61000.0","0.13008259912557665","8.470313482563025","7465.531421636231","461.03681154138116","6.175539094313195","72000.0","1709064000000.0","1709136000000.0"
"6f66cb0a-b5be-4178-b2f7-065cb95cfacb","MomentumMAStrategy_LongOnly","BTC-USDT","Bybit Perpetual","long","61000.0","61641.0","0.12956584250164827","8.739546469634556","7903.516392600544","74.31215857392198","0.9402417213114753","316800.0","1709136000000.0","1709452800000.0"
"f75ac945-7501-411f-8603-3c7adeb07e80","MomentumMAStrategy_LongOnly","BTC-USDT","Bybit Perpetual","long","62797.1","66505.4","0.1269821845793161","9.030512656861859","7974.11294324577","461.8575224186155","5.791961133555524","72000.0","1709496000000.0","1709568000000.0"
"85bb25df-812a-4f0b-8739-fb1b2138bbef","MomentumMAStrategy_LongOnly","BTC-USDT","Bybit Perpetual","long","66505.4","71223.8","0.12649916532407077","9.582445862413605","8412.877589543456","587.291215802683","6.980860110607573","576000.0","1709568000000.0","1710144000000.0"
"0de9f1e0-20ab-4e81-8db4-bb7100c8a229","MomentumMAStrategy_LongOnly","BTC-USDT","Bybit Perpetual","long","71223.8","68487.4","0.1259523395909233","9.678323878880473","8970.804244556004","-354.3343059354841","-3.9498610857606704","345600.0","1710144000000.0","1710489600000.0"
"53e1a56f-b3ca-4ed4-8518-6177a7053e58","MomentumMAStrategy_LongOnly","BTC-USDT","Bybit Perpetual","long","68262.9","61974.1","0.12648432243454782","9.060116285499513","8634.186653917293","-804.4947232118833","-9.3175507486497","144000.0","1710748800000.0","1710892800000.0"
"e81ad2dc-e218-4707-be2d-71e0e47b613f","MomentumMAStrategy_LongOnly","BTC-USDT","Bybit Perpetual","long","66707.8","64007.6","0.117975958836388","8.481701057325097","7869.916666866005","-327.0403851073405","-4.1555762144756745","259200.0","1710993600000.0","1711252800000.0"
"d085631e-f158-46c9-9e73-e4cbf46186d7","MomentumMAStrategy_LongOnly","BTC-USDT","Bybit Perpetual","long","65371.9","69844.6","0.1156342144103817","8.599609564051757","7559.228301014032","508.597541229263","6.728167492454716","100800.0","1711281600000.0","1711382400000.0"
"535ccc37-a527-40c5-91ae-8fbc9d4800f8","MomentumMAStrategy_LongOnly","BTC-USDT","Bybit Perpetual","long","69844.6","65684.2","0.11514699726509751","8.583153899618072","8042.39596518183","-487.6407213213308","-6.0633761808357525","676800.0","1711382400000.0","1712059200000.0"
"438b66af-f684-4347-aee3-07e80576333c","MomentumMAStrategy_LongOnly","BTC-USDT","Bybit Perpetual","long","68484.0","72472.6","0.1106701898242884","8.579831523442461","7579.137279926567","432.8392876097149","5.710930830558971","316800.0","1712260800000.0","1712577600000.0"
"13605022-3ccb-4dda-ad61-c30d5e3c7a99","MomentumMAStrategy_LongOnly","BTC-USDT","Bybit Perpetual","long","72472.6","69094.7","0.11025317986598791","8.58453474452325","7990.334603155797","-381.0087510138448","-4.768370411714232","172800.0","1712577600000.0","1712750400000.0"
"31feac87-25d2-48bb-816c-07e234960489","MomentumMAStrategy_LongOnly","BTC-USDT","Bybit Perpetual","long","69094.7","64779.1","0.1104046517271606","8.129159645415355","7628.376289692644","-484.5914746391495","-6.352485197851642","288000.0","1712750400000.0","1713038400000.0"
"42090b56-6a6b-4844-badc-ce5c4028ed8c","MomentumMAStrategy_LongOnly","BTC-USDT","Bybit Perpetual","long","64552.8","61254.5","0.11104110726080747","7.6833800414209215","7168.014388785453","-373.93026411974256","-5.216650579060866","201600.0","1713196800000.0","1713398400000.0"
"2d3826f6-70f0-45a4-866d-c6c3fbe8f71d","MomentumMAStrategy_LongOnly","BTC-USDT","Bybit Perpetual","long","63474.0","66585.7","0.10733183095238519","7.677750153764863","6812.780637871698","326.30670822077184","4.789625933453063","475200.0","1713456000000.0","1713931200000.0"
"0d7813b9-1970-485b-8913-8a5a76ff3bf1","MomentumMAStrategy_LongOnly","BTC-USDT","Bybit Perpetual","long","66585.7","64478.80000000001","0.10697149704338066","7.711091175833191","7122.772010681431","-233.08933829653049","-3.272452606190198","158400.0","1713931200000.0","1714089600000.0"
"2ac9d870-53c9-4099-8d0e-2ff00822e2f6","MomentumMAStrategy_LongOnly","BTC-USDT","Bybit Perpetual","long","64236.6","61182.3","0.10743621454590882","7.410992516681537","6901.337139299726","-335.5534226042504","-4.862150853251878","360000.0","1714118400000.0","1714478400000.0"
"4019be8d-876c-425d-b1c5-83fed0fdaa79","MomentumMAStrategy_LongOnly","BTC-USDT","Bybit Perpetual","long","61182.3","60214.0","0.10758930912740593","7.18351922619282","6582.561387825688","-111.36224725426028","-1.6917768129017752","57600.0","1714478400000.0","1714536000000.0"
"e063d595-8e4f-4a79-b907-e645dc7359ae","MomentumMAStrategy_LongOnly","BTC-USDT","Bybit Perpetual","long","59158.09999999999","63850.0","0.10948234059129928","7.406968084828732","6476.767252934142","506.27322573548935","7.816758051729196","100800.0","1714723200000.0","1714824000000.0"
"852d78d4-9f7b-4725-9770-8e69237a007a","MomentumMAStrategy_LongOnly","BTC-USDT","Bybit Perpetual","long","63850.0","62251.8","0.10896987967710031","7.557713885186173","6957.726817382855","-181.71337558512755","-2.611677353171491","360000.0","1714824000000.0","1715184000000.0"
"8afa11ae-9d5c-4d8c-adf2-cb36da93d995","MomentumMAStrategy_LongOnly","BTC-USDT","Bybit Perpetual","long","62420.6","65959.6","0.10869967783995962","7.675187509566273","6785.099110576984","377.0129723660516","5.556484381758597","518400.0","1715284800000.0","1715803200000.0"
"a40afb4b-7c3b-42cd-a598-cb7a13a9ab58","MomentumMAStrategy_LongOnly","BTC-USDT","Bybit Perpetual","long","65959.6","69996.4","0.10829752506571798","8.098034074809114","7143.261434324732","429.07741511048","6.006743825008018","432000.0","1715803200000.0","1716235200000.0"
"05a69de2-d4d0-4638-a53c-2b41f0147a92","MomentumMAStrategy_LongOnly","BTC-USDT","Bybit Perpetual","long","69996.4","67191.2","0.107875333283993","8.139536939837114","7550.884978679687","-310.751421868094","-4.1154304792817875","302400.0","1716235200000.0","1716537600000.0"
"afa05b97-dcae-47f7-a235-cc103e0f9cb6","MomentumMAStrategy_LongOnly","BTC-USDT","Bybit Perpetual","long","69127.4","71625.1","0.10496085673560698","8.125426643223188","7255.671127904998","254.0353052253036","3.5011965226523953","1022400.0","1716580800000.0","1717603200000.0"
"ae83bebf-892b-489e-8660-b3c561359293","MomentumMAStrategy_LongOnly","BTC-USDT","Bybit Perpetual","long","71625.1","69486.6","0.10467007610277732","8.123594807895756","7497.004667869036","-231.96055255368503","-3.094043058927666","273600.0","1717603200000.0","1717876800000.0"
"3c13d784-6b11-413c-b1a6-a7d575617f9f","MomentumMAStrategy_LongOnly","BTC-USDT","Bybit Perpetual","long","69486.6","66919.6","0.10472007758248401","7.856457315702508","7276.642142943035","-276.672896469939","-3.8022056195007385","230400.0","1717876800000.0","1718107200000.0"
"7e32f7b6-7bec-4b59-9b10-653e70f57933","MomentumMAStrategy_LongOnly","BTC-USDT","Bybit Perpetual","long","66919.6","69738.0","0.10480939651905558","7.877650322158369","7013.802891296592","287.51715282714724","4.099304717900277","100800.0","1718107200000.0","1718208000000.0"
"472d55f1-cbf9-48b8-b2f6-40bfb82ee1e0","MomentumMAStrategy_LongOnly","BTC-USDT","Bybit Perpetual","long","69738.0","66464.4","0.10449029491069979","7.827505918949804","7286.944186482382","-349.8869353386172","-4.8015591499612915","86400.0","1718208000000.0","1718294400000.0"
"0245854e-4a5e-45a1-b699-65db0efb801d","MomentumMAStrategy_LongOnly","BTC-USDT","Bybit Perpetual","long","66464.4","63745.50000000001","0.10463573880018019","7.493534997078671","6954.551597910696","-291.9876452208872","-4.198511451243052","676800.0","1718294400000.0","1718971200000.0"
"1e2a2a29-01d6-4d4b-8bd3-22565e4b43dd","MomentumMAStrategy_LongOnly","BTC-USDT","Bybit Perpetual","long","63745.5","61257.3","0.10474721093960912","7.201532062802974","6677.163334950853","-267.8335423227381","-4.011187519118993","259200.0","1718971200000.0","1719230400000.0"
"4e77fe6e-bb3a-4db7-b765-51045bb7a5f5","MomentumMAStrategy_LongOnly","BTC-USDT","Bybit Perpetual","long","61257.3","59294.7","0.1048482624886218","6.9518172567405845","6422.721469744252","-212.72701721691033","-3.3121009251142404","28800.0","1719230400000.0","1719259200000.0"
"2050a34e-0899-40f5-9088-a428f04dc6b8","MomentumMAStrategy_LongOnly","BTC-USDT","Bybit Perpetual","long","61957.9","60208.0","0.10040093036381458","6.746063510303005","6220.630803388187","-182.43765155394226","-2.9327837854414067","705600.0","1719345600000.0","1720051200000.0"
"a729d0e1-1da2-4e1d-948b-cc2285bf45c5","MomentumMAStrategy_LongOnly","BTC-USDT","Bybit Perpetual","long","57285.4","60031.3","0.10556468200295262","6.811475071024686","6047.315034411942","283.0585852408831","4.680731591295515","662400.0","1720281600000.0","1720944000000.0"
"fef95194-66ea-467b-82f7-8cb7f382153c","MomentumMAStrategy_LongOnly","BTC-USDT","Bybit Perpetual","long","60031.30000000001","62985.9","0.1052154574428803","7.1188210342382625","6316.220690390781","303.750769526495","4.809058840971279","115200.0","1720944000000.0","1721059200000.0"
"832581fa-1daf-43d3-9c3e-1044a96824a0","MomentumMAStrategy_LongOnly","BTC-USDT","Bybit Perpetual","long","62985.9","67107.8","0.10486130898250168","7.502987619807284","6604.783921440952","424.72484187516653","6.430563769034024","360000.0","1721059200000.0","1721419200000.0"
"1b28210c-fd46-4995-8c9b-4891ba87ba7a","MomentumMAStrategy_LongOnly","BTC-USDT","Bybit Perpetual","long","67107.8","64074.0","0.10443305429804522","7.5348438232734205","7008.2725212223595","-324.36384395268334","-4.628299527029649","460800.0","1721419200000.0","1721880000000.0"
"d13231ff-4d6c-4e2a-9768-7382031669a3","MomentumMAStrategy_LongOnly","BTC-USDT","Bybit Perpetual","long","65773.0","68822.0","0.101867436021883","7.540966153250938","6700.126869467311","303.0528462774703","4.5230911620269705","144000.0","1721952000000.0","1722096000000.0"
"3fd787fb-c788-48c9-83db-56a34eab721e","MomentumMAStrategy_LongOnly","BTC-USDT","Bybit Perpetual","long","68822.0","66028.9","0.10153769250284657","7.530847069862662","6988.027073430907","-291.135775999564","-4.16620847258145","302400.0","1722096000000.0","1722398400000.0"
"79be5566-4a83-4ad8-81f0-02f79e811909","MomentumMAStrategy_LongOnly","BTC-USDT","Bybit Perpetual","long","64600.1","60857.7","0.10389222441190217","7.168749451502947","6711.448086231321","-395.9750100906058","-5.899993637780749","129600.0","1722571200000.0","1722700800000.0"
"d79cce29-cdf1-4c0f-b788-0458eec0aff6","MomentumMAStrategy_LongOnly","BTC-USDT","Bybit Perpetual","long","56737.0","60989.1","0.11166032442048832","7.229933985317368","6335.271826645246","467.56093148304086","7.380282082239101","345600.0","1722974400000.0","1723320000000.0"
"35ba4c33-9269-4d10-b205-cf041742d69c","MomentumMAStrategy_LongOnly","BTC-USDT","Bybit Perpetual","long","60989.1","58360.9","0.11115846457078617","7.296719510587831","6779.4547115541345","-299.4433960955277","-4.416924499623699","748800.0","1723320000000.0","1724068800000.0"
"2fda70bd-f69a-4d00-b075-73798a7414fc","MomentumMAStrategy_LongOnly","BTC-USDT","Bybit Perpetual","long","58360.9","61538.1","0.11128998156751152","7.338956624979685","6494.983485263383","346.2515728113176","5.331061635444274","201600.0","1724068800000.0","1724270400000.0"
"9f55b146-1510-4281-a079-e2a8a200f6c1","MomentumMAStrategy_LongOnly","BTC-USDT","Bybit Perpetual","long","61538.1","64099.9","0.11088939176598131","7.662556771481898","6823.922479434134","276.41388705460935","4.050659835126536","331200.0","1724270400000.0","1724601600000.0"
"f90ed1df-7273-45c4-b4bc-21a0db90efe6","MomentumMAStrategy_LongOnly","BTC-USDT","Bybit Perpetual","long","64099.9","61673.3","0.11055423911949962","7.6476182351935575","7086.515672136014","-275.9185348825711","-3.893571222420001","172800.0","1724601600000.0","1724774400000.0"
"ebe192cd-b402-40af-9077-04babdd7a1fb","MomentumMAStrategy_LongOnly","BTC-USDT","Bybit Perpetual","long","61673.3","59597.3","0.1106539306960641","7.380487712328562","6824.393063997571","-237.09804783735765","-3.4742730322522064","43200.0","1724774400000.0","1724817600000.0"
"2aad3bcd-d3a5-402d-b013-6cbfb24141ed","MomentumMAStrategy_LongOnly","BTC-USDT","Bybit Perpetual","long","59323.2","56536.2","0.11124062623985356","7.08854971647553","6599.149918552081","-317.11617504694743","-4.805409468808156","475200.0","1724976000000.0","1725451200000.0"
"e0b0b410-e1ff-4836-9d9b-09159b58834c","MomentumMAStrategy_LongOnly","BTC-USDT","Bybit Perpetual","long","56536.2","53663.6","0.1113956996094092","6.751681099799335","6297.88955225748","-326.74696779778805","-5.1881978095450325","360000.0","1725451200000.0","1725811200000.0"
"7265b1a3-c74f-4273-904a-7b1815e87c91","MomentumMAStrategy_LongOnly","BTC-USDT","Bybit Perpetual","long","53663.6","57060.1","0.11157432473500813","6.7946571328138905","5987.479932849582","372.1675368296412","6.215762574631594","100800.0","1725811200000.0","1725912000000.0"
"2c89c25f-21a2-445a-9992-f2103dd84817","MomentumMAStrategy_LongOnly","BTC-USDT","Bybit Perpetual","long","57060.1","60456.2","0.1111291268826683","7.182716097414942","6341.039092837741","370.2229117088147","5.838521199577286","360000.0","1725912000000.0","1726272000000.0"
"e0738b7b-ea74-4062-89be-2811f9ebddc9","MomentumMAStrategy_LongOnly","BTC-USDT","Bybit Perpetual","long","60456.2","57860.7","0.11070412726835487","7.203993035578469","6692.750858961115","-294.5365553605935","-4.400829517898909","230400.0","1726272000000.0","1726502400000.0"
"57473472-7bbe-4ca4-b149-e00f64f9ee61","MomentumMAStrategy_LongOnly","BTC-USDT","Bybit Perpetual","long","57860.7","61103.0","0.11083414357877716","7.251881893554415","6412.941131368551","352.1056618319151","5.490548792185375","86400.0","1726502400000.0","1726588800000.0"
"93687763-fd8f-4367-a571-6f57043a8b10","MomentumMAStrategy_LongOnly","BTC-USDT","Bybit Perpetual","long","61103.0","63320.6","0.11042733597546554","7.5568716742623145","6747.441510108871","237.32678858492991","3.517285599725052","374400.0","1726588800000.0","1726963200000.0"
"2a29beae-aa72-43f3-a796-70709c816b6b","MomentumMAStrategy_LongOnly","BTC-USDT","Bybit Perpetual","long","63320.6","65974.0","0.11012059202320498","7.830898843571914","6972.901959264554","284.36308003080035","4.078116710833443","489600.0","1726963200000.0","1727452800000.0"
"e4f686ec-c72c-4673-b6f8-c30fcca1f774","MomentumMAStrategy_LongOnly","BTC-USDT","Bybit Perpetual","long","65974.0","63794.4","0.10978638380716363","7.835741852642844","7243.046885293813","-247.12614399873655","-3.41190866098766","244800.0","1727452800000.0","1727697600000.0"
"3cbf51e8-538f-4f88-ab25-0e6f5c5da00c","MomentumMAStrategy_LongOnly","BTC-USDT","Bybit Perpetual","long","63794.4","61739.69999999999","0.10985724528320688","7.584956728308642","7008.277048495013","-233.3086386117151","-3.3290441715887473","115200.0","1727697600000.0","1727812800000.0"
"7cfda8cd-c4ea-4cf1-a293-188e3360efac","MomentumMAStrategy_LongOnly","BTC-USDT","Bybit Perpetual","long","60998.0","63494.600000000006","0.11125994035564914","7.618071587895828","6786.633841813886","270.15349550401845","3.980669972786002","288000.0","1727985600000.0","1728273600000.0"
"2b636258-31c7-489e-9ac8-3366838aea74","MomentumMAStrategy_LongOnly","BTC-USDT","Bybit Perpetual","long","63494.6","61013.7","0.11092722314248302","7.59624798745517","7043.279662542702","-282.7955958816415","-4.015112411134178","230400.0","1728273600000.0","1728504000000.0"
"f967446a-08d5-43be-aed7-e92cd28fb172","MomentumMAStrategy_LongOnly","BTC-USDT","Bybit Perpetual","long","61013.7","64281.6","0.11103447006910158","7.651653480707007","6774.6238464551425","355.1978912581102","5.243064401929405","374400.0","1728504000000.0","1728878400000.0"
"254e38ab-e082-4bc5-a214-296c821cbb9e","MomentumMAStrategy_LongOnly","BTC-USDT","Bybit Perpetual","long","64281.6","67872.3","0.11063915402152945","8.04176763315519","7112.061843150347","389.23024271195106","5.4728185903897915","201600.0","1728878400000.0","1729080000000.0"
"20944c70-e708-4c2b-9d70-6a6b77d1608d","MomentumMAStrategy_LongOnly","BTC-USDT","Bybit Perpetual","long","67872.3","70927.5","0.11023393304377044","8.4152463228288","7481.830573726701","328.3714659124983","4.388918763619321","1094400.0","1729080000000.0","1730174400000.0"
"b901750e-5603-431a-bfa7-a563a169089f","MomentumMAStrategy_LongOnly","BTC-USDT","Bybit Perpetual","long","70927.5","69381.0","0.10988380340972928","8.4796973968927","7793.783466343573","-178.41499937003903","-2.2891962567410387","302400.0","1730174400000.0","1730476800000.0"
"78e0a57b-c0ef-4757-809f-00a6a584255a","MomentumMAStrategy_LongOnly","BTC-USDT","Bybit Perpetual","long","68670.0","74367.1","0.11102794840457313","8.734613667306872","7624.289216942037","623.8027111883873","8.181781847968555","201600.0","1730664000000.0","1730865600000.0"
"491b8156-604d-4a3d-bbad-8e6d9b772480","MomentumMAStrategy_LongOnly","BTC-USDT","Bybit Perpetual","long","74367.1","78858.2","0.11049108802912853","9.311516560824296","8216.901792571005","486.9150088867939","5.925773742689968","360000.0","1730865600000.0","1731225600000.0"
"1ce218a6-11bf-4e0f-8181-973df12ae8d8","MomentumMAStrategy_LongOnly","BTC-USDT","Bybit Perpetual","long","78858.2","84114.2","0.11006428058227882","9.865591978422056","8679.47105101346","568.6322667620354","6.551462219528218","115200.0","1731225600000.0","1731340800000.0"
"fa1c4054-cae6-4151-9214-3d7eb810e966","MomentumMAStrategy_LongOnly","BTC-USDT","Bybit Perpetual","long","84114.2","92608.10000000002","0.10960898046272084","10.653693120414902","9219.671704437393","920.3540260318922","9.982503233698976","172800.0","1731340800000.0","1731513600000.0"
"0d6cb3b3-7079-46c2-9d72-739b3e04ebbc","MomentumMAStrategy_LongOnly","BTC-USDT","Bybit Perpetual","long","92608.1","98014.00000000001","0.10899703189210973","11.427483712172513","10094.008029167688","577.7995709933845","5.72418378629948","676800.0","1731513600000.0","1732190400000.0"
"cdfc9c73-46b2-44b8-ba52-85af1c5f3168","MomentumMAStrategy_LongOnly","BTC-USDT","Bybit Perpetual","long","98014.0","96040.4","0.1085856879793846","11.58934179118468","10642.917621611403","-225.89405558729874","-2.1224824208786557","360000.0","1732190400000.0","1732550400000.0"
"744e3743-19f4-482d-8ecf-6e31a3372e04","MomentumMAStrategy_LongOnly","BTC-USDT","Bybit Perpetual","long","95905.2","103084.8","0.10873569179568437","11.900523420732778","10428.318268803469","768.7782493955634","7.372025187372537","619200.0","1732752000000.0","1733371200000.0"
"d863999b-7bbe-489c-8b7e-f2ae6f6c977b","MomentumMAStrategy_LongOnly","BTC-USDT","Bybit Perpetual","long","103084.8","98157.39999999998","0.10824736145124456","11.981165439454006","11158.657605729255","-545.359214254319","-4.887319187697918","374400.0","1733371200000.0","1733745600000.0"
"4e145123-9a11-4798-9016-d894a9cca90b","MomentumMAStrategy_LongOnly","BTC-USDT","Bybit Perpetual","long","98157.4","95687.9","0.10840309902450201","11.557387188233864","10640.566352187654","-279.25884022924157","-2.624473463029787","100800.0","1733745600000.0","1733846400000.0"
"f5c61f9a-ce15-4f95-a613-c6753cb77c8d","MomentumMAStrategy_LongOnly","BTC-USDT","Bybit Perpetual","long","100352.7","104460.4","0.10338805487017166","11.646375411511476","10375.270453969875","413.04073757869236","3.9810117664995537","374400.0","1733932800000.0","1734307200000.0"
"be46e44b-762c-448d-856b-e8fbacc9c68c","MomentumMAStrategy_LongOnly","BTC-USDT","Bybit Perpetual","long","104460.4","101163.3","0.10307886198664407","11.657501346415707","10767.659154669633","-351.51881720257893","-3.264579721119191","273600.0","1734307200000.0","1734580800000.0"
"51e184e9-ca5f-40ad-ac67-01a0c889d06f","MomentumMAStrategy_LongOnly","BTC-USDT","Bybit Perpetual","long","97261.8","94550.60000000002","0.10727455463837995","11.317124381265337","10433.716278327183","-302.1598969168392","-2.895994953825636","532800.0","1734825600000.0","1735358400000.0"
"ee04a414-7388-46ff-a873-e071e95c4224","MomentumMAStrategy_LongOnly","BTC-USDT","Bybit Perpetual","long","95233.2","98160.1","0.1065454523869426","11.332847150407039","10146.664376256182","300.5150374409362","2.9617126012777155","590400.0","1735459200000.0","1736049600000.0"
"35d4d198-6a1a-47b4-9943-ac2f08ec6132","MomentumMAStrategy_LongOnly","BTC-USDT","Bybit Perpetual","long","98160.1","102104.5","0.1062769257755959","11.705928316323671","10432.153661825072","407.49277771293623","3.9061232313332956","129600.0","1736049600000.0","1736179200000.0"
"b38d56f2-0f3b-48a3-9a3c-6db41fced044","MomentumMAStrategy_LongOnly","BTC-USDT","Bybit Perpetual","long","102104.5","97915.3","0.10596273230516148","11.657054487722569","10819.271800652361","-455.5561326605048","-4.210598837465535","86400.0","1736179200000.0","1736265600000.0"
"fa361d42-cf31-4333-a7b2-fb6ac4c94b5a","MomentumMAStrategy_LongOnly","BTC-USDT","Bybit Perpetual","long","97915.3","95450.0","0.1060763075293124","11.281312365563762","10386.493474624882","-272.7912333175779","-2.6264035498027405","86400.0","1736265600000.0","1736352000000.0"
"a7f84adc-aadc-4f58-a8a1-b9c83e37ce2b","MomentumMAStrategy_LongOnly","BTC-USDT","Bybit Perpetual","long","95275.9","90827.5","0.10629489517257965","10.880012766843363","10127.34180297318","-483.7222244525461","-4.776398722027285","230400.0","1736539200000.0","1736769600000.0"
"e9ca9658-f2de-43b2-859d-3f33a95ce55f","MomentumMAStrategy_LongOnly","BTC-USDT","Bybit Perpetual","long","90827.5","96508.40000000001","0.1064413937380558","10.967161861245177","9667.805689743263","593.715751825277","6.14116347471857","86400.0","1736769600000.0","1736856000000.0"
"58cb15e9-9302-47fa-ba01-1972f7009a7f","MomentumMAStrategy_LongOnly","BTC-USDT","Bybit Perpetual","long","96508.4","101406.9","0.10602015631776376","11.540656074022412","10231.835653977272","507.7990796485434","4.962932330242756","244800.0","1736856000000.0","1737100800000.0"
"e4634845-a2cc-4842-8198-1ef79a01912d","MomentumMAStrategy_LongOnly","BTC-USDT","Bybit Perpetual","long","101406.9","106247.90000000001","0.10565597389963988","12.066983570914218","10714.24477964339","499.41358607724396","4.661211278522482","216000.0","1737100800000.0","1737316800000.0"
"ae241537-17b8-4333-a43b-0d295b6a2fb1","MomentumMAStrategy_LongOnly","BTC-USDT","Bybit Perpetual","long","106247.9","101349.2","0.10530737724149626","12.023828368167344","11188.68768641677","-527.8930772610847","-4.718096456494666","633600.0","1737316800000.0","1737950400000.0"
"66327c8c-36d0-47b2-aa99-3bb9c330e678","MomentumMAStrategy_LongOnly","BTC-USDT","Bybit Perpetual","long","101349.2","101070.8","0.10544917239621764","11.739761812043305","10687.18926301874","-41.09681140714968","-0.3845427492274179","43200.0","1737950400000.0","1737993600000.0"
"014f84d7-53e3-43bb-9411-72b676f70349","MomentumMAStrategy_LongOnly","BTC-USDT","Bybit Perpetual","long","102753.8","100603.6","0.1036277713542657","11.590410782718873","10648.147292181946","-234.41084474866065","-2.201423762430194","403200.0","1738051200000.0","1738454400000.0"
"82d5edf5-9970-4d67-b985-885146b15cca","MomentumMAStrategy_LongOnly","BTC-USDT","Bybit Perpetual","long","101293.7","96153.39999999998","0.10292305434267598","11.177022231707078","10425.456989670718","-540.2323984693662","-5.181858205396799","374400.0","1738627200000.0","1739001600000.0"
"4c758a1c-9212-49df-aade-c747f1ac8a0b","MomentumMAStrategy_LongOnly","BTC-USDT","Bybit Perpetual","long","96153.4","91514.5","0.1030877349227882","10.640442300793978","9912.236211124822","-488.8541358341155","-4.931824922467634","1440000.0","1739001600000.0","1740441600000.0"
"30ec9806-6e61-4412-8e52-de93fde08baa","MomentumMAStrategy_LongOnly","BTC-USDT","Bybit Perpetual","long","91514.5","89262.9","0.10323855544293432","10.264758698001234","9447.824782082413","-242.71669013331277","-2.5690219254872244","28800.0","1740441600000.0","1740470400000.0"
"e3640e37-713e-42b5-b38c-ad8dd399ba70","MomentumMAStrategy_LongOnly","BTC-USDT","Bybit Perpetual","long","84299.6","93467.3","0.10933911817441322","10.690281847629505","9217.243926455765","991.6979518399382","10.759159242748478","158400.0","1740787200000.0","1740945600000.0"
"28e7c9fc-6946-4251-bae3-9cdd5f690f6c","MomentumMAStrategy_LongOnly","BTC-USDT","Bybit Perpetual","long","93467.3","85552.0","0.1086942383133321","10.702101551287242","10159.356980703706","-871.0496060728051","-8.573865528371957","86400.0","1740945600000.0","1741032000000.0"
"37a339ce-f15c-4a9f-9604-2550b814a1e5","MomentumMAStrategy_LongOnly","BTC-USDT","Bybit Perpetual","long","85552.0","87573.9","0.10907821973693825","10.386345729295359","9331.85985493454","210.15890675681945","2.2520581108565483","129600.0","1741032000000.0","1741161600000.0"
"73a992a9-73a7-42c3-b45f-fc77a455b958","MomentumMAStrategy_LongOnly","BTC-USDT","Bybit Perpetual","long","89777.6","86077.1","0.10616802873270749","10.268580763309913","9531.51081635352","-403.143371088694","-4.229585202767728","316800.0","1741176000000.0","1741492800000.0"
"69335e3d-94d6-4a68-b4ea-db057f1ed66e","MomentumMAStrategy_LongOnly","BTC-USDT","Bybit Perpetual","long","81190.7","84693.3","0.11267946469015862","10.28044617636425","9148.524613819262","384.390646847386","4.2016681713546085","691200.0","1741708800000.0","1742400000000.0"
"43ef5f63-fed9-4b05-ae2d-0c1de47953bd","MomentumMAStrategy_LongOnly","BTC-USDT","Bybit Perpetual","long","84693.3","87643.5","0.11233114931552174","10.647334947347563","9513.695728324277","320.7520217633043","3.3714765630811367","417600.0","1742400000000.0","1742817600000.0"
"4dd5fd3f-fa15-40ae-9083-90167c8345c4","MomentumMAStrategy_LongOnly","BTC-USDT","Bybit Perpetual","long","87643.5","84011.1","0.1120266779510108","10.57644202615527","9818.410148999415","-417.5021470154063","-4.2522377928768185","360000.0","1742817600000.0","1743177600000.0"
"24b1e67f-c780-4c4a-9d05-b3bd265a86d1","MomentumMAStrategy_LongOnly","BTC-USDT","Bybit Perpetual","long","84011.1","79572.6","0.1121492649106461","10.090185438500015","9421.783109334781","-507.86469774440275","-5.390324653527927","792000.0","1743177600000.0","1743969600000.0"
"bf7a8769-8923-4c66-a28b-9607ce358110","MomentumMAStrategy_LongOnly","BTC-USDT","Bybit Perpetual","long","79572.6","76655.9","0.11234158047465578","9.653026132851618","8939.311646477596","-337.3197139032814","-3.773441706064664","57600.0","1743969600000.0","1744027200000.0"
"98d4af9b-86c2-45f8-926f-e40181dfb05a","MomentumMAStrategy_LongOnly","BTC-USDT","Bybit Perpetual","long","79869.2","84891.8","0.10791216036055801","9.778843499241244","8618.85791826948","532.2207731276981","6.1750730569481185","403200.0","1744084800000.0","1744488000000.0"
"48a52663-ddbc-4599-a8bc-bf4a330bfd21","MomentumMAStrategy_LongOnly","BTC-USDT","Bybit Perpetual","long","84891.8","87400.6","0.1074834984384922","10.185224448500241","9124.467652740792","259.4693764339893","2.8436659135511357","734400.0","1744488000000.0","1745222400000.0"
"1278c6b3-7741-4da9-94fb-8c87f2013028","MomentumMAStrategy_LongOnly","BTC-USDT","Bybit Perpetual","long","87400.6","90881.2","0.10721852665030997","10.513311558510878","9370.963560353082","362.671492300557","3.8701622300075638","115200.0","1745222400000.0","1745337600000.0"
"98ee24b2-5f75-43be-b6fe-a09a3f1129f8","MomentumMAStrategy_LongOnly","BTC-USDT","Bybit Perpetual","long","90881.2","94602.3","0.10690331419521983","10.905840483190982","9715.501478038612","386.8920819686422","3.9822142258244897","244800.0","1745337600000.0","1745582400000.0"
"c290969f-3681-4b55-aa98-36d3f0df4c0e","MomentumMAStrategy_LongOnly","BTC-USDT","Bybit Perpetual","long","94602.3","99097.9","0.10658354982816298","11.354890205133824","10083.048955908824","467.8021164023548","4.6394906783450205","1094400.0","1745582400000.0","1746676800000.0"
"4704096d-7089-4e9a-a733-92bcab485f61","MomentumMAStrategy_LongOnly","BTC-USDT","Bybit Perpetual","long","99097.9","103228.1","0.10623293698949281","11.821526865134867","10527.460966491059","426.94174948886956","4.055505414342798","72000.0","1746676800000.0","1746748800000.0"
"99384462-55e1-4568-b4e9-35ef9b49d833","MomentumMAStrategy_LongOnly","BTC-USDT","Bybit Perpetual","long","103228.1","108936.6","0.1059116231772694","12.358889266855126","10933.055628505484","592.2376116405873","5.416945013034241","1094400.0","1746748800000.0","1747843200000.0"
"2f5f735a-7b8a-439a-aeda-1f6d5d7dffcd","MomentumMAStrategy_LongOnly","BTC-USDT","Bybit Perpetual","long","108936.6","107637.1","0.10552634614596054","12.56982717777128","11495.681359564045","-149.70131399444702","-1.3022395916523926","316800.0","1747843200000.0","1748160000000.0"
"7d307f1a-6f3f-403c-9308-b55da93e9a02","MomentumMAStrategy_LongOnly","BTC-USDT","Bybit Perpetual","long","109587.0","105539.90000000001","0.10360229873314646","12.258202747634648","11353.465111269321","-431.54706595055075","-3.8010163568671387","331200.0","1748232000000.0","1748563200000.0"
"eeed92ee-ebac-41bc-a329-d9f42860de54","MomentumMAStrategy_LongOnly","BTC-USDT","Bybit Perpetual","long","105539.9","104997.5","0.10369059851881893","12.006911959127793","10943.495398616296","-68.24869259573458","-0.6236461944724169","28800.0","1748563200000.0","1748592000000.0"
"2e0172a4-661e-4650-8fb1-7cab683d4790","MomentumMAStrategy_LongOnly","BTC-USDT","Bybit Perpetual","long","104544.7","107707.9","0.10405749062984875","12.147560114613569","10878.659140650348","317.0070942457237","2.91402727254466","734400.0","1748736000000.0","1749470400000.0"
"637b594c-cdb6-4ec7-9c66-16e5b40a06f9","MomentumMAStrategy_LongOnly","BTC-USDT","Bybit Perpetual","long","107707.9","104233.9","0.10379754762820356","12.099471493948956","11179.815880183785","-372.69215195432815","-3.3336161878562303","316800.0","1749470400000.0","1749787200000.0"
"cbbceac2-1d07-4255-af5c-77b09d68c741","MomentumMAStrategy_LongOnly","BTC-USDT","Bybit Perpetual","long","104582.3","108594.2","0.10351424988575669","12.136743019924058","10825.758335827173","403.15207609674263","3.724007719279452","172800.0","1749931200000.0","1750104000000.0"
"e3e251ee-3686-4dfc-88ef-f1d7b51e86c1","MomentumMAStrategy_LongOnly","BTC-USDT","Bybit Perpetual","long","108594.2","104199.2","0.10321686432718395","12.080127123636103","11208.75280811908","-465.71824584160953","-4.154951525956267","72000.0","1750104000000.0","1750176000000.0"
"63785220-910c-4b11-b29b-faee756f57d3","MomentumMAStrategy_LongOnly","BTC-USDT","Bybit Perpetual","long","104199.2","98849.9","0.10332440627729916","11.53896023645197","10766.320474569551","-564.2522067356088","-5.240901086572645","432000.0","1750176000000.0","1750608000000.0"
"9a0ab4f0-4ee4-45a6-9c5d-0e9f9e1477bc","MomentumMAStrategy_LongOnly","BTC-USDT","Bybit Perpetual","long","98849.9","98829.7","0.10349308272614055","11.252159157838706","10230.28087817072","-13.342719428906445","-0.13042378393908047","14400.0","1750608000000.0","1750622400000.0"
"ae42933f-a71a-40e2-a072-f056df8dd951","MomentumMAStrategy_LongOnly","BTC-USDT","Bybit Perpetual","long","101248.5","106034.9","0.1009161152482581","11.505029515897931","10217.60529471326","471.51986450836404","4.6147786189424975","129600.0","1750680000000.0","1750809600000.0"
"aea847e8-4896-456c-8a57-7979126785f8","MomentumMAStrategy_LongOnly","BTC-USDT","Bybit Perpetual","long","106034.9","108448.3","0.10058527113239327","11.865617953938834","10665.549165996206","230.88687539697997","2.164791252691339","388800.0","1750809600000.0","1751198400000.0"
"1085a93c-19a8-4d58-ad43-789e841978dd","MomentumMAStrategy_LongOnly","BTC-USDT","Bybit Perpetual","long","108448.3","105908.3","0.1003694082583437","11.833164804048764","10884.891697623336","-266.77146178024174","-2.450841672944619","187200.0","1751198400000.0","1751385600000.0"
"f10d09ef-3b3a-4de4-a65e-44e3ab370bb4","MomentumMAStrategy_LongOnly","BTC-USDT","Bybit Perpetual","long","105908.3","108695.29999999999","0.10038362251997349","11.848477725605061","10631.458808932108","267.92067823755957","2.5200744606418812","86400.0","1751385600000.0","1751472000000.0"
"f1e6591e-d4c3-4049-a670-4b5b1afc740b","MomentumMAStrategy_LongOnly","BTC-USDT","Bybit Perpetual","long","108695.3","111718.8","0.10015137226041779","12.141126019299724","10885.98345325779","290.6665480100734","2.670099116521137","619200.0","1751472000000.0","1752091200000.0"
"1ed8d47c-105d-400d-a896-cb75ada8c02c","MomentumMAStrategy_LongOnly","BTC-USDT","Bybit Perpetual","long","111718.8","115979.2","0.09991260802897416","12.512445562639748","11162.116673867358","413.15522968400114","3.7014057616086045","100800.0","1752091200000.0","1752192000000.0"
"b79aa5ad-97f6-4375-a5b8-adf069db304c","MomentumMAStrategy_LongOnly","BTC-USDT","Bybit Perpetual","long","115979.2","120733.2","0.09962660668522598","12.970569244773738","11554.614142067161","460.65431893679056","3.9867564011477916","273600.0","1752192000000.0","1752465600000.0"
"770b47ae-ae7d-4732-9ab2-9b1db0f98074","MomentumMAStrategy_LongOnly","BTC-USDT","Bybit Perpetual","long","120733.2","116428.9","0.09932840134326855","12.956312738716814","11992.23574505711","-440.4955506405479","-3.6731728762262597","144000.0","1752465600000.0","1752609600000.0"
"c2c77633-e105-44ad-8247-39ad614951a0","MomentumMAStrategy_LongOnly","BTC-USDT","Bybit Perpetual","long","118293.9","113278.5","0.09783906838770717","12.461255334168015","11573.764971948593","-503.163318925874","-4.347447180285708","1339200.0","1752739200000.0","1754078400000.0"
"3d1514ec-6b5c-48e9-ae8e-b84242637db8","MomentumMAStrategy_LongOnly","BTC-USDT","Bybit Perpetual","long","113278.5","113244.8","0.09795115418167624","12.203520276223156","11095.759818969012","-15.50447417214536","-0.1397333253883103","14400.0","1754078400000.0","1754092800000.0"
"4ce78233-3de8-4896-b412-14f88c86740c","MomentumMAStrategy_LongOnly","BTC-USDT","Bybit Perpetual","long","114259.0","118480.1","0.096981686943746","12.414286794673057","11081.030568505474","396.95511196357376","3.5822941693871","547200.0","1754251200000.0","1754798400000.0"
"7d3e4d35-ee19-4f65-9069-0467e954866f","MomentumMAStrategy_LongOnly","BTC-USDT","Bybit Perpetual","long","118480.1","122719.9","0.09670938769355249","12.829467371426674","11458.137924870869","397.198994571696","3.466523070118938","316800.0","1754798400000.0","1755115200000.0"
"20f8e982-09d8-43cd-b8c2-f9dbdbf58c37","MomentumMAStrategy_LongOnly","BTC-USDT","Bybit Perpetual","long","122719.9","117889.5","0.09644301347796061","12.762802583918209","11835.476969713978","-478.62113488785855","-4.043953075255109","86400.0","1755115200000.0","1755201600000.0"
"0ac4ccc7-63bf-4cc3-b8de-f031c761c4da","MomentumMAStrategy_LongOnly","BTC-USDT","Bybit Perpetual","long","117889.50000000001","116900.0","0.09653774841330662","12.46632732459733","11380.786891570511","-107.99042937956564","-0.9488836792080843","86400.0","1755201600000.0","1755288000000.0"
"670b02c6-ff92-488c-94ad-54096fd5ced9","MomentumMAStrategy_LongOnly","BTC-USDT","Bybit Perpetual","long","118191.0","114899.99999999999","0.09542347542249345","12.233294320337432","11278.195983659924","-326.2719519357648","-2.8929445135416527","72000.0","1755446400000.0","1755518400000.0"
"d6122c1f-10cd-4b1d-a5ee-ce1fde33c655","MomentumMAStrategy_LongOnly","BTC-USDT","Bybit Perpetual","long","114900.0","113436.7","0.0954589872003564","11.98823456746939","10968.237629320949","-151.67337053775117","-1.3828417624020912","158400.0","1755518400000.0","1755676800000.0"
"824e9ff2-b111-43d1-8dad-82a2ca32f6c5","MomentumMAStrategy_LongOnly","BTC-USDT","Bybit Perpetual","long","114220.5","110650.4","0.0947653698531357","11.720485704239122","10824.147927310087","-350.04233261691945","-3.233901965934317","417600.0","1755734400000.0","1756152000000.0"
"d8817e7a-f021-498a-b33e-9ff1d0cb0db7","MomentumMAStrategy_LongOnly","BTC-USDT","Bybit Perpetual","long","111270.8","108769.39999999998","0.09428895731246664","11.411048563654642","10491.607711324014","-247.2654463850609","-2.3567927165078557","288000.0","1756296000000.0","1756584000000.0"
"d67fbb36-3888-434a-b14d-6f082434006a","MomentumMAStrategy_LongOnly","BTC-USDT","Bybit Perpetual","long","108877.2","112900.1","0.09420434707411841","11.490812158298485","10256.705537258205","367.48385568617334","3.5828644426932446","388800.0","1756670400000.0","1757059200000.0"
"ce099831-16f7-42f5-b160-20193231bd7d","MomentumMAStrategy_LongOnly","BTC-USDT","Bybit Perpetual","long","112900.1","116561.1","0.09393982113532288","11.855549247023106","10605.815200160068","332.058135929394","3.13090629680576","648000.0","1757059200000.0","1757707200000.0"
"5a215a90-010b-45e1-94f1-9dd6e2a33f3e","MomentumMAStrategy_LongOnly","BTC-USDT","Bybit Perpetual","long","116561.1","114602.9","0.09369567059072877","11.912486298039376","10921.270429292996","-195.38734844880554","-1.7890532947956148","806400.0","1757707200000.0","1758513600000.0"
"cc7ea7b7-4a9e-4e7f-af55-c3fd25af5f85","MomentumMAStrategy_LongOnly","BTC-USDT","Bybit Perpetual","long","114602.9","111611.8","0.09367697020116098","11.655109241030512","10735.65244826663","-291.8522948097223","-2.71853337480988","144000.0","1758513600000.0","1758657600000.0"
"ebd3dbbf-0aeb-4098-bd18-c6a61efbff05","MomentumMAStrategy_LongOnly","BTC-USDT","Bybit Perpetual","long","111611.80000000002","109354.8","0.09370328915219889","11.387913467028051","10458.392768197393","-222.87623708354232","-2.1310754149650974","302400.0","1758657600000.0","1758960000000.0"
"aac14714-21f7-4681-b592-ea915453a031","MomentumMAStrategy_LongOnly","BTC-USDT","Bybit Perpetual","long","109577.3","112119.6","0.09351079414229069","11.402079247836204","10246.660342968029","226.33041270010966","2.208821265900878","86400.0","1759017600000.0","1759104000000.0"
"57c9d3c9-20cb-485e-9798-e8fe099409b3","MomentumMAStrategy_LongOnly","BTC-USDT","Bybit Perpetual","long","112119.6","116736.8","0.09330816587851841","11.74479401345831","10461.674235033133","419.0776694808366","4.005837498528354","216000.0","1759104000000.0","1759320000000.0"
"aa209e87-fbc0-4e41-b39f-221af7771605","MomentumMAStrategy_LongOnly","BTC-USDT","Bybit Perpetual","long","116736.8","120787.89999999998","0.09302805988377212","12.153054108511254","10859.79802103993","364.71291928663584","3.3583766344460164","115200.0","1759320000000.0","1759435200000.0"
"b136d7c4-5005-464b-8332-f5037361e4ae","MomentumMAStrategy_LongOnly","BTC-USDT","Bybit Perpetual","long","120787.9","124692.4","0.09277647259669415","12.526137979288043","11206.275294362233","349.7195992745043","3.1207478853428205","216000.0","1759435200000.0","1759651200000.0"
"234f5aae-98ef-4a3c-8122-4f87b65c88ea","MomentumMAStrategy_LongOnly","BTC-USDT","Bybit Perpetual","long","124692.4","121079.4","0.0925357833650889","12.508477323126376","11538.508913673011","-346.8402626211926","-3.0059366007872175","374400.0","1759651200000.0","1760025600000.0"
"0bb805c5-3643-4da6-a984-df3feb28e7fa","MomentumMAStrategy_LongOnly","BTC-USDT","Bybit Perpetual","long","121579.3","116605.30000000002","0.09219505840371575","12.077693709326123","11209.010664182879","-470.65591420940694","-4.198906828711784","72000.0","1760054400000.0","1760126400000.0"
"becac098-0a3a-4ea9-83c8-f7f03150bf4c","MomentumMAStrategy_LongOnly","BTC-USDT","Bybit Perpetual","long","114773.6","110518.2","0.09376622799741352","11.618619256611229","10761.887545683941","-410.63142587680557","-3.8156078488432956","273600.0","1760328000000.0","1760601600000.0"
"fe9cbef6-63c7-4ba1-bd5c-986eb33fba00","MomentumMAStrategy_LongOnly","BTC-USDT","Bybit Perpetual","long","107023.0","113355.2","0.09691176374331664","11.746482028917562","10371.787691100977","601.9181883465119","5.803417947543984","244800.0","1760817600000.0","1761062400000.0"
"3ba4bd1c-7d50-4cc4-b8b1-59afc206b17e","MomentumMAStrategy_LongOnly","BTC-USDT","Bybit Perpetual","long","113355.2","107501.70000000001","0.09654263739140474","11.727159186649356","10943.609970030162","-576.8394871572357","-5.271016499463621","72000.0","1761062400000.0","1761134400000.0"
"3e6dc5c3-015d-4e1e-91a8-69bae6a9ca0e","MomentumMAStrategy_LongOnly","BTC-USDT","Bybit Perpetual","long","107501.7","111522.7","0.09670184245673126","11.64903466263905","10395.612457230787","377.1890738558773","3.6283487423919807","259200.0","1761134400000.0","1761393600000.0"
"07907506-727a-40c0-b95b-6f835bf47ba3","MomentumMAStrategy_LongOnly","BTC-USDT","Bybit Perpetual","long","111522.7","115522.5","0.0964282794210853","12.041467892748908","10753.94207739387","373.65236413570835","3.474561806699446","158400.0","1761393600000.0","1761552000000.0"
"ff8a3316-3482-41b8-9fed-f3046af73ab5","MomentumMAStrategy_LongOnly","BTC-USDT","Bybit Perpetual","long","115522.5","111460.6","0.09616232182754696","12.004972051387853","11108.911823322793","-402.60670708270027","-3.624177718626237","201600.0","1761552000000.0","1761753600000.0"
"3fb6d4fa-5022-4701-9701-43fdae0e01fd","MomentumMAStrategy_LongOnly","BTC-USDT","Bybit Perpetual","long","111460.6","109985.6","0.09623522080084107","11.721008173878968","10726.435451594227","-153.66795885511954","-1.4326097383290597","28800.0","1761753600000.0","1761782400000.0"
"29608dfe-f862-46d7-b6f5-9c81bac0bd54","MomentumMAStrategy_LongOnly","BTC-USDT","Bybit Perpetual","long","109557.3","104442.9","0.09657458599912433","11.366839395301394","10580.450890681865","-505.2879020292237","-4.775674564816774","288000.0","1761955200000.0","1762243200000.0"
"c399e398-bd49-4542-85e2-ad7c772ae06c","MomentumMAStrategy_LongOnly","BTC-USDT","Bybit Perpetual","long","104442.9","104530.7","0.09670764967033758","11.11514013453209","10100.4273837541","-2.6242084934761696","-0.02598116291293815","14400.0","1762243200000.0","1762257600000.0"
"8df56ac3-1e21-4762-8fc6-7f3e95dbf8a1","MomentumMAStrategy_LongOnly","BTC-USDT","Bybit Perpetual","long","103138.6","103430.9","0.09790645195576922","11.123467755002498","10097.9343856853","17.494588151667706","0.1732491763510348","604800.0","1762416000000.0","1763020800000.0"
"91466480-7d15-4380-bd6b-1045ce88d73a","MomentumMAStrategy_LongOnly","BTC-USDT","Bybit Perpetual","long","102900.0","101338.0","0.09829498779814755","11.041564444854933","10114.554244429382","-164.57833538556142","-1.6271437317784256","14400.0","1763035200000.0","1763049600000.0"
"5907e1c5-08ee-4de5-aafe-044b5637f314","MomentumMAStrategy_LongOnly","BTC-USDT","Bybit Perpetual","long","94531.3","88857.7","0.10534293748010551","10.625304778846488","9958.204825813098","-608.2989948659737","-6.108520616980837","273600.0","1763308800000.0","1763582400000.0"
"ee236a73-8e40-4427-98d3-ccff67addba6","MomentumMAStrategy_LongOnly","BTC-USDT","Bybit Perpetual","long","88857.7","82279.1","0.10556564912990572","9.936392060108169","9380.320780690423","-704.410571426105","-7.5094507735401566","144000.0","1763582400000.0","1763726400000.0"
"ed902341-4404-4881-8902-7ef4aa3e8499","MomentumMAStrategy_LongOnly","BTC-USDT","Bybit Perpetual","long","86261.0","91049.3","0.10098573790978105","9.848196316477559","8711.130737835623","473.7018125169273","5.437891208077813","345600.0","1763870400000.0","1764216000000.0"
"03eac501-a148-46c7-a23d-2ddb414f34b3","MomentumMAStrategy_LongOnly","BTC-USDT","Bybit Perpetual","long","91049.3","86319.2","0.10061743977962163","9.8155004021535","9161.147459726704","-485.7460523037424","-5.302240297289497","345600.0","1764216000000.0","1764561600000.0"
"0028e515-0470-462e-a6a5-ab93f6009040","MomentumMAStrategy_LongOnly","BTC-USDT","Bybit Perpetual","long","86319.2","84985.0","0.10078509427842414","9.495700471009513","8699.688710038148","-143.9631732572827","-1.6548083276953414","57600.0","1764561600000.0","1764619200000.0"
"44c45a47-57a1-41f4-af0f-64135a149cfa","MomentumMAStrategy_LongOnly","BTC-USDT","Bybit Perpetual","long","87326.9","92589.19999999998","0.09805596781110666","9.703016020664915","8562.92369544373","506.29690339172055","5.912663961505549","57600.0","1764676800000.0","1764734400000.0"
"fa21a97d-8075-4217-940e-2545dd32b183","MomentumMAStrategy_LongOnly","BTC-USDT","Bybit Perpetual","long","92589.2","89337.10000000002","0.09767776105275633","9.773584513336637","9043.905753665866","-327.4314312330032","-3.6204648760330325","360000.0","1764734400000.0","1765094400000.0"
"fca63126-1ae4-4f66-8e71-3f83b0b4eabd","MomentumMAStrategy_LongOnly","BTC-USDT","Bybit Perpetual","long","89337.1","93761.9","0.09775161600269663","9.844022726162763","8732.84589399451","422.6873277625682","4.84020138329987","216000.0","1765094400000.0","1765310400000.0"
"218b30f5-adeb-433b-9580-8468b3b03d49","MomentumMAStrategy_LongOnly","BTC-USDT","Bybit Perpetual","long","93761.9","90055.4","0.09742122179018294","9.849238273694926","9134.398855368952","-370.940996839008","-4.060924016044897","331200.0","1765310400000.0","1765641600000.0"
"413370ee-5da8-42f6-9083-d301f42e7a9b","MomentumMAStrategy_LongOnly","BTC-USDT","Bybit Perpetual","long","90055.4","86104.20000000001","0.09751780468880149","9.448283606771568","8782.004908371893","-394.7606334931623","-4.495108322210531","187200.0","1765641600000.0","1765828800000.0"
"e4501620-3494-4d67-b636-0163b458c7b2","MomentumMAStrategy_LongOnly","BTC-USDT","Bybit Perpetual","long","86104.2","89905.2","0.09763730812844655","9.451796211716651","8406.982306553387","361.66761198450865","4.301990878493732","576000.0","1765828800000.0","1766404800000.0"
"07db1a76-a001-4ae4-ab31-f1b50decfd87","MomentumMAStrategy_LongOnly","BTC-USDT","Bybit Perpetual","long","89905.2","87697.7","0.0973310391160764","9.507451143865733","8750.566537938672","-224.3657199926044","-2.5640136443720722","504000.0","1766404800000.0","1766908800000.0"
"173fc2d5-7539-421b-b9cb-2fb6a2ac0aea","MomentumMAStrategy_LongOnly","BTC-USDT","Bybit Perpetual","long","87697.7","90091.6","0.09735054743677085","9.519337125870155","8537.419103945698","223.52813838301643","2.618216766232192","72000.0","1766908800000.0","1766980800000.0"
"bd6447ed-6652-4153-9f02-ae3e2d2b5eef","MomentumMAStrategy_LongOnly","BTC-USDT","Bybit Perpetual","long","90091.6","87328.9","0.09712082852796002","9.477174276814711","8749.770835409563","-277.792887251011","-3.1748590046130953","57600.0","1766980800000.0","1767038400000.0"
"05eec631-5f07-4ca5-bbba-3bfbfb71b84e","MomentumMAStrategy_LongOnly","BTC-USDT","Bybit Perpetual","long","87328.9","88455.3","0.09717135555951241","9.394653949969443","8485.867592521103","100.05916095226618","1.1791270587400147","100800.0","1767038400000.0","1767139200000.0"
