"id","strategy_name","symbol","exchange","type","entry_price","exit_price","qty","fee","size","PNL","PNL_percentage","holding_period","opened_at","closed_at"
"e70453ca-d514-4427-a478-a1449e74e5d2","MomentumMAStrategy_LongOnly","BTC-USDT","Bybit Perpetual","long","9778.12","9825.61","0.971556904599248","10.47537658056968","9500.0","35.6638608188484","0.3754090612510358","129600.0","1581033600000.0","1581163200000.0"
"6545b01a-88e4-4fd4-b3e9-a082d3bd29cf","MomentumMAStrategy_LongOnly","BTC-USDT","Bybit Perpetual","long","10339.99","10135.93","0.922039641022661","10.3837854595248","9533.880667777905","-198.53519460660854","-2.0824174491464644","115200.0","1581552000000.0","1581667200000.0"
"e1436aec-275b-4050-a7e0-1e89160ac679","MomentumMAStrategy_LongOnly","BTC-USDT","Bybit Perpetual","long","10158.92","9577.22","0.9199080446446696","9.985488675928398","9345.272232901627","-545.0959982457334","-5.83285306902703","129600.0","1582084800000.0","1582214400000.0"
"8c811b27-351e-424b-bd62-e5c97f4cdd25","MomentumMAStrategy_LongOnly","BTC-USDT","Bybit Perpetual","long","9889.57","9530.57","0.8926000862088219","9.533930251003065","8827.431034568179","-329.9773611999702","-3.738090503429371","172800.0","1582444800000.0","1582617600000.0"
"99fd1d25-be27-43f5-ab66-471f0dd446ba","MomentumMAStrategy_LongOnly","BTC-USDT","Bybit Perpetual","long","8657.77","9106.49","0.9833886256424237","9.608044174825075","8513.952541428207","431.65809992344265","5.070008293128592","417600.0","1582992000000.0","1583409600000.0"
"76a8ffcb-1bd4-498a-9e1d-31265dad90ec","MomentumMAStrategy_LongOnly","BTC-USDT","Bybit Perpetual","long","9106.49","8749.99","0.9799634915708992","9.624284168381262","8924.027736355478","-358.98126891340684","-4.022637305921382","259200.0","1583409600000.0","1583668800000.0"
"9b9ff95e-5966-4d5a-a566-ed0dad2b3794","MomentumMAStrategy_LongOnly","BTC-USDT","Bybit Perpetual","long","8749.99","8400.0","0.9809148960041942","9.252474361527636","8582.99553088774","-352.56287881403534","-4.107690345931822","14400.0","1583668800000.0","1583683200000.0"
"a3d1f3ff-6356-453b-a1c9-cfa739120968","MomentumMAStrategy_LongOnly","BTC-USDT","Bybit Perpetual","long","7834.38","6038.38","1.0528032589706406","8.03290781640465","8248.060796014408","-1898.8675609276754","-23.02198793012338","57600.0","1583956800000.0","1584014400000.0"
"e61611c8-f484-4bc4-819e-2fbe7d114aa8","MomentumMAStrategy_LongOnly","BTC-USDT","Bybit Perpetual","long","5425.28","6656.7","1.1877979778247603","7.893023276665559","6444.136613133115","1454.7851625763008","22.575330876931698","432000.0","1584273600000.0","1584705600000.0"
"05c9a0ed-c01d-4287-a6ac-a6a0736f1a9b","MomentumMAStrategy_LongOnly","BTC-USDT","Bybit Perpetual","long","6656.7","6124.73","1.1756850267520846","8.264814729313944","7826.182517580602","-633.6939784106207","-8.097101964937586","792000.0","1584705600000.0","1585497600000.0"
"eeb0a3e2-1c28-444f-b7c6-937948daa909","MomentumMAStrategy_LongOnly","BTC-USDT","Bybit Perpetual","long","6124.73","6687.29","1.179508849874282","8.311540036121466","7224.173238090511","655.2329585491552","9.070006171700639","331200.0","1585497600000.0","1585828800000.0"
"1a3aceb1-0a14-485d-a345-b0074c728a5e","MomentumMAStrategy_LongOnly","BTC-USDT","Bybit Perpetual","long","6687.29","7263.84","1.1733668718886436","9.003386572076497","7846.644548712207","667.5012834153213","8.506837276385506","374400.0","1585828800000.0","1586203200000.0"
"46f5e24e-800c-4394-8511-13382f21975a","MomentumMAStrategy_LongOnly","BTC-USDT","Bybit Perpetual","long","7263.84","6766.65","1.1675327055602498","9.009580772519817","8480.770767956765","-589.495166650021","-6.950962156380104","331200.0","1586203200000.0","1586534400000.0"
"326a3e20-8be4-4d37-bac2-5ff6a69c55bd","MomentumMAStrategy_LongOnly","BTC-USDT","Bybit Perpetual","long","6766.65","7238.83","1.1705571234863994","9.016817910015464","7920.750359639244","543.696844657793","6.864208818248326","691200.0","1586534400000.0","1587225600000.0"
"1518f21a-5e67-4599-a66d-d5994279719f","MomentumMAStrategy_LongOnly","BTC-USDT","Bybit Perpetual","long","7238.83","6766.71","1.1655560860061842","8.97833331164168","8437.262362064146","-559.2606726368813","-6.628461325932506","187200.0","1587225600000.0","1587412800000.0"
"d0f820b8-2822-4597-abe9-ea3dae626ce6","MomentumMAStrategy_LongOnly","BTC-USDT","Bybit Perpetual","long","6766.71","7120.060000000001","1.1683616887762454","8.923623526866017","7905.964723059107","403.91697920222174","5.109015703347731","187200.0","1587412800000.0","1587600000000.0"
"9d7c0a78-9cf9-4475-b985-d18fe849fdc8","MomentumMAStrategy_LongOnly","BTC-USDT","Bybit Perpetual","long","7120.06","7566.61","1.1642719096891343","9.404602530330767","8289.685853301218","510.50101874135134","6.158267367128918","115200.0","1587600000000.0","1587715200000.0"
"1fbf6104-d39e-42a7-8110-4e31125fee8f","MomentumMAStrategy_LongOnly","BTC-USDT","Bybit Perpetual","long","7566.61","7943.250000000001","1.1596556213556006","9.892352984491108","8774.661821105501","426.8803402428838","4.864920710859966","432000.0","1587715200000.0","1588147200000.0"
"57f4a1e8-6abe-47a0-8dda-eb97a8fe88f7","MomentumMAStrategy_LongOnly","BTC-USDT","Bybit Perpetual","long","7943.25","8353.85","1.155723179345512","10.35921492436146","9180.198144336238","464.18072251490617","5.056325748276843","28800.0","1588147200000.0","1588176000000.0"
"1049da93-f8ae-4511-a52f-a56fe96c1194","MomentumMAStrategy_LongOnly","BTC-USDT","Bybit Perpetual","long","8353.85","9306.03","1.1517048822669067","11.186433508936236","9621.1698307254","1085.4439212879672","11.28182892917637","43200.0","1588176000000.0","1588219200000.0"
"b923f697-f8e8-4d69-81c3-191f2fc57914","MomentumMAStrategy_LongOnly","BTC-USDT","Bybit Perpetual","long","9306.03","8649.62","1.1446708807030461","11.30432033450261","10652.34155594897","-762.6777331367889","-7.159719101485808","907200.0","1588219200000.0","1589126400000.0"
"647acf34-89e8-43b2-915f-b7aba6057b25","MomentumMAStrategy_LongOnly","BTC-USDT","Bybit Perpetual","long","8863.5","9681.12","1.1200764607061566","11.424265784107334","9927.79770946902","904.3726500184614","9.109499170756482","158400.0","1589299200000.0","1589457600000.0"
"80c3e218-1a44-43d1-a203-a4d2c32dcbdb","MomentumMAStrategy_LongOnly","BTC-USDT","Bybit Perpetual","long","9681.12","8991.49","1.114225598586378","11.443025029930995","10786.951726986557","-779.8464245830561","-7.229534759408013","662400.0","1589457600000.0","1590120000000.0"
"756c87fc-3021-49ff-8ef1-2d6bdbb2f948","MomentumMAStrategy_LongOnly","BTC-USDT","Bybit Perpetual","long","8991.49","9162.0","1.1172895286134619","11.155487356634058","10046.097623632657","179.35355016724756","1.7853056668027234","28800.0","1590120000000.0","1590148800000.0"
"2ad71ae0-8cd5-4faa-8d1e-29c5afba9dba","MomentumMAStrategy_LongOnly","BTC-USDT","Bybit Perpetual","long","9170.99","9695.0","1.1140000693809002","11.559192792916654","10216.483496291543","572.1879835633691","5.600635323994467","705600.0","1590177600000.0","1590883200000.0"
"91edcfde-784b-4a74-85f6-c91dbfc8db1f","MomentumMAStrategy_LongOnly","BTC-USDT","Bybit Perpetual","long","9695.0","9339.61","1.1098568417407677","11.619130676101982","10760.062080676744","-406.05115366235276","-3.773687833935012","1296000.0","1590883200000.0","1592179200000.0"
"0e535060-5f28-4a11-8443-8c8b5dd5a2d7","MomentumMAStrategy_LongOnly","BTC-USDT","Bybit Perpetual","long","9339.61","9686.99","1.1107865836686444","11.623970607056407","10374.313484697508","374.2410728277564","3.607381571607371","691200.0","1592179200000.0","1592870400000.0"
"0cd641ed-b9d4-4f99-854a-43c702543d54","MomentumMAStrategy_LongOnly","BTC-USDT","Bybit Perpetual","long","9686.99","9337.26","1.107654958236137","11.589767661573106","10729.842503883876","-398.9699362054968","-3.718320525777353","129600.0","1592870400000.0","1593000000000.0"
"236cba8e-b532-41b7-b0f3-0d21f48dcf2b","MomentumMAStrategy_LongOnly","BTC-USDT","Bybit Perpetual","long","9337.26","8932.93","1.108550159735153","11.139382123590378","10350.821064488655","-459.35946820930474","-4.437903673026133","288000.0","1593000000000.0","1593288000000.0"
"aab7ffec-f92e-430e-93e3-b35c0274fb37","MomentumMAStrategy_LongOnly","BTC-USDT","Bybit Perpetual","long","8932.93","9263.75","1.109874315559376","11.107815268249142","9914.429569689817","356.06080580510326","3.591339303005841","331200.0","1593288000000.0","1593619200000.0"
"077093aa-f8e9-4cca-bc4d-5fa883f84e95","MomentumMAStrategy_LongOnly","BTC-USDT","Bybit Perpetual","long","9263.75","9035.32","1.1067534567755677","11.13890743805295","10252.687335204666","-263.9545995692962","-2.5744918472540848","331200.0","1593619200000.0","1593950400000.0"
"061c67c0-19ad-4ef1-910f-6b7a45a86594","MomentumMAStrategy_LongOnly","BTC-USDT","Bybit Perpetual","long","9035.32","9302.99","1.1069813205967065","11.165091641721483","10001.930465613834","285.14059844239904","2.8508556365463544","100800.0","1593950400000.0","1594051200000.0"
"56ab0fd6-3461-4f56-af29-a90c47324c14","MomentumMAStrategy_LongOnly","BTC-USDT","Bybit Perpetual","long","9302.99","9083.64","1.1042486377104686","11.166876121272537","10272.814034134111","-253.3838148030642","-2.466547276735763","849600.0","1594051200000.0","1594900800000.0"
"9b65aba3-6ac6-4814-85f8-2ca30663a97f","MomentumMAStrategy_LongOnly","BTC-USDT","Bybit Perpetual","long","9083.64","9314.87","1.1044140245618717","11.175764861273013","10032.0994100712","244.19789003817007","2.434165373132372","417600.0","1594900800000.0","1595318400000.0"
"8fd597f1-ac0f-47cd-b079-98337954c33a","MomentumMAStrategy_LongOnly","BTC-USDT","Bybit Perpetual","long","9314.87","9597.28","1.1019034517505302","11.461649850763086","10264.087405607463","299.726903958104","2.920151515802151","216000.0","1595318400000.0","1595534400000.0"
"008080a8-a0c4-4c5a-8085-0ac646ab470e","MomentumMAStrategy_LongOnly","BTC-USDT","Bybit Perpetual","long","9597.28","9979.15","1.0991476714618786","11.834563097520057","10548.82796436766","407.8969582036264","3.866751449368977","230400.0","1595534400000.0","1595764800000.0"
"ed045b01-3176-4731-8295-1279a44fd8f9","MomentumMAStrategy_LongOnly","BTC-USDT","Bybit Perpetual","long","9979.15","10806.52","1.0959179964887895","12.528664402142429","10936.330074661104","894.2010083527882","8.17642666459569","115200.0","1595764800000.0","1595880000000.0"
"218f3dd0-8242-473a-a33e-d1cd50fdab40","MomentumMAStrategy_LongOnly","BTC-USDT","Bybit Perpetual","long","10806.52","11666.32","1.0906213131143283","13.480147048614512","11785.821032596252","924.2360579670842","7.841931889266843","388800.0","1595880000000.0","1596268800000.0"
"3516aa5e-a620-4066-8a0c-ebdf5bea698c","MomentumMAStrategy_LongOnly","BTC-USDT","Bybit Perpetual","long","11666.32","11128.36","1.0855047082254716","13.609052854371148","12663.845287664984","-597.5671656913449","-4.71868656097209","273600.0","1596268800000.0","1596542400000.0"
"9d8bb241-3448-40dc-8528-8c95c79050cd","MomentumMAStrategy_LongOnly","BTC-USDT","Bybit Perpetual","long","11220.32","11850.0","1.078058066103124","13.679129509969124","12096.156480258205","665.1524735538463","5.498874577552158","172800.0","1596556800000.0","1596729600000.0"
"f27ceeca-cfdd-444a-8d73-6d5cf2f3bafd","MomentumMAStrategy_LongOnly","BTC-USDT","Bybit Perpetual","long","11850.0","12443.99","1.0740971586611272","14.35175809734801","12728.051330134358","623.6512131757747","4.899816924050631","950400.0","1596729600000.0","1597680000000.0"
"1a31ed1c-0560-4f4b-ada8-4a0d382a1db9","MomentumMAStrategy_LongOnly","BTC-USDT","Bybit Perpetual","long","12443.99","11830.99","1.0704380172799355","14.291673803390548","13320.519982651344","-670.470178395991","-5.033363406752979","144000.0","1597680000000.0","1597824000000.0"
"c15fa70f-3538-4302-8b77-99cabbad6683","MomentumMAStrategy_LongOnly","BTC-USDT","Bybit Perpetual","long","11830.99","11707.83","1.0720635646869072","13.879311202747907","12683.573313175153","-145.91465982958726","-1.1504223315208606","72000.0","1597824000000.0","1597896000000.0"
"0f1e51f6-21a4-47d9-9b5f-48f14bd102ec","MomentumMAStrategy_LongOnly","BTC-USDT","Bybit Perpetual","long","11721.84","11251.34","1.070220578538612","13.522503494759421","12544.954386337045","-517.0612856971765","-4.121667323560123","547200.0","1598011200000.0","1598558400000.0"
"29342e13-bbcb-41de-82d5-46fc26b61cdf","MomentumMAStrategy_LongOnly","BTC-USDT","Bybit Perpetual","long","11251.34","11607.64","1.071316497850454","13.469061318918463","12053.746164924727","368.24100686519745","3.0549922142606944","230400.0","1598558400000.0","1598788800000.0"
"22e8514c-cec9-42e5-8c52-2bc66dd2fd8b","MomentumMAStrategy_LongOnly","BTC-USDT","Bybit Perpetual","long","11607.64","12049.13","1.0685699350984923","13.903402250946977","12403.575121446662","457.8595383956862","3.6913513556588575","187200.0","1598788800000.0","1598976000000.0"
"913b899a-8af8-439e-ac67-d2fbf1e14b35","MomentumMAStrategy_LongOnly","BTC-USDT","Bybit Perpetual","long","12049.13","11417.49","1.0655160731872395","13.752233436357425","12838.541682922561","-686.7748059043447","-5.349320996619668","72000.0","1598976000000.0","1599048000000.0"
"81374040-42c3-42b1-812d-79db174f2622","MomentumMAStrategy_LongOnly","BTC-USDT","Bybit Perpetual","long","11417.49","11218.97","1.0673191408368594","13.288179871333364","12186.105617313433","-225.17237571026718","-1.847779617061197","86400.0","1599048000000.0","1599134400000.0"
"96e15557-16af-44b2-8a02-2e0ea1d9314b","MomentumMAStrategy_LongOnly","BTC-USDT","Bybit Perpetual","long","10176.25","10688.0","1.1764836615048453","13.500547079003859","11972.191860388682","588.5649666961008","4.916100356221595","691200.0","1599408000000.0","1600099200000.0"
"cf96473d-fa1c-4f56-9851-6dd8fa042357","MomentumMAStrategy_LongOnly","BTC-USDT","Bybit Perpetual","long","10688.0","11130.7","1.1724671200177748","14.069939593342504","12531.328578749977","504.98125443852723","4.029750327470066","417600.0","1600099200000.0","1600516800000.0"
"6ee90fbe-3acc-4662-a17f-2d05177d2eef","MomentumMAStrategy_LongOnly","BTC-USDT","Bybit Perpetual","long","11130.7","10634.48","1.1689346375759455","13.993140037291372","13011.060770466578","-594.0418858952285","-4.565668367667812","172800.0","1600516800000.0","1600689600000.0"
"15e3ad55-9130-4e26-ae9f-4a4ed37599c9","MomentumMAStrategy_LongOnly","BTC-USDT","Bybit Perpetual","long","10634.48","10374.05","1.1704118094035731","13.523747385615085","12446.72097886611","-318.334094908588","-2.5575739622435734","72000.0","1600689600000.0","1600761600000.0"
"2240065e-3859-4af2-8973-412a12983f54","MomentumMAStrategy_LongOnly","BTC-USDT","Bybit Perpetual","long","10470.21","10881.81","1.159891118583386","13.621310098998157","12144.303588702953","463.78987430992396","3.8189911090608533","432000.0","1600833600000.0","1601265600000.0"
"08627c1d-61cc-4437-bfe2-6e5ef34eb229","MomentumMAStrategy_LongOnly","BTC-USDT","Bybit Perpetual","long","10881.81","10483.88","1.1565083354053582","13.5902792171778","12584.90396929738","-473.79964112503234","-3.7648252404701084","360000.0","1601265600000.0","1601625600000.0"
"84510dc5-1afd-41f3-8aca-3853827fe9ed","MomentumMAStrategy_LongOnly","BTC-USDT","Bybit Perpetual","long","10483.88","10785.0","1.1574716908461944","13.539969572802644","12134.794310228599","334.9979059748043","2.760639343449189","316800.0","1601625600000.0","1601942400000.0"
"900acb0f-685c-4088-9523-3794f69f973b","MomentumMAStrategy_LongOnly","BTC-USDT","Bybit Perpetual","long","10785.0","11413.28","1.1546631730092407","14.097345031081163","12453.04232090466","711.3544333071653","5.712294353268434","360000.0","1601942400000.0","1602302400000.0"
"57587dc4-46cb-4398-93c1-241f91afffd4","MomentumMAStrategy_LongOnly","BTC-USDT","Bybit Perpetual","long","11413.28","11801.12","1.150311657345344","14.687087216052767","13128.82903254647","431.44978596876564","3.286277739615607","820800.0","1602302400000.0","1603123200000.0"
"274d539a-4dce-4ae6-8d14-e04fecf3f1be","MomentumMAStrategy_LongOnly","BTC-USDT","Bybit Perpetual","long","11801.12","12329.99","1.1472391035102427","15.226284151708882","13538.706329216797","591.514060521752","4.36905894948953","158400.0","1603123200000.0","1603281600000.0"
"b8b53d28-ea46-48a4-9ef8-12fd25f846d0","MomentumMAStrategy_LongOnly","BTC-USDT","Bybit Perpetual","long","12329.99","13072.17","1.143605524960885","15.977527787067217","14100.644686712461","832.7836207284028","5.905996776964137","115200.0","1603281600000.0","1603396800000.0"
"3eb11846-389c-49a5-9c92-73ace938ff87","MomentumMAStrategy_LongOnly","BTC-USDT","Bybit Perpetual","long","13072.17","13776.15","1.1391979393172247","16.822052949971187","14891.789126404445","785.1505123705682","5.272371947427241","460800.0","1603396800000.0","1603857600000.0"
"5499f3a5-fea1-46ef-a5c4-beae670160ed","MomentumMAStrategy_LongOnly","BTC-USDT","Bybit Perpetual","long","13776.15","13043.12","1.1351271663822247","16.743805077746895","15637.682113156483","-848.8260718509076","-5.428081129343095","115200.0","1603857600000.0","1603972800000.0"
"882d1458-ff49-46a4-b018-9157ad220f61","MomentumMAStrategy_LongOnly","BTC-USDT","Bybit Perpetual","long","13043.12","13929.99","1.1370973620497336","16.86907872500251","14831.297344898121","991.5884587560436","6.685783689025318","172800.0","1603972800000.0","1604145600000.0"
"9b4caed2-0f0c-416b-99a5-49f6602b2aa7","MomentumMAStrategy_LongOnly","BTC-USDT","Bybit Perpetual","long","13929.99","15079.080000000002","1.132327186215953","18.06626723431289","15773.306380716362","1283.0795791745788","8.134499820172177","446400.0","1604145600000.0","1604592000000.0"
"d40a3c9c-4348-4ada-aa8f-976174db47c7","MomentumMAStrategy_LongOnly","BTC-USDT","Bybit Perpetual","long","15079.08","16123.990000000002","1.1268745825960345","19.339070565080668","16992.23198093221","1158.1434495353435","6.815722918772243","604800.0","1604592000000.0","1605196800000.0"
"8f0d483d-b402-490c-b564-503bea6c365c","MomentumMAStrategy_LongOnly","BTC-USDT","Bybit Perpetual","long","16123.99","15849.84","1.1220838178385613","19.73252448052662","18092.468257990782","-327.35180314096783","-1.8093263919166391","273600.0","1605196800000.0","1605470400000.0"
"fd237f79-7aab-4fd6-a869-86422555f411","MomentumMAStrategy_LongOnly","BTC-USDT","Bybit Perpetual","long","16232.039999999999","17322.38","1.0954559035713851","20.216563113952567","17781.484045006866","1174.2028267860735","6.603514216327719","100800.0","1605528000000.0","1605628800000.0"
"e7348334-607b-46d3-8794-f7ebcf906d1b","MomentumMAStrategy_LongOnly","BTC-USDT","Bybit Perpetual","long","17322.38","18678.74","1.0908995605946545","21.600483293903487","18896.976730453633","1458.0520447142628","7.715795312191514","259200.0","1605628800000.0","1605888000000.0"
"773b027f-3ef1-4d1e-bbe1-84cc9dabb2f7","MomentumMAStrategy_LongOnly","BTC-USDT","Bybit Perpetual","long","18678.74","16919.0","1.0858401676415101","21.259400783092392","20282.12617293218","-1932.0557773885653","-9.525903551310215","518400.0","1605888000000.0","1606406400000.0"
"f7ed2d43-10ed-4dda-a110-d4b7fb00f425","MomentumMAStrategy_LongOnly","BTC-USDT","Bybit Perpetual","long","17870.0","19339.41","1.0322704635933433","21.125596200904134","18446.673184413045","1495.7029457077904","8.10825307498601","129600.0","1606622400000.0","1606752000000.0"
"3573d187-cadf-4df7-bd60-4425034de208","MomentumMAStrategy_LongOnly","BTC-USDT","Bybit Perpetual","long","19339.41","18319.32","1.0273111218406066","21.277977689865878","19867.590982835445","-1069.2277799682504","-5.381768634617086","720000.0","1606752000000.0","1607472000000.0"
"bf75dd21-6fbf-43fa-919c-2509917e83b0","MomentumMAStrategy_LongOnly","BTC-USDT","Bybit Perpetual","long","18319.32","17923.95","1.02906792347454","20.513232629354896","18851.824591865607","-427.3758175334827","-2.267026278813837","28800.0","1607472000000.0","1607500800000.0"
"0760668f-4a44-404c-a64c-ca42c6fa08c8","MomentumMAStrategy_LongOnly","BTC-USDT","Bybit Perpetual","long","18093.98","19243.57","1.019445006859121","20.934968403719026","18445.817565208796","1151.008817031458","6.239944708129445","144000.0","1607702400000.0","1607846400000.0"
"bbfbd93b-e17a-4a01-a3a2-7c8731deb261","MomentumMAStrategy_LongOnly","BTC-USDT","Bybit Perpetual","long","19243.57","20666.5","1.0153664804081926","22.287841019809527","19539.27594138868","1422.5075849474201","7.2802471760697225","288000.0","1607846400000.0","1608134400000.0"
"46272b00-9b78-420b-ac59-8fd26560237b","MomentumMAStrategy_LongOnly","BTC-USDT","Bybit Perpetual","long","20666.5","22495.01","1.0108464494272726","23.99631252448085","20890.65814708873","1824.3465287177798","8.73283414946894","57600.0","1608134400000.0","1608192000000.0"
"42ef7280-5b97-4ea9-907c-62a3e578a5b1","MomentumMAStrategy_LongOnly","BTC-USDT","Bybit Perpetual","long","22495.01","22864.47","1.005724707362683","25.09053236201791","22623.787349370625","346.4845180202017","1.531505369413051","417600.0","1608192000000.0","1608609600000.0"
"33c12219-935f-47d6-a3de-be47b4e79e79","MomentumMAStrategy_LongOnly","BTC-USDT","Bybit Perpetual","long","23709.99","25638.48","0.9680707432390233","26.27504551683476","22952.947641489813","1840.6397021121873","8.019186602356212","302400.0","1608696000000.0","1608998400000.0"
"57d14892-5f96-4ed1-a457-25ef398b4617","MomentumMAStrategy_LongOnly","BTC-USDT","Bybit Perpetual","long","25638.48","28110.62","0.9634563109239078","28.481700280814117","24701.555358496393","2353.317184206615","9.527000021062088","302400.0","1608998400000.0","1609300800000.0"
"a9549a7e-7916-4b19-818b-1f7920a89439","MomentumMAStrategy_LongOnly","BTC-USDT","Bybit Perpetual","long","28110.62","31717.01","0.9582572950540641","31.531644591312457","26937.206683492674","3424.317881718713","12.712223364337035","302400.0","1609300800000.0","1609603200000.0"
"abdeff7e-105f-43bf-89e5-c29fa719687c","MomentumMAStrategy_LongOnly","BTC-USDT","Bybit Perpetual","long","31717.01","32133.790000000005","0.9518649037574933","33.42753457826143","30190.30867112545","363.29072000979244","1.2033355603192297","259200.0","1609603200000.0","1609862400000.0"
"6eef996f-a746-4967-a13f-03614b9327fc","MomentumMAStrategy_LongOnly","BTC-USDT","Bybit Perpetual","long","33999.52","39049.99","0.8981137044033196","36.08372131702104","30535.43485513475","4499.812599360814","14.736363247187024","144000.0","1609891200000.0","1610035200000.0"
"887bb36e-a081-4236-9724-da25dae3f72c","MomentumMAStrategy_LongOnly","BTC-USDT","Bybit Perpetual","long","39049.99","38221.67","0.8914280598926537","37.885169277166625","34810.256824527525","-776.2728598474492","-2.2300118719620667","288000.0","1610035200000.0","1610323200000.0"
"c9b30eca-2ed6-4da8-996b-60166bc69254","MomentumMAStrategy_LongOnly","BTC-USDT","Bybit Perpetual","long","36035.43","36221.21","0.9455360351651817","37.57669129497683","34072.797607672444","138.08499331800954","0.4052646187377224","288000.0","1610568000000.0","1610856000000.0"
"ba88c7c3-51cf-4fc2-a1c8-11336a421f83","MomentumMAStrategy_LongOnly","BTC-USDT","Bybit Perpetual","long","36448.42","32247.3","0.938421428180551","35.45604461976018","34203.97835132456","-3977.8770749776354","-11.629866660886806","244800.0","1610985600000.0","1611230400000.0"
"19144eea-99fd-454a-8210-a9f9138878fd","MomentumMAStrategy_LongOnly","BTC-USDT","Bybit Perpetual","long","31663.37","30736.5","0.9608893535367775","32.97765390979343","30424.995130095795","-923.5971690224254","-3.035652643733118","374400.0","1611403200000.0","1611777600000.0"
"fdef93ed-be18-4163-9491-e5804ab2f404","MomentumMAStrategy_LongOnly","BTC-USDT","Bybit Perpetual","long","31937.9","37066.11","0.9251571900320464","35.11175579589879","29547.577819524497","4709.288597698342","15.937985260458575","72000.0","1611849600000.0","1611921600000.0"
"9744b307-5a78-4b25-8ecf-8eecc4604c1f","MomentumMAStrategy_LongOnly","BTC-USDT","Bybit Perpetual","long","37066.11","32817.33","0.917857363163761","35.27866648196709","34021.401987337915","-3935.0526739448906","-11.5664036285437","201600.0","1611921600000.0","1612123200000.0"
"19b03bc6-a62a-4813-a255-fb5bc3df3c8b","MomentumMAStrategy_LongOnly","BTC-USDT","Bybit Perpetual","long","32817.33","33827.0","0.9227777502645789","33.8238476979096","30283.101947090272","897.8771634117261","2.9649444927420916","43200.0","1612123200000.0","1612166400000.0"
"71e0f228-722e-4587-a07f-12093e9d2fe6","MomentumMAStrategy_LongOnly","BTC-USDT","Bybit Perpetual","long","33546.09","36891.1","0.9281584009442357","35.95727830057292","31136.085252331413","3068.741854441907","9.855901374795103","144000.0","1612224000000.0","1612368000000.0"
"7f929203-cede-44b3-911d-d7589a2d63a0","MomentumMAStrategy_LongOnly","BTC-USDT","Bybit Perpetual","long","36891.1","40264.340000000004","0.9230245239109492","39.1689998002269","34051.39001405122","3074.4142452371484","9.028748147927292","244800.0","1612368000000.0","1612612800000.0"
"2b3e2364-d864-4a20-a8b9-d14791682895","MomentumMAStrategy_LongOnly","BTC-USDT","Bybit Perpetual","long","40264.34","46451.32","0.9182339396852528","43.793894162813785","36972.08354702651","5637.3011259910545","15.247453173204887","216000.0","1612612800000.0","1612828800000.0"
"83322378-57d0-4b6b-8258-9416f19e0fcd","MomentumMAStrategy_LongOnly","BTC-USDT","Bybit Perpetual","long","46451.32","51181.48","0.9112231819616323","48.93089887390302","42327.51961671801","4261.300547513735","10.067446866956642","720000.0","1612828800000.0","1613548800000.0"
"d83e6dff-e0f0-4c12-8182-4e4bd262dc55","MomentumMAStrategy_LongOnly","BTC-USDT","Bybit Perpetual","long","51181.48","56004.1","0.9061042224034175","53.41671864031762","46375.75513685607","4316.379626406848","9.307405590850431","230400.0","1613548800000.0","1613779200000.0"
"34cbd9dc-6423-4477-9d64-b7d1b81af524","MomentumMAStrategy_LongOnly","BTC-USDT","Bybit Perpetual","long","56004.1","49680.0","0.9012967940194123","52.38900727985484","50476.31578194257","-5752.280062338019","-11.39599824834253","288000.0","1613779200000.0","1614067200000.0"
"75ca5b95-c13f-4b73-892e-d083a9527c38","MomentumMAStrategy_LongOnly","BTC-USDT","Bybit Perpetual","long","50874.99","44426.62000000001","0.8847500456063274","46.37495708662104","45011.64972272145","-5751.570608673084","-12.777960026134627","230400.0","1614268800000.0","1614499200000.0"
"ecad3cd9-d482-4d0a-82bc-02df6aa7b240","MomentumMAStrategy_LongOnly","BTC-USDT","Bybit Perpetual","long","46351.91","51721.4","0.8532044881102422","46.02212354070491","39547.65764448202","4535.2508433223575","11.46781153031234","201600.0","1614571200000.0","1614772800000.0"
"e94370c4-5b6a-4467-af62-02afcf62535d","MomentumMAStrategy_LongOnly","BTC-USDT","Bybit Perpetual","long","51721.4","48676.99","0.8479303720633674","46.82196430299469","43856.14594563825","-2628.269668316434","-5.992933513980681","230400.0","1614772800000.0","1615003200000.0"
"da61906a-5764-49c9-8c5c-ffe5d1dad1f8","MomentumMAStrategy_LongOnly","BTC-USDT","Bybit Perpetual","long","48908.21","53877.22","0.8456512671540759","47.806346018462115","41359.28976073764","4154.243256982814","10.044280936677099","187200.0","1615075200000.0","1615262400000.0"
"1b345a38-2667-449e-bf58-23988bbb0272","MomentumMAStrategy_LongOnly","BTC-USDT","Bybit Perpetual","long","53877.22","59905.92","0.8409086596314976","52.624675260334676","45305.820854871316","5016.961361060073","11.073546988875812","374400.0","1615262400000.0","1615636800000.0"
"70914492-707b-4369-b14d-5f936bc2250c","MomentumMAStrategy_LongOnly","BTC-USDT","Bybit Perpetual","long","59905.91999999999","54330.149999999994","0.8358428373669645","52.51587048314815","50071.93414787838","-4712.983287788746","-9.412425080025475","230400.0","1615636800000.0","1615867200000.0"
"2ad93be7-29d0-4747-a78f-91089c4d399d","MomentumMAStrategy_LongOnly","BTC-USDT","Bybit Perpetual","long","58959.0","54129.56","0.7733272278104968","48.099954431034575","45594.60002447908","-3782.8374015081617","-8.296678552892692","432000.0","1616025600000.0","1616457600000.0"
"ea46996f-5d83-437e-b978-f0bccc229c47","MomentumMAStrategy_LongOnly","BTC-USDT","Bybit Perpetual","long","54129.56","54714.99","0.7759328635415904","46.4508348493177","42000.90449304633","407.8035414538358","0.9709399032617303","14400.0","1616457600000.0","1616472000000.0"
"24163f5d-946e-49fe-848d-e63853898dd8","MomentumMAStrategy_LongOnly","BTC-USDT","Bybit Perpetual","long","55485.7","51024.329999999994","0.7639503125567032","44.75260388990811","42388.317857427464","-3453.017609821009","-8.146153903618416","115200.0","1616572800000.0","1616688000000.0"
"d324a5ff-bf37-4650-bcda-e8cbcb17ca50","MomentumMAStrategy_LongOnly","BTC-USDT","Bybit Perpetual","long","52421.62","56209.31","0.7460271378125574","44.57289198219895","39107.95112809751","2781.1466376390426","7.111460860042087","187200.0","1616731200000.0","1616918400000.0"
"33fc7c7d-30af-4062-a132-9eb53fdddcfb","MomentumMAStrategy_LongOnly","BTC-USDT","Bybit Perpetual","long","56209.31","59979.99","0.742760237296181","47.46543562160244","41750.0404338546","2753.2457359463615","6.5945941784377","417600.0","1616918400000.0","1617336000000.0"
"79f384b4-655a-4e21-a9e4-ab494b480e52","MomentumMAStrategy_LongOnly","BTC-USDT","Bybit Perpetual","long","59979.99","56376.69999999999","0.7396737459109889","47.336293814757035","44365.62388300365","-2712.59530571837","-6.11418271243461","460800.0","1617336000000.0","1617796800000.0"
"80d4a965-dfec-4d3f-ab3e-8905cfdb97ac","MomentumMAStrategy_LongOnly","BTC-USDT","Bybit Perpetual","long","56376.7","59286.01","0.7412398799960126","47.15359730422749","41788.6583425712","2109.342997966976","5.047644699849416","230400.0","1617796800000.0","1618027200000.0"
"eb90da80-5ea6-410c-9a59-032a2332101c","MomentumMAStrategy_LongOnly","BTC-USDT","Bybit Perpetual","long","59286.009999999995","63068.31","0.738665566980133","49.70840773539774","43792.53419063983","2744.146366253561","6.266242447417195","288000.0","1618027200000.0","1618315200000.0"
"fe3e1c5f-1792-4045-ada4-dda840d1411b","MomentumMAStrategy_LongOnly","BTC-USDT","Bybit Perpetual","long","63068.31","60090.14000000001","0.7357018641942477","49.83434569095073","46399.47323858071","-2240.8795665783264","-4.829536652401168","388800.0","1618315200000.0","1618704000000.0"
"a799d32e-de65-49b5-a909-33c3d83da9fc","MomentumMAStrategy_LongOnly","BTC-USDT","Bybit Perpetual","long","56293.57","50319.33","0.786424411355174","46.11364291895242","44270.637650331286","-4744.401818213486","-10.716813829714473","230400.0","1618920000000.0","1619150400000.0"
"8d58817b-9e2c-4cd0-9863-32af8c009045","MomentumMAStrategy_LongOnly","BTC-USDT","Bybit Perpetual","long","50319.33","48000.81","0.7902222848163613","42.732121120845484","39763.45592302847","-1874.8782929132785","-4.715078831534529","14400.0","1619150400000.0","1619164800000.0"
"45dcd46e-a75b-49a1-a7ca-2eaaf8f868b0","MomentumMAStrategy_LongOnly","BTC-USDT","Bybit Perpetual","long","49566.14","54524.36","0.7662957322228614","43.87025825321906","37982.32154476086","3755.592567168818","9.887738333063663","158400.0","1619352000000.0","1619510400000.0"
"95b91a00-0456-4cca-be36-d82734268eda","MomentumMAStrategy_LongOnly","BTC-USDT","Bybit Perpetual","long","54524.36","58004.55","0.7620471745761204","47.1637858579968","41550.13448357124","2604.9051706300734","6.269306232113503","504000.0","1619510400000.0","1620014400000.0"
"a82fd087-60dd-4b1a-8348-1ef4c3d275f4","MomentumMAStrategy_LongOnly","BTC-USDT","Bybit Perpetual","long","58004.549999999996","53881.83999999999","0.7589886378856452","46.70627430922314","44024.7943956698","-3175.7963216067565","-7.213653953870872","129600.0","1620014400000.0","1620144000000.0"
"a772a44d-7426-4989-98ae-480ef39fbb58","MomentumMAStrategy_LongOnly","BTC-USDT","Bybit Perpetual","long","53881.84","54874.99","0.7610688107559688","45.524287198328985","41007.78789014339","710.3312022039624","1.7321861011056812","43200.0","1620144000000.0","1620187200000.0"
"cc44f370-15e7-42de-9d48-b7391e06c325","MomentumMAStrategy_LongOnly","BTC-USDT","Bybit Perpetual","long","57596.1","49595.76","0.7237052948417888","42.66642415526687","41682.60253223715","-5832.554842689821","-13.992779933016294","633600.0","1620230400000.0","1620864000000.0"
"ab5347de-8bd8-4466-9545-e9ebce0cd022","MomentumMAStrategy_LongOnly","BTC-USDT","Bybit Perpetual","long","48157.36","43401.14","0.7504912111395188","37.792617255314696","36141.67543168182","-3607.2939255013175","-9.980981463684888","158400.0","1621108800000.0","1621267200000.0"
"02f8ae24-bc2b-4ce7-b5f3-5e9c53b594e1","MomentumMAStrategy_LongOnly","BTC-USDT","Bybit Perpetual","long","45366.0","43000.01","0.7211291760890441","35.047819392066934","32714.746202455575","-1741.232238726983","-5.3224690417934095","14400.0","1621339200000.0","1621353600000.0"
"c1047aa8-c08c-4d76-8729-fffb98280277","MomentumMAStrategy_LongOnly","BTC-USDT","Bybit Perpetual","long","40458.36","33033.85","0.7677171189258523","31.031675248581543","31060.575575664945","-5730.955101884762","-18.450897949150686","288000.0","1621512000000.0","1621800000000.0"
"09c37452-76ff-4e62-80ae-d41263a63f6b","MomentumMAStrategy_LongOnly","BTC-USDT","Bybit Perpetual","long","37558.3","36470.03","0.6820374785034045","27.769552542059863","25616.168228874416","-770.0104792729626","-3.005954959356531","403200.0","1621857600000.0","1622260800000.0"
"900a3af8-9680-4a58-8364-42f5994b4bd4","MomentumMAStrategy_LongOnly","BTC-USDT","Bybit Perpetual","long","36360.37","32797.91","0.6843895778168678","26.032163328457408","24884.658273565106","-2464.142658717936","-9.902256368678314","748800.0","1622376000000.0","1623124800000.0"
"d95dc861-e695-4fde-858f-f95638372fa3","MomentumMAStrategy_LongOnly","BTC-USDT","Bybit Perpetual","long","32797.91","37368.45","0.6873524181200285","26.525959469174246","22543.722747783064","3115.0457616451363","13.817796627894868","158400.0","1623124800000.0","1623283200000.0"
"f0dffa8b-9c2f-4193-8747-5f938b0221d7","MomentumMAStrategy_LongOnly","BTC-USDT","Bybit Perpetual","long","37368.45","35305.16","0.6824745533022094","27.27883923688494","25503.016221345944","-1435.4217603197962","-5.6284391926879325","763200.0","1623283200000.0","1624046400000.0"
"1c54c1df-6446-4699-a1db-ff2c89422f88","MomentumMAStrategy_LongOnly","BTC-USDT","Bybit Perpetual","long","35932.49","31605.999999999996","0.671797739289488","24.95471269336413","24139.365549042133","-2931.4809137519424","-12.143984927011745","187200.0","1624132800000.0","1624320000000.0"
"18bf1d3a-9d4f-4921-b61f-86a5f6814b78","MomentumMAStrategy_LongOnly","BTC-USDT","Bybit Perpetual","long","31606.0","35544.42","0.6756457217293487","24.95344169193089","21354.458680977794","2636.0231816813694","12.344134876289308","648000.0","1624320000000.0","1624968000000.0"
"f0d93edc-f850-41f9-bba6-69098a8ec82c","MomentumMAStrategy_LongOnly","BTC-USDT","Bybit Perpetual","long","35544.42","33283.2","0.6712356173929718","25.409752502413866","23858.680703575094","-1543.2211552637502","-6.468174726159552","748800.0","1624968000000.0","1625716800000.0"
"584b0a2e-ff90-43f6-9b56-1034dedc8385","MomentumMAStrategy_LongOnly","BTC-USDT","Bybit Perpetual","long","33283.2","31080.62","0.6727904950868466","23.816851477914373","22392.62060607453","-1505.6917401462997","-6.724053279131809","720000.0","1625716800000.0","1626436800000.0"
"3dfaffbf-a270-48ed-b3bd-ef2a97f3eb00","MomentumMAStrategy_LongOnly","BTC-USDT","Bybit Perpetual","long","31080.62","33634.46","0.674446438099869","24.00577035854144","20962.21345293555","1698.4225211184282","8.10230525002397","648000.0","1626436800000.0","1627084800000.0"
"d2ddb708-4d11-4ca9-86c1-ae66c453332f","MomentumMAStrategy_LongOnly","BTC-USDT","Bybit Perpetual","long","33634.46","38276.54","0.6712078876247174","26.54697672383958","22575.714847998053","3089.2537342611095","13.683968614331851","187200.0","1627084800000.0","1627272000000.0"
"ae69909e-e57c-4789-8b1b-ad2cbfda5bcb","MomentumMAStrategy_LongOnly","BTC-USDT","Bybit Perpetual","long","38276.54","42203.25","0.6664788900863586","29.500944612470775","25510.50589554611","2587.5683778785337","10.143148036630267","417600.0","1627272000000.0","1627689600000.0"
"c21c562e-ac7f-4cb9-b679-1c600c97e8f8","MomentumMAStrategy_LongOnly","BTC-USDT","Bybit Perpetual","long","42203.25","39147.48","0.6627142661887583","29.651759134728394","27968.695854530713","-2054.754132326348","-7.346621176094251","259200.0","1627689600000.0","1627948800000.0"
"0d106043-c244-40eb-9fe3-361823fabdbe","MomentumMAStrategy_LongOnly","BTC-USDT","Bybit Perpetual","long","39147.48","38170.37","0.6645812049414337","28.261194454064572","26016.67942882068","-677.6301356143892","-2.604598859236918","57600.0","1627948800000.0","1628006400000.0"
"845e7f81-cff6-4d93-a94b-e7c4eb946590","MomentumMAStrategy_LongOnly","BTC-USDT","Bybit Perpetual","long","39745.16","43670.3","0.6383904555922535","29.288398432060575","25372.93079998701","2476.483514431317","9.760336848562188","201600.0","1628107200000.0","1628308800000.0"
"e4878bad-7d67-424b-80c5-7e9e1773db90","MomentumMAStrategy_LongOnly","BTC-USDT","Bybit Perpetual","long","43670.3","46466.14","0.634884352493497","31.47441844000792","27725.590138696763","1743.5606496354085","6.288633139685315","576000.0","1628308800000.0","1628884800000.0"
"0b8e4123-679c-4fda-91ef-c8a22faeb32c","MomentumMAStrategy_LongOnly","BTC-USDT","Bybit Perpetual","long","46466.14","49212.4","0.6323308274767475","33.2752697034819","29381.972755850395","1703.269588562812","5.796988523255864","734400.0","1628884800000.0","1629619200000.0"
"1316a079-5f53-4128-9127-e1f555f0e5ba","MomentumMAStrategy_LongOnly","BTC-USDT","Bybit Perpetual","long","49212.4","51799.57","0.6299241423906387","34.996433215391406","31000.078864985066","1594.7244102533962","5.1442592039811075","1267200.0","1629619200000.0","1630886400000.0"
"3e30db72-e5f5-4bfe-b9fd-dd41e99dae90","MomentumMAStrategy_LongOnly","BTC-USDT","Bybit Perpetual","long","51799.57","46644.0","0.6277092079089805","33.98666444163776","32515.06705472579","-3270.1854254609407","-10.05744635235389","144000.0","1630886400000.0","1631030400000.0"
"6e12a14a-8785-46ab-a4f4-17686164ff2d","MomentumMAStrategy_LongOnly","BTC-USDT","Bybit Perpetual","long","46644.0","46406.55","0.6304860410886267","32.26689008984063","29408.390900537903","-181.97580054633323","-0.6187887027270328","72000.0","1631030400000.0","1631102400000.0"
"ea354514-78e6-4657-8458-c7329400279c","MomentumMAStrategy_LongOnly","BTC-USDT","Bybit Perpetual","long","46172.21","43852.02","0.6331842008432971","31.351056070995746","29235.51389001889","-1500.4587070256068","-5.132315144759158","907200.0","1631260800000.0","1632168000000.0"
"5308502a-2c68-47b1-81ac-89023d047170","MomentumMAStrategy_LongOnly","BTC-USDT","Bybit Perpetual","long","43375.74","47482.27","0.6411436005090533","32.03916741656816","27810.07811834456","2600.836262381874","9.35213576644456","748800.0","1632340800000.0","1633089600000.0"
"7e23295c-85e2-438e-be4c-da22742b268f","MomentumMAStrategy_LongOnly","BTC-USDT","Bybit Perpetual","long","47482.27","51164.85","0.6377300952041118","34.60063047606629","30280.87256760734","2313.891463520693","7.641429282972364","374400.0","1633089600000.0","1633464000000.0"
"a0a8c3b6-6b6f-46c8-94c8-d5c48a84ad90","MomentumMAStrategy_LongOnly","BTC-USDT","Bybit Perpetual","long","51164.85","55014.04","0.6347926253658909","37.07086698784488","32479.069457952002","2406.36655864429","7.408976300135742","72000.0","1633464000000.0","1633536000000.0"
"d1d66fb6-e268-4fb4-9f7e-d855d303f097","MomentumMAStrategy_LongOnly","BTC-USDT","Bybit Perpetual","long","55014.04","59445.03999999999","0.6319317339476264","39.78167868974755","34765.117688664075","2760.3078344321802","7.939877722123284","734400.0","1633536000000.0","1634270400000.0"
"921d315b-fc51-4282-86aa-3fa9a9ff2f06","MomentumMAStrategy_LongOnly","BTC-USDT","Bybit Perpetual","long","59445.04000000001","64219.99","0.6289407851584361","42.77788958566286","37387.41013137464","2960.3829125066054","7.918127792495371","403200.0","1634270400000.0","1634673600000.0"
"49130c77-c795-4ce1-94c4-37cf80911c0b","MomentumMAStrategy_LongOnly","BTC-USDT","Bybit Perpetual","long","64219.990000000005","60734.27","0.6259697938018352","43.019675801773495","40199.77389825592","-2224.975105452712","-5.534795073932601","273600.0","1634673600000.0","1634947200000.0"
"eaceb8ed-e1e1-4f2b-8cfc-b70cbdf626e6","MomentumMAStrategy_LongOnly","BTC-USDT","Bybit Perpetual","long","60902.82000000001","58876.25","0.625357701795678","41.19762016613301","38086.047548075854","-1308.5287778942045","-3.435716915078821","273600.0","1635120000000.0","1635393600000.0"
"a42c15be-7a0c-4336-84d0-2f3450a0b6a6","MomentumMAStrategy_LongOnly","BTC-USDT","Bybit Perpetual","long","61347.52","65274.99","0.6005612811907697","41.82451725825507","36842.945209076366","2316.861897780058","6.288481782963681","892800.0","1635451200000.0","1636344000000.0"
"0e78eaf4-5e84-4cad-8bc6-2bef648cba23","MomentumMAStrategy_LongOnly","BTC-USDT","Bybit Perpetual","long","65274.98999999999","64534.11000000001","0.5981458444033071","42.704625551903334","39043.96401196742","-485.85891875341525","-1.2443893212392418","360000.0","1636344000000.0","1636704000000.0"
"2fcfe179-6a18-4f0f-adc4-5cef97ed21b6","MomentumMAStrategy_LongOnly","BTC-USDT","Bybit Perpetual","long","63974.10999999999","60106.03","0.603093939707042","41.15758925960073","38582.39803915167","-2373.973195561612","-6.152995449252821","273600.0","1636833600000.0","1637107200000.0"
"46235383-2fe7-4e2c-8fa5-d65f07649d32","MomentumMAStrategy_LongOnly","BTC-USDT","Bybit Perpetual","long","58049.619999999995","53766.35","0.6257943377298272","38.48559049157252","36327.12350336813","-2718.9317034596074","-7.484577476131621","576000.0","1637352000000.0","1637928000000.0"
"37fd4821-48a3-47bb-a947-96c19f77af2b","MomentumMAStrategy_LongOnly","BTC-USDT","Bybit Perpetual","long","53766.35","54738.77","0.6276070141469804","37.45421591057289","33744.1383850815","572.8433967862327","1.6976086046383998","129600.0","1637928000000.0","1638057600000.0"
"d4eb77e4-5e09-407e-84a7-f35f5e774d04","MomentumMAStrategy_LongOnly","BTC-USDT","Bybit Perpetual","long","57315.73000000001","52003.89","0.5982361144493564","35.96941958603409","34288.339612028416","-3213.70394176271","-9.372585485694783","446400.0","1638144000000.0","1638590400000.0"
"77398349-deb0-4320-b0b5-39cadfe34db0","MomentumMAStrategy_LongOnly","BTC-USDT","Bybit Perpetual","long","52003.89","47241.93","0.6006343153820579","32.785744832627024","31235.320867353847","-2892.9823293093714","-9.261894064078668","14400.0","1638590400000.0","1638604800000.0"
"30a8950f-c8a8-45d5-8a00-a452ccfc2a50","MomentumMAStrategy_LongOnly","BTC-USDT","Bybit Perpetual","long","48393.9","50990.0","0.5886483142402233","32.17619085869042","28486.987654509947","1496.0136977403524","5.251568596455335","1555200.0","1638777600000.0","1640332800000.0"
"f1a41b7b-67be-4e29-adc9-84f713e40719","MomentumMAStrategy_LongOnly","BTC-USDT","Bybit Perpetual","long","50990.0","47676.66","0.5865503170692936","31.83012838894251","29908.200667363282","-1975.2707559473138","-6.604445308884088","388800.0","1640332800000.0","1640721600000.0"
"30bb28c7-87a6-4644-9c7e-aec6ed759ee0","MomentumMAStrategy_LongOnly","BTC-USDT","Bybit Perpetual","long","47676.66","46436.54","0.5879542201407006","30.433839211020185","28031.69344921334","-759.5676266919074","-2.7096744193070625","100800.0","1640721600000.0","1640822400000.0"
"b1b7a25f-fdd9-4175-a1f3-23b69c90fdce","MomentumMAStrategy_LongOnly","BTC-USDT","Bybit Perpetual","long","47540.18","44673.22","0.5744636264283396","29.13528429310788","27310.104203856023","-1676.0995227180997","-6.137287174764586","518400.0","1640894400000.0","1641412800000.0"
"9a55e5c7-e933-4dec-b130-2fa904dd8e20","MomentumMAStrategy_LongOnly","BTC-USDT","Bybit Perpetual","long","44673.22","41789.97","0.5756873952062068","27.376672747775643","25717.809657273825","-1687.2273549760716","-6.560540642693765","115200.0","1641412800000.0","1641528000000.0"
"401a2c40-0583-40a9-a06b-db29deb2dd84","MomentumMAStrategy_LongOnly","BTC-USDT","Bybit Perpetual","long","41918.02","38447.91","0.5752882333193828","25.428465638823056","24114.943670046556","-2021.7419169627428","-8.383772090141646","1094400.0","1641643200000.0","1642737600000.0"
"2a6cd0b1-1a67-42cf-8051-82fe3cb14833","MomentumMAStrategy_LongOnly","BTC-USDT","Bybit Perpetual","long","38447.91","36319.99","0.5772560549827533","23.738122646339754","22194.288848931956","-1252.0928271652433","-5.641509109337815","86400.0","1642737600000.0","1642824000000.0"
"05da8379-67dc-4d4b-b56b-20c4fd6ec43f","MomentumMAStrategy_LongOnly","BTC-USDT","Bybit Perpetual","long","34875.53","37822.15","0.6022790381429319","24.081358832092462","21004.800663124966","1750.6061005406352","8.334314277087698","432000.0","1643011200000.0","1643443200000.0"
"8718eb06-2ebc-4ca3-8a05-bafd3b926fa5","MomentumMAStrategy_LongOnly","BTC-USDT","Bybit Perpetual","long","37822.15","40701.71","0.5993280778231425","25.88385474237945","22667.87645863857","1699.917305034027","7.499234911288748","561600.0","1643443200000.0","1644004800000.0"
"516cbd48-1eb1-4b58-bac3-0c5e1de54de4","MomentumMAStrategy_LongOnly","BTC-USDT","Bybit Perpetual","long","40701.71","43805.26","0.5966038748352561","27.729452163922712","24282.797898420893","1823.860503581038","7.510915798132321","244800.0","1644004800000.0","1644249600000.0"
"2814297c-ae00-478a-83cf-48d829044d43","MomentumMAStrategy_LongOnly","BTC-USDT","Bybit Perpetual","long","43805.26","41177.1","0.5938890758055739","27.75855238209712","26015.465376822878","-1588.5940658512764","-6.106344986880578","878400.0","1644249600000.0","1645128000000.0"
"32ea36ec-678c-4adc-bf4b-aa4fdd79dfb5","MomentumMAStrategy_LongOnly","BTC-USDT","Bybit Perpetual","long","41177.1","40196.2","0.5951439274320962","26.63585394256061","24506.30101426417","-610.4125323607046","-2.4908391193163224","86400.0","1645128000000.0","1645214400000.0"
"84d67831-f798-4cc3-a17d-b3031d64b715","MomentumMAStrategy_LongOnly","BTC-USDT","Bybit Perpetual","long","39778.1","36580.0","0.601497032500836","25.26104380657115","23926.409108521504","-1948.908703447494","-8.145429155741473","172800.0","1645329600000.0","1645502400000.0"
"efed0f67-9fed-4e4c-98b3-f08e14592d81","MomentumMAStrategy_LongOnly","BTC-USDT","Bybit Perpetual","long","36580.0","40792.8","0.6034703619531542","25.680705391730957","22074.94584024638","2516.619235444519","11.400341607435767","561600.0","1645502400000.0","1646064000000.0"
"a14efc62-59d0-4436-9c0b-a9d65e3fbf0d","MomentumMAStrategy_LongOnly","BTC-USDT","Bybit Perpetual","long","40792.8","39127.7","0.599756185256189","26.363047812071994","24465.73411391867","-1025.0170718821557","-4.189602760781328","374400.0","1646064000000.0","1646438400000.0"
"37d5ba5d-057d-4513-9ae3-d310e268199c","MomentumMAStrategy_LongOnly","BTC-USDT","Bybit Perpetual","long","38649.4","42150.1","0.607822317956569","27.01145665885249","23491.96789563062","2100.792131811707","8.94259749181099","230400.0","1646596800000.0","1646827200000.0"
"60deab4a-6063-4965-bb8b-462bc0306ad9","MomentumMAStrategy_LongOnly","BTC-USDT","Bybit Perpetual","long","42150.1","38703.1","0.6046894413263965","26.890091985598268","25487.720420851743","-2111.2545962376867","-8.283418687025652","144000.0","1646827200000.0","1646971200000.0"
"f56bb4f9-da0f-4e9c-938e-baa391778b71","MomentumMAStrategy_LongOnly","BTC-USDT","Bybit Perpetual","long","38703.1","42020.3","0.6067221631969001","26.937171727734757","23482.028554425942","1985.6815880290249","8.456175681017811","662400.0","1646971200000.0","1647633600000.0"
"da5a0135-b2f3-4ff8-9fc8-ad237ef73396","MomentumMAStrategy_LongOnly","BTC-USDT","Bybit Perpetual","long","42020.3","44554.5","0.6037183471572909","28.74673733881017","25368.426063053514","1501.1962980271946","5.917577599398379","576000.0","1647633600000.0","1648209600000.0"
"c50864e7-9348-416b-98da-9a902f8a4114","MomentumMAStrategy_LongOnly","BTC-USDT","Bybit Perpetual","long","44554.5","46820.8","0.6013884690924453","30.223628478924603","26794.562546179353","1332.7030590252857","4.973781739218267","216000.0","1648209600000.0","1648425600000.0"
"4a074576-08b7-46da-83ce-234e0f8f056d","MomentumMAStrategy_LongOnly","BTC-USDT","Bybit Perpetual","long","46820.8","44585.0","0.5993197564384497","30.12971598618391","28060.63045225337","-1370.0888274312715","-4.882601728291705","360000.0","1648425600000.0","1648785600000.0"
"53cf9fa1-7284-4ad8-8fcb-880fa95a80e7","MomentumMAStrategy_LongOnly","BTC-USDT","Bybit Perpetual","long","44585.0","46705.4","0.6001804657663712","30.134893135599086","26759.04606619366","1242.4877664754154","4.643243871257153","360000.0","1648785600000.0","1649145600000.0"
"2d3d883b-68e3-4800-b906-788465d82ac7","MomentumMAStrategy_LongOnly","BTC-USDT","Bybit Perpetual","long","46705.4","44159.4","0.5982051207000755","29.895683758263523","27939.409444345307","-1552.9259210606556","-5.558191643792794","115200.0","1649145600000.0","1649260800000.0"
"4f685c81-3cc3-4903-886c-dae309f0f371","MomentumMAStrategy_LongOnly","BTC-USDT","Bybit Perpetual","long","44159.4","42140.4","0.5992864445472014","28.445065168924017","26464.129819337686","-1238.4043967097236","-4.679558349977581","374400.0","1649260800000.0","1649635200000.0"
"f8b390dd-ed4b-43b9-9d21-07d6115e693d","MomentumMAStrategy_LongOnly","BTC-USDT","Bybit Perpetual","long","42140.4","39961.7","0.6000808165670817","27.09734236542971","25287.64564246345","-1334.4934174201333","-5.27725449924539","72000.0","1649635200000.0","1649707200000.0"
"3d15f357-6389-4939-acc6-576193ee0819","MomentumMAStrategy_LongOnly","BTC-USDT","Bybit Perpetual","long","39961.7","42070.8","0.6010724492680322","27.11911163201892","24019.87689591432","1240.6027911191911","5.16490070492498","748800.0","1649707200000.0","1650456000000.0"
"6cef8ef2-d467-4739-8bad-56ca90223131","MomentumMAStrategy_LongOnly","BTC-USDT","Bybit Perpetual","long","42070.8","39414.6","0.5989534201269658","26.84327746122763","25198.449547477558","-1617.783352002477","-6.420170213069406","187200.0","1650456000000.0","1650643200000.0"
"155ed63d-d964-48ec-8882-3f45d0075599","MomentumMAStrategy_LongOnly","BTC-USDT","Bybit Perpetual","long","39414.6","36886.4","0.6003246351117403","25.192953491013494","23661.555363075197","-1542.9336959805134","-6.52084646298579","1123200.0","1650643200000.0","1651766400000.0"
"c9ccd47d-41d0-4b77-9f9e-4954cf6116a5","MomentumMAStrategy_LongOnly","BTC-USDT","Bybit Perpetual","long","36886.4","35900.0","0.6017331144241159","24.08889293784571","22195.768351893712","-617.6384370057945","-2.7826855426390247","144000.0","1651766400000.0","1651910400000.0"
"bf6c9c23-68b4-40da-81da-aef00c62e937","MomentumMAStrategy_LongOnly","BTC-USDT","Bybit Perpetual","long","34585.5","30923.799999999996","0.6247997524031229","22.511606931056043","21609.011836738206","-2310.340860305574","-10.691561825042301","86400.0","1652040000000.0","1652126400000.0"
"bfaeae49-2976-4023-a7bf-91bbb8fe0093","MomentumMAStrategy_LongOnly","BTC-USDT","Bybit Perpetual","long","30923.8","30056.599999999995","0.627807320557238","21.056167841779725","19414.188019447916","-565.4906762290192","-2.912770164080754","14400.0","1652126400000.0","1652140800000.0"
"8d05c870-3cb4-4fa2-b5fa-725c6848e872","MomentumMAStrategy_LongOnly","BTC-USDT","Bybit Perpetual","long","31190.0","28700.599999999995","0.6052251323190238","19.93601297031615","18876.97187703035","-1526.583457365297","-8.087014523885877","676800.0","1652241600000.0","1652918400000.0"
"a2b42861-93e9-49a6-a9bc-c3d1188ac461","MomentumMAStrategy_LongOnly","BTC-USDT","Bybit Perpetual","long","28700.600000000002","30446.700000000004","0.6071900097047909","19.7525073135567","17426.71759253332","1040.46196863198","5.970498822324279","374400.0","1652918400000.0","1653292800000.0"
"a7138344-af30-46de-9661-4953a9a02ef3","MomentumMAStrategy_LongOnly","BTC-USDT","Bybit Perpetual","long","30446.699999999997","28817.800000000003","0.6048325914707899","19.71480561447135","18415.1564627337","-1004.9266138612376","-5.457062588063712","446400.0","1653292800000.0","1653739200000.0"
"77b2fc3a-794c-4203-a56b-ae39eb051a5e","MomentumMAStrategy_LongOnly","BTC-USDT","Bybit Perpetual","long","28817.799999999996","30345.599999999995","0.605892059059523","19.7156488358292","17460.47617956552","905.9662389953096","5.188668565955761","144000.0","1653739200000.0","1653883200000.0"
"c9b67696-d393-4da1-b6dd-09e2783fac16","MomentumMAStrategy_LongOnly","BTC-USDT","Bybit Perpetual","long","30345.600000000002","32045.900000000005","0.6037496080687502","20.71786401950179","18321.144106611067","1005.8375945797959","5.4900370234894105","129600.0","1653883200000.0","1654012800000.0"
"73a64530-bf65-496c-b6bb-b70fb85595d0","MomentumMAStrategy_LongOnly","BTC-USDT","Bybit Perpetual","long","32045.9","30116.5","0.6015337319738834","20.566029253249333","19276.68982146187","-1181.1652117236608","-6.127427596041931","100800.0","1654012800000.0","1654113600000.0"
"206f0e5e-ca84-4c30-9af7-db25ffebee4f","MomentumMAStrategy_LongOnly","BTC-USDT","Bybit Perpetual","long","30116.5","31529.800000000003","0.6028118430204171","20.43861584511425","18154.582870324393","831.5153618956431","4.580195358026341","417600.0","1654113600000.0","1654531200000.0"
"726f7512-8bf0-469e-9002-e44ae10174f2","MomentumMAStrategy_LongOnly","BTC-USDT","Bybit Perpetual","long","31529.800000000003","29547.499999999996","0.6008449931215945","20.18389444411206","18944.52246412525","-1211.2389243090527","-6.393610219538362","43200.0","1654531200000.0","1654574400000.0"
"bc632df7-1787-40d1-9e0b-c218c2bbf422","MomentumMAStrategy_LongOnly","BTC-USDT","Bybit Perpetual","long","29547.5","27538.199999999997","0.6022115402667453","18.907717028312938","17793.845486031656","-1228.9313648862858","-6.906496776377029","432000.0","1654574400000.0","1655006400000.0"
"380a910f-9906-4352-81a8-766441d44baa","MomentumMAStrategy_LongOnly","BTC-USDT","Bybit Perpetual","long","27538.2","25500.0","0.603756261825017","17.612179951260188","16626.360689389683","-1248.1881928030102","-7.507284463036802","86400.0","1655006400000.0","1655092800000.0"
"da39c116-352b-4f54-9894-b338dfced5f1","MomentumMAStrategy_LongOnly","BTC-USDT","Bybit Perpetual","long","22197.5","19244.9","0.6956000408256257","15.855034322551553","15440.581906226826","-2069.683714864293","-13.404182092577987","187200.0","1655352000000.0","1655539200000.0"
"8172a534-4125-49a7-a0d6-7d9280e9118c","MomentumMAStrategy_LongOnly","BTC-USDT","Bybit Perpetual","long","19244.9","21241.9","0.700153410883182","15.590834113659868","13474.382377105749","1382.6155274200544","10.261067919292904","561600.0","1655539200000.0","1656100800000.0"
"b08e4680-2e06-434d-9664-0b775047098a","MomentumMAStrategy_LongOnly","BTC-USDT","Bybit Perpetual","long","21241.9","19423.5","0.6961649912745469","15.57040530989678","14787.8671281548","-1281.476825443534","-8.665731266977065","475200.0","1656100800000.0","1656576000000.0"
"fcb0e5f0-a33f-4f67-a856-b52a9a6e8b30","MomentumMAStrategy_LongOnly","BTC-USDT","Bybit Perpetual","long","19423.5","20881.9","0.698662143485131","15.48792143691408","13570.464143983441","1003.4409486218019","7.3943008726542665","633600.0","1656576000000.0","1657209600000.0"
"83ebd5f8-8ae3-4a9c-87a5-9c98a6c62f38","MomentumMAStrategy_LongOnly","BTC-USDT","Bybit Perpetual","long","20881.9","19383.6","0.6955177950844585","15.402954477885297","14523.733045174156","-1057.4972668529315","-7.28116706334195","446400.0","1657209600000.0","1657656000000.0"
"ab1ec704-fecb-47cc-8a7e-453619ea9c68","MomentumMAStrategy_LongOnly","BTC-USDT","Bybit Perpetual","long","19383.6","21156.7","0.6974509710097129","15.551179380013785","13519.110641663869","1221.0991373173097","9.032392512226844","259200.0","1657656000000.0","1657915200000.0"
"7b57b0dd-2297-4e1c-a461-2968dcd79aed","MomentumMAStrategy_LongOnly","BTC-USDT","Bybit Perpetual","long","21156.7","23391.5","0.693830078514859","16.999884607032605","14679.154822115319","1533.571574857974","10.447274338625585","345600.0","1657915200000.0","1658260800000.0"
"0b2a43a7-b4ff-48d7-8061-6f8c7ae359f9","MomentumMAStrategy_LongOnly","BTC-USDT","Bybit Perpetual","long","23391.5","21931.5","0.6898252706423441","17.19572290772763","16136.047818230392","-1024.3406180455502","-6.348150610264414","489600.0","1658260800000.0","1658750400000.0"
"06871a11-baae-4006-b010-30e4a713d584","MomentumMAStrategy_LongOnly","BTC-USDT","Bybit Perpetual","long","21931.5","23739.400000000005","0.6913765237711567","17.366683443725066","15162.924231087121","1232.5729338821525","8.12886033787021","273600.0","1658750400000.0","1659024000000.0"
"9b657636-28ac-4846-8c0c-5be8c540d3fe","MomentumMAStrategy_LongOnly","BTC-USDT","Bybit Perpetual","long","23739.4","21892.8","0.6880489194451066","17.26845224604665","16333.868518275165","-1287.8195868933822","-7.884351373665729","1872000.0","1659024000000.0","1660896000000.0"
"6abcb67d-7ed6-476c-b1f6-ed8ce83671ca","MomentumMAStrategy_LongOnly","BTC-USDT","Bybit Perpetual","long","21892.8","20635.5","0.6902013406565835","16.144199321714957","15110.439910726449","-883.9343449292368","-5.849825353540887","648000.0","1660896000000.0","1661544000000.0"
"1a8f33b1-28e7-40fa-98bb-243e85932273","MomentumMAStrategy_LongOnly","BTC-USDT","Bybit Perpetual","long","20635.5","19547.5","0.6915607706643248","15.283942546182509","14270.702283043673","-767.7020610289678","-5.379567492912699","187200.0","1661544000000.0","1661731200000.0"
"c17df6c4-dbb3-402e-9f42-1cc403b8eaac","MomentumMAStrategy_LongOnly","BTC-USDT","Bybit Perpetual","long","19547.5","20931.7","0.6927425668277865","15.422915701124435","13541.385325066156","943.471345301898","6.967317764420006","993600.0","1661731200000.0","1662724800000.0"
"dc1621e7-c9da-4489-9da6-470f854661da","MomentumMAStrategy_LongOnly","BTC-USDT","Bybit Perpetual","long","20931.7","22180.9","0.6897520556430179","16.355352460763346","14437.683103102958","845.2829154484951","5.854699188312468","244800.0","1662724800000.0","1662969600000.0"
"5930625a-a142-46dc-a46c-ebfe8a4b0cc4","MomentumMAStrategy_LongOnly","BTC-USDT","Bybit Perpetual","long","22180.9","20272.0","0.6871092639513738","16.043379479380704","15240.70187277903","-1327.6662534361592","-8.711319626345194","129600.0","1662969600000.0","1663099200000.0"
"160bbd12-4399-4502-a3a6-7eea8915d143","MomentumMAStrategy_LongOnly","BTC-USDT","Bybit Perpetual","long","20272.0","20015.9","0.6895924887536838","15.280228275212748","13979.418932014678","-191.88486464503018","-1.3726240380820767","115200.0","1663099200000.0","1663214400000.0"
"201fe125-029c-4e17-ab7f-4a5218045613","MomentumMAStrategy_LongOnly","BTC-USDT","Bybit Perpetual","long","19738.4","18459.6","0.6989993267236402","14.685206955204286","13797.1283106019","-908.5655459693974","-6.585178636566301","273600.0","1663300800000.0","1663574400000.0"
"25d923e5-a686-4a87-9c11-4001a5648bac","MomentumMAStrategy_LongOnly","BTC-USDT","Bybit Perpetual","long","18459.6","20091.9","0.7006647512368076","14.856422436518184","12933.991041930973","1128.8386510073249","8.727690063706707","676800.0","1663574400000.0","1664251200000.0"
"0535e630-929d-4def-aa82-83a1e03a1f69","MomentumMAStrategy_LongOnly","BTC-USDT","Bybit Perpetual","long","20091.9","19137.5","0.6971161393590417","15.041096332554377","14006.387760387932","-680.3687397368249","-4.857560360145141","475200.0","1664251200000.0","1664726400000.0"
"ee42b598-889f-4076-9f83-9aa77a33c611","MomentumMAStrategy_LongOnly","BTC-USDT","Bybit Perpetual","long","19137.5","20092.2","0.6981077704840206","15.062607122066343","13360.037457637945","651.4208813590287","4.87589112998041","172800.0","1664726400000.0","1664899200000.0"
"3f2b10b9-2a0d-43c5-81d9-81b5c95e0d7c","MomentumMAStrategy_LongOnly","BTC-USDT","Bybit Perpetual","long","20092.2","19357.9","0.695737017097631","15.095792194011793","13978.887294929023","-525.9754838488018","-3.762641995401197","388800.0","1664899200000.0","1665288000000.0"
"85b9f430-deaa-444e-bd13-a04876683815","MomentumMAStrategy_LongOnly","BTC-USDT","Bybit Perpetual","long","19357.9","18744.9","0.6963157462985479","14.592368789935371","13479.21058527266","-441.43392127094523","-3.274924139498603","374400.0","1665288000000.0","1665662400000.0"
"dadf8571-f97c-44b7-8433-de12a97a1512","MomentumMAStrategy_LongOnly","BTC-USDT","Bybit Perpetual","long","18744.9","19806.3","0.6967147522827682","14.772554367011901","13059.848360065263","724.7204837059168","5.549225869436474","57600.0","1665662400000.0","1665720000000.0"
"03e4ae78-4b76-483c-b2e3-692835eadb98","MomentumMAStrategy_LongOnly","BTC-USDT","Bybit Perpetual","long","19806.3","19060.4","0.6941393808831474","14.838398891234064","13748.332819585883","-532.5969630919723","-3.8739021674921506","158400.0","1665720000000.0","1665878400000.0"
"c2358130-85b5-495a-af43-bd7835454e32","MomentumMAStrategy_LongOnly","BTC-USDT","Bybit Perpetual","long","19060.4","19560.7","0.6947580168647305","14.757775364823944","13242.36570464851","332.8296604726002","2.513370102411278","691200.0","1665878400000.0","1666569600000.0"
"f5350959-af73-4eea-b8ee-86d14e5948dd","MomentumMAStrategy_LongOnly","BTC-USDT","Bybit Perpetual","long","19560.7","20266.8","0.6931527952525972","15.18359862410755","13558.553882097478","474.25159010375035","3.4978036317718617","158400.0","1666569600000.0","1666728000000.0"
"4f032ea9-06e4-4bde-8982-6249a22c9ebd","MomentumMAStrategy_LongOnly","BTC-USDT","Bybit Perpetual","long","20266.8","21137.6","0.6912335885633668","15.741061596872186","14009.092892696042","586.1851473241071","4.184319083427079","878400.0","1666728000000.0","1667606400000.0"
"25b0a4af-4975-44be-9e02-e9298a9daf6f","MomentumMAStrategy_LongOnly","BTC-USDT","Bybit Perpetual","long","21137.6","20140.6","0.6891023002920835","15.644696414554176","14565.968782653943","-702.6796898057614","-4.824119152600106","273600.0","1667606400000.0","1667880000000.0"
"7a1aa341-c766-42d7-8cab-10e4ea9425ca","MomentumMAStrategy_LongOnly","BTC-USDT","Bybit Perpetual","long","20140.6","18238.0","0.6900699620338258","14.566155474701262","13898.42307733847","-1327.493265240257","-9.551394844244951","57600.0","1667880000000.0","1667937600000.0"
"155db5a0-4eaf-4682-85c0-09ac415971f0","MomentumMAStrategy_LongOnly","BTC-USDT","Bybit Perpetual","long","18238.0","18303.3","0.6929106522294235","13.925920808971068","12637.304475360226","31.321144781609785","0.24784672113169906","28800.0","1667937600000.0","1667966400000.0"
"f3530858-c5ba-4196-bc4a-dcc16d0b03fe","MomentumMAStrategy_LongOnly","BTC-USDT","Bybit Perpetual","long","17397.3","16592.2","0.7281049106989449","13.611357024210985","12667.059562902754","-599.8086206279304","-4.735184338949138","691200.0","1668153600000.0","1668844800000.0"
"3470056f-e4b7-4488-a819-c7e613f002d4","MomentumMAStrategy_LongOnly","BTC-USDT","Bybit Perpetual","long","16592.2","15712.8","0.729092065748136","12.954325551196444","12097.241373306222","-654.1178881701084","-5.407165716420978","216000.0","1668844800000.0","1669060800000.0"
"94590f1d-5ec4-4d20-8ab7-5cfa1966f949","MomentumMAStrategy_LongOnly","BTC-USDT","Bybit Perpetual","long","15712.800000000001","16577.9","0.7303491026134501","12.970916072268075","11475.829379544619","618.8540925986279","5.392674221017262","115200.0","1669060800000.0","1669176000000.0"
"0a82307c-f822-40de-96f7-81a8217e4fe1","MomentumMAStrategy_LongOnly","BTC-USDT","Bybit Perpetual","long","16577.9","17077.6","0.7277001771945372","13.47011232246391","12063.740767513318","350.16166622164417","2.9025960767045103","1008000.0","1669176000000.0","1670184000000.0"
"cb051c16-4e08-4020-b2f3-39a98e21ab0f","MomentumMAStrategy_LongOnly","BTC-USDT","Bybit Perpetual","long","17077.6","17749.6","0.7258862106164731","13.904321328910118","12396.39435042388","473.8912122053598","3.8228149154447935","763200.0","1670184000000.0","1670947200000.0"
"f98e74c7-e491-48e4-af28-f3f012edb572","MomentumMAStrategy_LongOnly","BTC-USDT","Bybit Perpetual","long","17749.6","17018.6","0.7237679160104437","13.840259211588869","12846.59100201897","-542.9146058152232","-4.226137546761618","244800.0","1670947200000.0","1671192000000.0"
"68b17ca5-4e8a-4dad-8e6b-d71af04ed6e5","MomentumMAStrategy_LongOnly","BTC-USDT","Bybit Perpetual","long","17018.6","16549.3","0.7245497353774405","13.376887184197013","12330.822126494508","-353.4080779968293","-2.8660544639394505","288000.0","1671192000000.0","1671480000000.0"
"36ab8076-503d-48c8-b2d4-a8319e3c54ce","MomentumMAStrategy_LongOnly","BTC-USDT","Bybit Perpetual","long","16549.3","16887.1","0.7248091733425291","13.329255193952577","11995.084452397517","231.51128356115325","1.9300513012634932","547200.0","1671480000000.0","1672027200000.0"
"8984b20f-56af-4159-af2e-f8cf915ca047","MomentumMAStrategy_LongOnly","BTC-USDT","Bybit Perpetual","long","16887.1","16539.0","0.7233343896690736","13.298036203384584","12215.020171780612","-265.09073724718803","-2.170203024794065","244800.0","1672027200000.0","1672272000000.0"
"aac0633c-18e1-4ec4-9dd7-6363d48e6401","MomentumMAStrategy_LongOnly","BTC-USDT","Bybit Perpetual","long","16539.0","16855.9","0.7233317595619918","13.28557547756822","11963.183971395782","215.93825912762804","1.8050233085434515","532800.0","1672272000000.0","1672804800000.0"
"fa515878-7f23-4d56-b90c-bd92e95cbd18","MomentumMAStrategy_LongOnly","BTC-USDT","Bybit Perpetual","long","16855.9","17124.7","0.7219030320283717","13.49188399357881","12168.32531756703","180.55565101564696","1.4838167644563578","417600.0","1672804800000.0","1673222400000.0"
"31d4f40d-cde6-4f75-91ab-2345722b90a5","MomentumMAStrategy_LongOnly","BTC-USDT","Bybit Perpetual","long","17124.7","17540.6","0.7205879919666852","13.738669404857504","12339.853186031894","285.95387645408533","2.317319923852668","244800.0","1673222400000.0","1673467200000.0"
"cdddee43-85c2-4b7d-bfde-2572583512b2","MomentumMAStrategy_LongOnly","BTC-USDT","Bybit Perpetual","long","17540.6","18217.2","0.7189896222856275","14.140217913670755","12611.509368663275","472.32816052478637","3.745215157976365","28800.0","1673467200000.0","1673496000000.0"
"d93345bf-d1fa-486a-b355-4c021dd1122f","MomentumMAStrategy_LongOnly","BTC-USDT","Bybit Perpetual","long","18217.2","19252.5","0.7169170411019159","14.774466550237053","13060.221121161823","727.4497461025759","5.5699650055991","129600.0","1673496000000.0","1673625600000.0"
"55ca1af9-8bf4-4f49-9220-9cc2866a453c","MomentumMAStrategy_LongOnly","BTC-USDT","Bybit Perpetual","long","19252.5","20996.3","0.7142604015041822","15.811468226433844","13751.29837995927","1229.7158199165588","8.94254335800545","43200.0","1673625600000.0","1673668800000.0"
"aeca2c3f-f886-46e5-8dd9-c4e11e38f495","MomentumMAStrategy_LongOnly","BTC-USDT","Bybit Perpetual","long","20996.3","22661.1","0.7105789309964137","17.062115742145558","14919.52840888","1165.9096885806835","7.814655105899608","590400.0","1673668800000.0","1674259200000.0"
"bf584e9e-e094-4f31-9aa1-ac2f911fe64b","MomentumMAStrategy_LongOnly","BTC-USDT","Bybit Perpetual","long","22661.1","23896.6","0.7072535143056449","18.11045331864336","16027.142613031649","855.7012636059808","5.339075618571031","763200.0","1674259200000.0","1675022400000.0"
"25bde232-8f7a-4e94-9c1c-e55ff1b25bf6","MomentumMAStrategy_LongOnly","BTC-USDT","Bybit Perpetual","long","23896.6","22783.7","0.7047052222264812","18.09271815180435","16840.05881345733","-802.3591599676538","-4.764586447444398","86400.0","1675022400000.0","1675108800000.0"
"d61834e1-c320-4ebb-a4fb-5233702dc487","MomentumMAStrategy_LongOnly","BTC-USDT","Bybit Perpetual","long","22783.7","23827.0","0.7056719326311381","18.090524512659606","16077.817611488063","718.1370028014063","4.466632351198442","230400.0","1675108800000.0","1675339200000.0"
"9bf3b761-918c-4309-8626-59cc2951299b","MomentumMAStrategy_LongOnly","BTC-USDT","Bybit Perpetual","long","23827.0","22889.5","0.7034057063058462","18.073358973250386","16760.047764149396","-677.5162086349812","-4.042447958198682","288000.0","1675339200000.0","1675627200000.0"
"80fd68bc-808c-447e-a64b-a1b86ab4f43c","MomentumMAStrategy_LongOnly","BTC-USDT","Bybit Perpetual","long","22889.5","21793.4","0.7040960862380641","17.30358025647174","16116.407365946168","-789.0633003820127","-4.896024793027364","360000.0","1675627200000.0","1675987200000.0"
"ddbe51a9-000a-4e57-a31b-52fb419953be","MomentumMAStrategy_LongOnly","BTC-USDT","Bybit Perpetual","long","21793.4","21618.6","0.7051124299367356","16.835687444627464","15366.797230583255","-140.0893401975709","-0.9116365505153068","86400.0","1675987200000.0","1676073600000.0"
"1e149d73-a6df-4e8b-8f35-fda9d825d300","MomentumMAStrategy_LongOnly","BTC-USDT","Bybit Perpetual","long","21727.0","22798.1","0.701142005679365","17.170129854390865","15233.712357395563","733.823072428776","4.817099438486669","345600.0","1676131200000.0","1676476800000.0"
"f29473a2-94d6-492d-bf8e-769d23cd71cd","MomentumMAStrategy_LongOnly","BTC-USDT","Bybit Perpetual","long","22798.1","24332.599999999995","0.6987794718069884","18.113681108541492","15930.8442762029","1054.1634183792798","6.617122106666769","28800.0","1676476800000.0","1676505600000.0"
"4666c85a-eee2-4a58-9caa-85f62af2e818","MomentumMAStrategy_LongOnly","BTC-USDT","Bybit Perpetual","long","24332.6","23064.9","0.6958688970214123","18.140345325614817","16932.299523663216","-900.2933460796571","-5.31701760190032","792000.0","1676505600000.0","1677297600000.0"
"6a777960-7262-4994-a37d-1f4db2144099","MomentumMAStrategy_LongOnly","BTC-USDT","Bybit Perpetual","long","23064.9","22338.1","0.69703405802269","17.406090535022308","16077.020844887544","-524.0104439059154","-3.2593752845232484","633600.0","1677297600000.0","1677931200000.0"
"51bb0d6e-6a82-4f27-a0ca-de08c58b43f1","MomentumMAStrategy_LongOnly","BTC-USDT","Bybit Perpetual","long","22335.7","20845.6","0.6975026940358674","16.565490195084053","15579.210923176925","-1055.9142545779316","-6.777713324408915","417600.0","1677974400000.0","1678392000000.0"
"8e118e81-4ce4-48d9-a8a8-09b6c0eb7296","MomentumMAStrategy_LongOnly","BTC-USDT","Bybit Perpetual","long","20845.6","20042.1","0.6992407213669977","15.724689663670564","14576.092381327886","-577.5646092820532","-3.9624104607207276","28800.0","1678392000000.0","1678420800000.0"
"7871bea2-2e89-437b-a0c6-63320c733c5f","MomentumMAStrategy_LongOnly","BTC-USDT","Bybit Perpetual","long","20367.4","21986.2","0.6887185405358531","16.04334026814162","14027.406002509935","1098.8542331512967","7.83362392843465","72000.0","1678593600000.0","1678665600000.0"
"eb1243b7-1a93-4f0c-98fb-eb88f0628cd7","MomentumMAStrategy_LongOnly","BTC-USDT","Bybit Perpetual","long","21986.2","24008.999999999996","0.6854898765590993","17.3410841836711","15071.31752400367","1369.2678381200722","9.085256388097969","57600.0","1678665600000.0","1678723200000.0"
"7c11efc5-1503-4661-a713-50571bb9d886","MomentumMAStrategy_LongOnly","BTC-USDT","Bybit Perpetual","long","24009.0","26914.100000000002","0.6819160302477297","19.098903009949495","16372.121970217742","1961.9353564627318","11.983390790953404","331200.0","1678723200000.0","1679054400000.0"
"959fe690-3e1e-405a-a5af-6a2ae30eb274","MomentumMAStrategy_LongOnly","BTC-USDT","Bybit Perpetual","long","26914.1","28426.300000000003","0.6775615962955231","20.623091369998022","18235.96055885734","1003.985554548095","5.505526025391911","1051200.0","1679054400000.0","1680105600000.0"
"21b07d9e-97af-40e0-a9f6-c7eef90f62b5","MomentumMAStrategy_LongOnly","BTC-USDT","Bybit Perpetual","long","28426.3","29623.1","0.6750701581168856","21.553079700124687","19189.746835678026","786.3708855341636","4.097870035847083","1065600.0","1680105600000.0","1681171200000.0"
"3cc9fd5e-89a9-4a69-a325-a7e0c2557a9c","MomentumMAStrategy_LongOnly","BTC-USDT","Bybit Perpetual","long","29623.100000000002","30790.0","0.6730152879656579","22.36241694136895","19936.79917693548","762.9791225857558","3.826989055838173","302400.0","1681171200000.0","1681473600000.0"
"b51309ad-0217-40fd-a44f-a63c7f16c81a","MomentumMAStrategy_LongOnly","BTC-USDT","Bybit Perpetual","long","30789.999999999996","29831.100000000002","0.6710499949136718","22.373883865663657","20661.629343391953","-665.8437239883796","-3.222609954530673","244800.0","1681473600000.0","1681718400000.0"
"b90bb67a-2d13-4fe1-8af2-8694f11673b7","MomentumMAStrategy_LongOnly","BTC-USDT","Bybit Perpetual","long","29831.1","28492.300000000003","0.6714159989273943","21.537595129513093","20029.077805602992","-920.4293344935057","-4.595465370033273","288000.0","1681718400000.0","1682006400000.0"
"3163476b-63f5-4bca-8b66-1524d836517d","MomentumMAStrategy_LongOnly","BTC-USDT","Bybit Perpetual","long","28492.3","28091.2","0.6722753143071692","20.921829635904842","19154.66993783416","-290.57145820450944","-1.5169744983732396","14400.0","1682006400000.0","1682020800000.0"
"594452fb-9275-41cc-8ba4-c669e636be5d","MomentumMAStrategy_LongOnly","BTC-USDT","Bybit Perpetual","long","27704.6","29803.0","0.6814257218129797","21.55293681185266","18878.627052539876","1408.3507978405048","7.460027648838103","288000.0","1682236800000.0","1682524800000.0"
"08afda78-0eff-4805-95df-8b8c440628b7","MomentumMAStrategy_LongOnly","BTC-USDT","Bybit Perpetual","long","29803.0","27871.9","0.6783397748712666","21.51774827494755","20216.56031048836","-1331.4596875288496","-6.585985286716098","14400.0","1682524800000.0","1682539200000.0"
"62d522e2-20ec-4d40-aa36-c8aacd2f4935","MomentumMAStrategy_LongOnly","BTC-USDT","Bybit Perpetual","long","27871.9","29323.4","0.6799562859846637","21.389667070078254","18951.67360733595","965.5668820366611","5.094889781464485","230400.0","1682539200000.0","1682769600000.0"
"cb0b4154-2265-437f-a8ce-b9bf638a4a6a","MomentumMAStrategy_LongOnly","BTC-USDT","Bybit Perpetual","long","29323.4","27833.9","0.6775804355999229","21.30076752744351","19868.96214527078","-1030.5568263535285","-5.1867672745998075","201600.0","1682769600000.0","1682971200000.0"
"cdd324a8-72bd-45ec-b442-ef9223fa28b6","MomentumMAStrategy_LongOnly","BTC-USDT","Bybit Perpetual","long","27833.9","28054.4","0.6786664161412853","20.861231745875948","18889.933160234923","128.78471301327747","0.681763730558779","14400.0","1682971200000.0","1682985600000.0"
"7d361f30-9c23-4fad-af7a-d79fde16ba61","MomentumMAStrategy_LongOnly","BTC-USDT","Bybit Perpetual","long","28656.5","27874.1","0.6634543170867879","20.628008839628507","19012.278637597537","-539.7146665283324","-2.838768970390667","489600.0","1683072000000.0","1683561600000.0"
"034b994f-43cf-4cd7-819e-0f287039d930","MomentumMAStrategy_LongOnly","BTC-USDT","Bybit Perpetual","long","27660.7","26307.700000000004","0.6688026588045718","19.85181517628576","18499.54970439562","-924.741812538869","-4.99872606260867","187200.0","1683720000000.0","1683907200000.0"
"1b3cdb13-5b4a-44cc-b30e-05863cdbbaf2","MomentumMAStrategy_LongOnly","BTC-USDT","Bybit Perpetual","long","26307.7","27398.599999999995","0.6698056075781498","19.785029496250914","17621.04498248369","710.9059078107488","4.034414011867226","230400.0","1683907200000.0","1684137600000.0"
"6d0f1d9b-9f9d-44e5-8e7f-c2c02b036b2a","MomentumMAStrategy_LongOnly","BTC-USDT","Bybit Perpetual","long","27398.6","26637.700000000004","0.6677861494712833","19.84658098977131","18296.405594903903","-527.9650621224669","-2.885621765345653","590400.0","1684137600000.0","1684728000000.0"
"42423eb0-5c38-4b39-9ea5-7b15c8f28f77","MomentumMAStrategy_LongOnly","BTC-USDT","Bybit Perpetual","long","26637.7","27518.4","0.6680321043441272","19.897907395339047","17794.838785887558","568.4379669005342","3.1943979585324587","576000.0","1684728000000.0","1685304000000.0"
"c592e312-d63e-49d1-9ee7-661c3ad75724","MomentumMAStrategy_LongOnly","BTC-USDT","Bybit Perpetual","long","27518.4","26884.199999999997","0.6662761953617603","19.93593654018324","18334.854854443067","-442.48829963861454","-2.4133722527472683","331200.0","1685304000000.0","1685635200000.0"
"15c19f4b-fadf-488c-94a4-550df76cec37","MomentumMAStrategy_LongOnly","BTC-USDT","Bybit Perpetual","long","26985.100000000002","25991.900000000005","0.6638660212408473","19.343296614002004","17914.490969786388","-678.6950289104096","-3.7885253343511684","302400.0","1685678400000.0","1685980800000.0"
"dff7dd5f-129d-4438-b2d3-eefb67d4d252","MomentumMAStrategy_LongOnly","BTC-USDT","Bybit Perpetual","long","25991.9","25706.4","0.6644274059349834","18.892372048136707","17269.730692321496","-208.58639644257445","-1.2078149923630053","57600.0","1685980800000.0","1686038400000.0"
"dfba7b07-cddf-469c-9b3b-e81dd11d5b7e","MomentumMAStrategy_LongOnly","BTC-USDT","Bybit Perpetual","long","27073.2","25637.2","0.630570956359095","18.280706035938742","17071.57361570105","-923.780599367599","-5.41122113381499","302400.0","1686081600000.0","1686384000000.0"
"9f06e388-3bc6-40b1-afb5-ea84339ddfd4","MomentumMAStrategy_LongOnly","BTC-USDT","Bybit Perpetual","long","25637.2","26571.999999999996","0.6316595434096481","18.138141688580653","16193.982046301831","572.3371994907557","3.534258577379728","691200.0","1686384000000.0","1687075200000.0"
"20ee2a84-c117-4240-8788-0831a3129354","MomentumMAStrategy_LongOnly","BTC-USDT","Bybit Perpetual","long","26572.000000000004","27973.8","0.6298999844128425","18.89711921338231","16737.70238581805","864.0966789365375","5.162576433840115","216000.0","1687075200000.0","1687291200000.0"
"44987cfb-39e5-40d9-b6b3-a51a86a22cc2","MomentumMAStrategy_LongOnly","BTC-USDT","Bybit Perpetual","long","27973.8","29837.0","0.6276799802246302","19.95767499042353","17558.59423080776","1149.5356641641079","6.546854771250244","72000.0","1687291200000.0","1687363200000.0"
"7e195811-4dc3-43e2-88db-22a06a1a4546","MomentumMAStrategy_LongOnly","BTC-USDT","Bybit Perpetual","long","29837.0","31068.0","0.625084730762599","20.938932039902852","18650.653111763666","748.5403715288564","4.013480745383249","1036800.0","1687363200000.0","1688400000000.0"
"2aeef647-275e-442f-9fb1-e1edebdb5351","MomentumMAStrategy_LongOnly","BTC-USDT","Bybit Perpetual","long","31068.0","29874.400000000005","0.6232060790754499","20.888820784396238","19361.76646471608","-764.74759676885","-3.949782155272289","288000.0","1688400000000.0","1688688000000.0"
"ba87fd72-37b9-40dd-aa07-60973332a71f","MomentumMAStrategy_LongOnly","BTC-USDT","Bybit Perpetual","long","29874.4","30824.5","0.6237867956439517","20.82474478156196","18635.25624778567","571.8350897597555","3.068565745253456","331200.0","1688688000000.0","1689019200000.0"
"62c9edff-8d5c-45d6-8782-8a4362682b83","MomentumMAStrategy_LongOnly","BTC-USDT","Bybit Perpetual","long","30824.5","30293.6","0.6221836390876555","20.914675029667784","19178.499583057437","-351.23196902130496","-1.8313839802754348","489600.0","1689019200000.0","1689508800000.0"
"ce7225e7-7606-43ac-b419-426db087d2a5","MomentumMAStrategy_LongOnly","BTC-USDT","Bybit Perpetual","long","30145.0","29259.600000000002","0.6251394663289832","20.424887967817696","18844.8292124872","-573.923371455498","-3.045521744899644","604800.0","1689595200000.0","1690200000000.0"
"d35fb55d-8a07-4570-8999-6e841b992e0d","MomentumMAStrategy_LongOnly","BTC-USDT","Bybit Perpetual","long","29259.600000000002","28613.0","0.6254221523740746","19.907143330516128","18299.602009604474","-424.30510705559414","-2.3186575687979403","2059200.0","1690200000000.0","1692259200000.0"
"073c1027-8687-41ab-a4d2-b426c69a8c1e","MomentumMAStrategy_LongOnly","BTC-USDT","Bybit Perpetual","long","28613.0","27889.4","0.6254678697760341","19.437239670878363","17896.512157901663","-472.0257902408157","-2.6375295145563156","43200.0","1692259200000.0","1692302400000.0"
"5c8a60a6-8607-41ae-95c5-5d0f2a507752","MomentumMAStrategy_LongOnly","BTC-USDT","Bybit Perpetual","long","26095.0","27411.400000000005","0.6686371970558684","19.67700312630257","17448.087657172888","860.5170030780461","4.93187001341255","777600.0","1692547200000.0","1693324800000.0"
"09f67ae7-2462-4c24-b30d-23895dc9d6a2","MomentumMAStrategy_LongOnly","BTC-USDT","Bybit Perpetual","long","27411.399999999998","26148.7","0.6663497234762554","19.629366803398327","18265.578810097028","-861.029162636864","-4.713944034233921","187200.0","1693324800000.0","1693512000000.0"
"93217ea1-de6d-4590-9bf5-043422c263c3","MomentumMAStrategy_LongOnly","BTC-USDT","Bybit Perpetual","long","26148.7","25798.0","0.6672454502744689","19.06365957747502","17447.601105592006","-253.06663898873177","-1.4504380141269","72000.0","1693512000000.0","1693584000000.0"
"332a7e69-ef08-4175-9d5a-afa668962881","MomentumMAStrategy_LongOnly","BTC-USDT","Bybit Perpetual","long","25930.4","25102.5","0.6635912981887171","18.62574359873424","17207.18779855271","-568.0129793691741","-3.3010215615648097","705600.0","1693742400000.0","1694448000000.0"
"4e6d9a34-d781-43f9-a5f1-33786a874f66","MomentumMAStrategy_LongOnly","BTC-USDT","Bybit Perpetual","long","25102.5","26087.2","0.663980697864834","18.693935001220325","16667.575468151997","635.1278581862822","3.810559366596955","72000.0","1694448000000.0","1694520000000.0"
"61eb9eee-faf2-45ea-bfe9-3fca0c017ee9","MomentumMAStrategy_LongOnly","BTC-USDT","Bybit Perpetual","long","26087.2","27184.700000000004","0.6620467866781016","19.39766961838044","17270.94693342897","707.1986787608384","4.094730193351542","518400.0","1694520000000.0","1695038400000.0"
"5ad00028-8bbd-4290-96db-bf2647266d0d","MomentumMAStrategy_LongOnly","BTC-USDT","Bybit Perpetual","long","27184.699999999997","26562.5","0.6600325064559022","19.511194522042665","17942.785678251763","-430.1834200389031","-2.397528609843026","432000.0","1695038400000.0","1695470400000.0"
"5453efe8-7cc4-4cee-80f7-7342557a0f49","MomentumMAStrategy_LongOnly","BTC-USDT","Bybit Perpetual","long","26562.5","27174.2","0.660107724393969","19.50960591439277","17534.1114292148","384.2782890973986","2.1916040094117677","691200.0","1695470400000.0","1696161600000.0"
"556ce646-9117-4c93-b263-07edb31812dc","MomentumMAStrategy_LongOnly","BTC-USDT","Bybit Perpetual","long","27174.199999999997","28114.8","0.658682713892491","20.029849712621065","17899.175803857328","599.5271109746574","3.349467693621164","57600.0","1696161600000.0","1696219200000.0"
"6ab9e0de-7076-4f27-88d1-c39dec97c601","MomentumMAStrategy_LongOnly","BTC-USDT","Bybit Perpetual","long","28114.8","27386.399999999998","0.6569040704285023","20.052430306516513","18468.726559283255","-498.5413552066385","-2.69938132229289","748800.0","1696219200000.0","1696968000000.0"
"475cbdc0-dad3-43a8-a61c-6cd1b3162e9b","MomentumMAStrategy_LongOnly","BTC-USDT","Bybit Perpetual","long","27386.4","26692.999999999996","0.6570820652527148","19.544032111795218","17995.11227183695","-475.164736158031","-2.6405210980632905","244800.0","1696968000000.0","1697212800000.0"
"2e08d4e1-ee28-4d6a-9d17-e4e54abb4abf","MomentumMAStrategy_LongOnly","BTC-USDT","Bybit Perpetual","long","26693.0","27837.2","0.6572399420255057","19.711684017651578","17543.705772486825","732.3022576479326","4.17415948001349","230400.0","1697212800000.0","1697443200000.0"
"da66f84a-4a32-4626-be89-cf33bd068ca9","MomentumMAStrategy_LongOnly","BTC-USDT","Bybit Perpetual","long","27837.2","29222.8","0.6552165058717242","20.562659603772325","18239.39291725236","887.3053309320878","4.864774474444264","331200.0","1697443200000.0","1697774400000.0"
"59fd1c8e-4774-4181-9248-ce22f1c9d94d","MomentumMAStrategy_LongOnly","BTC-USDT","Bybit Perpetual","long","29222.8","30724.000000000004","0.6529946816060693","21.529717868616494","19082.332981637843","958.7458981584177","5.024259345442615","259200.0","1697774400000.0","1698033600000.0"
"d3c2dbd2-2e9e-4ee9-bea0-27b1cfe35cb2","MomentumMAStrategy_LongOnly","BTC-USDT","Bybit Perpetual","long","30723.999999999996","33074.0","0.6507336800184981","22.833529024801077","19993.141584888333","1506.390619018672","7.53453684416093","72000.0","1698033600000.0","1698105600000.0"
"c0297d46-70d0-46da-8e56-463d1b25cd19","MomentumMAStrategy_LongOnly","BTC-USDT","Bybit Perpetual","long","33074.0","34182.5","0.6477659996660843","23.961560676098102","21424.212672956073","694.0870499537564","3.2397318890971762","388800.0","1698105600000.0","1698494400000.0"
"32d481dd-dcb9-4a62-a638-a0f412563b1d","MomentumMAStrategy_LongOnly","BTC-USDT","Bybit Perpetual","long","33981.0","35437.4","0.6498806795094948","24.812522329354056","22083.595370412142","921.6736993082751","4.17356722874548","331200.0","1698552000000.0","1698883200000.0"
"93126e2b-9d7a-461b-9e21-86328da92007","MomentumMAStrategy_LongOnly","BTC-USDT","Bybit Perpetual","long","35437.4","37330.4","0.6478800754218706","25.929644263755982","22959.185384755","1200.507338509845","5.22887601799229","777600.0","1698883200000.0","1699660800000.0"
"e23bed0b-cf56-4b3b-85ea-0213323e3451","MomentumMAStrategy_LongOnly","BTC-USDT","Bybit Perpetual","long","37330.4","35305.9","0.6455775281363005","25.790799653831726","24099.667356339356","-1332.762505365772","-5.530211208559243","331200.0","1699660800000.0","1699992000000.0"
"52d9c6aa-1673-4b2e-bf78-2da3c6d6213e","MomentumMAStrategy_LongOnly","BTC-USDT","Bybit Perpetual","long","37527.4","35737.0","0.608449905302309","24.517744483116772","22833.54297624187","-1113.8864549363718","-4.8782900494039065","532800.0","1700078400000.0","1700611200000.0"
"14a2ef7d-26a5-4fb8-863e-187112fbdc73","MomentumMAStrategy_LongOnly","BTC-USDT","Bybit Perpetual","long","35737.0","37378.5","0.6093222946540651","24.50299732912861","21775.350844052322","975.6995493455192","4.4807523714917314","115200.0","1700611200000.0","1700726400000.0"
"09e9aa82-782b-4407-a0b6-84432fb144e2","MomentumMAStrategy_LongOnly","BTC-USDT","Bybit Perpetual","long","37378.5","36743.2","0.6073615959958416","24.760270705458737","22702.265415930564","-410.6170926416187","-1.8087053653838516","374400.0","1700726400000.0","1701100800000.0"
"3a0ba015-6bda-400a-941a-a2a9ae13d331","MomentumMAStrategy_LongOnly","BTC-USDT","Bybit Perpetual","long","37250.1","38578.0","0.598983067909107","24.98086138444521","22312.17917792103","770.4087544920588","3.4528619923168025","259200.0","1701172800000.0","1701432000000.0"
"e1fe8a51-56c0-4336-b460-b1d6abc0708b","MomentumMAStrategy_LongOnly","BTC-USDT","Bybit Perpetual","long","38578.0","39758.5","0.5973370183702754","25.7363102367597","23044.067494688486","679.4200399493504","2.948351197573747","187200.0","1701432000000.0","1701619200000.0"
"bdf8e4cd-0fb0-47f0-99b4-54b3e8766490","MomentumMAStrategy_LongOnly","BTC-USDT","Bybit Perpetual","long","39758.5","41471.9","0.5958352687510938","26.61996546811737","23689.516532640362","994.2841840100077","4.1971484839719855","57600.0","1701619200000.0","1701676800000.0"
"796b648a-187f-4dc2-a029-aec97d02eabd","MomentumMAStrategy_LongOnly","BTC-USDT","Bybit Perpetual","long","41471.9","43834.0","0.5939946447461987","27.86918627089011","24634.086507449876","1375.205564084105","5.582531195821746","129600.0","1701676800000.0","1701806400000.0"
"580c6439-c2e0-4b55-aeac-40f574d05155","MomentumMAStrategy_LongOnly","BTC-USDT","Bybit Perpetual","long","43834.0","42346.6","0.5917902037991005","28.05045916064082","25940.531793329774","-908.2792082914237","-3.501390085321899","489600.0","1701806400000.0","1702296000000.0"
"1cbb64ad-b285-4bab-b3f1-ff7d777ce85d","MomentumMAStrategy_LongOnly","BTC-USDT","Bybit Perpetual","long","42875.0","41396.5","0.5849018436257241","27.109805643307865","25077.666545452917","-891.8871814439408","-3.556499883381924","345600.0","1702512000000.0","1702857600000.0"
"ad2d2b71-d0ad-4235-8e3c-c311b9b7eeb9","MomentumMAStrategy_LongOnly","BTC-USDT","Bybit Perpetual","long","42671.7","45435.0","0.5678323976565539","27.516411290833688","24230.37372308117","1541.5748531535232","6.362158796110777","1224000.0","1702944000000.0","1704168000000.0"
"4a471225-3ec1-4a07-9cd4-32087ea52a7a","MomentumMAStrategy_LongOnly","BTC-USDT","Bybit Perpetual","long","45435.0","42775.0","0.5655303143738752","27.436985967005747","25694.86983357702","-1531.7476222015139","-5.9612974579069","187200.0","1704168000000.0","1704355200000.0"
"b5eaac31-24b8-40fe-b462-ac0fd245f3b8","MomentumMAStrategy_LongOnly","BTC-USDT","Bybit Perpetual","long","42775.0","43469.1","0.5666793592632514","26.88001323052968","24239.70959248558","366.4521300340923","1.5117843249561627","72000.0","1704355200000.0","1704427200000.0"
"dd6c8ba0-6c7b-4938-9dac-3d4afc507eb8","MomentumMAStrategy_LongOnly","BTC-USDT","Bybit Perpetual","long","43769.9","47006.7","0.5617522342070228","28.046676825044475","24587.839116017967","1790.2329548562445","7.280969044937264","288000.0","1704456000000.0","1704744000000.0"
"5d5ef9b3-9a2b-45b3-a59a-b76f9f63d901","MomentumMAStrategy_LongOnly","BTC-USDT","Bybit Perpetual","long","47006.7","44495.1","0.5592513497678289","28.144877835902257","26288.5604231314","-1432.7605679127803","-5.450129428358082","331200.0","1704744000000.0","1705075200000.0"
"6696e77c-4e50-4b1a-9325-4488bfdfec56","MomentumMAStrategy_LongOnly","BTC-USDT","Bybit Perpetual","long","42989.6","40897.0","0.5798481000896556","26.752817098139495","24927.437883614257","-1240.142951345752","-4.975011700504305","331200.0","1705348800000.0","1705680000000.0"
"ae042dc4-3744-455f-893f-d825c05c67f6","MomentumMAStrategy_LongOnly","BTC-USDT","Bybit Perpetual","long","41818.5","39812.5","0.5679137721304158","25.497653023027887","23749.302079835794","-1164.732679916642","-4.904281717421715","259200.0","1705694400000.0","1705953600000.0"
"7d659b5b-30e4-4059-85cb-289fd5d246b0","MomentumMAStrategy_LongOnly","BTC-USDT","Bybit Perpetual","long","39812.5","38850.1","0.5687361013228254","24.606043244154286","22642.806033914985","-571.9576671572423","-2.5260017080062833","57600.0","1705953600000.0","1706011200000.0"
"221a7812-de80-469f-9f73-9d6c7b690e9c","MomentumMAStrategy_LongOnly","BTC-USDT","Bybit Perpetual","long","40195.2","41896.4","0.5498031170417266","24.82381965961843","22099.446250115605","910.5012430517693","4.120018360401254","288000.0","1706097600000.0","1706385600000.0"
"559b49db-8d1d-469d-8efc-d8524487f42f","MomentumMAStrategy_LongOnly","BTC-USDT","Bybit Perpetual","long","41896.4","43502.9","0.548124001847767","25.745173339048907","22964.422431014787","854.8160356293887","3.722349378466884","201600.0","1706385600000.0","1706587200000.0"
"4729892b-0bce-42d5-8b3f-a5163356b15e","MomentumMAStrategy_LongOnly","BTC-USDT","Bybit Perpetual","long","43502.9","45406.3","0.5465497165674634","26.72631393313196","23776.497664862705","1013.5764165813787","4.2629340572697485","820800.0","1706587200000.0","1707408000000.0"
"10e3967d-b42d-42b6-af0a-7ce6d8d7178a","MomentumMAStrategy_LongOnly","BTC-USDT","Bybit Perpetual","long","45406.3","47486.2","0.5448449942103852","27.83660749357852","24739.395260615016","1105.3864959645987","4.468122540264224","100800.0","1707408000000.0","1707508800000.0"
"c309ae26-14ff-4328-9c41-ee2736c05201","MomentumMAStrategy_LongOnly","BTC-USDT","Bybit Perpetual","long","47486.2","49925.4","0.543094887183674","29.097058051809654","25789.512431781382","1295.6199907666105","5.023825069178002","244800.0","1707508800000.0","1707753600000.0"
"330d43f5-6603-4607-90bd-a387600e8609","MomentumMAStrategy_LongOnly","BTC-USDT","Bybit Perpetual","long","49925.4","52379.9","0.5412145205248162","30.453012637656116","27020.35142300966","1297.9580279905053","4.803631187732097","216000.0","1707753600000.0","1707969600000.0"
"179e51c1-3052-4dd8-999c-c04974867275","MomentumMAStrategy_LongOnly","BTC-USDT","Bybit Perpetual","long","52379.9","54531.3","0.5393941483202648","31.717001618443625","28253.411549600638","1128.7355690777747","3.995041685837509","1008000.0","1707969600000.0","1708977600000.0"
"a6f733df-4f7f-4446-9df8-4e187ec07e80","MomentumMAStrategy_LongOnly","BTC-USDT","Bybit Perpetual","long","54531.3","57390.7","0.5377775761851363","33.10402803498606","29325.710340224527","1504.6171733087897","5.130710069262963","86400.0","1708977600000.0","1709064000000.0"
"941a0715-f990-427e-ace4-a87324071fc9","MomentumMAStrategy_LongOnly","BTC-USDT","Bybit Perpetual","long","57390.7","61000.0","0.5358899029784944","34.89440940510582","30755.096654867877","1899.2930174151754","6.175539094313195","72000.0","1709064000000.0","1709136000000.0"
"30fb8093-0589-4df5-863e-75c3b686ad92","MomentumMAStrategy_LongOnly","BTC-USDT","Bybit Perpetual","long","61000.0","61641.0","0.5337610659247917","36.00354498734531","32559.42502141229","306.13729827044614","0.9402417213114753","316800.0","1709136000000.0","1709452800000.0"
"a9008b26-15aa-448b-a2c1-360f99dffe40","MomentumMAStrategy_LongOnly","BTC-USDT","Bybit Perpetual","long","62797.09999999999","66505.4","0.5231173964206821","37.20221293287689","32850.25545476921","1902.6740282139401","5.791961133555536","72000.0","1709496000000.0","1709568000000.0"
"5202b2a2-3a8d-4c62-8ed3-ac9ef663ef62","MomentumMAStrategy_LongOnly","BTC-USDT","Bybit Perpetual","long","66505.4","71223.8","0.5211275442531351","39.47596387237189","34657.79578157245","2419.4122409316255","6.980860110607573","576000.0","1709568000000.0","1710144000000.0"
"8e4a8ae4-4a70-4f64-b624-8cb1c046353b","MomentumMAStrategy_LongOnly","BTC-USDT","Bybit Perpetual","long","71223.8","68487.4","0.5188748341208627","39.87094414865467","36956.2374104575","-1459.7200402369879","-3.9498610857606713","345600.0","1710144000000.0","1710489600000.0"
"159de3a9-f7c6-4a68-b174-3ec955ef680b","MomentumMAStrategy_LongOnly","BTC-USDT","Bybit Perpetual","long","68262.9","61974.1","0.521066397299739","37.32416841181936","35569.50337223235","-3314.2065277504157","-9.3175507486497","144000.0","1710748800000.0","1710892800000.0"
"1b027fb7-cfd3-4146-94a2-a02c299a5098","MomentumMAStrategy_LongOnly","BTC-USDT","Bybit Perpetual","long","66707.8","64007.6","0.4860152361623297","34.941321800579374","32421.00717086946","-1347.2796624861041","-4.1555762144756745","259200.0","1710993600000.0","1711252800000.0"
"717d310e-8d12-4a61-9d35-ab8b5999df5c","MomentumMAStrategy_LongOnly","BTC-USDT","Bybit Perpetual","long","65371.899999999994","69844.6","0.47636815652455655","35.42705916018649","31141.091491507657","2095.224794527203","6.728167492454726","100800.0","1711281600000.0","1711382400000.0"
"4697f340-5116-4160-95bc-f47315145035","MomentumMAStrategy_LongOnly","BTC-USDT","Bybit Perpetual","long","69844.6","65684.2","0.4743610106766808","35.35926819908876","33131.5550463085","-2008.8908170183556","-6.0633761808357525","676800.0","1711382400000.0","1712059200000.0"
"363c9bec-52bc-44e0-9476-7914767a49fa","MomentumMAStrategy_LongOnly","BTC-USDT","Bybit Perpetual","long","68484.0","72472.6","0.45591829872876966","35.34558129662543","31223.10877014106","1783.1301450129479","5.710930830558971","316800.0","1712260800000.0","1712577600000.0"
"f1626f0b-06dc-4873-8817-df9f069e02e4","MomentumMAStrategy_LongOnly","BTC-USDT","Bybit Perpetual","long","72472.6","69094.7","0.4542003792868389","35.364956745037546","32917.08240790336","-1569.6084179380546","-4.768370411714232","172800.0","1712577600000.0","1712750400000.0"
"ee8711ac-a2e1-40c6-9b23-c407e14c0833","MomentumMAStrategy_LongOnly","BTC-USDT","Bybit Perpetual","long","69094.7","64779.1","0.45482438466137354","33.488987789003886","31425.954410862203","-1996.3291022336268","-6.352485197851642","288000.0","1712750400000.0","1713038400000.0"
"c483dbad-e382-4681-bc68-6f7cfdb26e8c","MomentumMAStrategy_LongOnly","BTC-USDT","Bybit Perpetual","long","64552.8","61254.5","0.45744633484125036","31.652548554700502","29529.441763740266","-1540.4477947615978","-5.216650579060866","201600.0","1713196800000.0","1713398400000.0"
"960883a4-0f4f-4fa3-b2f5-83b549e3d265","MomentumMAStrategy_LongOnly","BTC-USDT","Bybit Perpetual","long","63474.0","66585.7","0.44216555374983063","31.629355599070266","28066.016358716748","1344.2571980042765","4.789625933453063","475200.0","1713456000000.0","1713931200000.0"
"c9944abb-0e8d-42aa-81cb-b672af8dbcda","MomentumMAStrategy_LongOnly","BTC-USDT","Bybit Perpetual","long","66585.7","64478.8","0.44068111766972207","31.76670769075281","29343.060696820812","-960.2377545090877","-3.27245260619021","158400.0","1713931200000.0","1714089600000.0"
"9e7a22fe-fcc4-4605-9c2e-a2d9643c0750","MomentumMAStrategy_LongOnly","BTC-USDT","Bybit Perpetual","long","64236.6","61182.3","0.44259557370777997","30.530417499614277","28430.834830037176","-1382.3500782752847","-4.862150853251878","360000.0","1714118400000.0","1714478400000.0"
"5c10938c-6684-4404-88f7-3540dadbe62b","MomentumMAStrategy_LongOnly","BTC-USDT","Bybit Perpetual","long","61182.3","60213.99999999999","0.44322626406126703","29.593315685923436","27117.602255675658","-458.7693071764528","-1.6917768129017872","57600.0","1714478400000.0","1714536000000.0"
"22d08727-af95-4a92-b0f9-83e4f2b07cbf","MomentumMAStrategy_LongOnly","BTC-USDT","Bybit Perpetual","long","59158.1","63850.0","0.45102482016592876","30.51383839979892","26681.77141385803","2085.649515336723","7.816758051729184","100800.0","1714723200000.0","1714824000000.0"
"c66c488f-fedc-45d8-8470-e2005050f37e","MomentumMAStrategy_LongOnly","BTC-USDT","Bybit Perpetual","long","63850.0","62251.8","0.4489136797717764","31.134852685114524","28663.13845342792","-748.5886956963662","-2.6116773531714914","360000.0","1714824000000.0","1715184000000.0"
"e3edb3ae-0d71-4f72-b296-e9eb3165c110","MomentumMAStrategy_LongOnly","BTC-USDT","Bybit Perpetual","long","62420.6","65959.6","0.44780055290266946","31.618798497965408","27951.97919251637","1553.147358224585","5.556484381758598","518400.0","1715284800000.0","1715803200000.0"
"9e1c8bf4-bd78-40b5-89e4-b91ba23551c7","MomentumMAStrategy_LongOnly","BTC-USDT","Bybit Perpetual","long","65959.6","69996.4","0.4461438393020838","33.36076249888476","29427.46918282973","1767.632687995762","6.006743825008018","432000.0","1715803200000.0","1716235200000.0"
"36da59d2-6eba-44ca-9fac-e2e9a5605bad","MomentumMAStrategy_LongOnly","BTC-USDT","Bybit Perpetual","long","69996.4","67191.2","0.4444045727555375","33.531738220946664","31106.720236425703","-1280.1754457147792","-4.115430479281788","302400.0","1716235200000.0","1716537600000.0"
"fe9a79cf-4481-4a9c-9be6-cbd9fc84d015","MomentumMAStrategy_LongOnly","BTC-USDT","Bybit Perpetual","long","69127.4","71625.1","0.4323980587002645","33.47360926646494","29890.55356299666","1046.5270219491906","3.5011965226523944","1022400.0","1716580800000.0","1717603200000.0"
"30d9a69d-461f-45dc-8cf2-e7cee221600b","MomentumMAStrategy_LongOnly","BTC-USDT","Bybit Perpetual","long","71625.1","69486.6","0.4312001551669511","33.466062814729746","30884.75423384839","-955.5875946392547","-3.0940430589276664","273600.0","1717603200000.0","1717876800000.0"
"031d5d38-e1a0-4550-a277-a9ebea33e602","MomentumMAStrategy_LongOnly","BTC-USDT","Bybit Perpetual","long","69486.6","66919.6","0.4314061418883799","32.3655598594101","29976.9460189411","-1139.7851260868813","-3.8022056195007385","230400.0","1717876800000.0","1718107200000.0"
"17d10857-4e4e-4502-bacd-47699ca57394","MomentumMAStrategy_LongOnly","BTC-USDT","Bybit Perpetual","long","66919.6","69738.0","0.4317741012970573","32.45286683397701","28894.15014915856","1184.4592602616467","4.099304717900277","100800.0","1718107200000.0","1718208000000.0"
"3db3a665-2103-4d4d-b9bc-bc4d40abc541","MomentumMAStrategy_LongOnly","BTC-USDT","Bybit Perpetual","long","69738.0","66464.4","0.43045952631860857","32.24629132310171","30019.386446407123","-1441.3985966797013","-4.801559149961292","86400.0","1718208000000.0","1718294400000.0"
"98d245c5-041f-4b46-979a-e2c1a3cca13a","MomentumMAStrategy_LongOnly","BTC-USDT","Bybit Perpetual","long","66464.4","63745.5","0.43105869878553654","30.870460534647158","28650.05777956141","-1202.87595666264","-4.198511451243063","676800.0","1718294400000.0","1718971200000.0"
"5c7630e3-59ae-483f-ad08-b11a60fac0c3","MomentumMAStrategy_LongOnly","BTC-USDT","Bybit Perpetual","long","63745.5","61257.3","0.43151792080589063","29.667521593003023","27507.325620731903","-1103.370412142219","-4.011187519118993","259200.0","1718971200000.0","1719230400000.0"
"d2e7eaa2-8af1-4c38-8aa3-2cc77c080e6c","MomentumMAStrategy_LongOnly","BTC-USDT","Bybit Perpetual","long","61257.3","59294.7","0.43193421403158144","28.638793353464365","26459.123729196795","-876.3528818118486","-3.3121009251142404","28800.0","1719230400000.0","1719259200000.0"
"927669fe-ca75-4640-84b4-e6937664447c","MomentumMAStrategy_LongOnly","BTC-USDT","Bybit Perpetual","long","61957.9","60208.0","0.4136129289642731","27.791167645206073","25626.588491475537","-751.5724320397882","-2.932783785441407","705600.0","1719345600000.0","1720051200000.0"
"f65c0da6-f6b1-49a0-9091-add64c7bd48a","MomentumMAStrategy_LongOnly","BTC-USDT","Bybit Perpetual","long","57285.4","60031.3","0.43488558482680995","28.06063792919828","24912.59468103774","1166.0916894467398","4.680731591295515","662400.0","1720281600000.0","1720944000000.0"
"eb27da15-1503-42d3-96e5-10bb611b8319","MomentumMAStrategy_LongOnly","BTC-USDT","Bybit Perpetual","long","60031.3","62985.9","0.4334469149595651","29.326784204830098","26020.38178601214","1251.3354707347003","4.80905884097129","115200.0","1720944000000.0","1721059200000.0"
"d6bee865-6a4d-4145-810b-574c768f551d","MomentumMAStrategy_LongOnly","BTC-USDT","Bybit Perpetual","long","62985.9","67107.8","0.43198796053100935","30.909401677513138","27209.1504832101","1749.7017728352548","6.430563769034024","360000.0","1721059200000.0","1721419200000.0"
"16113ecb-2ba5-4647-bf44-f3d9c3b5f221","MomentumMAStrategy_LongOnly","BTC-USDT","Bybit Perpetual","long","67107.8","64074.00000000001","0.43022371717451013","31.040636891903738","28871.367167403594","-1336.2533500559307","-4.628299527029638","460800.0","1721419200000.0","1721880000000.0"
"a04d59ce-4b41-4caf-98cc-037cfcc1e2b9","MomentumMAStrategy_LongOnly","BTC-USDT","Bybit Perpetual","long","65773.0","68822.0","0.4196543640224782","31.065858519083","27601.926484850457","1248.460297385453","4.523091162026971","144000.0","1721952000000.0","1722096000000.0"
"9406686d-909d-4668-ab93-35c9891c5cef","MomentumMAStrategy_LongOnly","BTC-USDT","Bybit Perpetual","long","68822.0","66028.9","0.41829594849563567","31.024171816544566","28787.963767366637","-1199.3665855597071","-4.1662084725814506","302400.0","1722096000000.0","1722398400000.0"
"e3f2dd87-5b56-425e-aa1a-4d0011350866","MomentumMAStrategy_LongOnly","BTC-USDT","Bybit Perpetual","long","64600.1","60857.7","0.4279957076085783","29.532469937308523","27648.56551108492","-1631.2636060916527","-5.899993637780749","129600.0","1722571200000.0","1722700800000.0"
"b13051ee-e6f0-4a9d-9157-abc8ef175f49","MomentumMAStrategy_LongOnly","BTC-USDT","Bybit Perpetual","long","56737.0","60989.1","0.4599972696000467","29.784526508364134","26098.86508529785","1926.169863557994","7.380282082239101","345600.0","1722974400000.0","1723320000000.0"
"0a66cf95-b70d-404e-b657-7851cfa436f7","MomentumMAStrategy_LongOnly","BTC-USDT","Bybit Perpetual","long","60989.100000000006","58360.9","0.45792980148383805","30.05965699390284","27928.72645567795","-1233.590761253728","-4.41692449962371","748800.0","1723320000000.0","1724068800000.0"
"528054ef-1dc4-4c0b-a6b3-7da3119c7a51","MomentumMAStrategy_LongOnly","BTC-USDT","Bybit Perpetual","long","58360.9","61538.1","0.45847160054911607","30.23365753883116","26756.815232486908","1426.4223117258189","5.331061635444273","201600.0","1724068800000.0","1724270400000.0"
"8c8a4302-14b0-4dc3-924d-7d2b56a86d4c","MomentumMAStrategy_LongOnly","BTC-USDT","Bybit Perpetual","long","61538.1","64099.9","0.45682132579046864","31.5667647513146","28111.91642862644","1138.7181076587092","4.0506598351265355","331200.0","1724270400000.0","1724601600000.0"
"915a6ba1-6f28-4fe7-ba19-ace3cef88aa0","MomentumMAStrategy_LongOnly","BTC-USDT","Bybit Perpetual","long","64099.9","61673.30000000001","0.4554406267545224","31.505223770307047","29193.69863090221","-1136.6774486528273","-3.8935712224199905","172800.0","1724601600000.0","1724774400000.0"
"1950b100-d580-4596-8e0c-e0b3e420d7fb","MomentumMAStrategy_LongOnly","BTC-USDT","Bybit Perpetual","long","61673.3","59597.3","0.4558513174206994","30.40474952591927","28113.855054682022","-976.7520844912913","-3.4742730322522064","43200.0","1724774400000.0","1724817600000.0"
"fe2ba2af-c207-45f1-81b0-974f16351369","MomentumMAStrategy_LongOnly","BTC-USDT","Bybit Perpetual","long","59323.2","56536.2","0.45826827572375217","29.202078105413673","27185.940574415294","-1306.395762547511","-4.805409468808156","475200.0","1724976000000.0","1725451200000.0"
"73f5e977-1269-4462-9b47-f69a55ae2899","MomentumMAStrategy_LongOnly","BTC-USDT","Bybit Perpetual","long","56536.2","53663.6","0.45890711791728417","27.814309937183623","25944.86459999516","-1346.0708968663735","-5.188197809545033","360000.0","1725451200000.0","1725811200000.0"
"0b271369-ac28-459c-b685-22f76c96c046","MomentumMAStrategy_LongOnly","BTC-USDT","Bybit Perpetual","long","53663.6","57060.1","0.45964298421969646","27.991354540515523","24666.097247972102","1533.1860413616837","6.2157625746315945","100800.0","1725811200000.0","1725912000000.0"
"c42a3b94-54c8-49ea-b442-0ce6e2de0a8c","MomentumMAStrategy_LongOnly","BTC-USDT","Bybit Perpetual","long","57060.1","60456.2","0.45780894157678836","29.59000710656119","26122.623987265702","1525.174939382369","5.838521199577285","360000.0","1725912000000.0","1726272000000.0"
"2fc54442-0949-4076-8149-0f68c5d7b321","MomentumMAStrategy_LongOnly","BTC-USDT","Bybit Perpetual","long","60456.2","57860.7","0.4560581078479784","29.677659847241163","27571.540179678952","-1213.3764787666692","-4.400829517898909","230400.0","1726272000000.0","1726502400000.0"
"3cf181ae-0f96-4700-8d40-a9a847f95bb3","MomentumMAStrategy_LongOnly","BTC-USDT","Bybit Perpetual","long","57860.7","61103.00000000001","0.45659372466718545","29.87494338575431","26418.832524850615","1450.5388901026658","5.490548792185388","86400.0","1726502400000.0","1726588800000.0"
"4bd68594-765d-47d2-9cd4-a77fb1b92205","MomentumMAStrategy_LongOnly","BTC-USDT","Bybit Perpetual","long","61103.0","63320.6","0.4549178349745208","31.131383102454684","27796.844470448144","977.694407737042","3.517285599725052","374400.0","1726588800000.0","1726963200000.0"
"d1ff2f16-1fde-478a-8bac-0241cc34b42b","MomentumMAStrategy_LongOnly","BTC-USDT","Bybit Perpetual","long","63320.6","65974.0","0.4536541687507436","32.260268857827946","28725.654157798333","1171.465702505396","4.078116710833444","489600.0","1726963200000.0","1727452800000.0"
"4499caa9-0d49-4e25-9f7a-94fbe1b5b3cb","MomentumMAStrategy_LongOnly","BTC-USDT","Bybit Perpetual","long","65974.0","63794.4","0.45227736040225636","32.28022017859329","29838.54657517846","-1018.0639549113506","-3.411908660987659","244800.0","1727452800000.0","1727697600000.0"
"8be2e544-41b8-4d17-91ce-067e81ba69be","MomentumMAStrategy_LongOnly","BTC-USDT","Bybit Perpetual","long","63794.4","61739.700000000004","0.4525692822255978","31.24708264251003","28871.385818012677","-961.1411868314444","-3.3290441715887233","115200.0","1727697600000.0","1727812800000.0"
"1d83efef-5ece-4a87-b21b-3e69a60c90b2","MomentumMAStrategy_LongOnly","BTC-USDT","Bybit Perpetual","long","60998.0","63494.6","0.45834784239684584","31.383503032405464","27958.301690522803","1112.927720295559","3.9806699727859898","288000.0","1727985600000.0","1728273600000.0"
"3cd2e095-c384-4b88-8390-2a4b32468366","MomentumMAStrategy_LongOnly","BTC-USDT","Bybit Perpetual","long","63494.6","61013.7","0.4569771764024592","31.29359825496867","29015.583024803585","-1165.0082751918303","-4.015112411134178","230400.0","1728273600000.0","1728504000000.0"
"cc023bfa-cc1c-4c76-8399-094c1cccbb19","MomentumMAStrategy_LongOnly","BTC-USDT","Bybit Perpetual","long","61013.7","64281.600000000006","0.45741899218325305","31.52184741821409","27908.825163371344","1463.2776771374427","5.243064401929417","374400.0","1728504000000.0","1728878400000.0"
"2c10e666-f973-4e74-be02-5eb44d5f4eec","MomentumMAStrategy_LongOnly","BTC-USDT","Bybit Perpetual","long","64281.6","67872.3","0.4557904432473976","33.12896656182974","29298.938956651913","1603.4777780066029","5.472818590389792","201600.0","1728878400000.0","1729080000000.0"
"57b566d9-3353-4bb6-afd4-c6cbc654f9b5","MomentumMAStrategy_LongOnly","BTC-USDT","Bybit Perpetual","long","67872.3","70927.5","0.4541210898372117","34.667554044852864","30822.24284575819","1352.763199625795","4.388918763619322","1094400.0","1729080000000.0","1730174400000.0"
"435031e7-2f78-44ed-a239-bb742cffcc73","MomentumMAStrategy_LongOnly","BTC-USDT","Bybit Perpetual","long","70927.5","69381.0","0.4526786914159204","34.933067495991864","32107.36788540269","-735.0006637707127","-2.2891962567410387","302400.0","1730174400000.0","1730476800000.0"
"b3231f0f-1697-4bd6-9ae0-c9eaaa68922d","MomentumMAStrategy_LongOnly","BTC-USDT","Bybit Perpetual","long","68670.0","74367.1","0.4573921254524613","35.98322375315594","31409.117254820514","2569.825454162064","8.181781847968555","201600.0","1730664000000.0","1730865600000.0"
"31afc73d-967b-47ae-b651-72064764ecce","MomentumMAStrategy_LongOnly","BTC-USDT","Bybit Perpetual","long","74367.1","78858.20000000001","0.45518046873247003","38.359840131620345","33850.451436274474","2005.9011629927784","5.925773742689986","360000.0","1730865600000.0","1731225600000.0"
"59102fb5-e06b-4d78-beff-aaea16bcec41","MomentumMAStrategy_LongOnly","BTC-USDT","Bybit Perpetual","long","78858.2","84114.2","0.4534221874341236","40.642416154663934","35756.0575411176","2342.5446009990897","6.551462219528218","115200.0","1731225600000.0","1731340800000.0"
"0193812e-3d91-4384-9d86-9995cba997d5","MomentumMAStrategy_LongOnly","BTC-USDT","Bybit Perpetual","long","84114.2","92608.1","0.45154652736478196","43.889087480104465","37981.47491206674","3791.501961303621","9.982503233698958","172800.0","1731340800000.0","1731513600000.0"
"2df7c3cd-199c-4bb8-8325-857c31dca4ad","MomentumMAStrategy_LongOnly","BTC-USDT","Bybit Perpetual","long","92608.1","98014.0","0.44902553637646353","47.07680488373933","41583.401775305174","2380.310342213782","5.724183786299463","676800.0","1731513600000.0","1732190400000.0"
"e47325ec-26c6-4a01-b28a-2bc76c66e293","MomentumMAStrategy_LongOnly","BTC-USDT","Bybit Perpetual","long","98014.0","96040.4","0.4473309588467797","47.74359745124009","43844.696600408264","-930.5959778312472","-2.122482420878656","360000.0","1732190400000.0","1732550400000.0"
"63471d8c-6162-4a21-b19f-0589815b418b","MomentumMAStrategy_LongOnly","BTC-USDT","Bybit Perpetual","long","95905.2","103084.8","0.44794891644528745","49.02554518589626","42960.63042146858","3167.0684953246923","7.372025187372537","619200.0","1732752000000.0","1733371200000.0"
"a9f8656e-2d58-45e0-8b83-550647256af1","MomentumMAStrategy_LongOnly","BTC-USDT","Bybit Perpetual","long","103084.8","98157.4","0.4459371846482414","49.35775905523008","45969.34549202704","-2246.6686426909787","-4.887319187697903","374400.0","1733371200000.0","1733745600000.0"
"130d3e46-7944-491c-99d9-fe84f594babb","MomentumMAStrategy_LongOnly","BTC-USDT","Bybit Perpetual","long","98157.4","95687.9","0.446578763103654","47.611956869101206","43835.010281470604","-1150.438212353575","-2.6244734630297875","100800.0","1733745600000.0","1733846400000.0"
"b5483781-6460-4d92-b91f-5aff28ff5af3","MomentumMAStrategy_LongOnly","BTC-USDT","Bybit Perpetual","long","100352.7","104460.4","0.4259187244561901","47.97855386715496","42742.09397973471","1701.567790581536","3.981011766499553","374400.0","1733932800000.0","1734307200000.0"
"51860caf-3e21-42b8-9ba5-173e8702691d","MomentumMAStrategy_LongOnly","BTC-USDT","Bybit Perpetual","long","104460.4","101163.3","0.4246449695845235","48.02438840779646","44358.58338078716","-1448.1213176249253","-3.264579721119191","273600.0","1734307200000.0","1734580800000.0"
"70b70a24-1361-4077-8d34-30b60b1e4c0e","MomentumMAStrategy_LongOnly","BTC-USDT","Bybit Perpetual","long","97261.8","94550.6","0.44192959753000133","46.622167203295","42982.86812904348","-1244.7816920266334","-2.8959949538256513","532800.0","1734825600000.0","1735358400000.0"
"f08a2986-00df-4139-b779-4b4ced78b999","MomentumMAStrategy_LongOnly","BTC-USDT","Bybit Perpetual","long","95233.2","98160.1","0.4389259787722999","46.686938919777766","41800.325521618186","1238.0055083488705","2.9617126012777146","590400.0","1735459200000.0","1736049600000.0"
"9da47eb9-9005-4fe0-a754-5640d1d18636","MomentumMAStrategy_LongOnly","BTC-USDT","Bybit Perpetual","long","98160.1","102104.5","0.43781975318433475","48.22388875895774","42976.43075454962","1678.7123457013295","3.9061232313332943","129600.0","1736049600000.0","1736179200000.0"
"78abb447-2a06-4467-80e7-ab12494a8f58","MomentumMAStrategy_LongOnly","BTC-USDT","Bybit Perpetual","long","102104.5","97915.3","0.4365253978322785","48.02254752313303","44571.20748296588","-1876.7147441221127","-4.210598837465534","86400.0","1736179200000.0","1736265600000.0"
"d696aaa4-0519-4da9-944f-fed865a70604","MomentumMAStrategy_LongOnly","BTC-USDT","Bybit Perpetual","long","97915.3","95450.0","0.43699328374676755","46.47463557532336","42788.32847604987","-1123.7941779962307","-2.6264035498027405","86400.0","1736265600000.0","1736352000000.0"
"1f3901dd-e049-4c99-95b5-c13a30a62b8c","MomentumMAStrategy_LongOnly","BTC-USDT","Bybit Perpetual","long","95275.9","90827.5","0.4378937801369859","44.82143672729005","41720.72400695345","-1992.7481282886556","-4.776398722027285","230400.0","1736539200000.0","1736769600000.0"
"392317fb-fb78-4d23-8c60-1a94d4db7769","MomentumMAStrategy_LongOnly","BTC-USDT","Bybit Perpetual","long","90827.5","96508.4","0.4384972974603422","45.18045722701551","39827.613285079235","2445.87883991544","6.141163474718554","86400.0","1736769600000.0","1736856000000.0"
"5bc5b306-6b69-4194-b23b-5bb775fb9b5f","MomentumMAStrategy_LongOnly","BTC-USDT","Bybit Perpetual","long","96508.4","101406.9","0.4367619625130963","47.543031161652515","42151.1981829989","2091.93544220875","4.962932330242756","244800.0","1736856000000.0","1737100800000.0"
"017aa41c-5c39-4239-bf19-1bfc66a96357","MomentumMAStrategy_LongOnly","BTC-USDT","Bybit Perpetual","long","101406.9","106247.9","0.4352616720666662","49.71129650336804","44138.53685309721","2057.390457971363","4.661211278522467","216000.0","1737100800000.0","1737316800000.0"
"fe678095-1734-4a73-b7aa-f23844e2f43e","MomentumMAStrategy_LongOnly","BTC-USDT","Bybit Perpetual","long","106247.9","101349.2","0.4338255889120633","49.533513790165074","46093.05778817001","-2174.7149261936884","-4.718096456494667","633600.0","1737316800000.0","1737950400000.0"
"6efd3e89-f1c1-4770-b2c9-3f4e5b839870","MomentumMAStrategy_LongOnly","BTC-USDT","Bybit Perpetual","long","101349.2","101070.8","0.4344097300056242","48.36326965125615","44027.07860828601","-169.3029384848194","-0.38454274922741793","43200.0","1737950400000.0","1737993600000.0"
"df682af1-5d56-4d82-a3db-b6e0aef33d69","MomentumMAStrategy_LongOnly","BTC-USDT","Bybit Perpetual","long","102753.8","100603.6","0.42690626348344707","47.74800128213981","43866.240816725425","-965.6818490242465","-2.2014237624301947","403200.0","1738051200000.0","1738454400000.0"
"0b286955-1d7c-4ab4-a5e6-7ac4172c5780","MomentumMAStrategy_LongOnly","BTC-USDT","Bybit Perpetual","long","101293.7","96153.4","0.4240031024649351","46.04500063498736","42948.843060152394","-2225.5481482354944","-5.181858205396785","374400.0","1738627200000.0","1739001600000.0"
"07cde3c6-e73a-4bf7-b4f7-bbc7fea04165","MomentumMAStrategy_LongOnly","BTC-USDT","Bybit Perpetual","long","96153.4","91514.5","0.4246815226432833","43.83449923779709","40834.572319328676","-2013.8896146277214","-4.9318249224676345","1440000.0","1739001600000.0","1740441600000.0"
"ab53ae7c-fee8-4061-a081-e1560425ab90","MomentumMAStrategy_LongOnly","BTC-USDT","Bybit Perpetual","long","91514.5","89262.9","0.42530284474517527","42.28682836710005","38921.37718543234","-999.8987135953391","-2.569021925487224","28800.0","1740441600000.0","1740470400000.0"
"6a2161cd-3f56-403d-872b-7969d46c053d","MomentumMAStrategy_LongOnly","BTC-USDT","Bybit Perpetual","long","84299.6","93467.3","0.45043479930529645","44.0398188585436","37971.47340751677","4085.411290732621","10.759159242748478","158400.0","1740787200000.0","1740945600000.0"
"dc73b90f-4608-4761-8b38-7d0711f49771","MomentumMAStrategy_LongOnly","BTC-USDT","Bybit Perpetual","long","93467.3","85552.0","0.4477781441607147","44.08851145762263","41852.61413371277","-3588.386855932929","-8.573865528371957","86400.0","1740945600000.0","1741032000000.0"
"ee08bd38-caba-4cec-81d9-e96d7aa784dd","MomentumMAStrategy_LongOnly","BTC-USDT","Bybit Perpetual","long","85552.0","87573.9","0.4493599988378587","42.78771982254178","38443.64662057649","865.7732618277221","2.2520581108565483","129600.0","1741032000000.0","1741161600000.0"
"afcfa737-8acd-4c85-8575-0e25cc1b852c","MomentumMAStrategy_LongOnly","BTC-USDT","Bybit Perpetual","long","89777.6","86077.1","0.4373711395639092","42.30257379516817","39266.13121931282","-1660.7944757514142","-4.229585202767728","316800.0","1741176000000.0","1741492800000.0"
"45b3501d-1f04-4067-820a-d4b4db167136","MomentumMAStrategy_LongOnly","BTC-USDT","Bybit Perpetual","long","81190.7","84693.3","0.4641957326066776","42.351454699249366","37688.37646734898","1583.5405183289024","4.2016681713546085","691200.0","1741708800000.0","1742400000000.0"
"b9ff373a-9d41-4de6-8d47-98cda06d8ac4","MomentumMAStrategy_LongOnly","BTC-USDT","Bybit Perpetual","long","84693.3","87643.5","0.4627608082311285","43.86289427078149","39192.739959761435","1321.3740421726925","3.3714765630811376","417600.0","1742400000000.0","1742817600000.0"
"cd9d1d99-d567-48aa-9ad5-b99e626803d1","MomentumMAStrategy_LongOnly","BTC-USDT","Bybit Perpetual","long","87643.5","84011.1","0.4615065041882797","43.57084290561062","40448.04529982549","-1719.9470687191151","-4.2522377928768185","360000.0","1742817600000.0","1743177600000.0"
"6a4f95d0-b140-4c3b-a550-efaf036b965c","MomentumMAStrategy_LongOnly","BTC-USDT","Bybit Perpetual","long","84011.1","79572.6","0.46201151496102694","41.567654182961576","38814.09558454233","-2092.2057633374798","-5.390324653527927","792000.0","1743177600000.0","1743969600000.0"
"0981719e-a9c9-437b-a1ad-6f0d649b6080","MomentumMAStrategy_LongOnly","BTC-USDT","Bybit Perpetual","long","79572.6","76655.9","0.4628037805648141","39.76672723758354","36826.50010937173","-1389.6265140109822","-3.7734417060646646","57600.0","1743969600000.0","1744027200000.0"
"312a9b99-cc35-4ab2-8765-ae42c6e85319","MomentumMAStrategy_LongOnly","BTC-USDT","Bybit Perpetual","long","79869.2","84891.8","0.4445562860409431","40.2850460344155","35506.35492106129","2192.5433562348276","6.175073056948117","403200.0","1744084800000.0","1744488000000.0"
"348fda24-b92c-449e-ad0d-59ffd8ab7e4d","MomentumMAStrategy_LongOnly","BTC-USDT","Bybit Perpetual","long","84891.8","87400.6","0.4427903650232929","41.959178077706554","37589.271109484376","1068.913289692732","2.8436659135511357","734400.0","1744488000000.0","1745222400000.0"
"2c01ce56-dd86-435d-b3d4-4a9293f09d3f","MomentumMAStrategy_LongOnly","BTC-USDT","Bybit Perpetual","long","87400.6","90881.2","0.4416987839293147","43.31076984120112","38604.738734692466","1494.0660175031678","3.870162230007564","115200.0","1745222400000.0","1745337600000.0"
"0867ceb7-e85b-40cd-a0a2-9482d353cf03","MomentumMAStrategy_LongOnly","BTC-USDT","Bybit Perpetual","long","90881.2","94602.3","0.4404002307553211","44.92783691071753","40024.10145132049","1593.8454617529103","3.9822142258244897","244800.0","1745337600000.0","1745582400000.0"
"10f0c234-25db-4e34-b3a3-e66c684fe204","MomentumMAStrategy_LongOnly","BTC-USDT","Bybit Perpetual","long","94602.3","99097.9","0.4390829254678348","46.77774776383758","41538.254639985746","1927.1634519693566","4.6394906783450205","1094400.0","1745582400000.0","1746676800000.0"
"2081ad5b-e99e-415d-926c-dc90a7533423","MomentumMAStrategy_LongOnly","BTC-USDT","Bybit Perpetual","long","99097.9","103228.1","0.43763853643070777","48.700109987033656","43369.05991935663","1758.8345731790807","4.055505414342798","72000.0","1746676800000.0","1746748800000.0"
"442ed800-b6e7-4839-b7c0-862feb2d093c","MomentumMAStrategy_LongOnly","BTC-USDT","Bybit Perpetual","long","103228.1","108936.6","0.43631484802952647","50.91383486075155","45039.95276387676","2439.7894751158","5.416945013034241","1094400.0","1746748800000.0","1747843200000.0"
"d9ab947c-8e9e-4f59-8e63-10725e12d2bd","MomentumMAStrategy_LongOnly","BTC-USDT","Bybit Perpetual","long","108936.6","107637.1","0.4347276559506793","51.7828173178611","47357.75276523677","-616.7114062257689","-1.3022395916523923","316800.0","1747843200000.0","1748160000000.0"
"f00b48b8-a093-4869-882b-8d0179e492c5","MomentumMAStrategy_LongOnly","BTC-USDT","Bybit Perpetual","long","109587.0","105539.9","0.4268013261547655","50.49904541635999","46771.87692932229","-1777.806692497314","-3.8010163568671524","331200.0","1748232000000.0","1748563200000.0"
"3699a6b7-6bbe-4bd5-8d3d-4be559f34094","MomentumMAStrategy_LongOnly","BTC-USDT","Bybit Perpetual","long","105539.9","104997.5","0.42716508705664713","49.46382473982408","45082.96057144983","-281.158167959347","-0.6236461944724168","28800.0","1748563200000.0","1748592000000.0"
"edf95cd8-a0c2-4b4d-b475-23d975a8fcca","MomentumMAStrategy_LongOnly","BTC-USDT","Bybit Perpetual","long","104544.7","107707.9","0.42867654038787667","50.0432406409825","44815.86031188845","1305.9463919139478","2.91402727254466","734400.0","1748736000000.0","1749470400000.0"
"0856924b-d4f7-442d-b6c7-875b8fa3b2ca","MomentumMAStrategy_LongOnly","BTC-USDT","Bybit Perpetual","long","107707.9","104233.9","0.4276056759458378","49.845134157597656","46056.5093842067","-1535.347252393438","-3.3336161878562294","316800.0","1749470400000.0","1749787200000.0"
"81565133-f3a8-472a-a705-ee78a19cacdf","MomentumMAStrategy_LongOnly","BTC-USDT","Bybit Perpetual","long","104582.3","108594.2","0.426438599021373","49.998678402353846","44597.92949443294","1660.83033701149","3.724007719279452","172800.0","1749931200000.0","1750104000000.0"
"ac6128fa-b9ed-453d-8e63-949f780ea742","MomentumMAStrategy_LongOnly","BTC-USDT","Bybit Perpetual","long","108594.2","104199.2","0.4252134857533262","49.765442847616015","46175.718314593854","-1918.5787127334845","-4.154951525956267","72000.0","1750104000000.0","1750176000000.0"
"f8c19bdb-d8cd-4edb-9fa7-6b43916502d7","MomentumMAStrategy_LongOnly","BTC-USDT","Bybit Perpetual","long","104199.2","98849.89999999998","0.4256565169166082","47.53604496797864","44353.06853749704","-2324.5004509099986","-5.240901086572658","432000.0","1750176000000.0","1750608000000.0"
"85d3ac6f-50ee-4392-8c0a-eb13ec0f9629","MomentumMAStrategy_LongOnly","BTC-USDT","Bybit Perpetual","long","98849.9","98829.7","0.4263513985257704","46.35453565600819","42144.79310913255","-54.96683390622751","-0.13042378393908044","14400.0","1750608000000.0","1750622400000.0"
"9e63d553-e047-4dfd-84a9-c37d36f9335a","MomentumMAStrategy_LongOnly","BTC-USDT","Bybit Perpetual","long","101248.5","106034.9","0.4157352910603282","47.39626354703594","42092.574616921636","1942.4791335841164","4.6147786189424975","129600.0","1750680000000.0","1750809600000.0"
"273ddb0c-f6e6-4d8b-aea8-d76e7197bf7a","MomentumMAStrategy_LongOnly","BTC-USDT","Bybit Perpetual","long","106034.9","108448.30000000002","0.4143723415010205","48.88174818814743","43937.92979382655","951.1644607904251","2.1647912526913533","388800.0","1750809600000.0","1751198400000.0"
"9d6307f0-30d9-4b87-a7e5-acf64878eb1d","MomentumMAStrategy_LongOnly","BTC-USDT","Bybit Perpetual","long","108448.3","105908.3","0.4134830701041644","48.748053785799684","44841.53603157745","-1098.9950518503772","-2.4508416729446196","187200.0","1751198400000.0","1751385600000.0"
"17365a16-8f86-4fe8-aced-2f9d5011623f","MomentumMAStrategy_LongOnly","BTC-USDT","Bybit Perpetual","long","105908.3","108695.3","0.41354162735422617","48.81113708904148","43797.490732319595","1103.7293783471869","2.5200744606418946","86400.0","1751385600000.0","1751472000000.0"
"573f2810-d3cb-40ec-9579-38ecdd7651c2","MomentumMAStrategy_LongOnly","BTC-USDT","Bybit Perpetual","long","108695.3","111718.79999999999","0.41258484627899666","50.01673466142287","44846.033641749425","1197.4335480631175","2.670099116521124","619200.0","1751472000000.0","1752091200000.0"
"94623311-d2d0-4443-bb50-a881b61e21a6","MomentumMAStrategy_LongOnly","BTC-USDT","Bybit Perpetual","long","111718.8","115979.2","0.41160123016367334","51.54642729819445","45983.59551240939","1702.0394536911172","3.7014057616086053","100800.0","1752091200000.0","1752192000000.0"
"315bdb2b-dc60-4eff-b53d-2ebd8f508ba5","MomentumMAStrategy_LongOnly","BTC-USDT","Bybit Perpetual","long","115979.2","120733.2","0.4104230154494595","53.43371935125326","47600.53299341595","1897.7172960954772","3.9867564011477916","273600.0","1752192000000.0","1752465600000.0"
"59ac8a63-8564-45e5-b072-0bff7b89539d","MomentumMAStrategy_LongOnly","BTC-USDT","Bybit Perpetual","long","120733.2","116428.9","0.409194524991524","53.37498807052077","49403.36442470666","-1814.6709819915386","-3.6731728762262597","144000.0","1752465600000.0","1752609600000.0"
"99b8b209-67ef-4119-9586-257d910a0397","MomentumMAStrategy_LongOnly","BTC-USDT","Bybit Perpetual","long","118293.9","113278.5","0.40305905031294686","51.33554339247942","47679.426991814704","-2072.837904332031","-4.347447180285708","1339200.0","1752739200000.0","1754078400000.0"
"997b448e-cfec-4c5b-a205-061b81d2c99b","MomentumMAStrategy_LongOnly","BTC-USDT","Bybit Perpetual","long","113278.5","113244.80000000002","0.4035208003522228","50.27377482293467","45710.23098269927","-63.872425794797536","-0.13973332538829747","14400.0","1754078400000.0","1754092800000.0"
"e6b7524b-7903-4e97-938e-e452d4ed2ca8","MomentumMAStrategy_LongOnly","BTC-USDT","Bybit Perpetual","long","114259.0","118480.1","0.3995269709886679","51.142051209495776","45649.55217819421","1635.3012460307727","3.582294169387099","547200.0","1754251200000.0","1754798400000.0"
"985a8cf6-d796-4e4f-a887-8f9e53995591","MomentumMAStrategy_LongOnly","BTC-USDT","Bybit Perpetual","long","118480.1","122719.90000000001","0.3984052035905054","52.852434308316454","47203.088361923445","1636.3059478747093","3.4665230701189502","316800.0","1754798400000.0","1755115200000.0"
"f43c0dc7-6670-4c2d-ae8f-7ca3c69a49f2","MomentumMAStrategy_LongOnly","BTC-USDT","Bybit Perpetual","long","122719.9","117889.5","0.39730784503902317","52.57780121557279","48757.579012404414","-1971.733615892068","-4.043953075255109","86400.0","1755115200000.0","1755201600000.0"
"0d2c5120-245b-45ff-8d3d-0e1d78ceb2be","MomentumMAStrategy_LongOnly","BTC-USDT","Bybit Perpetual","long","117889.5","116900.0","0.39769811626401796","51.356438027713864","46884.43207730695","-444.87872407095966","-0.9488836792080719","86400.0","1755201600000.0","1755288000000.0"
"629e97bd-8702-421c-a690-4616ad3e4c89","MomentumMAStrategy_LongOnly","BTC-USDT","Bybit Perpetual","long","118191.0","114900.0","0.3931077433090467","50.396432347606954","46461.797289439535","-1344.1140155776798","-2.8929445135416407","72000.0","1755446400000.0","1755518400000.0"
"006989e1-5272-4c59-aa03-7f5b9900ea1c","MomentumMAStrategy_LongOnly","BTC-USDT","Bybit Perpetual","long","114900.0","113436.69999999998","0.3932540380734616","49.386881123452724","45184.88897464074","-624.8355150363559","-1.3828417624021039","158400.0","1755518400000.0","1755676800000.0"
"99bc52f5-a3d0-414b-881f-506e0aceb384","MomentumMAStrategy_LongOnly","BTC-USDT","Bybit Perpetual","long","114220.5","110650.4","0.39039660337116544","48.28385955635935","44591.2952353562","-1442.0387732517595","-3.233901965934317","417600.0","1755734400000.0","1756152000000.0"
"b13bc714-fca6-4229-b9d8-5f57e82d4da3","MomentumMAStrategy_LongOnly","BTC-USDT","Bybit Perpetual","long","111270.8","108769.4","0.3884339683076515","47.00909844026511","43221.35840076703","-1018.637826765028","-2.356792716507843","288000.0","1756296000000.0","1756584000000.0"
"f2838a05-bae9-4889-a999-7b3f7da71e31","MomentumMAStrategy_LongOnly","BTC-USDT","Bybit Perpetual","long","108877.2","112900.1","0.38808540691109117","47.33769354277872","42253.65246534025","1513.8910899198534","3.5828644426932446","388800.0","1756670400000.0","1757059200000.0"
"519f49a4-dda7-4c23-9608-a28ba9ef05da","MomentumMAStrategy_LongOnly","BTC-USDT","Bybit Perpetual","long","112900.1","116561.1","0.3869956625438252","48.840269017155656","43691.84900076412","1367.9508515557886","3.1309062968057604","648000.0","1757059200000.0","1757707200000.0"
"f7d1e4a1-4a8d-47da-944e-f65916d9c204","MomentumMAStrategy_LongOnly","BTC-USDT","Bybit Perpetual","long","116561.1","114602.9","0.38598985690545234","49.07482760493059","44991.40230974212","-804.9201653971918","-1.7890532947956148","806400.0","1757707200000.0","1758513600000.0"
"fd446d41-55eb-46fe-a8e2-b6b3e2241e36","MomentumMAStrategy_LongOnly","BTC-USDT","Bybit Perpetual","long","114602.9","111611.8","0.3859128185466056","48.014533860521155","44226.728152614785","-1202.3183654152697","-2.7185333748098794","144000.0","1758513600000.0","1758657600000.0"
"75ba21a9-6c26-432c-8e34-6ebcb34dde86","MomentumMAStrategy_LongOnly","BTC-USDT","Bybit Perpetual","long","111611.8","109354.8","0.38602124242660973","46.91379080673104","43084.52570547028","-918.1637349635893","-2.1310754149650846","302400.0","1758657600000.0","1758960000000.0"
"ce51fdb9-cbd1-499a-b706-a42cf5f2a861","MomentumMAStrategy_LongOnly","BTC-USDT","Bybit Perpetual","long","109577.3","112119.59999999999","0.3852282375752539","46.97214833459352","42212.27015725487","932.39360005297","2.208821265900865","86400.0","1759017600000.0","1759104000000.0"
"7c7f5f70-dfda-4ad3-9d63-37ad8a3f56e1","MomentumMAStrategy_LongOnly","BTC-USDT","Bybit Perpetual","long","112119.6","116736.8","0.3843934876444903","48.38400037116939","43098.044077305196","1726.43761078097","4.005837498528354","216000.0","1759104000000.0","1759320000000.0"
"25272f73-af9e-4391-be9b-91537ec24e6a","MomentumMAStrategy_LongOnly","BTC-USDT","Bybit Perpetual","long","116736.8","120787.9","0.38323955948378846","50.06587376698546","44738.15980754712","1502.4759056577866","3.358376634446028","115200.0","1759320000000.0","1759435200000.0"
"18b0cbdc-a9b1-4483-93e0-152fe441d67a","MomentumMAStrategy_LongOnly","BTC-USDT","Bybit Perpetual","long","120787.9","124692.4","0.3822031173480292","51.60283474914118","46165.51191792201","1440.7092369362388","3.12074788534282","216000.0","1759435200000.0","1759651200000.0"
"c4a4c040-1152-4337-9728-dd2e70d0fed1","MomentumMAStrategy_LongOnly","BTC-USDT","Bybit Perpetual","long","124692.4","121079.4","0.3812115709779541","51.530079689043745","47534.185693011445","-1428.847485632392","-3.005936600787217","374400.0","1759651200000.0","1760025600000.0"
"6bbb1d90-8c85-4294-8728-1618cdcba1ee","MomentumMAStrategy_LongOnly","BTC-USDT","Bybit Perpetual","long","121579.3","116605.3","0.37980791616385906","49.75541812357727","46176.78058166067","-1938.9199931226124","-4.198906828711796","72000.0","1760054400000.0","1760126400000.0"
"27feffb9-2eeb-4c91-957d-e9815ae16ad4","MomentumMAStrategy_LongOnly","BTC-USDT","Bybit Perpetual","long","114773.6","110518.2","0.38628052608085994","47.864209264137145","44334.80658819419","-1691.6423599486318","-3.815607848843295","273600.0","1760328000000.0","1760601600000.0"
"76b4a504-e7ce-4352-938d-668450d4caeb","MomentumMAStrategy_LongOnly","BTC-USDT","Bybit Perpetual","long","107023.0","113355.2","0.3992389144972856","48.39095434077614","42727.746346242995","2479.6697000389345","5.803417947543983","244800.0","1760817600000.0","1761062400000.0"
"209fb26c-9332-4cc9-a7ba-6fbcb821ed03","MomentumMAStrategy_LongOnly","BTC-USDT","Bybit Perpetual","long","113355.2","107501.7","0.39771825695936297","48.31135171799658","45083.43256127998","-2376.355168829628","-5.2710164994636335","72000.0","1761062400000.0","1761134400000.0"
"32924349-7595-4470-899e-b9cadbbb15fa","MomentumMAStrategy_LongOnly","BTC-USDT","Bybit Perpetual","long","107501.7","111522.7","0.3983741201384893","47.989508951373296","42825.89515089183","1553.872828125492","3.6283487423919807","259200.0","1761134400000.0","1761393600000.0"
"32474546-b0cf-466b-b8a7-174779102bc8","MomentumMAStrategy_LongOnly","BTC-USDT","Bybit Perpetual","long","111522.7","115522.5","0.3972471464339641","49.60618179634076","44302.07433761105","1539.30295451023","3.474561806699446","158400.0","1761393600000.0","1761552000000.0"
"fbff04e1-78fe-46b1-af71-d6c0949415c4","MomentumMAStrategy_LongOnly","BTC-USDT","Bybit Perpetual","long","115522.5","111460.6","0.3961515042039062","49.45583307162612","45764.412144395756","-1658.5836279974703","-3.6241777186262363","201600.0","1761552000000.0","1761753600000.0"
"a2bec4d4-e880-4a50-824b-6ba5f3863ee1","MomentumMAStrategy_LongOnly","BTC-USDT","Bybit Perpetual","long","111460.6","109985.6","0.396451819726416","48.286011928824934","44188.757697798166","-633.0524460252885","-1.4326097383290597","28800.0","1761753600000.0","1761782400000.0"
"48adfcc3-6492-491f-9da9-2da3a5220528","MomentumMAStrategy_LongOnly","BTC-USDT","Bybit Perpetual","long","109557.3","104442.9","0.39784987284347223","46.826973797162694","43587.35787407414","-2081.5903634678207","-4.775674564816775","288000.0","1761955200000.0","1762243200000.0"
"17c22eb4-aba2-4b51-98e8-829324d63112","MomentumMAStrategy_LongOnly","BTC-USDT","Bybit Perpetual","long","104442.9","104530.7","0.3983980436083229","45.790070373183525","41609.84702877971","-10.81072214437161","-0.02598116291293815","14400.0","1762243200000.0","1762257600000.0"
"ae846f00-72a6-4f20-a340-44df668f8fd3","MomentumMAStrategy_LongOnly","BTC-USDT","Bybit Perpetual","long","103138.6","103430.90000000001","0.40333664450305273","45.82437694267035","41599.57684274256","72.07092424557314","0.17324917635104886","604800.0","1762416000000.0","1763020800000.0"
"175443a8-4241-485f-aaf8-ba641f119362","MomentumMAStrategy_LongOnly","BTC-USDT","Bybit Perpetual","long","102900.0","101338.0","0.40493726162075644","45.48696704139503","41668.04422077584","-677.9989696930165","-1.6271437317784254","14400.0","1763035200000.0","1763049600000.0"
"0f586f3e-2c97-4236-9bc0-7c3b9a1976b2","MomentumMAStrategy_LongOnly","BTC-USDT","Bybit Perpetual","long","94531.3","88857.7","0.4339720833159754","43.77213851297839","41023.94519956747","-2505.956150414499","-6.108520616980837","273600.0","1763308800000.0","1763582400000.0"
"1d4ee7ad-3376-4196-871c-8b1366a45a41","MomentumMAStrategy_LongOnly","BTC-USDT","Bybit Perpetual","long","88857.7","82279.1","0.43488956901510734","40.934085057043546","38643.2868566737","-2901.8986037798245","-7.509450773540155","144000.0","1763582400000.0","1763726400000.0"
"1475fa7f-09e0-4a5e-a36a-02f6f03e3478","MomentumMAStrategy_LongOnly","BTC-USDT","Bybit Perpetual","long","86261.0","91049.3","0.4160221094478718","40.57075276805925","35886.48318308287","1951.4679139011866","5.437891208077814","345600.0","1763870400000.0","1764216000000.0"
"61df26c5-3851-499b-bb5a-0934f4f42063","MomentumMAStrategy_LongOnly","BTC-USDT","Bybit Perpetual","long","91049.3","86319.2","0.4145048638626436","40.43605827031172","37740.377701289","-2001.0855148270048","-5.302240297289497","345600.0","1764216000000.0","1764561600000.0"
"fcdde83b-d7ec-4195-8624-d30fdf98a7f1","MomentumMAStrategy_LongOnly","BTC-USDT","Bybit Perpetual","long","86319.2","84985.0","0.4151955354336387","39.11860647256712","35839.34646220334","-593.0724898481266","-1.6548083276953414","57600.0","1764561600000.0","1764619200000.0"
"32e7c69a-7d69-41ad-a662-3df1555cdebc","MomentumMAStrategy_LongOnly","BTC-USDT","Bybit Perpetual","long","87326.9","92589.2","0.4039525918914747","39.97266620490316","35275.92759684762","2085.747058105605","5.912663961505564","57600.0","1764676800000.0","1764734400000.0"
"f3617d63-746d-4840-bfb1-b99932d86449","MomentumMAStrategy_LongOnly","BTC-USDT","Bybit Perpetual","long","92589.2","89337.09999999999","0.40239452659757236","40.26338105028136","37257.387302047944","-1348.8906209982488","-3.6204648760330644","360000.0","1764734400000.0","1765094400000.0"
"8a3957b4-916f-4563-a699-40b7eefaf52a","MomentumMAStrategy_LongOnly","BTC-USDT","Bybit Perpetual","long","89337.1","93761.9","0.4026987803734351","40.55355919317758","35975.94121209961","1741.3080042031934","4.84020138329987","216000.0","1765094400000.0","1765310400000.0"
"17fb72b5-211d-4e39-b0d8-de13eb7a73ea","MomentumMAStrategy_LongOnly","BTC-USDT","Bybit Perpetual","long","93761.9","90055.4","0.4013376842416018","40.57504522804909","37630.18381609264","-1528.1331718695462","-4.060924016044897","331200.0","1765310400000.0","1765641600000.0"
"e54731f1-7cb7-4cac-9145-017f06d3b203","MomentumMAStrategy_LongOnly","BTC-USDT","Bybit Perpetual","long","90055.4","86104.2","0.4017355683592163","38.92326736536271","36178.45730281657","-1626.2608450662972","-4.495108322210547","187200.0","1765641600000.0","1765828800000.0"
"ff8845c9-4081-4942-84d9-9fb3e44b5de4","MomentumMAStrategy_LongOnly","BTC-USDT","Bybit Perpetual","long","86104.2","89905.2","0.4022278762244302","38.93773793664492","34633.50950000358","1489.9304195924142","4.301990878493732","576000.0","1765828800000.0","1766404800000.0"
"e919563d-0673-4817-8e34-7a2d033b590a","MomentumMAStrategy_LongOnly","BTC-USDT","Bybit Perpetual","long","89905.2","87697.69999999998","0.400966166568968","39.16701469149247","36048.94339861638","-924.2998273924951","-2.5640136443720882","504000.0","1766404800000.0","1766908800000.0"
"65ce06c6-6eb4-4a55-a39e-166fa8c4651c","MomentumMAStrategy_LongOnly","BTC-USDT","Bybit Perpetual","long","87697.7","90091.6","0.40104653329099293","39.215980331677784","35170.85856259351","920.8493157136337","2.618216766232192","72000.0","1766908800000.0","1766980800000.0"
"7482990f-9989-4de8-bd1b-1d1349319467","MomentumMAStrategy_LongOnly","BTC-USDT","Bybit Perpetual","long","90091.6","87328.9","0.4001001803999647","39.04228573115857","36045.66541252146","-1144.3990541221456","-3.1748590046130953","57600.0","1766980800000.0","1767038400000.0"
"44b6defe-0934-4afc-94c6-c886db8ce7ed","MomentumMAStrategy_LongOnly","BTC-USDT","Bybit Perpetual","long","87328.9","88455.3","0.40030833219135276","38.70233396017515","34958.48631110542","412.2049714201681","1.1791270587400149","100800.0","1767038400000.0","1767139200000.0"
