"id","strategy_name","symbol","exchange","type","entry_price","exit_price","qty","fee","size","PNL","PNL_percentage","holding_period","opened_at","closed_at"
"095ad8e2-e818-400e-a5bf-f8fda4931707","TradeIQ220320Strategy","BTC-USDT","Bybit Perpetual","long","8738.04","8685.96","1.0872003332555125","10.418858233654227","9499.999999999998","-67.04025158960322","-0.7056868588379287","43200.0","1579644000000.0","1579687200000.0"
"aed0084a-617f-4f7c-b46c-1dd541e279bb","TradeIQ220320Strategy","BTC-USDT","Bybit Perpetual","long","8695.7","8671.66","1.0851698840794735","10.365594820881569","9436.311760989878","-36.45307883415306","-0.38630642731465986","7200.0","1579716000000.0","1579723200000.0"
"0c37cf82-7da4-440c-ab66-189f933b3277","TradeIQ220320Strategy","BTC-USDT","Bybit Perpetual","short","8363.1","8403.16","1.1241861673419464","10.366618663532222","9401.681336097432","-55.401516527250024","-0.5892724348626646","28800.0","1579788000000.0","1579816800000.0"
"8d1a40c2-2e7e-4ff8-b180-50c87b419538","TradeIQ220320Strategy","BTC-USDT","Bybit Perpetual","short","8365.1","8416.56","1.1176255986654726","10.31558704225523","9349.049895396545","-67.82860034957947","-0.7255132993030463","36000.0","1579831200000.0","1579867200000.0"
"fd5cee45-a5e7-4528-8f41-66544a954187","TradeIQ220320Strategy","BTC-USDT","Bybit Perpetual","long","8509.21","8441.96","1.0911251132672064","10.172716007443919","9284.612725064444","-83.55087987466355","-0.8998854594022243","28800.0","1579881600000.0","1579910400000.0"
"f380f5c8-276d-4b61-b53d-9c6139370de5","TradeIQ220320Strategy","BTC-USDT","Bybit Perpetual","short","8288.49","8421.8","1.1106051149465725","10.207193450432309","9205.239389183516","-158.26196132395933","-1.7192595937257509","115200.0","1579917600000.0","1580032800000.0"
"b48ad7ef-ab48-4183-a690-b40b33d11823","TradeIQ220320Strategy","BTC-USDT","Bybit Perpetual","long","8421.8","8658.62","1.0751728283651658","10.100421914585722","9054.890525925754","244.52200729885448","2.7004413427058527","57600.0","1580032800000.0","1580090400000.0"
"7ce1a289-f754-42ca-b654-ba32d116e79d","TradeIQ220320Strategy","BTC-USDT","Bybit Perpetual","long","8658.62","8934.04","1.0725942971119722","10.378382732866452","9287.186432859666","285.035538577713","3.0691269162984405","64800.0","1580090400000.0","1580155200000.0"
"bea285a8-e2a2-4ebf-9a5f-2b9e682155c0","TradeIQ220320Strategy","BTC-USDT","Bybit Perpetual","long","8934.04","8987.26","1.0698374077694404","10.54508242472216","9557.970194508493","46.39166441676676","0.4853715116565332","50400.0","1580155200000.0","1580205600000.0"
"87cec23f-9ccf-471e-b795-dddcabb3b886","TradeIQ220320Strategy","BTC-USDT","Bybit Perpetual","long","9029.22","8992.28","1.0634409479118263","10.540640573536137","9602.04227570442","-49.82414918939761","-0.5188911666788348","7200.0","1580227200000.0","1580234400000.0"
"f066f13d-da68-49b7-b6d8-54c341d32eae","TradeIQ220320Strategy","BTC-USDT","Bybit Perpetual","long","9398.98","9338.56","1.0165687483082733","10.476398671296911","9554.709333974493","-71.89748244408285","-0.7524821523186567","216000.0","1580256000000.0","1580472000000.0"
"2aeff335-6bf1-4c72-a10f-5911a3629da9","TradeIQ220320Strategy","BTC-USDT","Bybit Perpetual","long","9391.0","9338.2","1.010159378729913","10.405712369859557","9486.406725652612","-63.74212756679823","-0.6719312107336735","50400.0","1580637600000.0","1580688000000.0"
"04dc79c6-9864-4249-a336-6bcb2ed78509","TradeIQ220320Strategy","BTC-USDT","Bybit Perpetual","long","9529.45","9396.06","0.9891286175449953","10.295869948448692","9425.851704464156","-142.23573624277682","-1.508996117299542","7200.0","1580695200000.0","1580702400000.0"
"0a7bc251-af06-41f7-aed3-ff9b2e462786","TradeIQ220320Strategy","BTC-USDT","Bybit Perpetual","long","9280.01","9261.0","1.0011549292547657","10.209332955174048","9290.727755033518","-29.241288160307363","-0.3147362502842154","14400.0","1580882400000.0","1580896800000.0"
"2d6e2b72-2da5-42d2-a290-851250356fa2","TradeIQ220320Strategy","BTC-USDT","Bybit Perpetual","long","9423.0","9705.75","0.9830148075221508","10.342114474664138","9262.948531281227","267.605322352224","2.888986389684814","36000.0","1580904000000.0","1580940000000.0"
"6fe8d9ee-1ba6-422b-8d69-c0571a42ee15","TradeIQ220320Strategy","BTC-USDT","Bybit Perpetual","long","9705.75","9668.0","0.9805706501317096","10.448531848144064","9517.173587515841","-47.465073890616104","-0.49873077814697475","43200.0","1580940000000.0","1580983200000.0"
"0e251dda-0ba0-4d6b-ae0a-9c1a0262dcaa","TradeIQ220320Strategy","BTC-USDT","Bybit Perpetual","long","9752.4","9726.32","0.971256487358984","10.405358240997053","9472.081767319754","-35.73572743131928","-0.3772742709486888","136800.0","1580997600000.0","1581134400000.0"
"d1fa33a1-62c3-4628-9c12-a1baa84dd64f","TradeIQ220320Strategy","BTC-USDT","Bybit Perpetual","long","9813.66","10109.21","0.9617342384248081","10.538278413677553","9438.132826260002","273.70227575277374","2.899962108937942","57600.0","1581170400000.0","1581228000000.0"
"9aeb4be3-179b-41cb-b072-a4cf2728ffcf","TradeIQ220320Strategy","BTC-USDT","Bybit Perpetual","long","10109.21","10107.01","0.9593380677842419","10.666804187985631","9698.149988225136","-12.777347937109916","-0.131750364271777","79200.0","1581228000000.0","1581307200000.0"
"7d29a445-7fb6-4a5f-b2f3-17cbe82be36b","TradeIQ220320Strategy","BTC-USDT","Bybit Perpetual","long","10204.39","10176.08","0.9492004429157336","10.639833132956952","9686.011507684882","-37.51169767190089","-0.3872770297881549","151200.0","1581436800000.0","1581588000000.0"
"f7c37c2b-2d23-459c-8026-d6ca76baacf1","TradeIQ220320Strategy","BTC-USDT","Bybit Perpetual","long","10263.91","10202.63","0.9402240856453901","10.58372362180364","9650.375394896575","-68.20065559015376","-0.7067150530353506","7200.0","1581624000000.0","1581631200000.0"
"46a2645f-2eb3-4f57-bbe4-672e4ca45d48","TradeIQ220320Strategy","BTC-USDT","Bybit Perpetual","long","10244.15","10186.62","0.9357130432574621","10.514535885036292","9585.58477208593","-64.346107263637","-0.6712799353777409","14400.0","1581645600000.0","1581660000000.0"
"41f3358f-f3fb-4869-b6fa-15f58d59dcec","TradeIQ220320Strategy","BTC-USDT","Bybit Perpetual","short","9768.0","9921.86","0.9750671550148927","10.559414675062847","9524.455970185472","-160.5832471456548","-1.6860096539721598","21600.0","1581876000000.0","1581897600000.0"
"829f7bd5-db30-477a-8b04-b710129b5472","TradeIQ220320Strategy","BTC-USDT","Bybit Perpetual","short","9774.0","9804.18","0.9588604343561593","10.325008198286689","9371.901885397101","-39.263416107155855","-0.418948219766731","14400.0","1581919200000.0","1581933600000.0"
"3a887a2a-3b3f-4d2e-a90c-bad4f10337f5","TradeIQ220320Strategy","BTC-USDT","Bybit Perpetual","short","9634.54","9716.0","0.9688684296391216","10.311470016357955","9334.601640095303","-89.23549229475995","-0.9559646542543715","43200.0","1581940800000.0","1581984000000.0"
"1ecf922e-ded8-46e6-80d0-9f04ffdb4e4a","TradeIQ220320Strategy","BTC-USDT","Bybit Perpetual","short","9635.99","9837.99","0.9599250230038926","10.28145838471254","9249.82792241528","-204.18631303149886","-2.2074606656918494","7200.0","1582034400000.0","1582041600000.0"
"666d4a17-ae37-40ea-94cf-e850acd0fa35","TradeIQ220320Strategy","BTC-USDT","Bybit Perpetual","long","9837.99","9617.01","0.9204980819288652","9.84955960115934","9055.850925035356","-213.26122574579958","-2.354955128029197","108000.0","1582041600000.0","1582149600000.0"
"4f4e8a7d-d519-4792-9918-c5ef74a6c776","TradeIQ220320Strategy","BTC-USDT","Bybit Perpetual","short","9617.01","9732.31","0.9205826718051501","9.796956786767055","8853.252760576846","-115.9401388459002","-1.3095767395479394","144000.0","1582149600000.0","1582293600000.0"
"1bf21cd7-d642-4e40-a12d-380aeb638395","TradeIQ220320Strategy","BTC-USDT","Bybit Perpetual","short","9687.58","9688.64","0.902507089352887","9.617946753173658","8743.10962867324","-10.57460426788726","-0.12094786314022174","93600.0","1582315200000.0","1582408800000.0"
"eeb57352-a72c-4829-90a3-f92ef62d4c21","TradeIQ220320Strategy","BTC-USDT","Bybit Perpetual","short","9671.74","9793.8","0.9029464971782478","9.666987637275689","8733.063754618746","-119.88063708285216","-1.3727214234460345","7200.0","1582423200000.0","1582430400000.0"
"ae109d98-6c50-4fc4-94ce-1696e8674546","TradeIQ220320Strategy","BTC-USDT","Bybit Perpetual","long","9793.8","9759.23","0.8800646479803587","9.464361755144665","8619.177149390036","-39.88819663582541","-0.46278427678735234","86400.0","1582430400000.0","1582516800000.0"
"4616223f-b312-4db6-8519-233e6e713970","TradeIQ220320Strategy","BTC-USDT","Bybit Perpetual","short","9759.23","9816.2","0.8792992236668264","9.466963221069367","8581.283362586002","-59.56063999336949","-0.6940761361296041","28800.0","1582516800000.0","1582545600000.0"
"cb63ef11-075e-4df3-98ac-61688a37ae6a","TradeIQ220320Strategy","BTC-USDT","Bybit Perpetual","short","9709.79","9344.49","0.8779490343861505","9.200777699807837","8524.7007545923","311.51400456145393","3.654251492565762","93600.0","1582560000000.0","1582653600000.0"
"915ffc97-bfa3-4186-b3f2-7cce68c7016a","TradeIQ220320Strategy","BTC-USDT","Bybit Perpetual","short","9344.49","8742.35","0.943940125028298","9.390091706031752","8820.63905892568","558.9940151785071","6.337341449346079","86400.0","1582653600000.0","1582740000000.0"
"9e1cfece-2d6a-47aa-9b9d-b00464f174b5","TradeIQ220320Strategy","BTC-USDT","Bybit Perpetual","short","8742.35","8819.07","1.0696990366829584","10.331988731231663","9351.683373345262","-92.39929882554753","-0.9880499064896664","50400.0","1582740000000.0","1582790400000.0"
"19e270cc-f29a-42c3-97ef-44346a199eea","TradeIQ220320Strategy","BTC-USDT","Bybit Perpetual","short","8828.0","8699.57","1.049377439902695","10.116170093873404","9263.904039460991","124.65537451283002","1.3456030414589975","86400.0","1582848000000.0","1582934400000.0"
"2b699c21-d527-4bfa-adb8-9e43acc588e5","TradeIQ220320Strategy","BTC-USDT","Bybit Perpetual","short","8646.81","8662.36","1.0850621957980089","10.329839304202562","9382.32664524818","-27.202556448862783","-0.28993401612850395","100800.0","1583028000000.0","1583128800000.0"
"6a1dfb5c-5b35-487c-97f7-8716bc951044","TradeIQ220320Strategy","BTC-USDT","Bybit Perpetual","short","8756.25","8765.0","1.0685492324478814","10.297275031465091","9356.48421662176","-19.64708081538405","-0.20998358315488935","28800.0","1583251200000.0","1583280000000.0"
"e70d52d2-be26-46c5-8a50-75b64cb0fb82","TradeIQ220320Strategy","BTC-USDT","Bybit Perpetual","short","8707.91","8879.95","1.072337620605535","10.373068169168796","9337.819489847145","-194.85803241814597","-2.0867616109950706","36000.0","1583337600000.0","1583373600000.0"
"68c3e316-22a5-4626-bf13-1e5ad264a1b7","TradeIQ220320Strategy","BTC-USDT","Bybit Perpetual","long","9161.33","9107.34","0.9990584728472728","10.038308253132932","9152.704359049905","-63.977475202156974","-0.6990007837289978","7200.0","1583438400000.0","1583445600000.0"
"fa11041e-a1c1-466d-b340-1c60f8a91012","TradeIQ220320Strategy","BTC-USDT","Bybit Perpetual","long","9138.65","9072.5","0.994887183293797","9.964921850422456","9091.925757607858","-75.77670902530677","-0.8334505917175911","7200.0","1583496000000.0","1583503200000.0"
"3b9bc5e0-b680-4e38-aad5-e8bd24b4c92b","TradeIQ220320Strategy","BTC-USDT","Bybit Perpetual","long","9121.6","9102.0","0.9888547934609954","9.911271817763687","9019.937884033816","-29.292825769599556","-0.32475640238555037","14400.0","1583532000000.0","1583546400000.0"
"f4213246-e803-4a8b-aa64-b3cb5e596177","TradeIQ220320Strategy","BTC-USDT","Bybit Perpetual","long","9120.0","9097.96","0.9859769407404271","9.879368657032309","8992.109699552695","-31.610300430952183","-0.3515337500000096","7200.0","1583575200000.0","1583582400000.0"
"0a7430f6-8679-4099-b8da-e4b36c80bfd5","TradeIQ220320Strategy","BTC-USDT","Bybit Perpetual","long","9121.03","8936.0","0.9825732306705811","9.758294866878582","8962.07991414329","-191.56381973785685","-2.1374928763527876","7200.0","1583596800000.0","1583604000000.0"
"8117641f-586d-4a27-b4d9-ee6bc97b209b","TradeIQ220320Strategy","BTC-USDT","Bybit Perpetual","short","8936.0","8663.7","0.9825530758048708","9.510951652533643","8780.094285392326","258.038250889132","2.938900682632042","72000.0","1583604000000.0","1583676000000.0"
"e72ceadc-d455-459a-9860-3d688a1ae458","TradeIQ220320Strategy","BTC-USDT","Bybit Perpetual","short","8663.7","8315.71","1.041729356249293","9.728372416836045","9025.230623737001","352.7830262643571","3.908853313249553","14400.0","1583676000000.0","1583690400000.0"
"3ae2176a-5ec1-4cf2-94e3-25611508591b","TradeIQ220320Strategy","BTC-USDT","Bybit Perpetual","short","8315.71","7813.34","1.1256254124648577","9.985397707403973","9360.374498688141","555.4950407525654","5.934538632299575","64800.0","1583690400000.0","1583755200000.0"
"3d023937-11fe-4c95-a0ab-49f41ac73ebb","TradeIQ220320Strategy","BTC-USDT","Bybit Perpetual","short","7813.34","7847.419999999999","1.2655400619201362","10.900625549064017","9888.094787403077","-54.030230859301014","-0.5464169996441857","28800.0","1583755200000.0","1583784000000.0"
"885dbfb9-82c9-4282-9896-cc16364b2d52","TradeIQ220320Strategy","BTC-USDT","Bybit Perpetual","short","7774.160000000001","7938.389999999999","1.2653156184188055","10.934734206102522","9836.766068086741","-218.73751821902124","-2.2236730720746505","115200.0","1583856000000.0","1583971200000.0"
"b2342d4e-e47e-4a88-a629-ea14d1ad4e6c","TradeIQ220320Strategy","BTC-USDT","Bybit Perpetual","short","7667.32","6038.38","1.2558449922239672","9.466729090458216","9628.965425778668","2036.2294125428502","21.146917893083888","28800.0","1583985600000.0","1584014400000.0"
"ad606e26-2f88-416c-80ad-20510751cb5a","TradeIQ220320Strategy","BTC-USDT","Bybit Perpetual","short","6038.38","4764.65","1.9149810657319306","11.37817884639371","11563.383367694376","2427.790654008339","20.99550431572707","43200.0","1584014400000.0","1584057600000.0"
"214bdd0c-8dfd-4922-bad2-9691c88b8432","TradeIQ220320Strategy","BTC-USDT","Bybit Perpetual","short","4764.65","5583.01","2.910976564700933","16.566987667721293","13869.784489002299","-2398.7937691563784","-17.295104845056837","36000.0","1584057600000.0","1584093600000.0"
"5543b052-2130-4268-943f-70b04c8cf191","TradeIQ220320Strategy","BTC-USDT","Bybit Perpetual","short","5297.41","5185.2","2.188037249958704","12.614987636234286","11590.930408303737","232.90467218163198","2.009369946823071","86400.0","1584324000000.0","1584410400000.0"
"31c6a0e5-33c3-4adb-a510-10b2eae64f50","TradeIQ220320Strategy","BTC-USDT","Bybit Perpetual","short","5136.25","5331.69","2.2997692571187716","13.240615628550131","11812.18984687629","-462.70751923984193","-3.917203543441219","7200.0","1584532800000.0","1584540000000.0"
"eb1fbada-fa95-46c5-9d85-9dc93076fa2c","TradeIQ220320Strategy","BTC-USDT","Bybit Perpetual","long","6754.15","6656.7","1.6837970290263675","12.419632162695045","11372.61770359844","-176.50565264131427","-1.5520230895079297","7200.0","1584698400000.0","1584705600000.0"
"77d2c9cd-0d67-46db-858f-7133d3fa1c58","TradeIQ220320Strategy","BTC-USDT","Bybit Perpetual","short","5972.53","6112.29","1.8760788700247957","12.469641497529178","11204.937333589192","-274.670424372195","-2.4513338735845647","7200.0","1584784800000.0","1584792000000.0"
"68cd3fa4-f6ca-410e-a5c6-bd208cbc1e22","TradeIQ220320Strategy","BTC-USDT","Bybit Perpetual","short","6062.24","6211.99","1.8052733693215064","12.187087301359913","10944.000430435608","-282.5267743572555","-2.581567646612473","7200.0","1584813600000.0","1584820800000.0"
"bd1cf093-3212-4c4d-92a5-68c91586a67b","TradeIQ220320Strategy","BTC-USDT","Bybit Perpetual","short","6046.23","6284.63","1.765662238253625","11.974673626955653","10675.599994796214","-432.90855122662083","-4.055121505467053","57600.0","1584914400000.0","1584972000000.0"
"a004efb9-6fe1-469b-94f1-7a721acdb044","TradeIQ220320Strategy","BTC-USDT","Bybit Perpetual","long","6540.6","6475.35","1.569326494684115","11.234451353666039","10264.336871130923","-113.63300513180454","-1.1070662095220623","14400.0","1585015200000.0","1585029600000.0"
"d528a246-682a-443b-b902-d0428f313ae2","TradeIQ220320Strategy","BTC-USDT","Bybit Perpetual","long","6564.21","6516.58","1.5472365320816532","11.131491886068602","10156.385516255708","-84.82636790911792","-0.835202324422895","100800.0","1585036800000.0","1585137600000.0"
"1e9fc8db-c93d-487a-86d1-16863df47292","TradeIQ220320Strategy","BTC-USDT","Bybit Perpetual","long","6798.93","6617.620000000001","1.4819685548670225","10.935597868140635","10075.800466742046","-279.63131655107975","-2.7752764405575507","36000.0","1585274400000.0","1585310400000.0"
"e247618e-d8f9-43b7-92ee-b7b9408b351d","TradeIQ220320Strategy","BTC-USDT","Bybit Perpetual","long","6653.36","6353.64","1.4744656408218582","10.548106024593451","9810.150716018517","-452.4749478917198","-4.612313928601479","14400.0","1585339200000.0","1585353600000.0"
"3d07156f-46de-4a49-a934-6df9164cb1b7","TradeIQ220320Strategy","BTC-USDT","Bybit Perpetual","short","6353.64","5896.5","1.4763662271581934","9.94713113567782","9380.299515521385","664.9589259474192","7.088887991765354","158400.0","1585353600000.0","1585512000000.0"
"e38115de-cacc-42f4-9513-b765ba0fc7be","TradeIQ220320Strategy","BTC-USDT","Bybit Perpetual","short","5896.5","6197.19","1.69795819472084","11.294019021952412","10012.010495171433","-521.8530685925612","-5.212270490969213","36000.0","1585512000000.0","1585548000000.0"
"5e747986-7d96-4794-90a2-30f5798cb896","TradeIQ220320Strategy","BTC-USDT","Bybit Perpetual","long","6523.3","6391.08","1.458809203931829","10.361789023890225","9516.2500800085","-203.24554196775702","-2.135773442889339","7200.0","1585605600000.0","1585612800000.0"
"2f3d87c5-deca-44cd-98d8-9633ee627629","TradeIQ220320Strategy","BTC-USDT","Bybit Perpetual","long","6510.0","6433.45","1.432130079130435","10.195187239996457","9323.166815139131","-119.82474479743152","-1.2852365207373302","7200.0","1585620000000.0","1585627200000.0"
"78b74f9e-2639-48fb-9bc1-e5dad49dce54","TradeIQ220320Strategy","BTC-USDT","Bybit Perpetual","short","6287.2","6363.9","1.464774988481609","10.192058171228826","9209.333307581572","-122.54029978776796","-1.3306098899351033","7200.0","1585706400000.0","1585713600000.0"
"07ce8f38-9cc5-4122-a354-7263eceed64f","TradeIQ220320Strategy","BTC-USDT","Bybit Perpetual","short","6298.11","6347.790000000001","1.443753764666415","10.04166115292726","9092.920022783193","-81.76734818155649","-0.8992419154317915","57600.0","1585720800000.0","1585778400000.0"
"2181789a-044d-44b2-acdf-6b069c481123","TradeIQ220320Strategy","BTC-USDT","Bybit Perpetual","long","6641.51","6837.41","1.357408336659994","10.063019107445221","9015.241042010717","255.85327404424712","2.838008133692483","136800.0","1585785600000.0","1585922400000.0"
"613ee96a-51fc-4d16-a746-91496e78965a","TradeIQ220320Strategy","BTC-USDT","Bybit Perpetual","long","6855.19","6793.550000000001","1.3505536173837274","10.138345348851487","9258.301652352753","-93.38647032438243","-1.0086781985619437","72000.0","1586037600000.0","1586109600000.0"
"e11209d7-35d9-4973-ae76-b83f6bbc47f9","TradeIQ220320Strategy","BTC-USDT","Bybit Perpetual","long","6988.990000000001","7345.64","1.3120042388878204","10.343902427588684","9169.584505544588","457.582409371752","4.990219666933272","72000.0","1586152800000.0","1586224800000.0"
"eb4b8c9b-6a7f-4424-b878-5e7265f4c32c","TradeIQ220320Strategy","BTC-USDT","Bybit Perpetual","long","7345.64","7312.810000000001","1.3074814167925126","10.541108035690215","9604.287794447753","-53.46572294898712","-0.5566859729036411","50400.0","1586224800000.0","1586275200000.0"
"028b7a10-67f7-4a0c-81b9-ce32a5cfa7e1","TradeIQ220320Strategy","BTC-USDT","Bybit Perpetual","long","7407.189999999999","7179.77","1.2897597277302482","10.347520456906611","9553.495357646216","-303.66467773731745","-3.178571469072595","108000.0","1586325600000.0","1586433600000.0"
"33f40f1f-44e4-4174-8da6-4719118b8eb9","TradeIQ220320Strategy","BTC-USDT","Bybit Perpetual","short","6766.65","6862.26","1.3692172513423573","10.263516278945803","9265.013913795761","-141.1743776797894","-1.523736272749449","7200.0","1586534400000.0","1586541600000.0"
"628e7ba7-784d-4c16-9f5a-48d44172c9fb","TradeIQ220320Strategy","BTC-USDT","Bybit Perpetual","short","6784.42","6858.9","1.3458627642451328","10.099120002774498","9130.898254999964","-110.3389786837514","-1.2084131878627735","14400.0","1586628000000.0","1586642400000.0"
"035e89f3-14ac-4482-879b-e0ccc04c6e22","TradeIQ220320Strategy","BTC-USDT","Bybit Perpetual","short","6806.32","6840.5599999999995","1.3261316284351012","9.953657558602128","9026.076225250397","-55.3604045162197","-0.6133385441765856","21600.0","1586664000000.0","1586685600000.0"
"93359674-846a-46da-81f4-fc4cb460e28d","TradeIQ220320Strategy","BTC-USDT","Bybit Perpetual","long","6915.0","6900.52","1.297683852633404","9.860497470853616","8973.483840959989","-28.65095965698474","-0.3192846854663711","36000.0","1586700000000.0","1586736000000.0"
"8ff1d1f0-92bb-4db2-8042-f15866800040","TradeIQ220320Strategy","BTC-USDT","Bybit Perpetual","short","6685.009999999999","6834.0","1.3382575986103018","9.950554822003761","8946.265429285853","-209.33755443895356","-2.339943478020238","79200.0","1586743200000.0","1586822400000.0"
"df9988a0-3a1c-425f-bcf9-89f1aeaccb23","TradeIQ220320Strategy","BTC-USDT","Bybit Perpetual","short","6815.11","6841.11","1.2835295032022738","9.640488699721526","8747.394752568847","-43.012255782980645","-0.49171504201693006","7200.0","1586851200000.0","1586858400000.0"
"958c0404-90c3-4c0c-8d89-68d3c66c530e","TradeIQ220320Strategy","BTC-USDT","Bybit Perpetual","long","6915.41","6847.41","1.2590046157169301","9.530099647904704","8706.533109575015","-95.14241351665595","-1.0927703635793107","14400.0","1586887200000.0","1586901600000.0"
"acf6793b-681f-42e5-8b77-4c3568d1076b","TradeIQ220320Strategy","BTC-USDT","Bybit Perpetual","long","6901.7","6836.01","1.2484094957378895","9.43265818753135","8616.147816734192","-91.44067796255281","-1.0612709984496516","21600.0","1586923200000.0","1586944800000.0"
"9b492678-f1a2-4f12-bc2d-d3652db19a01","TradeIQ220320Strategy","BTC-USDT","Bybit Perpetual","short","6616.89","6888.35","1.2890163162255635","9.574661092998172","8529.279172669769","-359.49103029558967","-4.214787944185259","28800.0","1586995200000.0","1587024000000.0"
"190b029f-96f4-4fab-8601-fc02bc03b206","TradeIQ220320Strategy","BTC-USDT","Bybit Perpetual","long","6888.35","7230.05","1.1886391797584266","9.229925867525754","8187.762693888958","396.9280818559284","4.847821031161305","194400.0","1587024000000.0","1587218400000.0"
"888e334a-36a5-4376-8f5a-e2055487b4a0","TradeIQ220320Strategy","BTC-USDT","Bybit Perpetual","long","7230.050000000001","7118.9","1.184617585169133","9.348910174291948","8564.84437165209","-141.01915476584279","-1.6464882331381034","57600.0","1587218400000.0","1587276000000.0"
"5a09ac7c-aea1-40ff-9c2d-f01f2d4aa8fe","TradeIQ220320Strategy","BTC-USDT","Bybit Perpetual","long","7170.45","6964.2","1.1757806238973205","9.140586177563645","8430.876174624542","-251.64533985638602","-2.984806497500157","21600.0","1587362400000.0","1587384000000.0"
"b6c591d5-c681-4d9e-aee6-44c0ae8f7ff0","TradeIQ220320Strategy","BTC-USDT","Bybit Perpetual","short","6869.96","6894.130000000001","1.1924105965334548","9.02684572220209","8191.813101760973","-37.847409840416866","-0.462015055400628","86400.0","1587405600000.0","1587492000000.0"
"f5b7a082-995a-4d8d-8438-7711d60917a8","TradeIQ220320Strategy","BTC-USDT","Bybit Perpetual","long","6934.96","7164.77","1.1760497627113322","9.12009126643662","8155.858062412581","261.14790470225506","3.2019672572012","64800.0","1587542400000.0","1587607200000.0"
"578ca219-b01b-4673-b447-8862fdf8ecf7","TradeIQ220320Strategy","BTC-USDT","Bybit Perpetual","long","7164.77","7056.409999999999","1.17295441052256","9.174437692109372","8403.948571879722","-136.27577761633572","-1.6215684383448663","21600.0","1587607200000.0","1587628800000.0"
"2a667271-b28f-4668-b17b-3e77b7616359","TradeIQ220320Strategy","BTC-USDT","Bybit Perpetual","long","7230.44","7588.23","1.1443959956993215","9.327134635274316","8274.486583144202","400.1263086659859","4.835663272221331","28800.0","1587650400000.0","1587679200000.0"
"da2dade4-7a87-4683-a1aa-d135ea360fd5","TradeIQ220320Strategy","BTC-USDT","Bybit Perpetual","long","7588.23","7538.05","1.1405303445437065","9.488589737035518","8654.60657637689","-66.720402426238","-0.7709235750629512","158400.0","1587679200000.0","1587837600000.0"
"9b0a11a8-2c10-4d3d-ab8b-b91ecafb0d8a","TradeIQ220320Strategy","BTC-USDT","Bybit Perpetual","long","7697.45","7943.25","1.1161127638467239","9.6012316980236","8591.222194071965","264.73928565550136","3.0815090062293384","194400.0","1587952800000.0","1588147200000.0"
"687d70ae-2a9f-4516-b2ac-35eb82f0883b","TradeIQ220320Strategy","BTC-USDT","Bybit Perpetual","long","7943.25","8295.5","1.113237593610259","9.942672835281227","8842.72451544469","382.19526951393254","4.322143801340761","21600.0","1588147200000.0","1588168800000.0"
"7eb92b0c-99be-4a8d-a18a-ae10fa1dbdbc","TradeIQ220320Strategy","BTC-USDT","Bybit Perpetual","long","8295.5","8715.13","1.1097354012998524","10.382514070177319","9205.810021482925","455.29575237727886","4.945743517569758","14400.0","1588168800000.0","1588183200000.0"
"f6707b0d-e646-4abd-afb4-805deb3eef17","TradeIQ220320Strategy","BTC-USDT","Bybit Perpetual","long","8715.13","9306.03","1.1059319810767412","10.96159744905551","9638.34098624134","642.5336101691925","6.666433684867598","36000.0","1588183200000.0","1588219200000.0"
"132cedf7-7194-4291-ab1e-9e4443659c7b","TradeIQ220320Strategy","BTC-USDT","Bybit Perpetual","long","9306.03","8644.0","1.1013018350362154","10.872620537875314","10248.747915902071","-739.9674743869017","-7.220076837276483","21600.0","1588219200000.0","1588240800000.0"
"676beea2-0e29-43da-a03a-5ab7c680c194","TradeIQ220320Strategy","BTC-USDT","Bybit Perpetual","long","9003.17","8817.73","1.0602686404049368","10.392217777585786","9545.778815234515","-207.00843445427782","-2.1685861202221055","187200.0","1588334400000.0","1588521600000.0"
"89a14f79-f6e6-4fa6-a03c-03daa8592365","TradeIQ220320Strategy","BTC-USDT","Bybit Perpetual","long","8937.94","8849.15","1.0460039788254285","10.232951801449296","9349.120802502952","-103.10764508136","-1.1028592662291408","50400.0","1588629600000.0","1588680000000.0"
"475973d6-b61a-4b78-badd-f37e829c8dcb","TradeIQ220320Strategy","BTC-USDT","Bybit Perpetual","long","8905.82","9321.44","1.0387778486063788","10.413740660834009","9251.16853967566","421.32310877695","4.554269084710906","57600.0","1588708800000.0","1588766400000.0"
"a204da3b-c124-482d-ac72-a884d48fdeab","TradeIQ220320Strategy","BTC-USDT","Bybit Perpetual","long","9321.44","9148.27","1.0354006991423816","10.517952855826373","9651.425493013763","-189.81829192631267","-1.9667384062977398","43200.0","1588766400000.0","1588809600000.0"
"cd43d8e2-4d0e-4d57-ba8a-5733f3f14ef2","TradeIQ220320Strategy","BTC-USDT","Bybit Perpetual","long","9493.38","10008.67","0.9976529029369694","10.700952237647058","9471.098115683766","503.3796121167448","5.314902305606654","115200.0","1588860000000.0","1588975200000.0"
"c649c709-5f89-40d0-a7a5-33a151677b47","TradeIQ220320Strategy","BTC-USDT","Bybit Perpetual","long","10008.67","9862.89","0.9940690168818309","10.864536162209575","9949.308747194675","-155.77991744324356","-1.5657360868127401","14400.0","1588975200000.0","1588989600000.0"
"afe3a7ac-d91f-437c-8e82-9748ca0ac764","TradeIQ220320Strategy","BTC-USDT","Bybit Perpetual","short","8621.65","8807.73","1.136826225330835","10.897796951391213","9801.317825623593","-222.4384209609529","-2.2694746249267825","14400.0","1589083200000.0","1589097600000.0"
"b0695228-48bd-4a26-b410-9eadf7bacb56","TradeIQ220320Strategy","BTC-USDT","Bybit Perpetual","short","8649.62","8713.59","1.108719380239905","10.588010086596427","9590.001325710688","-81.51278884054241","-0.8499768255715202","21600.0","1589126400000.0","1589148000000.0"
"cc7a9092-3f09-4e93-9535-491bbeb0477d","TradeIQ220320Strategy","BTC-USDT","Bybit Perpetual","short","8561.09","8712.55","1.1111393731770338","10.556381837147157","9512.564176312173","-178.84955129853972","-1.8801402858748022","14400.0","1589241600000.0","1589256000000.0"
"d42ce32c-e7c1-4752-a2b0-d48b017e0ba6","TradeIQ220320Strategy","BTC-USDT","Bybit Perpetual","long","8875.06","8789.76","1.0526866412822626","10.227536019060658","9342.657102578558","-100.02170652043691","-1.0705916467043524","7200.0","1589306400000.0","1589313600000.0"
"78f5fac9-43f4-4bde-a978-0f4a41af3f63","TradeIQ220320Strategy","BTC-USDT","Bybit Perpetual","long","8943.0","9435.68","1.0340642381062444","10.452604652379161","9247.636481384143","499.0101641778056","5.3960832606507925","100800.0","1589335200000.0","1589436000000.0"
"2c855e36-a476-4dc6-80dc-c09383e0b0b9","TradeIQ220320Strategy","BTC-USDT","Bybit Perpetual","long","9435.68","9471.0","1.0303121913156292","10.713880595716862","9721.696137353058","25.676746001550864","0.2641179650009295","79200.0","1589436000000.0","1589515200000.0"
"fc96dfe4-32e6-499a-aa8d-1d173899b639","TradeIQ220320Strategy","BTC-USDT","Bybit Perpetual","long","9466.89","9577.54","1.0294921612118162","10.783350269860932","9746.08904605453","103.12995736822803","1.058167608369818","115200.0","1589680800000.0","1589796000000.0"
"2bfc0a79-8f6a-42c8-8747-9e2e23cf4432","TradeIQ220320Strategy","BTC-USDT","Bybit Perpetual","long","9748.3","9643.36","1.0098235082582963","10.770184772683642","9844.062505554348","-116.74106372930794","-1.18590331647568","28800.0","1589889600000.0","1589918400000.0"
"05675068-71b0-48b3-8dff-3a4066b09c0a","TradeIQ220320Strategy","BTC-USDT","Bybit Perpetual","long","9773.64","9410.03","0.9958580933011145","10.507317165794786","9733.158495011505","-372.6112784710118","-3.828266833032512","57600.0","1589932800000.0","1589990400000.0"
"60e4b4c4-ce32-4d0a-81da-e51a2c50d7ae","TradeIQ220320Strategy","BTC-USDT","Bybit Perpetual","short","9082.3","9162.0","1.0326875109238898","10.362363415551798","9379.177780464044","-92.66755803618656","-0.988013663939759","72000.0","1590076800000.0","1590148800000.0"
"6ae704c2-0a3b-4bc8-9f50-55e01f713208","TradeIQ220320Strategy","BTC-USDT","Bybit Perpetual","long","9280.0","9135.15","1.0012008190010417","10.14049479411487","9291.143600329668","-155.1644334264161","-1.6700251346982795","21600.0","1590206400000.0","1590228000000.0"
"f722d13f-3099-4277-b343-42b4214aac9e","TradeIQ220320Strategy","BTC-USDT","Bybit Perpetual","short","9168.95","9223.99","0.9972502182446815","10.088299886038733","9143.737388574573","-64.97695189822505","-0.7106169954029529","36000.0","1590235200000.0","1590271200000.0"
"ff6bf931-52ac-4774-88fe-34ae9fb38f61","TradeIQ220320Strategy","BTC-USDT","Bybit Perpetual","short","9168.83","9251.22","0.9905308839046267","10.03509562443708","9082.009284271258","-91.64493514933869","-1.0090821566110333","21600.0","1590285600000.0","1590307200000.0"
"7c460508-e520-4b06-8b54-b67795d7c3d9","TradeIQ220320Strategy","BTC-USDT","Bybit Perpetual","long","9251.22","9111.31","0.9722984207357936","9.819622405842498","8994.946595879388","-145.85389445098724","-1.6215092874237114","14400.0","1590307200000.0","1590321600000.0"
"1a8f4a28-2d36-440e-a8a5-f5f4f484b150","TradeIQ220320Strategy","BTC-USDT","Bybit Perpetual","short","9111.31","8711.37","0.9720210810685784","9.528211374626633","8856.385396150949","379.2218997879394","4.281903765759246","43200.0","1590321600000.0","1590364800000.0"
"c7f433f8-1d62-4d92-8b5e-9fc501a44cd4","TradeIQ220320Strategy","BTC-USDT","Bybit Perpetual","short","8711.37","8775.67","1.0580019217355583","10.175727059006618","9216.646200949492","-78.20525062660225","-0.8485217824521203","57600.0","1590364800000.0","1590422400000.0"
"3318d9b9-6a74-499d-9801-863c30ced4db","TradeIQ220320Strategy","BTC-USDT","Bybit Perpetual","short","8864.37","8921.17","1.031359387396309","10.088806001401903","9142.35121285422","-68.6700192055115","-0.7511198991016762","79200.0","1590494400000.0","1590573600000.0"
"5b5a2869-210a-43b0-8398-8e0ab38c7ef0","TradeIQ220320Strategy","BTC-USDT","Bybit Perpetual","long","9144.99","9064.8","0.9925778699166411","9.941049013406143","9077.114694608983","-89.5358684020221","-0.9863912863764807","36000.0","1590580800000.0","1590616800000.0"
"782ff758-29e1-44e2-b1e0-b187f27244f3","TradeIQ220320Strategy","BTC-USDT","Bybit Perpetual","long","9212.0","9569.59","0.9761241445535241","10.083239909657763","8992.055619627065","338.96899294123705","3.7696496471993064","79200.0","1590631200000.0","1590710400000.0"
"1bd9f1ee-81fa-4acd-8957-056911c4f15e","TradeIQ220320Strategy","BTC-USDT","Bybit Perpetual","long","9569.59","9441.18","0.9732993955771603","10.176744022751027","9314.076162921237","-135.15811940881403","-1.4511167510833782","36000.0","1590710400000.0","1590746400000.0"
"6d7b22fe-4f05-40b4-85ad-a7aa70c59b7d","TradeIQ220320Strategy","BTC-USDT","Bybit Perpetual","long","9554.69","9487.4","0.961378752160757","10.068663397503057","9185.675949482864","-74.75983963040123","-0.8138741235979489","57600.0","1590818400000.0","1590876000000.0"
"b0dcd0d5-79f4-422b-a73f-863cea83c771","TradeIQ220320Strategy","BTC-USDT","Bybit Perpetual","long","9695.0","9478.23","0.9401396701221231","9.914032770056576","9114.654101833983","-213.7081090624296","-2.3446650489943313","57600.0","1590883200000.0","1590940800000.0"
"e826f4ad-d8b6-471b-af39-278298b40cfa","TradeIQ220320Strategy","BTC-USDT","Bybit Perpetual","long","9571.32","10232.48","0.9310765284437961","10.141369344697388","8911.631398224674","605.4491882012027","6.79392090119231","21600.0","1591034400000.0","1591056000000.0"
"0727e101-2ff4-4a16-9d6b-92b23a40f4f8","TradeIQ220320Strategy","BTC-USDT","Bybit Perpetual","long","10232.48","9467.9","0.9271269650188242","10.045614435514649","9486.808127015818","-718.9083493496072","-7.577979228886838","57600.0","1591056000000.0","1591113600000.0"
"353b0c5f-07db-4f6b-962f-14c173c0d506","TradeIQ220320Strategy","BTC-USDT","Bybit Perpetual","long","9691.33","9664.0","0.9084248699748838","9.670574726214031","8803.84519513369","-34.49782642262754","-0.39184953458400373","7200.0","1591480800000.0","1591488000000.0"
"d9a247b6-c996-422b-8b41-80877a88c02a","TradeIQ220320Strategy","BTC-USDT","Bybit Perpetual","long","9680.42","9667.08","0.9060631935424489","9.641531700384391","8771.072260032193","-21.72841470224079","-0.24772814609283633","7200.0","1591502400000.0","1591509600000.0"
"6360af8f-c810-467a-966c-371d92200410","TradeIQ220320Strategy","BTC-USDT","Bybit Perpetual","long","9771.75","9698.85","0.8954824126758325","9.589568925335335","8750.430266065066","-74.8702368094032","-0.8556177757310577","108000.0","1591560000000.0","1591668000000.0"
"3454028a-d270-412c-81ea-d540d69a866b","TradeIQ220320Strategy","BTC-USDT","Bybit Perpetual","long","9855.04","9640.01","0.8806969369070173","9.443076950917032","8679.303541096133","-198.81933929403354","-2.2907291852696754","64800.0","1591819200000.0","1591884000000.0"
"baef0898-9165-43cf-82f3-be42ee1175a1","TradeIQ220320Strategy","BTC-USDT","Bybit Perpetual","short","9525.02","9415.889999999998","0.8913813481511642","9.285965640055426","8490.425168766802","87.99048088368366","1.0363495247254373","86400.0","1591891200000.0","1591977600000.0"
"2eb0e78e-06a6-4b1d-a22d-a5842a4f6da6","TradeIQ220320Strategy","BTC-USDT","Bybit Perpetual","short","9339.61","9034.859999999999","0.9180272115865973","9.277544902164871","8574.0161256063","270.4912478288523","3.1547788558623084","21600.0","1592179200000.0","1592200800000.0"
"b0d77973-c110-4172-b039-ec2361ca6262","TradeIQ220320Strategy","BTC-USDT","Bybit Perpetual","short","9034.86","9290.01","0.9774343831607472","9.851246902722986","8830.982811043708","-259.24362976618727","-2.9356147023860872","36000.0","1592200800000.0","1592236800000.0"
"aa23df2a-8015-4d3f-b4ab-8eefb191668c","TradeIQ220320Strategy","BTC-USDT","Bybit Perpetual","long","9559.49","9449.660000000002","0.8980292215134731","9.388924696873062","8584.70136276583","-108.01947409569611","-1.2582787627791663","43200.0","1592280000000.0","1592323200000.0"
"0609af61-d3dc-4624-b6c3-715d929c99fc","TradeIQ220320Strategy","BTC-USDT","Bybit Perpetual","long","9504.99","9450.63","0.8923820921826238","9.303610708820333","8482.082862374917","-57.81350123986827","-0.6815955724309082","21600.0","1592337600000.0","1592359200000.0"
"ab1c9021-3b65-4deb-8cc9-a136db7fb806","TradeIQ220320Strategy","BTC-USDT","Bybit Perpetual","short","9437.71","9458.45","0.8929242407530049","9.280061626631017","8427.160036197041","-27.799310379849768","-0.3298775656382915","36000.0","1592402400000.0","1592438400000.0"
"2271d8fe-59c2-45bb-8846-14090846e7b1","TradeIQ220320Strategy","BTC-USDT","Bybit Perpetual","short","9365.24","9359.23","0.8970139250394208","9.237860680940585","8400.750691336185","-3.8468069914534704","-0.045791229055526406","43200.0","1592517600000.0","1592560800000.0"
"04103842-cf02-4059-87e3-ae8a36a51264","TradeIQ220320Strategy","BTC-USDT","Bybit Perpetual","short","9329.71","9329.39","0.900038288938703","9.236647440424884","8397.096224694305","-8.948635187964761","-0.10656821058747049","86400.0","1592604000000.0","1592690400000.0"
"82720d0c-dad1-431f-b23d-7fbb5ff0ef70","TradeIQ220320Strategy","BTC-USDT","Bybit Perpetual","short","9293.51","9382.580000000002","0.9026293640686607","9.27167298199399","8388.595021265739","-89.66887043959098","-1.0689378878378732","7200.0","1592784000000.0","1592791200000.0"
"27ec3700-774b-48f9-86ee-18752043327e","TradeIQ220320Strategy","BTC-USDT","Bybit Perpetual","long","9458.88","9692.19","0.8778427884007547","9.246395779311923","8303.40959434813","195.56310518246931","2.35521448099565","36000.0","1592827200000.0","1592863200000.0"
"b7e6408d-1e6c-4c89-8dab-1910b0d37a2e","TradeIQ220320Strategy","BTC-USDT","Bybit Perpetual","long","9692.19","9644.19","0.8758799140618864","9.314990768967387","8489.194544271475","-51.357226643937935","-0.6049717246566565","86400.0","1592863200000.0","1592949600000.0"
"57c54d96-2b2d-47c3-aef9-fc1fc4897623","TradeIQ220320Strategy","BTC-USDT","Bybit Perpetual","short","9337.26","9254.45","0.903948822134088","9.243274895777201","8440.405178959734","65.61272706514616","0.7773646605106797","79200.0","1593000000000.0","1593079200000.0"
"8a721c7d-f9bf-4b20-8fa6-b53a04575877","TradeIQ220320Strategy","BTC-USDT","Bybit Perpetual","short","9143.88","9071.25","0.9298828582255697","9.315865431042676","8502.737269671621","58.221526561879706","0.6847386284596824","180000.0","1593158400000.0","1593338400000.0"
"d5fd093b-f777-4bec-9d69-31d5a602e7cf","TradeIQ220320Strategy","BTC-USDT","Bybit Perpetual","short","9131.08","9169.41","0.9372437564784678","9.43361099614815","8558.047719905408","-45.35816418196775","-0.5300059741016389","7200.0","1593525600000.0","1593532800000.0"
"89df626b-bab7-43a2-ba1d-e079e20ddee9","TradeIQ220320Strategy","BTC-USDT","Bybit Perpetual","short","9133.26","9157.04","0.932302098476616","9.37864678947177","8514.957463932538","-31.54879069124631","-0.37051025592177006","7200.0","1593547200000.0","1593554400000.0"
"5026ecdc-29cc-42a2-88e2-1f020d6211a3","TradeIQ220320Strategy","BTC-USDT","Bybit Perpetual","short","9124.5","9138.76","0.9299124459176783","9.340778027366774","8484.986112775856","-22.60132950615307","-0.26636849142419006","7200.0","1593568800000.0","1593576000000.0"
"6df537de-2b08-49b8-b7b0-d84433e1329e","TradeIQ220320Strategy","BTC-USDT","Bybit Perpetual","short","9049.61","9078.0","0.9352353139798298","9.324469566529647","8463.514849745008","-35.87580013041647","-0.4238877200232874","165600.0","1593705600000.0","1593871200000.0"
"4f126fc6-c5be-4160-a509-1766f8ad4e2b","TradeIQ220320Strategy","BTC-USDT","Bybit Perpetual","short","9021.07","9086.350000000002","0.9344160769865563","9.30592539841135","8429.432839621113","-70.30460690409606","-0.8340372150975713","57600.0","1593943200000.0","1594000800000.0"
"7315aa6a-f53c-4285-b190-7d2cb6f7a914","TradeIQ220320Strategy","BTC-USDT","Bybit Perpetual","long","9221.24","9239.780000000002","0.9068892538381197","9.208155359089833","8362.643463062223","7.6055714070713485","0.09094697676237352","115200.0","1594036800000.0","1594152000000.0"
"086d992a-e149-47cc-bbb2-a0ed1ed55b7b","TradeIQ220320Strategy","BTC-USDT","Bybit Perpetual","long","9433.0","9211.0","0.8872965923777099","9.098516717559512","8369.868755898937","-206.0783602254111","-2.4621456588572035","93600.0","1594216800000.0","1594310400000.0"
"c85917f7-2561-4015-bfa4-4cdcb2b59d87","TradeIQ220320Strategy","BTC-USDT","Bybit Perpetual","short","9211.0","9249.170000000002","0.8874274577879488","9.01013395338835","8174.094313684797","-42.883240017156034","-0.5246237487786547","21600.0","1594310400000.0","1594332000000.0"
"9fe432ef-44af-4ca0-b99e-7cf657a9acc3","TradeIQ220320Strategy","BTC-USDT","Bybit Perpetual","short","9236.28","9245.55","0.8805877729636282","8.951180435995806","8133.3552356685","-17.11422909136742","-0.21042028284112882","57600.0","1594339200000.0","1594396800000.0"
"ec14c152-d0a8-4834-9322-0ee170a2a2d6","TradeIQ220320Strategy","BTC-USDT","Bybit Perpetual","short","9206.25","9233.5","0.8816941445248284","8.942020780825938","8117.096718031702","-32.96818621912752","-0.4061573659198914","50400.0","1594461600000.0","1594512000000.0"
"22515122-3b6a-4e86-8acc-4e3c530f96da","TradeIQ220320Strategy","BTC-USDT","Bybit Perpetual","long","9268.51","9246.53","0.8723923199223534","8.883808284480345","8085.776941123532","-28.058991476373293","-0.3470166402150892","36000.0","1594519200000.0","1594555200000.0"
"d0deab60-0efb-44e4-aeaa-50e75eb47008","TradeIQ220320Strategy","BTC-USDT","Bybit Perpetual","short","9220.34","9261.09","0.8740589717104768","8.884622835846537","8059.120899220978","-44.50252593304846","-0.5522007485624173","7200.0","1594584000000.0","1594591200000.0"
"d9f804c8-2072-4cc3-b38f-d76daec9662a","TradeIQ220320Strategy","BTC-USDT","Bybit Perpetual","long","9317.89","9233.45","0.8603711247486912","8.778570493767461","8016.843499584581","-81.42830826754582","-1.015715328255632","21600.0","1594648800000.0","1594670400000.0"
"9e999b9c-dbd2-478a-bf83-de711a5c21e4","TradeIQ220320Strategy","BTC-USDT","Bybit Perpetual","short","9190.69","9248.75","0.863861865293075","8.761020968347857","7939.486606730412","-58.916840867263346","-0.7420736854360171","43200.0","1594706400000.0","1594749600000.0"
"8c9cd43c-a579-4da8-98f3-76557ee7ba8c","TradeIQ220320Strategy","BTC-USDT","Bybit Perpetual","short","9234.51","9072.75","0.8537015616320207","8.595915048161885","7883.515607906512","129.49884956143399","1.642653557145969","108000.0","1594785600000.0","1594893600000.0"
"410fa1fd-8426-436e-bc5c-a37554a1b009","TradeIQ220320Strategy","BTC-USDT","Bybit Perpetual","short","9072.75","9126.0","0.8824821046529305","8.833039161128886","8006.539514989876","-55.82521123389744","-0.6972451847565513","36000.0","1594893600000.0","1594929600000.0"
"64468ceb-ca76-483c-91a7-b1f6abf12694","TradeIQ220320Strategy","BTC-USDT","Bybit Perpetual","short","9156.57","9157.03","0.8686118889843765","8.749075879557353","7953.505564317672","-9.148637348490988","-0.1150264782555143","14400.0","1595131200000.0","1595145600000.0"
"833fb424-77b1-46b4-98e5-72e5f8f666e5","TradeIQ220320Strategy","BTC-USDT","Bybit Perpetual","short","9126.96","9154.17","0.8704776134481367","8.752322927444323","7944.814358836605","-32.43801878936895","-0.40829171487550014","21600.0","1595160000000.0","1595181600000.0"
"01c29a8f-3e46-4849-bc72-f3be98de3fa9","TradeIQ220320Strategy","BTC-USDT","Bybit Perpetual","long","9210.51","9182.0","0.8592356168102205","8.691924820995983","7913.998240986704","-33.18873225625556","-0.41936744545090576","7200.0","1595203200000.0","1595210400000.0"
"252471dc-db5b-4226-8d5a-e5701cf0f1b6","TradeIQ220320Strategy","BTC-USDT","Bybit Perpetual","short","9150.39","9172.47","0.8614352989701272","8.68117711014828","7882.468945343261","-27.701668511408624","-0.35143390609580494","14400.0","1595246400000.0","1595260800000.0"
"1e328c67-938b-43f6-9c1f-19659e50c3f3","TradeIQ220320Strategy","BTC-USDT","Bybit Perpetual","short","9161.13","9178.49","0.8575527648071167","8.649955510081542","7856.152360257421","-23.53707150713359","-0.2996004968819413","7200.0","1595289600000.0","1595296800000.0"
"3f0145f0-acbb-4560-9d9d-30ec0fc37db4","TradeIQ220320Strategy","BTC-USDT","Bybit Perpetual","long","9314.87","9518.25","0.8409985477334245","8.711244613109123","7833.792142325645","162.33104002491407","2.0721897782792373","144000.0","1595318400000.0","1595462400000.0"
"13c5b505-ec76-42d6-b3cd-20535755e008","TradeIQ220320Strategy","BTC-USDT","Bybit Perpetual","long","9518.25","9550.62","0.8392305970477042","8.801748535318781","7988.00663034931","18.364145891116074","0.22989647781893516","108000.0","1595462400000.0","1595570400000.0"
"187b9d98-2c81-4351-9dce-ca26e7720c37","TradeIQ220320Strategy","BTC-USDT","Bybit Perpetual","long","9594.46","9837.17","0.8343828176828995","8.917380005364357","8005.452568945871","193.59567367445297","2.418297679077311","129600.0","1595628000000.0","1595757600000.0"
"1d05046b-48e7-4c0f-bb7f-1e42cde444ca","TradeIQ220320Strategy","BTC-USDT","Bybit Perpetual","long","9837.17","9876.51","0.8324923183127466","9.026317941121595","8189.368458936602","23.723929861301976","0.28969181177106973","36000.0","1595757600000.0","1595793600000.0"
"3a34aa6b-99be-4084-9879-136a1c1f255f","TradeIQ220320Strategy","BTC-USDT","Bybit Perpetual","long","10277.22","10885.24","0.799039642267543","9.300304457345653","8211.906192304838","476.5317788341662","5.802937438334496","50400.0","1595822400000.0","1595872800000.0"
"71a5262f-80f1-4bd8-aa87-5580c40bf9fb","TradeIQ220320Strategy","BTC-USDT","Bybit Perpetual","long","10885.24","10788.38","0.7959963567360295","9.488667406504629","8664.611382197298","-86.58887451995692","-0.9993393898526868","57600.0","1595872800000.0","1595930400000.0"
"09022bdd-f91c-48c1-b78b-422c7ac7e3e0","TradeIQ220320Strategy","BTC-USDT","Bybit Perpetual","long","11034.08","10952.87","0.7778040354432212","9.405846140398584","8582.351951403338","-72.5713118587419","-0.8455876928570314","79200.0","1596016800000.0","1596096000000.0"
"93f2f304-6046-4da4-b2a8-bb4e5da5eb93","TradeIQ220320Strategy","BTC-USDT","Bybit Perpetual","long","11161.76","11666.32","0.7627300000302402","9.57641380249968","8513.409205137534","375.2666350127579","4.407947814681551","64800.0","1596204000000.0","1596268800000.0"
"0dbbdcee-e443-4893-8178-04feeaa498bb","TradeIQ220320Strategy","BTC-USDT","Bybit Perpetual","long","11666.32","11260.0","0.7603008068010867","9.58699477613894","8869.912508399653","-318.5124185955563","-3.590930781943233","79200.0","1596268800000.0","1596348000000.0"
"df93139d-e076-4990-86ee-f06be4436fc0","TradeIQ220320Strategy","BTC-USDT","Bybit Perpetual","long","11286.62","11776.81","0.7590692085614537","9.628706756246867","8567.325710733874","362.4594285884911","4.230718439178414","50400.0","1596614400000.0","1596664800000.0"
"d82c3977-4499-46ea-8e6c-62be8051b49b","TradeIQ220320Strategy","BTC-USDT","Bybit Perpetual","long","11776.81","11755.540000000003","0.7567127403679725","9.793975980689044","8911.662167892942","-25.889255968313396","-0.2905098451957432","86400.0","1596664800000.0","1596751200000.0"
"bb6f4fc1-2b44-4ee4-9388-771a9ed919a0","TradeIQ220320Strategy","BTC-USDT","Bybit Perpetual","long","11832.95","11647.96","0.7510441077434657","9.699359504975043","8887.067374723043","-148.63500899643998","-1.672486577734222","43200.0","1596772800000.0","1596816000000.0"
"dbd818f5-571e-4d3f-a903-b59d8c70a158","TradeIQ220320Strategy","BTC-USDT","Bybit Perpetual","long","11744.64","11649.029999999999","0.7446685565650735","9.581291759412814","8745.864116176424","-80.77905245259993","-0.9236257433178078","72000.0","1596880800000.0","1596952800000.0"
"d2f2ee14-4f88-424d-9d47-69ada51f94dc","TradeIQ220320Strategy","BTC-USDT","Bybit Perpetual","long","11865.53","11741.770000000002","0.7306141416646754","9.486304974586272","8669.124016346457","-99.90711114700534","-1.152447593997052","36000.0","1597024800000.0","1597060800000.0"
"8501ec25-f65c-444b-bf45-be0b19bdf838","TradeIQ220320Strategy","BTC-USDT","Bybit Perpetual","long","11584.09","11536.99","0.7401714127529052","9.412459346385118","8574.212260756802","-44.27453288704722","-0.5163685192363006","7200.0","1597248000000.0","1597255200000.0"
"70ea8e7c-8d01-44a8-874e-704de3599d61","TradeIQ220320Strategy","BTC-USDT","Bybit Perpetual","long","11609.95","11571.58","0.7348999310517366","9.36985763927057","8532.151454514109","-37.56796799372629","-0.4403106085728259","7200.0","1597284000000.0","1597291200000.0"
"3b4bfc83-4d42-4e1d-82a1-59e8268f41fa","TradeIQ220320Strategy","BTC-USDT","Bybit Perpetual","long","11694.01","11802.659999999998","0.7265653000912492","9.38952579933228","8496.461884920069","69.55179405558036","0.8185971407583696","144000.0","1597356000000.0","1597500000000.0"
"f2081b2d-0867-4b34-b254-41cbbec6ea64","TradeIQ220320Strategy","BTC-USDT","Bybit Perpetual","long","11901.76","11762.439999999999","0.7194344440883425","9.363662314487446","8562.536089272871","-109.5952690648764","-1.279939353507393","50400.0","1597528800000.0","1597579200000.0"
"feb379c5-4f97-4ba3-81a9-fb3ee1b0f02b","TradeIQ220320Strategy","BTC-USDT","Bybit Perpetual","long","11919.01","12443.99","0.7096579819684052","9.509168578082942","8458.420583661242","363.04707879569014","4.292137937630723","14400.0","1597665600000.0","1597680000000.0"
"6effc67a-7057-4966-a9cd-4462b2af5c9a","TradeIQ220320Strategy","BTC-USDT","Bybit Perpetual","long","12443.99","12181.03","0.7074350998769003","9.581331915743869","8803.315308517149","-195.60846577937298","-2.221986364502054","79200.0","1597680000000.0","1597759200000.0"
"c164397a-ea52-4b64-bbeb-c8b596c39113","TradeIQ220320Strategy","BTC-USDT","Bybit Perpetual","long","11860.95","11824.2","0.7265427529857847","9.464550747234695","8617.487266026745","-36.16499691946228","-0.4196698620262289","7200.0","1597939200000.0","1597946400000.0"
"d2908835-3819-4966-bf92-baed0f46d6ab","TradeIQ220320Strategy","BTC-USDT","Bybit Perpetual","long","11851.93","11833.439999999999","0.7241968623636197","9.434078850856775","8583.130518953256","-22.824478835961262","-0.26592254172950397","7200.0","1597953600000.0","1597960800000.0"
"d48e8b44-b314-464f-b58f-c60eca5a59e3","TradeIQ220320Strategy","BTC-USDT","Bybit Perpetual","long","11857.92","11810.89","0.7220024476517882","9.398916314152817","8561.447264059092","-43.35469142721689","-0.506394422461955","7200.0","1597968000000.0","1597975200000.0"
"a333d08d-0a08-49b3-8492-043a0537c56b","TradeIQ220320Strategy","BTC-USDT","Bybit Perpetual","long","11853.49","11842.01","0.7187976121128239","9.367747849800681","8520.260307203236","-17.619544436855584","-0.20679584662407074","7200.0","1597989600000.0","1597996800000.0"
"05d606b1-4cb3-4224-be98-4eaebbd99091","TradeIQ220320Strategy","BTC-USDT","Bybit Perpetual","short","11540.97","11590.35","0.7368117012684571","9.373884982981798","8503.521739988224","-45.75764679161896","-0.5381023085581284","43200.0","1598047200000.0","1598090400000.0"
"afa75a6e-c6ac-4d97-b0d3-827d5f231333","TradeIQ220320Strategy","BTC-USDT","Bybit Perpetual","long","11672.89","11648.83","0.7247607041217887","9.296466414692162","8460.051975536186","-26.73420895586203","-0.3160052566245334","14400.0","1598133600000.0","1598148000000.0"
"042f2536-4983-4041-8000-5dc12f9e4291","TradeIQ220320Strategy","BTC-USDT","Bybit Perpetual","short","11532.84","11655.48","0.7313597064580899","9.327451599650942","8434.654477028118","-99.02140599967066","-1.1739829564964","14400.0","1598184000000.0","1598198400000.0"
"9018fc82-8279-4ca7-b5af-7154b46a4d9a","TradeIQ220320Strategy","BTC-USDT","Bybit Perpetual","long","11686.39","11637.820000000002","0.7137006501861081","9.155577113142527","8340.58414132843","-43.82001769268029","-0.525383078093388","21600.0","1598212800000.0","1598234400000.0"
"d60cc841-b551-47c4-97b0-d07fe10b33be","TradeIQ220320Strategy","BTC-USDT","Bybit Perpetual","long","11687.61","11675.08","0.7100643437384019","9.12395722854755","8298.955124520384","-18.021063455590188","-0.21714858298660422","86400.0","1598241600000.0","1598328000000.0"
"f29f8cc3-a1ae-4bf1-9746-72b342ad689f","TradeIQ220320Strategy","BTC-USDT","Bybit Perpetual","short","11594.96","11243.99","0.7142616373180739","8.972142201894094","8281.835114237574","241.71226464762984","2.9185833974416413","36000.0","1598342400000.0","1598378400000.0"
"1683374a-3602-4c9e-97b5-3aba2414e0ff","TradeIQ220320Strategy","BTC-USDT","Bybit Perpetual","short","11243.99","11370.99","0.7569787740519888","9.415482909585634","8511.46176565282","-105.55178721418821","-1.2401135095282014","36000.0","1598378400000.0","1598414400000.0"
"f502cc77-3bbd-42da-9085-b23fa557220e","TradeIQ220320Strategy","BTC-USDT","Bybit Perpetual","short","11316.77","11407.79","0.7432498467141545","9.289514155155636","8411.187567799343","-76.9401152030783","-0.9147354589693034","7200.0","1598529600000.0","1598536800000.0"
"b58ae101-14d0-4fd7-9d4e-c87c908fee2c","TradeIQ220320Strategy","BTC-USDT","Bybit Perpetual","short","11329.47","11399.779999999999","0.7359650944268724","9.200364042376094","8338.094458356418","-60.946069831529115","-0.7309352290972083","50400.0","1598544000000.0","1598594400000.0"
"096ac4d6-8d49-4ee8-8df5-afed039de480","TradeIQ220320Strategy","BTC-USDT","Bybit Perpetual","short","11466.66","11623.4","0.7221105092517317","9.170466241889173","8280.195692016461","-122.35406746200545","-1.4776712050413965","7200.0","1598745600000.0","1598752800000.0"
"1a52646e-7c90-46f8-a5dd-6ce337fcbf2d","TradeIQ220320Strategy","BTC-USDT","Bybit Perpetual","long","11623.4","11603.0","0.7023727418765212","8.972474638556458","8163.959327927557","-23.300878572837235","-0.28541149749642647","115200.0","1598752800000.0","1598868000000.0"
"62a4488a-f1da-48fa-9d4f-a4a81ac18b01","TradeIQ220320Strategy","BTC-USDT","Bybit Perpetual","long","11720.96","11634.31","0.6946379386401251","8.922901135050957","8141.82349328336","-69.11327851821756","-0.8488673154758627","43200.0","1598882400000.0","1598925600000.0"
"4d204a69-1097-4dc7-9e63-c8db63eeccef","TradeIQ220320Strategy","BTC-USDT","Bybit Perpetual","long","11805.78","11737.67","0.6840857511059034","8.858156272280857","8076.165878691053","-55.45123678010434","-0.6866034899854189","93600.0","1598940000000.0","1599033600000.0"
"d92f85f0-2e75-43c7-a709-8149c35e3ea4","TradeIQ220320Strategy","BTC-USDT","Bybit Perpetual","short","11417.49","10683.59","0.7027365212275162","8.542179841014068","8023.487203749954","507.19615308785984","6.321392933122777","100800.0","1599048000000.0","1599148800000.0"
"44bf30ee-d9c4-48eb-94fc-d3045be7d2a7","TradeIQ220320Strategy","BTC-USDT","Bybit Perpetual","short","10683.59","10568.37","0.7961110028729499","9.3054055537387","8505.323549183418","82.42250419728207","0.9690695917757921","100800.0","1599148800000.0","1599249600000.0"
"460307bf-5cea-4c74-bcc7-b7dd3112ec5e","TradeIQ220320Strategy","BTC-USDT","Bybit Perpetual","short","10308.0","10321.85","0.8327148746770311","9.448330626545772","8583.624928170837","-20.981431640822954","-0.24443555975941367","115200.0","1599314400000.0","1599429600000.0"
"9ccb230d-5a58-408d-96d3-7bcd3fddc46a","TradeIQ220320Strategy","BTC-USDT","Bybit Perpetual","short","10078.76","10378.759999999998","0.8496771991903821","9.560258562789674","8563.692568112056","-264.46341831990276","-3.088193746056044","36000.0","1599487200000.0","1599523200000.0"
"d39cdd7d-8162-44c8-8364-cbde327b4d65","TradeIQ220320Strategy","BTC-USDT","Bybit Perpetual","short","9987.07","10191.96","0.8323214236716222","9.237491437851807","8312.452320708147","-179.77182793393","-2.1626810115479262","72000.0","1599566400000.0","1599638400000.0"
"52df99a6-fd9b-4efa-bc13-b34c2d3a8f35","TradeIQ220320Strategy","BTC-USDT","Bybit Perpetual","short","10221.7","10285.09","0.7965083189851895","8.983605856875261","8141.669084170911","-59.474268197345964","-0.7304923300429422","7200.0","1599796800000.0","1599804000000.0"
"1d88e1d1-6a97-4ecc-82ed-64edde9040b2","TradeIQ220320Strategy","BTC-USDT","Bybit Perpetual","short","10260.0","10320.36","0.7880281217722644","8.919846339908373","8085.168529383433","-56.48522377008272","-0.6986276608187192","7200.0","1599811200000.0","1599818400000.0"
"2887b950-f2ad-44a8-b091-56de87f65ca3","TradeIQ220320Strategy","BTC-USDT","Bybit Perpetual","short","10264.01","10319.09","0.7824921806196463","8.858363141601734","8031.507566801856","-51.958032450131796","-0.6469275166333619","7200.0","1599832800000.0","1599840000000.0"
"aa93ea4b-69af-4ed2-a4ff-05c10b8283a6","TradeIQ220320Strategy","BTC-USDT","Bybit Perpetual","short","10322.51","10395.81","0.7732758249664305","8.811536794455174","7982.147435974229","-65.49265476449398","-0.820489163972709","72000.0","1599998400000.0","1600070400000.0"
"85e1bd7a-1b04-493a-9735-e2e5d2fba7cf","TradeIQ220320Strategy","BTC-USDT","Bybit Perpetual","long","10688.0","10730.17","0.7410113598379454","8.72910900231716","7919.929413947961","22.519340042049052","0.2843376356661683","122400.0","1600099200000.0","1600221600000.0"
"f1ac6e27-749f-4718-afd9-ccdadee5dc75","TradeIQ220320Strategy","BTC-USDT","Bybit Perpetual","long","10910.7","10908.51","0.727847231340602","8.734578373696548","7941.322786987907","-10.328563810332838","-0.13006099975254118","79200.0","1600243200000.0","1600322400000.0"
"df76db9f-99a0-40da-8f4b-36d52a9aac9b","TradeIQ220320Strategy","BTC-USDT","Bybit Perpetual","long","10951.47","10825.96","0.7242416453104551","8.674666953608295","7931.510651368089","-99.57423585652367","-1.255425860637889","72000.0","1600380000000.0","1600452000000.0"
"f35ec61a-1f4f-4720-863d-d08c9d5bac02","TradeIQ220320Strategy","BTC-USDT","Bybit Perpetual","long","11130.7","10932.99","0.7040810665370903","8.544044512819054","7836.915127304392","-147.74791217786785","-1.8852815141904906","50400.0","1600516800000.0","1600567200000.0"
"734866dc-c1ed-4eea-98d9-851c1d92e71c","TradeIQ220320Strategy","BTC-USDT","Bybit Perpetual","short","10696.27","10374.05","0.7195550047573048","8.338689814310865","7696.554610735418","223.51632381858875","2.9041088528991987","79200.0","1600682400000.0","1600761600000.0"
"1c3ff489-d239-4d54-b8fd-2f8ada29005c","TradeIQ220320Strategy","BTC-USDT","Bybit Perpetual","short","10423.76","10406.49","0.758737261637171","8.692577764319726","7908.895118363078","4.41081474415455","0.05577030265470844","100800.0","1600848000000.0","1600948800000.0"
"5728bc66-0611-4bb9-88b5-d1a1fe902083","TradeIQ220320Strategy","BTC-USDT","Bybit Perpetual","long","10724.92","10661.48","0.7378223233711788","8.678649835099959","7913.085392370023","-55.48609802976792","-0.7011942280222185","14400.0","1600992000000.0","1601006400000.0"
"f9deb56d-46a7-4200-bb4f-dec35886e3db","TradeIQ220320Strategy","BTC-USDT","Bybit Perpetual","long","10692.13","10691.8","0.7351550719306391","8.646277528520365","7860.373599241744","-8.888878702257422","-0.11308468471670219","57600.0","1601056800000.0","1601114400000.0"
"691e292a-d518-4e9d-b286-7f3dc4623983","TradeIQ220320Strategy","BTC-USDT","Bybit Perpetual","long","10768.89","10667.25","0.7291307799108915","8.596362212063482","7851.9291644746","-82.70521468220606","-1.0533107590475843","21600.0","1601172000000.0","1601193600000.0"
"a2358356-8a28-43f4-aec3-ac2f56ec4993","TradeIQ220320Strategy","BTC-USDT","Bybit Perpetual","short","10667.25","10750.0","0.7287125745179408","8.583860662626904","7773.359210526504","-68.8848262039865","-0.8861654831376409","28800.0","1601193600000.0","1601222400000.0"
"e3ae3cd6-c43b-4e79-a718-ae94b40e6d4e","TradeIQ220320Strategy","BTC-USDT","Bybit Perpetual","long","10722.16","10691.45","0.7188774114201539","8.466568289278399","7707.9186256327175","-30.5432935939907","-0.39625864098277896","108000.0","1601229600000.0","1601337600000.0"
"e45a28be-d7ba-4b8d-a0dc-9333929281e0","TradeIQ220320Strategy","BTC-USDT","Bybit Perpetual","short","10691.45","10722.0","0.7182283503845058","8.458860778247603","7678.902496718425","-30.40073688249373","-0.3958995038091117","28800.0","1601337600000.0","1601366400000.0"
"3b8fc963-b238-4a14-9292-d9a952cf888a","TradeIQ220320Strategy","BTC-USDT","Bybit Perpetual","short","10670.09","10735.0","0.7169594442671108","8.44061978698812","7650.0217966800565","-54.97845731436618","-0.7186705969677843","7200.0","1601402400000.0","1601409600000.0"
"7b3daace-84b6-4881-9ce6-8f0979c3772f","TradeIQ220320Strategy","BTC-USDT","Bybit Perpetual","short","10694.36","10736.36","0.7104485226073752","8.373982849326783","7597.79226223141","-38.212820798836546","-0.5029463754726791","28800.0","1601445600000.0","1601474400000.0"
"006b10cb-4668-4aa8-a309-07086ba75da3","TradeIQ220320Strategy","BTC-USDT","Bybit Perpetual","short","10704.65","10708.35","0.7063743403541933","8.319076562502389","7561.4900824725155","-10.932661621813418","-0.14458342869688154","7200.0","1601496000000.0","1601503200000.0"
"0a8d7ba9-31fe-4685-a462-84883e22ef7c","TradeIQ220320Strategy","BTC-USDT","Bybit Perpetual","long","10893.33","10710.35","0.6931860187777101","8.236452911581203","7551.104053931793","-135.0756306275263","-1.7888196171418618","21600.0","1601546400000.0","1601568000000.0"
"8180acbd-2993-43c3-9765-18e64bda67b0","TradeIQ220320Strategy","BTC-USDT","Bybit Perpetual","short","10480.38","10575.76","0.7082550637320062","8.202214777707525","7422.782204835643","-75.75558275646699","-1.0205820495058482","172800.0","1601575200000.0","1601748000000.0"
"a33e9d11-9440-4304-bfa8-255cdba8390d","TradeIQ220320Strategy","BTC-USDT","Bybit Perpetual","long","10667.93","10640.5","0.6890572398972433","8.07550037928899","7350.814401217","-26.976340469670575","-0.3669843774752955","7200.0","1601841600000.0","1601848800000.0"
"ce315040-ac36-4e2b-8073-34cae9b1d7d5","TradeIQ220320Strategy","BTC-USDT","Bybit Perpetual","long","10684.59","10659.44","0.6855842739656657","8.048222221078264","7325.186877770812","-25.290666711314508","-0.3452562662675838","7200.0","1601863200000.0","1601870400000.0"
"1cef427c-3b32-4be7-a614-b292d43c85d1","TradeIQ220320Strategy","BTC-USDT","Bybit Perpetual","long","10671.52","10658.41","0.6841725212898502","8.026343592869809","7301.1607443950625","-16.995845346980143","-0.23278278539515065","7200.0","1601892000000.0","1601899200000.0"
"10dfd70e-08b5-4cd2-ac51-6d96daea04d2","TradeIQ220320Strategy","BTC-USDT","Bybit Perpetual","long","10717.47","10705.0","0.6797326879679095","8.008854213806547","7285.014691315431","-16.485120832765936","-0.22628809317870122","64800.0","1601906400000.0","1601971200000.0"
"f56e8745-2da0-48e1-a4b1-f7339f735dfa","TradeIQ220320Strategy","BTC-USDT","Bybit Perpetual","short","10565.0","10605.07","0.6880599930453671","8.011453019333466","7269.353826524304","-35.58201694066113","-0.4894797775674369","64800.0","1602014400000.0","1602079200000.0"
"122a415b-6f28-458f-9fbc-9de8c3d6fa3f","TradeIQ220320Strategy","BTC-USDT","Bybit Perpetual","short","10586.29","10731.86","0.6834831570295803","8.013828055216582","7235.550910430676","-107.50847122401238","-1.4858367048323793","21600.0","1602144000000.0","1602165600000.0"
"8d96d5eb-9c30-4762-a707-2cd8c0f9758d","TradeIQ220320Strategy","BTC-USDT","Bybit Perpetual","long","10731.86","11049.28","0.6646953895007821","7.962802834839087","7133.417862767864","203.0248077004992","2.846108437866316","79200.0","1602165600000.0","1602244800000.0"
"b25c66d2-4c03-49cb-966b-8e8a4e68117c","TradeIQ220320Strategy","BTC-USDT","Bybit Perpetual","long","11049.28","11413.28","0.6630560027516127","8.191664384842547","7326.29143008334","233.16072061674447","3.182520417619971","57600.0","1602244800000.0","1602302400000.0"
"2b7deab8-0b8b-4f85-b6c8-8cdd9ce096ad","TradeIQ220320Strategy","BTC-USDT","Bybit Perpetual","long","11413.28","11335.0","0.6613168269480154","8.27410119146875","7547.794114669246","-60.04198240495983","-0.7954904637404905","144000.0","1602302400000.0","1602446400000.0"
"4dfb5afa-fe9f-403f-8e10-959090196ea2","TradeIQ220320Strategy","BTC-USDT","Bybit Perpetual","long","11492.0","11486.28","0.6518233755120548","8.237779018183627","7490.754231384534","-11.966208726112153","-0.15974638009049205","79200.0","1602511200000.0","1602590400000.0"
"b789aa7a-d1da-4f1e-96e4-c93cb3f6387e","TradeIQ220320Strategy","BTC-USDT","Bybit Perpetual","long","11530.81","11319.81","0.6486436194070259","8.152049874372015","7479.386333094728","-145.01585356925446","-1.938873687104375","7200.0","1602684000000.0","1602691200000.0"
"5402138b-2ac0-4758-b3c5-7bc4005336d0","TradeIQ220320Strategy","BTC-USDT","Bybit Perpetual","long","11458.71","11342.27","0.6407022493983997","8.034751545968358","7341.621272203936","-82.63812146591718","-1.1256113384490811","43200.0","1602784800000.0","1602828000000.0"
"496ed76b-fa22-4908-ae35-4a7effbeb8c6","TradeIQ220320Strategy","BTC-USDT","Bybit Perpetual","long","11452.44","11801.12","0.6341980448543117","8.111049258346338","7263.115056811314","213.02112502145528","2.932916845667825","115200.0","1603008000000.0","1603123200000.0"
"9b084f9b-d14e-4090-9fd5-0f33f36582d1","TradeIQ220320Strategy","BTC-USDT","Bybit Perpetual","long","11801.12","11777.98","0.6326081868146156","8.203982433746278","7465.4851255816975","-22.842535876637264","-0.30597523794352766","64800.0","1603123200000.0","1603188000000.0"
"2bf6df65-fa14-4b28-a985-a830cafb7f7b","TradeIQ220320Strategy","BTC-USDT","Bybit Perpetual","long","11774.2","12172.67","0.6322115062168888","8.326717713534016","7443.7847164988925","243.59060116870927","3.2724025538890062","57600.0","1603195200000.0","1603252800000.0"
"e5cd50c9-a961-4b5b-acb9-a589e7807159","TradeIQ220320Strategy","BTC-USDT","Bybit Perpetual","long","12172.67","12729.81","0.6305268924245188","8.635925830435053","7675.1957876091665","342.65582701496095","4.46445714867814","43200.0","1603252800000.0","1603296000000.0"
"27f0f961-3c77-4099-a52a-8ba0bda92c74","TradeIQ220320Strategy","BTC-USDT","Bybit Perpetual","long","12729.81","12765.0","0.6285026110580895","8.81295505938644","8000.718823273378","13.30405182374805","0.16628570654236405","50400.0","1603296000000.0","1603346400000.0"
"163e9b65-e477-4a9a-872a-ebdc2fa9a724","TradeIQ220320Strategy","BTC-USDT","Bybit Perpetual","long","13133.71","12788.34","0.6101366386577698","8.698795849765254","8013.357672505937","-219.4216867429986","-2.738199088452532","72000.0","1603404000000.0","1603476000000.0"
"b800ee15-2d95-4e9a-a983-991ede282b10","TradeIQ220320Strategy","BTC-USDT","Bybit Perpetual","long","13103.61","12947.65","0.5956302934916475","8.534305801794972","7804.907070100088","-101.42880637475288","-1.2995517494797306","50400.0","1603555200000.0","1603605600000.0"
"ee2498ba-8f25-4055-a2a3-ac05a598ec27","TradeIQ220320Strategy","BTC-USDT","Bybit Perpetual","long","13197.26","12974.55","0.5841022836591894","8.407857693671925","7708.549704044073","-138.49327728741054","-1.796619112603684","7200.0","1603720800000.0","1603728000000.0"
"47160b08-f4f9-4de4-9ad1-c4accf0b2725","TradeIQ220320Strategy","BTC-USDT","Bybit Perpetual","long","13138.53","13669.6","0.5766993027850933","8.50312643398468","7576.981090621032","297.7645722960946","3.92985766672527","28800.0","1603792800000.0","1603821600000.0"
"3cdb8f5d-d815-40a9-b7e9-f7c9bd177a25","TradeIQ220320Strategy","BTC-USDT","Bybit Perpetual","long","13669.6","13314.95","0.5749881075014867","8.533687434953585","7859.857434302322","-212.4532197603556","-2.703016200181422","64800.0","1603821600000.0","1603886400000.0"
"f724742a-f801-420e-9a4d-089279bed951","TradeIQ220320Strategy","BTC-USDT","Bybit Perpetual","long","13429.04","13177.72","0.5702586987252987","8.34500498419298","7658.026875529985","-151.6624211478359","-1.980437306017418","50400.0","1603987200000.0","1604037600000.0"
"57f7929f-1d6d-48be-944d-bcf7cea5e44f","TradeIQ220320Strategy","BTC-USDT","Bybit Perpetual","long","13537.36","13680.13","0.5550526524698717","8.308927009939715","7513.947575439543","70.9359401831831","0.944056895140549","108000.0","1604095200000.0","1604203200000.0"
"8fed3fc4-ca78-403d-9344-880b34044004","TradeIQ220320Strategy","BTC-USDT","Bybit Perpetual","long","13689.65","13592.83","0.5538006244581538","8.309979953421902","7581.336718613565","-61.92895641346019","-0.8168606501992361","64800.0","1604412000000.0","1604476800000.0"
"002ebc75-b8b6-4f2d-8840-886672d9b24c","TradeIQ220320Strategy","BTC-USDT","Bybit Perpetual","long","14063.37","14713.97","0.5349005401991683","8.466158091322324","7522.504210020778","339.5401333622558","4.513658269675039","64800.0","1604512800000.0","1604577600000.0"
"1f75667e-e9c3-4d6d-bebc-99b13c5050a1","TradeIQ220320Strategy","BTC-USDT","Bybit Perpetual","long","14713.97","15598.749999999998","0.5331713559776813","8.889030714174478","7845.067336714923","462.85032162775775","5.8998897238474655","43200.0","1604577600000.0","1604620800000.0"
"c49ea176-f8ac-4032-b049-be3e4721392c","TradeIQ220320Strategy","BTC-USDT","Bybit Perpetual","long","15598.75","15419.89","0.5311178871551434","9.061004996574308","8284.775142261293","-104.05675029314357","-1.2559996922830392","36000.0","1604620800000.0","1604656800000.0"
"1f5470e1-2693-4ed7-a2ce-1bfc1b5f7aff","TradeIQ220320Strategy","BTC-USDT","Bybit Perpetual","long","15171.82","15403.8","0.5395477424252861","9.073353709339386","8185.921229482805","116.09093157847826","1.418177970737852","79200.0","1604836800000.0","1604916000000.0"
"32d53b4d-8f70-4b90-ab0a-468427ddb0b6","TradeIQ220320Strategy","BTC-USDT","Bybit Perpetual","long","15807.88","15282.6","0.5248146882746048","8.974207313229309","8296.207614482359","-284.6488667701131","-3.4310721235231982","7200.0","1604923200000.0","1604930400000.0"
"d98efd41-4352-4f85-aab7-47b408516b62","TradeIQ220320Strategy","BTC-USDT","Bybit Perpetual","long","15432.21","15643.79","0.5200675205334008","8.88889004745278","8025.791191050752","101.14699594700507","1.260274451941762","86400.0","1605060000000.0","1605146400000.0"
"6827dfc9-2761-47c7-ad40-6fd744a3ffb6","TradeIQ220320Strategy","BTC-USDT","Bybit Perpetual","long","16061.21","16249.4","0.5056829988027307","8.986409386870024","8121.880837200406","86.17807415781613","1.0610605583265553","115200.0","1605175200000.0","1605290400000.0"
"146c65f8-6e57-494d-9165-d6d132e43c51","TradeIQ220320Strategy","BTC-USDT","Bybit Perpetual","long","16027.389999999998","15950.0","0.5118581383275963","9.002338022686523","8203.750007650333","-48.61503934785797","-0.5925953289961597","14400.0","1605427200000.0","1605441600000.0"
"976e644e-d11a-4fb1-83b1-fa8ae61431d4","TradeIQ220320Strategy","BTC-USDT","Bybit Perpetual","long","16022.0","15883.62","0.5091477793203013","8.934571563960567","8157.565720269868","-79.39044126630344","-0.9732124016976605","7200.0","1605456000000.0","1605463200000.0"
"036037b4-21a4-4598-92d6-9de3be8f22d5","TradeIQ220320Strategy","BTC-USDT","Bybit Perpetual","long","16101.83","16688.82","0.5019395187420859","9.052407694132098","8082.14480106688","285.58107041228476","3.533481240952114","43200.0","1605506400000.0","1605549600000.0"
"fe33742f-d78b-488c-8bae-ce6ddb290831","TradeIQ220320Strategy","BTC-USDT","Bybit Perpetual","long","16688.82","17322.38","0.5005414893298957","9.363209186043324","8353.446817958551","307.7598567938061","3.6842259668448776","79200.0","1605549600000.0","1605628800000.0"
"9a93ad67-111c-4617-a0ba-5245b2820e14","TradeIQ220320Strategy","BTC-USDT","Bybit Perpetual","long","17322.38","17649.74","0.4991126324392299","9.600264781349352","8645.818681912668","153.78924657395723","1.7787702036325292","50400.0","1605628800000.0","1605679200000.0"
"54917ba3-1b75-457b-af73-86650d495da3","TradeIQ220320Strategy","BTC-USDT","Bybit Perpetual","long","18065.29","18542.56","0.48667463772560116","9.798861675164733","8791.918466157926","222.47634267213314","2.530464124849368","158400.0","1605801600000.0","1605960000000.0"
"474ee894-c46c-4f87-8e59-0b571b51b7e1","TradeIQ220320Strategy","BTC-USDT","Bybit Perpetual","long","18784.11","18524.37","0.4793025057719771","9.83512637279903","9003.270991696452","-134.32915922201312","-1.4920039544061527","50400.0","1605981600000.0","1606032000000.0"
"30d08105-7896-43f8-bee5-851c3abbda9f","TradeIQ220320Strategy","BTC-USDT","Bybit Perpetual","long","18607.72","18435.2","0.47698795394790655","9.717964640480794","8875.65829043554","-92.00792645557385","-1.036632139778546","14400.0","1606075200000.0","1606089600000.0"
"c390336d-f405-473c-9868-e07da527f322","TradeIQ220320Strategy","BTC-USDT","Bybit Perpetual","long","18461.0","18283.32","0.47604413413697755","9.620554899368615","8788.250760302742","-94.20407665282693","-1.0719320513514994","36000.0","1606111200000.0","1606147200000.0"
"ab6f1a9d-84ff-43be-82aa-9d8a5f5c0081","TradeIQ220320Strategy","BTC-USDT","Bybit Perpetual","long","19033.28","18896.64","0.4570287878643386","9.534285948765234","8698.756887482557","-71.98269952254819","-0.8275055902083057","72000.0","1606212000000.0","1606284000000.0"
"6c1eafa7-7991-4d40-9b48-4846e680c705","TradeIQ220320Strategy","BTC-USDT","Bybit Perpetual","long","19227.84","18893.869999999995","0.4488477812867247","9.41096472379577","8630.373322936137","-159.31265824012536","-1.8459532662015325","28800.0","1606312800000.0","1606341600000.0"
"214ae64a-55f8-45f6-b7e9-77a29f6177b2","TradeIQ220320Strategy","BTC-USDT","Bybit Perpetual","short","17072.65","17001.15","0.4966438307824515","9.307398408723305","8479.026297608021","26.202635492221976","0.30902882680778904","129600.0","1606384800000.0","1606514400000.0"
"65c0288c-e521-453c-9300-c59eb743029c","TradeIQ220320Strategy","BTC-USDT","Bybit Perpetual","long","17369.66","18255.24","0.4895846436444716","9.592772184253464","8503.918801325632","423.9735965344185","4.985626114731099","115200.0","1606572000000.0","1606687200000.0"
"7ac3a0c7-d330-4ec0-a6e2-d21a175e2248","TradeIQ220320Strategy","BTC-USDT","Bybit Perpetual","long","18255.24","18476.16","0.4878979250907317","9.856645615122737","8906.69371803333","97.92976399592087","1.0995074838785919","43200.0","1606687200000.0","1606730400000.0"
"fb7303ac-21fd-4a2a-8a38-6db097bc9b4c","TradeIQ220320Strategy","BTC-USDT","Bybit Perpetual","long","19154.93","18765.1","0.46983867828436093","9.798963226636824","8999.726993829454","-192.95617518223008","-2.1440225388451006","86400.0","1606744800000.0","1606831200000.0"
"b45bf425-6112-408c-a892-56ab7a2e51bb","TradeIQ220320Strategy","BTC-USDT","Bybit Perpetual","long","19375.48","19168.51","0.4550296884209494","9.646262868110103","8816.418627406336","-103.82375748059452","-1.1776182809406588","64800.0","1606989600000.0","1607054400000.0"
"e3cc17b4-5b79-4421-aff6-f2206e601465","TradeIQ220320Strategy","BTC-USDT","Bybit Perpetual","long","19361.57","18838.05","0.45026235257780084","9.459917922827906","8717.78605779977","-245.1812647443584","-2.8124258053453333","7200.0","1607076000000.0","1607083200000.0"
"47717174-be43-4e54-bf24-3d605b508a54","TradeIQ220320Strategy","BTC-USDT","Bybit Perpetual","long","19125.01","19025.97","0.44365278011842246","9.309183587683282","8484.86385629263","-53.248554930610624","-0.6275711176098588","7200.0","1607162400000.0","1607169600000.0"
"79589eb6-5c7f-438d-910c-3b147391571f","TradeIQ220320Strategy","BTC-USDT","Bybit Perpetual","long","19112.58","19009.0","0.4412945677197191","9.25256539179098","8434.27772910855","-54.96185671620025","-0.6516486471214338","21600.0","1607184000000.0","1607205600000.0"
"fd9cf338-5137-492d-b4da-7409295b8e2d","TradeIQ220320Strategy","BTC-USDT","Bybit Perpetual","long","19267.87","19044.989999999998","0.43502805267152833","9.16694288294229","8382.06396522816","-106.12599526237297","-1.2661081531067058","28800.0","1607220000000.0","1607248800000.0"
"ab6bf8ff-69ae-4658-bc84-4eaeb84ea0ba","TradeIQ220320Strategy","BTC-USDT","Bybit Perpetual","long","19136.34","19114.18","0.43274964124429793","9.104094344074316","8281.244269728908","-18.693826394047896","-0.22573692775107396","64800.0","1607277600000.0","1607342400000.0"
"1c58ae25-1353-4fc2-9267-d1853c93feb7","TradeIQ220320Strategy","BTC-USDT","Bybit Perpetual","short","18319.32","18473.4","0.45108034221000354","9.128060000640264","8263.485134654562","-78.63051912835839","-0.9515418476231744","50400.0","1607472000000.0","1607522400000.0"
"82b76e38-5643-48c2-a79a-a7b18f76437e","TradeIQ220320Strategy","BTC-USDT","Bybit Perpetual","short","18190.0","18093.98","0.45018065648612543","8.983890264981195","8188.786141482621","34.24245637081677","0.4181627872457419","100800.0","1607601600000.0","1607702400000.0"
"ac3f5704-f81d-482d-a05f-9afd6ceab1e8","TradeIQ220320Strategy","BTC-USDT","Bybit Perpetual","long","18426.99","18390.47","0.4461562346880797","9.034486628408445","8221.316475034899","-25.32811231921731","-0.30807854674040874","14400.0","1607767200000.0","1607781600000.0"
"33e519d3-26eb-48a9-a1c6-b0aaeb0b5d95","TradeIQ220320Strategy","BTC-USDT","Bybit Perpetual","long","18475.19","19243.57","0.4436898764414138","9.204487580157839","8197.254768331642","331.7179396798961","4.046695498124788","50400.0","1607796000000.0","1607846400000.0"
"ce2e0227-bcd9-487d-b14f-fdc0973e22ca","TradeIQ220320Strategy","BTC-USDT","Bybit Perpetual","long","19243.57","19193.320000000003","0.44234966854006524","9.351400053166023","8512.386811027543","-31.57947089730269","-0.37098256456570355","50400.0","1607846400000.0","1607896800000.0"
"6370d21f-5deb-437b-869b-adcf9205cd89","TradeIQ220320Strategy","BTC-USDT","Bybit Perpetual","long","19198.09","19134.12","0.4418349072056182","9.315079646584948","8482.386313675106","-37.57925866052886","-0.44302696518247997","50400.0","1607961600000.0","1608012000000.0"
"3175da41-fc44-44bb-858b-50ab99d5cca9","TradeIQ220320Strategy","BTC-USDT","Bybit Perpetual","long","19533.19","20354.12","0.432427371972914","9.486600551102914","8446.686017947603","345.50600192262146","4.090432640546682","64800.0","1608062400000.0","1608127200000.0"
"40860915-b0d8-4394-b0c6-1f1dd48086c5","TradeIQ220320Strategy","BTC-USDT","Bybit Perpetual","long","20354.12","21346.8","0.43111255705351514","9.887784638976239","8774.916719774094","418.06902849690726","4.7643646298636355","36000.0","1608127200000.0","1608163200000.0"
"748d830b-b62b-4d48-8e38-67ede461b681","TradeIQ220320Strategy","BTC-USDT","Bybit Perpetual","long","21346.8","22495.01","0.4296701283961135","10.360633872499907","9172.082296846156","482.99090425320117","5.265880621451454","28800.0","1608163200000.0","1608192000000.0"
"8206b1d3-a305-4d11-92ef-ab01d5ada736","TradeIQ220320Strategy","BTC-USDT","Bybit Perpetual","long","22495.01","22910.74","0.42813600242394634","10.691909960633605","9630.923655886696","167.29707032707498","1.737082301808282","43200.0","1608192000000.0","1608235200000.0"
"7d46816b-1ad0-4ee2-8c75-a0553b58bc73","TradeIQ220320Strategy","BTC-USDT","Bybit Perpetual","long","23122.04","23396.87","0.42339931393153096","10.83284101836345","9789.855872697417","105.5299924294384","1.0779524622394825","151200.0","1608350400000.0","1608501600000.0"
"8ba0941c-5bc2-4b39-aede-204e4271d34f","TradeIQ220320Strategy","BTC-USDT","Bybit Perpetual","long","23130.41","23080.0","0.4275803742996939","10.867265422388275","9890.109365505383","-32.42159209083579","-0.32781833741814287","86400.0","1608638400000.0","1608724800000.0"
"31ddb252-17ad-445a-93fc-0d0a521936e6","TradeIQ220320Strategy","BTC-USDT","Bybit Perpetual","long","23624.0","23327.48","0.4173429077640996","10.777176952865382","9859.308853019089","-134.52769596307638","-1.3644738994243162","28800.0","1608732000000.0","1608760800000.0"
"93ed24ca-95f4-4990-b79f-3005cd4c987b","TradeIQ220320Strategy","BTC-USDT","Bybit Perpetual","long","23957.81","25638.48","0.40619353529617963","11.08013080497101","9731.507541854166","671.5971581612586","6.901265351465757","108000.0","1608890400000.0","1608998400000.0"
"06db3472-8791-4091-8d0a-654c5b23da08","TradeIQ220320Strategy","BTC-USDT","Bybit Perpetual","long","25638.48","27655.27","0.4044516227992987","11.855109019908069","10369.524842107363","803.83887932549","7.751935518408272","57600.0","1608998400000.0","1609056000000.0"
"4ef42e25-f2b7-4354-9887-6a9d763c2b5c","TradeIQ220320Strategy","BTC-USDT","Bybit Perpetual","long","27655.270000000004","27543.44","0.4025696287711737","12.22172830634122","11133.171777466578","-57.24108989182374","-0.514148986793495","21600.0","1609056000000.0","1609077600000.0"
"4b0b15b9-e014-4adc-a7d4-ba7d859c9f6f","TradeIQ220320Strategy","BTC-USDT","Bybit Perpetual","long","27276.0","26473.39","0.40617365970337826","12.00737254371829","11078.792742069345","-338.00641355824695","-3.0509318246810406","50400.0","1609164000000.0","1609214400000.0"
"97d451bf-cff7-4ba0-9f8a-be3ec27d99d6","TradeIQ220320Strategy","BTC-USDT","Bybit Perpetual","long","27402.83","29190.0","0.3925757540074879","12.219335099767171","10757.68664918901","689.3802751897944","6.408257627040705","115200.0","1609286400000.0","1609401600000.0"
"5f6f8a1e-0eee-4c94-a656-e049389635bb","TradeIQ220320Strategy","BTC-USDT","Bybit Perpetual","long","29190.0","28544.32","0.3909762901890824","12.41501263760414","11412.597910619315","-264.860583686891","-2.3207738129496414","21600.0","1609401600000.0","1609423200000.0"
"8d69b243-88ed-4b51-8385-aef8e7324060","TradeIQ220320Strategy","BTC-USDT","Bybit Perpetual","long","29448.4","31616.51","0.3790012481532704","12.729022409601919","11160.980356116768","808.987373723984","7.2483540684723","129600.0","1609466400000.0","1609596000000.0"
"dc180ba8-84b7-43e9-95d1-37073719485a","TradeIQ220320Strategy","BTC-USDT","Bybit Perpetual","long","31616.510000000002","34472.24","0.37731926645776376","13.715107269110794","11929.518361154553","1063.8068415323173","8.917433288810168","64800.0","1609596000000.0","1609660800000.0"
"ba9d2c7b-5d63-4fe4-b166-21d699b66386","TradeIQ220320Strategy","BTC-USDT","Bybit Perpetual","long","34472.24","33540.46","0.37537841638983294","14.041774791218234","12940.134860610253","-363.81187561493635","-2.811499876422301","28800.0","1609660800000.0","1609689600000.0"
"30b9ec3f-5f9d-43d6-96bf-33dfca59a79d","TradeIQ220320Strategy","BTC-USDT","Bybit Perpetual","long","32031.07","31217.58","0.39319677983832774","13.678041030016796","12594.513578776065","-333.5396894606972","-2.6482935396788116","14400.0","1609804800000.0","1609819200000.0"
"6a9b6c24-b1a6-4885-a9c1-a32beda3ce7f","TradeIQ220320Strategy","BTC-USDT","Bybit Perpetual","long","31824.53","31488.969999999998","0.3857920564353473","13.43421495081565","12277.650873788403","-142.8905974082613","-1.1638268499173476","7200.0","1609848000000.0","1609855200000.0"
"a44a249f-0dc0-47f7-a59d-b2e27a729432","TradeIQ220320Strategy","BTC-USDT","Bybit Perpetual","long","32133.79","35924.05","0.37785473815104154","14.143787521779014","12141.904806250557","1418.0239123025885","11.678759922187835","108000.0","1609862400000.0","1609970400000.0"
"35eff3d8-2a61-415e-bf27-141f485af9f1","TradeIQ220320Strategy","BTC-USDT","Bybit Perpetual","long","35924.05","39822.21","0.375487383046678","15.642970718635297","13489.027522938013","1448.0669263786017","10.735146947518436","72000.0","1609970400000.0","1610042400000.0"
"fbcc51ba-9627-47e9-9b11-6fba5b3746a5","TradeIQ220320Strategy","BTC-USDT","Bybit Perpetual","long","39822.21","39128.05","0.3732763978442604","16.20864776391729","14864.691102997685","-275.3221920914877","-1.8521891251138405","7200.0","1610042400000.0","1610049600000.0"
"a6c87cf4-34db-4d06-9098-bd01065bcc67","TradeIQ220320Strategy","BTC-USDT","Bybit Perpetual","long","41399.98","39683.38","0.3527329003663956","15.730422809338924","14603.135020510772","-621.2317195782957","-4.254098306327698","72000.0","1610107200000.0","1610179200000.0"
"26a1a49a-63a8-41d6-87ec-4c562e98409c","TradeIQ220320Strategy","BTC-USDT","Bybit Perpetual","short","32846.12","33994.94","0.42662466333653387","15.683824595756386","14012.964886911393","-505.7987703300331","-3.609505728530492","28800.0","1610373600000.0","1610402400000.0"
"54b829fd-5756-4cd5-97ba-d0ab0b6f3af4","TradeIQ220320Strategy","BTC-USDT","Bybit Perpetual","long","36452.84","35970.72","0.3712318726084954","14.787263589875547","13532.456055097864","-193.76557401188163","-1.4318581432886859","7200.0","1610438400000.0","1610445600000.0"
"f048bea6-3a08-450e-821e-15127cb53e91","TradeIQ220320Strategy","BTC-USDT","Bybit Perpetual","short","33141.42","33842.49","0.40277027235968094","14.838520220928995","13348.378759786576","-297.20867506413043","-2.226552605470737","7200.0","1610503200000.0","1610510400000.0"
"d2b3d5d6-9a99-42c9-b204-6e4e52526515","TradeIQ220320Strategy","BTC-USDT","Bybit Perpetual","long","36035.43","39925.5","0.36258844471886836","15.148405507454356","13066.03051847565","1395.3460256400738","10.679188477839725","86400.0","1610568000000.0","1610654400000.0"
"76df2e4f-5c10-4a31-acc0-5717e83208db","TradeIQ220320Strategy","BTC-USDT","Bybit Perpetual","long","39925.5","37855.49","0.36046159078367757","15.420382663471123","14391.609242833718","-761.5794802015923","-5.291829894428378","36000.0","1610654400000.0","1610690400000.0"
"2998c599-9228-4b01-826e-80b9aff4a375","TradeIQ220320Strategy","BTC-USDT","Bybit Perpetual","long","37498.99","36900.0","0.3644927166476272","14.914839489516808","13668.108736642205","-233.24233183427827","-1.7064711462895348","28800.0","1610791200000.0","1610820000000.0"
"07585a71-1dae-41de-a40d-b5344a99d416","TradeIQ220320Strategy","BTC-USDT","Bybit Perpetual","short","34195.0","35270.41","0.3932308384676018","15.023767780337653","13446.528521399645","-437.9081437767827","-3.25666318321393","7200.0","1610877600000.0","1610884800000.0"
"5f8f61e0-ebc8-41ab-b32b-9a9b6fcd6de0","TradeIQ220320Strategy","BTC-USDT","Bybit Perpetual","long","36610.32","35869.83","0.3559246623578188","14.188610104016732","13030.5157848117","-277.74726333335724","-2.1315139624564825","7200.0","1610920800000.0","1610928000000.0"
"7f0cda1f-a859-4d37-8b01-b4f78bf34872","TradeIQ220320Strategy","BTC-USDT","Bybit Perpetual","long","36139.12","35717.07","0.3532641604069222","13.961319146714654","12766.655884645012","-163.0564580464572","-1.277205710875093","36000.0","1610956800000.0","1610992800000.0"
"800d3769-ccad-4f9c-b6f6-904f0c985e5c","TradeIQ220320Strategy","BTC-USDT","Bybit Perpetual","long","36237.54","36346.35","0.34803003320592063","13.893755505803192","12611.752249500878","23.975392407332222","0.1901035790508894","79200.0","1611007200000.0","1611086400000.0"
"d9cf6b08-a95a-46a3-8941-c816175e3869","TradeIQ220320Strategy","BTC-USDT","Bybit Perpetual","short","35097.16","35498.0","0.3599872147002163","13.977345260843867","12634.528872287843","-158.2746204012773","-1.2527148578403395","7200.0","1611115200000.0","1611122400000.0"
"12ec4299-884f-443b-8601-6f7ef168e8b5","TradeIQ220320Strategy","BTC-USDT","Bybit Perpetual","short","34826.85","35227.77","0.3584638858497576","13.81162821881048","12484.167982906629","-157.52696933369467","-1.2618139194328466","36000.0","1611136800000.0","1611172800000.0"
"1d3bff65-3ddd-418d-b1bb-491e221c2985","TradeIQ220320Strategy","BTC-USDT","Bybit Perpetual","short","32915.76","32157.64","0.3747298364685979","13.411719497250614","12334.517362039618","270.67846412632383","2.19447957452601","100800.0","1611223200000.0","1611324000000.0"
"070e7e1d-6293-4b59-9281-3eeda68a118e","TradeIQ220320Strategy","BTC-USDT","Bybit Perpetual","short","31876.48","32494.03","0.3950141892379468","13.98499565016573","12591.661902959626","-257.9260082140595","-2.048387339191778","50400.0","1611410400000.0","1611460800000.0"
"2e83efb6-f24d-45b6-95c6-13df75301b39","TradeIQ220320Strategy","BTC-USDT","Bybit Perpetual","short","32262.17","32891.37","0.382696892216372","13.713731501192296","12346.63219515627","-254.5066160837352","-2.061344438393339","43200.0","1611496800000.0","1611540000000.0"
"a6412318-2352-4270-96ac-7cfc00504499","TradeIQ220320Strategy","BTC-USDT","Bybit Perpetual","long","34564.99","33834.72","0.35020553773852453","13.174676471940025","12104.850909876723","-268.9192745162512","-2.2215827069528933","14400.0","1611583200000.0","1611597600000.0"
"04606946-5253-4e93-a94e-807a0bcbeea8","TradeIQ220320Strategy","BTC-USDT","Bybit Perpetual","short","32732.55","32219.68","0.36200594206947767","12.932201265864865","11849.377599086281","172.72978624330776","1.4577118907631665","79200.0","1611612000000.0","1611691200000.0"
"b46ff5e6-f477-4d03-a224-01bc9e41ff16","TradeIQ220320Strategy","BTC-USDT","Bybit Perpetual","short","31197.900000000005","31424.009999999995","0.3850730624823281","13.262705864206001","12013.470896017425","-100.33157602208122","-0.8351589385823712","64800.0","1611741600000.0","1611806400000.0"
"1da30984-2df4-4324-8bf4-68e06bad8e9c","TradeIQ220320Strategy","BTC-USDT","Bybit Perpetual","long","33399.75","33030.0","0.3568336858448474","13.037404898238465","11918.155898796444","-144.9766602393708","-1.2164353400848809","21600.0","1611878400000.0","1611900000000.0"
"44008fa8-6e8c-474f-af5a-82885182120b","TradeIQ220320Strategy","BTC-USDT","Bybit Perpetual","long","37044.39","33299.99","0.31800842372000293","12.303557970748495","11780.428071569038","-1203.0542997479279","-10.212313953610794","64800.0","1611914400000.0","1611979200000.0"
"9dcc715e-1744-4c96-a004-aaee755f9b6f","TradeIQ220320Strategy","BTC-USDT","Bybit Perpetual","short","33299.99","33534.15","0.31944533577362966","11.742419861392975","10637.526486808509","-86.5437396861472","-0.8135701452162704","7200.0","1611979200000.0","1611986400000.0"
"147858ae-e340-4fec-a12b-094154194287","TradeIQ220320Strategy","BTC-USDT","Bybit Perpetual","short","33332.84","33603.93","0.316663984650173","11.658055369296687","10555.30993410667","-97.50249496811328","-0.9237293416942686","7200.0","1612087200000.0","1612094400000.0"
"2d5a1b5a-f233-4bfb-b3a4-a0ba3a06f650","TradeIQ220320Strategy","BTC-USDT","Bybit Perpetual","short","32875.93","33600.37","0.3182475009493864","11.635753991048933","10462.682563886961","-242.18697357882317","-2.314769392074999","43200.0","1612108800000.0","1612152000000.0"
"3fc6763e-7c22-465b-8d2e-9d1797e374b3","TradeIQ220320Strategy","BTC-USDT","Bybit Perpetual","long","34392.51","33178.13","0.2975242266117558","11.057146324213754","10232.604938987079","-372.3646166369992","-3.639001201133633","21600.0","1612173600000.0","1612195200000.0"
"c787156c-d780-41c5-9780-fda5a6b02e13","TradeIQ220320Strategy","BTC-USDT","Bybit Perpetual","long","33867.65","33546.09","0.29169010997757233","10.815156679029707","9878.858553181928","-104.61102844341931","-1.058938417634542","14400.0","1612209600000.0","1612224000000.0"
"9aa7c315-0713-48a0-b0cb-63da7777db41","TradeIQ220320Strategy","BTC-USDT","Bybit Perpetual","long","33774.78","33592.79","0.28954971952920733","10.728443549375335","9779.47807616068","-63.423597006495186","-0.6485376470253781","7200.0","1612231200000.0","1612238400000.0"
"be5194bb-e9dc-4f92-8de2-81b265434d65","TradeIQ220320Strategy","BTC-USDT","Bybit Perpetual","long","34020.31","36446.25","0.28568892108874117","11.072333524579275","9719.22565900451","681.9918477014422","7.016936036150179","79200.0","1612245600000.0","1612324800000.0"
"deeb0209-82e8-4d53-813a-e69bdd008d1b","TradeIQ220320Strategy","BTC-USDT","Bybit Perpetual","long","36446.25","37550.0","0.2844495089157562","11.57650833575914","10367.11791432088","302.3846371300068","2.91676664265871","108000.0","1612324800000.0","1612432800000.0"
"b548452a-1316-4a90-8324-6918bb111cee","TradeIQ220320Strategy","BTC-USDT","Bybit Perpetual","long","38333.6","40886.91","0.2779385009389775","12.110136386161702","10654.383319594386","697.5530174463403","6.547098940616079","93600.0","1612533600000.0","1612627200000.0"
"ac349c98-88e5-4208-9f0d-cd4c93bc1f2d","TradeIQ220320Strategy","BTC-USDT","Bybit Perpetual","long","40886.91","39249.54","0.2767892874802329","12.199500993182422","11317.05868616841","-465.4059766346921","-4.11242876387578","28800.0","1612627200000.0","1612656000000.0"
"8993d3a8-3109-49ee-ad9d-e4250a56ddb5","TradeIQ220320Strategy","BTC-USDT","Bybit Perpetual","long","38849.25","38581.73","0.27992620213686115","11.92122808752439","10874.923008365453","-86.80708568317658","-0.7982317264811979","7200.0","1612742400000.0","1612749600000.0"
"4fd21bc7-e463-4a46-881c-d65da517c413","TradeIQ220320Strategy","BTC-USDT","Bybit Perpetual","long","39307.82","43078.22","0.2745625750033056","12.441067807698936","10792.456276966435","1022.769664984765","9.47670890423331","21600.0","1612771200000.0","1612792800000.0"
"fbb018e1-cd5c-46d7-b88b-1a08f31c7aa5","TradeIQ220320Strategy","BTC-USDT","Bybit Perpetual","long","43078.22","47612.4","0.2730866655748999","13.62151945809618","11764.087458701964","1224.6025778583037","10.409669106569401","64800.0","1612792800000.0","1612857600000.0"
"9b44e02d-bffc-41fa-8e06-902238f3ebb4","TradeIQ220320Strategy","BTC-USDT","Bybit Perpetual","long","47612.4","46367.79","0.2715145614937989","14.034344542324646","12927.45990766735","-351.96408292312185","-2.7226081955541006","21600.0","1612857600000.0","1612879200000.0"
"95ee03ad-5434-4331-a033-97ed62eae0ed","TradeIQ220320Strategy","BTC-USDT","Bybit Perpetual","long","46146.33","47083.34","0.27289481154601863","13.993041273831128","12593.094028890386","241.71212609290237","1.919402217901174","100800.0","1613044800000.0","1613145600000.0"
"a8853926-d3e6-4321-877c-83bb68b10cee","TradeIQ220320Strategy","BTC-USDT","Bybit Perpetual","long","49026.56","47165.18","0.2615464056356115","13.837232116859402","12822.720548678644","-500.67448063887326","-3.9045885679109396","79200.0","1613282400000.0","1613361600000.0"
"4dfdef19-08a4-485f-988a-08f5c8910da4","TradeIQ220320Strategy","BTC-USDT","Bybit Perpetual","long","49716.6","48312.04","0.2483492393299565","13.389935997102581","12347.079792071716","-362.2113435903857","-2.9335790299417046","50400.0","1613448000000.0","1613498400000.0"
"5def708b-83aa-4788-9ed1-962848ffc690","TradeIQ220320Strategy","BTC-USDT","Bybit Perpetual","long","49197.94","52250.27","0.2439732032613733","13.612854617357868","12002.979015660849","731.0738728934284","6.090770232452812","72000.0","1613520000000.0","1613592000000.0"
"db1a0d60-3743-43da-b4d1-efc60717fe82","TradeIQ220320Strategy","BTC-USDT","Bybit Perpetual","long","52250.27","51992.96","0.2430130828971718","13.93285778140242","12697.499194909607","-76.46255414167314","-0.6021859341588048","43200.0","1613592000000.0","1613635200000.0"
"17781c65-ac1f-4dd7-a7d2-c35dd42e820d","TradeIQ220320Strategy","BTC-USDT","Bybit Perpetual","long","52782.1","55790.96","0.23918828103609022","14.283171973525558","12624.859768475017","705.400879304725","5.587395759168356","43200.0","1613728800000.0","1613772000000.0"
"6d7e9a87-96b6-4abe-b582-f9852fff86a7","TradeIQ220320Strategy","BTC-USDT","Bybit Perpetual","long","55790.96","55917.41","0.23830008667738475","14.641062839474152","13294.990603814505","15.491983120882189","0.11652496479717209","93600.0","1613772000000.0","1613865600000.0"
"1e2ccb24-13f7-44f7-bc75-8bd9e4aa2515","TradeIQ220320Strategy","BTC-USDT","Bybit Perpetual","long","57415.43","55954.31","0.23181413058788106","14.454389242190768","13309.707987779344","-353.1626517267561","-2.6534214879171025","57600.0","1613908800000.0","1613966400000.0"
"5cf38ca3-3273-442c-b14c-123c2b6be7a2","TradeIQ220320Strategy","BTC-USDT","Bybit Perpetual","short","48101.0","50218.08","0.2697283521889135","14.585693890421481","12974.203468638929","-585.622193742527","-4.513742945053121","57600.0","1614074400000.0","1614132000000.0"
"9aeec9ee-7f39-467f-9765-c1ee6cd6b716","TradeIQ220320Strategy","BTC-USDT","Bybit Perpetual","short","49021.21","49702.03","0.25331611326165804","13.754503094968818","12417.862384583523","-186.21717932577076","-1.4995912626391712","14400.0","1614196800000.0","1614211200000.0"
"840b4ad6-b34f-4c19-a244-9c07580eb7d5","TradeIQ220320Strategy","BTC-USDT","Bybit Perpetual","short","49008.9","50333.93","0.2497700634828377","13.647075725615615","12240.956064224045","-344.59990294227975","-2.815138794178198","7200.0","1614247200000.0","1614254400000.0"
"03cebd4f-083f-46ee-aee0-3ab9f37747d4","TradeIQ220320Strategy","BTC-USDT","Bybit Perpetual","long","51420.1","49595.01","0.23169122884686882","12.872373232400896","11913.586156428879","-435.7297180885319","-3.6574186174278087","14400.0","1614261600000.0","1614276000000.0"
"6ea77ea9-d230-42f9-97e0-a8c785fb5a33","TradeIQ220320Strategy","BTC-USDT","Bybit Perpetual","short","45561.21","45163.36","0.2523998577791233","12.594377710789665","11499.642924244772","87.82290570663417","0.763701153898236","237600.0","1614319200000.0","1614556800000.0"
"65229af0-df18-4e0c-b8a0-5c83f2a2f0d0","TradeIQ220320Strategy","BTC-USDT","Bybit Perpetual","long","49184.51","48345.01","0.23550249224127828","12.63264476490258","11583.074684666075","-210.3369870014557","-1.8158994284989318","57600.0","1614614400000.0","1614672000000.0"
"3bef2d80-33f1-4c11-bc33-04c981e534a6","TradeIQ220320Strategy","BTC-USDT","Bybit Perpetual","short","47877.86","48450.57","0.23775612667347062","12.5964709229351","11383.254547014692","-148.76178223009828","-1.3068475418491954","21600.0","1614708000000.0","1614729600000.0"
"b072ed57-9db1-4ffc-901d-12c0c463a90a","TradeIQ220320Strategy","BTC-USDT","Bybit Perpetual","long","48728.06","51721.399999999994","0.2307075400476871","12.7459462986452","11241.9308538961","677.8401616276976","6.029570635481889","28800.0","1614744000000.0","1614772800000.0"
"456ea142-97c5-46e3-a1b1-65775462304f","TradeIQ220320Strategy","BTC-USDT","Bybit Perpetual","long","51721.4","51472.6","0.22980582519890053","13.043020279066438","11885.879007442414","-70.21870958855355","-0.5907742249823146","50400.0","1614772800000.0","1614823200000.0"
"6caa2cff-3408-442e-8837-43250765ba20","TradeIQ220320Strategy","BTC-USDT","Bybit Perpetual","short","48541.69","48069.92","0.24348495557804614","12.937910463045437","11819.171233333287","101.93098703001039","0.8624207655316576","72000.0","1614880800000.0","1614952800000.0"
"64588c62-a5ee-4bc2-a32a-5a01cf94784a","TradeIQ220320Strategy","BTC-USDT","Bybit Perpetual","long","49298.42","48510.4","0.24171171552783632","13.002845721774342","11916.005671011797","-203.47651179201915","-1.7075899207317329","36000.0","1614974400000.0","1615010400000.0"
"95bbb93a-0e79-432f-9c59-505a8f9585e8","TradeIQ220320Strategy","BTC-USDT","Bybit Perpetual","long","48833.21","48363.45","0.24005595750943626","12.832950505660516","11722.702984809377","-125.60163710529379","-1.0714392172867646","7200.0","1615017600000.0","1615024800000.0"
"bb6ce385-8be8-4b89-b2f9-8621ef138d0a","TradeIQ220320Strategy","BTC-USDT","Bybit Perpetual","short","48185.05","48356.88","0.2408087452344523","12.786477564196781","11603.381429559347","-54.16464425783139","-0.4668005148899803","28800.0","1615032000000.0","1615060800000.0"
"b55469c2-40f5-401c-aaf6-668725530e03","TradeIQ220320Strategy","BTC-USDT","Bybit Perpetual","long","48908.21","51586.0","0.23619602961372763","13.054983370642491","11551.92501751441","619.4283827687015","5.362122605795634","93600.0","1615075200000.0","1615168800000.0"
"9a138256-c8c7-4fa1-b03b-b00f475ae939","TradeIQ220320Strategy","BTC-USDT","Bybit Perpetual","long","51586.0","50766.3","0.23534257320095908","13.24831951027009","12140.381981144676","-206.15862676309555","-1.698123066335822","14400.0","1615168800000.0","1615183200000.0"
"8441aaf6-433f-4ed7-b37e-20aaca588390","TradeIQ220320Strategy","BTC-USDT","Bybit Perpetual","long","51370.07","54299.99","0.23251927213102372","13.513678990482882","11944.531285719737","667.7491868116458","5.590417663437092","57600.0","1615233600000.0","1615291200000.0"
"651db1ea-2bc3-4c92-b07e-65ca0d7ec7fc","TradeIQ220320Strategy","BTC-USDT","Bybit Perpetual","long","54299.99","53557.15","0.23165553093455082","13.7421366674802","12578.8930131908","-185.8251312669011","-1.4772773015243583","57600.0","1615291200000.0","1615348800000.0"
"76b6246b-7179-4399-b566-6e7b76219fa6","TradeIQ220320Strategy","BTC-USDT","Bybit Perpetual","long","56336.37","55105.5","0.22014835422458431","13.493559349715543","12402.359138487245","-284.4675641141302","-2.2936568836437323","64800.0","1615384800000.0","1615449600000.0"
"3025fb91-73c6-45a6-964a-ed635da04ec7","TradeIQ220320Strategy","BTC-USDT","Bybit Perpetual","long","56429.56","56561.57","0.21499573898110885","13.360936320963296","12132.11495257882","15.020651181933323","0.12380900808016586","72000.0","1615478400000.0","1615550400000.0"
"56237ace-5828-4193-be81-dc8a6821e59c","TradeIQ220320Strategy","BTC-USDT","Bybit Perpetual","long","57389.96","60804.75","0.21164650700578388","13.758523634933878","12146.384571201657","708.969852023347","5.83687967285567","43200.0","1615622400000.0","1615665600000.0"
"647de8c0-aad5-488b-8ec3-97cfc369419e","TradeIQ220320Strategy","BTC-USDT","Bybit Perpetual","long","60804.75","60417.74999999999","0.21083724430449652","14.057019816236007","12819.905930623834","-95.6510333620777","-0.7461133793001489","57600.0","1615665600000.0","1615723200000.0"
"bc902dc9-dfae-40a3-be1a-f2f03ba959e1","TradeIQ220320Strategy","BTC-USDT","Bybit Perpetual","long","56954.19","56330.95","0.22349606673240127","13.925330765076183","12729.037448929861","-153.2170193953791","-1.2036811110824421","7200.0","1615939200000.0","1615946400000.0"
"4fdb1caf-7dc8-464a-99ab-ead993756d86","TradeIQ220320Strategy","BTC-USDT","Bybit Perpetual","long","57897.1","57359.68","0.21734216878745657","13.777587192962311","12583.481280504251","-130.58161554271683","-1.037722492145545","86400.0","1616011200000.0","1616097600000.0"
"71105d17-852b-41fe-93f7-f727418e5671","TradeIQ220320Strategy","BTC-USDT","Bybit Perpetual","long","58346.42","58089.11","0.2135423003800177","13.675151007191609","12459.428745738673","-68.62172031797347","-0.5507613689066059","36000.0","1616162400000.0","1616198400000.0"
"aa8085e8-3b03-47dc-848a-e18e9073b061","TradeIQ220320Strategy","BTC-USDT","Bybit Perpetual","long","58436.97","58177.17999999999","0.21209583781357244","13.603356714842185","12394.238111436598","-68.7037344204319","-0.5543199493403032","7200.0","1616212800000.0","1616220000000.0"
"728c5fdf-978a-43d3-b6f0-75da721e7f47","TradeIQ220320Strategy","BTC-USDT","Bybit Perpetual","long","58853.47","58145.61","0.20948585637749464","13.480308858048453","12328.96956373719","-161.76696715342194","-1.312088299976196","50400.0","1616234400000.0","1616284800000.0"
"b977899d-bce7-43a2-808b-c064dc700c2c","TradeIQ220320Strategy","BTC-USDT","Bybit Perpetual","long","58154.99","57415.18","0.20935935067552136","13.30763266176279","12175.290944941438","-168.19377388501977","-1.3814353566220159","7200.0","1616364000000.0","1616371200000.0"
"b2032ca8-bcdc-4eee-bdc8-44761366b2f0","TradeIQ220320Strategy","BTC-USDT","Bybit Perpetual","long","57779.3","57011.17","0.2079552168293951","13.129202393338996","12015.506859750669","-172.86584309650323","-1.4386895626980678","7200.0","1616414400000.0","1616421600000.0"
"ceba5f13-d370-4469-a0f8-a7a8011a4869","TradeIQ220320Strategy","BTC-USDT","Bybit Perpetual","short","55563.91","55745.48","0.21329104285153783","13.057712729747696","11851.284308808992","-51.78496738030135","-0.4369565865685113","79200.0","1616443200000.0","1616522400000.0"
"1aa7079c-7dbb-431d-8e07-45070ea919d8","TradeIQ220320Strategy","BTC-USDT","Bybit Perpetual","long","56447.44","54789.04","0.20908102457432445","12.791590464642745","11802.088589797706","-359.5315616187027","-3.0463384415661743","36000.0","1616580000000.0","1616616000000.0"
"a9040fa4-283b-44cb-8d48-bbd3d6d29a0d","TradeIQ220320Strategy","BTC-USDT","Bybit Perpetual","short","53793.99","53574.28999999999","0.21304486999867348","12.580843690019645","11460.53360625994","34.22511424868985","0.2986345612214383","122400.0","1616623200000.0","1616745600000.0"
"0c15a1f2-0601-4893-8067-a572b85c55fc","TradeIQ220320Strategy","BTC-USDT","Bybit Perpetual","long","55189.53","54966.59999999999","0.20824688060935098","12.616818748873982","11493.047464796195","-59.04129584311817","-0.5137131472219596","7200.0","1616824800000.0","1616832000000.0"
"8cc816cc-1a97-4578-b860-162e593f537d","TradeIQ220320Strategy","BTC-USDT","Bybit Perpetual","long","55048.47","54480.01","0.20776160052668557","12.51569676943029","11436.958233745236","-130.61985620482977","-1.1420856274479545","7200.0","1616839200000.0","1616846400000.0"
"7dd59aa0-0560-4dc9-89aa-b1f44a9eae4e","TradeIQ220320Strategy","BTC-USDT","Bybit Perpetual","long","56116.02","55808.33","0.20159785691056933","12.410040002859667","11312.869370350647","-74.43968459567175","-0.6580088760749516","64800.0","1616868000000.0","1616932800000.0"
"3c36431f-0bdb-4133-8a3c-f8e14bf20e5f","TradeIQ220320Strategy","BTC-USDT","Bybit Perpetual","short","55076.33","55949.99","0.20411947691476098","12.464448899193977","11242.151669984758","-190.79547110054327","-1.6971437203604456","7200.0","1616997600000.0","1617004800000.0"
"e0c512ad-6a3f-4177-9d1c-3419754dfa4a","TradeIQ220320Strategy","BTC-USDT","Bybit Perpetual","long","55949.99","58948.270000000004","0.19769254601188027","12.49299125345424","11060.89597243924","580.2446156030474","5.245909707937403","93600.0","1617004800000.0","1617098400000.0"
"4fd7cfde-a3e4-4b23-a81a-60bd85262f29","TradeIQ220320Strategy","BTC-USDT","Bybit Perpetual","long","58948.27","58695.91","0.19698845033555923","12.745999590058677","11612.128357262136","-62.458004916739085","-0.5378687092937474","64800.0","1617098400000.0","1617163200000.0"
"e95d6f0b-b3ec-4863-bcfe-ea8f4ee1be1a","TradeIQ220320Strategy","BTC-USDT","Bybit Perpetual","long","59334.87","58573.61","0.1947049559995873","12.626550975708021","11552.793252591233","-160.84764577995423","-1.3922835998460972","86400.0","1617213600000.0","1617300000000.0"
"ef52821d-1e02-4c83-b058-bfe54a29cd65","TradeIQ220320Strategy","BTC-USDT","Bybit Perpetual","long","58818.64","58944.81","0.19381590579279417","12.553436352068935","11399.987989100275","11.900316481807568","0.10438885105129643","79200.0","1617314400000.0","1617393600000.0"
"98345d4b-cd8f-41aa-929e-62a634916d53","TradeIQ220320Strategy","BTC-USDT","Bybit Perpetual","short","56949.2","57290.52999999999","0.20037670923837372","12.590039638924175","11411.293289757992","-80.98462180325717","-0.7096883740245595","7200.0","1617602400000.0","1617609600000.0"
"a78d24c9-269e-4157-932e-b91f9542a3d2","TradeIQ220320Strategy","BTC-USDT","Bybit Perpetual","long","59098.01","57876.95","0.1917891634429805","12.33899134719686","11334.357899044897","-246.5250672608836","-2.175024553280229","86400.0","1617638400000.0","1617724800000.0"
"0add17b4-0ccc-4595-a7cf-226667719060","TradeIQ220320Strategy","BTC-USDT","Bybit Perpetual","short","56376.69999999999","56908.780000000006","0.19689267170918232","12.267794452681425","11100.159085147057","-117.03044721570636","-1.0543132428822835","64800.0","1617796800000.0","1617861600000.0"
"532678fb-2032-4ab5-995d-08e9ab94480f","TradeIQ220320Strategy","BTC-USDT","Bybit Perpetual","long","57476.26000000001","58442.52","0.1911916356473462","12.189485632744685","10988.98016029214","172.55134422785767","1.5702216375943516","100800.0","1617890400000.0","1617991200000.0"
"53d0f8ec-e10f-46ec-a41e-d953548fc8e2","TradeIQ220320Strategy","BTC-USDT","Bybit Perpetual","long","59286.01","59262.66","0.188120332896557","12.265778395664245","11152.903937308607","-16.658388168798577","-0.14936368377632186","64800.0","1618027200000.0","1618092000000.0"
"8aab080a-41f0-40b9-840d-1dc76c76228e","TradeIQ220320Strategy","BTC-USDT","Bybit Perpetual","long","60832.23","59819.66","0.1830785829904353","12.148827380974831","11137.078468548249","-197.52870815959986","-1.773613328822566","36000.0","1618214400000.0","1618250400000.0"
"2f2e0a75-4e7a-4d4e-8212-e479f6d4fbcd","TradeIQ220320Strategy","BTC-USDT","Bybit Perpetual","long","60079.32","59911.17999999999","0.18224950275396976","12.027514928110115","10949.42619579663","-42.67094632116381","-0.38970942913469514","7200.0","1618264800000.0","1618272000000.0"
"294d89ff-739d-4f7a-afc2-f865e19c52b3","TradeIQ220320Strategy","BTC-USDT","Bybit Perpetual","long","60706.19","63420.34","0.1796997768562238","12.268030358615555","10908.888796791525","475.46411899570325","4.358501840586593","50400.0","1618279200000.0","1618329600000.0"
"767600df-9589-4139-a4a5-7beee926537b","TradeIQ220320Strategy","BTC-USDT","Bybit Perpetual","long","63420.34","63132.48","0.17913148541678336","12.468277046655547","11360.579709837442","-64.0330664387296","-0.5636425963657611","86400.0","1618329600000.0","1618416000000.0"
"7a351ebc-25f6-41e7-9626-912fae96a669","TradeIQ220320Strategy","BTC-USDT","Bybit Perpetual","long","63469.69","61902.25000000001","0.17803377165889178","12.276241636115756","11299.748296720647","-291.3334966851282","-2.5782299661460373","36000.0","1618516800000.0","1618552800000.0"
"8ffbdbeb-e739-4c21-88e6-debedee6946f","TradeIQ220320Strategy","BTC-USDT","Bybit Perpetual","long","62456.46","61794.59","0.1764906540471518","12.061031994299949","11022.981474869775","-128.87490118848876","-1.1691473988439347","21600.0","1618632000000.0","1618653600000.0"
"1d58ae09-7d77-444a-928a-f6016f90232d","TradeIQ220320Strategy","BTC-USDT","Bybit Perpetual","short","59759.7","60779.31999999999","0.1824063761822886","12.092897204720426","10900.550318740712","-198.0780864877047","-1.8171384076559878","7200.0","1618682400000.0","1618689600000.0"
"e2da6454-a47a-4745-9a14-0f29b4ca51be","TradeIQ220320Strategy","BTC-USDT","Bybit Perpetual","short","59304.02","53349.32","0.18063490698568818","11.19201907588991","10712.376136577392","1064.434661551787","9.936494461926861","36000.0","1618711200000.0","1618747200000.0"
"be861729-0192-4663-a724-d933fe637f62","TradeIQ220320Strategy","BTC-USDT","Bybit Perpetual","short","53349.32","55166.98","0.21975142448022933","13.115636327378152","11723.589065051588","-412.54901054811256","-3.518965124578914","21600.0","1618747200000.0","1618768800000.0"
"6f9e5b8e-03e6-4abb-93fb-5c0560eea66f","TradeIQ220320Strategy","BTC-USDT","Bybit Perpetual","short","54577.19","56293.57","0.20762643707070444","12.660835480766647","11331.66750503088","-369.02669954018177","-3.256596607483817","72000.0","1618848000000.0","1618920000000.0"
"52f3fff9-2997-4947-9017-b789b97ea5f4","TradeIQ220320Strategy","BTC-USDT","Bybit Perpetual","short","54556.02","56147.88","0.20128103443887052","12.255427529629504","10981.092140467708","-332.66665501149004","-3.029449628107037","14400.0","1619006400000.0","1619020800000.0"
"755a1e4f-6d7a-4a9c-9188-a1dd82584bd3","TradeIQ220320Strategy","BTC-USDT","Bybit Perpetual","short","55460.91","54445.57","0.19229866257525874","11.624178011794934","10665.058818206793","183.62434604736902","1.721737771702635","64800.0","1619035200000.0","1619100000000.0"
"3aff4b81-7822-4d17-81be-44d2762c26aa","TradeIQ220320Strategy","BTC-USDT","Bybit Perpetual","short","52940.59","48000.81","0.20474841604432048","11.367175469812896","10839.501946951792","1000.0449551376003","9.225930859478519","43200.0","1619121600000.0","1619164800000.0"
"c0d1f315-6b05-4bd5-a7b1-34c79e26cf60","TradeIQ220320Strategy","BTC-USDT","Bybit Perpetual","short","48000.81","50885.06","0.24561136894007649","13.358121644741743","11789.544654332512","-721.7627125101574","-6.122057582986621","43200.0","1619164800000.0","1619208000000.0"
"61f0cb9c-cd41-4297-a59b-9c6f736b186b","TradeIQ220320Strategy","BTC-USDT","Bybit Perpetual","short","49697.06","51915.05","0.22343112605550236","12.486819486996566","11103.870077447864","-508.0548227668414","-4.575475210203592","64800.0","1619337600000.0","1619402400000.0"
"8c3a473c-b5b0-4117-9560-6a442578df6d","TradeIQ220320Strategy","BTC-USDT","Bybit Perpetual","long","55144.07","54733.29","0.19260852519263383","11.639823943913054","10621.217995819363","-90.75955392254296","-0.854511732630542","7200.0","1619524800000.0","1619532000000.0"
"5335bc07-838b-4623-a056-4a5c24483aaa","TradeIQ220320Strategy","BTC-USDT","Bybit Perpetual","long","55274.55","55006.25","0.1905939789576387","11.56037106104736","10534.996419592948","-62.69673561538238","-0.5951282099990013","7200.0","1619560800000.0","1619568000000.0"
"c8db89d1-2824-4c23-870d-ff1b46bd0fe5","TradeIQ220320Strategy","BTC-USDT","Bybit Perpetual","long","55481.63","54788.88","0.1888090620401444","11.451039360083598","10475.434520758336","-142.2485170883936","-1.357924741035907","7200.0","1619575200000.0","1619582400000.0"
"9c562d24-8a86-414b-8581-543b30c15054","TradeIQ220320Strategy","BTC-USDT","Bybit Perpetual","long","55447.48","54810.26000000001","0.18648815833513732","11.308969581136925","10340.29842952436","-130.142953835452","-1.2585995919020918","7200.0","1619640000000.0","1619647200000.0"
"14785e6e-4608-4212-bd3b-ceb48bfa1bd2","TradeIQ220320Strategy","BTC-USDT","Bybit Perpetual","short","54273.23","54469.05999999999","0.1882449712939635","11.25860409271942","10216.66262338068","-48.12261682121388","-0.47102090570247457","14400.0","1619668800000.0","1619683200000.0"
"4ebec530-3611-46c9-8a87-e9a4d36367e2","TradeIQ220320Strategy","BTC-USDT","Bybit Perpetual","short","53631.84","54273.61","0.18964380370691228","11.254979988288323","10170.946137400526","-132.96268389327417","-1.3072794024967334","57600.0","1619704800000.0","1619762400000.0"
"36f51b67-c07b-47d2-90ae-b4d9bd00d38c","TradeIQ220320Strategy","BTC-USDT","Bybit Perpetual","long","55958.79","57399.06","0.17950051435533032","11.19128580966791","10044.631587701915","247.33792000088314","2.462389166206054","93600.0","1619791200000.0","1619884800000.0"
"79efa4d0-053c-46e5-ac1d-6be2b14a846d","TradeIQ220320Strategy","BTC-USDT","Bybit Perpetual","long","58100.0","57144.05999999999","0.176929476965624","11.214539192557243","10279.602611702754","-180.34850340307756","-1.7544306936316862","72000.0","1620007200000.0","1620079200000.0"
"96b80a20-c021-47ff-9695-e87bc890305d","TradeIQ220320Strategy","BTC-USDT","Bybit Perpetual","short","55721.65","56014.63","0.1814065364803417","11.148330354698722","10108.271533469831","-64.29681741270849","-0.6360812251611284","14400.0","1620093600000.0","1620108000000.0"
"db10fb2e-d01b-4a3f-ac01-7452cc8cbe22","TradeIQ220320Strategy","BTC-USDT","Bybit Perpetual","short","55552.5","55420.840000000004","0.18085935928946056","11.038811943836308","10047.189556927759","12.773131300213386","0.12713138562620263","72000.0","1620136800000.0","1620208800000.0"
"17794887-5d6c-4a45-984d-0df129e4d0ad","TradeIQ220320Strategy","BTC-USDT","Bybit Perpetual","long","56271.73","56871.94","0.17876336895387718","11.12426899375315","10059.32403166296","96.17129268605332","0.9560413043992056","100800.0","1620223200000.0","1620324000000.0"
"68894006-ae36-4f9e-88e8-4b3781f38bec","TradeIQ220320Strategy","BTC-USDT","Bybit Perpetual","short","55770.02","56293.78","0.18200973856051536","11.218186617053835","10150.686759714712","-106.54760728550973","-1.0496590999967403","21600.0","1620360000000.0","1620381600000.0"
"b53185dd-95be-4b2c-93f5-27d121aec555","TradeIQ220320Strategy","BTC-USDT","Bybit Perpetual","long","57050.29","58491.19","0.17615101575808778","11.194011985306034","10049.466532793478","242.62198662052293","2.4142772736124596","144000.0","1620396000000.0","1620540000000.0"
"92e3c466-d7bb-4921-a1d9-a6912829ed36","TradeIQ220320Strategy","BTC-USDT","Bybit Perpetual","long","58292.53","57990.0","0.17635119662987653","11.278609821957234","10279.957420082976","-64.63013733839358","-0.6287004381178839","36000.0","1620604800000.0","1620640800000.0"
"585d39c8-6aeb-4da2-9ee3-19e8a5a2efb5","TradeIQ220320Strategy","BTC-USDT","Bybit Perpetual","short","55828.14","56415.810000000005","0.18303598847483551","11.299575286213509","10218.558789611503","-118.8643346332211","-1.1632201475814985","79200.0","1620676800000.0","1620756000000.0"
"45a6ec8a-ae94-4164-a703-9cfa073dd387","TradeIQ220320Strategy","BTC-USDT","Bybit Perpetual","long","56710.42999999999","56472.060000000005","0.17819716182208362","11.092839167275999","10105.637671709945","-53.56969663080394","-0.5300971435060324","43200.0","1620777600000.0","1620820800000.0"
"553aaf37-fad0-4f85-9045-8140ec8b1069","TradeIQ220320Strategy","BTC-USDT","Bybit Perpetual","short","55540.65","49595.76","0.18103400770265884","10.468296111773444","10054.746459910679","1065.7589659396858","10.599560816267003","28800.0","1620835200000.0","1620864000000.0"
"6781d340-eb0f-4349-9f8e-ff392dab559c","TradeIQ220320Strategy","BTC-USDT","Bybit Perpetual","short","49595.76","50069.78","0.22314846022227267","12.23211648352173","11067.217477553382","-118.00894959808271","-1.0662928585024138","93600.0","1620864000000.0","1620957600000.0"
"4b7762fa-68f1-4678-91a6-6a84c0724e21","TradeIQ220320Strategy","BTC-USDT","Bybit Perpetual","short","49696.2","48214.81","0.22044158256436516","11.87101189718146","10955.108975435203","314.6889440978433","2.872531389723962","86400.0","1621058400000.0","1621144800000.0"
"fcb56883-7ddd-47e2-b0e0-d1491be4724a","TradeIQ220320Strategy","BTC-USDT","Bybit Perpetual","short","47109.26","45117.46","0.23889280944612915","12.117765135740829","11254.063472328155","463.7089327190599","4.120368912608694","115200.0","1621188000000.0","1621303200000.0"
"e1097662-9a2a-4c61-bb4e-ef41bd9ada4e","TradeIQ220320Strategy","BTC-USDT","Bybit Perpetual","short","43000.01","35650.0","0.27196707531954667","11.764617256454205","11694.58695841126","1987.1961060129677","16.992443709896815","79200.0","1621353600000.0","1621432800000.0"
"9f9a6b3a-9ce5-4615-9fdd-0304adc5ca9c","TradeIQ220320Strategy","BTC-USDT","Bybit Perpetual","short","35650.0","39372.57","0.38099363980711304","15.72071710659116","13582.42325912358","-1433.9962108433558","-10.557734680224403","14400.0","1621432800000.0","1621447200000.0"
"d887fc0c-2d89-484c-a70f-e81e42eac193","TradeIQ220320Strategy","BTC-USDT","Bybit Perpetual","short","36818.07","38136.03","0.3319056881260314","13.682730676102054","12220.126858822392","-451.1211513986861","-3.6916241264140117","72000.0","1621612800000.0","1621684800000.0"
"e710a739-f2f3-4c25-867a-a76c2c76d6c8","TradeIQ220320Strategy","BTC-USDT","Bybit Perpetual","short","34193.3","36612.34","0.3448500660946337","13.429531298630064","11791.56176499364","-847.6356351841906","-7.188493365659336","79200.0","1621764000000.0","1621843200000.0"
"184fd0c8-0db0-4c30-8c93-4b46b8390209","TradeIQ220320Strategy","BTC-USDT","Bybit Perpetual","short","36567.87","37463.47","0.30043609079688416","12.232927512330253","10986.307911568658","-281.3034904300193","-2.5604915927561502","7200.0","1621944000000.0","1621951200000.0"
"21d36f10-d940-4f95-be74-78d42fa73594","TradeIQ220320Strategy","BTC-USDT","Bybit Perpetual","short","37293.26","37943.6","0.2874264571040488","11.89378526238833","10719.06959566014","-198.8187073754344","-1.8548131029574686","7200.0","1621972800000.0","1621980000000.0"
"de5a54c3-89c9-472d-8ec5-69b279704bab","TradeIQ220320Strategy","BTC-USDT","Bybit Perpetual","short","37627.69","39269.21","0.27985219989995336","11.8358716467677","10530.191823653477","-471.21885482653823","-4.474931347101022","28800.0","1622080800000.0","1622109600000.0"
"371ba644-90b8-4ce2-b7d0-ed4bd5526b19","TradeIQ220320Strategy","BTC-USDT","Bybit Perpetual","short","36977.76","36871.91","0.27266481018775246","11.074913439137987","10082.533911568265","17.786656719235214","0.17641058165772763","86400.0","1622181600000.0","1622268000000.0"
"90944667-21de-47ac-8bc6-babe776c89b0","TradeIQ220320Strategy","BTC-USDT","Bybit Perpetual","short","35388.92","35999.99","0.2853839912450434","11.205288636538254","10099.43123545154","-185.59488416664684","-1.8376765962340749","72000.0","1622289600000.0","1622361600000.0"
"2f480761-e8cf-47df-a645-34a86cd47c53","TradeIQ220320Strategy","BTC-USDT","Bybit Perpetual","short","34498.65","35853.59","0.28763780888507884","11.12978029006646","9923.116095493226","-400.8617530608137","-4.039676138051764","14400.0","1622433600000.0","1622448000000.0"
"b26283ca-4d48-4d86-95a3-9d93d19f99f6","TradeIQ220320Strategy","BTC-USDT","Bybit Perpetual","short","36233.34","36573.31","0.2633568263396489","10.54577055423188","9542.297430085453","-100.07919080492263","-1.0487955498996262","7200.0","1622541600000.0","1622548800000.0"
"5696a87b-06c5-4be9-b131-4aaf2da7a6e8","TradeIQ220320Strategy","BTC-USDT","Bybit Perpetual","short","36158.94","36416.19","0.26126933474324127","10.42891076370234","9447.222198820777","-77.64044712640117","-0.8218336087838859","14400.0","1622570400000.0","1622584800000.0"
"56bc699a-79d8-46b9-b383-e8e0687ea454","TradeIQ220320Strategy","BTC-USDT","Bybit Perpetual","short","37938.69","37685.01","0.2470687251998078","10.276338134640989","9373.463774050697","52.400056074046326","0.5590255356734781","86400.0","1622772000000.0","1622858400000.0"
"769579c9-2b8d-4f59-8939-06b8aaa9dc55","TradeIQ220320Strategy","BTC-USDT","Bybit Perpetual","short","36312.98","36159.24","0.25950070270523207","10.343625609134497","9423.24382732104","29.552012424769238","0.3136076383706466","108000.0","1622887200000.0","1622995200000.0"
"3e99f02f-fe69-4720-b3c9-7cb0edccb7a9","TradeIQ220320Strategy","BTC-USDT","Bybit Perpetual","short","35642.68","32797.91","0.26516856305767605","9.981561097815757","9451.31823912457","744.3620120317685","7.875748051212749","28800.0","1623096000000.0","1623124800000.0"
"bd1a2493-8677-42e2-bb7a-e2561fc736d8","TradeIQ220320Strategy","BTC-USDT","Bybit Perpetual","short","32797.91","33445.98","0.3097289476846162","11.284707687129508","10158.462150554751","-212.01074681309862","-2.087035849235514","64800.0","1623124800000.0","1623189600000.0"
"25484222-acb4-4c8d-987a-7efe98c8e5da","TradeIQ220320Strategy","BTC-USDT","Bybit Perpetual","long","37368.45","36862.78","0.26645611314042483","10.878650760688092","9957.051941082307","-145.61751349240626","-1.4624560999987914","7200.0","1623283200000.0","1623290400000.0"
"68419904-4858-443a-81df-d7e94dcc3495","TradeIQ220320Strategy","BTC-USDT","Bybit Perpetual","long","37806.48","36893.51","0.2597098514134223","10.670177816916272","9818.715303264522","-247.7774808618287","-2.5235224080633825","14400.0","1623326400000.0","1623340800000.0"
"60b1e2c1-d295-4c3e-b6f1-5edae14d1fae","TradeIQ220320Strategy","BTC-USDT","Bybit Perpetual","long","37300.42","36227.79","0.25692275573427287","10.390088685574575","9583.326696445785","-285.97314416882705","-2.9840696579287784","7200.0","1623456000000.0","1623463200000.0"
"da62b01c-7f79-4b60-9126-fc0910495cad","TradeIQ220320Strategy","BTC-USDT","Bybit Perpetual","short","35576.0","35807.8","0.26173971805389584","10.27618662708863","9311.652209485399","-70.94745327198245","-0.7619212109287242","108000.0","1623470400000.0","1623578400000.0"
"dd84f3d4-7eaa-496a-96fb-fc9bf70fed91","TradeIQ220320Strategy","BTC-USDT","Bybit Perpetual","long","37266.56","40520.34","0.24805756498257464","10.61259595084867","9244.252128877017","796.5121478381527","8.616296231796008","72000.0","1623607200000.0","1623679200000.0"
"40b0a297-e7ac-4dc9-9dda-7569fda0bc2c","TradeIQ220320Strategy","BTC-USDT","Bybit Perpetual","long","40520.34","39709.57","0.2468128023931503","10.890972907567628","10000.938669323263","-210.99938870386129","-2.109795846974623","21600.0","1623679200000.0","1623700800000.0"
"a280b6b2-ab98-47aa-9fd5-740756000490","TradeIQ220320Strategy","BTC-USDT","Bybit Perpetual","long","40682.89","39079.6","0.2408995341789778","10.568110677275456","9800.489250054594","-396.799924831089","-4.048776695805046","64800.0","1623780000000.0","1623844800000.0"
"35cfb908-f279-4774-85a7-81ce9fd29261","TradeIQ220320Strategy","BTC-USDT","Bybit Perpetual","long","39491.85","39156.01","0.2386195967386957","10.321806350658768","9423.52932146506","-90.45981171938149","-0.9599355892418221","7200.0","1623924000000.0","1623931200000.0"
"9f0f27b0-3d1b-44ce-b4ef-58c05004bc7a","TradeIQ220320Strategy","BTC-USDT","Bybit Perpetual","short","37691.87","38060.71","0.2477349226857581","10.321607752250689","9337.592500331646","-101.69615663566485","-1.0891046769502188","21600.0","1623952800000.0","1623974400000.0"
"8ae1f5d2-7ef9-4cca-8cb2-ff76cdbb5bb0","TradeIQ220320Strategy","BTC-USDT","Bybit Perpetual","short","37644.46","37905.6","0.24548050766375093","10.200336895554763","9240.981151527765","-74.30511666686652","-0.8040825476046126","7200.0","1623981600000.0","1623988800000.0"
"578ab603-7e12-44a2-a651-8d59fe6f7966","TradeIQ220320Strategy","BTC-USDT","Bybit Perpetual","short","37595.07","35305.16","0.24392536815849106","9.780218492873772","9170.391290694242","548.7869213069355","5.984334843637732","50400.0","1623996000000.0","1624046400000.0"
"1116d5fb-5935-41bb-9f98-ff6b5a53f8c0","TradeIQ220320Strategy","BTC-USDT","Bybit Perpetual","short","35305.16","35633.29","0.2745133817814685","10.710454594309589","9691.738865935831","-100.78653055826214","-1.0399220609678512","50400.0","1624046400000.0","1624096800000.0"
"d6e9b235-385f-46b8-a179-2803e11dbd4b","TradeIQ220320Strategy","BTC-USDT","Bybit Perpetual","short","35632.99","35476.45","0.26930077049120726","10.532404839659051","9595.991661905484","31.62393777303477","0.32955361871120237","64800.0","1624154400000.0","1624219200000.0"
"7ae0d369-db45-4d4d-bead-9473f9af809e","TradeIQ220320Strategy","BTC-USDT","Bybit Perpetual","short","34439.99","31243.149999999998","0.27950166079577454","10.097200693954754","9626.034402789866","883.4248886044091","9.177454096241028","108000.0","1624255200000.0","1624363200000.0"
"a93f5352-bad0-4c90-b22b-e75f78148030","TradeIQ220320Strategy","BTC-USDT","Bybit Perpetual","short","31243.15","32726.08","0.3349626413138257","11.78501623398639","10465.288046964053","-508.511165917498","-4.859026943506017","21600.0","1624363200000.0","1624384800000.0"
"af9051df-1dd0-42af-bae1-85808eb07fde","TradeIQ220320Strategy","BTC-USDT","Bybit Perpetual","short","32646.539999999997","33248.18","0.30576601500013273","11.08160126917225","9982.202439342433","-195.04266653385304","-1.9539041380801858","28800.0","1624500000000.0","1624528800000.0"
"c0bb9289-1a9d-41b9-adc2-305cbf80b7e2","TradeIQ220320Strategy","BTC-USDT","Bybit Perpetual","short","33749.99","30699.999999999996","0.2902789573014769","10.289661742409837","9796.911906135272","875.0582552375222","8.931980440586802","79200.0","1624615200000.0","1624694400000.0"
"e2038812-c40d-4908-9426-79dcfb497a4a","TradeIQ220320Strategy","BTC-USDT","Bybit Perpetual","short","30700.0","31561.629999999997","0.34619600158341746","11.855100046936384","10628.217248610916","-310.1479608912555","-2.9181560146579724","43200.0","1624694400000.0","1624737600000.0"
"a8fc551b-d2a4-4164-89a9-bc9540a3b1f5","TradeIQ220320Strategy","BTC-USDT","Bybit Perpetual","long","35007.58","34381.96","0.2951811203677667","11.26536518745218","10333.576685764223","-195.93657771193517","-1.896115775497771","7200.0","1624867200000.0","1624874400000.0"
"e315d1df-9970-4d3e-8257-77e79da7b83c","TradeIQ220320Strategy","BTC-USDT","Bybit Perpetual","long","34946.66","34186.8","0.29036929242845766","11.040828624832095","10147.436936937886","-231.6808391695201","-2.2831463807986245","7200.0","1624896000000.0","1624903200000.0"
"ed3a2970-851d-4d23-b7ab-c3bb88865d1e","TradeIQ220320Strategy","BTC-USDT","Bybit Perpetual","long","34841.15","35848.34","0.2849314715423239","11.077913224552015","9927.340139726839","275.9022155981598","2.779215899876999","64800.0","1624953600000.0","1625018400000.0"
"9153244f-7a83-419f-8b35-0162ea30cbc8","TradeIQ220320Strategy","BTC-USDT","Bybit Perpetual","short","34770.75","35227.67","0.2930465188281844","11.282036317460237","10189.447244545092","-145.18085170043375","-1.4248157747532","7200.0","1625032800000.0","1625040000000.0"
"b15aeeb9-f137-48aa-9c9f-953bed73d8b0","TradeIQ220320Strategy","BTC-USDT","Bybit Perpetual","short","34633.62","35031.39","0.29022451119547066","11.120171411072668","10051.525435429678","-126.56277522929409","-1.2591399787258644","50400.0","1625047200000.0","1625097600000.0"
"18aa25bc-af03-4698-91d6-6c14bbcdef8c","TradeIQ220320Strategy","BTC-USDT","Bybit Perpetual","long","35031.39","34120.06","0.2834969094564004","10.782322297685837","9931.290798961849","-269.14156079258765","-2.7100360490976856","14400.0","1625097600000.0","1625112000000.0"
"38cb6bb8-b1ed-474a-a69a-37622a748d67","TradeIQ220320Strategy","BTC-USDT","Bybit Perpetual","short","34312.3","33261.3","0.2819865271698163","10.480164635799266","9675.606316208889","285.8876754196777","2.9547262060543886","72000.0","1625119200000.0","1625191200000.0"
"0c42722d-612d-4191-9972-3e4de085220e","TradeIQ220320Strategy","BTC-USDT","Bybit Perpetual","short","32843.99","33760.94","0.3028620946437258","11.094659737369303","9947.199607857583","-288.804057420935","-2.9033704842195007","64800.0","1625205600000.0","1625270400000.0"
"b2c1f8a8-5e25-4157-83ef-27b7455171d3","TradeIQ220320Strategy","BTC-USDT","Bybit Perpetual","long","34613.41","34426.47","0.27945341858278894","10.611386766500036","9672.835753307694","-62.852408836367246","-0.649782653601602","57600.0","1625306400000.0","1625364000000.0"
"9b3a0caf-5964-4bcb-bd3f-391352613f1c","TradeIQ220320Strategy","BTC-USDT","Bybit Perpetual","long","35185.64","35280.16","0.27321162738302174","10.588641741065594","9613.125964913144","15.235321279178734","0.15848456927315824","64800.0","1625378400000.0","1625443200000.0"
"7b586088-dd72-448d-b872-51eb87bc3651","TradeIQ220320Strategy","BTC-USDT","Bybit Perpetual","short","34559.32","34769.69","0.2785818563596843","10.622592367958514","9627.599520128364","-69.22785749034603","-0.7190562647066049","100800.0","1625450400000.0","1625551200000.0"
"a06a7b83-96d1-4433-b534-c8a357024b41","TradeIQ220320Strategy","BTC-USDT","Bybit Perpetual","long","34769.69","34184.12","0.27500484058133773","10.42944733958922","9561.833055512534","-171.46403183880307","-1.793212983779837","14400.0","1625551200000.0","1625565600000.0"
"813e6c18-c166-429d-9b2d-a6968ed5d9c9","TradeIQ220320Strategy","BTC-USDT","Bybit Perpetual","short","33927.38","34206.01","0.2770311832291698","10.381290507012967","9398.94222526567","-87.57048909015784","-0.9317057919002432","21600.0","1625594400000.0","1625616000000.0"
"bfb656f0-4707-458b-bdba-0040aa730d02","TradeIQ220320Strategy","BTC-USDT","Bybit Perpetual","long","34692.64","34225.06","0.2685223799811725","10.178269654755649","9315.750260630024","-135.73396408635276","-1.4570373860277044","43200.0","1625652000000.0","1625695200000.0"
"7445c68c-2bfd-49fb-ae9b-492025249328","TradeIQ220320Strategy","BTC-USDT","Bybit Perpetual","short","33845.64","32923.14","0.2714323911365833","9.967765284769865","9186.802994747988","240.42861553872822","2.6171086467858196","100800.0","1625702400000.0","1625803200000.0"
"79a279c9-999f-42b2-a3e3-c052d47ff2f3","TradeIQ220320Strategy","BTC-USDT","Bybit Perpetual","short","33388.26","33608.18","0.2819916395616237","10.390839778215572","9415.210179509779","-72.40644115060736","-0.7690369069846653","28800.0","1625940000000.0","1625968800000.0"
"878d144b-2051-4ffd-b7e7-08445d093343","TradeIQ220320Strategy","BTC-USDT","Bybit Perpetual","short","33446.92","33569.92","0.2794405003634625","10.29997061630796","9346.4240604167","-44.67115216101385","-0.47794912655634664","7200.0","1625976000000.0","1625983200000.0"
"5353d767-175f-46b4-b5ae-fab503af10ea","TradeIQ220320Strategy","BTC-USDT","Bybit Perpetual","long","34478.51","34049.5","0.26984885558754534","10.170712790805524","9303.986465863738","-125.9385703264189","-1.3535979527537647","43200.0","1626040800000.0","1626084000000.0"
"c6fc5162-31fd-4208-9321-6eed295a24c0","TradeIQ220320Strategy","BTC-USDT","Bybit Perpetual","short","33524.79","32375.29","0.2739568189406597","9.929576956604246","9184.34482405364","304.9837864156841","3.3206918104483276","136800.0","1626091200000.0","1626228000000.0"
"e53a45dc-0a8c-4f3e-8a75-968b25841e16","TradeIQ220320Strategy","BTC-USDT","Bybit Perpetual","short","31808.0","32757.999999999996","0.2978520944777584","10.577115082628023","9474.079421148539","-293.5366048364974","-3.098312688631779","36000.0","1626235200000.0","1626271200000.0"
"52eeb18f-6fb7-444d-bf46-844df9625b32","TradeIQ220320Strategy","BTC-USDT","Bybit Perpetual","short","31866.950000000004","32105.81","0.28855035221613196","10.152649336630944","9195.219646553867","-79.07578646697534","-0.8599662597142084","100800.0","1626350400000.0","1626451200000.0"
"082dc7ae-865d-48b8-832d-a0a1b3270e14","TradeIQ220320Strategy","BTC-USDT","Bybit Perpetual","short","31381.61","31819.0","0.29061917630772416","10.102020071190143","9120.09764941024","-137.21594159642544","-1.5045446537000473","64800.0","1626487200000.0","1626552000000.0"
"9545c2e5-b28a-49d9-9426-647bf4634d89","TradeIQ220320Strategy","BTC-USDT","Bybit Perpetual","short","31496.65","32191.18","0.28541900503366663","9.997744389244318","8989.742504893637","-208.22980595527645","-2.316304453013253","7200.0","1626566400000.0","1626573600000.0"
"b6c73886-1e1b-49b2-91d4-874faaa827db","TradeIQ220320Strategy","BTC-USDT","Bybit Perpetual","short","31349.07","31790.720000000005","0.2804524724094247","9.73924061710153","8791.924189236124","-133.6010750567254","-1.519588569932075","21600.0","1626624000000.0","1626645600000.0"
"bfa5a97a-f9ac-4764-be09-e47e8c40fb06","TradeIQ220320Strategy","BTC-USDT","Bybit Perpetual","short","31589.490000000005","31776.080000000005","0.2743001918654665","9.559653404765559","8665.003167932236","-60.74132620494299","-0.7009960068997636","14400.0","1626660000000.0","1626674400000.0"
"32f901a1-77fc-4849-b9d4-3eafc3a89b78","TradeIQ220320Strategy","BTC-USDT","Bybit Perpetual","short","31376.13","29582.94","0.27432634005651874","9.19747321149202","8607.29890803754","482.7217765144575","5.608284104827467","64800.0","1626688800000.0","1626753600000.0"
"e8fcf869-7dd6-4f77-879b-46768e70b2b1","TradeIQ220320Strategy","BTC-USDT","Bybit Perpetual","short","29582.94","29818.529999999995","0.3064565116153525","10.012182004563206","9065.884595726275","-82.21027157602302","-0.906809155885103","86400.0","1626753600000.0","1626840000000.0"
"d2bcf62f-43a9-48ec-9adf-d0951a6e186d","TradeIQ220320Strategy","BTC-USDT","Bybit Perpetual","long","32741.290000000005","32287.600000000002","0.27450918512157135","9.818065181793166","8987.784837729054","-134.3601373795995","-1.4949193800855198","36000.0","1627005600000.0","1627041600000.0"
"39a1aa00-0ac7-4f69-ab01-abc30748570f","TradeIQ220320Strategy","BTC-USDT","Bybit Perpetual","long","32529.51","32183.230000000003","0.2723724614117592","9.694282553174563","8860.142707218434","-104.01141849083723","-1.173924866989989","14400.0","1627048800000.0","1627063200000.0"
"a4429764-420d-4439-960b-a699843d28b9","TradeIQ220320Strategy","BTC-USDT","Bybit Perpetual","long","33634.46","34160.24","0.26048677040309665","9.712792349395748","8761.331859652139","127.24594179314408","1.4523584294202991","136800.0","1627084800000.0","1627221600000.0"
"23f37229-c175-42de-b8bf-d31c4a9abc32","TradeIQ220320Strategy","BTC-USDT","Bybit Perpetual","long","35370.66","39198.18","0.2511181726423998","10.299074960274918","8882.215504355625","950.8607531919623","10.705220479346432","64800.0","1627257600000.0","1627322400000.0"
"3b9f966d-9bb4-43e9-9bdc-d8c95ef32c4b","TradeIQ220320Strategy","BTC-USDT","Bybit Perpetual","long","39198.18","37119.99","0.24964254003344005","10.478743995227138","9785.53321988799","-529.2833742673224","-5.408835291587522","14400.0","1627322400000.0","1627336800000.0"
"b64c7355-81c2-467d-82b8-6be2d09b1f6c","TradeIQ220320Strategy","BTC-USDT","Bybit Perpetual","long","40729.99","38775.0","0.22790857582665827","9.96592797310699","9282.714014334033","-455.5249146284652","-4.907238485695671","165600.0","1627473600000.0","1627639200000.0"
"399c4026-baaa-46ce-92db-e771876c1e50","TradeIQ220320Strategy","BTC-USDT","Bybit Perpetual","long","39857.82","41950.0","0.22203836901860136","9.990461209172025","8849.965345436989","454.55377368416544","5.136220944848465","93600.0","1627675200000.0","1627768800000.0"
"ed90e05f-1e07-496b-859f-d95fc4b8248e","TradeIQ220320Strategy","BTC-USDT","Bybit Perpetual","long","41950.0","41697.18","0.2212584369591644","10.179204366563033","9281.791430436946","-66.1177623985789","-0.712338376638855","14400.0","1627768800000.0","1627783200000.0"
"791297fc-1baa-48bb-aec0-f579affb6245","TradeIQ220320Strategy","BTC-USDT","Bybit Perpetual","long","42420.62","41303.72","0.2173230743953836","10.007377033788416","9218.979556158298","-252.73551882599264","-2.741469565979944","43200.0","1627790400000.0","1627833600000.0"
"99fe9d59-85ae-4048-af5e-783ea965ac2d","TradeIQ220320Strategy","BTC-USDT","Bybit Perpetual","long","38985.01","38889.08","0.23031623727359835","9.864617064448055","8978.880813273605","-31.95885370610441","-0.3559335998631276","64800.0","1628085600000.0","1628150400000.0"
"3c11524a-9f80-47e8-a04d-e247d39b2cbe","TradeIQ220320Strategy","BTC-USDT","Bybit Perpetual","long","40684.49","43150.0","0.21994917233208044","10.14162967861014","8948.519902252803","532.145254197858","5.946740466698739","115200.0","1628186400000.0","1628301600000.0"
"e664c86b-7e3c-432e-a2ba-49514e8a1fa2","TradeIQ220320Strategy","BTC-USDT","Bybit Perpetual","long","43150.0","43423.78","0.21909751781554504","10.432455168249993","9454.057893740768","49.552063259289675","0.5241353904982592","57600.0","1628301600000.0","1628359200000.0"
"0bf947d5-85b2-4676-b17e-bfb0302f27ad","TradeIQ220320Strategy","BTC-USDT","Bybit Perpetual","long","44601.11","43723.26","0.21302457167180575","10.34839359808765","9501.132353837093","-197.35201384018202","-2.077142034133228","72000.0","1628380800000.0","1628452800000.0"
"0592fca9-2a02-49e1-91b0-da609c5f9a72","TradeIQ220320Strategy","BTC-USDT","Bybit Perpetual","long","44861.31","45360.61","0.20760980766475437","10.302025502089672","9313.647940688921","93.35755146492278","1.0023736355447554","93600.0","1628503200000.0","1628596800000.0"
"0c4271f8-92ed-4164-9a9e-1fa392429b2b","TradeIQ220320Strategy","BTC-USDT","Bybit Perpetual","long","46367.38","45522.12","0.20277914375538575","10.248300771560785","9402.337614580598","-181.6493998222371","-1.9319599791922573","57600.0","1628668800000.0","1628726400000.0"
"c0bf4f26-49f4-46a8-a56a-1af691f8a035","TradeIQ220320Strategy","BTC-USDT","Bybit Perpetual","long","45162.37","47565.92","0.2043686078642346","10.422913345312065","9229.770684749474","480.78725408676814","5.209092083741388","64800.0","1628827200000.0","1628892000000.0"
"4c896655-438a-415d-938e-ebf0ec007f0e","TradeIQ220320Strategy","BTC-USDT","Bybit Perpetual","long","47565.92","46580.0","0.2036440917390414","10.544743203135049","9686.518576131904","-211.3215261304904","-2.181604510119847","50400.0","1628892000000.0","1628942400000.0"
"e0a63113-23a1-4eb1-8aba-16b2df5e7259","TradeIQ220320Strategy","BTC-USDT","Bybit Perpetual","long","46855.07","46465.0","0.20244902262034692","10.390906329299298","9485.763126307938","-89.36019658281796","-0.9420454147224616","57600.0","1629064800000.0","1629122400000.0"
"381bb62d-0795-4782-a68c-3701b9492899","TradeIQ220320Strategy","BTC-USDT","Bybit Perpetual","long","46864.78","46396.71","0.20059564857776482","10.289316990633301","9400.870939554261","-104.18212222042762","-1.1082177692928457","7200.0","1629201600000.0","1629208800000.0"
"58fa47b0-5dd7-4fdc-a703-f215d12b06ba","TradeIQ220320Strategy","BTC-USDT","Bybit Perpetual","long","45827.23","44922.74","0.20297752937379923","10.13111258574052","9301.897923444854","-193.72225812904924","-2.082610019196022","14400.0","1629302400000.0","1629316800000.0"
"3db23ac6-b1f2-4a6f-b7e4-53cb64d1b1da","TradeIQ220320Strategy","BTC-USDT","Bybit Perpetual","long","45789.99","47835.44","0.19912347170685685","10.25366136390602","9117.861778222257","397.0434438388852","4.354567479704635","79200.0","1629388800000.0","1629468000000.0"
"bcd8b15b-11ac-48bd-8d8f-fff73194dd23","TradeIQ220320Strategy","BTC-USDT","Bybit Perpetual","long","47835.44","48872.64","0.19849410917656862","10.557791304376984","9495.053049869199","195.3202987335594","2.0570743281550183","57600.0","1629468000000.0","1629525600000.0"
"9b094624-7246-43f2-8193-2d824c5c6d5f","TradeIQ220320Strategy","BTC-USDT","Bybit Perpetual","long","49169.2","48809.18","0.19688356397228512","10.609682955646974","9680.607333666081","-81.49170365694843","-0.8418036270673446","50400.0","1629554400000.0","1629604800000.0"
"ae7a257e-7243-4081-b8d4-98074a7df3dc","TradeIQ220320Strategy","BTC-USDT","Bybit Perpetual","long","49273.28","49287.299999999996","0.194896508111333","10.565012083685227","9603.190215191982","-7.832563039964962","-0.08156209410050073","72000.0","1629676800000.0","1629748800000.0"
"f9194988-f2b2-4e28-9ea9-9e4da7d05548","TradeIQ220320Strategy","BTC-USDT","Bybit Perpetual","long","48811.99","47945.44","0.19658590605103413","10.461630874045731","9595.749280304017","-180.8131477625685","-1.8843046278178694","43200.0","1629907200000.0","1629950400000.0"
"d5536bd5-a258-4e8e-a7a7-ff74b812b183","TradeIQ220320Strategy","BTC-USDT","Bybit Perpetual","long","48199.56","48242.87","0.19551997549209116","10.371031852498746","9423.976789929577","-1.90306171393531","-0.020193828532864323","129600.0","1630080000000.0","1630209600000.0"
"c42314c2-9c34-4793-94c8-272490877416","TradeIQ220320Strategy","BTC-USDT","Bybit Perpetual","long","48795.41","48513.58","0.1930953932204143","10.33445472836225","9422.168881301337","-64.75452939967195","-0.68725715082628","7200.0","1630281600000.0","1630288800000.0"
"77205bf9-ab76-4330-a068-8c38ee47f5eb","TradeIQ220320Strategy","BTC-USDT","Bybit Perpetual","short","47024.7","47789.0","0.19905819874176015","10.380394385922893","9360.652078371648","-162.52057568425076","-1.7362099811375789","28800.0","1630368000000.0","1630396800000.0"
"99e6dd97-a35f-4190-8c53-006994a99c04","TradeIQ220320Strategy","BTC-USDT","Bybit Perpetual","long","47997.22","47907.0","0.19180814079381286","10.117365572864443","9206.25753147161","-27.422296035282464","-0.29786583681305123","7200.0","1630411200000.0","1630418400000.0"
"8399a149-495e-4dda-a1d2-b37990efac0a","TradeIQ220320Strategy","BTC-USDT","Bybit Perpetual","short","46952.02","47458.73","0.19552313937159876","10.152717426734943","9180.206350238092","-109.226247377719","-1.189801658160834","28800.0","1630447200000.0","1630476000000.0"
"1a5f1a78-facb-403d-be67-3b8aca7ce72d","TradeIQ220320Strategy","BTC-USDT","Bybit Perpetual","long","47745.0","47513.65","0.19010244874288953","9.95989644591802","9076.441415229261","-53.940097962585234","-0.5942868520263871","7200.0","1630497600000.0","1630504800000.0"
"b47ed785-9d42-46f0-8e46-abfb555b7ea5","TradeIQ220320Strategy","BTC-USDT","Bybit Perpetual","long","48766.72","49403.35","0.18506879942232743","9.992519346758215","9025.198322164804","107.82783042947761","1.1947419500429748","93600.0","1630519200000.0","1630612800000.0"
"1963e055-a7ea-4da7-8fe4-13223b1faf95","TradeIQ220320Strategy","BTC-USDT","Bybit Perpetual","long","50137.87","49934.45","0.18205070859756922","10.020030221851485","9127.634761072808","-47.052785364770024","-0.5154981174908418","93600.0","1630663200000.0","1630756800000.0"
"92927fd8-f2eb-4653-8931-ec4fdd441242","TradeIQ220320Strategy","BTC-USDT","Bybit Perpetual","long","50250.69","51824.8","0.1807524357372262","10.147716395613983","9082.934614976277","274.3765002227113","3.0207913174923577","57600.0","1630857600000.0","1630915200000.0"
"bf623eeb-7d5b-466a-9a42-8733ab2c6de3","TradeIQ220320Strategy","BTC-USDT","Bybit Perpetual","long","51824.799999999996","52379.52","0.18029191217694723","10.332957860444179","9343.592290187855","89.6785716623522","0.9597868665195065","86400.0","1630915200000.0","1631001600000.0"
"71472a37-2503-4b61-908f-f5cd9013d23e","TradeIQ220320Strategy","BTC-USDT","Bybit Perpetual","short","46644.0","46062.29","0.2021436183274824","10.306991696274295","9428.786933267089","107.28197252100532","1.1378130960037713","115200.0","1631030400000.0","1631145600000.0"
"b7709a38-b8c5-476c-9e68-bd6f0fa27bb9","TradeIQ220320Strategy","BTC-USDT","Bybit Perpetual","short","45441.49","45877.67","0.2097357460585479","10.534090683621947","9530.704807162043","-102.01662839943944","-1.070399623779943","151200.0","1631289600000.0","1631440800000.0"
"07ec4052-884f-4708-93cf-6c83f2bb3a42","TradeIQ220320Strategy","BTC-USDT","Bybit Perpetual","short","44626.0","46169.0","0.21139669722096033","10.556569718297403","9433.789010182576","-336.74167353023915","-3.5695272935060274","36000.0","1631505600000.0","1631541600000.0"
"3e998482-53dd-4ce0-804d-48be45724fe9","TradeIQ220320Strategy","BTC-USDT","Bybit Perpetual","short","44361.98","45245.12","0.2054435897660305","10.12506236088802","9113.88442032885","-191.56051422686008","-2.1018536706431936","50400.0","1631548800000.0","1631599200000.0"
"d5e0cc3b-7300-4e8e-bf1e-5f41f4a284a5","TradeIQ220320Strategy","BTC-USDT","Bybit Perpetual","long","47166.3","47614.55999999999","0.18937041768833535","9.8717800758828","8931.901931813332","75.01540335708803","0.8398592363615281","72000.0","1631692800000.0","1631764800000.0"
"6e70ad73-7d0a-496b-a7a5-36ce8179fcbf","TradeIQ220320Strategy","BTC-USDT","Bybit Perpetual","long","48245.41","47458.229999999996","0.18661187800046816","9.8226897955344","9003.166565002568","-156.71982791994432","-1.7407189658042235","28800.0","1631772000000.0","1631800800000.0"
"a31829c3-d9aa-482a-922f-4620332fe9fa","TradeIQ220320Strategy","BTC-USDT","Bybit Perpetual","long","48044.67","47416.579999999994","0.18429271610104972","9.676047174695732","8854.28272847862","-125.42845923060474","-1.4165852060176576","21600.0","1631858400000.0","1631880000000.0"
"c741aad7-6085-4694-87b8-d1aece5e5282","TradeIQ220320Strategy","BTC-USDT","Bybit Perpetual","short","47256.0","47531.0","0.1848469123965115","9.636596356930475","8735.125692209547","-60.469497265971135","-0.6922567504655494","7200.0","1631887200000.0","1631894400000.0"
"77192f0c-9da5-4fed-b20f-6ed6d2ba6de4","TradeIQ220320Strategy","BTC-USDT","Bybit Perpetual","short","47265.58","47498.99","0.18359405871686912","9.569016615872371","8677.679669806876","-52.4217058609761","-0.6040981904802526","7200.0","1631901600000.0","1631908800000.0"
"611c4213-c6d2-4a5f-8e73-2f0868d93cc5","TradeIQ220320Strategy","BTC-USDT","Bybit Perpetual","long","47917.73","47885.0","0.18005608882638946","9.487425674479834","8627.879049238947","-15.380661461768138","-0.17826700367484688","64800.0","1631937600000.0","1632002400000.0"
"c1011180-3120-4a2d-a42d-e8f5351bce04","TradeIQ220320Strategy","BTC-USDT","Bybit Perpetual","short","47344.16","47656.61","0.1819288254528175","9.505858176767294","8613.267420850265","-66.34951968949959","-0.7703176558629344","14400.0","1632052800000.0","1632067200000.0"
"8262108a-716a-4414-b938-cbfa0849e522","TradeIQ220320Strategy","BTC-USDT","Bybit Perpetual","short","47384.0","47464.22","0.18044562251277313","9.413220356170653","8550.235377145242","-23.888568194145524","-0.279390766925547","14400.0","1632074400000.0","1632088800000.0"
"2f3fac59-3922-445e-88e2-2c6b58ce843e","TradeIQ220320Strategy","BTC-USDT","Bybit Perpetual","short","47256.91","44825.72","0.18045067350702368","9.139004930988936","8527.541237360803","429.57086799255234","5.037452837056003","28800.0","1632096000000.0","1632124800000.0"
"2f3f3214-d8be-4fa2-8a64-0568c3e41890","TradeIQ220320Strategy","BTC-USDT","Bybit Perpetual","short","44825.72","43282.030000000006","0.1993416628211154","9.659949965834922","8935.63356195373","298.0617815144917","3.3356535879401266","86400.0","1632124800000.0","1632211200000.0"
"ac4cf1b6-9172-4683-87b6-4de8ba6b9eb5","TradeIQ220320Strategy","BTC-USDT","Bybit Perpetual","short","41366.68","43198.05","0.22285550240900395","10.365143464627474","9218.792254392496","-418.49602491140564","-4.539597089976771","64800.0","1632261600000.0","1632326400000.0"
"26b13beb-8a99-45ea-8d41-f57591a9eee3","TradeIQ220320Strategy","BTC-USDT","Bybit Perpetual","short","42357.05","43234.86","0.20825862591296285","9.80388946122629","8821.221030726663","-192.6153938738837","-2.1835457155302307","172800.0","1632477600000.0","1632650400000.0"
"05d08252-76d2-46ce-9d62-9f57959e6238","TradeIQ220320Strategy","BTC-USDT","Bybit Perpetual","short","43047.8","41006.32","0.20066615266161042","9.276749281666529","8638.236406546474","400.37918805395856","4.634964467406006","93600.0","1632780000000.0","1632873600000.0"
"d32b61aa-7a55-4d31-9ae5-ef4e55269cad","TradeIQ220320Strategy","BTC-USDT","Bybit Perpetual","short","41006.32","42186.65","0.21993186989707278","10.063231999915093","9018.596635197733","-269.6554159955274","-2.9899930876508836","14400.0","1632873600000.0","1632888000000.0"
"4bf987f9-db41-4fc8-8111-639ac1ed3854","TradeIQ220320Strategy","BTC-USDT","Bybit Perpetual","short","41218.46","42953.64","0.21258494349381282","9.84154661724056","8762.423990001984","-378.71468886883474","-4.322031087527288","28800.0","1632938400000.0","1632967200000.0"
"b480f1dd-0535-4322-87c5-b4c242f14066","TradeIQ220320Strategy","BTC-USDT","Bybit Perpetual","long","44753.98","47482.27","0.18775190576517645","9.524642444973292","8402.645035576592","502.71700453509874","5.9828423360335625","14400.0","1633075200000.0","1633089600000.0"
"75b4fe48-b742-4ad6-938c-a41f29cc66fe","TradeIQ220320Strategy","BTC-USDT","Bybit Perpetual","long","47482.27","47665.0","0.1870219387128066","9.787044794246974","8880.226189884934","24.387474066744772","0.2746267217216094","86400.0","1633089600000.0","1633176000000.0"
"bef4c3b1-312c-4184-81cb-d0519c526af7","TradeIQ220320Strategy","BTC-USDT","Bybit Perpetual","long","48041.83","47457.68","0.1853258772667141","9.734191758110235","8903.394290248343","-117.99230296346155","-1.325250787698973","50400.0","1633269600000.0","1633320000000.0"
"1f557351-d7bb-4760-a981-c54a1e50eee4","TradeIQ220320Strategy","BTC-USDT","Bybit Perpetual","long","49287.87","51705.7","0.17836643381897113","9.907624605750648","8791.301602433054","421.35209007477135","4.792829425373818","100800.0","1633370400000.0","1633471200000.0"
"ff9f87ac-aac8-4284-ac8d-31eddc7bb624","TradeIQ220320Strategy","BTC-USDT","Bybit Perpetual","long","51705.7","50714.920000000006","0.17776736584175606","10.013874103903714","9191.586088004085","-186.14222483259726","-2.025137153157179","43200.0","1633471200000.0","1633514400000.0"
"37e9f380-c571-4b81-8628-621fcc39a3d0","TradeIQ220320Strategy","BTC-USDT","Bybit Perpetual","long","54035.59","54412.74","0.16682987961106963","9.950832010856853","9014.750974413117","52.9690570844583","0.5875820334338933","302400.0","1633528800000.0","1633831200000.0"
"db07b36d-5a12-4d1e-b01c-b372f2c5ec68","TradeIQ220320Strategy","BTC-USDT","Bybit Perpetual","long","55708.91","54832.87","0.16272211354778526","9.893175642313865","9065.07157864335","-152.44425599471583","-1.681666324112249","57600.0","1633845600000.0","1633903200000.0"
"089314a7-77cd-44fb-8dd5-c4e3af381372","TradeIQ220320Strategy","BTC-USDT","Bybit Perpetual","long","56538.24","57259.99","0.15777373925060934","9.874904746960478","8920.24953544837","103.99829155716681","1.1658675146237307","115200.0","1633924800000.0","1634040000000.0"
"4ed8320c-319a-4bae-8fd5-b030f62de73a","TradeIQ220320Strategy","BTC-USDT","Bybit Perpetual","long","56170.85999999999","57379.56","0.16056453314810704","10.027693596839313","9019.047912427679","184.04665761927834","2.0406439726933225","86400.0","1634140800000.0","1634227200000.0"
"87f9a03e-0730-46a0-83ff-e05f7f722210","TradeIQ220320Strategy","BTC-USDT","Bybit Perpetual","long","59445.04000000001","61070.00000000001","0.15466205821656426","10.251507272848364","9193.892237165992","241.06815084673977","2.622046730896302","122400.0","1634270400000.0","1634392800000.0"
"fd2a202e-04c4-4308-a3e9-15d6e76756b0","TradeIQ220320Strategy","BTC-USDT","Bybit Perpetual","long","62144.87999999999","60983.73","0.15162805013816738","10.268363077787573","9422.906980470394","-186.33127349571865","-1.9774287688703995","36000.0","1634522400000.0","1634558400000.0"
"a07bb7f9-94c7-4dfd-9bc7-4dee46078158","TradeIQ220320Strategy","BTC-USDT","Bybit Perpetual","long","62021.07","66140.27","0.1490766326774024","10.508223553643024","9245.892270649461","603.5682417711135","6.527961002607668","165600.0","1634572800000.0","1634738400000.0"
"3b12de9e-7b66-4aa3-9a06-8db50a5beff1","TradeIQ220320Strategy","BTC-USDT","Bybit Perpetual","long","66140.27","65125.01000000001","0.14846147589557795","10.718310461455461","9819.282100332019","-161.44530847919918","-1.6441661093914417","43200.0","1634738400000.0","1634781600000.0"
"53e933fe-8ee8-4e89-8ed1-c7fe693b82f5","TradeIQ220320Strategy","BTC-USDT","Bybit Perpetual","long","61806.27","62826.48","0.15639042862927627","10.720253056559987","9665.909057276778","148.83082613531496","1.5397499112954178","93600.0","1635127200000.0","1635220800000.0"
"5a0e9bc0-b926-45bb-ab0c-732083ae87f2","TradeIQ220320Strategy","BTC-USDT","Bybit Perpetual","short","58976.39","58782.03","0.1662919405902146","10.770251900450647","9807.298342105327","21.55024967266356","0.21973686249701038","43200.0","1635328800000.0","1635372000000.0"
"1cad22c2-381f-44f3-9508-468878d85158","TradeIQ220320Strategy","BTC-USDT","Bybit Perpetual","long","61087.48999999999","61347.51999999999","0.16088025681353676","10.833556718472368","9827.771079294358","31.000136460751413","0.3154340512271807","36000.0","1635415200000.0","1635451200000.0"
"55e5a39a-247c-4959-b4a4-b21190dfaa7c","TradeIQ220320Strategy","BTC-USDT","Bybit Perpetual","long","60762.49","60610.32","0.16222543231740624","10.829366115605623","9857.221208932073","-35.515210151345045","-0.3602963695200744","36000.0","1635458400000.0","1635494400000.0"
"04c94e03-87b7-45cb-b19a-2a00e2b319cf","TradeIQ220320Strategy","BTC-USDT","Bybit Perpetual","long","61324.52","61417.73000000001","0.1601884818550279","10.814042077833665","9823.481759288296","4.117126315875677","0.04191106999290606","93600.0","1635516000000.0","1635609600000.0"
"24de7b95-351f-48d7-8c6f-f9b26dc2e257","TradeIQ220320Strategy","BTC-USDT","Bybit Perpetual","long","61774.37","61335.03","0.1590852813114626","10.771691442096957","9827.393029288376","-80.66421893347554","-0.8208099410807489","36000.0","1635624000000.0","1635660000000.0"
"4861d2c6-f174-4d62-b5eb-a5722c952123","TradeIQ220320Strategy","BTC-USDT","Bybit Perpetual","short","59934.99","60663.10999999999","0.1626889738582016","10.790989626036831","9750.762021301574","-129.24808527166982","-1.3255177901923323","7200.0","1635739200000.0","1635746400000.0"
"58278681-d7e4-4d5b-80d4-22d7876a6da7","TradeIQ220320Strategy","BTC-USDT","Bybit Perpetual","long","62257.67","60819.99999999999","0.15464723206463538","10.468491546955537","9627.976340293488","-232.80017766932073","-2.4179554398679","36000.0","1635753600000.0","1635789600000.0"
"6a286d11-1b76-4197-bb06-0df18b7783c3","TradeIQ220320Strategy","BTC-USDT","Bybit Perpetual","long","61374.81","61120.39","0.1532683550712032","10.326050794464928","9406.816171507633","-49.32058569168018","-0.5243068939846791","7200.0","1635818400000.0","1635825600000.0"
"27a75013-7b81-4c11-90df-a78f62394fd3","TradeIQ220320Strategy","BTC-USDT","Bybit Perpetual","long","61813.33999999999","63266.689999999995","0.1514230037577736","10.416996618991838","9359.961615100536","209.6536258923693","2.2398983512296957","64800.0","1635832800000.0","1635897600000.0"
"32a8359f-69e9-43c6-9051-9e77f38aa75a","TradeIQ220320Strategy","BTC-USDT","Bybit Perpetual","long","62243.11","61760.0","0.15357736076648942","10.47423869835017","9559.132559698286","-84.66899745824895","-0.8857393380568556","21600.0","1636084800000.0","1636106400000.0"
"8f463838-cfed-407a-9490-f6633e6e2d6c","TradeIQ220320Strategy","BTC-USDT","Bybit Perpetual","short","60832.8","61152.78","0.1558155635136464","10.453988538531448","9478.697012112949","-60.31185255162739","-0.6362884315698043","14400.0","1636128000000.0","1636142400000.0"
"e65ecde3-16b2-4c8e-8210-699cbcb6d7f8","TradeIQ220320Strategy","BTC-USDT","Bybit Perpetual","short","61006.0","61250.0","0.15443400242908734","10.384265870533776","9421.400752188902","-48.06616246323109","-0.5101806379700358","7200.0","1636156800000.0","1636164000000.0"
"ef8fae87-766d-437d-9e1f-97a537e0be29","TradeIQ220320Strategy","BTC-USDT","Bybit Perpetual","short","60823.63","61220.0","0.15414630626039305","10.346916121910551","9375.73789784883","-71.44588753434294","-0.762029488374835","43200.0","1636185600000.0","1636228800000.0"
"7fa74a37-f176-4bb3-8521-528084b2945d","TradeIQ220320Strategy","BTC-USDT","Bybit Perpetual","long","61511.299999999996","63316.399999999994","0.15131958363245787","10.388881574388549","9307.864304691206","262.75809884056093","2.82296873094862","86400.0","1636243200000.0","1636329600000.0"
"2a27e0d1-cf9d-4f53-8a47-de5620f849ca","TradeIQ220320Strategy","BTC-USDT","Bybit Perpetual","long","63316.4","65486.47000000001","0.1509480087084821","10.693395208340618","9557.484498589736","316.8743500496762","3.315457640516528","21600.0","1636329600000.0","1636351200000.0"
"4d987ca1-cfa6-4411-b35e-f18de3ebc571","TradeIQ220320Strategy","BTC-USDT","Bybit Perpetual","long","65486.469999999994","68563.98","0.15054277824315354","11.099179942259719","9858.515131136926","452.1977255288281","4.586874590277965","79200.0","1636351200000.0","1636430400000.0"
"9421c51f-84de-48dc-8f27-2e749c98effb","TradeIQ220320Strategy","BTC-USDT","Bybit Perpetual","long","68563.98","67679.34","0.15005113428930633","11.243905587937514","10288.102970389313","-143.9851410256294","-1.3995305202527617","28800.0","1636430400000.0","1636459200000.0"
"7f5599d8-a7df-4f9e-9cb7-309669921016","TradeIQ220320Strategy","BTC-USDT","Bybit Perpetual","long","68036.3","66740.07","0.14920442596694652","11.060077005867338","10151.317086414965","-204.4633300770018","-2.0141556838040806","21600.0","1636552800000.0","1636574400000.0"
"2285dde1-ae48-476a-a238-4844080487b3","TradeIQ220320Strategy","BTC-USDT","Bybit Perpetual","short","63214.89","63613.99","0.1575115755614194","10.987359193519607","9957.076922841816","-73.85022900008185","-0.741685833828072","7200.0","1636732800000.0","1636740000000.0"
"beaa46ed-52ba-46b4-9fbb-0dd880930325","TradeIQ220320Strategy","BTC-USDT","Bybit Perpetual","long","64712.54","63974.11","0.1527821223721359","10.813560729378123","9886.919205291739","-123.63246335263447","-1.250464991020288","7200.0","1636826400000.0","1636833600000.0"
"75aa1ebe-2e5c-4a8d-9011-d8e7623bbe41","TradeIQ220320Strategy","BTC-USDT","Bybit Perpetual","long","64427.0","64303.49","0.151636245131804","10.736114475667485","9769.468365106735","-29.464707111896903","-0.3015999029909852","36000.0","1636848000000.0","1636884000000.0"
"0b31e1c7-e0cf-4db6-86a4-eaa9520e0eea","TradeIQ220320Strategy","BTC-USDT","Bybit Perpetual","long","64669.49","64117.84","0.15063481857287622","10.669920848969326","9741.476893350433","-93.76761851469671","-0.9625606008335638","7200.0","1636898400000.0","1636905600000.0"
"c1dabab8-762c-4715-afdd-6691a325822e","TradeIQ220320Strategy","BTC-USDT","Bybit Perpetual","long","65568.39","64348.950000000004","0.14721114329269747","10.518904085220353","9652.397655761471","-190.03406066206662","-1.9687757118940927","57600.0","1636934400000.0","1636992000000.0"
"8336fb59-4acc-4779-9304-7cfb83b019a2","TradeIQ220320Strategy","BTC-USDT","Bybit Perpetual","short","63654.490000000005","60840.590000000004","0.14880121257954476","10.188760375303088","9471.865298132507","408.52297170227814","4.313015006482655","28800.0","1637020800000.0","1637049600000.0"
"10ee7e5b-788b-448a-9706-c8a9f7ac1f97","TradeIQ220320Strategy","BTC-USDT","Bybit Perpetual","short","60840.59","60700.01","0.16206223708957573","10.83342784326511","9859.96212124967","11.94928144678655","0.12118993257625289","28800.0","1637049600000.0","1637078400000.0"
"b4ff32cd-3cf8-46d4-91af-101b077c2c09","TradeIQ220320Strategy","BTC-USDT","Bybit Perpetual","short","59078.99999999999","60581.99","0.1670866795075089","10.996566617124676","9871.313938624118","-262.1261750501164","-2.6554334780548174","79200.0","1637121600000.0","1637200800000.0"
"09f52450-15e9-4788-ac5d-d4c9480b6c34","TradeIQ220320Strategy","BTC-USDT","Bybit Perpetual","short","58142.12999999999","57992.74999999999","0.16549607096139254","10.570926487865044","9622.29407232651","14.150876592347341","0.14706343919632356","93600.0","1637251200000.0","1637344800000.0"
"50727dee-e417-4bc6-89ed-c919cc0affcf","TradeIQ220320Strategy","BTC-USDT","Bybit Perpetual","short","58661.39000000001","58880.96","0.16426029804423722","10.619147794101027","9635.737405089238","-46.68578143567295","-0.4845065766426476","50400.0","1637539200000.0","1637589600000.0"
"a0236973-446f-447a-83c3-1593c995907a","TradeIQ220320Strategy","BTC-USDT","Bybit Perpetual","short","56007.95","57815.12000000001","0.17125043699555773","10.720737762721779","9591.385912725347","-320.199389987986","-3.3384058664886194","86400.0","1637611200000.0","1637697600000.0"
"ba64765a-e0d7-45ad-8a9e-6e314ca87cbb","TradeIQ220320Strategy","BTC-USDT","Bybit Perpetual","short","57878.15","54896.80999999999","0.16046118426792774","9.952802000552499","9287.196492236762","468.43654510479297","5.043896136970534","14400.0","1637906400000.0","1637920800000.0"
"fd1ebd5d-f035-4d02-917a-00b1810666a5","TradeIQ220320Strategy","BTC-USDT","Bybit Perpetual","short","54896.81","54605.42","0.17728190782098838","10.677020334778966","9732.211210086312","40.98115478517873","0.4210878072878905","86400.0","1637920800000.0","1638007200000.0"
"c916c93a-006e-4a77-90d2-c06ba01f090b","TradeIQ220320Strategy","BTC-USDT","Bybit Perpetual","short","54176.78","56297.740000000005","0.18035666400129785","10.958648736389563","9771.143307132234","-393.4879188165834","-4.027040710060668","64800.0","1638072000000.0","1638136800000.0"
"992cabac-2a2e-4ce9-97cb-ef72268fdc8f","TradeIQ220320Strategy","BTC-USDT","Bybit Perpetual","long","58656.009999999995","57929.530000000006","0.16021085962472523","10.273048270767035","9397.329784256479","-126.6630335709356","-1.34786196163017","7200.0","1638208800000.0","1638216000000.0"
"233311cb-e6be-4ec4-8da1-d77065f5de34","TradeIQ220320Strategy","BTC-USDT","Bybit Perpetual","long","58305.63","57827.98","0.15910984758014088","10.162900542317338","9276.999902364088","-86.1617192389707","-0.9287670598876888","7200.0","1638223200000.0","1638230400000.0"
"bdd29e6f-db46-4188-9816-7d505cca941e","TradeIQ220320Strategy","BTC-USDT","Bybit Perpetual","short","56329.32","56743.03","0.1632390781406036","10.151804397455425","9195.146269087065","-77.68544341500439","-0.8448527205725173","14400.0","1638252000000.0","1638266400000.0"
"1e871912-276a-4c0f-b16e-5c6f68176986","TradeIQ220320Strategy","BTC-USDT","Bybit Perpetual","long","58650.24999999999","57476.30000000001","0.15552099262735983","9.933063979514904","9121.34509784281","-192.50693327440126","-2.110510360143363","14400.0","1638374400000.0","1638388800000.0"
"a0002dde-e4cb-4a65-bbfe-d94e49ccd707","TradeIQ220320Strategy","BTC-USDT","Bybit Perpetual","short","57011.99","57249.03","0.15678217005286305","9.852749867429472","8938.463511232127","-47.016395456760264","-0.5260008657827957","14400.0","1638396000000.0","1638410400000.0"
"e9e361d6-59ca-4f42-aaa8-3cd270f1247b","TradeIQ220320Strategy","BTC-USDT","Bybit Perpetual","short","56328.39","56853.43","0.15789192511179898","9.828772496101411","8893.797935548206","-92.72834885680048","-1.0426181202764733","108000.0","1638417600000.0","1638525600000.0"
"1cc733e8-3e8a-455f-87d0-4ebb8f30cd9b","TradeIQ220320Strategy","BTC-USDT","Bybit Perpetual","short","56030.73","52003.89","0.15715850934182446","9.338207910080751","8805.706004134245","623.5139638479523","7.080794697838138","43200.0","1638547200000.0","1638590400000.0"
"8f28bcd1-4c62-4375-a870-20d2ae238160","TradeIQ220320Strategy","BTC-USDT","Bybit Perpetual","short","52003.89000000001","46483.33999999999","0.1807181014687516","9.789133873483953","9398.044269789798","987.8741811898359","10.511486782046529","28800.0","1638590400000.0","1638619200000.0"
"9658f526-1eb1-4cdf-89f2-7ff96311d853","TradeIQ220320Strategy","BTC-USDT","Bybit Perpetual","short","46483.34","49246.77","0.2223705254811754","11.7081551757889","10336.524741920139","-626.2135364062334","-6.05825992818072","28800.0","1638619200000.0","1638648000000.0"
"22e7d609-e07d-46ad-a8d0-f81bcfb29388","TradeIQ220320Strategy","BTC-USDT","Bybit Perpetual","short","50121.08","50403.71","0.19436177118159098","10.745996927631618","9741.621882334217","-65.67846431668417","-0.6742046151040588","7200.0","1638936000000.0","1638943200000.0"
"a198f96d-2477-42a8-a906-43fa4538a996","TradeIQ220320Strategy","BTC-USDT","Bybit Perpetual","short","50128.0","50626.17","0.19309023582096566","10.700055544885116","9679.227341233367","-106.89181832381524","-1.1043424702760898","21600.0","1638957600000.0","1638979200000.0"
"fe0c7dc9-66bd-4827-a519-2a8c66824d22","TradeIQ220320Strategy","BTC-USDT","Bybit Perpetual","short","49186.55","49589.990000000005","0.1947215267959583","10.578655274232126","9577.680113825743","-89.13710804479399","-0.9306753512901439","100800.0","1639044000000.0","1639144800000.0"
"fc1e6c0c-e18e-495a-b759-10a08228c869","TradeIQ220320Strategy","BTC-USDT","Bybit Perpetual","short","47695.0","48516.009999999995","0.19903553540587463","10.532175438009478","9492.99986118319","-173.94234036158556","-1.8323221627004818","57600.0","1639159200000.0","1639216800000.0"
"6ec96833-fd1f-48d0-9325-103602f81c89","TradeIQ220320Strategy","BTC-USDT","Bybit Perpetual","short","48580.67","49221.11000000001","0.1920054753843387","10.328162494283982","9327.754637839682","-133.2961491494317","-1.4290271809754982","14400.0","1639360800000.0","1639375200000.0"
"00594f83-2bde-42a2-8611-7072bbcf9c15","TradeIQ220320Strategy","BTC-USDT","Bybit Perpetual","short","48731.03","46820.43","0.1888144637235807","9.922823722847847","9201.123296147724","350.8260906674252","3.812861531964333","93600.0","1639382400000.0","1639476000000.0"
"538757c4-79df-4a22-95f7-21dd04c68143","TradeIQ220320Strategy","BTC-USDT","Bybit Perpetual","short","47647.58","48659.07","0.20010267220878328","10.59916990906181","9534.408082281778","-213.00102182152358","-2.234024597891431","21600.0","1639576800000.0","1639598400000.0"
"8eeb16e4-e596-46ad-84c4-30c5429ad25d","TradeIQ220320Strategy","BTC-USDT","Bybit Perpetual","short","47624.5","47059.59","0.19595076298021671","10.20438082267313","9332.05711155133","100.49016469248178","1.0768275792921784","129600.0","1639699200000.0","1639828800000.0"
"5da9ac95-f472-44f7-8a2a-c990d96153c8","TradeIQ220320Strategy","BTC-USDT","Bybit Perpetual","short","46656.13","46948.24","0.2020639681861566","10.402738742970877","9427.522768009187","-69.4276444898292","-0.7364357127348552","93600.0","1639944000000.0","1640037600000.0"
"7023f3f2-134b-424e-9535-c01a2e1c20e4","TradeIQ220320Strategy","BTC-USDT","Bybit Perpetual","long","49074.93","48875.15","0.19076066956680018","10.276762564706903","9361.56650574385","-48.38692913076203","-0.516867867157424","7200.0","1640124000000.0","1640131200000.0"
"5c86cf6f-8640-4ca5-b7ce-3d00e35ec41a","TradeIQ220320Strategy","BTC-USDT","Bybit Perpetual","long","49236.8","48961.42","0.1891999261339003","10.218502783764272","9315.598923069623","-62.32037844251862","-0.668989497692792","7200.0","1640145600000.0","1640152800000.0"
"30d85ab5-6597-407b-a429-cc1703797dd5","TradeIQ220320Strategy","BTC-USDT","Bybit Perpetual","long","49175.75","48924.98999999999","0.18823087728299479","10.156073593771037","9256.394563549231","-57.35684838125657","-0.619645672918073","7200.0","1640160000000.0","1640167200000.0"
"d9219eb4-3161-4a5f-a445-ac8475a02843","TradeIQ220320Strategy","BTC-USDT","Bybit Perpetual","short","48374.46","48589.22","0.19022239333704266","10.144564802001925","9201.905557587037","-50.996725995065596","-0.5541974504728364","28800.0","1640239200000.0","1640268000000.0"
"7197979b-f141-4cda-ba2b-dc7b14086493","TradeIQ220320Strategy","BTC-USDT","Bybit Perpetual","long","50030.94","50685.22","0.18295596020965676","10.134641968786184","9153.458667891726","109.56978367718783","1.197031500907236","151200.0","1640282400000.0","1640433600000.0"
"b15daad9-dcf2-4128-92b9-f852e91db5c2","TradeIQ220320Strategy","BTC-USDT","Bybit Perpetual","long","50777.32","50707.72000000001","0.182316631960589","10.176325877952111","9257.549962385056","-22.865563462407515","-0.2469936814309839","93600.0","1640556000000.0","1640649600000.0"
"55786641-14d4-454a-ae56-0b862ba85e95","TradeIQ220320Strategy","BTC-USDT","Bybit Perpetual","short","49176.79","47941.37000000001","0.18780867309752766","10.031798019800364","9235.827677095767","221.99079289834557","2.40358309682269","122400.0","1640671200000.0","1640793600000.0"
"06f41675-8989-4d4c-8410-ba00c0702b7c","TradeIQ220320Strategy","BTC-USDT","Bybit Perpetual","short","46436.54","47300.0","0.2034328770048156","10.488001706972337","9446.7189303492","-186.14415368555024","-1.9704635552088918","50400.0","1640822400000.0","1640872800000.0"
"ba0e310f-9acc-41f9-a87a-f20cd5d68ca4","TradeIQ220320Strategy","BTC-USDT","Bybit Perpetual","short","47000.02","47194.78","0.1972314476535952","10.217997220992478","9269.881984347927","-48.63079396600708","-0.5246107129316159","79200.0","1640973600000.0","1641052800000.0"
"f22707e5-746e-44ef-9c45-bcfb5dff26c6","TradeIQ220320Strategy","BTC-USDT","Bybit Perpetual","short","46908.29","47280.0","0.19663225263765147","10.186250599133611","9223.68273008022","-83.27642522707487","-0.9028543984442817","14400.0","1641153600000.0","1641168000000.0"
"b7b7804c-bfe0-49a7-b801-2f5f6df5ffc2","TradeIQ220320Strategy","BTC-USDT","Bybit Perpetual","short","46802.86","47364.11","0.1953848573808203","10.119340001888691","9144.570126114499","-119.77909120687407","-1.3098384019694522","28800.0","1641182400000.0","1641211200000.0"
"a0e5554d-cecf-468e-9430-5f44ebff11de","TradeIQ220320Strategy","BTC-USDT","Bybit Perpetual","short","46689.99","46709.98","0.19342004548443828","9.935984545104844","9030.779989467968","-13.802451254339779","-0.15283786417603695","72000.0","1641225600000.0","1641297600000.0"
"6b792835-720d-4134-bcd4-d8b09953c36a","TradeIQ220320Strategy","BTC-USDT","Bybit Perpetual","short","46058.09","46850.75000000001","0.19578900603078303","10.00479118929018","9017.667660776347","-165.19890470965277","-1.8319471389282769","50400.0","1641326400000.0","1641376800000.0"
"3201de60-056d-495d-b082-aac4f6644e88","TradeIQ220320Strategy","BTC-USDT","Bybit Perpetual","short","46429.36","46611.46000000001","0.19084322293699887","9.76591547442565","8860.728701302178","-44.51846637125426","-0.5024244378987905","7200.0","1641391200000.0","1641398400000.0"
"4411d5e8-ee74-4170-86f2-36cc01ac7ef3","TradeIQ220320Strategy","BTC-USDT","Bybit Perpetual","short","46007.99","43604.00000000001","0.1916718413095093","9.446852319690134","8818.43615824949","451.3303374699553","5.118031466925617","14400.0","1641405600000.0","1641420000000.0"
"ea1dce63-e1db-4cdc-8a0c-04b9623761df","TradeIQ220320Strategy","BTC-USDT","Bybit Perpetual","short","43604.0","42409.0","0.21207228646101153","10.032535466454043","9247.199978845947","243.39384685445472","2.6320815750848543","129600.0","1641420000000.0","1641549600000.0"
"92fee130-44c6-4547-bb67-a555965b9fb5","TradeIQ220320Strategy","BTC-USDT","Bybit Perpetual","short","41297.41","41688.05","0.2295161883846391","10.475578558800265","9478.42413335768","-100.13378238937555","-1.056439139887948","115200.0","1641571200000.0","1641686400000.0"
"bc03187a-b314-4fda-803c-027395ea62a2","TradeIQ220320Strategy","BTC-USDT","Bybit Perpetual","short","41564.26","41801.55","0.22575397805922137","10.351089782896072","9383.297040087773","-63.9202512365689","-0.6812131275764343","43200.0","1641816000000.0","1641859200000.0"
"b2b85ffd-c410-4163-bc5c-cb0206481e76","TradeIQ220320Strategy","BTC-USDT","Bybit Perpetual","short","42800.0","43082.57","0.21781712152834187","10.28868180277098","9322.572801413033","-71.83726583303448","-0.7705733960280367","79200.0","1642096800000.0","1642176000000.0"
"b85106bf-dabd-4fc7-8856-ff75833c6b17","TradeIQ220320Strategy","BTC-USDT","Bybit Perpetual","short","42966.51","43173.02","0.21538466584490226","10.204223636797813","9254.327398871652","-54.68331098042745","-0.5908944931761848","14400.0","1642305600000.0","1642320000000.0"
"a5f6f97f-9c7e-4b55-bd26-2a187c4ea18c","TradeIQ220320Strategy","BTC-USDT","Bybit Perpetual","short","42960.0","43097.88","0.21420805990317143","10.138860332798966","9202.378253440245","-39.67386763224768","-0.43112624301675356","7200.0","1642334400000.0","1642341600000.0"
"0291aeb3-fab8-4417-b45c-c1c9ee3e980e","TradeIQ220320Strategy","BTC-USDT","Bybit Perpetual","short","42817.01","43060.66","0.21404315899661394","10.10984027573781","9164.68807918961","-62.26145596526311","-0.6793625208766364","14400.0","1642363200000.0","1642377600000.0"
"fb027e17-7871-4b57-8f18-4ad3e9abe966","TradeIQ220320Strategy","BTC-USDT","Bybit Perpetual","short","42879.99","42238.63","0.21234938944767973","9.941187843195983","9105.539696022612","126.25121657296799","1.3865319441539061","86400.0","1642384800000.0","1642471200000.0"
"f3a8726f-478e-4ebf-b067-9cd63a25f26c","TradeIQ220320Strategy","BTC-USDT","Bybit Perpetual","short","41885.84","42348.55","0.22025291486972523","10.204078461375278","9225.478351766931","-112.11730470074724","-1.2153007185722104","43200.0","1642500000000.0","1642543200000.0"
"de7adbff-a5de-43ae-8c4a-5f41f75ed0b5","TradeIQ220320Strategy","BTC-USDT","Bybit Perpetual","short","41271.21","42171.24","0.22095225490847545","10.140238615423247","9118.96691230122","-209.00389660069814","-2.291969020292836","21600.0","1642579200000.0","1642600800000.0"
"cbbbd3d7-78d4-4d3b-8386-0b3198842243","TradeIQ220320Strategy","BTC-USDT","Bybit Perpetual","short","41319.68","38447.91","0.21588776124429226","9.47146553372393","8920.413210530558","610.5085305747965","6.8439489983949455","21600.0","1642716000000.0","1642737600000.0"
"ca8ba655-2154-43b2-ad0c-1a2dcb47e919","TradeIQ220320Strategy","BTC-USDT","Bybit Perpetual","short","38447.91","35728.06","0.2470978608350002","10.080797931798635","9500.396314576614","661.9883188602781","6.968007406644484","93600.0","1642737600000.0","1642831200000.0"
"8bb06f85-13ac-465d-8131-e0f7b3b76e91","TradeIQ220320Strategy","BTC-USDT","Bybit Perpetual","short","35728.06","35364.01","0.28351064170553564","11.085447112231172","10129.28521749388","92.12660200066784","0.9095074333730845","57600.0","1642831200000.0","1642888800000.0"
"9d46f573-f324-4f5c-bb88-c9e40170ea43","TradeIQ220320Strategy","BTC-USDT","Bybit Perpetual","short","34875.53","36050.48","0.2929505441034018","11.427797271320827","10216.805489394514","-355.630039065614","-3.4808339987951555","43200.0","1643011200000.0","1643054400000.0"
"a91f69b9-bf5f-402f-b17c-80f3f3c21bb3","TradeIQ220320Strategy","BTC-USDT","Bybit Perpetual","short","36311.23","36670.15","0.2720634071685861","10.920559596465921","9878.95695228218","-108.56955769741438","-1.098998185960647","50400.0","1643234400000.0","1643284800000.0"
"1aea856d-0ea5-48d0-8903-9e325f8fc61f","TradeIQ220320Strategy","BTC-USDT","Bybit Perpetual","short","36266.37","37131.0","0.2695559514908615","10.881583849002247","9775.815872469635","-243.94774618654512","-2.495420836163083","21600.0","1643306400000.0","1643328000000.0"
"a3ef2f4b-f8ff-4317-b9b9-114f6509beb0","TradeIQ220320Strategy","BTC-USDT","Bybit Perpetual","short","37505.73","37713.0","0.2544695307514989","10.527481209753034","9544.065513592417","-63.2713808486154","-0.6629395068433458","7200.0","1643572800000.0","1643580000000.0"
"9ef47430-c610-4b34-a667-d12c79d9e020","TradeIQ220320Strategy","BTC-USDT","Bybit Perpetual","short","36804.37","37694.46","0.25768564172640995","10.558503349029198","9483.957701786232","-239.92191619328852","-2.5297657764553403","50400.0","1643594400000.0","1643644800000.0"
"cf6db19f-6d4b-42b8-bd47-81ddf3add3be","TradeIQ220320Strategy","BTC-USDT","Bybit Perpetual","long","38840.98","38604.97","0.2383058275409788","10.150701662445996","9256.031881402607","-66.39326002039289","-0.7172972270524637","7200.0","1643724000000.0","1643731200000.0"
"809b6668-1885-4e51-a856-5828381cd49a","TradeIQ220320Strategy","BTC-USDT","Bybit Perpetual","long","38846.32","38356.04","0.23664939907778224","10.048440655762638","9192.958284383234","-126.07290803561743","-1.3714073765545842","7200.0","1643738400000.0","1643745600000.0"
"cf8bc53f-e2b0-4e01-b461-d2be529e5cf6","TradeIQ220320Strategy","BTC-USDT","Bybit Perpetual","short","37419.51","36810.65","0.24247214946826925","9.89931054781545","9073.189021749396","137.73228237743513","1.5180140306487193","93600.0","1643817600000.0","1643911200000.0"
"9a69c952-15f3-42d5-ba17-0f956a10365f","TradeIQ220320Strategy","BTC-USDT","Bybit Perpetual","long","39481.72","41509.99","0.23312142150868706","10.384496411090641","9204.03469000796","462.4486891923333","5.024412714289035","50400.0","1643990400000.0","1644040800000.0"
"cd8058be-77af-4e01-9cb7-472dbebee780","TradeIQ220320Strategy","BTC-USDT","Bybit Perpetual","long","41509.99","41731.74","0.23231421989599796","10.636030662258811","9643.360944740676","40.879647599678734","0.42391493830762184","36000.0","1644040800000.0","1644076800000.0"
"7a820780-f3e4-4fb4-b139-80d9359c4bea","TradeIQ220320Strategy","BTC-USDT","Bybit Perpetual","long","41588.0","43805.26","0.23281226820141324","10.934329202342159","9682.196609960374","505.2710005899238","5.218557533423107","115200.0","1644134400000.0","1644249600000.0"
"db32637a-0703-42b6-a17d-8cc65aa79977","TradeIQ220320Strategy","BTC-USDT","Bybit Perpetual","long","43805.26","43844.1","0.2319859318383409","11.183380150048812","10162.204060520802","-2.173046557448462","-0.021383614661808863","64800.0","1644249600000.0","1644314400000.0"
"4f23b21a-61a7-4de2-b602-fdc0fc63872e","TradeIQ220320Strategy","BTC-USDT","Bybit Perpetual","long","43928.29","43628.82","0.2312892139960655","11.138058333416875","10160.139666291225","-80.40223924881889","-0.7913497440942983","86400.0","1644415200000.0","1644501600000.0"
"4dac95bd-e3f2-457e-b5b6-27e33cfb410c","TradeIQ220320Strategy","BTC-USDT","Bybit Perpetual","long","44936.02","43721.65","0.22440255142767088","10.94225404339786","10083.757539004846","-283.44998042061746","-2.8109559291187676","21600.0","1644508800000.0","1644530400000.0"
"ae304e20-c02f-4637-8895-61a8865e7b61","TradeIQ220320Strategy","BTC-USDT","Bybit Perpetual","long","42465.61","42102.29","0.2311159561255627","10.749745086317038","9814.480057605257","-94.71879426585642","-0.9650923300053849","21600.0","1644847200000.0","1644868800000.0"
"f2d2e52c-6720-439c-92d4-1fce99b457f1","TradeIQ220320Strategy","BTC-USDT","Bybit Perpetual","long","42525.14","44214.4","0.22867643006119895","10.909408593792813","9724.497203052693","375.3845376513886","3.8601948235796573","43200.0","1644883200000.0","1644926400000.0"
"0d4da02a-2956-4f23-b671-afa0c8307743","TradeIQ220320Strategy","BTC-USDT","Bybit Perpetual","long","44214.4","43987.2","0.22800518640582054","11.060732237110393","10081.112513821512","-62.86351058851382","-0.6235771151480161","50400.0","1644926400000.0","1644976800000.0"
"028ecca1-2adc-4528-be6e-1cdd5929dc52","TradeIQ220320Strategy","BTC-USDT","Bybit Perpetual","long","44202.2","43574.3","0.22671704527743924","10.94523579863733","10021.392178762424","-153.30086852834012","-1.5297362461596804","28800.0","1645041600000.0","1645070400000.0"
"dcc21647-60f7-45a5-ba0e-b52980021ecf","TradeIQ220320Strategy","BTC-USDT","Bybit Perpetual","short","41907.7","40167.2","0.23565493581514857","10.637745410344106","9875.756353660501","399.519670375922","4.045458961002393","72000.0","1645113600000.0","1645185600000.0"
"c2523d8e-a855-4ff5-b3f8-5747b5c4ef47","TradeIQ220320Strategy","BTC-USDT","Bybit Perpetual","short","40167.2","40142.1","0.25531528312945956","11.277305417085788","10255.300040517628","-4.8688918105367245","-0.047476834332493806","50400.0","1645185600000.0","1645236000000.0"
"1a212a95-24e9-4135-8755-3f13f3354d6c","TradeIQ220320Strategy","BTC-USDT","Bybit Perpetual","short","39778.1","38160.0","0.25769643581009694","11.046403821096003","10250.674593297617","405.9321989632215","3.960053509343077","21600.0","1645329600000.0","1645351200000.0"
"51c4bd3d-4148-4298-ab64-1bf10a857eff","TradeIQ220320Strategy","BTC-USDT","Bybit Perpetual","short","38160.0","39111.8","0.2787293024715063","11.845853203094759","10636.31018231268","-277.14040329547527","-2.6056066299790435","57600.0","1645351200000.0","1645408800000.0"
"9de5e3a5-b343-4aff-a1de-2b4b2051aa4c","TradeIQ220320Strategy","BTC-USDT","Bybit Perpetual","short","37549.9","37824.9","0.27624645602736564","11.452111755574316","10373.026799181978","-87.41988716309987","-0.8427616052239819","93600.0","1645444800000.0","1645538400000.0"
"328ef5ef-3741-495a-acb9-2f8664081297","TradeIQ220320Strategy","BTC-USDT","Bybit Perpetual","short","37602.8","34907.8","0.27364924703418453","10.913359100598319","10289.977906377035","726.571361656529","7.060961337985469","28800.0","1645646400000.0","1645675200000.0"
"713151ba-c6bc-427b-8150-a6ceeb95135d","TradeIQ220320Strategy","BTC-USDT","Bybit Perpetual","short","34907.8","35815.1","0.3145492039014414","12.235207540930691","10980.220699950738","-297.6257002407071","-2.710562095004542","50400.0","1645675200000.0","1645725600000.0"
"b6c0e227-0d9f-4f25-90b9-98fd839a0b56","TradeIQ220320Strategy","BTC-USDT","Bybit Perpetual","short","38228.3","38770.3","0.27983133659414794","11.85064163463299","10697.476284722066","-163.51922606866117","-1.5285775982714376","21600.0","1645927200000.0","1645948800000.0"
"55579949-c40d-4cd7-a108-ac14cfc68c46","TradeIQ220320Strategy","BTC-USDT","Bybit Perpetual","short","37574.7","40792.8","0.28056466239136546","12.092933148975433","10542.133019956838","-914.9780731906303","-8.679249934131228","72000.0","1645992000000.0","1646064000000.0"
"baee390e-bf17-4490-ac7f-a68ac414d325","TradeIQ220320Strategy","BTC-USDT","Bybit Perpetual","long","40792.8","43471.7","0.23712282192999107","10.989569815685854","9672.90385042574","624.2387578525659","6.453478371183135","57600.0","1646064000000.0","1646121600000.0"
"456d2ede-f21a-43cd-8916-bc4355451827","TradeIQ220320Strategy","BTC-USDT","Bybit Perpetual","long","43471.7","43521.9","0.23615204076182159","11.299043895269682","10265.930670385678","0.5557885509747926","0.00541391295947562","108000.0","1646121600000.0","1646229600000.0"
"65942567-8c86-4352-88db-1684b4d4c911","TradeIQ220320Strategy","BTC-USDT","Bybit Perpetual","long","44116.1","43312.7","0.23271455703267296","11.190274955143988","10266.458669509104","-198.1531500751938","-1.9301022529190057","43200.0","1646236800000.0","1646280000000.0"
"1d4baa18-4674-45ac-af1f-4092b70d7391","TradeIQ220320Strategy","BTC-USDT","Bybit Perpetual","short","40694.6","40835.0","0.2476548037562151","11.105158398577494","10078.21317693767","-45.87589284595045","-0.4551986750084814","7200.0","1646409600000.0","1646416800000.0"
"0e68e148-a193-4b3f-be16-8697b3f93cb3","TradeIQ220320Strategy","BTC-USDT","Bybit Perpetual","short","39785.4","39106.1","0.2522189315360413","10.943861410501583","10034.631078734017","160.388458781932","1.5983493316643869","57600.0","1646424000000.0","1646481600000.0"
"b9ee28e2-f86e-4ad0-a4bd-f86a3395f6ed","TradeIQ220320Strategy","BTC-USDT","Bybit Perpetual","short","39466.1","38997.4","0.258120263075826","11.13916059401754","10187.000114576855","109.84180670962134","1.0782546920014826","115200.0","1646546400000.0","1646661600000.0"
"1ba7d62f-0d34-498c-8693-9c442e38e9ed","TradeIQ220320Strategy","BTC-USDT","Bybit Perpetual","short","37288.7","38678.5","0.2759911134191054","11.531449661232527","10291.349830950996","-395.10389909110603","-3.8391844177995025","28800.0","1646683200000.0","1646712000000.0"
"c8ce009f-0abc-45bd-b29a-fe112b00169b","TradeIQ220320Strategy","BTC-USDT","Bybit Perpetual","long","41198.5","40931.0","0.24068840192760524","10.872189958362291","9916.001126814444","-75.2563374739967","-0.7589383715426533","79200.0","1646798400000.0","1646877600000.0"
"b7b334fb-fcce-4b5f-b220-18d3c7394ed7","TradeIQ220320Strategy","BTC-USDT","Bybit Perpetual","short","39192.8","39878.4","0.2511815335014122","10.923673899488277","9844.507606214149","-183.13373326805612","-1.860263007491168","108000.0","1646892000000.0","1647000000000.0"
"9165bf2d-dda9-4290-9dd2-20bb643ef394","TradeIQ220320Strategy","BTC-USDT","Bybit Perpetual","short","38836.4","39170.9","0.249006873953546","10.68339465520605","9670.530559609495","-93.97619399266718","-0.9717790912648957","108000.0","1647036000000.0","1647144000000.0"
"168fdb9b-a868-4e47-9498-99a993f20e7a","TradeIQ220320Strategy","BTC-USDT","Bybit Perpetual","short","38964.0","39062.2","0.2459001430889144","10.55265955957634","9581.25317531646","-34.70005361090702","-0.36216612770762013","79200.0","1647165600000.0","1647244800000.0"
"f8e68e2e-5664-4c96-9677-635e2a32b385","TradeIQ220320Strategy","BTC-USDT","Bybit Perpetual","long","39653.8","38814.3","0.24079125139043664","10.391937596276456","9548.288124386097","-212.53619313854801","-2.2259088788464156","7200.0","1647302400000.0","1647309600000.0"
"87703a85-1d13-4f5c-8067-78a2a7824e46","TradeIQ220320Strategy","BTC-USDT","Bybit Perpetual","short","38428.0","39000.8","0.24321793330135522","10.357639992702186","9346.378740904478","-149.67287218771918","-1.6013996044550929","28800.0","1647331200000.0","1647360000000.0"
"adcfcec6-dfc0-4de5-934a-3a8db2e2836b","TradeIQ220320Strategy","BTC-USDT","Bybit Perpetual","long","39730.7","39271.00000000001","0.23166441850574357","10.066035590305862","9204.189512326146","-116.56216877739382","-1.266403398379565","14400.0","1647374400000.0","1647388800000.0"
"aaad6388-ee0c-45fb-81dc-c3806e817578","TradeIQ220320Strategy","BTC-USDT","Bybit Perpetual","long","39561.0","40868.3","0.22985908981035916","10.168073130646377","9093.455451987618","290.3267149784368","3.1926995905058084","43200.0","1647417600000.0","1647460800000.0"
"47e77ccd-6f39-4aed-9fd2-4f194bf5e4d3","TradeIQ220320Strategy","BTC-USDT","Bybit Perpetual","long","40902.2","42188.200000000004","0.22906508283703894","10.468210147429485","9369.265831217133","284.1094863810043","3.0323559123959285","115200.0","1647619200000.0","1647734400000.0"
"8054acd5-55af-44d6-8408-81df9385560c","TradeIQ220320Strategy","BTC-USDT","Bybit Perpetual","long","42188.2","41760.69999999999","0.22848023483531144","10.549365412391342","9639.169843279085","-108.22466580448864","-1.1227591956992886","36000.0","1647734400000.0","1647770400000.0"
"37614bf9-d1a1-40b0-8da7-28e57dbb8393","TradeIQ220320Strategy","BTC-USDT","Bybit Perpetual","long","42230.0","42314.4","0.22581947456227383","10.500474591850487","9536.356410764824","8.558689061205751","0.0897479990528095","79200.0","1647921600000.0","1648000800000.0"
"2b02f6c7-bee9-40f4-8fda-69f79971fc9e","TradeIQ220320Strategy","BTC-USDT","Bybit Perpetual","long","42867.9","44095.2","0.22264881567263545","10.649227172221531","9544.48716537297","262.607664302803","2.751406751905262","122400.0","1648080000000.0","1648202400000.0"
"b4c21248-5443-4fa0-bc67-18c210f7a4be","TradeIQ220320Strategy","BTC-USDT","Bybit Perpetual","long","44554.5","44240.5","0.21981987108957865","10.735397999369527","9793.964446460632","-79.75883752149723","-0.8143672356327644","93600.0","1648209600000.0","1648303200000.0"
"a84ab07c-1f31-44ad-a887-4b3149b70209","TradeIQ220320Strategy","BTC-USDT","Bybit Perpetual","long","44836.1","46558.3","0.21674930582310262","10.895320015865435","9718.193550815211","362.39033447268287","3.728988649771065","21600.0","1648396800000.0","1648418400000.0"
"f348fffc-8d87-42bc-a75e-6d47891d5ea6","TradeIQ220320Strategy","BTC-USDT","Bybit Perpetual","long","46558.3","47121.9","0.2161261121768677","11.135705577673273","10062.46436856426","110.67297124520904","1.099859509475214","93600.0","1648418400000.0","1648512000000.0"
"152f2d8c-8a99-4266-84a4-ff2224f2b0b1","TradeIQ220320Strategy","BTC-USDT","Bybit Perpetual","long","47677.5","47418.5","0.21325790343971915","11.153985472026942","10167.60369124721","-66.3877824629142","-0.6529344030202926","36000.0","1648562400000.0","1648598400000.0"
"df0349a5-d96b-4525-981c-5880c3925b82","TradeIQ220320Strategy","BTC-USDT","Bybit Perpetual","long","47640.1","47061.2","0.21210147119564068","11.04745677977685","10104.535297907441","-133.83299845493354","-1.324484446926017","7200.0","1648663200000.0","1648670400000.0"
"8aef8696-3664-4909-a7fe-593d3c943195","TradeIQ220320Strategy","BTC-USDT","Bybit Perpetual","long","47380.1","47088.4","0.21058195211439515","10.941348628825306","9977.393949375253","-72.36810406059375","-0.7253207042619096","7200.0","1648692000000.0","1648699200000.0"
"09d73f51-b34e-4f69-8b74-65456f97dee3","TradeIQ220320Strategy","BTC-USDT","Bybit Perpetual","long","47284.3","46905.4","0.20955463548191874","10.855838537308205","9908.644250517691","-90.25608992140752","-0.9108823330365501","14400.0","1648720800000.0","1648735200000.0"
"f265a8a6-0441-43ac-b6fe-4e3947439781","TradeIQ220320Strategy","BTC-USDT","Bybit Perpetual","long","46523.5","46284.1","0.21113847765306465","10.777390458249009","9822.900965092353","-61.32394200839299","-0.6242956355390318","86400.0","1648828800000.0","1648915200000.0"
"6ca0980f-fbd7-4e89-89a5-b01e7a9207f8","TradeIQ220320Strategy","BTC-USDT","Bybit Perpetual","long","46388.0","45840.2","0.21049933647030222","10.67768619711768","9764.64322018438","-125.98922271554986","-1.2902593558679032","21600.0","1649016000000.0","1649037600000.0"
"d62e18de-f527-43be-a7f8-30eacb3be748","TradeIQ220320Strategy","BTC-USDT","Bybit Perpetual","long","46580.9","45740.5","0.2070581173529195","10.513742401462203","9644.953458604608","-184.52538422485605","-1.9131806598842047","57600.0","1649116800000.0","1649174400000.0"
"26f3cce0-9bf7-4ec5-8577-b928d389dcf6","TradeIQ220320Strategy","BTC-USDT","Bybit Perpetual","short","44802.5","43739.9","0.2113644181371797","10.293092071058183","9469.654343590993","214.30273864150865","2.263047106746272","86400.0","1649246400000.0","1649332800000.0"
"772bc834-81a2-41ef-9899-826c4ddf02a9","TradeIQ220320Strategy","BTC-USDT","Bybit Perpetual","short","42900.0","43636.3","0.22548349522844824","10.731879063475663","9673.24194530043","-176.75537660018276","-1.8272609906759976","7200.0","1649426400000.0","1649433600000.0"
"4e001348-0965-439b-9db2-36c21079b46a","TradeIQ220320Strategy","BTC-USDT","Bybit Perpetual","short","42722.1","43074.1","0.2224919734172771","10.498931217336864","9505.324337530254","-88.8161058602184","-0.934382696543475","165600.0","1649448000000.0","1649613600000.0"
"6b191d0d-4ff7-42aa-9fd1-f87d536c3899","TradeIQ220320Strategy","BTC-USDT","Bybit Perpetual","short","42140.4","40575.7","0.2235609779917382","10.170650716414329","9420.949036963046","339.6352115472594","3.6051061333067653","57600.0","1649635200000.0","1649692800000.0"
"61e0ed15-ca49-4f90-b3ab-46b7a98a450a","TradeIQ220320Strategy","BTC-USDT","Bybit Perpetual","short","40575.7","40154.9","0.24013393454537918","10.662386138915053","9743.602487932942","90.38597351777946","0.9276443043496371","57600.0","1649692800000.0","1649750400000.0"
"0257da5b-4bbe-4aa5-a9ec-c99d88fa9c45","TradeIQ220320Strategy","BTC-USDT","Bybit Perpetual","short","39281.1","40496.4","0.25023406072576465","10.97967627875233","9829.469162774834","-315.0891302787748","-3.205555916203983","64800.0","1649793600000.0","1649858400000.0"
"cb9259b0-6419-4a06-bc8e-32243f69d048","TradeIQ220320Strategy","BTC-USDT","Bybit Perpetual","short","39943.2","40397.9","0.23859216309684741","10.542816259019071","9530.134489009995","-119.03067281915664","-1.2489925819664034","86400.0","1649952000000.0","1650038400000.0"
"31d94acb-af7a-4b1d-b41a-6e9343906fe6","TradeIQ220320Strategy","BTC-USDT","Bybit Perpetual","short","40083.8","40357.8","0.2349341966039097","10.394165468243187","9417.055349831797","-74.76613533771445","-0.793943887555571","7200.0","1650218400000.0","1650225600000.0"
"fd996467-5f87-44f3-b27e-bd32506efadf","TradeIQ220320Strategy","BTC-USDT","Bybit Perpetual","short","39649.1","40189.5","0.2357185288256472","10.350690534524624","9346.027521260969","-137.7329835119047","-1.473706162308858","64800.0","1650240000000.0","1650304800000.0"
"f24c456e-ed2a-4f09-8974-c8b689860939","TradeIQ220320Strategy","BTC-USDT","Bybit Perpetual","long","42070.8","41580.9","0.21903983729628765","10.077680116656829","9215.18118692466","-117.38529640810847","-1.2738251590176595","7200.0","1650456000000.0","1650463200000.0"
"924f2285-866d-4cae-a3ac-2ccf7e83861a","TradeIQ220320Strategy","BTC-USDT","Bybit Perpetual","long","41833.7","41546.299999999996","0.21761558636546507","9.979633175133863","9103.665155336956","-72.52235269656884","-0.7966280773634689","36000.0","1650528000000.0","1650564000000.0"
"d1950f8a-47ed-455a-b161-738aa48b038a","TradeIQ220320Strategy","BTC-USDT","Bybit Perpetual","short","41209.9","39414.6","0.21923782683955106","9.72176709351396","9034.768920275215","383.8759034315327","4.248873510976739","72000.0","1650571200000.0","1650643200000.0"
"dd62fbdb-af8e-4bd3-abc0-90da6c144433","TradeIQ220320Strategy","BTC-USDT","Bybit Perpetual","short","39414.6","39795.0","0.2384763774980634","10.389290159088834","9399.45102853517","-101.1057041593525","-1.0756554170282115","93600.0","1650643200000.0","1650736800000.0"
"c2dbbf12-2754-4d3c-8987-0d809e7b60b1","TradeIQ220320Strategy","BTC-USDT","Bybit Perpetual","short","39392.8","38967.4","0.23617007700858492","10.178483957624465","9303.400609583785","90.2882668018279","0.9704867133080192","79200.0","1650823200000.0","1650902400000.0"
"db603648-818c-4975-8d07-1bb5c327dd1b","TradeIQ220320Strategy","BTC-USDT","Bybit Perpetual","short","38546.9","39033.5","0.2435779391610097","10.39328067320774","9389.174463045525","-128.9183058689547","-1.3730526190173489","64800.0","1650988800000.0","1651053600000.0"
"4ce0d2c8-ab41-405f-8c3f-4ef2f8062cdf","TradeIQ220320Strategy","BTC-USDT","Bybit Perpetual","short","39140.0","37614.5","0.23675784548978074","9.994726528404957","9266.702072470018","351.17936676625555","3.789690917220235","136800.0","1651226400000.0","1651363200000.0"
"ed767a19-e8b0-4638-a03d-217dd376eaf3","TradeIQ220320Strategy","BTC-USDT","Bybit Perpetual","short","37614.5","38470.2","0.2552292990973683","10.680474559168447","9600.32247089796","-229.08018579678577","-2.3861717821584687","57600.0","1651363200000.0","1651420800000.0"
"551f9203-45e5-433c-b2f8-6a20bea5d2de","TradeIQ220320Strategy","BTC-USDT","Bybit Perpetual","short","38366.7","38551.9","0.24455312274422913","10.345876104912845","9382.696294391015","-55.63711443714515","-0.5929757576231587","7200.0","1651514400000.0","1651521600000.0"
"4f632684-27c5-4366-9a64-32d2bcc82d08","TradeIQ220320Strategy","BTC-USDT","Bybit Perpetual","short","38515.7","38553.1","0.24223475194987307","10.267807908090907","9329.841035675725","-19.327387631016514","-0.20715666598296661","21600.0","1651543200000.0","1651564800000.0"
"a0c26d8e-aa4b-484f-96c9-2fa1a690b44e","TradeIQ220320Strategy","BTC-USDT","Bybit Perpetual","short","38360.6","38673.1","0.24273551554006612","10.284348185902335","9311.48001742626","-86.139196792173","-0.9250859866633994","64800.0","1651586400000.0","1651651200000.0"
"6c514fea-7d97-4bab-8f4f-55a58e8280bf","TradeIQ220320Strategy","BTC-USDT","Bybit Perpetual","long","39855.2","38992.6","0.2315795123465369","10.042744290478499","9229.647780473697","-209.8032316406009","-2.2731445081193886","64800.0","1651694400000.0","1651759200000.0"
"804f8a5f-5917-445a-968d-87dc53f3586b","TradeIQ220320Strategy","BTC-USDT","Bybit Perpetual","short","38992.6","36886.40000000001","0.23159098676197862","9.665090866481698","9030.334710415127","478.1118454515953","5.294508573421598","7200.0","1651759200000.0","1651766400000.0"
"f6cdd95f-e9a2-4fa5-bcc3-2f39cd10fe0d","TradeIQ220320Strategy","BTC-USDT","Bybit Perpetual","short","36886.4","34972.2","0.2571283986399905","10.162287710581392","9484.540963594145","482.03289296608955","5.0823007124577195","194400.0","1651766400000.0","1651960800000.0"
"d0dfa1aa-a87c-4a43-bd9b-bb80e30929e7","TradeIQ220320Strategy","BTC-USDT","Bybit Perpetual","short","34972.2","34585.5","0.28429644723271424","10.876253843223433","9942.472211911929","99.06118230166634","0.9963435671762059","79200.0","1651960800000.0","1652040000000.0"
"2949d085-f826-4eae-87e4-8cbf42f9da94","TradeIQ220320Strategy","BTC-USDT","Bybit Perpetual","short","33567.0","31259.000000000004","0.2990014101676799","10.660685978541512","10036.580335098512","679.4345686884626","6.769582327881539","50400.0","1652068800000.0","1652119200000.0"
"921fc494-b9f5-4d08-99fd-d1d20ede560a","TradeIQ220320Strategy","BTC-USDT","Bybit Perpetual","short","31259.0","31812.2","0.34172696424557886","11.854221339029165","10682.04317535255","-200.89757795968362","-1.880703669343231","43200.0","1652119200000.0","1652162400000.0"
"15d4853b-84b3-4e3e-bcff-682a4d85252f","TradeIQ220320Strategy","BTC-USDT","Bybit Perpetual","short","30217.300000000003","31517.099999999995","0.34719152526171604","11.788513273414285","10491.190476290853","-463.06805780859","-4.413875230414339","50400.0","1652220000000.0","1652270400000.0"
"913a4e18-a6ff-4ce3-b59f-fada14bcbbc9","TradeIQ220320Strategy","BTC-USDT","Bybit Perpetual","short","31223.0","27103.1","0.32191896426905453","10.326952736019315","10051.27582137269","1315.9469881560588","13.092337843897129","57600.0","1652277600000.0","1652335200000.0"
"9d4dfb6a-e7a4-4d67-a1d6-025ac3b3b47c","TradeIQ220320Strategy","BTC-USDT","Bybit Perpetual","short","27103.1","28634.2","0.4169790710332378","12.782708166745486","11301.425460120947","-651.2193638257368","-5.7622763263243035","43200.0","1652335200000.0","1652378400000.0"
"e8fa68f3-efc6-4f08-be7e-ce6ee9fc9bdd","TradeIQ220320Strategy","BTC-USDT","Bybit Perpetual","short","29065.0","29600.0","0.36754746480256306","11.859194612453301","10682.767064486496","-208.49708828182455","-1.9517142611388267","21600.0","1652529600000.0","1652551200000.0"
"9f53275a-c01d-42f1-ae5b-f0050f0d82f8","TradeIQ220320Strategy","BTC-USDT","Bybit Perpetual","short","29572.8","30162.5","0.3545384552906307","11.648153543577328","10484.694830618764","-220.71948062846252","-2.105158845290269","50400.0","1652688000000.0","1652738400000.0"
"d5db23d1-7cc0-4529-a640-f56d51a50bb6","TradeIQ220320Strategy","BTC-USDT","Bybit Perpetual","short","29338.1","29507.6","0.3502275649759775","11.335162421168784","10275.011324021725","-70.69873468459697","-0.6880647860631739","86400.0","1652882400000.0","1652968800000.0"
"0b6686eb-57fa-418c-b5ae-0fa5079a6ee8","TradeIQ220320Strategy","BTC-USDT","Bybit Perpetual","short","29142.0","30132.5","0.35027958019598376","11.419455836979761","10207.847526071359","-358.3713800211017","-3.5107438576624803","151200.0","1653062400000.0","1653213600000.0"
"c5f4a193-0164-46c5-a132-29ac127036ad","TradeIQ220320Strategy","BTC-USDT","Bybit Perpetual","short","29062.800000000003","29572.3","0.3395197542924739","10.94927610970305","9867.39471505131","-183.93459092171724","-1.8640643881525396","93600.0","1653336000000.0","1653429600000.0"
"34c458fa-73be-4fc6-b394-5903772b1d29","TradeIQ220320Strategy","BTC-USDT","Bybit Perpetual","short","29178.9","29626.7","0.33218033763012583","10.743735234398171","9692.656853675679","-159.49409042516828","-1.6455146698470444","28800.0","1653559200000.0","1653588000000.0"
"80e7e878-02c6-4d8b-87b4-31efdbc08c93","TradeIQ220320Strategy","BTC-USDT","Bybit Perpetual","short","29194.0","29306.2","0.32681843761635165","10.515419180334254","9541.13746777177","-47.18444788088915","-0.49453692539563177","50400.0","1653609600000.0","1653660000000.0"
"49f010fb-de7a-49b5-a4af-9bd3d00db834","TradeIQ220320Strategy","BTC-USDT","Bybit Perpetual","long","30345.6","31789.2","0.3129386877268839","10.694410525794812","9496.312242284926","441.0638790767354","4.644580631129397","64800.0","1653883200000.0","1653948000000.0"
"ab794cde-644c-4186-883e-efe5072e8ea9","TradeIQ220320Strategy","BTC-USDT","Bybit Perpetual","long","31789.2","31385.099999999995","0.3119085389820387","10.837531987817155","9915.322927407824","-136.8797725904608","-1.3804872881356114","57600.0","1653948000000.0","1654005600000.0"
"0ed0b741-d64c-44c1-90bd-9658fe3cefbd","TradeIQ220320Strategy","BTC-USDT","Bybit Perpetual","long","32106.5","30733.7","0.3047758909705788","10.533697869073151","9785.287143446887","-428.9300409934835","-4.383418030616851","79200.0","1654020000000.0","1654099200000.0"
"745743cf-fb8e-4915-b184-916d098c8082","TradeIQ220320Strategy","BTC-USDT","Bybit Perpetual","short","30163.2","30437.1","0.3109021458102283","10.362419818708968","9377.803604503079","-95.51851755612982","-1.0185595858529526","108000.0","1654106400000.0","1654214400000.0"
"5c73dddd-9277-4f27-a387-decd1d8adc37","TradeIQ220320Strategy","BTC-USDT","Bybit Perpetual","long","30614.0","30424.300000000003","0.3033599337827385","10.184116055416013","9287.061012824757","-67.73149549400063","-0.7293103318742964","21600.0","1654221600000.0","1654243200000.0"
"fee9b11b-c1e7-4e2b-bee2-388b5b8679a1","TradeIQ220320Strategy","BTC-USDT","Bybit Perpetual","short","29705.0","29958.3","0.3104768925132286","10.188241789596482","9222.716092105455","-88.83203866319707","-0.9631873926948302","180000.0","1654264800000.0","1654444800000.0"
"d6592eab-026a-4a99-975a-f7ede56a2d62","TradeIQ220320Strategy","BTC-USDT","Bybit Perpetual","long","30833.800000000003","29551.699999999997","0.29637364370837904","9.843168864183777","9138.325655375418","-389.8238174626983","-4.265812274192625","86400.0","1654480800000.0","1654567200000.0"
"fca66425-17ff-488d-9605-2b2d7eaaa5b2","TradeIQ220320Strategy","BTC-USDT","Bybit Perpetual","short","29551.7","31050.5","0.2967001231328776","9.889374111167802","8767.993028785859","-454.5835186627245","-5.184578924393517","64800.0","1654567200000.0","1654632000000.0"
"7820e3ad-3304-4bc1-a89f-2557dd1c6d26","TradeIQ220320Strategy","BTC-USDT","Bybit Perpetual","long","31050.499999999996","30006.0","0.2684703526853439","9.015523048802986","8336.13868605627","-289.43280642864374","-3.472024846620816","28800.0","1654632000000.0","1654660800000.0"
"ab212c33-b8f7-4fd5-99c2-348938a77d13","TradeIQ220320Strategy","BTC-USDT","Bybit Perpetual","long","30547.9","30399.2","0.2638864707540962","8.845713316933338","8061.177519949056","-48.08563151806764","-0.5965087780174767","14400.0","1654675200000.0","1654689600000.0"
"57a95e67-8922-4c68-a762-a3058389fff3","TradeIQ220320Strategy","BTC-USDT","Bybit Perpetual","long","30754.5","30458.0","0.2606284013723811","8.774543810453782","8015.496170006894","-86.05086481736477","-1.0735563088328535","7200.0","1654696800000.0","1654704000000.0"
"d6180812-5d91-4e6c-a03b-af0924b2b5ca","TradeIQ220320Strategy","BTC-USDT","Bybit Perpetual","short","30127.6","30409.1","0.2633381964852958","8.767893969544271","7933.7478484303965","-82.89759628015503","-1.0448730897914205","7200.0","1654718400000.0","1654725600000.0"
"89aa5dec-651b-4444-834f-497e2b8447e8","TradeIQ220320Strategy","BTC-USDT","Bybit Perpetual","short","30192.5","30477.3","0.26016378676705304","8.681246700719864","7854.995131964249","-82.77589317197638","-1.053799420385855","28800.0","1654732800000.0","1654761600000.0"
"690e0c69-2447-41e6-9be2-8cb7c9723c7b","TradeIQ220320Strategy","BTC-USDT","Bybit Perpetual","short","30286.7","28970.5","0.25675818208820606","8.368124021200485","7776.358033450871","329.57699524329655","4.238192143746267","115200.0","1654776000000.0","1654891200000.0"
"54f92ac9-95b0-45ef-8099-3737aec3c61c","TradeIQ220320Strategy","BTC-USDT","Bybit Perpetual","short","28970.5","27538.2","0.2792308099249927","8.67843353784464","8089.456178932001","391.2638555177222","4.836713950397816","115200.0","1654891200000.0","1655006400000.0"
"142804bd-938f-4934-a435-12fb49820e1f","TradeIQ220320Strategy","BTC-USDT","Bybit Perpetual","short","27538.2","28077.8","0.3072516301600626","9.398458664640124","8461.156841673837","-175.19143829900946","-2.0705376531508906","43200.0","1655006400000.0","1655049600000.0"
"d4f8bbd4-b432-4a09-8f23-a21d64ef7dfb","TradeIQ220320Strategy","BTC-USDT","Bybit Perpetual","short","26564.7","24038.4","0.3122461377425599","8.690342393040293","8294.72497528978","780.1370753859885","9.405219313600377","36000.0","1655078400000.0","1655114400000.0"
"cab36f59-bca0-4ae6-a3c3-57ab0ada3391","TradeIQ220320Strategy","BTC-USDT","Bybit Perpetual","short","24038.4","20834.7","0.37589253847620757","9.277104907563192","9035.855196906468","1194.9698206086632","13.224756202575879","57600.0","1655114400000.0","1655172000000.0"
"4d3cbe5b-b5e9-46d1-8aa8-0b3a3e883e88","TradeIQ220320Strategy","BTC-USDT","Bybit Perpetual","short","20834.7","22739.3","0.48817964868631164","11.69956700652154","10171.076526484698","-941.48652589447","-9.256508133066463","14400.0","1655172000000.0","1655186400000.0"
"9bb98dd9-9467-429a-a74a-d2808009285d","TradeIQ220320Strategy","BTC-USDT","Bybit Perpetual","short","21210.4","21617.300000000003","0.43736395008509743","10.302210624782742","9276.664326884951","-188.2656019144095","-2.029453640666849","50400.0","1655272800000.0","1655323200000.0"
"ee3a6c1a-aa38-43b6-9abf-de8cfcd4f81f","TradeIQ220320Strategy","BTC-USDT","Bybit Perpetual","short","21028.1","19244.9","0.4326502159047305","9.583267179822167","9097.812005066264","761.918597821492","8.374745459646839","158400.0","1655380800000.0","1655539200000.0"
"f2030de7-3682-4818-a1e6-2ad916a0b74d","TradeIQ220320Strategy","BTC-USDT","Bybit Perpetual","short","19244.9","18959.7","0.5103499978174311","10.723744639638706","9821.634672996679","134.828074737893","1.3727661354436795","57600.0","1655539200000.0","1655596800000.0"
"a1de94a0-f278-4c94-913f-2a108f1ae2d5","TradeIQ220320Strategy","BTC-USDT","Bybit Perpetual","short","19968.7","20064.3","0.4982658532602362","10.97089229696187","9949.721343997679","-58.60510786863973","-0.5890125546480168","7200.0","1655748000000.0","1655755200000.0"
"44520a96-d99b-4f47-854c-0419d1905d43","TradeIQ220320Strategy","BTC-USDT","Bybit Perpetual","short","20405.0","20715.4","0.48488343501702874","10.966230440700826","9894.046491522471","-161.47404866998724","-1.6320324430286766","43200.0","1655863200000.0","1655906400000.0"
"43f31860-973d-4022-974a-2a256b575e6b","TradeIQ220320Strategy","BTC-USDT","Bybit Perpetual","short","20075.4","20366.6","0.4852030916089334","10.792420886966667","9740.646145285982","-152.08356116348665","-1.5613292885820311","36000.0","1655913600000.0","1655949600000.0"
"7de53f2a-4b3e-485c-915e-bacfc87d4d91","TradeIQ220320Strategy","BTC-USDT","Bybit Perpetual","short","20958.9","21087.6","0.45785641241575986","10.588192804551586","9596.16676218067","-69.51431308245854","-0.7243966763522754","7200.0","1656172800000.0","1656180000000.0"
"5e39d0e6-e868-427b-aa85-a46eea3a14a2","TradeIQ220320Strategy","BTC-USDT","Bybit Perpetual","short","21029.1","21354.9","0.45318763830845515","10.56434767413606","9530.128164752334","-158.21288023503206","-1.6601338145712508","28800.0","1656288000000.0","1656316800000.0"
"d79a5f25-566c-4658-99a1-bc34eefa639f","TradeIQ220320Strategy","BTC-USDT","Bybit Perpetual","short","20729.9","20868.2","0.45247810787939413","10.352226268657805","9379.825928529053","-72.92994858837768","-0.7775192113806592","64800.0","1656338400000.0","1656403200000.0"
"fa2e73b9-4f8b-4783-856e-25abd7a09ce6","TradeIQ220320Strategy","BTC-USDT","Bybit Perpetual","short","20595.4","20214.1","0.45206902887878336","10.146791068715793","9310.542477370096","162.22712964276562","1.7424025510551038","100800.0","1656432000000.0","1656532800000.0"
"af7cb107-a20e-4de6-a994-2f772ca8a7c2","TradeIQ220320Strategy","BTC-USDT","Bybit Perpetual","short","19423.5","19923.5","0.4872787216789314","10.545125724045503","9464.658250530723","-254.1844865635112","-2.6856171647746288","57600.0","1656576000000.0","1656633600000.0"
"445913b1-d042-4bca-a1ab-827c5f5d6447","TradeIQ220320Strategy","BTC-USDT","Bybit Perpetual","short","19180.0","19483.3","0.4808750254585707","10.225718454496796","9223.182988295386","-156.07511367608092","-1.692204457768505","201600.0","1656676800000.0","1656878400000.0"
"deddbbdb-902d-4669-a224-8dc6381fd595","TradeIQ220320Strategy","BTC-USDT","Bybit Perpetual","short","19215.4","19358.1","0.4722728452336723","10.019469127591584","9074.911630303108","-77.41280414243525","-0.8530419611353242","28800.0","1656900000000.0","1656928800000.0"
"68dc1ba3-3ac8-441b-a434-82675b383994","TradeIQ220320Strategy","BTC-USDT","Bybit Perpetual","short","19514.3","19691.9","0.4612704256041875","9.946563308177593","9001.369466367796","-91.8681908954823","-1.0206023787684015","21600.0","1657022400000.0","1657044000000.0"
"2d5135e9-90cc-45bb-969d-0045a899e89c","TradeIQ220320Strategy","BTC-USDT","Bybit Perpetual","long","20881.9","22133.0","0.4268813989635564","10.099243378552616","8914.09468501709","523.9720748647522","5.878017828837407","36000.0","1657209600000.0","1657245600000.0"
"086c9bb5-d99b-491d-b46a-bbdf20ea12f2","TradeIQ220320Strategy","BTC-USDT","Bybit Perpetual","long","22133.0","21564.8","0.42524141129257687","10.220162778309422","9411.868156138604","-251.8423326747519","-2.6757953734243016","28800.0","1657245600000.0","1657274400000.0"
"19f156f5-abdd-451d-b121-0f3cd9461d16","TradeIQ220320Strategy","BTC-USDT","Bybit Perpetual","long","21872.4","21407.5","0.419369522324829","9.982649044096503","9172.61794009759","-204.9475399729101","-2.2343407444999244","28800.0","1657389600000.0","1657418400000.0"
"14488ff4-394c-4809-998d-21efb35254d3","TradeIQ220320Strategy","BTC-USDT","Bybit Perpetual","short","20892.5","20913.1","0.42971964949734726","9.880578278464466","8977.917777123328","-18.732803058109194","-0.2086542060547974","14400.0","1657468800000.0","1657483200000.0"
"6e760818-7e9b-4b87-8739-c3c28ee0e6f3","TradeIQ220320Strategy","BTC-USDT","Bybit Perpetual","short","20853.8","20499.8","0.42966373582839223","9.77247824627415","8960.121614218126","142.3284842369767","1.5884659870143572","72000.0","1657497600000.0","1657569600000.0"
"2924f164-f4fb-4c10-908f-5185540eb946","TradeIQ220320Strategy","BTC-USDT","Bybit Perpetual","short","20230.3","19338.200000000004","0.4495896587911822","9.784273627633393","9095.333674243253","391.29466097997795","4.302147397715283","86400.0","1657576800000.0","1657663200000.0"
"46596816-a917-4452-91d4-85ea0db7ba93","TradeIQ220320Strategy","BTC-USDT","Bybit Perpetual","short","19338.2","19699.5","0.48955247138690433","10.511051381743307","9467.063602174234","-187.38635929383148","-1.9793503790425129","36000.0","1657663200000.0","1657699200000.0"
"f6a1f7a8-424a-4063-ade0-40668c1f1e3b","TradeIQ220320Strategy","BTC-USDT","Bybit Perpetual","short","19282.4","19875.3","0.4817370535226472","10.37504326139807","9289.046560845092","-295.99694229497453","-3.186515864207764","14400.0","1657720800000.0","1657735200000.0"
"c26c0d94-4567-483f-ad66-bb76b27b2645","TradeIQ220320Strategy","BTC-USDT","Bybit Perpetual","long","20723.2","20471.0","0.4346746383601406","9.848340693144417","9007.849465664865","-119.4732844875722","-1.3263241680821531","14400.0","1657821600000.0","1657836000000.0"
"3150cbac-3afe-4720-bae9-e1fcd94fcd07","TradeIQ220320Strategy","BTC-USDT","Bybit Perpetual","long","20578.6","20778.3","0.4322135541485657","9.831257005661751","8894.349845401674","76.48178975780714","0.859891853673237","64800.0","1657843200000.0","1657908000000.0"
"756bb8c1-0123-4523-85f0-ba250586b4e9","TradeIQ220320Strategy","BTC-USDT","Bybit Perpetual","long","21156.7","20709.4","0.423837722597172","9.759437862914005","8967.00754567159","-199.34205118062874","-2.2230610397651773","21600.0","1657915200000.0","1657936800000.0"
"adbad108-33ff-440a-be35-0726fdaf7b97","TradeIQ220320Strategy","BTC-USDT","Bybit Perpetual","short","20541.0","20607.2","0.4273225547466039","9.670954670973314","8777.632597049991","-37.9597077951988","-0.43245951998442494","7200.0","1657958400000.0","1657965600000.0"
"b3cc8443-ac12-4619-8d6a-72057de8b79f","TradeIQ220320Strategy","BTC-USDT","Bybit Perpetual","long","20935.0","20912.5","0.4175577203078363","9.610560685320198","8741.570874644553","-19.005609392246512","-0.21741640792930497","93600.0","1657987200000.0","1658080800000.0"
"903a322a-32d0-43f6-b6bb-7f9ff547c71e","TradeIQ220320Strategy","BTC-USDT","Bybit Perpetual","long","21851.9","21990.0","0.39921084874642104","9.626189160310645","8723.515545721919","45.50482905156952","0.5216340684334018","86400.0","1658124000000.0","1658210400000.0"
"9e692d3c-8743-46a8-ae47-8930430a3c34","TradeIQ220320Strategy","BTC-USDT","Bybit Perpetual","long","23116.2","23601.8","0.3792468110381857","9.744708884945078","8766.745133320908","174.41754255519734","1.9895359098813756","108000.0","1658246400000.0","1658354400000.0"
"d60c9b61-0216-4101-bc09-738fedfed920","TradeIQ220320Strategy","BTC-USDT","Bybit Perpetual","long","23100.1","22903.5","0.3866841181963864","9.783873824922605","8932.441798748345","-85.80597146233161","-0.9606104735477273","7200.0","1658455200000.0","1658462400000.0"
"951d925f-bfa8-4a2f-a22a-caa4e923498b","TradeIQ220320Strategy","BTC-USDT","Bybit Perpetual","long","23109.2","23009.4","0.3830044365819296","9.714995624921059","8850.926125859129","-47.938838395797355","-0.54162511034566","36000.0","1658476800000.0","1658512800000.0"
"89dc328b-9a08-4d05-8774-41f2e5b42432","TradeIQ220320Strategy","BTC-USDT","Bybit Perpetual","long","22741.8","22610.7","0.387189414619033","9.658004359580332","8805.384229383124","-60.41853661613499","-0.6861544600691174","14400.0","1658642400000.0","1658656800000.0"
"ff69e6bb-dad4-4b49-974c-f37c7263bb7e","TradeIQ220320Strategy","BTC-USDT","Bybit Perpetual","long","22648.2","22558.8","0.3862552705997737","9.603793109902185","8747.986619597796","-44.13501430152252","-0.5045162529472605","7200.0","1658664000000.0","1658671200000.0"
"7e6d6a9f-e6a6-40a1-a074-db5258582807","TradeIQ220320Strategy","BTC-USDT","Bybit Perpetual","long","22837.0","22570.6","0.3812260084954832","9.520806956847727","8706.05835601135","-111.079415620045","-1.2758864124009346","28800.0","1658678400000.0","1658707200000.0"
"5c57e822-51e2-4a81-8a74-ba4b567cd5fa","TradeIQ220320Strategy","BTC-USDT","Bybit Perpetual","short","21858.0","21900.100000000002","0.3934730035306207","9.46969706968629","8600.532911172308","-26.03491051832628","-0.30271275963035127","7200.0","1658721600000.0","1658728800000.0"
"cf27c411-a248-4644-8823-4f2c8963e7ad","TradeIQ220320Strategy","BTC-USDT","Bybit Perpetual","short","21300.0","20935.499999999996","0.40261970639342237","9.352664535158667","8575.799746179897","137.40221844524524","1.6022088028169184","79200.0","1658793600000.0","1658872800000.0"
"a07ec6b1-e280-4133-837e-6ad6e0eaa697","TradeIQ220320Strategy","BTC-USDT","Bybit Perpetual","long","22763.8","22841.799999999996","0.38246390557388826","9.593372740622286","8706.331853702877","20.23881189413961","0.23246083694284944","64800.0","1658952000000.0","1659016800000.0"
"a323c51f-fade-4534-99ce-43f1faf33763","TradeIQ220320Strategy","BTC-USDT","Bybit Perpetual","long","23739.4","23909.1","0.36755599235879216","9.63242043604935","8725.55872500231","52.74183146723661","0.6044521976123958","122400.0","1659024000000.0","1659146400000.0"
"f7a4d727-45ba-4c6b-8b9f-1ef70454ce1e","TradeIQ220320Strategy","BTC-USDT","Bybit Perpetual","long","24490.6","23629.9","0.3583278263862946","9.48360279329193","8775.663464896186","-317.8963629639747","-3.622476684932167","36000.0","1659189600000.0","1659225600000.0"
"23fb9cdb-b130-415e-b7cb-60095ee75e40","TradeIQ220320Strategy","BTC-USDT","Bybit Perpetual","long","23175.5","22935.6","0.3656301663429229","9.272785039790334","8473.661920080409","-96.98746194545807","-1.144575543138234","7200.0","1659463200000.0","1659470400000.0"
"df7325bc-c0c2-49bc-bb01-a4488c3699b2","TradeIQ220320Strategy","BTC-USDT","Bybit Perpetual","long","23374.0","22801.5","0.3585832048957057","9.106767327713914","8381.523831232225","-214.39565213050545","-2.5579555275091983","50400.0","1659520800000.0","1659571200000.0"
"edc24535-b718-4982-b446-12afe5a44c44","TradeIQ220320Strategy","BTC-USDT","Bybit Perpetual","short","22624.8","22875.799999999996","0.36145503879407753","9.04553162598459","8177.847961708245","-99.77074636329674","-1.2200122432021339","28800.0","1659636000000.0","1659664800000.0"
"00ef0b55-e525-450f-947e-fcc9aa923e37","TradeIQ220320Strategy","BTC-USDT","Bybit Perpetual","long","23184.0","22979.1","0.3486484537898168","8.85208139042958","8083.065752663112","-80.29014957196354","-0.9933130822981427","36000.0","1659679200000.0","1659715200000.0"
"f5ba81e0-311e-46c9-ae6f-50c14bbc5889","TradeIQ220320Strategy","BTC-USDT","Bybit Perpetual","long","23096.8","23121.1","0.3466623129857706","8.812102263439776","8006.7901105697465","-0.38820805788580337","-0.004848485504488631","72000.0","1659736800000.0","1659808800000.0"
"328142a3-6e8d-49f1-a9a7-f1ce5dbbdacc","TradeIQ220320Strategy","BTC-USDT","Bybit Perpetual","long","23235.1","24089.4","0.3445830365660038","8.968970952682316","8006.421312914755","285.40831718565573","3.564742673799566","57600.0","1659895200000.0","1659952800000.0"
"1c1be159-9c69-47cc-bf21-c61d904abf24","TradeIQ220320Strategy","BTC-USDT","Bybit Perpetual","long","24089.4","23804.4","0.34361832234265394","9.051452963638031","8277.559214241128","-106.9826748312944","-1.2924422775162518","50400.0","1659952800000.0","1660003200000.0"
"354ad182-4b7e-452c-a534-ef8fbd9b863c","TradeIQ220320Strategy","BTC-USDT","Bybit Perpetual","short","22870.8","23071.5","0.3574831520170435","9.03297901820194","8175.925673151398","-80.77984762802284","-0.9880208169368835","28800.0","1660096800000.0","1660125600000.0"
"9a7f92ec-1057-4257-a275-00018b62ed9d","TradeIQ220320Strategy","BTC-USDT","Bybit Perpetual","long","24012.2","24335.999999999996","0.3372945760032307","8.96917209073567","8099.1848179047765","100.24681161910897","1.2377395240752436","100800.0","1660140000000.0","1660240800000.0"
"304fbecf-7f24-4c1f-8f78-7ff7754e5596","TradeIQ220320Strategy","BTC-USDT","Bybit Perpetual","long","24162.0","24389.200000000004","0.3391449089041856","9.056240765653893","8194.419288942932","67.99748253737854","0.829802334243872","86400.0","1660334400000.0","1660420800000.0"
"b52b4535-ab89-4bb0-ad13-7446f2511159","TradeIQ220320Strategy","BTC-USDT","Bybit Perpetual","long","24867.1","24213.9","0.3321262590874465","8.96559890724903","8259.01689735344","-225.9104713431681","-2.735319156636669","36000.0","1660464000000.0","1660500000000.0"
"bb46b145-2f17-4d29-9c9b-4f44401a3499","TradeIQ220320Strategy","BTC-USDT","Bybit Perpetual","long","24856.1","24010.8","0.3236389437432836","8.698377545004766","8044.401949577431","-282.27037669120216","-3.50890443392165","14400.0","1660536000000.0","1660550400000.0"
"3a08f50f-60b1-4583-be9d-8986748e95cf","TradeIQ220320Strategy","BTC-USDT","Bybit Perpetual","long","24151.1","23774.2","0.3219830604701561","8.487124122372705","7776.245091720787","-129.84253961357385","-1.669733117746181","7200.0","1660716000000.0","1660723200000.0"
"236f403c-3d0d-43c7-92cc-4d20e9aa3753","TradeIQ220320Strategy","BTC-USDT","Bybit Perpetual","short","23416.2","21892.8","0.32682052079705043","8.144351037236458","7652.894679087893","489.73403034499063","6.39933059164169","151200.0","1660744800000.0","1660896000000.0"
"1561dea3-e12b-4976-94ad-bb997427439d","TradeIQ220320Strategy","BTC-USDT","Bybit Perpetual","short","21892.8","20824.9","0.37081332711739173","8.712160855091433","8118.142007915633","387.2793911735704","4.770542210224357","57600.0","1660896000000.0","1660953600000.0"
"80b311e5-702d-413c-a0d5-d07472b2a80d","TradeIQ220320Strategy","BTC-USDT","Bybit Perpetual","short","20824.9","21116.7","0.4074957108812299","9.400062159122907","8486.057429530525","-128.3073105942655","-1.5119778726428421","21600.0","1660953600000.0","1660975200000.0"
"f54727ed-837e-4c36-add7-e1e67bc5fbe4","TradeIQ220320Strategy","BTC-USDT","Bybit Perpetual","short","21106.5","21423.100000000002","0.39628386916191566","9.269586943049735","8364.165484465973","-134.7330599197131","-1.6108368512069844","43200.0","1661032800000.0","1661076000000.0"
"81fe45ed-a1bd-4c68-841f-f5c7006911e6","TradeIQ220320Strategy","BTC-USDT","Bybit Perpetual","short","21089.1","21387.0","0.39054151564278455","9.123774259926964","8236.169077542247","-125.46609176991305","-1.5233549795866181","57600.0","1661155200000.0","1661212800000.0"
"c112ad7b-0dfb-4f30-9410-9d68ff99aa44","TradeIQ220320Strategy","BTC-USDT","Bybit Perpetual","short","20955.1","21430.2","0.38735087355158543","9.029890639410308","8116.976290360827","-193.0602906637694","-2.378475478523139","14400.0","1661234400000.0","1661248800000.0"
"493f3386-3568-424e-aaf3-633f07a1518f","TradeIQ220320Strategy","BTC-USDT","Bybit Perpetual","short","21253.2","21407.3","0.37328821138606166","8.758563958009297","7933.5690142302465","-66.28227733260086","-0.8354660709916556","7200.0","1661313600000.0","1661320800000.0"
"a73ae471-7d30-4f98-a926-4c62657bddbc","TradeIQ220320Strategy","BTC-USDT","Bybit Perpetual","short","21302.5","21426.1","0.3694684121940747","8.682777398501656","7870.600850764276","-54.349073145688756","-0.6905327074286988","7200.0","1661335200000.0","1661342400000.0"
"d2a3104f-df0d-4774-b866-13822d46e375","TradeIQ220320Strategy","BTC-USDT","Bybit Perpetual","short","21395.2","21747.6","0.36545436505739","8.67169851943888","7818.969231275871","-137.4578167656623","-1.7580043187256849","28800.0","1661493600000.0","1661522400000.0"
"cff8ceb0-03d7-42f5-b397-8af1ea5a21a4","TradeIQ220320Strategy","BTC-USDT","Bybit Perpetual","short","20770.1","19862.0","0.37016597442229415","8.272341489128255","7688.384305348492","327.8753798837565","4.264555033437483","108000.0","1661529600000.0","1661637600000.0"
"eef5b2f1-713f-4e0b-aa98-51c0a81eaf8e","TradeIQ220320Strategy","BTC-USDT","Bybit Perpetual","short","19862.0","19973.5","0.4027724255481854","8.824552526858607","7999.865916238058","-53.73367797548127","-0.6716822324035847","72000.0","1661637600000.0","1661709600000.0"
"28183f09-4235-4744-9f37-40f4848606a8","TradeIQ220320Strategy","BTC-USDT","Bybit Perpetual","short","19547.5","20066.8","0.40664120333348763","8.859843641667577","7948.818922161349","-220.0286205327474","-2.7680668371914527","50400.0","1661731200000.0","1661781600000.0"
"b39199ce-9f5a-4bf1-871c-566ee6703c06","TradeIQ220320Strategy","BTC-USDT","Bybit Perpetual","short","19743.8","20228.8","0.39201125075493265","8.618339907059642","7739.791732655239","-198.74379652320198","-2.567818403752064","36000.0","1661875200000.0","1661911200000.0"
"72cd614f-80da-46de-a852-1ec59ea7bc89","TradeIQ220320Strategy","BTC-USDT","Bybit Perpetual","short","19885.7","20073.6","0.37971935239685783","8.345325735027469","7550.9851259581965","-79.69459205039622","-1.0554197991521435","50400.0","1662019200000.0","1662069600000.0"
"7e26a8e0-02de-471c-a93b-c46575c22624","TradeIQ220320Strategy","BTC-USDT","Bybit Perpetual","short","19791.3","19702.4","0.37770511606161905","8.20433489821152","7475.275263510321","25.37364991966559","0.3394343221516415","158400.0","1662141600000.0","1662300000000.0"
"f9ffd211-a77d-42c9-92b5-49f2f6128973","TradeIQ220320Strategy","BTC-USDT","Bybit Perpetual","short","19712.0","19848.1","0.38044745489722015","8.277796648263735","7499.3802309340035","-60.05669525977484","-0.8008221134334341","36000.0","1662357600000.0","1662393600000.0"
"bfafe431-9736-476b-b60f-433f8737e164","TradeIQ220320Strategy","BTC-USDT","Bybit Perpetual","short","19700.9","19763.0","0.37776580615287714","8.19946159859009","7442.3263704372175","-31.65871816068321","-0.42538739346932647","21600.0","1662408000000.0","1662429600000.0"
"fdf38752-3ade-4cef-8c99-fe8753de840f","TradeIQ220320Strategy","BTC-USDT","Bybit Perpetual","short","19810.1","19088.2","0.3741652282514762","8.004915213951918","7412.250588184568","262.10496306078795","3.536104991898062","7200.0","1662480000000.0","1662487200000.0"
"166decfe-d576-4b0b-b76b-bcdceda1262f","TradeIQ220320Strategy","BTC-USDT","Bybit Perpetual","short","19088.2","18982.1","0.4013605422770254","8.40395393895697","7661.250303092316","34.180399596636306","0.4461464936453002","93600.0","1662487200000.0","1662580800000.0"
"37a27ce3-f3f7-4311-bf83-d0f0f6d64783","TradeIQ220320Strategy","BTC-USDT","Bybit Perpetual","long","20526.3","21532.2","0.37482262671349054","8.67046259509614","7693.721682709121","368.36361761600455","4.787846932959186","86400.0","1662703200000.0","1662789600000.0"
"8c22fc62-b18b-488b-a7e3-8244a227309b","TradeIQ220320Strategy","BTC-USDT","Bybit Perpetual","long","21532.2","21167.0","0.37356457396105947","8.772999651062939","8043.667119444325","-145.19878206164213","-1.8051316632763987","28800.0","1662789600000.0","1662818400000.0"
"3682c152-a666-4b36-840e-de29c8de8891","TradeIQ220320Strategy","BTC-USDT","Bybit Perpetual","long","21569.4","22230.3","0.3665251827350675","8.829531175432624","7905.7282764857655","233.40696209417268","2.952377743469905","194400.0","1662840000000.0","1663034400000.0"
"f78b398f-fdca-42cc-bc78-4e9919e143af","TradeIQ220320Strategy","BTC-USDT","Bybit Perpetual","long","22267.8","21188.3","0.3649873310553908","8.723509276391892","8127.46489047523","-402.7273331506862","-4.955140853609247","21600.0","1663056000000.0","1663077600000.0"
"a16208d6-4557-4cf2-b9ec-fc0af8055896","TradeIQ220320Strategy","BTC-USDT","Bybit Perpetual","short","20754.2","20195.2","0.37317140260680143","8.404629768648826","7744.873923982079","200.1981842885532","2.58491211417448","136800.0","1663092000000.0","1663228800000.0"
"1e4b00ad-a557-4ad2-b087-3ca7cf0f3bed","TradeIQ220320Strategy","BTC-USDT","Bybit Perpetual","short","19728.8","19990.6","0.40220703737967867","8.786482210274125","7935.062199056204","-114.08428459627372","-1.4377238858927017","122400.0","1663257600000.0","1663380000000.0"
"9a9ee6df-3f5f-4960-a98e-be2be2b4b804","TradeIQ220320Strategy","BTC-USDT","Bybit Perpetual","short","19626.4","18766.2","0.398783379972371","8.420681936659989","7826.682128689743","334.61278151557383","4.275282629519426","36000.0","1663524000000.0","1663560000000.0"
"63a81b5a-9602-4263-aa12-5d527676b19e","TradeIQ220320Strategy","BTC-USDT","Bybit Perpetual","short","18766.2","19095.9","0.4340017835858905","9.03772041166904","8144.564271129539","-152.12810845993744","-1.867848339035077","36000.0","1663560000000.0","1663596000000.0"
"4f35d296-8058-4562-93c0-a4d079ad815f","TradeIQ220320Strategy","BTC-USDT","Bybit Perpetual","short","18911.8","19155.6","0.42301856872918486","8.856769384782755","8000.042568092598","-111.98869644095771","-1.3998512568872306","79200.0","1663682400000.0","1663761600000.0"
"62d05a58-f01e-46ea-bee0-318c37da89e4","TradeIQ220320Strategy","BTC-USDT","Bybit Perpetual","short","18990.3","19171.5","0.4156676464549633","8.724444074766762","7893.653306473689","-84.04342161240642","-1.0646961343422734","50400.0","1663790400000.0","1663840800000.0"
"7c48397e-d2de-4d46-9a41-a9c0400dc38a","TradeIQ220320Strategy","BTC-USDT","Bybit Perpetual","short","18975.5","19061.4","0.4117842510575164","8.614648008477307","7813.812055941903","-43.98691517431857","-0.5629379726489497","7200.0","1663862400000.0","1663869600000.0"
"67378a80-ef27-4ae1-ad34-4010846a9ec1","TradeIQ220320Strategy","BTC-USDT","Bybit Perpetual","short","18704.4","19280.7","0.4155185136399082","8.680931760854804","7772.0244865263","-248.1442511715336","-3.1927878199781823","28800.0","1663948800000.0","1663977600000.0"
"5d594d83-264b-47cf-8b05-f022047bed9d","TradeIQ220320Strategy","BTC-USDT","Bybit Perpetual","short","18985.6","19044.7","0.3969475522455621","8.302818972890421","7536.287447913343","-31.76241931060401","-0.42145976424238474","14400.0","1664006400000.0","1664020800000.0"
"cace230f-aa1a-473c-a01c-c0b9799d7891","TradeIQ220320Strategy","BTC-USDT","Bybit Perpetual","short","18941.4","19044.5","0.3962808002348437","8.279195567302413","7506.113149568268","-49.13574607151422","-0.6546097173387317","21600.0","1664056800000.0","1664078400000.0"
"6f6bf018-2b98-4741-af72-3e1d732f102e","TradeIQ220320Strategy","BTC-USDT","Bybit Perpetual","long","19758.7","18946.9","0.37752656757784314","8.036815772722532","7459.43419080033","-314.51288333241536","-4.21631018235005","57600.0","1664244000000.0","1664301600000.0"
"2c9eecf8-dda8-481d-a9cb-4f8ac83188d2","TradeIQ220320Strategy","BTC-USDT","Bybit Perpetual","short","18946.9","19477.9","0.3779323768866957","7.987086797467748","7160.646951634535","-208.66917892430317","-2.914110698847833","79200.0","1664301600000.0","1664380800000.0"
"4edf5d53-0a36-4a82-b252-3c5348c9c540","TradeIQ220320Strategy","BTC-USDT","Bybit Perpetual","long","19534.7","19407.3","0.35641249835710026","7.633678531062209","6962.411231656447","-53.040630821757304","-0.7618141051564725","14400.0","1664395200000.0","1664409600000.0"
"e52fe6d7-52d7-434d-bf37-9e5726520e25","TradeIQ220320Strategy","BTC-USDT","Bybit Perpetual","short","19280.7","19399.3","0.3584943820699341","7.626609484155779","6912.022632375779","-50.144043197649445","-0.7254612125078371","14400.0","1664467200000.0","1664481600000.0"
"9b2c6b0e-72f6-41d0-8beb-f87c416fd208","TradeIQ220320Strategy","BTC-USDT","Bybit Perpetual","long","19560.8","19430.3","0.350925616096377","7.5256366843764955","6864.385791338012","-53.32142958495369","-0.7767836949409022","14400.0","1664524800000.0","1664539200000.0"
"5fcfc2a5-f511-4796-9c2c-d2d5a948bb82","TradeIQ220320Strategy","BTC-USDT","Bybit Perpetual","long","19749.4","19467.0","0.34500949057856467","7.441516602478874","6813.730433232306","-104.87219674186603","-1.5391304039616467","14400.0","1664553600000.0","1664568000000.0"
"d572d6e2-89b8-4db9-85a3-0f8958afc449","TradeIQ220320Strategy","BTC-USDT","Bybit Perpetual","short","19305.5","19170.3","0.34778181587255097","7.359650975132004","6714.101846327533","39.66045053083714","0.5907037372769455","194400.0","1664611200000.0","1664805600000.0"
"dda2e1c7-c5a0-4078-ae78-979bed9df328","TradeIQ220320Strategy","BTC-USDT","Bybit Perpetual","long","19540.0","20213.5","0.34553629858402396","7.554952485167998","6751.779274331828","225.16374461117215","3.334880117707267","93600.0","1664820000000.0","1664913600000.0"
"23781560-5e0d-4042-860f-d976fc54814d","TradeIQ220320Strategy","BTC-USDT","Bybit Perpetual","long","20213.5","20190.7","0.3446055770506069","7.657931960947472","6965.684831712442","-15.514939117701058","-0.2227338659806529","36000.0","1664913600000.0","1664949600000.0"
"729f2406-5d8b-49e6-9ff3-6e2a32c3862d","TradeIQ220320Strategy","BTC-USDT","Bybit Perpetual","long","20156.1","20104.7","0.34485568336883754","7.636291133336853","6950.945639550626","-25.36187325849435","-0.3648693943768776","72000.0","1664992800000.0","1665064800000.0"
"bdaf55e9-1561-496f-8e4d-54b76574cab4","TradeIQ220320Strategy","BTC-USDT","Bybit Perpetual","short","19594.5","19398.2","0.3535100084184366","7.5813703378916655","6926.851859955056","61.81264431464718","0.8923627293373103","151200.0","1665151200000.0","1665302400000.0"
"c1aaaa09-e71a-4b18-a005-1d4b0c94fd50","TradeIQ220320Strategy","BTC-USDT","Bybit Perpetual","short","19320.6","18982.5","0.36156091798670703","7.616897198755151","6985.573872053971","114.62684917254997","1.6409081239712977","100800.0","1665396000000.0","1665496800000.0"
"75de56ea-2642-4ffd-b4c7-d1d72bce5c09","TradeIQ220320Strategy","BTC-USDT","Bybit Perpetual","short","19137.6","19162.3","0.3707084158289386","7.808952390473721","7094.469378767894","-16.965450261448773","-0.23913628145640378","64800.0","1665504000000.0","1665568800000.0"
"678f2bef-f3b9-4b32-bd15-db848e2e308f","TradeIQ220320Strategy","BTC-USDT","Bybit Perpetual","short","19110.0","19170.5","0.3704004291480648","7.798512495401373","7078.352201019518","-30.207738458859293","-0.4267622972265829","28800.0","1665583200000.0","1665612000000.0"
"8173f048-7e71-489b-9f2c-8e88d6833457","TradeIQ220320Strategy","BTC-USDT","Bybit Perpetual","short","18744.9","19148.7","0.37608388678966553","7.83814480484908","7049.654849483602","-159.70081829051577","-2.265370740841505","21600.0","1665662400000.0","1665684000000.0"
"ab246908-a4f8-4544-ab80-54342431ed0f","TradeIQ220320Strategy","BTC-USDT","Bybit Perpetual","long","19854.2","19352.9","0.34742971623674646","7.491941395106159","6897.9390721076115","-181.6584581445869","-2.6335178702742956","50400.0","1665712800000.0","1665763200000.0"
"5b5d3ab3-1c96-402f-ae75-f94ffd1d3d73","TradeIQ220320Strategy","BTC-USDT","Bybit Perpetual","short","19159.0","19369.9","0.35102894393602235","7.438617492909138","6725.363536870253","-81.47062176901676","-1.2113935748212403","129600.0","1665820800000.0","1665950400000.0"
"0af5834d-730c-48cb-9e23-7e76d8916167","TradeIQ220320Strategy","BTC-USDT","Bybit Perpetual","long","19452.8","19364.1","0.34174856299297207","7.296090887163044","6647.966446189687","-37.60918842463992","-0.5657247028705417","100800.0","1666008000000.0","1666108800000.0"
"2e94e35a-f84b-4ae0-b750-1cb09e6b2223","TradeIQ220320Strategy","BTC-USDT","Bybit Perpetual","short","19364.1","19399.0","0.3414688891911465","7.280015984232931","6612.237717186279","-19.19728021700444","-0.29032955314216236","7200.0","1666108800000.0","1666116000000.0"
"d094215c-78b4-4d77-ac7a-8030a06709ed","TradeIQ220320Strategy","BTC-USDT","Bybit Perpetual","short","19209.6","19199.0","0.34326588273468084","7.251399090981794","6594.000300980125","-3.6127807339946765","-0.054788907629526144","144000.0","1666123200000.0","1666267200000.0"
"989e696a-5c06-433a-a52c-e55769b2b9b7","TradeIQ220320Strategy","BTC-USDT","Bybit Perpetual","short","19055.8","19158.7","0.34585628308876204","7.269198711552525","6590.568159282831","-42.857810241386645","-0.6502900691653013","72000.0","1666296000000.0","1666368000000.0"
"904a4f58-0602-464b-85ed-f18e1cf2fec7","TradeIQ220320Strategy","BTC-USDT","Bybit Perpetual","short","19142.0","19169.2","0.34217183364086895","7.209957454140133","6549.853239553513","-16.517031329172017","-0.2521740674955633","7200.0","1666526400000.0","1666533600000.0"
"7e8b8d11-0ce4-4c24-8474-79bff53ffa2e","TradeIQ220320Strategy","BTC-USDT","Bybit Perpetual","long","19468.7","19318.4","0.33562395330919886","7.159833911669576","6534.1620597908","-57.60411409404192","-0.8815837986100729","50400.0","1666548000000.0","1666598400000.0"
"da913d0b-d3b7-40e0-a56b-bcbcc6585ddb","TradeIQ220320Strategy","BTC-USDT","Bybit Perpetual","short","19291.7","19335.9","0.33586662406120044","7.135546884172535","6479.43815140146","-21.98085166767784","-0.33924008770611574","14400.0","1666627200000.0","1666641600000.0"
"48c01223-d867-498f-8406-709ffc354d7e","TradeIQ220320Strategy","BTC-USDT","Bybit Perpetual","short","19288.7","19332.7","0.33483626902368563","7.112515014259255","6458.556342317165","-21.845310851301424","-0.3382382949602617","7200.0","1666663200000.0","1666670400000.0"
"97f8b8f5-be2c-416d-adf5-cc835c281f51","TradeIQ220320Strategy","BTC-USDT","Bybit Perpetual","short","19254.7","19469.4","0.33434970666945885","7.1210653118213365","6437.80329700843","-78.9059473337544","-1.2256657075934745","14400.0","1666692000000.0","1666706400000.0"
"dd170f18-2aa6-435a-b81d-2e2f1900d266","TradeIQ220320Strategy","BTC-USDT","Bybit Perpetual","long","19469.4","20108.6","0.32681246710434647","7.114021102680704","6362.842647041363","201.7845078704166","3.1712949551603904","14400.0","1666706400000.0","1666720800000.0"
"05636c22-c19a-4e11-ac51-13eaa8045c59","TradeIQ220320Strategy","BTC-USDT","Bybit Perpetual","long","20108.6","20835.7","0.3259569502361308","7.340343536654267","6554.537929518259","229.66295498003714","3.5038771222263216","79200.0","1666720800000.0","1666800000000.0"
"99ba59d2-33da-4978-b6f8-037fee470cd9","TradeIQ220320Strategy","BTC-USDT","Bybit Perpetual","long","20835.7","20744.3","0.32505352528349396","7.433649069708224","6772.717736749295","-37.14354128062004","-0.5484288984771399","43200.0","1666800000000.0","1666843200000.0"
"1c2ce574-0f77-42b3-af5b-55d96a000f80","TradeIQ220320Strategy","BTC-USDT","Bybit Perpetual","long","20460.4","20768.2","0.32929128328540525","7.466920231133363","6737.431372532706","93.88893676411413","1.39354201286387","129600.0","1666965600000.0","1667095200000.0"
"05a6c686-9393-4c88-b10d-f89be21d002a","TradeIQ220320Strategy","BTC-USDT","Bybit Perpetual","long","20704.7","20315.4","0.32971382644803426","7.438691772754557","6826.625862458615","-135.79628440897406","-1.9892152747926766","14400.0","1667210400000.0","1667224800000.0"
"d07ecb17-50f7-4b4a-a95b-092c6b76e35b","TradeIQ220320Strategy","BTC-USDT","Bybit Perpetual","long","20583.8","20511.7","0.3253830387134587","7.354478267096918","6697.61939227009","-30.814595358336817","-0.46008280783916744","7200.0","1667296800000.0","1667304000000.0"
"dabbb91e-2b71-4804-bbf9-31267f3ea188","TradeIQ220320Strategy","BTC-USDT","Bybit Perpetual","long","20511.0","20475.0","0.3251106980000814","7.328742887527236","6668.34552667967","-19.032728015530168","-0.2854190434401053","7200.0","1667361600000.0","1667368800000.0"
"06a70908-4350-4dd0-85f5-84c0c367567a","TradeIQ220320Strategy","BTC-USDT","Bybit Perpetual","long","20431.9","21097.3","0.32548438642832606","7.434408399472582","6650.264435064915","209.14290232993488","3.144880994914804","50400.0","1667541600000.0","1667592000000.0"
"bd02dc1d-ef04-4860-8219-ded10da76bd9","TradeIQ220320Strategy","BTC-USDT","Bybit Perpetual","long","21097.3","21289.9","0.3246363369852235","7.568233938683036","6848.950192278355","54.95672456467172","0.8024109246206964","100800.0","1667592000000.0","1667692800000.0"
"936ecf51-db1e-4ed2-82f1-cb0caebe0c0d","TradeIQ220320Strategy","BTC-USDT","Bybit Perpetual","short","20140.6","19327.7","0.3426491306423241","7.438078275611742","6901.159080614792","271.10140002353273","3.928345903299791","50400.0","1667880000000.0","1667930400000.0"
"d0d307f1-0c76-4ac3-8842-658ef3f9d191","TradeIQ220320Strategy","BTC-USDT","Bybit Perpetual","short","18238.0","15701.8","0.3925159233817934","7.327051565016366","7158.705410637149","988.1718333158883","13.803778429652377","93600.0","1667937600000.0","1668031200000.0"
"2d1ed97f-0a84-4b37-ad75-50c948538ecc","TradeIQ220320Strategy","BTC-USDT","Bybit Perpetual","short","15701.8","17649.3","0.5157032093318754","9.45959811761157","8097.468652287241","-1013.791598291439","-12.519858264657557","57600.0","1668031200000.0","1668088800000.0"
"e85291d8-8276-4443-aef4-e9a9aeb0edde","TradeIQ220320Strategy","BTC-USDT","Bybit Perpetual","short","16864.8","16081.1","0.4230329819452573","7.665461275928639","7134.366633910375","323.86548667456907","4.5395128018120525","208800.0","1668182400000.0","1668391200000.0"
"a75bc707-8e5c-4c5d-8896-3a8f1640d74e","TradeIQ220320Strategy","BTC-USDT","Bybit Perpetual","short","16081.1","16813.0","0.46278170313294587","8.372533191563988","7442.038846251216","-347.08246171456693","-4.663808787956046","21600.0","1668391200000.0","1668412800000.0"
"551ab31a-30c8-4d87-aeae-05d603928bf0","TradeIQ220320Strategy","BTC-USDT","Bybit Perpetual","short","16695.2","16685.4","0.4260093025314088","7.821245368243971","7112.3105076223765","-3.6463542034364744","-0.05126820882649342","108000.0","1668600000000.0","1668708000000.0"
"a40320e0-2cd4-4c00-a93b-41994e747ab4","TradeIQ220320Strategy","BTC-USDT","Bybit Perpetual","short","16588.6","16689.7","0.4285380605433317","7.843559977098536","7108.846471129112","-51.16875789803031","-0.7197898858252185","21600.0","1668794400000.0","1668816000000.0"
"1d686f69-7404-4a8a-b181-e1d4b78503f2","TradeIQ220320Strategy","BTC-USDT","Bybit Perpetual","short","16622.2","16669.3","0.4247473951177331","7.777262847509107","7060.236151125983","-27.782865157553715","-0.39351183958801206","28800.0","1668830400000.0","1668859200000.0"
"1ddb63b2-6b2e-4a68-8f2b-947135a1dc41","TradeIQ220320Strategy","BTC-USDT","Bybit Perpetual","short","16607.0","16671.0","0.4235468434531407","7.75213552103849","7033.842429226308","-34.8591335020395","-0.4955916179924129","14400.0","1668880800000.0","1668895200000.0"
"f1163689-4279-4d0b-b2da-42951fc3c542","TradeIQ220320Strategy","BTC-USDT","Bybit Perpetual","short","16619.9","16204.3","0.42122553399234475","7.604515145079338","7000.726252399371","167.45681678214004","2.3919920697477246","57600.0","1668938400000.0","1668996000000.0"
"863548d6-2eae-4e19-901c-f3fa0342f016","TradeIQ220320Strategy","BTC-USDT","Bybit Perpetual","short","16204.3","16167.7","0.4418463141476278","7.866896884872855","7159.810228342405","8.30467821292968","0.11599020013205472","43200.0","1668996000000.0","1669039200000.0"
"4d703e01-b9f6-4fd4-aadb-d54115d02d08","TradeIQ220320Strategy","BTC-USDT","Bybit Perpetual","short","16005.0","16162.4","0.44784127914056154","7.923239259444355","7167.699672644688","-78.41345659616859","-1.0939835676351117","72000.0","1669053600000.0","1669125600000.0"
"3a82adaf-d208-4c63-ba21-07e1c1c83853","TradeIQ220320Strategy","BTC-USDT","Bybit Perpetual","short","16480.3","16523.5","0.4304052043274897","7.812754005420983","7093.206888878328","-26.40625883236885","-0.37227532265796576","28800.0","1669348800000.0","1669377600000.0"
"ab22a938-7575-4782-8f70-1f1babcc93c4","TradeIQ220320Strategy","BTC-USDT","Bybit Perpetual","short","16506.4","16520.0","0.4282048746539268","7.7781360097487475","7068.120942987578","-13.60172230504153","-0.19243759996121837","43200.0","1669478400000.0","1669521600000.0"
"9da911fb-9c7f-48f2-b573-62cbde1b89be","TradeIQ220320Strategy","BTC-USDT","Bybit Perpetual","short","16135.1","16476.9","0.43725786061429983","7.842919342694451","7055.199306797789","-157.2976561006626","-2.2295281715018875","100800.0","1669600800000.0","1669701600000.0"
"86909a74-e192-41ab-95e8-28aaa784d892","TradeIQ220320Strategy","BTC-USDT","Bybit Perpetual","long","16874.9","16782.1","0.40923303447736925","7.57545593277265","6905.766533502159","-45.5522815322737","-0.6596267237139355","57600.0","1669773600000.0","1669831200000.0"
"c3ade0c9-c16f-4df5-9d51-2239272e14b0","TradeIQ220320Strategy","BTC-USDT","Bybit Perpetual","long","17051.5","17082.0","0.40245678480171826","7.555492265216198","6862.491866046499","4.719439671236209","0.06877151570243087","64800.0","1669838400000.0","1669903200000.0"
"a84bc839-540b-463b-9217-394dfdade284","TradeIQ220320Strategy","BTC-USDT","Bybit Perpetual","long","17003.0","16938.5","0.40386845461002013","7.5393456336803","6866.975333734173","-33.5888609560266","-0.48913618185026175","50400.0","1670018400000.0","1670068800000.0"
"e6229f72-7ac9-4ced-8fec-726075556c0b","TradeIQ220320Strategy","BTC-USDT","Bybit Perpetual","long","16963.9","16945.3","0.40291830981236315","7.514450653099162","6835.065915825948","-15.008731215609997","-0.21958429370605922","7200.0","1670090400000.0","1670097600000.0"
"510e2984-a413-4d58-8fb4-afa82a36167f","TradeIQ220320Strategy","BTC-USDT","Bybit Perpetual","long","17044.3","17073.8","0.400181152712116","7.5093813224909844","6820.807621171119","4.295962682516437","0.06298319672852508","79200.0","1670176800000.0","1670256000000.0"
"64b2ec7c-def4-42d7-938d-344ceec2bce0","TradeIQ220320Strategy","BTC-USDT","Bybit Perpetual","long","17078.6","17017.4","0.39961640800296927","7.493926575998082","6824.88878571951","-31.95045074577864","-0.46814610096844644","14400.0","1670371200000.0","1670385600000.0"
"70917525-e049-45ea-9e71-c17c5b23e5c4","TradeIQ220320Strategy","BTC-USDT","Bybit Perpetual","short","16755.4","16907.7","0.40551319917823625","7.507957256391288","6794.53585751102","-69.26761749123638","-1.0194606216503292","115200.0","1670400000000.0","1670515200000.0"
"73c5fd11-69bb-470c-9f16-d1a1ec22f9d9","TradeIQ220320Strategy","BTC-USDT","Bybit Perpetual","long","16907.7","17241.9","0.3979684771373011","7.474755368766388","6728.731620894346","125.52630969051992","1.8655270675491091","14400.0","1670515200000.0","1670529600000.0"
"18393d43-e05c-4920-81ca-208993250466","TradeIQ220320Strategy","BTC-USDT","Bybit Perpetual","long","17241.9","17105.2","0.39717093911345847","7.502918479553129","6847.98161510034","-61.796185856363195","-0.9023999965201094","93600.0","1670529600000.0","1670623200000.0"
"833bb611-1c28-4142-884e-b4b8fca2001c","TradeIQ220320Strategy","BTC-USDT","Bybit Perpetual","long","17169.5","17105.2","0.39542649690071313","7.45421850432758","6789.275238536794","-32.88014225504315","-0.4842953201898674","7200.0","1670788800000.0","1670796000000.0"
"0df39d72-201f-4d37-ab83-4d9bc9b29a32","TradeIQ220320Strategy","BTC-USDT","Bybit Perpetual","short","16946.1","16999.9","0.39879613028333966","7.445643391229037","6758.039103394502","-28.90087520047387","-0.427651790087412","50400.0","1670810400000.0","1670860800000.0"
"8821b9d4-3730-4243-aabe-b3eca435af11","TradeIQ220320Strategy","BTC-USDT","Bybit Perpetual","long","17167.5","17896.0","0.39205378022158444","7.560727747539739","6730.58327195405","278.0504511438846","4.131149410222806","57600.0","1670882400000.0","1670940000000.0"
"a2e180c7-afd5-479a-b258-3c9cd07b728a","TradeIQ220320Strategy","BTC-USDT","Bybit Perpetual","long","17896.0","17789.5","0.390854447951539","7.671310021306056","6994.731200540742","-49.29730872814496","-0.7047777436298615","108000.0","1670940000000.0","1671048000000.0"
"66926c71-86e1-4048-a91a-996f21ac8450","TradeIQ220320Strategy","BTC-USDT","Bybit Perpetual","short","17029.1","16768.0","0.4080015242877783","7.5840975740785606","6947.898757249005","98.94510041745977","1.4241010681715334","136800.0","1671184800000.0","1671321600000.0"
"b9eab397-7d17-4e25-a338-0701a14756e4","TradeIQ220320Strategy","BTC-USDT","Bybit Perpetual","short","16673.6","16718.0","0.42233810350767637","7.75639975939781","7041.896602645592","-26.508211555139255","-0.37643568275598227","86400.0","1671422400000.0","1671508800000.0"
"b32b94c7-79f0-4681-8998-c6bee1c7fa42","TradeIQ220320Strategy","BTC-USDT","Bybit Perpetual","short","16631.5","16791.6","0.4218930223773087","7.755534971920465","7016.713801668209","-75.30060785452697","-1.0731605988635935","21600.0","1671724800000.0","1671746400000.0"
"f021a293-2f33-45e4-bf27-0fcc45a655ee","TradeIQ220320Strategy","BTC-USDT","Bybit Perpetual","short","16804.2","16823.9","0.4133001406913991","7.644174153651442","6945.178224206409","-15.786186925272304","-0.2272970745408929","28800.0","1671976800000.0","1672005600000.0"
"ff43a7c5-0fda-4924-86c1-e0be84783036","TradeIQ220320Strategy","BTC-USDT","Bybit Perpetual","long","16912.9","16859.8","0.4097571289741795","7.611232524338449","6930.181346627401","-29.369336072868272","-0.4237888534787185","7200.0","1672099200000.0","1672106400000.0"
"db6e98b2-1517-40c8-93ac-22de6046c1ef","TradeIQ220320Strategy","BTC-USDT","Bybit Perpetual","short","16823.7","16571.3","0.41027125289669786","7.535554669766874","6902.280477358176","96.01690956136025","1.391089653286741","100800.0","1672142400000.0","1672243200000.0"
"ee2fd6ef-3277-4f4e-8804-2ac2837bba5f","TradeIQ220320Strategy","BTC-USDT","Bybit Perpetual","short","16520.9","16578.9","0.42331207993762243","7.7063498509356245","6993.496541441467","-32.258450487317724","-0.4612635510171963","172800.0","1672264800000.0","1672437600000.0"
"1808710d-e0d7-4a1e-b324-370cfc4e198e","TradeIQ220320Strategy","BTC-USDT","Bybit Perpetual","long","16751.9","16666.0","0.41564544997752584","7.639498945542179","6962.851013478516","-43.343443098612255","-0.6224956273616811","7200.0","1672696800000.0","1672704000000.0"
"47241a8e-e98a-4ccc-9391-414becd16e76","TradeIQ220320Strategy","BTC-USDT","Bybit Perpetual","short","16626.0","16667.2","0.4163162963150989","7.623275944062819","6921.674742534835","-24.775507352245196","-0.35794093588356024","21600.0","1672768800000.0","1672790400000.0"
"f4665aa6-199d-4beb-8a53-c64d61c69d26","TradeIQ220320Strategy","BTC-USDT","Bybit Perpetual","long","16855.9","16816.1","0.409241749805718","7.578993509701975","6898.138010550202","-23.86681515197074","-0.3459892381896126","100800.0","1672804800000.0","1672905600000.0"
"103a7818-fa0a-4abb-bba6-cd1c57d21309","TradeIQ220320Strategy","BTC-USDT","Bybit Perpetual","short","16731.4","16766.9","0.41093181300762815","7.5710344334203885","6875.4645361558305","-22.15911379519119","-0.3222926055201597","7200.0","1673006400000.0","1673013600000.0"
"0ab60f21-7865-4821-aac9-345a75725e90","TradeIQ220320Strategy","BTC-USDT","Bybit Perpetual","long","16834.2","16924.8","0.40717191063729774","7.560144092162494","6854.413378050398","29.32963101157609","0.427894108422132","122400.0","1673020800000.0","1673143200000.0"
"852610ac-aef6-4ada-9e69-a797a1fbe4e9","TradeIQ220320Strategy","BTC-USDT","Bybit Perpetual","long","16991.0","17195.0","0.4050542362139601","7.615951265565743","6882.276527511396","75.01511292208211","1.0899752810311338","50400.0","1673193600000.0","1673244000000.0"
"cf81484f-af44-4287-b7c2-8f7ae7b89aa3","TradeIQ220320Strategy","BTC-USDT","Bybit Perpetual","long","17195.0","17172.5","0.40439318899606713","7.643890607552286","6953.540884787374","-16.742737359963797","-0.24078002326257636","57600.0","1673244000000.0","1673301600000.0"
"257003b5-1ddd-43cc-b35b-69a9a1f9bf93","TradeIQ220320Strategy","BTC-USDT","Bybit Perpetual","long","17317.5","17325.3","0.40061413508274335","7.633117447364453","6937.635284295408","-4.508327193719347","-0.06498362927674736","86400.0","1673366400000.0","1673452800000.0"
"d841b683-6dbc-4bc6-92e7-7ac6deafa41d","TradeIQ220320Strategy","BTC-USDT","Bybit Perpetual","long","17540.6","17935.7","0.39527452729446966","7.712582741961237","6933.352373461374","148.4603829920846","2.141249643683809","14400.0","1673467200000.0","1673481600000.0"
"d2dbb4bb-37c6-41ef-920e-6e2344d13df0","TradeIQ220320Strategy","BTC-USDT","Bybit Perpetual","long","17935.7","18840.0","0.39443064599117145","7.978004709277639","7074.389737303854","348.70562846053843","4.929126630128733","64800.0","1673481600000.0","1673546400000.0"
"57d8ad28-a52c-458a-9d5d-2ec56368af4b","TradeIQ220320Strategy","BTC-USDT","Bybit Perpetual","long","18840.0","18845.8","0.39308174545336333","8.147480023543498","7405.660084341365","-5.867605899914276","-0.07923136942675543","72000.0","1673546400000.0","1673618400000.0"
"f22e8fa3-d94c-4d89-8c90-466d22d59939","TradeIQ220320Strategy","BTC-USDT","Bybit Perpetual","long","19252.5","20934.3","0.3843701264114503","8.49563296783942","7400.085858736446","637.9380456309374","8.62068437865212","36000.0","1673625600000.0","1673661600000.0"
"56c68fd9-c6c4-4bf9-b764-c5b83327dcf3","TradeIQ220320Strategy","BTC-USDT","Bybit Perpetual","long","20934.3","20785.3","0.38244063580276566","8.775398692190384","8006.1270020858365","-65.75905342680247","-0.8213591092131097","86400.0","1673661600000.0","1673748000000.0"
"045ce7e7-5f56-46ea-92c9-694cb9c723f6","TradeIQ220320Strategy","BTC-USDT","Bybit Perpetual","long","21193.1","20834.8","0.37482274425781875","8.664157047366249","7943.655901330378","-142.96314631494243","-1.7997147420622719","28800.0","1673834400000.0","1673863200000.0"
"14b8399e-3add-41fa-b5a4-560c0be4ac66","TradeIQ220320Strategy","BTC-USDT","Bybit Perpetual","long","21314.4","21227.5","0.36631764967961483","8.571116851497864","7807.840912331183","-40.404120608656925","-0.5174813506361964","136800.0","1673899200000.0","1674036000000.0"
"9527c208-2cb2-415d-bd46-8aa9c678e925","TradeIQ220320Strategy","BTC-USDT","Bybit Perpetual","long","21139.7","22309.900000000005","0.36752919851052557","8.782948164981615","7769.456997752957","421.29971993203696","5.422511766959816","21600.0","1674230400000.0","1674252000000.0"
"74ff0aa4-7bda-43c7-a4e4-132ea8e650c5","TradeIQ220320Strategy","BTC-USDT","Bybit Perpetual","long","22309.9","23271.9","0.366191320072631","9.180412732307659","8169.691731688391","343.09563717756333","4.199615462193913","79200.0","1674252000000.0","1674331200000.0"
"596d80f8-4fef-49dc-8cf5-edb7f491fcb2","TradeIQ220320Strategy","BTC-USDT","Bybit Perpetual","long","23271.9","22781.9","0.3650596894541088","9.246812259399901","8495.632587007076","-188.12606009191322","-2.2143855465174735","14400.0","1674331200000.0","1674345600000.0"
"adce96e7-63f6-433c-920a-71a0478451df","TradeIQ220320Strategy","BTC-USDT","Bybit Perpetual","long","22906.5","22845.2","0.36308090847225716","9.136362840082592","8316.912829919758","-31.39322252943169","-0.37746244515748484","79200.0","1674475200000.0","1674554400000.0"
"530f894e-9f2e-47ab-8a28-e8f29e5c07f2","TradeIQ220320Strategy","BTC-USDT","Bybit Perpetual","long","22743.4","22974.900000000005","0.36437336847247104","9.162192034509236","8287.089268516798","75.19024276686913","0.907317881231494","79200.0","1674676800000.0","1674756000000.0"
"ad347a00-4d59-46e4-ba65-67be410d4b08","TradeIQ220320Strategy","BTC-USDT","Bybit Perpetual","long","23077.9","22984.299999999996","0.3621872007048008","9.175726601967572","8358.519999145323","-43.07644858793904","-0.515359759770195","36000.0","1674856800000.0","1674892800000.0"
"9b885738-1198-4cce-bbcb-f43654e48df2","TradeIQ220320Strategy","BTC-USDT","Bybit Perpetual","long","23004.7","22993.9","0.36156078423047383","9.147209439227131","8317.597372986782","-13.052065908915985","-0.15692110742587068","21600.0","1674921600000.0","1674943200000.0"
"147efda7-9336-4d79-ae6c-4f7a09fd1241","TradeIQ220320Strategy","BTC-USDT","Bybit Perpetual","long","23232.0","23896.6","0.35748957947543525","9.2663908673963","8305.197910373312","228.32118365197746","2.749135976239663","64800.0","1674957600000.0","1675022400000.0"
"dafbab0e-871d-4a06-9cb1-64455417af1d","TradeIQ220320Strategy","BTC-USDT","Bybit Perpetual","long","23896.6","23192.9","0.3566240818711738","9.23628733679995","8522.10303484269","-260.1926537495439","-3.053150762033081","50400.0","1675022400000.0","1675072800000.0"
"dda31f78-7b43-4350-83ba-ca2ed519f29a","TradeIQ220320Strategy","BTC-USDT","Bybit Perpetual","long","23112.4","22943.999999999996","0.3580294566458102","9.069251326884151","8274.920013780624","-69.36141182604041","-0.8382124746889337","28800.0","1675173600000.0","1675202400000.0"
"a997f87a-17dd-477d-a593-1b9c8f221edb","TradeIQ220320Strategy","BTC-USDT","Bybit Perpetual","long","23119.4","23071.0","0.3550709219333497","9.02047735185861","8209.026672545886","-26.20590997343325","-0.31923285206364116","28800.0","1675209600000.0","1675238400000.0"
"b28426e4-491f-4414-9cf3-d8dafb0569a8","TradeIQ220320Strategy","BTC-USDT","Bybit Perpetual","long","23379.9","23456.000000000004","0.35004987438231655","9.017195501370509","8184.131058071123","17.621599939124543","0.21531424428676843","93600.0","1675281600000.0","1675375200000.0"
"bf4a64e9-05ad-4a6f-b607-11cbacf8f157","TradeIQ220320Strategy","BTC-USDT","Bybit Perpetual","long","23503.0","23420.1","0.3489287145476446","9.005049331074822","8200.871578013292","-37.93123976707507","-0.4625269327319979","7200.0","1675519200000.0","1675526400000.0"
"29a627c5-b056-416e-8231-a87420cd7d49","TradeIQ220320Strategy","BTC-USDT","Bybit Perpetual","long","23278.0","23104.0","0.3507533679970173","8.947753492940711","8164.836900234568","-69.97883952442172","-0.8570757797061602","72000.0","1675792800000.0","1675864800000.0"
"80b1c827-af88-48d5-afcf-cf997efb4fb6","TradeIQ220320Strategy","BTC-USDT","Bybit Perpetual","short","22511.6","21790.7","0.35974151116252817","8.76555699248662","8098.357002686369","250.57209840457915","3.0941103031325974","93600.0","1675915200000.0","1676008800000.0"
"52ed1c81-3d76-4157-be9c-28a9bcc440a0","TradeIQ220320Strategy","BTC-USDT","Bybit Perpetual","short","21790.7","21649.0","0.38256689762929685","9.140225194621053","8336.40049617072","45.06950419945059","0.5406350644999964","36000.0","1676008800000.0","1676044800000.0"
"508f8c5a-12cb-4e15-8e33-e2043bccd6d3","TradeIQ220320Strategy","BTC-USDT","Bybit Perpetual","short","21521.4","21815.6","0.38934346860149416","9.280137844330625","8379.216525160196","-123.82498630688907","-1.4777632960680862","86400.0","1676066400000.0","1676152800000.0"
"165de232-7e73-49e1-a496-cf24d03a4c76","TradeIQ220320Strategy","BTC-USDT","Bybit Perpetual","short","21728.0","21857.2","0.3802274847279387","9.114760032050286","8261.582788168653","-58.240151058900246","-0.704951491163479","36000.0","1676239200000.0","1676275200000.0"
"572a39a4-c86d-4f08-98aa-8b6f3efe0977","TradeIQ220320Strategy","BTC-USDT","Bybit Perpetual","short","21572.4","21766.2","0.38040526991260576","9.067427506848952","8206.254644662697","-82.78996881591168","-1.0088642431996409","50400.0","1676282400000.0","1676332800000.0"
"2a3b4965-e334-4754-810c-65ab077bc7c0","TradeIQ220320Strategy","BTC-USDT","Bybit Perpetual","long","22433.0","23310.600000000002","0.36230571810669915","9.115242315732083","8127.604174287582","308.8442558947079","3.799942138813365","28800.0","1676462400000.0","1676491200000.0"
"e0a2d10b-a9c6-4062-a319-d85643ad5fc3","TradeIQ220320Strategy","BTC-USDT","Bybit Perpetual","long","23310.6","24332.600000000002","0.36125222934577206","9.466166717241569","8421.006217387554","359.7336116741388","4.2718601837790695","14400.0","1676491200000.0","1676505600000.0"
"9b69fbc0-d58f-450c-8e09-224a6a063eac","TradeIQ220320Strategy","BTC-USDT","Bybit Perpetual","long","24332.6","24465.0","0.36012399614007484","9.665252692724705","8762.753148477985","38.01516439622173","0.4338267180654819","50400.0","1676505600000.0","1676556000000.0"
"cdeb8ff6-7c93-4b86-8920-6d7e56dac214","TradeIQ220320Strategy","BTC-USDT","Bybit Perpetual","long","25090.2","23526.6","0.35068941477765797","9.377168427199344","8798.867554654395","-557.7151373735461","-6.338487696391428","28800.0","1676563200000.0","1676592000000.0"
"a2d39eca-c2ec-4c62-9ff8-28f4da147722","TradeIQ220320Strategy","BTC-USDT","Bybit Perpetual","long","24485.1","24353.400000000005","0.3377171493744982","9.071479449849537","8269.038174149526","-53.54882802246874","-0.6475823051569871","158400.0","1676671200000.0","1676829600000.0"
"de3d331b-7ac9-4df1-903e-08d24ca2e662","TradeIQ220320Strategy","BTC-USDT","Bybit Perpetual","long","24895.9","24572.6","0.33010121295185874","8.981286519099964","8218.16678752818","-115.70300866643686","-1.4078931671480162","86400.0","1676894400000.0","1676980800000.0"
"1142fbba-08fc-4305-adeb-9ce1b0fe0478","TradeIQ220320Strategy","BTC-USDT","Bybit Perpetual","long","24444.3","24274.6","0.33170305262556365","8.888114317807766","8108.248929295065","-65.17812234836616","-0.8038495477473308","21600.0","1677124800000.0","1677146400000.0"
"bc1fa9b0-ecf3-4215-a299-9b7b4eb93a52","TradeIQ220320Strategy","BTC-USDT","Bybit Perpetual","short","23337.2","23146.2","0.3447855660946522","8.814742960652286","8046.329713064118","57.03930016342629","0.708885941758223","115200.0","1677254400000.0","1677369600000.0"
"7fde259b-df3d-4c93-b712-7f2ec822c52c","TradeIQ220320Strategy","BTC-USDT","Bybit Perpetual","long","23548.3","23377.8","0.3439958318952694","8.87831054390533","8100.517048219372","-67.52959988204876","-0.8336455497849102","28800.0","1677448800000.0","1677477600000.0"
"e74ee5a6-62cc-425f-a5ca-8f51463f1778","TradeIQ220320Strategy","BTC-USDT","Bybit Perpetual","long","23696.1","23321.0","0.3391428939079184","8.770033446436894","8036.363928331425","-135.9825329512966","-1.6920902806790932","14400.0","1677506400000.0","1677520800000.0"
"568d71c8-5632-4d57-b32c-d09e58d1ebec","TradeIQ220320Strategy","BTC-USDT","Bybit Perpetual","short","23321.0","23480.0","0.33905838180299697","8.727549229719134","7907.180522027692","-62.637831936395656","-0.7921639295055958","21600.0","1677520800000.0","1677542400000.0"
"e068e12c-7ee6-4da6-9d9a-c398ffcfcae0","TradeIQ220320Strategy","BTC-USDT","Bybit Perpetual","short","23365.3","23381.6","0.33586877042828966","8.635453103383819","7847.674581688117","-14.110114061364696","-0.17979993837014407","21600.0","1677564000000.0","1677585600000.0"
"bf151d2e-4def-4131-9ba1-9cde6767b57d","TradeIQ220320Strategy","BTC-USDT","Bybit Perpetual","short","23251.0","23431.6","0.3369433561279008","8.651165554226987","7834.2699733298205","-69.50313567092537","-0.887167992774498","28800.0","1677614400000.0","1677643200000.0"
"e7acc91f-dc21-4cda-b4d8-c674798317a6","TradeIQ220320Strategy","BTC-USDT","Bybit Perpetual","long","23686.1","23342.9","0.32796627534471456","8.48315927975262","7768.241994442443","-121.04118497805771","-1.5581541494800628","50400.0","1677650400000.0","1677700800000.0"
"5cd1a668-8ad4-4e9e-a9f0-43e5dbc75135","TradeIQ220320Strategy","BTC-USDT","Bybit Perpetual","short","23342.9","23544.9","0.3278621280437858","8.455003638010282","7653.252868713288","-74.683153502855","-0.975835436042651","7200.0","1677700800000.0","1677708000000.0"
"3b8a30b7-cff4-4510-ac00-b6d15309bbee","TradeIQ220320Strategy","BTC-USDT","Bybit Perpetual","short","23487.1","23456.6","0.32282844084137996","8.335118813079019","7582.3038728855745","1.5111486325830708","0.019929940265081693","57600.0","1677729600000.0","1677787200000.0"
"6da55051-a2fd-423a-92f6-7c5b713f3da7","TradeIQ220320Strategy","BTC-USDT","Bybit Perpetual","short","22137.5","22346.6","0.34257434055726843","8.38151117253097","7583.73946408653","-80.01380578305529","-1.0550706041784235","108000.0","1677808800000.0","1677916800000.0"
"e6104b00-dc61-4d81-8582-f7428930d5e1","TradeIQ220320Strategy","BTC-USDT","Bybit Perpetual","short","22378.0","22430.8","0.33549585971010043","8.268241783217873","7507.726348592628","-25.98242317591093","-0.34607578872106204","36000.0","1678075200000.0","1678111200000.0"
"4513c71e-383c-4275-9be4-d3fc4444b4d7","TradeIQ220320Strategy","BTC-USDT","Bybit Perpetual","short","22382.8","22474.6","0.33432113259178975","8.248227225217622","7483.043046575512","-38.93890719714368","-0.5203619296960134","21600.0","1678132800000.0","1678154400000.0"
"a995765b-6ad6-49cd-9ed3-8e21bdab9f78","TradeIQ220320Strategy","BTC-USDT","Bybit Perpetual","short","22408.4","21695.4","0.332288386709369","8.060349302363969","7446.051084738225","228.86127042141612","3.0735925367272983","144000.0","1678176000000.0","1678320000000.0"
"f18ce606-12e4-4766-a1f5-7a624a5e984e","TradeIQ220320Strategy","BTC-USDT","Bybit Perpetual","short","21695.4","20845.6","0.35323014517540907","8.264719983248893","7663.46929163857","291.91025738681475","3.809113683084907","72000.0","1678320000000.0","1678392000000.0"
"1cc0dbd3-4f36-413a-a077-999405729d45","TradeIQ220320Strategy","BTC-USDT","Bybit Perpetual","short","20845.6","19978.3","0.38093334018478936","8.553151522503402","7940.784036156045","321.83033441976414","4.052878569098511","36000.0","1678392000000.0","1678428000000.0"
"ee3d6c70-db21-44b3-afab-2ad4854f58da","TradeIQ220320Strategy","BTC-USDT","Bybit Perpetual","short","19978.3","20173.0","0.4127740024854378","9.115377043296458","8246.522853854822","-89.4824753272115","-1.085093401340458","28800.0","1678428000000.0","1678456800000.0"
"fe1092f2-a54e-42fc-aa57-5e0f47e5b222","TradeIQ220320Strategy","BTC-USDT","Bybit Perpetual","short","19844.3","20447.3","0.4112775206126681","9.11406614223456","8161.514502293969","-257.11441107167343","-3.1503271972304394","57600.0","1678521600000.0","1678579200000.0"
"5aa51f34-6f05-45b2-a12b-f268b4564795","TradeIQ220320Strategy","BTC-USDT","Bybit Perpetual","long","21986.2","21956.0","0.3601011457994506","8.70300011292174","7917.255811775881","-19.57805471606541","-0.24728334136868002","36000.0","1678665600000.0","1678701600000.0"
"d68d8b22-02d4-4ecf-a4fd-86e0af401e34","TradeIQ220320Strategy","BTC-USDT","Bybit Perpetual","long","22467.2","24135.7","0.3515639091562641","9.011143736110155","7898.656659795617","577.5732386911166","7.312297059713717","14400.0","1678716000000.0","1678730400000.0"
"f4d42063-8c54-4e3a-a534-be97658b73c4","TradeIQ220320Strategy","BTC-USDT","Bybit Perpetual","long","24135.7","25911.299999999996","0.34999404353518565","9.633883543242991","8447.35123655218","611.8155401578309","7.242690910145531","79200.0","1678730400000.0","1678809600000.0"
"b9db0be1-fbab-4a0d-b66e-6137454c10de","TradeIQ220320Strategy","BTC-USDT","Bybit Perpetual","long","25911.3","25065.5","0.34844164513946113","9.769342030769906","9028.57599970212","-304.48128548972585","-3.372417593868309","14400.0","1678809600000.0","1678824000000.0"
"39a7ea80-18fb-4082-ac0a-26ed550b0a3f","TradeIQ220320Strategy","BTC-USDT","Bybit Perpetual","long","24821.4","26231.3","0.3520880682994061","9.886275588458","8739.318778486879","486.5226919068739","5.567055101646151","79200.0","1678968000000.0","1679047200000.0"
"b841ed29-2554-48bb-a086-6b6f06c23f6e","TradeIQ220320Strategy","BTC-USDT","Bybit Perpetual","long","26231.3","27390.8","0.3507838092583444","10.345370474137528","9201.515335798409","396.38845636091276","4.3078606283333265","86400.0","1679047200000.0","1679133600000.0"
"ddfdcbdb-e293-4905-9b7d-340b2ca94dd5","TradeIQ220320Strategy","BTC-USDT","Bybit Perpetual","long","27166.9","27264.300000000003","0.3525644946365348","10.554779686253084","9578.084369341277","23.785002091345916","0.24832733951978858","50400.0","1679234400000.0","1679284800000.0"
"cca4e5c5-e8ed-41b4-a3f2-7088ae1d363a","TradeIQ220320Strategy","BTC-USDT","Bybit Perpetual","long","28190.5","27490.9","0.34056437882719554","10.429705771775733","9600.680121328056","-248.68854519928124","-2.5903221652684363","79200.0","1679306400000.0","1679385600000.0"
"3cf7b1a1-9772-4e4b-8b0b-f75c73ff1b8d","TradeIQ220320Strategy","BTC-USDT","Bybit Perpetual","long","27979.9","26654.099999999995","0.3346840411648626","10.056820347750607","9364.42600338874","-453.78092212412764","-4.845795374536744","93600.0","1679421600000.0","1679515200000.0"
"ab84055f-117d-44fc-9c0d-e1a54a24b910","TradeIQ220320Strategy","BTC-USDT","Bybit Perpetual","long","28574.500000000004","27558.4","0.3126330864011906","9.651950976607168","8933.334127370821","-327.3184300688576","-3.6640119512152514","72000.0","1679587200000.0","1679659200000.0"
"fb0814e9-4fec-47a9-a372-f64a5441655b","TradeIQ220320Strategy","BTC-USDT","Bybit Perpetual","long","27997.2","27602.8","0.30797299797141886","9.41781427796599","8622.381618805408","-130.88236467789403","-1.5179375080365232","7200.0","1679673600000.0","1679680800000.0"
"7d04947b-dcf2-4419-92d5-7f382f9dd381","TradeIQ220320Strategy","BTC-USDT","Bybit Perpetual","long","28139.5","27707.1","0.30199695703055873","9.27602679327654","8498.043372361408","-139.8595110132906","-1.6457848575845393","57600.0","1679839200000.0","1679896800000.0"
"22e9991a-e5c6-42de-9458-ebbe79590fd4","TradeIQ220320Strategy","BTC-USDT","Bybit Perpetual","long","27912.3","27676.9","0.2996950031670189","9.162893008528627","8365.176836898781","-79.71109675404422","-0.9528919508603656","14400.0","1679911200000.0","1679925600000.0"
"7f2578ee-8601-455a-a5e4-9caa3bd262c1","TradeIQ220320Strategy","BTC-USDT","Bybit Perpetual","long","27532.6","28706.6","0.30107767864213486","9.312802281579913","8289.451294982442","344.1523924442864","4.151690868279785","93600.0","1680069600000.0","1680163200000.0"
"9630c5f2-1299-4200-9714-66ca3d27a490","TradeIQ220320Strategy","BTC-USDT","Bybit Perpetual","long","28706.6","27830.6","0.3001538345817517","9.333421557083478","8616.396067804513","-272.26818065069796","-3.1598846955055633","36000.0","1680163200000.0","1680199200000.0"
"c64f507d-a15c-4ba6-9ea7-173a80de0f38","TradeIQ220320Strategy","BTC-USDT","Bybit Perpetual","long","28488.500000000004","28344.899999999998","0.29337245892856245","9.170344868998809","8357.741296186352","-51.298629971142084","-0.6137858083086362","158400.0","1680278400000.0","1680436800000.0"
"481dc43e-154c-427c-b1da-43c08c248e83","TradeIQ220320Strategy","BTC-USDT","Bybit Perpetual","long","28318.3","28032.499999999996","0.2934147741112203","9.093786489142605","8309.00759771377","-92.95172893013022","-1.118686291196869","21600.0","1680516000000.0","1680537600000.0"
"fcf56146-fec6-4156-9482-c1cef57b0e12","TradeIQ220320Strategy","BTC-USDT","Bybit Perpetual","long","28274.600000000002","28011.7","0.2907451725304742","9.00073350253112","8220.703455230147","-85.43763936079321","-1.0392983985626727","14400.0","1680609600000.0","1680624000000.0"
"0e04f1dd-c5ca-4605-abb1-f4b1516dc374","TradeIQ220320Strategy","BTC-USDT","Bybit Perpetual","long","28171.1","28014.9","0.28893219284434735","8.928669302933876","8139.537697837393","-54.05987782522009","-0.6641639836569999","72000.0","1680638400000.0","1680710400000.0"
"2fec8149-ff75-4f75-bb52-d1f5ef7e3c35","TradeIQ220320Strategy","BTC-USDT","Bybit Perpetual","long","28132.0","27926.1","0.2875082046745142","8.864440028655412","8088.180813903434","-68.0623793711383","-0.8415041767382392","43200.0","1680933600000.0","1680976800000.0"
"21ff50f9-9a3c-438c-bf7a-fc788396984a","TradeIQ220320Strategy","BTC-USDT","Bybit Perpetual","long","28065.0","27888.2","0.28589066643509187","8.79807370044679","8023.521553500853","-59.343543526170826","-0.7396196686264005","21600.0","1681005600000.0","1681027200000.0"
"60fd74bd-f60f-4bc9-903d-a83054190fed","TradeIQ220320Strategy","BTC-USDT","Bybit Perpetual","long","28132.4","29153.999999999996","0.28320175979123685","8.922985110657592","7967.145187150992","280.3959326920685","3.5194028237903443","79200.0","1681070400000.0","1681149600000.0"
"362a6e7c-76f1-4190-a681-0e71029c243e","TradeIQ220320Strategy","BTC-USDT","Bybit Perpetual","long","29154.0","30191.9","0.2824148083696391","9.21808853681307","8233.521323208459","283.9002410700358","3.4481023358715843","28800.0","1681149600000.0","1681178400000.0"
"2032ba0c-be5b-45e7-8e96-25011c47cb40","TradeIQ220320Strategy","BTC-USDT","Bybit Perpetual","long","30191.9","30174.099999999995","0.28163933214620446","9.350791958385779","8503.22655222499","-14.363972070590062","-0.1689237841937955","72000.0","1681178400000.0","1681250400000.0"
"77cf3395-41f5-429b-b8d3-cc81499955c8","TradeIQ220320Strategy","BTC-USDT","Bybit Perpetual","long","30039.6","29948.000000000004","0.2826129768291832","9.32430081486107","8489.58077875793","-35.21164949241281","-0.41476311269123056","7200.0","1681308000000.0","1681315200000.0"
"47244d78-957a-44ed-a30e-e374432a430e","TradeIQ220320Strategy","BTC-USDT","Bybit Perpetual","long","30192.7","30226.700000000004","0.28007199461260956","9.306980029213406","8456.129711740137","0.21546778761633867","0.002548066254437798","108000.0","1681380000000.0","1681488000000.0"
"9903cd04-7652-46a1-9363-33448a3addde","TradeIQ220320Strategy","BTC-USDT","Bybit Perpetual","long","30324.7","30292.1","0.2788596228862404","9.296967893713862","8456.334406138374","-18.387791599805908","-0.21744399779718243","7200.0","1681660800000.0","1681668000000.0"
"dc0dbae4-f3f2-427c-b578-84b2196035db","TradeIQ220320Strategy","BTC-USDT","Bybit Perpetual","long","30306.0","30286.6","0.2784552895175397","9.279781486591261","8438.866004118558","-14.681814103231936","-0.17397851910513248","14400.0","1681675200000.0","1681689600000.0"
"451ac7d4-1733-4c8f-9eae-6571148fdb4f","TradeIQ220320Strategy","BTC-USDT","Bybit Perpetual","long","29886.999999999996","29184.899999999998","0.28189240407938193","9.158555947495262","8424.918280720487","-207.07521285162892","-2.4578898685046964","86400.0","1681812000000.0","1681898400000.0"
"e23caac9-e90d-4a9b-b6c6-9cc98589ac6b","TradeIQ220320Strategy","BTC-USDT","Bybit Perpetual","short","29184.9","29299.899999999998","0.28193335692469185","9.068848796188071","8228.19682851144","-41.49118484252661","-0.5042561050406078","7200.0","1681898400000.0","1681905600000.0"
"8c5f53ec-e87b-46c1-8d62-ad398e40ba86","TradeIQ220320Strategy","BTC-USDT","Bybit Perpetual","short","29247.9","29301.800000000003","0.2799783985486492","9.015958182827116","8188.780202911037","-24.106793864599716","-0.2943880928203442","7200.0","1681920000000.0","1681927200000.0"
"0496c030-1cbe-4d67-8cdb-def20081c211","TradeIQ220320Strategy","BTC-USDT","Bybit Perpetual","short","29210.6","28091.2","0.2795519006367438","8.81035490494861","8165.878748739668","304.1200426678218","3.724278207226137","86400.0","1681934400000.0","1682020800000.0"
"712fdeda-98b2-43b7-a71e-097f796f9e22","TradeIQ220320Strategy","BTC-USDT","Bybit Perpetual","short","28091.200000000004","27229.299999999996","0.3009765616731966","9.15759563402314","8454.7927892741","250.25410287210764","2.9599081740901374","136800.0","1682020800000.0","1682157600000.0"
"a12f40c2-ff63-4ded-b245-fa6c80d009a7","TradeIQ220320Strategy","BTC-USDT","Bybit Perpetual","short","27229.3","27241.9","0.3192345813885263","9.563999901351881","8692.534187002599","-13.58635562684801","-0.15629913365382944","14400.0","1682157600000.0","1682172000000.0"
"a2f419ea-e655-4156-8f07-bf323c3943d9","TradeIQ220320Strategy","BTC-USDT","Bybit Perpetual","short","27632.8","27739.8","0.31410595919186957","9.566074999771246","8679.627149157093","-43.17541263330129","-0.49743395529949924","50400.0","1682251200000.0","1682301600000.0"
"452eef9a-a255-422b-a556-a63f017b8600","TradeIQ220320Strategy","BTC-USDT","Bybit Perpetual","short","27300.0","27608.199999999997","0.31643261930972366","9.556110051170194","8638.610507155456","-107.0806433224261","-1.239558644688634","115200.0","1682330400000.0","1682445600000.0"
"0a7d7dcc-0198-47d7-94b7-a183a9572b7c","TradeIQ220320Strategy","BTC-USDT","Bybit Perpetual","long","28849.5","27871.9","0.29591098272064165","9.231466868409832","8536.883895999152","-298.5140435761087","-3.4967565122445747","36000.0","1682503200000.0","1682539200000.0"
"02e681d3-d9b0-44e1-839d-4fe418f4c44f","TradeIQ220320Strategy","BTC-USDT","Bybit Perpetual","short","27871.900000000005","28670.0","0.29611528294094935","9.208606394085376","8253.295554601847","-245.53821370925553","-2.9750323623434167","7200.0","1682539200000.0","1682546400000.0"
"471b6aba-4de3-4966-ac5e-74792118c9b6","TradeIQ220320Strategy","BTC-USDT","Bybit Perpetual","long","29136.7","29018.8","0.275255408182054","8.804188739792295","8020.034251578053","-41.25680136445686","-0.5144217601856129","79200.0","1682611200000.0","1682690400000.0"
"e1a89855-c504-4793-bbbd-8af158a08b8e","TradeIQ220320Strategy","BTC-USDT","Bybit Perpetual","long","29225.0","29142.5","0.27308264466319315","8.76653319430841","7980.84029028182","-31.295851379021848","-0.39213729683490167","86400.0","1682704800000.0","1682791200000.0"
"11a04c84-d3b3-4f9e-80ef-bb5995fbb497","TradeIQ220320Strategy","BTC-USDT","Bybit Perpetual","long","29245.9","29184.6","0.2718709026383784","8.737054027136473","7951.109231471751","-25.40274035886986","-0.31948674856989495","21600.0","1682834400000.0","1682856000000.0"
"3ea8ef05-e594-487e-b1aa-251fdd001563","TradeIQ220320Strategy","BTC-USDT","Bybit Perpetual","long","29278.0","29346.0","0.2707485698521355","8.729800287456378","7926.976628130824","9.681102462488838","0.12212856069403646","21600.0","1682863200000.0","1682884800000.0"
"b6088b3e-38a0-4f8b-afd6-bc682ed10496","TradeIQ220320Strategy","BTC-USDT","Bybit Perpetual","short","28488.3","28045.0","0.27857659725115885","8.661869889958417","7936.173675470189","114.8311356714801","1.446933249790262","108000.0","1682906400000.0","1683014400000.0"
"c0ef545e-49f6-4854-8c69-d6ea2a943aac","TradeIQ220320Strategy","BTC-USDT","Bybit Perpetual","short","28359.1","28559.3","0.2836924745269806","8.881026958164071","8045.263254358095","-65.6762603584658","-0.8163345099104017","14400.0","1683122400000.0","1683136800000.0"
"7e6ab1ad-cfc8-4727-b914-7570afe34740","TradeIQ220320Strategy","BTC-USDT","Bybit Perpetual","long","28915.0","29163.7","0.2760806089233115","8.818921573810883","7982.870807017552","59.84232586541688","0.749634151824315","144000.0","1683151200000.0","1683295200000.0"
"7c4d6435-62e6-42bf-896a-57cda3044bae","TradeIQ220320Strategy","BTC-USDT","Bybit Perpetual","long","29455.3","28937.3","0.272946499155999","8.765930660639125","8039.721016589697","-150.1522172234466","-1.8676296965232062","72000.0","1683309600000.0","1683381600000.0"
"1ff8c530-0e98-403d-9001-c60ad465d3f0","TradeIQ220320Strategy","BTC-USDT","Bybit Perpetual","short","28557.9","28831.9","0.27652861065510503","8.728456912875892","7897.076410227424","-84.49729623237468","-1.0699820014776997","14400.0","1683388800000.0","1683403200000.0"
"8a11948f-ee63-45c7-876a-f2c468d8239c","TradeIQ220320Strategy","BTC-USDT","Bybit Perpetual","short","28797.3","28837.8","0.2714422525308508","8.604530752862463","7816.80397880667","-19.59794198036192","-0.2507155358314842","7200.0","1683410400000.0","1683417600000.0"
"41301240-4d85-4f2e-8abc-5026752e36f1","TradeIQ220320Strategy","BTC-USDT","Bybit Perpetual","short","28790.8","28870.0","0.27085686864989256","8.589803052516249","7798.185933925326","-30.041667049587936","-0.3852391736249105","7200.0","1683432000000.0","1683439200000.0"
"ecaa3a87-36a9-43b4-b728-1f86bfce662e","TradeIQ220320Strategy","BTC-USDT","Bybit Perpetual","short","28757.8","27922.2","0.2701752689784413","8.42244383513393","7769.646350228219","217.33601092325122","2.7972445736461014","50400.0","1683496800000.0","1683547200000.0"
"aad1a9f1-2a83-4a40-baab-7b32b82be74c","TradeIQ220320Strategy","BTC-USDT","Bybit Perpetual","short","27922.2","27663.9","0.28565498279524204","8.733145541535032","7976.115560605307","65.05153651447577","0.8155791628166807","86400.0","1683547200000.0","1683633600000.0"
"f3afafd1-2368-4820-b370-1ab3d2c977ca","TradeIQ220320Strategy","BTC-USDT","Bybit Perpetual","short","27566.7","28153.7","0.29158058528202724","8.93584276428177","8037.914520294061","-180.09364632483175","-2.240551897760704","14400.0","1683712800000.0","1683727200000.0"
"7d5e0f12-f359-41b9-bbc0-9c93a66fdb62","TradeIQ220320Strategy","BTC-USDT","Bybit Perpetual","short","27481.1","26261.3","0.2862631247033587","8.461457044181781","7866.82555628547","340.72230246897493","4.331128229947125","129600.0","1683741600000.0","1683871200000.0"
"8de0d15f-c6d5-4c47-a9e9-08bc765d2bbf","TradeIQ220320Strategy","BTC-USDT","Bybit Perpetual","short","26261.3","26785.099999999995","0.3118852358272817","9.099413935583573","8190.511743630994","-172.46490046191238","-2.1056669700281234","64800.0","1683871200000.0","1683936000000.0"
"be964d51-5edd-4d81-b4f4-e53c73f7daea","TradeIQ220320Strategy","BTC-USDT","Bybit Perpetual","short","27008.9","27240.6","0.2971861159911057","8.86720900970272","8026.670088192176","-77.72523208484105","-0.9683371962575191","21600.0","1684202400000.0","1684224000000.0"
"e90f9dc5-7b7a-46e0-8514-0f4f7cc0c0d9","TradeIQ220320Strategy","BTC-USDT","Bybit Perpetual","short","27049.3","27160.1","0.2940124556905937","8.766031348532518","7952.831117711576","-41.34261143905009","-0.5198477224918918","50400.0","1684238400000.0","1684288800000.0"
"0574431a-40f4-40e0-b6cf-ff69fed5b13f","TradeIQ220320Strategy","BTC-USDT","Bybit Perpetual","short","26978.2","27077.0","0.29333149123531144","8.720850833762654","7913.5556368444795","-37.702002167811216","-0.4764230378601956","43200.0","1684303200000.0","1684346400000.0"
"1cdb2e3c-daaf-496a-9573-d4a6ffeaec7f","TradeIQ220320Strategy","BTC-USDT","Bybit Perpetual","short","26475.2","26936.0","0.2975516232090809","8.740924091649674","7877.738734785059","-145.85271206639393","-1.8514540400072492","165600.0","1684432800000.0","1684598400000.0"
"6cff05ba-2069-4c39-b6b1-42f4cf068f7d","TradeIQ220320Strategy","BTC-USDT","Bybit Perpetual","short","26735.3","26995.3","0.2894741655534812","8.554491329828334","7739.178658321986","-83.81777437373346","-1.0830319091238925","57600.0","1684706400000.0","1684764000000.0"
"04788d15-35fd-4437-9560-311734e65090","TradeIQ220320Strategy","BTC-USDT","Bybit Perpetual","long","27354.6","27295.8","0.28000964271701795","8.416451438088165","7659.551772666939","-24.881018429848616","-0.32483648088438244","14400.0","1684814400000.0","1684828800000.0"
"eef101a6-1e41-4164-8d9c-9893822a4cb4","TradeIQ220320Strategy","BTC-USDT","Bybit Perpetual","long","27326.9","27229.8","0.2794285047026403","8.384583406380795","7635.914805158582","-35.517091213007774","-0.4651321042635724","7200.0","1684843200000.0","1684850400000.0"
"9c559daf-b3be-44d8-9d79-276d1920aff4","TradeIQ220320Strategy","BTC-USDT","Bybit Perpetual","short","26770.0","26118.9","0.2839810821257462","8.260695879942208","7602.173568506226","176.63938669213073","2.3235379342547575","100800.0","1684900800000.0","1685001600000.0"
"e2e8d81f-c861-4185-b830-5b760e12e2b5","TradeIQ220320Strategy","BTC-USDT","Bybit Perpetual","short","26118.9","26282.5","0.29748500074136924","8.573746784816834","7769.98098586375","-57.24229290610441","-0.7367108492317767","14400.0","1685001600000.0","1685016000000.0"
"ab83a4dd-52d6-4fca-bfda-c7b4959d1928","TradeIQ220320Strategy","BTC-USDT","Bybit Perpetual","long","27080.1","27828.5","0.2849177369213168","8.604438727234797","7715.60080760295","204.6279955846791","2.6521330054172676","72000.0","1685239200000.0","1685311200000.0"
"d86f03c7-53a2-408c-a815-1f2e0816460a","TradeIQ220320Strategy","BTC-USDT","Bybit Perpetual","long","27828.5","27895.0","0.2842408826709451","8.711393254032926","7909.997403408396","10.190625443584922","0.12883222236196704","36000.0","1685311200000.0","1685347200000.0"
"8dd9d1f1-8913-4d1d-a964-dff756186752","TradeIQ220320Strategy","BTC-USDT","Bybit Perpetual","long","28005.9","27684.3","0.2827860735623493","8.66162714664607","7919.678497579799","-99.60562840429822","-1.2576978779471544","21600.0","1685448000000.0","1685469600000.0"
"044f358a-39b7-4ab8-9606-340ba3950452","TradeIQ220320Strategy","BTC-USDT","Bybit Perpetual","short","27080.5","26947.9","0.28895526857316944","8.586484957918247","7825.053150595715","29.728983654883606","0.37992053322500896","129600.0","1685512800000.0","1685642400000.0"
"8ec4ac8b-ffb7-440f-88ec-614e8416aaf8","TradeIQ220320Strategy","BTC-USDT","Bybit Perpetual","short","26805.7","27140.3","0.2929711100649435","8.692540726959894","7853.295685067856","-106.72067415468955","-1.3589285114733005","14400.0","1685671200000.0","1685685600000.0"
"05c8837d-0774-44d6-9cb2-1b4cad076e8e","TradeIQ220320Strategy","BTC-USDT","Bybit Perpetual","long","27231.6","27123.0","0.2846660146528629","8.510099048027776","7751.911044620901","-39.42482823932827","-0.5085820517340096","21600.0","1685736000000.0","1685757600000.0"
"05a28600-fe73-4449-ade0-3fd917af430b","TradeIQ220320Strategy","BTC-USDT","Bybit Perpetual","long","27161.3","27144.3","0.2840238669648927","8.483247580416773","7714.457457793539","-13.311653318819948","-0.1725546273558335","7200.0","1685779200000.0","1685786400000.0"
"b4ef9d86-b140-4bf1-95b1-6a5d47cfe95f","TradeIQ220320Strategy","BTC-USDT","Bybit Perpetual","long","27292.7","27147.6","0.2821930914545157","8.449472106191198","7701.811387140661","-49.39568967624204","-0.6413515885200151","7200.0","1685808000000.0","1685815200000.0"
"935607e1-df71-41df-8b7e-a0dff958015d","TradeIQ220320Strategy","BTC-USDT","Bybit Perpetual","short","27084.9","27141.0","0.2826255766847295","8.42909444231166","7654.88548194823","-24.284389294324573","-0.317240399632262","43200.0","1685822400000.0","1685865600000.0"
"b75d55ae-c852-4075-b5f3-7c9b10b8fb56","TradeIQ220320Strategy","BTC-USDT","Bybit Perpetual","long","27206.0","27102.4","0.2805195659824532","8.379012838460804","7631.8153121186215","-37.44083987424255","-0.49058891421009543","50400.0","1685872800000.0","1685923200000.0"
"b22c4e30-ec10-4bf0-9daf-bf2fa5590f4c","TradeIQ220320Strategy","BTC-USDT","Bybit Perpetual","short","27038.2","25991.9","0.28094497837275006","8.194197163682627","7596.246514238091","285.7585337077255","3.7618386024217556","50400.0","1685930400000.0","1685980800000.0"
"34e59b57-2953-4133-a81e-1094b316958b","TradeIQ220320Strategy","BTC-USDT","Bybit Perpetual","short","25991.9","26051.2","0.3026988069845002","8.664361354976274","7867.717121260431","-26.614400609156917","-0.3382734813538036","86400.0","1685980800000.0","1686067200000.0"
"b7736112-2354-4e11-bc71-5589fabc0169","TradeIQ220320Strategy","BTC-USDT","Bybit Perpetual","long","27073.2","26897.0","0.28967515626825535","8.598604365355948","7842.433440681731","-59.63936689982275","-0.7604701697619812","28800.0","1686081600000.0","1686110400000.0"
"0ba44f45-f6de-408a-8d9e-08d0acb99271","TradeIQ220320Strategy","BTC-USDT","Bybit Perpetual","short","26333.9","26705.9","0.295656019128458","8.624844867853273","7785.776042126901","-118.60888398363966","-1.5234047748339592","86400.0","1686153600000.0","1686240000000.0"
"3cd4c536-baf7-4698-a266-32137ae82cfe","TradeIQ220320Strategy","BTC-USDT","Bybit Perpetual","short","26383.4","25504.6","0.2908305071500429","8.299837345250785","7673.097602342442","247.28201233820775","3.2227142824655006","14400.0","1686362400000.0","1686376800000.0"
"3f9aeb84-7f78-49d0-8850-1ac3b1277711","TradeIQ220320Strategy","BTC-USDT","Bybit Perpetual","short","25504.6","25784.9","0.31006232264233663","8.74661782344027","7908.015514063738","-95.65708686008813","-1.2096218917371884","108000.0","1686376800000.0","1686484800000.0"
"2c149fff-6930-4061-a177-f488d2f1550a","TradeIQ220320Strategy","BTC-USDT","Bybit Perpetual","short","25809.3","25918.6","0.3028807941922739","8.61706308864419","7817.141281546656","-41.721933893859514","-0.5337236771241346","21600.0","1686585600000.0","1686607200000.0"
"12434b2a-87a8-4bd5-8851-59023e534748","TradeIQ220320Strategy","BTC-USDT","Bybit Perpetual","short","25750.9","26034.9","0.3020284900468523","8.602432838927557","7777.505444347489","-94.3785240122336","-1.2134806550450663","36000.0","1686672000000.0","1686708000000.0"
"922547be-f0c3-4faf-a22b-ae794abeebc3","TradeIQ220320Strategy","BTC-USDT","Bybit Perpetual","short","25833.2","25972.1","0.29759556874625936","8.479365244663825","7687.845846535868","-49.8153897435186","-0.6479759185853777","14400.0","1686722400000.0","1686736800000.0"
"db1c9bf7-c700-4ea2-befe-9b68b772a8d4","TradeIQ220320Strategy","BTC-USDT","Bybit Perpetual","short","25860.5","25104.8","0.29545141146843734","8.281773401501791","7640.521226279524","214.9908582451965","2.8138245006863776","7200.0","1686772800000.0","1686780000000.0"
"ee6f2ab4-5d64-45e3-a924-4b7d6c5c4da0","TradeIQ220320Strategy","BTC-USDT","Bybit Perpetual","short","25104.8","25443.0","0.3124805830603096","8.687363309028756","7844.762541612461","-114.36829650002569","-1.4578936697364675","79200.0","1686780000000.0","1686859200000.0"
"81716158-522a-4f46-81f5-4ea7d4c440cf","TradeIQ220320Strategy","BTC-USDT","Bybit Perpetual","long","26304.6","26189.4","0.29409733126287557","8.491089919022365","7736.112659937437","-42.371102480504774","-0.5477053443123906","28800.0","1686938400000.0","1686967200000.0"
"63a03029-e399-44a1-a61f-287894fd99cb","TradeIQ220320Strategy","BTC-USDT","Bybit Perpetual","long","26679.4","26483.0","0.28845701599664747","8.434286996971096","7695.860112580957","-65.08724493871307","-0.8457436074274587","72000.0","1686981600000.0","1687053600000.0"
"35efc404-4d30-4263-87af-3ba92d6e5526","TradeIQ220320Strategy","BTC-USDT","Bybit Perpetual","long","26655.0","27784.0","0.2864013216990876","8.575270853587147","7634.0272298891805","314.7718213446828","4.123273494653911","86400.0","1687197600000.0","1687284000000.0"
"f09f80a7-a1db-4b54-97e3-4044966d6ca8","TradeIQ220320Strategy","BTC-USDT","Bybit Perpetual","long","27784.0","28969.6","0.28552621869301137","8.91255244286863","7933.060460166628","329.60733243956525","4.154857183990781","43200.0","1687284000000.0","1687327200000.0"
"4c34d054-290f-457a-adfc-59327175b615","TradeIQ220320Strategy","BTC-USDT","Bybit Perpetual","long","28969.6","30283.699999999997","0.2846496819419051","9.276538149454556","8246.187425984213","364.78160889040254","4.423639556638679","79200.0","1687327200000.0","1687406400000.0"
"ce0714e3-5fa7-4bed-8957-496df1f02c16","TradeIQ220320Strategy","BTC-USDT","Bybit Perpetual","long","30283.699999999997","30094.5","0.28374108693554934","9.422476852366593","8592.729954430095","-63.1062905005717","-0.7344149162750824","14400.0","1687406400000.0","1687420800000.0"
"5fea5ed6-c629-4389-95ba-7241e672650e","TradeIQ220320Strategy","BTC-USDT","Bybit Perpetual","long","30125.3","30390.900000000005","0.28324295454168263","9.427433007099456","8532.778978454551","65.8018957191731","0.7711660630765697","100800.0","1687521600000.0","1687622400000.0"
"2f2a690b-b98b-4e4d-a1de-4c98e2dbccae","TradeIQ220320Strategy","BTC-USDT","Bybit Perpetual","long","30631.2","30400.5","0.2806057477143489","9.419215197027805","8595.290779387764","-74.1549611947283","-0.8627394127556242","7200.0","1687788000000.0","1687795200000.0"
"93213f17-c4e3-4f94-a7b3-7cda86dee999","TradeIQ220320Strategy","BTC-USDT","Bybit Perpetual","long","30720.1","30441.8","0.2775005148503023","9.334852306572486","8524.843566252772","-86.56324558941141","-1.0154232733617379","57600.0","1687867200000.0","1687924800000.0"
"a6dde35e-c00b-4164-972a-bf46586648fe","TradeIQ220320Strategy","BTC-USDT","Bybit Perpetual","long","30333.9","30374.5","0.2783225527526243","9.29308427384008","8442.608482942831","2.006811367916061","0.02377003946079647","64800.0","1688025600000.0","1688090400000.0"
"42b61809-42fe-4dbc-928a-4082c571b93e","TradeIQ220320Strategy","BTC-USDT","Bybit Perpetual","long","30734.3","30120.0","0.27475865576057856","9.196135115888037","8444.51495374235","-177.98037734961125","-2.107644764969429","36000.0","1688097600000.0","1688133600000.0"
"a770bfb7-9884-44ab-a9df-75fdc2f02904","TradeIQ220320Strategy","BTC-USDT","Bybit Perpetual","long","30554.999999999996","31254.1","0.27083729652299854","9.207115249485819","8275.43359526022","180.13523874974305","2.1767468335788","79200.0","1688335200000.0","1688414400000.0"
"b6cca314-e20f-4742-8993-5056753b614b","TradeIQ220320Strategy","BTC-USDT","Bybit Perpetual","long","31254.1","31003.7","0.27025452891212587","9.253998825557943","8446.562072072473","-76.92573286515368","-0.9107342396677487","50400.0","1688414400000.0","1688464800000.0"
"f9895d16-5c75-4c9e-9179-e0e2a43af759","TradeIQ220320Strategy","BTC-USDT","Bybit Perpetual","long","30792.3","30361.499999999996","0.27193430259677187","9.146398774778357","8373.482625850578","-126.29569633346847","-1.5082815833828682","21600.0","1688630400000.0","1688652000000.0"
"dc7cb47c-66c0-42f8-9a00-a48a91599f5a","TradeIQ220320Strategy","BTC-USDT","Bybit Perpetual","short","29874.4","30071.4","0.27627338839721577","9.1087861074","8253.501714333783","-63.534643621651504","-0.7697901547813513","7200.0","1688688000000.0","1688695200000.0"
"d2c1820a-83a4-4734-8a6a-81d77c0de63d","TradeIQ220320Strategy","BTC-USDT","Bybit Perpetual","long","30269.3","30249.4","0.27067503387568315","9.00949564493677","8193.143802893215","-14.395928819062274","-0.17570701998393695","21600.0","1688860800000.0","1688882400000.0"
"60c87a84-5cf9-4a5a-b317-2a30d0cdfad3","TradeIQ220320Strategy","BTC-USDT","Bybit Perpetual","long","30336.8","30227.7","0.26962196640763375","8.981235771472324","8179.467670515103","-38.396992306544774","-0.4694314331109364","14400.0","1688918400000.0","1688932800000.0"
"271e939b-e6e6-4bf9-836f-f5473d2d3d02","TradeIQ220320Strategy","BTC-USDT","Bybit Perpetual","long","30297.6","30435.5","0.2687668504377867","8.97767420237773","8142.990527823886","28.085274472993447","0.344901229800385","64800.0","1689004800000.0","1689069600000.0"
"1b19917b-de1e-4d08-bb51-1e88dfce727c","TradeIQ220320Strategy","BTC-USDT","Bybit Perpetual","long","30730.8","30510.2","0.2658463671161581","8.954383552708352","8169.671538573231","-67.60009213853245","-0.827451774766679","28800.0","1689148800000.0","1689177600000.0"
"c6261c80-02e8-4fa2-9690-c32f4d27ef3a","TradeIQ220320Strategy","BTC-USDT","Bybit Perpetual","long","30915.4","30674.9","0.2621816780970528","8.8813165146755","8105.451451041626","-71.93601009701669","-0.8875015849705971","93600.0","1689264000000.0","1689357600000.0"
"5258cdc5-a556-4fa0-9e27-45da12c92a3d","TradeIQ220320Strategy","BTC-USDT","Bybit Perpetual","short","30099.9","30323.0","0.2670145828208553","8.873587489979442","8037.112241449462","-68.44454091731185","-0.8516061349040976","21600.0","1689364800000.0","1689386400000.0"
"797f0bf1-59c0-4225-b408-e9b1d2538af3","TradeIQ220320Strategy","BTC-USDT","Bybit Perpetual","short","30276.0","30317.6","0.26331384355852877","8.775323541076439","7972.089927578017","-19.72917943311085","-0.2474781344959656","14400.0","1689393600000.0","1689408000000.0"
"e1f9a7f2-af5c-4658-80a1-b33f24a7467c","TradeIQ220320Strategy","BTC-USDT","Bybit Perpetual","short","30290.5","30309.7","0.2625690301288048","8.751454656786379","7953.347207116562","-13.792780035259621","-0.1734210726135281","14400.0","1689436800000.0","1689451200000.0"
"bb46028d-7930-41e6-a72f-961f65249024","TradeIQ220320Strategy","BTC-USDT","Bybit Perpetual","short","30288.7","30366.0","0.26215202587377684","8.745413866071395","7940.244066083064","-29.009765466114153","-0.3653510550139137","64800.0","1689458400000.0","1689523200000.0"
"d89d4bf4-181d-46b8-863c-7fc9769b2c6d","TradeIQ220320Strategy","BTC-USDT","Bybit Perpetual","short","30239.5","29990.3","0.2616671832831316","8.668089163638498","7912.684788890258","56.53937291051808","0.7145409480976892","194400.0","1689537600000.0","1689732000000.0"
"4e416d77-ebe6-41ec-9d1f-52d7a540f872","TradeIQ220320Strategy","BTC-USDT","Bybit Perpetual","long","30319.0","29792.8","0.26275263673456417","8.686993671873427","7966.397193155251","-146.94743112160128","-1.8445908176391066","21600.0","1689847200000.0","1689868800000.0"
"127cfd8e-10b4-4f0b-9c60-601f7232f6d7","TradeIQ220320Strategy","BTC-USDT","Bybit Perpetual","short","29792.8","29912.2","0.26270767210835266","8.626728859776058","7826.797133589729","-39.99402490951375","-0.5109883931688242","93600.0","1689868800000.0","1689962400000.0"
"29b8c901-8dee-4c2d-a7e8-522757c9d6a0","TradeIQ220320Strategy","BTC-USDT","Bybit Perpetual","short","29783.5","29910.6","0.2615140198407068","8.585964228475227","7788.802809925692","-41.82439615022869","-0.5369810633404354","21600.0","1690070400000.0","1690092000000.0"
"3f486fcc-3bb2-47ce-b4dd-5c90b8c43f40","TradeIQ220320Strategy","BTC-USDT","Bybit Perpetual","long","30110.1","30083.1","0.25735781792763807","8.520154833345046","7749.069633582974","-15.468815917391275","-0.19962158876921698","7200.0","1690135200000.0","1690142400000.0"
"ea760570-b034-4971-bfd0-113a62e45dbb","TradeIQ220320Strategy","BTC-USDT","Bybit Perpetual","short","29705.6","29031.6","0.2603675488278794","8.411293433957105","7734.374258461454","167.0764344760336","2.16018037003124","50400.0","1690171200000.0","1690221600000.0"
"a3156230-3643-4436-a914-2e23866e8168","TradeIQ220320Strategy","BTC-USDT","Bybit Perpetual","short","29031.6","29271.9","0.27187949927712163","8.718339512357014","7893.096871213684","-74.05098318865014","-0.9381740069441676","72000.0","1690221600000.0","1690293600000.0"
"7299dd79-f9c2-4082-b45f-001f5a3cb5b5","TradeIQ220320Strategy","BTC-USDT","Bybit Perpetual","short","29278.0","29276.8","0.26718862071126676","8.604846936413246","7822.7484371844685","-8.284220591559531","-0.10589910513012935","79200.0","1690473600000.0","1690552800000.0"
"89ef2d1d-3eb4-482b-a4b1-e3f6fb7ed77e","TradeIQ220320Strategy","BTC-USDT","Bybit Perpetual","short","29187.2","29442.4","0.26775019281131746","8.63394768744773","7814.878427622485","-76.96379689289614","-0.9848367777655983","21600.0","1690747200000.0","1690768800000.0"
"5c1c1f61-3727-405a-890e-9169538f4eef","TradeIQ220320Strategy","BTC-USDT","Bybit Perpetual","short","28820.1","29263.6","0.26862373206804396","8.581463146476356","7741.762820574233","-127.71608831865385","-1.6497029330224393","57600.0","1690862400000.0","1690920000000.0"
"724fbf73-97ff-42d5-a3b6-fde1e27e4e14","TradeIQ220320Strategy","BTC-USDT","Bybit Perpetual","long","29701.2","29443.0","0.25656985363121737","8.346040305424495","7620.432536671514","-74.59237651300501","-0.9788470162821729","36000.0","1690934400000.0","1690970400000.0"
"7a5fa97c-0848-42f3-9b82-36501747468b","TradeIQ220320Strategy","BTC-USDT","Bybit Perpetual","short","29137.4","29244.4","0.2591023831564984","8.319774932131335","7549.569778984157","-36.04372992987666","-0.4774276016391304","79200.0","1690999200000.0","1691078400000.0"
"75b6748d-1c2c-4031-9b94-a4ab4ff5c760","TradeIQ220320Strategy","BTC-USDT","Bybit Perpetual","short","29180.2","29225.1","0.2575488939606574","8.27322122904221","7515.3282355507745","-19.837166567875165","-0.26395609008847715","21600.0","1691107200000.0","1691128800000.0"
"77bc752d-2b82-4ee7-b2f5-5a9c8cb0ed43","TradeIQ220320Strategy","BTC-USDT","Bybit Perpetual","short","29157.2","29225.0","0.25710572096467743","8.255718692377194","7496.482927311293","-25.687486573782138","-0.34266050923956787","7200.0","1691150400000.0","1691157600000.0"
"c5abf191-926b-4f26-a303-b6a19ec4525e","TradeIQ220320Strategy","BTC-USDT","Bybit Perpetual","short","29021.0","29077.4","0.2574714797927776","8.22727456187599","7472.079815066199","-22.748666022189024","-0.3044489163019932","180000.0","1691179200000.0","1691359200000.0"
"181276a7-9f6a-4ff5-b7ca-8f13427c1f13","TradeIQ220320Strategy","BTC-USDT","Bybit Perpetual","short","28853.2","29144.9","0.2582198363559369","8.236942940025397","7450.468582345119","-83.55966920505239","-1.1215357568657922","14400.0","1691424000000.0","1691438400000.0"
"8bf7b6cc-e651-4135-83c5-80fa2ecdd54c","TradeIQ220320Strategy","BTC-USDT","Bybit Perpetual","long","29428.0","29749.4","0.2504786902473943","8.152472704335384","7371.086896600319","72.35137834117751","0.9815564428435554","100800.0","1691496000000.0","1691596800000.0"
"827440af-6530-4051-aa78-2ab71150809b","TradeIQ220320Strategy","BTC-USDT","Bybit Perpetual","short","29377.0","29435.0","0.2532532493455573","8.191881555281004","7439.820706024438","-22.88057001732333","-0.3075419545903258","7200.0","1691748000000.0","1691755200000.0"
"69cc437b-9f9f-4198-ab73-332ceff915e7","TradeIQ220320Strategy","BTC-USDT","Bybit Perpetual","short","29327.3","29401.5","0.252941258298854","8.170215113709954","7418.084164507981","-26.938456479485104","-0.3631457379301904","14400.0","1691776800000.0","1691791200000.0"
"bfbd9563-0604-4d7e-a83e-ea237d2954e6","TradeIQ220320Strategy","BTC-USDT","Bybit Perpetual","short","29388.0","29410.2","0.25154800023317236","8.134813295020564","7392.492630852469","-13.719178900197173","-0.1855825847284631","14400.0","1691812800000.0","1691827200000.0"
"f01c85e3-7a53-4c5d-a9c1-93468dcaffa1","TradeIQ220320Strategy","BTC-USDT","Bybit Perpetual","short","29374.2","29426.1","0.25122248132365416","8.124576497716394","7379.459410897282","-21.163023278413498","-0.28678284004329585","50400.0","1691906400000.0","1691956800000.0"
"7f63117c-dcda-4aa3-a1d3-fe224a70f493","TradeIQ220320Strategy","BTC-USDT","Bybit Perpetual","long","29426.1","29360.0","0.250096157451473","8.086197746856921","7359.35453878279","-24.617553754398923","-0.33450696830364385","7200.0","1691956800000.0","1691964000000.0"
"53c47131-f972-4859-a23d-d98b639c1b4a","TradeIQ220320Strategy","BTC-USDT","Bybit Perpetual","short","29256.4","29390.0","0.25074745569229673","8.087989572031992","7335.96786271611","-41.58784965252247","-0.5669033784060874","7200.0","1691978400000.0","1691985600000.0"
"c491b8f8-7c44-48cc-84e1-e0c0972c9382","TradeIQ220320Strategy","BTC-USDT","Bybit Perpetual","long","29436.0","29376.0","0.24787537048329308","8.017925458874888","7296.459405546215","-22.890447687872474","-0.31371993477374643","28800.0","1691992800000.0","1692021600000.0"
"2dab0eaa-bb15-40ad-89c0-85286c8f7db9","TradeIQ220320Strategy","BTC-USDT","Bybit Perpetual","long","29592.9","29353.8","0.24582631240070202","7.9698574390547545","7274.713480242735","-66.74692873406315","-0.9175196922234798","14400.0","1692028800000.0","1692043200000.0"
"f10ea369-3525-4440-9e5d-e412700be69a","TradeIQ220320Strategy","BTC-USDT","Bybit Perpetual","short","29353.8","29419.5","0.2456684960020636","7.941311518842948","7211.303897945375","-24.081731706178704","-0.33394420824561294","14400.0","1692043200000.0","1692057600000.0"
"8e31dd49-1a05-4be6-bcd3-4f89b2d4a8a2","TradeIQ220320Strategy","BTC-USDT","Bybit Perpetual","short","29398.6","29411.4","0.2445159379298506","7.908990270309983","7188.426252824505","-11.038794275812782","-0.153563434993513","28800.0","1692064800000.0","1692093600000.0"
"1dbee563-4d1f-4976-9e3c-d30c6b04f954","TradeIQ220320Strategy","BTC-USDT","Bybit Perpetual","short","29357.1","28924.0","0.2445043753729927","7.837491173353008","7177.939398262483","98.05735380068978","1.366093364126561","122400.0","1692100800000.0","1692223200000.0"
"9616922b-5124-4902-b239-8923db64381c","TradeIQ220320Strategy","BTC-USDT","Bybit Perpetual","short","28924.0","28393.3","0.25138618048586425","7.924827417519335","7271.093884373137","125.48581856632902","1.7258176082146341","57600.0","1692223200000.0","1692280800000.0"
"adb18792-a730-49f9-8234-4ed0d7f22d9b","TradeIQ220320Strategy","BTC-USDT","Bybit Perpetual","short","28393.3","26249.9","0.2602834264425463","7.822495630281941","7390.30541201115","550.0690006066712","7.44311594636762","28800.0","1692280800000.0","1692309600000.0"
"9a196980-3cc3-4d55-a1d2-642f66a1fbcb","TradeIQ220320Strategy","BTC-USDT","Bybit Perpetual","short","26249.9","26053.4","0.3014438516941964","8.671579514574386","7912.870962587487","50.56213734333521","0.638985996137128","79200.0","1692309600000.0","1692388800000.0"
"144b83c2-4377-414f-ba3f-5f449a895dea","TradeIQ220320Strategy","BTC-USDT","Bybit Perpetual","short","25652.4","26044.4","0.3103376289572771","8.82390428517321","7960.904993063657","-130.47625483642585","-1.6389625921941025","7200.0","1692741600000.0","1692748800000.0"
"c26e00e0-1437-4bac-a84e-12b40bbac49a","TradeIQ220320Strategy","BTC-USDT","Bybit Perpetual","short","25928.1","26134.3","0.3022571091197987","8.654926784811234","7836.952550969052","-70.98034268531394","-0.9057135694478221","14400.0","1692792000000.0","1692806400000.0"
"02396660-c366-406e-a2b4-91fd9346d3e1","TradeIQ220320Strategy","BTC-USDT","Bybit Perpetual","short","25987.3","26023.4","0.2989737766300464","8.552409472294794","7769.521225418004","-19.34536280864012","-0.24899041070061984","223200.0","1692892800000.0","1693116000000.0"
"e60e45eb-10b5-4f69-a385-baf06eae16b3","TradeIQ220320Strategy","BTC-USDT","Bybit Perpetual","short","26017.7","26087.0","0.29791807618466637","8.537612591298553","7751.143130749794","-29.183335270895718","-0.3765036302209622","43200.0","1693188000000.0","1693231200000.0"
"4e40af83-a5c9-48d7-89a8-6efc7871ff33","TradeIQ220320Strategy","BTC-USDT","Bybit Perpetual","short","25962.2","26036.2","0.2974870759119968","8.507868582456307","7723.418962242444","-30.521912199944072","-0.39518654043185864","7200.0","1693310400000.0","1693317600000.0"
"d8ac4c0e-a72e-48ab-994f-006f8abfdfdb","TradeIQ220320Strategy","BTC-USDT","Bybit Perpetual","long","27411.4","27186.1","0.2807015747335961","8.429082324584632","7694.423145652496","-71.67114711206465","-0.931468750228018","151200.0","1693324800000.0","1693476000000.0"
"fe7d3494-fac1-4709-b92d-c58564aedf8b","TradeIQ220320Strategy","BTC-USDT","Bybit Perpetual","short","26909.5","25928.0","0.283406810081794","8.235979030233237","7626.335555896037","269.9278050650476","3.5394168416358536","28800.0","1693497600000.0","1693526400000.0"
"5457b0ef-ee38-4d5e-9a34-455f43c11c1b","TradeIQ220320Strategy","BTC-USDT","Bybit Perpetual","short","25928.0","25808.8","0.3040252611349827","8.651111771658606","7882.766970707831","27.588699355631555","0.34998750385683713","108000.0","1693526400000.0","1693634400000.0"
"ade93012-cf19-4504-a156-68e4a13a0d20","TradeIQ220320Strategy","BTC-USDT","Bybit Perpetual","short","25878.0","25724.5","0.3056254824598378","8.67407142724858","7908.976235095683","38.239440130336526","0.48349418424916923","93600.0","1693828800000.0","1693922400000.0"
"516d0bf4-a1f4-4231-a8f1-9e55b4224c89","TradeIQ220320Strategy","BTC-USDT","Bybit Perpetual","short","25576.3","25845.6","0.31065102079735935","8.785846149486852","7945.303703219502","-92.4441660502155","-1.1635070162611454","7200.0","1694016000000.0","1694023200000.0"
"fecd510a-b307-45b7-a670-100fd2c6ce01","TradeIQ220320Strategy","BTC-USDT","Bybit Perpetual","short","25828.9","25892.6","0.3042127905358647","8.6538880151354","7857.481745471796","-28.032242772269097","-0.35675861147782945","129600.0","1694174400000.0","1694304000000.0"
"0b905e5c-d5f2-4fd3-b235-1733a332b484","TradeIQ220320Strategy","BTC-USDT","Bybit Perpetual","short","25840.3","25893.0","0.3030479953730468","8.622720072467843","7830.85111483814","-24.593349428627626","-0.31405717038889147","72000.0","1694311200000.0","1694383200000.0"
"763ff1d5-e0a9-4509-9c0c-7aad503cb0ce","TradeIQ220320Strategy","BTC-USDT","Bybit Perpetual","short","25591.9","25008.3","0.3050765059601259","8.49031271928596","7807.487432880947","169.5523361590442","2.1716632606410706","28800.0","1694433600000.0","1694462400000.0"
"f124689c-8a61-4610-a31b-58c3d36847ee","TradeIQ220320Strategy","BTC-USDT","Bybit Perpetual","short","25008.3","25788.2","0.31863669870531136","8.902095986181394","7968.562152232038","-257.4068573064542","-3.2302798470907716","28800.0","1694462400000.0","1694491200000.0"
"4ebdf2db-6ab7-4a69-9937-781dc31eecdb","TradeIQ220320Strategy","BTC-USDT","Bybit Perpetual","long","26087.2","25891.2","0.29608488598971544","8.464510250860304","7724.0256377909045","-66.49714790484452","-0.8609130914778128","21600.0","1694520000000.0","1694541600000.0"
"332e9834-f712-4478-a8d6-0bf4c3a005db","TradeIQ220320Strategy","BTC-USDT","Bybit Perpetual","long","26090.0","25825.8","0.2936317879371906","8.384271046904281","7660.853347281302","-85.96178941991025","-1.1220915676504435","7200.0","1694556000000.0","1694563200000.0"
"629782a1-5e8d-4fb3-9b5a-52c1b40714b1","TradeIQ220320Strategy","BTC-USDT","Bybit Perpetual","long","26141.6","26129.5","0.28992830000200404","8.335179139229115","7579.189647332389","-11.843311569252943","-0.15626092129019858","36000.0","1694599200000.0","1694635200000.0"
"403333c8-4481-466d-8a95-72c6d9159736","TradeIQ220320Strategy","BTC-USDT","Bybit Perpetual","long","26570.7","26351.9","0.2848226994900999","8.290456787819119","7567.938501341598","-70.60966343625277","-0.9330105341598048","86400.0","1694700000000.0","1694786400000.0"
"e651b06d-19d7-4895-ab3c-d39578009e89","TradeIQ220320Strategy","BTC-USDT","Bybit Perpetual","long","26591.1","26465.6","0.2820815731984445","8.231474572594852","7500.859321077158","-43.63271200899963","-0.5817028441847083","151200.0","1694822400000.0","1694973600000.0"
"9d97b903-eb3d-4a9e-9617-3d0525902ff9","TradeIQ220320Strategy","BTC-USDT","Bybit Perpetual","long","26858.6","26687.2","0.27772885573591355","8.179167569905244","7459.408244668607","-55.781893443040225","-0.747805879680988","57600.0","1695031200000.0","1695088800000.0"
"83460077-d5ea-4922-9d9e-b20324a373ee","TradeIQ220320Strategy","BTC-USDT","Bybit Perpetual","long","27278.6","26916.6","0.2715101011744635","8.092999329343655","7406.41544589772","-106.37965595449944","-1.4363176995886886","122400.0","1695117600000.0","1695240000000.0"
"97a4e318-d183-4bd8-b5c8-d0c0308eb0f0","TradeIQ220320Strategy","BTC-USDT","Bybit Perpetual","short","26408.2","26567.7","0.2766320602214822","8.060157797497972","7305.354772740946","-52.18297140282438","-0.7143112555948531","7200.0","1695304800000.0","1695312000000.0"
"9d21ace7-d1bd-4a2f-ac9d-f072eaeec9c4","TradeIQ220320Strategy","BTC-USDT","Bybit Perpetual","long","26661.3","26432.5","0.2721465551157769","7.94711212240332","7255.780949908262","-70.21424393289288","-0.9677007122683415","7200.0","1695578400000.0","1695585600000.0"
"c49dfb9b-ae22-4c46-9369-1668c9c83648","TradeIQ220320Strategy","BTC-USDT","Bybit Perpetual","short","26432.5","26267.8","0.2719787162838178","7.883347967974647","7189.077418172014","36.91154660397035","0.5134392698382702","93600.0","1695585600000.0","1695679200000.0"
"7f936864-bdbc-4479-adad-e0c016e4c528","TradeIQ220320Strategy","BTC-USDT","Bybit Perpetual","long","26755.8","26293.4","0.2700028923614987","7.87789059060499","7224.143387445787","-132.7272280185614","-1.8372728903639501","14400.0","1695816000000.0","1695830400000.0"
"f7b245eb-de12-40e0-bf79-5a1a6e70caf0","TradeIQ220320Strategy","BTC-USDT","Bybit Perpetual","short","26293.4","26359.6","0.26995567407897625","7.817686859004185","7098.052520828154","-25.688752483031628","-0.3619126853126529","28800.0","1695830400000.0","1695859200000.0"
"b119ffcb-470a-4ac6-976b-85a7fa171ba0","TradeIQ220320Strategy","BTC-USDT","Bybit Perpetual","long","27012.3","27164.0","0.26186767531714344","7.8028619560562875","7073.6482059692735","31.922464389554566","0.45128713586033303","280800.0","1695916800000.0","1696197600000.0"
"1c711b16-603c-4b02-ba74-53cc2c9e9a2f","TradeIQ220320Strategy","BTC-USDT","Bybit Perpetual","long","27981.4","27955.3","0.25388202688712325","7.810727525357321","7103.974547139351","-14.437048427111792","-0.20322494585689843","72000.0","1696204800000.0","1696276800000.0"
"81c6c3cb-a9ab-4099-a24c-0ae63c1bd214","TradeIQ220320Strategy","BTC-USDT","Bybit Perpetual","long","27559.9","27404.6","0.25726723794838136","7.777310805117594","7090.259351133595","-47.730912858501966","-0.673189942634055","7200.0","1696420800000.0","1696428000000.0"
"68ee8d75-5242-4f56-9b1d-e68cddc18885","TradeIQ220320Strategy","BTC-USDT","Bybit Perpetual","long","27521.7","27540.0","0.25597673777121394","7.751982888175489","7044.914983918019","-3.06760858696246","-0.04354358560699641","79200.0","1696442400000.0","1696521600000.0"
"4b6ac68d-38c2-4dba-ac28-683d13a561e9","TradeIQ220320Strategy","BTC-USDT","Bybit Perpetual","long","27926.5","27868.4","0.2521619521157469","7.738142996156588","7042.000755760405","-22.388752414081114","-0.3179316957012105","151200.0","1696608000000.0","1696759200000.0"
"58f0f28d-8020-4d97-9975-3f2610442811","TradeIQ220320Strategy","BTC-USDT","Bybit Perpetual","short","27000.7","26781.6","0.26002034913787525","7.6914708328908725","7020.731440967029","49.27898766321816","0.7019067468621264","165600.0","1696996800000.0","1697162400000.0"
"ace5fa6a-46f9-48b1-afd0-a83bf1d289e7","TradeIQ220320Strategy","BTC-USDT","Bybit Perpetual","short","26851.5","26876.5","0.2632086281677778","7.777920245809101","7067.546479247086","-14.358135950003547","-0.2031558758356144","21600.0","1697313600000.0","1697335200000.0"
"ea2f58d8-ba10-4679-8946-93bea70bc6a1","TradeIQ220320Strategy","BTC-USDT","Bybit Perpetual","short","26840.4","26885.6","0.2628092819069232","7.765830313852247","7053.906250094582","-19.64480985604441","-0.27849547696754556","14400.0","1697371200000.0","1697385600000.0"
"cbf6c1f9-1ac3-4338-bcda-93d7f1f13db6","TradeIQ220320Strategy","BTC-USDT","Bybit Perpetual","long","27164.4","27903.4","0.2589876338417686","7.84403357257946","7035.243680731339","183.54782783648753","2.608976123161196","28800.0","1697407200000.0","1697436000000.0"
"edec015c-e7f2-47ab-b0b6-ab383e75e44c","TradeIQ220320Strategy","BTC-USDT","Bybit Perpetual","long","27903.4","28339.2","0.2583776212639321","7.992506060934357","7209.614117176004","104.60846128588706","1.4509578402631909","72000.0","1697436000000.0","1697508000000.0"
"663b5023-b16b-428c-a39f-05e1e50b4f0b","TradeIQ220320Strategy","BTC-USDT","Bybit Perpetual","long","28532.9","29785.9","0.25616015741118486","8.216424143417274","7308.992155397597","312.7522530927974","4.279006550333124","57600.0","1697738400000.0","1697796000000.0"
"649d1870-7390-4adb-911c-3ae8948f3e30","TradeIQ220320Strategy","BTC-USDT","Bybit Perpetual","long","29785.9","29591.0","0.2553593074520412","8.339344234457009","7606.106795835755","-58.108873256860214","-0.7639765627360645","64800.0","1697796000000.0","1697860800000.0"
"892b72e7-b5a2-49fe-a5ad-4be16552e213","TradeIQ220320Strategy","BTC-USDT","Bybit Perpetual","long","30132.4","29800.5","0.25059083797645515","8.2602495983475","7550.903366241738","-91.43134872273333","-1.2108663597987595","50400.0","1697911200000.0","1697961600000.0"
"6f7ec494-4913-4fbe-87b9-443b04884a8a","TradeIQ220320Strategy","BTC-USDT","Bybit Perpetual","long","30336.6","31618.7","0.24604087422305534","8.383944896113414","7464.04358495514","307.0650599452664","4.11392372579657","72000.0","1698026400000.0","1698098400000.0"
"a6a82f99-6ab9-40af-8a56-84830632fa0a","TradeIQ220320Strategy","BTC-USDT","Bybit Perpetual","long","31618.7","34182.3","0.24529014133734603","8.87718512457629","7755.755391903143","619.9486212078446","7.993400898835191","14400.0","1698098400000.0","1698112800000.0"
"0d4c13ca-61c0-4490-bf01-be0260c5aaf5","TradeIQ220320Strategy","BTC-USDT","Bybit Perpetual","long","34182.3","33674.0","0.24412361315799683","9.11092882234314","8344.706582050596","-133.19896139055362","-1.5962090467873804","50400.0","1698112800000.0","1698163200000.0"
"07b699f7-fc2c-4777-946d-b35e4ec190a9","TradeIQ220320Strategy","BTC-USDT","Bybit Perpetual","long","34182.5","34010.5","0.24042031942454678","9.017240563384966","8218.16756872957","-50.36953550440701","-0.6129047026987494","50400.0","1698494400000.0","1698544800000.0"
"51975514-19e9-4b17-a0dd-b916c3ff1ee5","TradeIQ220320Strategy","BTC-USDT","Bybit Perpetual","long","34086.0","34191.7","0.239697134013976","9.001282953886328","8170.316510000385","16.334704111390238","0.19992743355042275","86400.0","1698566400000.0","1698652800000.0"
"d4b90bf5-b3a9-47cf-aeaa-ce31c020f53a","TradeIQ220320Strategy","BTC-USDT","Bybit Perpetual","long","34670.8","34316.3","0.23610169015154556","8.95838399975953","8185.834478906207","-92.65643315848243","-1.1319118826216872","14400.0","1698674400000.0","1698688800000.0"
"de288589-bb1b-445c-8893-86126b2742f1","TradeIQ220320Strategy","BTC-USDT","Bybit Perpetual","long","34553.5","34364.9","0.23435573436571253","8.883282233820458","8097.8108674056475","-53.0827737351935","-0.6555200486202514","36000.0","1698782400000.0","1698818400000.0"
"894282f2-6eda-4c86-be68-c90d7a9ba2d6","TradeIQ220320Strategy","BTC-USDT","Bybit Perpetual","long","34499.9","34296.9","0.23325813212088187","8.826077185141639","8047.382232357213","-56.177478005680655","-0.6980838785039956","21600.0","1698832800000.0","1698854400000.0"
"2c9409b9-ca6e-4f93-9ad9-53e0e2075b6c","TradeIQ220320Strategy","BTC-USDT","Bybit Perpetual","long","35409.3","34645.2","0.2257602841132645","8.698538102876977","7994.013628251817","-181.20197119382368","-2.266720819106861","64800.0","1698876000000.0","1698940800000.0"
"4179d8be-caa0-4ac4-8c4e-ab066880a6dc","TradeIQ220320Strategy","BTC-USDT","Bybit Perpetual","long","34759.1","34696.1","0.22503090573742368","8.59626161029565","7821.871755617683","-22.773208671753345","-0.29114781452914495","21600.0","1699084800000.0","1699106400000.0"
"dd30f83d-e87e-4694-a653-f12391a42d60","TradeIQ220320Strategy","BTC-USDT","Bybit Perpetual","long","34758.9","34838.5","0.2244097830305193","8.590085588418546","7800.237207379518","9.272933140810466","0.11888014292741873","72000.0","1699120800000.0","1699192800000.0"
"55c1232c-c395-47e4-afab-96cd009c7847","TradeIQ220320Strategy","BTC-USDT","Bybit Perpetual","long","35083.9","34652.8","0.2225820531315871","8.537175825541855","7809.0464938632895","-104.49229893056872","-1.338092928665281","14400.0","1699207200000.0","1699221600000.0"
"90ef1d08-8bf0-4479-80ca-3a6e1ff01e1e","TradeIQ220320Strategy","BTC-USDT","Bybit Perpetual","long","35025.5","34893.0","0.220119022137564","8.464715517128898","7709.778809879248","-37.63048595035613","-0.4880877503533141","7200.0","1699228800000.0","1699236000000.0"
"ec57a0c3-3d7f-4883-a892-657b357954af","TradeIQ220320Strategy","BTC-USDT","Bybit Perpetual","long","35139.9","34954.4","0.21838507930376608","8.419152095333086","7674.02984822641","-48.929584306181695","-0.6375996089914884","57600.0","1699264800000.0","1699322400000.0"
"c4c0ecee-d8ab-4d2a-8da0-4ec38a8503ac","TradeIQ220320Strategy","BTC-USDT","Bybit Perpetual","long","35473.4","36854.6","0.2150215864037712","8.553644715776581","7627.546743135537","288.4341704251116","3.78148020770492","136800.0","1699387200000.0","1699524000000.0"
"272a5898-11f6-4771-9ddd-978299cf2472","TradeIQ220320Strategy","BTC-USDT","Bybit Perpetual","long","36854.6","36649.8","0.2143981810965088","8.667565314424621","7901.5592050393925","-52.57631280298869","-0.665391620041991","28800.0","1699524000000.0","1699552800000.0"
"4f455d1c-075f-421c-a2e0-38e3a0780667","TradeIQ220320Strategy","BTC-USDT","Bybit Perpetual","long","37138.1","36941.3","0.21141662357192625","8.613889143328786","7851.611707876554","-50.220680662282945","-0.6396225708907984","79200.0","1699768800000.0","1699848000000.0"
"19c649f3-bdd7-41c1-b058-49a889d05a37","TradeIQ220320Strategy","BTC-USDT","Bybit Perpetual","short","35305.9","35594.1","0.22103676896063784","8.619328805620073","7803.902061247384","-72.32212562007525","-0.9267431222543457","7200.0","1699992000000.0","1699999200000.0"
"62379b86-315f-41ba-abfc-e485d718804f","TradeIQ220320Strategy","BTC-USDT","Bybit Perpetual","long","36254.4","36113.0","0.21335882105091553","8.492122730586015","7735.1960419083125","-38.66106002718578","-0.49980711306765924","7200.0","1700049600000.0","1700056800000.0"
"7d93471e-5631-4b63-ad83-21c88f07093a","TradeIQ220320Strategy","BTC-USDT","Bybit Perpetual","long","36412.1","37885.6","0.21142609283404382","8.639659829655766","7698.468034882487","302.8966879613078","3.9345060158573664","28800.0","1700064000000.0","1700092800000.0"
"dd75718e-6527-4483-81c6-392dfd1897c2","TradeIQ220320Strategy","BTC-USDT","Bybit Perpetual","long","37885.6","37272.1","0.21079829508957834","8.713713262569701","7986.219888445729","-138.038467300026","-1.7284581344890935","43200.0","1700092800000.0","1700136000000.0"
"64bcbdf9-a302-41bb-bdf1-961572c4dabb","TradeIQ220320Strategy","BTC-USDT","Bybit Perpetual","long","36516.3","36336.2","0.21511169928253146","8.619283789589343","7855.083344510705","-47.360900830374504","-0.6029331421858342","7200.0","1700244000000.0","1700251200000.0"
"4cd7d89c-1127-404b-8bdf-34462bc97323","TradeIQ220320Strategy","BTC-USDT","Bybit Perpetual","long","36621.9","36414.0","0.2132628424172926","8.566713997877827","7810.0904887218485","-52.904058936433266","-0.6773808704627597","7200.0","1700265600000.0","1700272800000.0"
"27965aa4-94b2-4130-97d2-efa4a50667bf","TradeIQ220320Strategy","BTC-USDT","Bybit Perpetual","long","36671.9","36493.9","0.21160157048672787","8.51509900225481","7759.831632732236","-46.18017854889237","-0.5951183058418025","36000.0","1700323200000.0","1700359200000.0"
"afddea4c-7d56-4550-a63f-3baf43581785","TradeIQ220320Strategy","BTC-USDT","Bybit Perpetual","long","36521.9","36459.1","0.2112694154222751","8.480259263813181","7715.960463110789","-21.747978552332672","-0.28185705015347756","21600.0","1700373600000.0","1700395200000.0"
"b16b5d1e-3b49-4157-a905-ec371eaa15e9","TradeIQ220320Strategy","BTC-USDT","Bybit Perpetual","long","36961.9","37475.1","0.20819546298989156","8.523595123218207","7695.299883486073","98.32231648319353","1.2776931110143068","72000.0","1700424000000.0","1700496000000.0"
"b3a2ee2e-88cc-4ded-85ca-c20bbe2ca45c","TradeIQ220320Strategy","BTC-USDT","Bybit Perpetual","long","37598.1","37027.2","0.20715690644328053","8.502530459720958","7788.706084145105","-126.7684083481901","-1.6275926576077022","72000.0","1700503200000.0","1700575200000.0"
"4f3d1ad8-ded8-48b8-acce-2322703a7925","TradeIQ220320Strategy","BTC-USDT","Bybit Perpetual","short","35737.0","36378.8","0.21457526082811443","8.510846627155475","7668.276096214326","-146.22524902663994","-1.9068855527884347","14400.0","1700611200000.0","1700625600000.0"
"e115ba00-88b0-4f8f-bdb4-f830b7999bc2","TradeIQ220320Strategy","BTC-USDT","Bybit Perpetual","long","37297.0","36954.1","0.20187581064533391","8.244225552094264","7529.362109639019","-77.46744102237956","-1.0288712362924672","72000.0","1700683200000.0","1700755200000.0"
"fd1fc108-e247-4ca3-8331-30c3b1623c85","TradeIQ220320Strategy","BTC-USDT","Bybit Perpetual","long","37282.3","37738.0","0.19998144000417778","8.251467192949981","7455.768040667758","82.88007501695324","1.111623572043562","136800.0","1700769600000.0","1700906400000.0"
"1001f4e4-b9ec-4407-9120-b7f636f665da","TradeIQ220320Strategy","BTC-USDT","Bybit Perpetual","short","36743.2","36914.8","0.20505846284302576","8.307307940850375","7534.504111933863","-43.49534016471479","-0.5772820549108566","7200.0","1701100800000.0","1701108000000.0"
"946a9ed3-3c7f-4d70-9b55-de5189f024c0","TradeIQ220320Strategy","BTC-USDT","Bybit Perpetual","long","37250.1","38202.5","0.20115874960811878","8.347872868874848","7493.1835387773845","183.23572025789778","2.4453654352605807","21600.0","1701172800000.0","1701194400000.0"
"26b1bdd6-22ea-434a-9758-c247fea6dbeb","TradeIQ220320Strategy","BTC-USDT","Bybit Perpetual","long","38202.5","38098.6","0.20070041157050947","8.42251419530543","7667.257473022388","-29.275286957481654","-0.3818221451475727","64800.0","1701194400000.0","1701259200000.0"
"36a320e9-0d5a-4149-9983-3d2860a80350","TradeIQ220320Strategy","BTC-USDT","Bybit Perpetual","long","37927.3","38767.5","0.20142340610622905","8.496470315649809","7639.445950412782","160.73947549480326","2.1040724227667065","93600.0","1701396000000.0","1701489600000.0"
"47f48708-5f7f-42f2-82e9-1661a642c629","TradeIQ220320Strategy","BTC-USDT","Bybit Perpetual","long","38767.5","38757.5","0.20099692918379686","8.570257814235617","7792.148452132845","-10.580227106073586","-0.135780615206036","21600.0","1701489600000.0","1701511200000.0"
"413ce53a-6359-46c2-bdbc-5c02023e57fb","TradeIQ220320Strategy","BTC-USDT","Bybit Perpetual","long","39416.4","40613.7","0.19743297805943907","8.690319537567094","7782.097236382075","227.69618509299846","2.9258974563887","108000.0","1701547200000.0","1701655200000.0"
"83fb448a-456d-40b9-930d-ef1ae942d9af","TradeIQ220320Strategy","BTC-USDT","Bybit Perpetual","long","40613.7","42050.0","0.19693868355309724","8.95382414059549","7998.408612220424","273.9092070467187","3.4245463107276692","72000.0","1701655200000.0","1701727200000.0"
"0cbe4777-e1d9-4d71-b030-24f9a149f256","TradeIQ220320Strategy","BTC-USDT","Bybit Perpetual","long","42050.0","41534.2","0.19640005609785513","9.02876786289189","8258.622358914809","-110.33191679816613","-1.335960309155774","36000.0","1701727200000.0","1701763200000.0"
"2daff664-16d0-4419-b097-9eac0e83bf52","TradeIQ220320Strategy","BTC-USDT","Bybit Perpetual","long","42266.7","44081.7","0.19291326358472627","9.161763407125658","8153.807037956549","340.97580999915255","4.181798862934651","28800.0","1701792000000.0","1701820800000.0"
"0a3bad60-b4c8-43ef-817f-7e189566138a","TradeIQ220320Strategy","BTC-USDT","Bybit Perpetual","long","44081.7","43376.2","0.19231867322393975","9.2508830100236","8477.734057455744","-144.93170696951307","-1.7095571291488303","122400.0","1701820800000.0","1701943200000.0"
"9d721ee3-bb96-4172-b17a-62f378e2270c","TradeIQ220320Strategy","BTC-USDT","Bybit Perpetual","long","43778.5","43734.299999999996","0.19050558917812865","9.169422638545257","8340.048935834706","-17.589769680219376","-0.21090727183435792","115200.0","1702051200000.0","1702166400000.0"
"db790762-fbbf-49d9-866f-8cad716d5ea4","TradeIQ220320Strategy","BTC-USDT","Bybit Perpetual","short","40799.4","41225.1","0.20400639849209795","9.203437558213299","8323.3386546385","-96.0489613962988","-1.1539715657583127","7200.0","1702324800000.0","1702332000000.0"
"eba7faba-984d-429f-9e06-94693939f3ac","TradeIQ220320Strategy","BTC-USDT","Bybit Perpetual","short","40734.5","41169.6","0.20209140019668875","9.103662837967288","8232.092141312018","-97.03363106354628","-1.1787238213308096","7200.0","1702404000000.0","1702411200000.0"
"038fdfad-9024-4c59-972f-e0538d258df4","TradeIQ220320Strategy","BTC-USDT","Bybit Perpetual","short","41055.6","41146.3","0.19826552752369103","8.963791686822335","8139.9101918016495","-26.94647503322198","-0.3310414291838492","21600.0","1702432800000.0","1702454400000.0"
"5c96756e-4010-4b9d-a5a2-104424dc1869","TradeIQ220320Strategy","BTC-USDT","Bybit Perpetual","long","41960.0","42564.7","0.193382055303148","8.990058115435097","8114.3110405200905","107.94807072637795","1.3303417897998024","79200.0","1702483200000.0","1702562400000.0"
"de2d242b-8692-43b8-9953-66c07b831a03","TradeIQ220320Strategy","BTC-USDT","Bybit Perpetual","long","43216.3","42311.4","0.19013339197733603","8.943919439961002","8216.861707710148","-180.99562584025267","-2.2027342345365093","72000.0","1702576800000.0","1702648800000.0"
"b391c2b3-fd7c-4427-9a57-bcdd4d38a99f","TradeIQ220320Strategy","BTC-USDT","Bybit Perpetual","short","41396.5","41288.0","0.1943380687536847","8.837810325225224","8044.915863161908","12.247870134549565","0.15224360755136304","57600.0","1702857600000.0","1702915200000.0"
"681e44a8-04e7-40d6-9c5b-65ead8571196","TradeIQ220320Strategy","BTC-USDT","Bybit Perpetual","long","41715.4","43346.100000000006","0.19313134573298424","9.035423080786433","8056.551339789731","305.90386240599184","3.79695789804246","21600.0","1702929600000.0","1702951200000.0"
"bef2b52f-0817-4b4c-8324-0a3ffbbd94ce","TradeIQ220320Strategy","BTC-USDT","Bybit Perpetual","long","43346.1","41881.7","0.19257003534517345","9.026776252115255","8347.160009075422","-291.02633601158755","-3.4865311758151294","57600.0","1702951200000.0","1703008800000.0"
"bf51d197-65eb-44c5-9852-6cba75906711","TradeIQ220320Strategy","BTC-USDT","Bybit Perpetual","long","43816.8","43699.9","0.18419156556079894","8.865910892143127","8070.684989864415","-30.39790490620079","-0.3766459097880298","180000.0","1703080800000.0","1703260800000.0"
"9c69e6f2-764e-4974-ad95-2f0deecc9877","TradeIQ220320Strategy","BTC-USDT","Bybit Perpetual","long","43723.3","43666.6","0.1839249777625093","8.840251977792352","8041.806980203523","-19.268798216927433","-0.23960781779967288","7200.0","1703412000000.0","1703419200000.0"
"9332a3f5-fbec-470f-bc72-0c965843cb02","TradeIQ220320Strategy","BTC-USDT","Bybit Perpetual","long","43790.9","43658.4","0.18322303542282622","8.812499405380748","8023.5016218974415","-33.089551598905224","-0.41240786327753026","14400.0","1703426400000.0","1703440800000.0"
"78191642-961c-43ca-8d51-d0e9ef055035","TradeIQ220320Strategy","BTC-USDT","Bybit Perpetual","long","43714.1","43487.9","0.18282582845989007","8.768527841347634","7992.06654787848","-50.12373023897423","-0.6271685794743506","50400.0","1703512800000.0","1703563200000.0"
"a7b18f48-d443-4a02-940f-ecd1b7270cb8","TradeIQ220320Strategy","BTC-USDT","Bybit Perpetual","short","42449.0","42719.9","0.18715279521664716","8.766778735289906","7944.4490041514555","-59.46647095947989","-0.7485285754670344","7200.0","1703584800000.0","1703592000000.0"
"ac89a113-b7b8-49ec-b8f1-151503016bb8","TradeIQ220320Strategy","BTC-USDT","Bybit Perpetual","short","42423.1","42775.1","0.18593539502629342","8.712748534891034","7887.955856739948","-74.16200758414632","-0.9401929844825109","64800.0","1703606400000.0","1703671200000.0"
"036a1d76-c269-45a9-8933-22d5106989e5","TradeIQ220320Strategy","BTC-USDT","Bybit Perpetual","long","43059.3","42837.3","0.1815519980476926","8.577084645526888","7817.50194953501","-48.88162821211464","-0.625284502999352","93600.0","1703678400000.0","1703772000000.0"
"ed10a529-16ee-4ca2-bfe2-33502df222f9","TradeIQ220320Strategy","BTC-USDT","Bybit Perpetual","short","42485.8","42738.1","0.18290968753638864","8.57355230579784","7771.064402733501","-54.7216664712279","-0.7041720880858914","43200.0","1703779200000.0","1703822400000.0"
"ac81eec4-58b3-46e8-8d2f-830700cc3dec","TradeIQ220320Strategy","BTC-USDT","Bybit Perpetual","short","42314.5","42908.9","0.18242160062356483","8.550623971220274","7719.078819585834","-116.98202338186748","-1.5154920181025453","14400.0","1703836800000.0","1703851200000.0"
"08c6aa72-9d98-43f1-9498-6d49c60de893","TradeIQ220320Strategy","BTC-USDT","Bybit Perpetual","short","41846.3","42410.3","0.18180689564843389","8.425136986140512","7607.94589737306","-110.96422613185723","-1.458530694470001","79200.0","1703872800000.0","1703952000000.0"
"262153a1-86a4-42c5-932b-26f661120564","TradeIQ220320Strategy","BTC-USDT","Bybit Perpetual","long","42782.7","42561.8","0.17536363723065154","8.231477065697238","7502.529882547795","-46.96930452994714","-0.6260462172794008","7200.0","1704016800000.0","1704024000000.0"
"18de9d6e-d7a3-4a60-9b0f-25131dca2658","TradeIQ220320Strategy","BTC-USDT","Bybit Perpetual","long","42651.9","42558.9","0.1748552595135116","8.194756101044664","7457.909043244346","-24.456295235801242","-0.3279242894220421","14400.0","1704045600000.0","1704060000000.0"
"61980680-a7ad-4892-ae7c-4dadfc9f1b8e","TradeIQ220320Strategy","BTC-USDT","Bybit Perpetual","long","42647.9","42369.8","0.17432688509329497","8.151478950337925","7434.675562770335","-56.631785694783005","-0.7617250439060271","7200.0","1704074400000.0","1704081600000.0"
"63c3abf3-a10d-49ac-a7f1-08546baaf1c0","TradeIQ220320Strategy","BTC-USDT","Bybit Perpetual","long","42688.8","44230.2","0.17289957474467052","8.26554197547761","7380.875366360291","258.2418625359565","3.498797225501757","50400.0","1704103200000.0","1704153600000.0"
"f630c704-e644-46cf-b7bb-fff0b3d11e64","TradeIQ220320Strategy","BTC-USDT","Bybit Perpetual","long","44230.2","45730.5","0.1724207698759999","8.531101233921126","7626.205135769451","250.15177981104202","3.280160648154435","36000.0","1704153600000.0","1704189600000.0"
"fa123968-1a9e-41c6-95ac-de92af72f37a","TradeIQ220320Strategy","BTC-USDT","Bybit Perpetual","long","45730.5","45215.0","0.17196071170422234","8.601479098462995","7863.84932658994","-97.2472259819896","-1.2366364352018893","21600.0","1704189600000.0","1704211200000.0"
"f89bf7ad-d35e-4469-a521-e1233a7d0ea5","TradeIQ220320Strategy","BTC-USDT","Bybit Perpetual","long","45378.7","43728.9","0.1712579792260917","8.393213130327789","7771.464461907047","-290.9346272575332","-3.7436268116979905","7200.0","1704276000000.0","1704283200000.0"
"2039942b-8a0e-4580-b30e-e8e9697e6150","TradeIQ220320Strategy","BTC-USDT","Bybit Perpetual","short","42545.7","43119.6","0.1761653132046809","8.300189922900124","7495.076566012392","-109.40146317106675","-1.459644370641455","50400.0","1704290400000.0","1704340800000.0"
"d45d64e1-1d9b-4d87-9562-d9988b78fa7b","TradeIQ220320Strategy","BTC-USDT","Bybit Perpetual","short","42775.0","43188.2","0.1727912373115109","8.169528230191279","7391.145175999878","-79.56686748730706","-1.0765160958503728","14400.0","1704355200000.0","1704369600000.0"
"d476082e-e7c2-4541-8a4a-a0033b2a9f3d","TradeIQ220320Strategy","BTC-USDT","Bybit Perpetual","long","44050.4","43374.5","0.1660724227677146","7.985375724273846","7315.556651886936","-120.2337262729724","-1.6435348941212826","36000.0","1704384000000.0","1704420000000.0"
"e7a5ac3a-b1ce-4cbc-a03f-3bc8ab0310e6","TradeIQ220320Strategy","BTC-USDT","Bybit Perpetual","long","43769.6","43495.2","0.16452822534196365","7.896637473351764","7201.334611927612","-53.043182507186835","-0.7365743346980587","28800.0","1704441600000.0","1704470400000.0"
"6b68ee93-5f91-4665-8168-fd0f37d5b30d","TradeIQ220320Strategy","BTC-USDT","Bybit Perpetual","long","43936.2","43695.9","0.16275744348727894","7.844527109881867","7150.943588545784","-46.955140779874284","-0.6566286001065083","28800.0","1704492000000.0","1704520800000.0"
"94f90f0a-c4f9-4bf4-8dc6-2ce7ad4c8111","TradeIQ220320Strategy","BTC-USDT","Bybit Perpetual","long","43863.6","43881.3","0.16200987162031624","7.8185469913856185","7106.336204804903","-4.950972263705314","-0.069669828741817","21600.0","1704556800000.0","1704578400000.0"
"ad3aff6e-0bdf-439e-81bd-e7130ace4189","TradeIQ220320Strategy","BTC-USDT","Bybit Perpetual","long","43970.0","43716.3","0.1615108660712846","7.789259640572565","7101.632781154383","-48.764566362856996","-0.6866669661132524","7200.0","1704700800000.0","1704708000000.0"
"3588ea76-1b98-48e6-b170-0e39f650a600","TradeIQ220320Strategy","BTC-USDT","Bybit Perpetual","long","44637.2","47006.7","0.15805889354864708","7.966823388965572","7055.306443109669","366.55372487455367","5.195433080479958","28800.0","1704715200000.0","1704744000000.0"
"41e4ff75-c74b-4c72-8475-4873439b1627","TradeIQ220320Strategy","BTC-USDT","Bybit Perpetual","long","47006.7","46835.4","0.15749951563799408","8.129046913048713","7403.532481740496","-35.10871394183641","-0.4742157075480637","64800.0","1704744000000.0","1704808800000.0"
"8863234e-46ef-4199-b0a1-5876fb7bf9cc","TradeIQ220320Strategy","BTC-USDT","Bybit Perpetual","long","45988.4","45766.4","0.16026170085273136","8.087629170171208","7370.179203495752","-43.665726759477565","-0.592464925937845","7200.0","1704866400000.0","1704873600000.0"
"1f321f92-fe92-4020-892a-6c23c44f7ad3","TradeIQ220320Strategy","BTC-USDT","Bybit Perpetual","long","47329.5","46156.5","0.15484416195130407","7.961668728298788","7328.696763074246","-189.59387069717846","-2.5870066237758693","28800.0","1704981600000.0","1705010400000.0"
"cb29a213-60a0-425f-acc3-5f70941ae4d7","TradeIQ220320Strategy","BTC-USDT","Bybit Perpetual","short","43836.4","43012.8","0.16307412529112625","7.789571527228746","7148.582585911927","126.51827806254259","1.7698372585340003","136800.0","1705082400000.0","1705219200000.0"
"ff0d4cfa-f70e-4ed2-bbc4-248214ab935a","TradeIQ220320Strategy","BTC-USDT","Bybit Perpetual","short","41734.9","42856.8","0.17416538556630884","8.10312032541524","7268.774950071343","-203.49926639225737","-2.7996363594976903","50400.0","1705276800000.0","1705327200000.0"
"8ff758a6-c4e7-4e6f-bfe0-e3e1abfcde1d","TradeIQ220320Strategy","BTC-USDT","Bybit Perpetual","short","42610.4","42777.0","0.16604985278238873","7.798210859709018","7075.450646998697","-35.46211633325474","-0.5011994020239157","57600.0","1705500000000.0","1705557600000.0"
"391d216f-ae90-4479-bd10-431e39bfb71e","TradeIQ220320Strategy","BTC-USDT","Bybit Perpetual","short","42540.0","41014.2","0.16553271359854502","7.607024402205553","7041.761636482105","244.96279000645492","3.4787145980253946","28800.0","1705579200000.0","1705608000000.0"
"829ed684-7836-48f4-afcd-1fa207a2c4e9","TradeIQ220320Strategy","BTC-USDT","Bybit Perpetual","short","41014.2","41818.5","0.1773648221101043","8.0803839052198","7274.476286988239","-150.7349103283772","-2.072106697192687","86400.0","1705608000000.0","1705694400000.0"
"df19137a-90dd-43c4-b108-30cd77826c13","TradeIQ220320Strategy","BTC-USDT","Bybit Perpetual","short","41580.0","39812.5","0.1715074103457499","7.677679293111547","7131.278122176281","295.46166849300135","4.143179713804714","72000.0","1705881600000.0","1705953600000.0"
"1f7f7ef3-fc09-4dc8-9c71-d660edd3339e","TradeIQ220320Strategy","BTC-USDT","Bybit Perpetual","short","39812.5","39404.0","0.18617184821964536","8.111335217970346","7411.966707244631","67.93986477975479","0.9166239874411304","79200.0","1705953600000.0","1706032800000.0"
"7ff6d0a5-13d5-4a2b-aa33-5b46f952f552","TradeIQ220320Strategy","BTC-USDT","Bybit Perpetual","short","39797.4","40078.7","0.1878642720073522","8.253225957507556","7476.509578785399","-61.09944567317491","-0.8172188509802037","14400.0","1706126400000.0","1706140800000.0"
"99cd98a5-a1bc-4898-9135-3e734fac4828","TradeIQ220320Strategy","BTC-USDT","Bybit Perpetual","short","39865.4","40119.6","0.18608781312606626","8.186328553088625","7418.465105395882","-55.48985064973412","-0.7479963828282096","7200.0","1706162400000.0","1706169600000.0"
"798fc1f4-b49b-4aac-837c-7de446f72e01","TradeIQ220320Strategy","BTC-USDT","Bybit Perpetual","short","39801.4","39982.9","0.18506257938863044","8.120798593993971","7365.749747278635","-41.7096567530304","-0.5662649178169613","7200.0","1706205600000.0","1706212800000.0"
"6e0ec015-ca70-4b03-85df-796aa670bae2","TradeIQ220320Strategy","BTC-USDT","Bybit Perpetual","long","41899.2","41699.1","0.174851204160539","8.039494881425693","7326.125573363255","-43.0272208339493","-0.5873120847176047","50400.0","1706292000000.0","1706342400000.0"
"f0b90e0f-b7b4-4c42-bab8-f5de3db2906c","TradeIQ220320Strategy","BTC-USDT","Bybit Perpetual","long","42137.8","41770.6","0.17289107911592452","7.978857602589853","7285.249713571005","-71.46446185395808","-0.9809473204581263","79200.0","1706392800000.0","1706472000000.0"
"f35e13d4-a3a9-48ed-9e0a-fec78439278c","TradeIQ220320Strategy","BTC-USDT","Bybit Perpetual","short","41770.6","41963.1","0.17278560697738946","7.95738799842945","7217.358474809744","-41.218617341576916","-0.5711039223760251","7200.0","1706472000000.0","1706479200000.0"
"eb187c36-edd1-47ba-b7fd-eff3d0982fec","TradeIQ220320Strategy","BTC-USDT","Bybit Perpetual","long","42623.2","42918.3","0.16841064932560776","7.923354757607562","7178.200788335244","41.77462785838027","0.5819651621652195","115200.0","1706544000000.0","1706659200000.0"
"fe3d701d-6ff6-4fff-ac35-08c5ebf88b31","TradeIQ220320Strategy","BTC-USDT","Bybit Perpetual","long","43341.8","42472.8","0.16653407760639163","7.860080390888802","7217.886684800706","-152.57819383084313","-2.1138901245448967","21600.0","1706716800000.0","1706738400000.0"
"190e1e53-4430-4123-a788-85d86bc6954b","TradeIQ220320Strategy","BTC-USDT","Bybit Perpetual","short","41969.9","42148.1","0.16852404701134396","7.7967481825751275","7072.937400661405","-37.82773335999613","-0.5348235282905061","14400.0","1706752800000.0","1706767200000.0"
"2d727445-add1-4e49-b246-044fe2a9427b","TradeIQ220320Strategy","BTC-USDT","Bybit Perpetual","short","42075.9","42206.0","0.16724540779803662","7.752668404521339","7037.001053969409","-29.51129595904566","-0.41937319225494535","7200.0","1706788800000.0","1706796000000.0"
"64472f0a-b2ec-4b7f-a5e8-6a59cedb771c","TradeIQ220320Strategy","BTC-USDT","Bybit Perpetual","long","43206.3","42671.0","0.16222091044149384","7.662101585741515","7008.965322808315","-94.49895494507363","-1.3482582748349266","64800.0","1706817600000.0","1706882400000.0"
"5b54b45b-75ca-4b54-8a18-77b8cd74b9e8","TradeIQ220320Strategy","BTC-USDT","Bybit Perpetual","long","42937.0","43097.4","0.161147525807823","7.625326881898312","6919.191315610496","18.22273625767673","0.2633651163332358","79200.0","1706896800000.0","1706976000000.0"
"b0db1ca8-1428-4d05-8cb7-705986dc2ca4","TradeIQ220320Strategy","BTC-USDT","Bybit Perpetual","long","43059.0","42629.7","0.16109298671718547","7.59211673600209","6936.502915055289","-76.74933593369028","-1.106455758378046","28800.0","1707120000000.0","1707148800000.0"
"24144328-a273-446f-94b3-583eefeb4f05","TradeIQ220320Strategy","BTC-USDT","Bybit Perpetual","short","42368.5","42692.9","0.16199749922509135","7.578853744321853","6863.591045918283","-60.130842492941724","-0.8760842843150016","7200.0","1707170400000.0","1707177600000.0"
"de475883-bdc1-41ff-8a13-80b33852b61a","TradeIQ220320Strategy","BTC-USDT","Bybit Perpetual","long","43232.0","42783.0","0.1574404780151274","7.448233494059151","6806.4667455499875","-78.13900812285135","-1.148011311065877","43200.0","1707235200000.0","1707278400000.0"
"7d5a3779-48b4-4a28-a443-cc8ee704736f","TradeIQ220320Strategy","BTC-USDT","Bybit Perpetual","long","43128.9","42917.4","0.15609567338451197","7.387300327410153","6732.234687833278","-40.40153524823443","-0.6001207195175392","7200.0","1707300000000.0","1707307200000.0"
"3c446685-db85-484a-9722-c1c76f36dad9","TradeIQ220320Strategy","BTC-USDT","Bybit Perpetual","long","43121.4","44326.2","0.1552327435878115","7.466101977493228","6693.853229347455","179.5583074971014","2.6824356815873225","36000.0","1707314400000.0","1707350400000.0"
"11de28ff-5302-4b75-a84b-ab8ce71066e0","TradeIQ220320Strategy","BTC-USDT","Bybit Perpetual","long","44326.2","45406.3","0.15486176621207554","7.642873390143788","6864.433621469702","159.6233202955199","2.325367671941213","57600.0","1707350400000.0","1707408000000.0"
"a9726bbc-f496-40ef-84a0-daab931265a5","TradeIQ220320Strategy","BTC-USDT","Bybit Perpetual","long","45406.3","47155.9","0.1545176721237019","7.866372618856687","7016.075775750446","262.47774652877195","3.74109053149012","72000.0","1707408000000.0","1707480000000.0"
"72b6dac3-ed68-4765-baae-48cbfb4f5466","TradeIQ220320Strategy","BTC-USDT","Bybit Perpetual","long","47155.9","47116.1","0.15407254733665945","7.988599950386858","7265.429634952779","-14.120687334386353","-0.19435447102059958","43200.0","1707480000000.0","1707523200000.0"
"5501182a-61d4-4dde-be87-8a260d12d5a9","TradeIQ220320Strategy","BTC-USDT","Bybit Perpetual","long","47934.2","48213.0","0.15129104025904497","8.000415448296948","7252.014981985113","34.17952657592523","0.4713107551602048","122400.0","1707602400000.0","1707724800000.0"
"4a0c02e9-84cb-4bd7-a4d5-45f006d9f2df","TradeIQ220320Strategy","BTC-USDT","Bybit Perpetual","long","49925.4","48753.1","0.14590740449214715","7.918858097798088","7284.485532232244","-178.9661083839426","-2.456811913374761","86400.0","1707753600000.0","1707840000000.0"
"46c3af0c-8a98-4455-861a-f1c742809606","TradeIQ220320Strategy","BTC-USDT","Bybit Perpetual","long","49845.0","51820.1","0.14273182323738584","7.980964795436135","7114.467729267497","273.92865928072445","3.850304333433642","21600.0","1707897600000.0","1707919200000.0"
"3410a3fa-6892-4edb-8c85-af4d76ba6340","TradeIQ220320Strategy","BTC-USDT","Bybit Perpetual","long","51820.1","52022.0","0.14231350297633902","8.127973154080612","7374.699955584186","20.60512309684244","0.27940286684124777","108000.0","1707919200000.0","1708027200000.0"
"be4c74e2-4904-49f5-885a-333b22368f9c","TradeIQ220320Strategy","BTC-USDT","Bybit Perpetual","long","52241.1","51705.1","0.1415413309161979","8.091975920424709","7394.274822526186","-83.95812929150676","-1.1354477796217919","79200.0","1708084800000.0","1708164000000.0"
"39a9c3f9-e425-40df-960c-bf1b3f6725e8","TradeIQ220320Strategy","BTC-USDT","Bybit Perpetual","long","51838.2","51561.8","0.14110278905709023","8.024515613676723","7314.514599699254","-47.025326509055645","-0.6429042675092774","14400.0","1708207200000.0","1708221600000.0"
"978da6b5-0010-44fb-9454-9a321f7683b5","TradeIQ220320Strategy","BTC-USDT","Bybit Perpetual","long","51688.6","51657.0","0.14064688421655164","7.994380150619532","7269.840539515651","-12.438821691862358","-0.17110171295024154","28800.0","1708236000000.0","1708264800000.0"
"109fecf9-b548-458b-bb7e-b28999717d7d","TradeIQ220320Strategy","BTC-USDT","Bybit Perpetual","long","51875.4","52188.4","0.13991263024301273","8.007911984095557","7258.0236589083825","35.78474128196743","0.4930369886304491","86400.0","1708279200000.0","1708365600000.0"
"79f4bef1-cd10-49b7-a985-0649b294367e","TradeIQ220320Strategy","BTC-USDT","Bybit Perpetual","long","52325.8","51712.7","0.1393580062440756","7.9742288629433435","7292.019163126251","-93.4146224911869","-1.2810528936012555","14400.0","1708430400000.0","1708444800000.0"
"a7881a25-1122-4ad3-bb36-7d5742c15b71","TradeIQ220320Strategy","BTC-USDT","Bybit Perpetual","long","51877.8","51268.5","0.13885082389306452","7.877071805086661","7203.275271759623","-92.47887880313128","-1.28384485271157","7200.0","1708560000000.0","1708567200000.0"
"0e50494b-a90c-4e2f-8ac1-c30fc26dc496","TradeIQ220320Strategy","BTC-USDT","Bybit Perpetual","long","51860.6","51193.4","0.13720281556512362","7.776614425386537","7115.42033689665","-99.31833297043661","-1.395818212670114","21600.0","1708588800000.0","1708610400000.0"
"fd303089-c2f1-462c-9aec-541ac0e2468c","TradeIQ220320Strategy","BTC-USDT","Bybit Perpetual","long","51725.7","51547.0","0.13573654722071882","7.709833846088621","7021.067920574735","-31.96595483443068","-0.45528622135610947","7200.0","1708624800000.0","1708632000000.0"
"ef6630c1-f9a6-4228-abb0-8578c81e8745","TradeIQ220320Strategy","BTC-USDT","Bybit Perpetual","long","51685.0","51316.9","0.13525588204473302","7.662387060230863","6990.700263482026","-57.45007724089689","-0.8218071877720782","7200.0","1708639200000.0","1708646400000.0"
"33d552fe-0f9e-4df1-a775-89b431c21763","TradeIQ220320Strategy","BTC-USDT","Bybit Perpetual","long","51570.8","51547.8","0.13449709312446526","7.628033570885466","6936.122690103173","-10.721466712748168","-0.15457435215276863","79200.0","1708797600000.0","1708876800000.0"
"690c346d-4247-4437-9130-5465e3ba3094","TradeIQ220320Strategy","BTC-USDT","Bybit Perpetual","long","51802.4","51507.9","0.1336991586630361","7.596875105174224","6925.937296726062","-46.97127733143836","-0.6781937999011629","14400.0","1708898400000.0","1708912800000.0"
"66dbed99-7192-4148-a324-322a7938de45","TradeIQ220320Strategy","BTC-USDT","Bybit Perpetual","long","52872.3","54531.3","0.13014971134717415","7.688201145706045","6881.314583261196","208.23016997925586","3.026023116074012","14400.0","1708963200000.0","1708977600000.0"
"68e5d761-ff5c-433d-8bea-7f804f0b8ceb","TradeIQ220320Strategy","BTC-USDT","Bybit Perpetual","long","54531.3","56660.4","0.1298177972053021","7.939063858832035","7079.133244741491","268.4560081709765","3.7922157824955547","50400.0","1708977600000.0","1709028000000.0"
"d6bbd8ad-c60f-47df-ae44-b05b1bd411fe","TradeIQ220320Strategy","BTC-USDT","Bybit Perpetual","long","56660.4","59357.0","0.1294407814364868","8.259560603926206","7334.166452503917","340.79045061770387","4.6466146197344145","86400.0","1709028000000.0","1709114400000.0"
"a96607ff-61ed-44fc-baad-7d883e90cac8","TradeIQ220320Strategy","BTC-USDT","Bybit Perpetual","long","59357.0","63004.2","0.12901456240360423","8.682507170248943","7657.917380590737","461.8594048281761","6.031135906464271","100800.0","1709114400000.0","1709215200000.0"
"706d350f-f3e1-45fe-9b7b-02df64264c63","TradeIQ220320Strategy","BTC-USDT","Bybit Perpetual","long","62510.2","61997.1","0.1295258024318832","8.869799367619965","8096.683815177505","-75.32948859541904","-0.9303745868674208","136800.0","1709301600000.0","1709438400000.0"
"a58b6bcc-18a7-4949-9730-e21f5979960e","TradeIQ220320Strategy","BTC-USDT","Bybit Perpetual","long","62635.8","65383.7","0.12812354597549414","9.021271761705375","8025.120801011856","343.04942022435426","4.274694783175108","57600.0","1709488800000.0","1709546400000.0"
"9091c1db-d8a2-4af1-a191-9a65c7afbb59","TradeIQ220320Strategy","BTC-USDT","Bybit Perpetual","long","65383.7","68296.4","0.12772323606992253","9.390730233582968","8351.017750224994","362.62873946728","4.342329884971327","50400.0","1709546400000.0","1709596800000.0"
"de9d63a7-88a6-4666-acd9-5414435127c3","TradeIQ220320Strategy","BTC-USDT","Bybit Perpetual","long","68296.4","67062.4","0.127320254840942","9.478654301030254","8695.51505271891","-166.5918487747527","-1.9158364716149023","21600.0","1709596800000.0","1709618400000.0"
"aee1a338-aded-435f-9516-d3fa1e9f5929","TradeIQ220320Strategy","BTC-USDT","Bybit Perpetual","long","66841.3","65660.7","0.1277242183557605","9.308042909316239","8537.252796382894","-160.09925510012783","-1.8753017969429169","7200.0","1709654400000.0","1709661600000.0"
"0352dc73-e039-4c2c-b470-4b440ac14ab6","TradeIQ220320Strategy","BTC-USDT","Bybit Perpetual","long","66192.5","68218.3","0.12667837752068245","9.36481813589132","8385.158504037772","247.26023904550755","2.9487843184650875","288000.0","1709719200000.0","1710007200000.0"
"c049a0cc-b731-41d8-90ef-d64d40659ebf","TradeIQ220320Strategy","BTC-USDT","Bybit Perpetual","long","69902.5","69001.8","0.1233154140571654","9.420972697851397","8620.055731131004","-120.4911661391399","-1.3978003147240758","50400.0","1710064800000.0","1710115200000.0"
"52dbc8a2-a51d-43d5-bdd6-af2dd4bdefb7","TradeIQ220320Strategy","BTC-USDT","Bybit Perpetual","long","71223.8","71779.2","0.11942060271003259","9.392627447138535","8505.58912329882","56.93357529801287","0.6693666302556086","115200.0","1710144000000.0","1710259200000.0"
"ecc15031-b519-49c3-969b-027f72989d72","TradeIQ220320Strategy","BTC-USDT","Bybit Perpetual","long","72964.0","71951.3","0.11731368921429652","9.350301656628101","8559.676019831932","-128.15387472394585","-1.497181370264784","108000.0","1710316800000.0","1710424800000.0"
"146873c7-9c6e-46d5-a432-94fbc68dde69","TradeIQ220320Strategy","BTC-USDT","Bybit Perpetual","short","66284.0","66574.4","0.12729964755965514","9.302055122436828","8437.929838844182","-46.269872773759936","-0.5483557419588349","21600.0","1710626400000.0","1710648000000.0"
"cf491d94-ccb7-456e-b6f5-1f5465db7058","TradeIQ220320Strategy","BTC-USDT","Bybit Perpetual","short","65681.2","67015.0","0.12779872261330658","9.32712267060192","8393.973459709112","-179.78505889223058","-2.1418349695194405","14400.0","1710662400000.0","1710676800000.0"
"ed261f73-9202-436c-b60e-57cdfe3bc7b1","TradeIQ220320Strategy","BTC-USDT","Bybit Perpetual","long","68592.4","67686.6","0.11988467605392862","8.985770072374336","8223.177653761493","-117.57730964202149","-1.4298281588047488","28800.0","1710698400000.0","1710727200000.0"
"44749cb1-2967-4c85-81e9-96f6a094ac12","TradeIQ220320Strategy","BTC-USDT","Bybit Perpetual","long","68746.5","67899.2","0.11799115896229734","8.867641480617916","8111.4792096015735","-108.84155046937279","-1.3418212345355807","14400.0","1710741600000.0","1710756000000.0"
"da634b06-e8c7-4a21-8bd1-bd74984d93ca","TradeIQ220320Strategy","BTC-USDT","Bybit Perpetual","short","65899.1","63259.1","0.1215203202571153","8.632440205307903","8008.079736655668","312.1812052734774","3.8983278830818744","115200.0","1710813600000.0","1710928800000.0"
"ed9f5c50-38ed-4a8b-8624-88c867e87f02","TradeIQ220320Strategy","BTC-USDT","Bybit Perpetual","long","67716.9","66782.1","0.12263780358618706","9.072064069496214","8304.65188166547","-123.71388286186246","-1.4896937839741462","57600.0","1710972000000.0","1711029600000.0"
"eb569ccd-582c-4deb-8cde-0ac55fd66620","TradeIQ220320Strategy","BTC-USDT","Bybit Perpetual","short","65785.1","66017.8","0.12445255373856239","9.021764122331602","8187.123692946701","-37.981873377294704","-0.46392206593893914","36000.0","1711044000000.0","1711080000000.0"
"196db57e-4fb6-41ef-adad-cc3a0331048e","TradeIQ220320Strategy","BTC-USDT","Bybit Perpetual","short","64268.0","64606.5","0.1268289181744923","8.989757378403235","8151.040913238271","-51.92134618046887","-0.6369903762370075","72000.0","1711108800000.0","1711180800000.0"
"fbf2346c-0968-49d3-9d87-4123dcb21408","TradeIQ220320Strategy","BTC-USDT","Bybit Perpetual","short","64343.4","64924.7","0.1259137010845996","8.952143696745772","8101.715634366826","-82.14577813722298","-1.0139306517840145","14400.0","1711260000000.0","1711274400000.0"
"28e28a74-dd91-4633-a82d-15bb369d28d3","TradeIQ220320Strategy","BTC-USDT","Bybit Perpetual","long","65886.8","69844.6","0.12177973653503378","9.091133772342207","8023.677145136464","472.8887074860148","5.8936656963155025","72000.0","1711310400000.0","1711382400000.0"
"671eb403-48e3-4461-9192-e9f25ec73815","TradeIQ220320Strategy","BTC-USDT","Bybit Perpetual","long","69844.6","71191.4","0.12131104505213257","9.410073502484913","8472.921417248179","153.9716419737258","1.8172202289081594","64800.0","1711382400000.0","1711447200000.0"
"6fae2a64-9184-444c-a198-e771bec02ee8","TradeIQ220320Strategy","BTC-USDT","Bybit Perpetual","long","69966.2","68922.0","0.12319083324695664","9.41036419739348","8619.194477123217","-138.04623227386523","-1.6016140793697484","7200.0","1711548000000.0","1711555200000.0"
"141fb249-33f2-4993-861a-d885e168eb36","TradeIQ220320Strategy","BTC-USDT","Bybit Perpetual","long","70622.9","69855.60000000002","0.12018836038258197","9.2861343212025","8488.050556463048","-101.5066632427545","-1.1958772225439254","79200.0","1711620000000.0","1711699200000.0"
"a3a00a5d-3ba7-4688-8d56-b49276aa5810","TradeIQ220320Strategy","BTC-USDT","Bybit Perpetual","long","70075.1","69900.1","0.11975179809065455","9.219255038454445","8391.619226382427","-30.17581970431899","-0.35959472052126934","7200.0","1711778400000.0","1711785600000.0"
"e1164c69-e6ee-4109-8641-eda034d0d160","TradeIQ220320Strategy","BTC-USDT","Bybit Perpetual","long","70075.2","69944.7","0.11934253769754956","9.190681606786416","8362.952197663324","-24.764882776316632","-0.2961260831221317","36000.0","1711792800000.0","1711828800000.0"
"2068bb58-a43d-4afe-b6e2-6219a2863d9d","TradeIQ220320Strategy","BTC-USDT","Bybit Perpetual","long","70095.9","69980.8","0.11897165966947887","9.165836614013031","8339.425559025824","-22.85947464196901","-0.2741133004925984","7200.0","1711850400000.0","1711857600000.0"
"77a7495f-1173-4f44-836e-25fcd41602f1","TradeIQ220320Strategy","BTC-USDT","Bybit Perpetual","long","70428.6","69212.2","0.118101297741485","9.070467833712538","8317.709058115952","-152.72888640645593","-1.8361893321747251","86400.0","1711864800000.0","1711951200000.0"
"19153079-1e0a-4b1a-b494-64616596e5d0","TradeIQ220320Strategy","BTC-USDT","Bybit Perpetual","short","68281.0","68784.8","0.1196909332908103","9.023043438338352","8172.616616029818","-69.32333563024893","-0.8482391734157423","7200.0","1711987200000.0","1711994400000.0"
"aaa2c58b-aada-449d-aefb-0dab5f3b2bc2","TradeIQ220320Strategy","BTC-USDT","Bybit Perpetual","short","66734.1","66252.2","0.12147851618859148","8.885238118575987","8106.7594471810835","49.655258832707304","0.6125167418156665","86400.0","1712030400000.0","1712116800000.0"
"c97a6b62-2246-4c30-96d7-3d23734e27a0","TradeIQ220320Strategy","BTC-USDT","Bybit Perpetual","short","65637.2","67231.5","0.12422729706739706","9.078255706222372","8153.931943072154","-207.13383542077386","-2.5402938958395587","36000.0","1712203200000.0","1712239200000.0"
"9b6f2135-8093-4580-ab1c-19066970f76f","TradeIQ220320Strategy","BTC-USDT","Bybit Perpetual","long","68847.4","66907.4","0.11557669279337228","8.629549948154132","7957.154799422418","-232.84833396729636","-2.9262762863957104","43200.0","1712253600000.0","1712296800000.0"
"5c267e11-cc54-4821-a7be-12ae893cb63e","TradeIQ220320Strategy","BTC-USDT","Bybit Perpetual","short","66907.4","67491.7","0.11562172318986372","8.546700545441748","7735.948882153487","-76.10447340527946","-0.9837768393331725","28800.0","1712296800000.0","1712325600000.0"
"294086b9-c967-4598-89e5-75e88b4a7767","TradeIQ220320Strategy","BTC-USDT","Bybit Perpetual","long","68028.5","67655.0","0.11265351481244584","8.406872747379973","7663.649632418472","-50.482960529828496","-0.6587326267667228","21600.0","1712383200000.0","1712404800000.0"
"1a91418e-89a7-4c3b-9754-400a1db1cc13","TradeIQ220320Strategy","BTC-USDT","Bybit Perpetual","long","68094.0","70745.4","0.11184084970651063","8.540354057808162","7615.690819915135","287.9944748540335","3.781593576526558","144000.0","1712419200000.0","1712563200000.0"
"e9494713-dd5d-4a81-8826-3d92fbcfcf3c","TradeIQ220320Strategy","BTC-USDT","Bybit Perpetual","long","70745.4","71318.6","0.11151658724138201","8.713370847422834","7889.285571026467","55.20793695933864","0.6997837315217833","64800.0","1712563200000.0","1712628000000.0"
"50d24d60-ba0c-4639-a485-620719c238c3","TradeIQ220320Strategy","BTC-USDT","Bybit Perpetual","short","68300.0","68687.9","0.11627720514111038","8.760713582582454","7941.733111137839","-53.8646414568185","-0.6782479428989667","7200.0","1712757600000.0","1712764800000.0"
"133b7153-5fc2-4d1a-a95b-f653f04d9ce5","TradeIQ220320Strategy","BTC-USDT","Bybit Perpetual","long","70121.0","70045.9","0.11252779768904982","8.674969911245704","7890.5617017538625","-17.125807517694","-0.21704167795668322","72000.0","1712779200000.0","1712851200000.0"
"633c121c-756a-4235-b234-40f263bafd5d","TradeIQ220320Strategy","BTC-USDT","Bybit Perpetual","long","70491.4","70055.7","0.11170571423765245","8.63495280424192","7874.2921846120535","-57.30513249758677","-0.7277496332885958","14400.0","1712865600000.0","1712880000000.0"
"fbe00f76-8634-452c-8860-7e0e66b0fef7","TradeIQ220320Strategy","BTC-USDT","Bybit Perpetual","long","70330.1","69934.4","0.11118784572664257","8.577639172808562","7819.852308739345","-52.57466972684232","-0.672323052291994","43200.0","1712887200000.0","1712930400000.0"
"3eff8e10-c33d-4fd5-b18f-48b2960737a8","TradeIQ220320Strategy","BTC-USDT","Bybit Perpetual","short","68191.3","67683.2","0.11394278115388391","8.515055129841372","7769.906372498845","49.379271974447704","0.6355195237515721","79200.0","1712944800000.0","1713024000000.0"
"baed4184-033f-473a-b0d8-da68633e39df","TradeIQ220320Strategy","BTC-USDT","Bybit Perpetual","short","64779.1","65615.9","0.12066880646496433","8.654034960449463","7816.816680874571","-109.62969221033109","-1.402485137953438","100800.0","1713038400000.0","1713139200000.0"
"0265b006-2b24-44a6-b4db-723e06065a23","TradeIQ220320Strategy","BTC-USDT","Bybit Perpetual","short","63269.9","63977.3","0.12190106943862336","8.531363369688718","7712.668473274756","-94.76417989057106","-1.228682137951856","93600.0","1713211200000.0","1713304800000.0"
"f37b8fbf-4fb8-4db5-a5ac-a7a5dadd7078","TradeIQ220320Strategy","BTC-USDT","Bybit Perpetual","short","60272.0","62563.0","0.1264707078308122","8.544266168018801","7622.642502378713","-298.2886578084096","-3.9131922783382005","72000.0","1713369600000.0","1713441600000.0"
"99baba29-3073-42d7-8d71-eb88bf056dc7","TradeIQ220320Strategy","BTC-USDT","Bybit Perpetual","short","61757.1","64519.6","0.11884088270758708","8.253758971370639","7339.268277460726","-336.55169745108","-4.585630129976959","14400.0","1713499200000.0","1713513600000.0"
"0022880c-0fad-447c-aa8d-e0a11c387939","TradeIQ220320Strategy","BTC-USDT","Bybit Perpetual","long","65677.6","66462.0","0.10687881659625502","7.767608240426375","7019.544164882199","76.06813549767544","1.0836620400258143","93600.0","1713758400000.0","1713852000000.0"
"62aede49-1bae-483c-8089-7d6ca097cda9","TradeIQ220320Strategy","BTC-USDT","Bybit Perpetual","long","66393.2","66040.9","0.10681528972251662","7.780292718352406","7091.808893604991","-45.411319287595326","-0.6403347857913204","79200.0","1713888000000.0","1713967200000.0"
"d2ab4433-ca7a-4937-97b1-04e40662dbdb","TradeIQ220320Strategy","BTC-USDT","Bybit Perpetual","short","64594.0","64674.9","0.10912264514168152","7.758390366405534","7048.668140281776","-16.586412358367728","-0.23531271480323476","93600.0","1713974400000.0","1714068000000.0"
"80e62756-35c7-4387-9a91-bfafb5312dd8","TradeIQ220320Strategy","BTC-USDT","Bybit Perpetual","short","64465.4","63381.1","0.10909590336120348","7.671141174987455","7032.911048541327","110.6215468395658","1.5729126399588043","100800.0","1714140000000.0","1714240800000.0"
"3046a676-633b-4807-b141-2b0a5d2f28d8","TradeIQ220320Strategy","BTC-USDT","Bybit Perpetual","short","63088.3","63842.4","0.11314303156114389","7.898728307897948","7138.001518038915","-93.2198884081564","-1.305966217190824","86400.0","1714348800000.0","1714435200000.0"
"3afdbd56-47c0-443d-b90c-bedc59b589bf","TradeIQ220320Strategy","BTC-USDT","Bybit Perpetual","short","61659.0","57482.0","0.11432949973322896","7.491732010244148","7049.442624051165","470.06258837545323","6.6680816263643585","79200.0","1714471200000.0","1714550400000.0"
"e72561ac-40d4-4543-b451-3d4fbaae8187","TradeIQ220320Strategy","BTC-USDT","Bybit Perpetual","short","57482.0","56935.7","0.130406076389267","8.206419829566329","7496.002083007845","63.03441970189061","0.8409071796388488","43200.0","1714550400000.0","1714593600000.0"
"ecc71d92-2905-49a8-bd6c-ae2651dbecd8","TradeIQ220320Strategy","BTC-USDT","Bybit Perpetual","long","62853.7","62698.1","0.12021384233107425","8.301185359270413","7555.8847817246415","-27.00645922598539","-0.3574228565700962","14400.0","1714780800000.0","1714795200000.0"
"f68ca4b5-cd48-4f8d-9c75-40023179ca8b","TradeIQ220320Strategy","BTC-USDT","Bybit Perpetual","long","63358.8","63438.3","0.11885055659924043","8.288448250593254","7530.228645459955","1.1601709990463611","0.015406849561544709","43200.0","1714802400000.0","1714845600000.0"
"ce7d9eca-226c-4490-8feb-6dfc5692b3c7","TradeIQ220320Strategy","BTC-USDT","Bybit Perpetual","long","64088.3","63856.0","0.11751491002115907","8.2694495962211","7531.330807909049","-35.568163194136694","-0.4722692987643656","86400.0","1714917600000.0","1715004000000.0"
"2ec54147-a8f0-43f2-bbf4-2cb29ae00e62","TradeIQ220320Strategy","BTC-USDT","Bybit Perpetual","long","64091.9","63472.4","0.1169811014008731","8.207436772387268","7497.541052874619","-80.67722909022815","-1.0760491809417414","7200.0","1715076000000.0","1715083200000.0"
"35546ec6-6982-40a4-98fa-eb3b4fd21961","TradeIQ220320Strategy","BTC-USDT","Bybit Perpetual","long","63710.0","63362.1","0.11647932326540421","8.140699717652573","7420.897685238902","-48.66385628168687","-0.6557677837074265","7200.0","1715097600000.0","1715104800000.0"
"4811db5e-1fb8-4f3e-b2f8-fa2ec8f7a297","TradeIQ220320Strategy","BTC-USDT","Bybit Perpetual","short","63034.7","61033.0","0.11699376727058747","7.983331190778386","7374.6670217713","226.2030927547562","3.06729906702181","144000.0","1715112000000.0","1715256000000.0"
"9faa131b-ff1e-4dbc-96f1-f45ea7d8632a","TradeIQ220320Strategy","BTC-USDT","Bybit Perpetual","short","61033.0","61165.4","0.1243517434812039","8.35757124983745","7589.559959888317","-24.821742086749026","-0.32705113627054455","7200.0","1715256000000.0","1715263200000.0"
"bdf3a2fd-a3c1-4745-8d86-0b34b65fc897","TradeIQ220320Strategy","BTC-USDT","Bybit Perpetual","long","63050.1","62850.8","0.11999948144262906","8.309423492238164","7565.979304905906","-32.22532014375361","-0.42592397950200817","7200.0","1715299200000.0","1715306400000.0"
"fc8ac634-b555-4459-bab1-d67a07be9efe","TradeIQ220320Strategy","BTC-USDT","Bybit Perpetual","long","62880.0","62745.4","0.11983723363182794","8.280030225440512","7535.3652507693405","-24.41012187228438","-0.3239407919847305","7200.0","1715313600000.0","1715320800000.0"
"a2179997-c488-4afb-91cc-a230f8b3b950","TradeIQ220320Strategy","BTC-USDT","Bybit Perpetual","long","63053.9","60893.8","0.11913895310188061","8.121849569562283","7512.17563499067","-265.47390216493443","-3.5339150076363213","28800.0","1715328000000.0","1715356800000.0"
"f936e6b8-30ed-4144-8929-bf27a3803572","TradeIQ220320Strategy","BTC-USDT","Bybit Perpetual","short","60893.8","61395.9","0.11922355687991196","8.018897152077555","7259.975427933983","-67.88104506148117","-0.9350037852786302","172800.0","1715356800000.0","1715529600000.0"
"1f4aec8f-cfd7-495a-81c7-1f2fdeb175a4","TradeIQ220320Strategy","BTC-USDT","Bybit Perpetual","long","63028.3","62002.1","0.11416281948149602","7.850602641694582","7195.488435125576","-125.00448799360629","-1.737262023567198","79200.0","1715594400000.0","1715673600000.0"
"4d909f4a-4fe3-4fe9-9fb1-79773f41b9a7","TradeIQ220320Strategy","BTC-USDT","Bybit Perpetual","short","62002.1","61923.2","0.11413700780347198","7.7794546132311835","7076.73417153165","1.2259553024629222","0.017323743873193746","72000.0","1715673600000.0","1715745600000.0"
"0bbf3e60-414a-4bf0-b291-0eb53c8cb3dd","TradeIQ220320Strategy","BTC-USDT","Bybit Perpetual","long","62626.1","65004.4","0.1130183554311859","7.933524067072985","7077.89882906899","260.8580306549167","3.6855292362130214","28800.0","1715767200000.0","1715796000000.0"
"ce1ca255-9419-4edb-aafc-8e88daa854ce","TradeIQ220320Strategy","BTC-USDT","Bybit Perpetual","long","65004.4","65800.1","0.11269566303498164","8.107604920502592","7325.713958191161","81.56433415643279","1.1133977469217535","79200.0","1715796000000.0","1715875200000.0"
"b15d31b8-962c-4dc6-b247-16d8fcc196f4","TradeIQ220320Strategy","BTC-USDT","Bybit Perpetual","long","66350.6","67010.5","0.11157698763296446","8.184016392980196","7403.200075639773","65.4456377460124","0.8840182228947349","194400.0","1715932800000.0","1716127200000.0"
"02a4a4ea-c80e-4df5-9df5-8c77cbcdd4ff","TradeIQ220320Strategy","BTC-USDT","Bybit Perpetual","long","67107.5","69996.4","0.111244993949983","8.388667389310491","7465.373431498484","312.98699563279473","4.192516268673388","50400.0","1716184800000.0","1716235200000.0"
"9231c8f0-44da-4b3f-9a91-c14d54b47c75","TradeIQ220320Strategy","BTC-USDT","Bybit Perpetual","long","69996.4","70622.9","0.11090157604319135","8.577196095649686","7762.711077349639","60.90264129540971","0.7845537556217179","64800.0","1716235200000.0","1716300000000.0"
"250554d2-87b2-46f3-954e-0919f8f6fddd","TradeIQ220320Strategy","BTC-USDT","Bybit Perpetual","long","70485.7","69668.0","0.11095255614373241","8.552726197401006","7820.568586580279","-99.27863135613067","-1.2694554143606394","14400.0","1716393600000.0","1716408000000.0"
"52cd55f1-f33e-44eb-a8cd-1392d15a3784","TradeIQ220320Strategy","BTC-USDT","Bybit Perpetual","long","68927.8","69093.2","0.11209198446478713","8.509076283297912","7726.253886791955","10.030937947177229","0.1298292561201637","122400.0","1716573600000.0","1716696000000.0"
"349a2c34-d1b6-4e8e-9227-f530d6407561","TradeIQ220320Strategy","BTC-USDT","Bybit Perpetual","long","69106.7","68864.6","0.11193970017149964","8.494456274849615","7735.783277841773","-35.595057686368705","-0.4601351460856782","21600.0","1716717600000.0","1716739200000.0"
"a59b25ee-e6b1-4ae8-8895-aae912727f68","TradeIQ220320Strategy","BTC-USDT","Bybit Perpetual","long","70421.5","68640.8","0.10936955294959243","8.36504987072816","7701.967973039723","-203.1194128080671","-2.6372404237342253","36000.0","1716825600000.0","1716861600000.0"
"3e7da0d1-5284-487e-b62b-950277d98dd4","TradeIQ220320Strategy","BTC-USDT","Bybit Perpetual","long","68862.1","67993.6","0.10904408275193551","8.207817351730736","7509.004530872059","-102.91260322178674","-1.3705225878966805","14400.0","1716955200000.0","1716969600000.0"
"401d1fcd-a1ff-4817-9fea-403041b11c35","TradeIQ220320Strategy","BTC-USDT","Bybit Perpetual","long","68654.6","68226.1","0.10794961383230493","8.126920288352572","7411.237557811363","-54.38332981549524","-0.7337955286317304","64800.0","1717077600000.0","1717142400000.0"
"f8f3fe84-e44d-4bc1-be3a-85b51402b9cf","TradeIQ220320Strategy","BTC-USDT","Bybit Perpetual","short","67252.7","67719.9","0.10943164206770349","8.123650288681024","7359.573394486642","-59.25011346271178","-0.8050753798732201","14400.0","1717171200000.0","1717185600000.0"
"d821c981-0d0f-492f-8548-49d1d364d2fb","TradeIQ220320Strategy","BTC-USDT","Bybit Perpetual","long","68284.1","67765.3","0.10695441232581326","8.003095993353725","7303.285786697066","-63.491045107985954","-0.869349043188682","28800.0","1717329600000.0","1717358400000.0"
"9d8272d6-3d99-40d8-9b67-ddeed119004f","TradeIQ220320Strategy","BTC-USDT","Bybit Perpetual","long","68521.5","68851.4","0.10570360096968805","7.9864456131068735","7242.96929384448","26.8851723467926","0.37118992578970716","79200.0","1717380000000.0","1717459200000.0"
"0abfa39e-a594-457a-b4fa-dae59019082d","TradeIQ220320Strategy","BTC-USDT","Bybit Perpetual","long","70492.0","71133.3","0.10311113612287823","8.031730072708907","7268.510207573932","58.0934415228932","0.7992482622141561","115200.0","1717516800000.0","1717632000000.0"
"854d5148-5bac-461b-a116-7bf066b9818a","TradeIQ220320Strategy","BTC-USDT","Bybit Perpetual","long","71334.3","70526.1","0.10266728596230257","8.010432239439647","7323.69897702068","-90.98613275417229","-1.2423521643865534","14400.0","1717689600000.0","1717704000000.0"
"10c5f8bf-0088-4244-ae00-96161c66d8f2","TradeIQ220320Strategy","BTC-USDT","Bybit Perpetual","long","71324.0","69834.0","0.10147022251842601","7.877833518640788","7237.2621509042165","-159.06846507109555","-2.1979093993606638","43200.0","1717740000000.0","1717783200000.0"
"f410b413-611b-41f2-bfb0-7acf4ad4b88e","TradeIQ220320Strategy","BTC-USDT","Bybit Perpetual","long","69742.6","69667.1","0.10160428646317565","7.79054270199996","7086.147109086675","-15.461666329969722","-0.2181956723724094","14400.0","1717963200000.0","1717977600000.0"
"562ce543-c869-4853-9043-0339706527d7","TradeIQ220320Strategy","BTC-USDT","Bybit Perpetual","long","70090.9","69524.2","0.10088982344460129","7.747158534060194","7071.458526073204","-64.92142148011546","-0.918076818816704","14400.0","1718035200000.0","1718049600000.0"
"37926a1a-b73b-4840-967d-0960af5dd53d","TradeIQ220320Strategy","BTC-USDT","Bybit Perpetual","short","68741.4","67104.9","0.10197323848026218","7.618977930608683","7009.783175667094","159.2602268423404","2.271970799256344","28800.0","1718071200000.0","1718100000000.0"
"1d656e1f-533b-4441-a4ce-790883f35be9","TradeIQ220320Strategy","BTC-USDT","Bybit Perpetual","short","67104.9","67320.7","0.1067147166774307","7.889854400006495","7161.080391167318","-30.91889025899635","-0.4317629264032924","50400.0","1718100000000.0","1718150400000.0"
"a18b6385-5012-4423-b359-c770b3cb0a56","TradeIQ220320Strategy","BTC-USDT","Bybit Perpetual","long","69324.9","67523.2","0.10287367807845768","7.742937061776722","7131.707445421271","-193.09044285573364","-2.707492481056586","21600.0","1718200800000.0","1718222400000.0"
"d24aaf0b-4714-4dcc-be60-a683f1426128","TradeIQ220320Strategy","BTC-USDT","Bybit Perpetual","short","67523.2","68531.7","0.10290198812716701","7.7001758374435925","6948.271524708323","-111.47683086369153","-1.6043821901213215","7200.0","1718222400000.0","1718229600000.0"
"0d10d901-b560-4fbe-804e-03df7547d1ea","TradeIQ220320Strategy","BTC-USDT","Bybit Perpetual","short","68270.3","66380.0","0.10022467361924317","7.422405303628249","6842.368535387817","182.03229523882743","2.6603696409712616","144000.0","1718236800000.0","1718380800000.0"
"f3c335cd-eeb4-4ef2-b41a-31879574be90","TradeIQ220320Strategy","BTC-USDT","Bybit Perpetual","short","66380.0","66224.8","0.1056839291332435","7.707807957260361","7015.299215864703","8.694337844218722","0.12393395601084224","50400.0","1718380800000.0","1718431200000.0"
"81338676-5ac5-4f69-bfb3-93700a5f8a50","TradeIQ220320Strategy","BTC-USDT","Bybit Perpetual","short","66452.1","65180.7","0.1056935572663123","7.652006386708768","7023.558836816712","126.72678232168161","1.8043101120957934","43200.0","1718589600000.0","1718632800000.0"
"48f542f4-2f83-44b2-be33-357e9d2f0bab","TradeIQ220320Strategy","BTC-USDT","Bybit Perpetual","short","65180.7","66587.2","0.10960221783476257","7.943129743686066","7143.949280022308","-162.09864912827962","-2.269034154281866","14400.0","1718632800000.0","1718647200000.0"
"097c2c94-b038-4616-9391-e78e154883b5","TradeIQ220320Strategy","BTC-USDT","Bybit Perpetual","short","65103.8","65376.4","0.10736632214018908","7.705048552363966","6989.955563350442","-36.973107967779356","-0.528946251985289","100800.0","1718676000000.0","1718776800000.0"
"f6c53c54-dd99-4a42-88bb-70f39abe93b2","TradeIQ220320Strategy","BTC-USDT","Bybit Perpetual","short","64794.4","64065.1","0.10733691662830509","7.607259774545794","6954.831110781051","70.67355352247742","1.0161792917289194","108000.0","1718899200000.0","1719007200000.0"
"344ddf8e-11cc-44f4-a5db-02081a8a055e","TradeIQ220320Strategy","BTC-USDT","Bybit Perpetual","short","64094.6","63194.9","0.1095563586733891","7.669955764546","7021.970986627405","90.89790013390186","1.29447843500076","21600.0","1719165600000.0","1719187200000.0"
"b110850e-525d-462c-a9c7-16d3551d193e","TradeIQ220320Strategy","BTC-USDT","Bybit Perpetual","short","63194.9","61370.0","0.11248255779745854","7.706258210081554","7108.3239917546125","197.5631615145007","2.7793212822553746","36000.0","1719187200000.0","1719223200000.0"
"2333cc0b-fb51-4a35-ab65-e107cf9230c5","TradeIQ220320Strategy","BTC-USDT","Bybit Perpetual","short","61370.0","59294.7","0.11888559548954518","7.889912092737028","7296.008995193388","238.8333642267164","3.2734795747107754","36000.0","1719223200000.0","1719259200000.0"
"7f6c0e44-2697-4d03-a89a-6122fa5ec915","TradeIQ220320Strategy","BTC-USDT","Bybit Perpetual","short","59294.7","60470.3","0.1268730711380405","8.357224350666081","7522.90069120877","-157.50920678054723","-2.0937297094006815","21600.0","1719259200000.0","1719280800000.0"
"afcb104d-a5fe-4eca-8484-c66c764b96a5","TradeIQ220320Strategy","BTC-USDT","Bybit Perpetual","short","61427.2","61188.5","0.12003260680557229","8.094835158459507","7373.26694476725","20.55694808603025","0.2788037953870551","86400.0","1719403200000.0","1719489600000.0"
"350f11f9-3e0f-44d7-a879-a6c2570b4736","TradeIQ220320Strategy","BTC-USDT","Bybit Perpetual","short","61317.9","61530.2","0.12056505596977356","8.146153428754186","7392.7960454489785","-33.74211481113659","-0.4564188515914531","7200.0","1719561600000.0","1719568800000.0"
"04d2bffa-22ac-462a-8357-79ef8a7e7ebd","TradeIQ220320Strategy","BTC-USDT","Bybit Perpetual","short","61279.9","61049.8","0.12011672728542963","8.081613767594632","7360.741036378399","19.55724518078255","0.265696688473706","64800.0","1719583200000.0","1719648000000.0"
"1e22ac50-dd97-49d5-ab36-d546c42b849c","TradeIQ220320Strategy","BTC-USDT","Bybit Perpetual","long","63631.9","63265.5","0.11596888383499694","8.09388241175973","7379.320419300142","-50.58488144890278","-0.6854951211577863","21600.0","1719799200000.0","1719820800000.0"
"2594f9e1-3022-4a20-bfab-e8bdd60e88e1","TradeIQ220320Strategy","BTC-USDT","Bybit Perpetual","long","63683.5","63207.6","0.11512031816598779","8.034259092437695","7331.264781923684","-62.82001850763145","-0.8568783201300202","7200.0","1719856800000.0","1719864000000.0"
"f09c9c3f-f8c9-4ac3-99a2-1d95fbdfe139","TradeIQ220320Strategy","BTC-USDT","Bybit Perpetual","short","61945.0","59661.2","0.11738777567747895","7.851294729624853","7271.585764341434","260.23890736260194","3.57884670272016","100800.0","1719936000000.0","1720036800000.0"
"793a3ce1-21c1-474c-968d-4246a79600f6","TradeIQ220320Strategy","BTC-USDT","Bybit Perpetual","short","59661.2","55214.6","0.12602516755170706","7.962483068450014","7518.812726335905","552.4210269669703","7.347184283923217","115200.0","1720036800000.0","1720152000000.0"
"1ae04163-f89f-43df-bd82-7a844a5e496d","TradeIQ220320Strategy","BTC-USDT","Bybit Perpetual","short","55214.6","56637.5","0.14567909034846813","8.96198169986124","8043.612701954528","-216.24875935669675","-2.6884531536948586","43200.0","1720152000000.0","1720195200000.0"
"ddb25569-1912-4559-969b-4b950f429851","TradeIQ220320Strategy","BTC-USDT","Bybit Perpetual","short","57344.4","57710.0","0.13668599515498747","8.649478838527994","7838.176380565664","-58.62187866719121","-0.7479020096120955","7200.0","1720339200000.0","1720346400000.0"
"801fe2b4-db63-448a-a465-0be685d26fb9","TradeIQ220320Strategy","BTC-USDT","Bybit Perpetual","short","56846.1","57498.6","0.13690447710277104","8.609865749635272","7782.485595831832","-97.94003705919337","-1.2584673091029992","72000.0","1720360800000.0","1720432800000.0"
"e0e86853-07e1-4eec-9fee-ccd36738e765","TradeIQ220320Strategy","BTC-USDT","Bybit Perpetual","short","57411.1","57707.0","0.13393651333323345","8.480184314550575","7689.442560625598","-48.11199860985455","-0.6256890305184912","7200.0","1720648800000.0","1720656000000.0"
"d9355686-44b7-47c5-bbde-b47b05f94860","TradeIQ220320Strategy","BTC-USDT","Bybit Perpetual","short","57315.5","57816.2","0.13336246149726055","8.444835799600284","7643.736161946237","-75.21942027127825","-0.9840661513901074","50400.0","1720742400000.0","1720792800000.0"
"e5670189-1038-4af3-aa17-1d5179743451","TradeIQ220320Strategy","BTC-USDT","Bybit Perpetual","short","57567.3","57870.0","0.13153782985633378","8.351404559561008","7572.277712688524","-48.167905657072865","-0.6361085459974624","7200.0","1720821600000.0","1720828800000.0"
"2d5f75aa-db3d-4b60-81aa-112b518bd71f","TradeIQ220320Strategy","BTC-USDT","Bybit Perpetual","long","59174.0","61260.1","0.12719299358357225","8.425105539698816","7526.518202314304","256.9121983749911","3.4134269189170894","79200.0","1720915200000.0","1720994400000.0"
"408094b6-6cc9-46cd-bfb7-a483dc071f81","TradeIQ220320Strategy","BTC-USDT","Bybit Perpetual","long","61260.1","63309.9","0.1268457738523206","8.690647926830968","7770.584790770545","251.31781931565618","3.2342201530849657","79200.0","1720994400000.0","1721073600000.0"
"5e88ad7d-c07f-403b-8b5a-c4e6a543df8f","TradeIQ220320Strategy","BTC-USDT","Bybit Perpetual","long","63309.9","63632.0","0.12651002006195583","8.832682273636536","8009.336719120418","31.91619518831925","0.39848736927399747","36000.0","1721073600000.0","1721109600000.0"
"1a9ade19-ea8c-4b90-a7fc-f8daa3b63a4d","TradeIQ220320Strategy","BTC-USDT","Bybit Perpetual","long","64833.9","64255.2","0.12400391006170108","8.804154230490266","8039.657104549322","-80.56521698319723","-1.0020976757529694","93600.0","1721145600000.0","1721239200000.0"
"9c92cf6e-adb7-49a3-aede-c50fab26255c","TradeIQ220320Strategy","BTC-USDT","Bybit Perpetual","long","65104.0","66797.0","0.12231383860308559","8.873324694072076","7963.120148415284","198.20400406095183","2.489024407102482","93600.0","1721397600000.0","1721491200000.0"
"256eb706-68fb-488d-8933-e2aae16aeb7e","TradeIQ220320Strategy","BTC-USDT","Bybit Perpetual","long","66797.0","66670.0","0.12203263548173104","8.95803136791211","8151.413952273188","-24.456176074091953","-0.30002372861056636","57600.0","1721491200000.0","1721548800000.0"
"9da1bc65-129c-424d-a085-f305d7801eda","TradeIQ220320Strategy","BTC-USDT","Bybit Perpetual","long","66620.9","67391.4","0.12200646621409802","8.992701933722962","8128.180585002802","85.01328028423956","1.0459078682515548","7200.0","1721584800000.0","1721592000000.0"
"5a64a02e-b7ca-480b-847b-a9c242ebdb7e","TradeIQ220320Strategy","BTC-USDT","Bybit Perpetual","long","68169.8","67044.3","0.12041905948488671","8.955295113102482","8208.94320127283","-144.48694656334249","-1.7601162904981384","64800.0","1721599200000.0","1721664000000.0"
"1825df16-a6b5-4222-946a-ecb81c315e96","TradeIQ220320Strategy","BTC-USDT","Bybit Perpetual","long","65815.0","67766.2","0.12264196007046502","9.01046310811064","8071.680602037655","230.28852938138036","2.8530431360632034","108000.0","1721944800000.0","1722052800000.0"
"1ff56a52-d20f-41a1-874f-0064f6e831bf","TradeIQ220320Strategy","BTC-USDT","Bybit Perpetual","long","67860.9","68209.2","0.12216835769861537","9.142903356887498","8290.454704949967","33.40833562954059","0.4029735016777009","50400.0","1722060000000.0","1722110400000.0"
"cbf45aaf-5b58-4ef8-b4fa-9790b17e8ad1","TradeIQ220320Strategy","BTC-USDT","Bybit Perpetual","long","68509.4","68067.2","0.1214751935325376","9.124867904358787","8322.192623798031","-62.841198484446565","-0.7551038689581242","50400.0","1722218400000.0","1722268800000.0"
"773afeba-72fb-407f-a183-3fb3d0c5d207","TradeIQ220320Strategy","BTC-USDT","Bybit Perpetual","short","65229.799999999996","62892.6","0.12666746617708177","8.925916872689598","8262.493485237808","287.12128507638556","3.4749956001704696","72000.0","1722456000000.0","1722528000000.0"
"0929d534-7c6e-40d0-82ff-3ab7cd5e7ec9","TradeIQ220320Strategy","BTC-USDT","Bybit Perpetual","short","62892.59999999999","64879.7","0.13571165297762178","9.53710452076392","8535.258706060375","-279.20973015259693","-3.2712509341321647","21600.0","1722528000000.0","1722549600000.0"
"bca3e1ca-2101-49e3-86c5-6fb10a1556ba","TradeIQ220320Strategy","BTC-USDT","Bybit Perpetual","short","63393.50000000001","60553.1","0.13045516436882976","8.893210741776677","8270.00946241541","361.6516381314485","4.373049871043575","93600.0","1722614400000.0","1722708000000.0"
"9934e76f-d23c-40f4-9252-7777abe2d983","TradeIQ220320Strategy","BTC-USDT","Bybit Perpetual","short","60553.100000000006","60880.100000000006","0.1422483492775809","9.500519736121886","8613.578518640285","-56.01572994989084","-0.6503189101796605","64800.0","1722708000000.0","1722772800000.0"
"23106818-c60b-473d-9b22-bac5f7c9c9ec","TradeIQ220320Strategy","BTC-USDT","Bybit Perpetual","short","59070.0","54389.5","0.1449189702926678","9.04333865045652","8560.363575187886","669.249901804375","7.818007914338919","36000.0","1722787200000.0","1722823200000.0"
"80d34dc0-adbb-403b-9e24-a49e9d0eb3aa","TradeIQ220320Strategy","BTC-USDT","Bybit Perpetual","short","54389.5","55689.99999999999","0.1690795278850154","10.236704439400203","9196.150981902045","-230.1246304538615","-2.502401612443565","86400.0","1722823200000.0","1722909600000.0"
"64c2a1de-4cad-4ec0-9df7-cfddbe8c77b3","TradeIQ220320Strategy","BTC-USDT","Bybit Perpetual","short","55545.4","56842.09999999999","0.1616251315675263","9.990554460724951","8977.532582970876","-219.56986256433467","-2.445770711886114","28800.0","1723053600000.0","1723082400000.0"
"ebc9af04-e6e8-466b-a7fd-7c1413825d90","TradeIQ220320Strategy","BTC-USDT","Bybit Perpetual","long","61659.8","60957.3","0.14221488252532047","9.590887059652513","8768.941213534756","-109.49684203369014","-1.2486894297419064","21600.0","1723161600000.0","1723183200000.0"
"c5391de6-256a-4067-9d3d-768aad2d49e4","TradeIQ220320Strategy","BTC-USDT","Bybit Perpetual","long","61224.9","61078.8","0.14152606559753872","9.520038807961935","8664.919213602749","-30.196996991762138","-0.34849715556905536","7200.0","1723363200000.0","1723370400000.0"
"4a4377ef-c55b-4896-8299-a34cc4dc148f","TradeIQ220320Strategy","BTC-USDT","Bybit Perpetual","short","60100.00000000001","59809.2","0.14369770493278827","9.476872262179683","8636.232066460576","32.310420332276614","0.37412635607322825","72000.0","1723392000000.0","1723464000000.0"
"1e0b7bb2-715e-4418-ba80-dcfcd5a7eb60","TradeIQ220320Strategy","BTC-USDT","Bybit Perpetual","long","61134.09999999999","60550.50000000001","0.14176911029648329","9.488114613330897","8666.926965776238","-92.22456738235627","-1.0640976639878301","21600.0","1723572000000.0","1723593600000.0"
"dd15a66c-e9fe-4a48-afd2-d81aaa899424","TradeIQ220320Strategy","BTC-USDT","Bybit Perpetual","long","60920.0","59582.99999999999","0.14082917969079117","9.333686252153676","8579.313626762998","-197.6222994987425","-2.3034744747209577","36000.0","1723608000000.0","1723644000000.0"
"2cf9c36a-412d-4dfa-a675-21e040514f52","TradeIQ220320Strategy","BTC-USDT","Bybit Perpetual","short","59396.899999999994","59420.2","0.14127963651704373","9.23254018500508","8391.572442239194","-12.52435571585261","-0.14924921165919924","79200.0","1723651200000.0","1723730400000.0"
"f1d5347d-5bd3-4e43-af93-891efcca9735","TradeIQ220320Strategy","BTC-USDT","Bybit Perpetual","short","57002.399999999994","58310.100000000006","0.1470056401889944","9.323373336361378","8379.674304309134","-201.56264901151107","-2.4053756947076117","64800.0","1723752000000.0","1723816800000.0"
"e220a0a0-aeed-479e-b6c0-7d3b69bc0166","TradeIQ220320Strategy","BTC-USDT","Bybit Perpetual","short","58390.0","58991.0","0.14023274169803393","9.053362699291306","8188.1897877482015","-93.3332404598097","-1.1398519438259975","64800.0","1724025600000.0","1724090400000.0"
"6fdf178c-82ff-4eaa-ba89-da95ade13c95","TradeIQ220320Strategy","BTC-USDT","Bybit Perpetual","long","60415.3","58783.7","0.13406410643183733","8.78916908241272","8099.523209311383","-227.52816513659928","-2.80915504847283","50400.0","1724119200000.0","1724169600000.0"
"92223a4a-90e2-47a1-a9a2-d3962f6c13ef","TradeIQ220320Strategy","BTC-USDT","Bybit Perpetual","short","58783.7","59689.2","0.13410811929891472","8.738497793788618","7883.371452431613","-130.17339981895591","-1.6512402162504234","57600.0","1724169600000.0","1724227200000.0"
"3f327a34-aea3-4518-a143-f54cbee1d6c9","TradeIQ220320Strategy","BTC-USDT","Bybit Perpetual","short","59332.4","59904.0","0.13078363124706913","8.57679315285542","7759.706722603604","-83.33271677367993","-1.073915803169935","7200.0","1724241600000.0","1724248800000.0"
"08ae10d6-782f-48eb-ae87-d0e047bdea1b","TradeIQ220320Strategy","BTC-USDT","Bybit Perpetual","long","61538.1","60134.7","0.12480951868303716","8.352257982649594","7680.540641668609","-183.50993650242415","-2.389284102044102","79200.0","1724270400000.0","1724349600000.0"
"c4888e41-c016-4a79-b512-ed8844c543e8","TradeIQ220320Strategy","BTC-USDT","Bybit Perpetual","long","60513.6","62966.3","0.12404164025923604","8.424157134275543","7506.206201991306","295.8127739295532","3.940909241889433","72000.0","1724364000000.0","1724436000000.0"
"644b3a75-15df-44b9-802b-6900165e3dac","TradeIQ220320Strategy","BTC-USDT","Bybit Perpetual","long","62966.3","63584.2","0.12367295421875482","8.607980806073293","7787.228337224382","67.8095376056946","0.8707788531325397","100800.0","1724436000000.0","1724536800000.0"
"98ec7613-4e6a-45f5-9b20-3a1579279e74","TradeIQ220320Strategy","BTC-USDT","Bybit Perpetual","long","64190.2","63603.2","0.12231847537396351","8.597321617970287","7851.647397949792","-80.39826666248686","-1.0239668516377889","28800.0","1724630400000.0","1724659200000.0"
"6d2e2b60-ad31-43fe-8c4a-c858c31effcc","TradeIQ220320Strategy","BTC-USDT","Bybit Perpetual","short","60379.6","60157.6","0.12877311284971132","8.537072752003525","7775.26904462043","20.05055830063239","0.25787607072587426","43200.0","1724796000000.0","1724839200000.0"
"5ae9eb41-79a9-48a6-a4a5-1f54696215c4","TradeIQ220320Strategy","BTC-USDT","Bybit Perpetual","short","58620.1","60040.0","0.13296321696834415","8.677585741981979","7794.317075006031","-197.47205751533403","-2.533538931185722","64800.0","1724868000000.0","1724932800000.0"
"8cbff8cf-2e0c-499c-9ce0-42aaf4af0203","TradeIQ220320Strategy","BTC-USDT","Bybit Perpetual","short","59323.2","58926.1","0.12822502192003238","8.339385496490667","7606.718620366464","42.57877070795401","0.5597521458721016","136800.0","1724976000000.0","1725112800000.0"
"2cb0018b-6ee5-428e-8c26-02fee6aae5ba","TradeIQ220320Strategy","BTC-USDT","Bybit Perpetual","short","57951.0","58365.4","0.131959214725182","8.441961442013088","7647.168452539021","-63.1258600241287","-0.8254801815326767","100800.0","1725170400000.0","1725271200000.0"
"f5f3b3d0-3822-4ace-b26e-b15b4e862ba2","TradeIQ220320Strategy","BTC-USDT","Bybit Perpetual","short","58371.4","56223.1","0.12998144443196666","8.192337248677452","7587.198885516099","271.0467998245169","3.5724224962909967","57600.0","1725372000000.0","1725429600000.0"
"9cb13462-e6da-4236-b5e5-6fbf45ca40c8","TradeIQ220320Strategy","BTC-USDT","Bybit Perpetual","short","56223.1","58096.2","0.13952794039014907","8.772905061713963","7844.69334534939","-270.122690206502","-3.4433811280416746","36000.0","1725429600000.0","1725465600000.0"
"bb51ca4b-5959-4d1d-b750-879edf990c14","TradeIQ220320Strategy","BTC-USDT","Bybit Perpetual","short","57007.4","55873.7","0.1331068736629492","8.263887674149105","7588.076789653211","142.63937499753698","1.8797829667727421","86400.0","1725544800000.0","1725631200000.0"
"3af6519d-6c01-4083-b161-2c6364c5278c","TradeIQ220320Strategy","BTC-USDT","Bybit Perpetual","short","54022.1","54521.9","0.14297082482726278","8.535243865527727","7723.584195900872","-79.99206211419408","-1.035685765640364","79200.0","1725638400000.0","1725717600000.0"
"74364ee9-6cfc-49b1-85de-b50eaa7491f0","TradeIQ220320Strategy","BTC-USDT","Bybit Perpetual","short","53663.6","54839.6","0.14250985280324815","8.504526283374767","7647.591736892387","-176.09611317999457","-2.3026348586378846","28800.0","1725811200000.0","1725840000000.0"
"c5c5dcff-4efc-47a4-8dbe-0b65b40e04c2","TradeIQ220320Strategy","BTC-USDT","Bybit Perpetual","long","57923.6","57479.9","0.1291408066724339","8.196815595552225","7480.300429371393","-65.49659151611078","-0.8755877138161252","7200.0","1725998400000.0","1726005600000.0"
"be848076-f07d-4417-8dd9-fc226e349f33","TradeIQ220320Strategy","BTC-USDT","Bybit Perpetual","long","57609.1","56698.7","0.12876574477697253","8.095410950449471","7418.0786674310875","-125.32374499540545","-1.689436720934716","7200.0","1726012800000.0","1726020000000.0"
"a51f938a-d531-4d01-ad99-6fbf5626da73","TradeIQ220320Strategy","BTC-USDT","Bybit Perpetual","short","56214.0","56675.1","0.12984347510736566","8.061852175158602","7299.021109685453","-67.93267854716471","-0.9307094407087176","7200.0","1726034400000.0","1726041600000.0"
"cb1f0c8e-f502-45da-8792-ed326bb5082c","TradeIQ220320Strategy","BTC-USDT","Bybit Perpetual","short","55714.0","56676.1","0.12985039783655178","8.026644558839411","7234.485065065645","-132.9557123173857","-1.837804779768099","7200.0","1726063200000.0","1726070400000.0"
"5d79a4fa-f8ea-47b7-8a40-76b097d626a1","TradeIQ220320Strategy","BTC-USDT","Bybit Perpetual","long","57660.9","57330.3","0.12327551492196843","7.796579665322282","7108.17713836413","-48.55146489852487","-0.6830367892280533","14400.0","1726077600000.0","1726092000000.0"
"30583f0f-9b2b-4363-928c-161ad6f5ce06","TradeIQ220320Strategy","BTC-USDT","Bybit Perpetual","long","58120.7","57472.1","0.12150667914719768","7.724913493729406","7062.053246710531","-86.53414558860165","-1.225339749865364","50400.0","1726106400000.0","1726156800000.0"
"1af13725-6523-46ea-94a5-2dea74d2832f","TradeIQ220320Strategy","BTC-USDT","Bybit Perpetual","long","58358.7","57910.0","0.11960248957569924","7.648314288851557","6979.845808401359","-61.31395136146746","-0.8784427771694658","43200.0","1726164000000.0","1726207200000.0"
"db5a4e68-976d-468b-ab45-6e21c0ccd645","TradeIQ220320Strategy","BTC-USDT","Bybit Perpetual","long","59623.5","59778.4","0.11608841404157698","7.623647462503034","6921.597554607965","10.358447872537411","0.14965400387431377","100800.0","1726243200000.0","1726344000000.0"
"2ecf6e3d-84ff-4ab2-aa37-562ffaffd428","TradeIQ220320Strategy","BTC-USDT","Bybit Perpetual","short","57860.7","58187.0","0.11979526829241395","7.646080945919662","6931.438080086876","-46.735276989734686","-0.6742508040863712","28800.0","1726502400000.0","1726531200000.0"
"4b239541-7065-484c-bc6d-cb45c0a72cef","TradeIQ220320Strategy","BTC-USDT","Bybit Perpetual","short","57866.8","58608.4","0.11901538649012261","7.624287519482881","6887.039566946627","-95.88609814055764","-1.3922687274914087","14400.0","1726538400000.0","1726552800000.0"
"756247e3-6f52-4a3d-81ea-e8bcbb4ac5b2","TradeIQ220320Strategy","BTC-USDT","Bybit Perpetual","long","58930.8","61103.0","0.11532081311832008","7.613317479724996","6795.947773713097","242.88655277588956","3.5739908672544694","21600.0","1726567200000.0","1726588800000.0"
"3d8212cb-1df6-405a-8d29-54772cab7000","TradeIQ220320Strategy","BTC-USDT","Bybit Perpetual","long","61103.0","59631.80000000001","0.11499746328085679","7.636307651346875","7026.689998850193","-176.8205756301422","-2.5164134985188777","64800.0","1726588800000.0","1726653600000.0"
"f70cf2fe-43bc-414e-aace-6d67433b08da","TradeIQ220320Strategy","BTC-USDT","Bybit Perpetual","long","60024.6","62244.0","0.11426499221988246","7.684061345254756","6858.710452001556","245.91566238755254","3.5854504153297175","50400.0","1726689600000.0","1726740000000.0"
"2ff27458-8605-4df1-8422-3d010e53a773","TradeIQ220320Strategy","BTC-USDT","Bybit Perpetual","long","62244.0","62821.8","0.11394399992400445","7.837773628132556","7092.330331269733","57.999069527957545","0.817771688837483","100800.0","1726740000000.0","1726840800000.0"
"0b3a5568-ad12-408e-affc-719feef46bcb","TradeIQ220320Strategy","BTC-USDT","Bybit Perpetual","long","63146.6","62670.09999999999","0.11318787468084256","7.83250867979644","7147.429447321292","-61.76653096521874","-0.8641782534610055","64800.0","1726934400000.0","1726999200000.0"
"aa0caa79-4bd1-49a3-98c7-b5062f746f78","TradeIQ220320Strategy","BTC-USDT","Bybit Perpetual","long","63558.4","63788.9","0.11153130416914735","7.811765748280813","7088.7512429043345","17.89619986270765","0.25245913207380927","7200.0","1727049600000.0","1727056800000.0"
"d98351df-9ea4-4319-8905-a9fa51c624bc","TradeIQ220320Strategy","BTC-USDT","Bybit Perpetual","long","64320.09999999999","63152.49999999999","0.11047483807975901","7.745383164533239","7105.752632773907","-136.7358041064597","-1.924297272547771","36000.0","1727064000000.0","1727100000000.0"
"d80c1be4-27b9-4003-9c07-3766ab1109b8","TradeIQ220320Strategy","BTC-USDT","Bybit Perpetual","long","63291.0","62908.8","0.11021872965939501","7.650269901598346","6975.853618872769","-49.7758683774188","-0.7135451959994268","28800.0","1727114400000.0","1727143200000.0"
"3e2c504f-3136-465c-8e45-84bc81c7deec","TradeIQ220320Strategy","BTC-USDT","Bybit Perpetual","long","64270.0","63588.0","0.10780405389628475","7.580985897689147","6928.566543914221","-81.10335065495535","-1.1705646491364554","50400.0","1727208000000.0","1727258400000.0"
"d82c1e51-15bf-4669-95f7-019f614a3f49","TradeIQ220320Strategy","BTC-USDT","Bybit Perpetual","long","63823.4","65713.8","0.10735119659548087","7.64828538299547","6851.5183607920135","195.2884166611017","2.8502939987528104","93600.0","1727337600000.0","1727431200000.0"
"a8656d4b-1bba-4405-9e82-b9082a97ca90","TradeIQ220320Strategy","BTC-USDT","Bybit Perpetual","long","65713.8","65790.0","0.10708621867279111","7.745234575706643","7037.042356620061","0.4147352871597274","0.005893602257055727","79200.0","1727431200000.0","1727510400000.0"
"7b8563c7-68fa-426e-a778-d268ad275d1e","TradeIQ220320Strategy","BTC-USDT","Bybit Perpetual","long","65790.1","65568.1","0.10696801426267571","7.728119196115676","7037.436355142862","-31.475018362429687","-0.44725119736860103","21600.0","1727632800000.0","1727654400000.0"
"f32dd7b5-f0b2-466d-b2c8-21d14b1858ce","TradeIQ220320Strategy","BTC-USDT","Bybit Perpetual","short","62838.9","61833.9","0.11151587770789359","7.646648195065373","7007.535087698555","104.42680890136769","1.4902074352033534","93600.0","1727791200000.0","1727884800000.0"
"bf21df5c-5527-4dab-b411-ed7eec8e18be","TradeIQ220320Strategy","BTC-USDT","Bybit Perpetual","short","60155.0","61403.9","0.11814047969669776","7.898564716571602","7106.740556154854","-155.44420980977762","-2.187278522151112","129600.0","1727899200000.0","1728028800000.0"
"b9497647-94d0-47be-b227-f66579303330","TradeIQ220320Strategy","BTC-USDT","Bybit Perpetual","long","62690.4","62274.7","0.11100692541179455","7.629595344127596","6959.068556835565","-53.77517423781107","-0.7727352274032457","21600.0","1728230400000.0","1728252000000.0"
"ff5a9561-8a76-4202-9f12-970b0799e680","TradeIQ220320Strategy","BTC-USDT","Bybit Perpetual","long","62789.3","63114.1","0.11001846080955902","7.618434053279628","6907.982141309644","28.115562017664658","0.4070010813944344","43200.0","1728259200000.0","1728302400000.0"
"0870d7c0-0bea-46d2-88c7-de1dacf2b1b5","TradeIQ220320Strategy","BTC-USDT","Bybit Perpetual","long","63620.0","62190.7","0.10900175927737231","7.542473199754737","6934.691925226426","-163.3386877349033","-2.355384918264701","28800.0","1728316800000.0","1728345600000.0"
"8c5c826c-cf2b-4338-8e00-88df7da7a06d","TradeIQ220320Strategy","BTC-USDT","Bybit Perpetual","short","62190.7","62604.2","0.10901180034761256","7.48226419776015","6779.520171878268","-52.558643641497945","-0.7752560993846347","7200.0","1728345600000.0","1728352800000.0"
"735b6b2f-a99b-48fc-8593-16e031277113","TradeIQ220320Strategy","BTC-USDT","Bybit Perpetual","short","62291.4","62512.3","0.1080340056640057","7.415673997978878","6729.589460418845","-31.280385849157895","-0.4648186346750939","7200.0","1728374400000.0","1728381600000.0"
"c013d70f-fc2c-46bf-bd01-ab3d8e011eb5","TradeIQ220320Strategy","BTC-USDT","Bybit Perpetual","short","62259.9","62500.0","0.10761136933824411","7.384071022626321","6699.873093862145","-33.22156080073857","-0.4958535831249304","50400.0","1728403200000.0","1728453600000.0"
"0cf2525c-95d9-4c53-9963-80fb2747f58a","TradeIQ220320Strategy","BTC-USDT","Bybit Perpetual","short","62233.9","61235.90000000001","0.1071492002124476","7.276329676214975","6668.312611101443","99.65857213580695","1.4945096000732603","93600.0","1728468000000.0","1728561600000.0"
"36d4f0b3-4f83-4a0c-817f-1f8899f4f2a6","TradeIQ220320Strategy","BTC-USDT","Bybit Perpetual","short","59589.0","60643.3","0.11349390415396231","7.505098222825744","6762.98825463046","-127.16172137234852","-1.88025938512142","50400.0","1728583200000.0","1728633600000.0"
"840c6a1d-bee7-4856-a290-e6dd823c781e","TradeIQ220320Strategy","BTC-USDT","Bybit Perpetual","long","62218.0","62966.3","0.1067566398683135","7.3503403777468055","6642.184619326729","72.5356532357125","1.0920451235976774","100800.0","1728662400000.0","1728763200000.0"
"e34dcb4d-a548-40ee-a4b6-4e58856eea10","TradeIQ220320Strategy","BTC-USDT","Bybit Perpetual","short","62195.3","62489.6","0.10790354721177735","7.399668646560157","6711.093489900656","-39.15568259098576","-0.5834471334650618","7200.0","1728835200000.0","1728842400000.0"
"f7a970d4-e1f0-45ea-bf4f-1606f3ac91f4","TradeIQ220320Strategy","BTC-USDT","Bybit Perpetual","long","62861.0","64599.6","0.10616909676014093","7.442807225978091","6673.895591439219","177.14278440120276","2.6542636451854067","36000.0","1728856800000.0","1728892800000.0"
"d06850ae-682b-472d-aaac-1260dea549d3","TradeIQ220320Strategy","BTC-USDT","Bybit Perpetual","long","64599.6","65382.1","0.10591677404535574","7.571983291912169","6842.181236620362","75.3078923985787","1.1006415906600042","72000.0","1728892800000.0","1728964800000.0"
"67548312-cb19-49c2-918c-4aa3b371532d","TradeIQ220320Strategy","BTC-USDT","Bybit Perpetual","long","67646.7","65994.6","0.10220341471792434","7.512228464038398","6913.723734399012","-176.3624899195203","-2.550904500884731","7200.0","1729000800000.0","1729008000000.0"
"f16af9c8-cc46-4fa0-888e-fd9273b2b3d0","TradeIQ220320Strategy","BTC-USDT","Bybit Perpetual","long","67872.3","66853.6","0.09939517843030908","7.36510767832619","6746.179368975468","-108.61897594528176","-1.6100813513023677","86400.0","1729080000000.0","1729166400000.0"
"de52c4e2-48f7-4a5b-a79e-db9bb1b6d8a1","TradeIQ220320Strategy","BTC-USDT","Bybit Perpetual","long","67561.9","66821.1","0.09832451931972681","7.267229133858567","6642.99134182745","-80.10603304591105","-1.205872910619726","14400.0","1729180800000.0","1729195200000.0"
"86fcef57-d7c3-4a7d-b0f9-af64e751a7ab","TradeIQ220320Strategy","BTC-USDT","Bybit Perpetual","long","67401.5","68109.4","0.09742944311972039","7.261513338008665","6566.890610433834","61.70878944644083","0.9396957115197646","151200.0","1729209600000.0","1729360800000.0"
"fff48c73-43f0-4ebc-a4d1-9ebf6b6e88b5","TradeIQ220320Strategy","BTC-USDT","Bybit Perpetual","long","68755.1","68394.3","0.09636396369735413","7.268942891492646","6625.513960407953","-42.0370609934983","-0.6344724536798041","43200.0","1729461600000.0","1729504800000.0"
"196baba6-3fca-4620-9714-04e19ed92f91","TradeIQ220320Strategy","BTC-USDT","Bybit Perpetual","short","65713.6","66465.2","0.10021637457792801","7.2855640726335675","6585.578752464131","-82.60819120540337","-1.2543801283143687","7200.0","1729706400000.0","1729713600000.0"
"5d7eee6a-b0c8-4938-a1c0-3137f6b4d0ad","TradeIQ220320Strategy","BTC-USDT","Bybit Perpetual","long","67246.9","66867.3","0.09676432624877873","7.137608611866678","6507.100970818998","-43.869346855902236","-0.6741765196611165","28800.0","1729735200000.0","1729764000000.0"
"829acd15-f1db-4062-89bf-284d0d053a69","TradeIQ220320Strategy","BTC-USDT","Bybit Perpetual","long","67882.7","67660.6","0.0952440767869559","7.10033306023657","6465.425091305891","-28.254042514618646","-0.4370020859511942","93600.0","1729778400000.0","1729872000000.0"
"56410cd7-1782-480b-9cd1-b999c53414ee","TradeIQ220320Strategy","BTC-USDT","Bybit Perpetual","long","67261.8","67155.0","0.09572422609738371","7.076819284967744","6438.583750917004","-17.300166632168605","-0.26869521779078603","7200.0","1730001600000.0","1730008800000.0"
"ec86ffb6-5e96-479d-863f-fbcfff647169","TradeIQ220320Strategy","BTC-USDT","Bybit Perpetual","long","67590.6","69566.1","0.09501541031765429","7.167600070573478","6422.148592616444","180.53534301195256","2.811136186096883","108000.0","1730037600000.0","1730145600000.0"
"d11a9ec7-900f-43de-ae62-d4bb3b9da9e0","TradeIQ220320Strategy","BTC-USDT","Bybit Perpetual","long","69566.1","71280.0","0.09478261924238672","7.342369247441319","6593.657168477799","155.10556187208473","2.352344956810852","50400.0","1730145600000.0","1730196000000.0"
"dde9bdf2-0605-4db0-b965-86b61d8793a8","TradeIQ220320Strategy","BTC-USDT","Bybit Perpetual","long","71280.0","72244.8","0.09457081161975701","7.465291252959816","6741.00745225628","83.77662779778203","1.2427909090909133","79200.0","1730196000000.0","1730275200000.0"
"3c5ebc17-ec1c-4a35-b7e9-f711094adc0b","TradeIQ220320Strategy","BTC-USDT","Bybit Perpetual","long","72213.3","71322.2","0.09445067942697775","7.456364023290031","6820.595248664173","-91.62136446067046","-1.343304522851062","7200.0","1730376000000.0","1730383200000.0"
"b5a66df0-eedd-4c2a-a329-8992e091279f","TradeIQ220320Strategy","BTC-USDT","Bybit Perpetual","long","71213.2","69381.0","0.09455487118155813","7.311626558430822","6733.554952426535","-180.55506153728135","-2.6814225593008","7200.0","1730469600000.0","1730476800000.0"
"a83f8036-b494-48a6-bf43-852b6dd96cfe","TradeIQ220320Strategy","BTC-USDT","Bybit Perpetual","short","68367.5","68670.0","0.09598168199752978","7.234199360705069","6562.0276439661175","-36.26865816495783","-0.5527050499140673","57600.0","1730606400000.0","1730664000000.0"
"3cd5fbce-9986-4645-b43e-7d947bc47c00","TradeIQ220320Strategy","BTC-USDT","Bybit Perpetual","short","67813.1","68727.1","0.09625828075562697","7.228718698316202","6527.572418709407","-95.20878730895924","-1.4585634781480272","43200.0","1730743200000.0","1730786400000.0"
"325b7ec7-e057-47e6-bfb7-7df43865abbb","TradeIQ220320Strategy","BTC-USDT","Bybit Perpetual","long","68876.0","74367.1","0.09345960959936549","7.3630943120915795","6437.124070765897","505.8329679589848","7.858058387537032","72000.0","1730793600000.0","1730865600000.0"
"25c0e5e9-4d0e-4852-b3de-f134762478c8","TradeIQ220320Strategy","BTC-USDT","Bybit Perpetual","long","74367.1","74793.2","0.09302050759444609","7.631231750416923","6917.6653903269325","32.004806535575746","0.4626532902318246","93600.0","1730865600000.0","1730959200000.0"
"3c996c9c-8b35-4db4-adff-be23e1f9f81d","TradeIQ220320Strategy","BTC-USDT","Bybit Perpetual","long","76081.6","76423.3","0.09132392006129905","7.660039913106024","6948.069956535731","23.545343571839595","0.3388760291581632","86400.0","1730995200000.0","1731081600000.0"
"0ffb6e1d-7c32-4139-950a-a52bf6fe5150","TradeIQ220320Strategy","BTC-USDT","Bybit Perpetual","long","76894.4","76210.7","0.09064948855741092","7.633394455792191","6970.438032928978","-69.61044978249377","-0.9986524441311684","79200.0","1731096000000.0","1731175200000.0"
"28205575-203c-4ee7-98f3-c13c791eb1a3","TradeIQ220320Strategy","BTC-USDT","Bybit Perpetual","long","76703.5","79190.7","0.09001294733142046","7.7178730276306595","6904.308105635609","216.16232957507805","3.1308326086814775","14400.0","1731204000000.0","1731218400000.0"
"91285986-bbc4-4843-b96e-459cff6666cf","TradeIQ220320Strategy","BTC-USDT","Bybit Perpetual","long","79190.7","82168.7","0.08977900585210047","7.967677584290281","7109.662318731932","259.3942018432649","3.648474290541693","108000.0","1731218400000.0","1731326400000.0"
"87e263b4-c3c3-4e25-81a1-4478a5c835b7","TradeIQ220320Strategy","BTC-USDT","Bybit Perpetual","long","82168.7","86181.0","0.08952419608053959","8.28925435409501","7356.086810483033","350.9086775798542","4.770317243670647","28800.0","1731326400000.0","1731355200000.0"
"d5efe2be-e8cd-4291-8249-91407e8c207c","TradeIQ220320Strategy","BTC-USDT","Bybit Perpetual","long","86181.0","87229.5","0.08922442364539625","8.509848554107993","7689.450054183894","85.04195963808998","1.1059563302816167","57600.0","1731355200000.0","1731412800000.0"
"01d05cab-176f-4a28-a406-fed981a0b210","TradeIQ220320Strategy","BTC-USDT","Bybit Perpetual","long","88762.8","90818.9","0.08753937365473012","8.646258245818405","7770.239915840079","171.34344792567143","2.205124291933097","129600.0","1731441600000.0","1731571200000.0"
"5153ccc2-ca9a-40df-86ae-98aa4231978c","TradeIQ220320Strategy","BTC-USDT","Bybit Perpetual","long","89782.9","88485.4","0.08835776290774153","8.663263501951377","7933.0161913694665","-123.30746087474601","-1.554357862131876","14400.0","1731672000000.0","1731686400000.0"
"59f5e758-3e8b-4ff4-b3b6-538ef4f455c8","TradeIQ220320Strategy","BTC-USDT","Bybit Perpetual","long","90418.4","90578.0","0.08644119010664267","8.605049321559868","7815.874103538459","5.1909646194608055","0.06641566318360623","72000.0","1731700800000.0","1731772800000.0"
"0c427483-86a1-4bfe-8fae-c70f509f8165","TradeIQ220320Strategy","BTC-USDT","Bybit Perpetual","long","91360.0","90305.1","0.0856042635718799","8.553218906216557","7820.805519926948","-98.85715654819217","-1.2640278075744245","21600.0","1731837600000.0","1731859200000.0"
"3e61c618-de28-40bb-a3ae-a828bf85043f","TradeIQ220320Strategy","BTC-USDT","Bybit Perpetual","long","91795.9","90338.7","0.08417468777152538","8.432117698065417","7726.891221206167","-131.09147271873195","-1.69656164382069","14400.0","1731916800000.0","1731931200000.0"
"bca7eeec-877a-4587-853f-a98831becdde","TradeIQ220320Strategy","BTC-USDT","Bybit Perpetual","long","92407.8","90657.8","0.08226961708993581","8.283405247886645","7602.35432212337","-152.2552351552743","-2.002737950692474","14400.0","1731945600000.0","1731960000000.0"
"23c1bd12-cc4b-4507-b560-e1e1fbf506d8","TradeIQ220320Strategy","BTC-USDT","Bybit Perpetual","long","91499.9","92335.9","0.08150513660371062","8.240959095408833","7457.71184872586","59.897335105293244","0.8031596865133187","72000.0","1731988800000.0","1732060800000.0"
"7a333ff2-e43b-4fb5-b7ad-95471bff9ed4","TradeIQ220320Strategy","BTC-USDT","Bybit Perpetual","long","94420.0","98014.0","0.07958710354878087","8.423395576368355","7514.6143170758905","277.6126545779501","3.694303431476382","79200.0","1732111200000.0","1732190400000.0"
"bdeb7f87-5271-4ff2-a264-3e8139a6251e","TradeIQ220320Strategy","BTC-USDT","Bybit Perpetual","long","98014.0","98929.9","0.07935954393173365","8.596157946275328","7778.346338924942","64.08924834079906","0.8239443905972557","86400.0","1732190400000.0","1732276800000.0"
"6793d87d-e9e1-4717-b1b8-a9d3f7f35166","TradeIQ220320Strategy","BTC-USDT","Bybit Perpetual","long","98828.2","97958.9","0.07932180414951097","8.585229292942627","7839.231124848699","-77.53967364011274","-0.9891234536296349","86400.0","1732298400000.0","1732384800000.0"
"1547b8f3-62dd-4883-bee8-603445bf01ca","TradeIQ220320Strategy","BTC-USDT","Bybit Perpetual","long","97960.4","97257.2","0.07927252680563364","8.511465835912308","7765.568434890593","-64.25590668563365","-0.8274462742087589","7200.0","1732492800000.0","1732500000000.0"
"a15644c2-5914-4c87-998c-1b378fb1ecb6","TradeIQ220320Strategy","BTC-USDT","Bybit Perpetual","long","97935.9","97542.5","0.07866906133031137","8.457956231093126","7704.525323539241","-39.406364958437166","-0.5114703801159679","36000.0","1732507200000.0","1732543200000.0"
"6b67086d-4db6-4f69-ad40-1664fb97779d","TradeIQ220320Strategy","BTC-USDT","Bybit Perpetual","long","94328.4","94927.3","0.0812808155001964","8.460571698733286","7667.089276828726","40.21850870433505","0.5245603285966992","100800.0","1732716000000.0","1732816800000.0"
"1b344f45-2f29-4a9a-9400-f41b301bfcde","TradeIQ220320Strategy","BTC-USDT","Bybit Perpetual","long","96646.4","96708.1","0.07972668262964627","8.478532071082668","7705.296860097845","-3.5593957528325646","-0.04619414173729013","86400.0","1732852800000.0","1732939200000.0"
"cc46d87e-e40e-4ee5-9db3-ec1b2a90c45d","TradeIQ220320Strategy","BTC-USDT","Bybit Perpetual","long","97134.5","96549.8","0.07929124496582217","8.446608102533585","7701.915434132654","-54.80819903404958","-0.7116177722642286","50400.0","1733061600000.0","1733112000000.0"
"be10e310-a665-473d-84a8-c1f67dd77994","TradeIQ220320Strategy","BTC-USDT","Bybit Perpetual","long","96298.9","95852.0","0.07943857764782677","8.395306804362388","7649.847645050305","-43.89640715517571","-0.5738206718872119","7200.0","1733277600000.0","1733284800000.0"
"3cbe25e7-5125-4c82-bd5b-4b480d26ebf6","TradeIQ220320Strategy","BTC-USDT","Bybit Perpetual","long","96557.1","95731.6","0.07879426845102938","8.3331860963447","7608.14605825289","-73.37785470266945","-0.9644643273254893","28800.0","1733292000000.0","1733320800000.0"
"91008f5a-6cd7-4c59-b015-757f29a00a4d","TradeIQ220320Strategy","BTC-USDT","Bybit Perpetual","long","97283.4","103084.8","0.07748944934372518","8.539531816196368","7538.437096285354","441.00775960649156","5.850121901578285","28800.0","1733342400000.0","1733371200000.0"
"7c29d784-03a8-4a44-a62f-7d248aa670a7","TradeIQ220320Strategy","BTC-USDT","Bybit Perpetual","long","103084.8","101346.7","0.07719270414175049","8.679341163214847","7957.394467911521","-142.8479802319918","-1.7951602224576326","50400.0","1733371200000.0","1733421600000.0"
"7eb5c795-2aaf-4ba9-a0a6-50736f5b7374","TradeIQ220320Strategy","BTC-USDT","Bybit Perpetual","long","98649.9","99204.9","0.07928734734339445","8.628060238136811","7821.688886691128","35.376417537447104","0.4522861756575526","57600.0","1733493600000.0","1733551200000.0"
"e8c29de7-560c-4860-bcec-e939a981c5c3","TradeIQ220320Strategy","BTC-USDT","Bybit Perpetual","long","99728.0","99595.8","0.07876721164920286","8.63509896772786","7855.296483351703","-19.04812434775225","-0.2424876564254744","72000.0","1733565600000.0","1733637600000.0"
"04666282-d092-49bb-ba16-c4a6b129f12b","TradeIQ220320Strategy","BTC-USDT","Bybit Perpetual","long","101200.0","99600.3","0.07744269530851124","8.552784047916708","7837.200765221337","-132.4378637329419","-1.6898618231225269","7200.0","1733702400000.0","1733709600000.0"
"b33652e9-f35d-4a5d-bd47-a4a8f25f4253","TradeIQ220320Strategy","BTC-USDT","Bybit Perpetual","short","94505.4","96870.6","0.08159729279676128","8.588669928450143","7711.384794675043","-201.5825868513509","-2.6140906233929617","14400.0","1733853600000.0","1733868000000.0"
"ab6718c5-783c-4a02-bf3b-ddbedef1dbc0","TradeIQ220320Strategy","BTC-USDT","Bybit Perpetual","short","95755.5","97406.8","0.0785321087265615","8.343193510009979","7519.881337166259","-138.0232646501812","-1.8354447159693206","7200.0","1733882400000.0","1733889600000.0"
"62f73408-65d7-4f10-b925-d6aa081f3041","TradeIQ220320Strategy","BTC-USDT","Bybit Perpetual","long","97507.5","97337.9","0.07577631706021164","8.120566744468068","7388.759235748586","-20.9722301178804","-0.28383967387124664","7200.0","1733896800000.0","1733904000000.0"
"163e6784-45a4-44f2-b082-8d64ee2c0a30","TradeIQ220320Strategy","BTC-USDT","Bybit Perpetual","long","98001.7","100339.8","0.07519089584299661","8.202411287314042","7368.8356171366","167.60142228319677","2.2744627644214397","93600.0","1733911200000.0","1734004800000.0"
"635ccec3-d495-4bd3-a85a-5db9472d5486","TradeIQ220320Strategy","BTC-USDT","Bybit Perpetual","long","101775.1","99455.1","0.0739675713244756","8.18648004412617","7528.0569683056365","-179.79124551690956","-2.388282212446856","14400.0","1734019200000.0","1734033600000.0"
"8d3f6498-391f-4c9f-9856-90d3187184b8","TradeIQ220320Strategy","BTC-USDT","Bybit Perpetual","long","101704.1","101293.0","0.0723398101459486","8.07662442079798","7357.255285064572","-37.815520371797874","-0.5139895097641156","93600.0","1734112800000.0","1734206400000.0"
"ac609618-a6c1-49a3-942b-f6e640cee0db","TradeIQ220320Strategy","BTC-USDT","Bybit Perpetual","long","102117.5","105516.8","0.07169516038594133","8.187505942067462","7321.330540711364","235.52585275786308","3.216981550664678","72000.0","1734242400000.0","1734314400000.0"
"f192c795-44b2-4247-a121-2a3532a4f8bc","TradeIQ220320Strategy","BTC-USDT","Bybit Perpetual","long","105516.8","103717.8","0.07150596019620889","8.22883653859833","7545.080100831335","-136.86805893157813","-1.8140040543306848","36000.0","1734314400000.0","1734350400000.0"
"7fa3fdd2-fb67-4f2e-9c06-848ae3230ec4","TradeIQ220320Strategy","BTC-USDT","Bybit Perpetual","long","107026.9","106074.6","0.06928216593068037","8.120273415692285","7415.0554448463345","-74.09768003147839","-0.9992869316031655","108000.0","1734372000000.0","1734480000000.0"
"45758e88-2894-4883-bb41-418219321e16","TradeIQ220320Strategy","BTC-USDT","Bybit Perpetual","short","100181.1","101163.3","0.07331385509658439","8.118733791359801","7344.662648816431","-80.12760226722477","-1.0909636847668842","14400.0","1734566400000.0","1734580800000.0"
"7ea1a2d1-d91f-44e2-9669-797d3c278c93","TradeIQ220320Strategy","BTC-USDT","Bybit Perpetual","short","98815.9","92715.1","0.07355639554628929","7.748581497456985","7268.541426662568","441.00427645134386","6.067300859477057","64800.0","1734631200000.0","1734696000000.0"
"33544e26-cc7f-4740-ac09-eda21287d2ef","TradeIQ220320Strategy","BTC-USDT","Bybit Perpetual","short","92715.1","97170.1","0.08291524777831598","8.6594081240893","7687.495489291345","-378.046836976487","-4.917685317709844","21600.0","1734696000000.0","1734717600000.0"
"0462a25d-27f5-4c18-bc50-a5846f1bd433","TradeIQ220320Strategy","BTC-USDT","Bybit Perpetual","short","96864.0","95572.8","0.07565608475970104","8.007458168427101","7328.350994163681","89.67967847329865","1.2237361248761118","115200.0","1734818400000.0","1734933600000.0"
"edc453a6-3697-454a-acfb-1783ec064f16","TradeIQ220320Strategy","BTC-USDT","Bybit Perpetual","short","93217.6","96069.1","0.07952947392674038","8.279629419780802","7413.546688713314","-235.05792432188102","-3.1706541307650062","79200.0","1734969600000.0","1735048800000.0"
"fa07075a-8737-43db-b141-80b00580de34","TradeIQ220320Strategy","BTC-USDT","Bybit Perpetual","long","98742.7","97558.5","0.07281795677662782","7.861838763240096","7190.241660607528","-94.09286317812256","-1.308618925753496","7200.0","1735063200000.0","1735070400000.0"
"96786b9a-3cb6-4046-b55a-0677bb8be00b","TradeIQ220320Strategy","BTC-USDT","Bybit Perpetual","long","98627.2","97956.0","0.07199690795833513","7.784360406105243","7100.85344058831","-56.108685027739575","-0.7901681888971777","7200.0","1735084800000.0","1735092000000.0"
"214a2512-0993-41b6-b998-d056a9e80888","TradeIQ220320Strategy","BTC-USDT","Bybit Perpetual","long","98533.4","98473.8","0.07152447992063563","7.749960636341356","7047.550189811958","-12.012819639610615","-0.17045383595815355","14400.0","1735149600000.0","1735164000000.0"
"1da638a4-8d75-4737-9dff-886f5d1ec78c","TradeIQ220320Strategy","BTC-USDT","Bybit Perpetual","long","99379.7","98322.7","0.0708005559601642","7.698591909062321","7036.138011154329","-82.53477955895588","-1.1730125166407224","21600.0","1735171200000.0","1735192800000.0"
"d24835d6-f1f1-4a5b-bddd-98d36d7ad68a","TradeIQ220320Strategy","BTC-USDT","Bybit Perpetual","short","97669.6","96743.6","0.07123741645889121","7.617221751428142","6957.729970573322","58.34862588950512","0.8386158436197136","93600.0","1735200000000.0","1735293600000.0"
"667c67b8-7be2-4761-b7ef-622f545da442","TradeIQ220320Strategy","BTC-USDT","Bybit Perpetual","short","94539.9","95259.1","0.07418202436398126","7.743820723242604","7013.1611651683515","-61.09553264581879","-0.8711554063416735","115200.0","1735315200000.0","1735430400000.0"
"f4d36bdf-a6a1-4ffc-a854-e88a7a678af1","TradeIQ220320Strategy","BTC-USDT","Bybit Perpetual","short","93902.2","94400.0","0.07406770458152018","7.670911446907681","6955.120409154823","-44.54181478758864","-0.6404175940499828","93600.0","1735495200000.0","1735588800000.0"
"7b2c71e2-59bc-4b1c-8223-9bb3007b3881","TradeIQ220320Strategy","BTC-USDT","Bybit Perpetual","short","93548.9","93995.2","0.07389510389867347","7.622224915295764","6912.805685106614","-40.60160978527395","-0.5873390868305272","50400.0","1735689600000.0","1735740000000.0"
"20a9ea7c-011c-4614-9a94-b4c73978876e","TradeIQ220320Strategy","BTC-USDT","Bybit Perpetual","long","96722.0","96727.3","0.07107208448760988","7.561864746517944","6874.234155810603","-7.185182698733405","-0.10452339178263176","72000.0","1735812000000.0","1735884000000.0"
"d1f11ed4-b31a-4b40-92ff-f55179f0cc77","TradeIQ220320Strategy","BTC-USDT","Bybit Perpetual","long","97479.5","97620.0","0.07044976874365182","7.559593061351154","6867.4082322468075","2.3385994471319256","0.03405359588426283","151200.0","1735920000000.0","1736071200000.0"
"7e53c17b-a194-4ec5-a24c-9128a12c9882","TradeIQ220320Strategy","BTC-USDT","Bybit Perpetual","long","98475.4","102104.5","0.06975985780937759","7.695833916880547","6869.6299017215815","245.46966605913204","3.5732589611212604","64800.0","1736114400000.0","1736179200000.0"
"20fbf904-bf28-4257-bf93-4a0d1ed96dff","TradeIQ220320Strategy","BTC-USDT","Bybit Perpetual","long","102104.5","100787.0","0.06956428056038429","7.7627006761244655","7102.826084477758","-99.41364031443076","-1.3996350062925729","72000.0","1736179200000.0","1736251200000.0"
"3ca65dbe-b727-460e-af10-cb187aa46ee5","TradeIQ220320Strategy","BTC-USDT","Bybit Perpetual","short","97250.9","95014.1","0.07206496933374444","7.620564230923806","7008.3831261790465","153.57435917479492","2.1912951448264115","108000.0","1736272800000.0","1736380800000.0"
"668eddfa-975f-4821-af13-2b99181d541f","TradeIQ220320Strategy","BTC-USDT","Bybit Perpetual","short","93472.0","93924.9","0.07653927130472335","7.888772193920261","7154.278767395101","-42.55340816782902","-0.5947966182386107","72000.0","1736416800000.0","1736488800000.0"
"27bffb8a-94a7-4ebd-bd45-366e3da67e88","TradeIQ220320Strategy","BTC-USDT","Bybit Perpetual","short","94116.4","94891.5","0.07558568995027079","7.857460890153483","7113.853029635666","-66.44392917060881","-0.9340076171634336","14400.0","1736618400000.0","1736632800000.0"
"50229336-e541-4844-9ab1-cb26b38066a2","TradeIQ220320Strategy","BTC-USDT","Bybit Perpetual","short","94291.3","94621.3","0.07477605353753301","7.769376280333009","7050.731296923587","-32.4454739477189","-0.4601717549763339","21600.0","1736668800000.0","1736690400000.0"
"1970d5ef-cf5d-44f4-8408-ae34893bf5c3","TradeIQ220320Strategy","BTC-USDT","Bybit Perpetual","short","93557.9","90827.5","0.0750327668392862","7.6092206997226866","7019.908096673254","197.2602458782639","2.8100118001793484","14400.0","1736755200000.0","1736769600000.0"
"066b475b-0107-432d-b832-249834ebbb8b","TradeIQ220320Strategy","BTC-USDT","Bybit Perpetual","short","90827.5","94160.7","0.07935157667289758","8.073507934734721","7207.3053302576045","-272.5681833008367","-3.781832055269602","36000.0","1736769600000.0","1736805600000.0"
"4b6eb70a-5b0b-42c6-9221-c5cd63c0454e","TradeIQ220320Strategy","BTC-USDT","Bybit Perpetual","long","97130.0","96725.4","0.07153676059015555","7.627283036399863","6948.365556121809","-36.57105637117722","-0.5263260269741643","93600.0","1736848800000.0","1736942400000.0"
"68e19cb2-2069-4333-bb7c-0374ba463c20","TradeIQ220320Strategy","BTC-USDT","Bybit Perpetual","long","98916.1","99106.1","0.06989380952715675","7.612289260921697","6913.62305256919","5.667534549238086","0.08197633145665872","72000.0","1736949600000.0","1737021600000.0"
"994ab56a-d33a-4914-91c3-f3d18ec63745","TradeIQ220320Strategy","BTC-USDT","Bybit Perpetual","long","100101.2","103946.2","0.06912012253989928","7.757079710571315","6919.007210390966","258.00979145534143","3.7290001818160023","64800.0","1737064800000.0","1737129600000.0"
"bb595dfb-5a44-4918-8714-f92f6c201477","TradeIQ220320Strategy","BTC-USDT","Bybit Perpetual","long","103946.2","103531.1","0.06892138925976651","7.864793065725946","7164.116512273542","-36.47406174745442","-0.5091215599992989","43200.0","1737129600000.0","1737172800000.0"
"3820e3af-35a1-46a2-ac74-72d2c4284c86","TradeIQ220320Strategy","BTC-USDT","Bybit Perpetual","long","104517.1","103687.4","0.0682133943021138","7.81128460968595","7129.466153613459","-64.40793786215058","-0.9034047777827856","108000.0","1737216000000.0","1737324000000.0"
"0e80beaf-9562-4798-8897-40c335a0242d","TradeIQ220320Strategy","BTC-USDT","Bybit Perpetual","long","107178.8","102941.4","0.06594847686897423","7.621408932172332","7068.278612644415","-287.0714848167643","-4.061405903033071","36000.0","1737360000000.0","1737396000000.0"
"7c73d0c8-078e-4059-8465-54a9bcaafa5a","TradeIQ220320Strategy","BTC-USDT","Bybit Perpetual","long","106989.9","104051.7","0.06351590853032381","7.372474428931252","6795.560702068491","-193.99491687272848","-2.854730100691745","64800.0","1737489600000.0","1737554400000.0"
"9fdca4e2-e8f1-4976-8460-b661108040ce","TradeIQ220320Strategy","BTC-USDT","Bybit Perpetual","long","104600.0","104034.0","0.0632052154019063","7.252716300588725","6611.265531039398","-43.02686821806768","-0.6508113766730401","7200.0","1737576000000.0","1737583200000.0"
"f1d3101e-9d98-4283-844f-3efd786bc1f5","TradeIQ220320Strategy","BTC-USDT","Bybit Perpetual","long","105899.5","103713.7","0.06204363577006723","7.152840768369041","6570.390006232235","-142.76781983458216","-2.17289719026058","7200.0","1737655200000.0","1737662400000.0"
"1aebd361-01fa-45bd-a9ee-81acd8148903","TradeIQ220320Strategy","BTC-USDT","Bybit Perpetual","long","105180.0","104315.7","0.06117855654486957","7.049154490596367","6434.760577389381","-59.92578091232731","-0.9312822162008014","86400.0","1737698400000.0","1737784800000.0"
"d8276705-40a4-41d4-9c5f-1b55a7a290f8","TradeIQ220320Strategy","BTC-USDT","Bybit Perpetual","long","104658.6","104572.4","0.060939388502451494","7.012725057666037","6377.83108552267","-12.265700346578065","-0.1923177359529094","43200.0","1737813600000.0","1737856800000.0"
"154a3990-6629-43cf-9b0b-ffc236116072","TradeIQ220320Strategy","BTC-USDT","Bybit Perpetual","short","101244.1","101070.8","0.06287950280750602","6.996803177402666","6366.178670193421","3.900214659138311","0.061264611962576494","50400.0","1737943200000.0","1737993600000.0"
"a982ec3f-2c13-40ee-8fa8-a2845fcb2b78","TradeIQ220320Strategy","BTC-USDT","Bybit Perpetual","long","102582.7","100298.7","0.06209510837713964","6.9288683863882","6369.883874119602","-148.75409591977512","-2.335271707607618","64800.0","1738036800000.0","1738101600000.0"
"45e0cc78-347d-4468-ab0f-09aac1465a8c","TradeIQ220320Strategy","BTC-USDT","Bybit Perpetual","short","100298.7","101994.0","0.062100181587556126","6.909327372110358","6228.567482995815","-112.18776521749443","-1.8011808577778203","21600.0","1738101600000.0","1738123200000.0"
"df50b7f6-9eed-4b0c-a32a-ec2c18a67d8b","TradeIQ220320Strategy","BTC-USDT","Bybit Perpetual","short","101788.7","101934.2","0.06014409365714657","6.739001047738028","6121.989106039195","-15.489966674852855","-0.253021794167722","7200.0","1738159200000.0","1738166400000.0"
"95993d00-4e4e-4967-9926-a4ec242ece4f","TradeIQ220320Strategy","BTC-USDT","Bybit Perpetual","long","103550.5","104286.7","0.05897869771462315","6.741882065959521","6107.273637698085","36.678235191545866","0.6005664289404657","115200.0","1738180800000.0","1738296000000.0"
"d061d3d9-1ce4-4680-bac7-71fa9651e006","TradeIQ220320Strategy","BTC-USDT","Bybit Perpetual","short","102275.8","102521.2","0.06005446020593389","6.764435307737054","6142.117961130054","-21.50179984227288","-0.3500714245207509","21600.0","1738353600000.0","1738375200000.0"
"868bc71b-c4af-40c8-9810-94ba3d8af65e","TradeIQ220320Strategy","BTC-USDT","Bybit Perpetual","short","102203.9","99160.8","0.05989684592544799","6.633610725898231","6121.691251279894","175.63848110983204","2.869116946613575","86400.0","1738382400000.0","1738468800000.0"
"9daa4976-4c03-44ec-9e59-2bf223b3f2d7","TradeIQ220320Strategy","BTC-USDT","Bybit Perpetual","short","99160.8","93408.4","0.06341767924758811","6.7167604672105545","6288.547808334235","358.0870976366158","5.694273281377327","79200.0","1738468800000.0","1738548000000.0"
"510f8bda-a131-4b40-9ac8-85c9a4a8a0fa","TradeIQ220320Strategy","BTC-USDT","Bybit Perpetual","short","93408.4","95227.2","0.07096503688200441","7.3625927711924675","6628.73055108902","-136.43380185218228","-2.0582191537377827","28800.0","1738548000000.0","1738576800000.0"
"f358f03d-11cb-42b8-ba1d-a4944604749f","TradeIQ220320Strategy","BTC-USDT","Bybit Perpetual","long","101831.9","101293.7","0.06382202865044692","7.130138324561571","6499.118439329445","-41.47915414423192","-0.6382273923986463","14400.0","1738612800000.0","1738627200000.0"
"8ebce110-b8a0-4c9b-ad83-a540ae1f31a4","TradeIQ220320Strategy","BTC-USDT","Bybit Perpetual","short","96456.5","98527.4","0.06697022225451292","7.181963315478447","6459.713242892425","-145.87059658234887","-2.2581590095016866","57600.0","1738706400000.0","1738764000000.0"
"c32f36e9-a5d7-47b4-b481-d417edbd206c","TradeIQ220320Strategy","BTC-USDT","Bybit Perpetual","short","97501.5","98164.9","0.06483116850652754","6.9769047422060915","6321.1361761391945","-49.98590192943608","-0.7907740086049898","50400.0","1738778400000.0","1738828800000.0"
"1f0641f4-5b21-461f-90cf-d30913252156","TradeIQ220320Strategy","BTC-USDT","Bybit Perpetual","short","96662.7","97703.8","0.06490248637071208","6.938178014445156","6273.649569306231","-74.50815657499388","-1.1876365702592684","64800.0","1738864800000.0","1738929600000.0"
"7051a547-b9e4-4855-abc6-4754c0e00ea6","TradeIQ220320Strategy","BTC-USDT","Bybit Perpetual","short","95966.1","96934.6","0.06463602064228917","6.8575834949116174","6202.866820559987","-69.45756948696868","-1.1197656099393432","100800.0","1738965600000.0","1739066400000.0"
"13111fea-4425-48bc-a935-020baf633bdf","TradeIQ220320Strategy","BTC-USDT","Bybit Perpetual","short","96511.2","96770.0","0.06358725339180704","6.759621352149894","6136.882129547367","-23.21600252994974","-0.3783028912706535","57600.0","1739102400000.0","1739160000000.0"
"48f44d83-86a2-41fa-b598-241829d1574c","TradeIQ220320Strategy","BTC-USDT","Bybit Perpetual","short","96730.8","94918.0","0.06321489047070751","6.663281845463391","6114.826927143914","107.93267159983537","1.7650977351577815","86400.0","1739282400000.0","1739368800000.0"
"398beb76-59bc-408b-81e1-87d3ee132b98","TradeIQ220320Strategy","BTC-USDT","Bybit Perpetual","short","96204.9","96429.9","0.06462626087822719","6.847096761463815","6217.362965163758","-21.388005459064935","-0.3440044529956375","43200.0","1739440800000.0","1739484000000.0"
"ad7ccd2c-a7c9-430c-8ac1-302205562a15","TradeIQ220320Strategy","BTC-USDT","Bybit Perpetual","long","98487.8","97898.3","0.06292194931735348","6.796347926957992","6197.044359977646","-43.88883704953787","-0.708222089436458","7200.0","1739556000000.0","1739563200000.0"
"de0e534c-c482-48e9-8a21-01b8ac144e8b","TradeIQ220320Strategy","BTC-USDT","Bybit Perpetual","short","97207.4","96365.0","0.06332182493082406","6.741546693331696","6155.349964780586","46.60075862839412","0.7570773212738888","108000.0","1739692800000.0","1739800800000.0"
"bc6e2d6a-b808-48dd-bf10-43d887825cc0","TradeIQ220320Strategy","BTC-USDT","Bybit Perpetual","short","95605.5","96194.3","0.06484585808847357","6.840582436708688","6199.62068547756","-45.021823679202114","-0.7262028753575923","79200.0","1739808000000.0","1739887200000.0"
"d8b30456-a96e-4a1e-83f7-86a379df67b9","TradeIQ220320Strategy","BTC-USDT","Bybit Perpetual","short","94074.6","95895.0","0.06544646432705871","6.838061257294087","6156.8499529823175","-125.97680491827138","-2.046124331115938","57600.0","1739901600000.0","1739959200000.0"
"f6429bbd-15d2-4c7a-91bc-c01b6454bcfa","TradeIQ220320Strategy","BTC-USDT","Bybit Perpetual","long","97505.8","96870.5","0.061916029490655514","6.6192547976964775","6037.171988309959","-45.954508333110105","-0.7611926316178144","7200.0","1740060000000.0","1740067200000.0"
"dc8dd678-7ddb-4977-88f4-7be73592b5ff","TradeIQ220320Strategy","BTC-USDT","Bybit Perpetual","long","97915.4","98285.2","0.06121115989306589","6.605316463743505","5993.5152053935035","16.03057046471244","0.2674652506143088","57600.0","1740074400000.0","1740132000000.0"
"b4fa361a-1629-418f-b75d-a4c6dc6be3b8","TradeIQ220320Strategy","BTC-USDT","Bybit Perpetual","long","99281.9","98057.6","0.06052205132390679","6.568865240978758","6008.744247334981","-80.66601267683713","-1.3424770527155385","7200.0","1740146400000.0","1740153600000.0"
"14dcb18e-8ff6-40e0-906b-870e5c302899","TradeIQ220320Strategy","BTC-USDT","Bybit Perpetual","short","96929.5","95391.5","0.061200269631969485","6.473553380739503","5932.111535291986","87.65246131322957","1.4775929412614324","165600.0","1740160800000.0","1740326400000.0"
"c8f83e46-fe7b-4592-89d5-60ceabd9f931","TradeIQ220320Strategy","BTC-USDT","Bybit Perpetual","short","95391.5","96218.4","0.06305993063888873","6.6455988520484235","6015.381373539554","-58.78985549734515","-0.9773254902166276","28800.0","1740326400000.0","1740355200000.0"
"79a346fd-1d73-42c5-afe6-0abac40c8a73","TradeIQ220320Strategy","BTC-USDT","Bybit Perpetual","short","94295.9","91514.5","0.06320031953475258","6.458802159084105","5959.531010817075","169.32656659487634","2.841273353348337","28800.0","1740412800000.0","1740441600000.0"
"3f79ade6-e01c-4bfb-a4f5-b7a3b622b81b","TradeIQ220320Strategy","BTC-USDT","Bybit Perpetual","short","91514.5","87206.9","0.06687892354853282","6.573982165897715","6120.391249082207","281.5136689117627","4.599602500150256","57600.0","1740441600000.0","1740499200000.0"
"fa71081b-08db-4f60-b16f-3385882627e5","TradeIQ220320Strategy","BTC-USDT","Bybit Perpetual","short","87206.9","88639.1","0.07324912632542131","7.08431122730102","6387.829234548383","-111.99170995057027","-1.7532045056067944","28800.0","1740499200000.0","1740528000000.0"
"b82a0792-cbd6-4b43-9bce-6eaabcb50300","TradeIQ220320Strategy","BTC-USDT","Bybit Perpetual","short","87536.4","86655.3","0.07175800135823888","6.874806534856667","6281.437110095342","56.351168461886985","0.8971063066335734","72000.0","1740585600000.0","1740657600000.0"
"caca119b-6317-4380-b18c-2e6bb5a9f566","TradeIQ220320Strategy","BTC-USDT","Bybit Perpetual","short","84379.9","79159.9","0.07507677444668855","6.7529223727111045","6334.970720134134","385.1478402390031","6.079709871663749","36000.0","1740693600000.0","1740729600000.0"
"af26e16e-77b2-4fe3-9def-b56373da36f1","TradeIQ220320Strategy","BTC-USDT","Bybit Perpetual","short","79159.9","83948.1","0.08464969218456805","7.593873096062289","6700.861168361188","-412.913529214212","-6.162096465508435","28800.0","1740729600000.0","1740758400000.0"
"5dc67391-ab40-4711-8689-d29dea5897d0","TradeIQ220320Strategy","BTC-USDT","Bybit Perpetual","long","94039.9","90009.5","0.06708421973659784","6.790745715593944","6308.593315607687","-277.1669849419775","-4.393483159807692","79200.0","1740938400000.0","1741017600000.0"
"44826ffa-c6ef-4c3f-a5d7-c729d8d62f05","TradeIQ220320Strategy","BTC-USDT","Bybit Perpetual","short","85552.0","88165.3","0.0706621081904901","6.751376855937904","6045.284679912809","-191.41266419014588","-3.166313487703388","86400.0","1741032000000.0","1741118400000.0"
"30c426a0-1e78-4a70-87f4-3e6820c45f9e","TradeIQ220320Strategy","BTC-USDT","Bybit Perpetual","long","90566.1","89539.0","0.06474213473840841","6.413213758200987","5863.44264893217","-72.90986034802064","-1.2434650548052812","50400.0","1741219200000.0","1741269600000.0"
"010b5923-7e3a-496a-ba84-35d04ff904ae","TradeIQ220320Strategy","BTC-USDT","Bybit Perpetual","short","88585.0","89824.9","0.06540811967716376","6.41820084993495","5794.178281601551","-87.51772843764991","-1.510442450753507","14400.0","1741284000000.0","1741298400000.0"
"6b549cc2-73c5-4edf-b081-63abb2a83e16","TradeIQ220320Strategy","BTC-USDT","Bybit Perpetual","short","88210.0","89104.8","0.06474363949195991","6.314003018283936","5711.036439585783","-64.24661163568986","-1.12495537920871","43200.0","1741312800000.0","1741356000000.0"
"f3665871-53fc-4f21-bc37-db87827903d8","TradeIQ220320Strategy","BTC-USDT","Bybit Perpetual","short","86066.8","82324.3","0.06564670881840474","6.079876830120982","5650.002158531877","239.6029309227588","4.240758219197182","144000.0","1741399200000.0","1741543200000.0"
"fdc97a9a-c543-40a4-b8d1-e7b53d6d9bdc","TradeIQ220320Strategy","BTC-USDT","Bybit Perpetual","short","82324.3","82461.8","0.0713959905265942","6.470786758982923","5877.624942908499","-16.287735456389626","-0.2771142360153685","57600.0","1741543200000.0","1741600800000.0"
"a7630672-4bb0-48bc-9e82-25c23afd2ac1","TradeIQ220320Strategy","BTC-USDT","Bybit Perpetual","short","80009.7","81419.9","0.07326801118145586","6.50519415579987","5862.151594224929","-109.82774352388871","-1.873505687435395","64800.0","1741622400000.0","1741687200000.0"
"928226f8-efc2-41fb-88df-de8fe36109db","TradeIQ220320Strategy","BTC-USDT","Bybit Perpetual","short","81688.1","82877.3","0.07048536124450482","6.379698417040538","5757.815237877234","-90.20089000900546","-1.566581876674812","14400.0","1741795200000.0","1741809600000.0"
"5b99e0bb-b29e-46c6-912b-675490c961e1","TradeIQ220320Strategy","BTC-USDT","Bybit Perpetual","short","81016.0","82112.7","0.07001239745690578","6.281567259565591","5672.124392368679","-83.06416355055396","-1.4644277488397317","50400.0","1741881600000.0","1741932000000.0"
"d0cd2cf7-b67f-4f13-bb16-94d7ab3fdf0c","TradeIQ220320Strategy","BTC-USDT","Bybit Perpetual","short","82367.9","83869.7","0.06790525723000893","6.208623844114633","5593.213436995652","-108.18873915214223","-1.9342859050673904","21600.0","1742126400000.0","1742148000000.0"
"be380aed-a15d-43ab-9092-33b5ee56b595","TradeIQ220320Strategy","BTC-USDT","Bybit Perpetual","short","82541.6","83641.0","0.06651717600338639","6.079698489095198","5490.4341348011185","-79.2086817872178","-1.4426670066972216","14400.0","1742169600000.0","1742184000000.0"
"ee8e2d2c-3501-4a00-b9cc-6309c3206b3a","TradeIQ220320Strategy","BTC-USDT","Bybit Perpetual","short","82971.4","83499.0","0.06526569260134528","5.9756432744926435","5415.185887103259","-40.4098226909628","-0.7462314966361975","7200.0","1742220000000.0","1742227200000.0"
"6e33210e-4c45-4c4c-8a7a-b637fd21e7d8","TradeIQ220320Strategy","BTC-USDT","Bybit Perpetual","short","83124.8","83008.4","0.06468342246293338","5.910335178395453","5376.7965555468445","1.6188151962905568","0.03010742882991443","72000.0","1742284800000.0","1742356800000.0"
"262fd87e-baf5-4859-83df-03b756fa07e5","TradeIQ220320Strategy","BTC-USDT","Bybit Perpetual","long","85382.5","85462.2","0.06299106292253472","5.918929086224862","5378.334429983321","-0.8985413712990287","-0.016706684625072958","57600.0","1742414400000.0","1742472000000.0"
"203f8b85-16ed-4223-8a98-205ac2655240","TradeIQ220320Strategy","BTC-USDT","Bybit Perpetual","short","84058.3","84733.5","0.06397322829132383","5.938985995306911","5377.480815680587","-49.133709737608584","-0.9136938172672979","28800.0","1742493600000.0","1742522400000.0"
"a5e61629-fec7-4243-aa01-cec6881195ce","TradeIQ220320Strategy","BTC-USDT","Bybit Perpetual","short","83889.6","84356.3","0.06354546679719367","5.880195338717682","5330.803791429858","-35.53686469296778","-0.6666323894737811","50400.0","1742544000000.0","1742594400000.0"
"7ac241e6-1844-4dae-a618-41fc7b401b99","TradeIQ220320Strategy","BTC-USDT","Bybit Perpetual","short","84024.2","84281.0","0.06304188281437419","5.835652182497396","5297.043769971539","-22.024807689228872","-0.41579433068092636","14400.0","1742608800000.0","1742623200000.0"
"467d4361-1a6f-4423-a916-e781b3cd4155","TradeIQ220320Strategy","BTC-USDT","Bybit Perpetual","long","85036.7","86860.3","0.0620452134509779","5.865962331120512","5276.1202026667725","107.27968891808315","2.033306384184718","57600.0","1742738400000.0","1742796000000.0"
"9cc7ba4b-b3a4-4af7-82c7-6b6d6e63652e","TradeIQ220320Strategy","BTC-USDT","Bybit Perpetual","long","86860.3","87463.4","0.06191592600001325","5.936377320086681","5378.035907138951","31.40511765052077","0.5839514312061911","64800.0","1742796000000.0","1742860800000.0"
"f0234340-39c7-4fa5-9423-3bc31b1f8fd5","TradeIQ220320Strategy","BTC-USDT","Bybit Perpetual","long","87547.0","87120.6","0.06177105747663479","5.934171297398221","5407.870768906946","-32.27335020543494","-0.5967847898842842","50400.0","1742911200000.0","1742961600000.0"
"18d5edd0-72c6-4234-89b2-0a68157d585d","TradeIQ220320Strategy","BTC-USDT","Bybit Perpetual","long","87334.8","86900.7","0.061570085306335884","5.900232029115648","5377.211086211783","-32.62780606059641","-0.6067793422553276","36000.0","1743040800000.0","1743076800000.0"
"e916a897-1b0a-4493-9f2c-f3344f204ae7","TradeIQ220320Strategy","BTC-USDT","Bybit Perpetual","long","87522.2","86746.8","0.06108409832538735","5.854785602086811","5346.2146704542165","-53.219395443591814","-0.9954593805914321","21600.0","1743112800000.0","1743134400000.0"
"4a17600a-b10c-4252-a6fd-a10e6f15d9e2","TradeIQ220320Strategy","BTC-USDT","Bybit Perpetual","short","85175.1","82255.1","0.06217376022784598","5.725370810335164","5295.656244782805","175.8220090549751","3.3201174873877455","100800.0","1743148800000.0","1743249600000.0"
"c5ccc43d-4c77-46ee-8f47-dbfb42cc2870","TradeIQ220320Strategy","BTC-USDT","Bybit Perpetual","short","82255.1","82891.6","0.06641153136261496","6.032204885565301","5462.68715338503","-48.303144597869725","-0.8842377980210345","50400.0","1743249600000.0","1743300000000.0"
"6d4a8e27-87a7-4fa7-a3cd-bcb787884ccd","TradeIQ220320Strategy","BTC-USDT","Bybit Perpetual","short","82381.4","82462.1","0.06575269619133754","5.961397516039213","5416.799166017055","-11.267640098680918","-0.20801288276238525","72000.0","1743357600000.0","1743429600000.0"
"aac91744-57ee-4bf1-9122-d4ba75fc939c","TradeIQ220320Strategy","BTC-USDT","Bybit Perpetual","long","85245.4","85068.3","0.0634180249951705","5.940527165990984","5406.094907923308","-17.171859392635128","-0.31763888139417645","7200.0","1743523200000.0","1743530400000.0"
"d8cd4ef1-c425-4d47-83a3-cd73fd9d30e8","TradeIQ220320Strategy","BTC-USDT","Bybit Perpetual","long","85120.9","84509.5","0.06331913362641024","5.907467480585781","5389.7816415003035","-44.62078577977263","-0.8278774308072332","14400.0","1743552000000.0","1743566400000.0"
"c140b8ea-8876-47a4-ae38-cdfdc39f2216","TradeIQ220320Strategy","BTC-USDT","Bybit Perpetual","long","84982.0","84528.4","0.06292381792626109","5.866432850414228","5347.391895009519","-34.40867666176662","-0.643466522322381","7200.0","1743588000000.0","1743595200000.0"
"3f8d676d-99f8-4612-8fd1-9d164cb0726d","TradeIQ220320Strategy","BTC-USDT","Bybit Perpetual","long","85184.0","82485.1","0.06239086744201776","5.75356132572233","5314.70365218084","-174.1402734649837","-3.276575419092781","36000.0","1743602400000.0","1743638400000.0"
"35c24c12-d8b8-40f3-8275-949728afc525","TradeIQ220320Strategy","BTC-USDT","Bybit Perpetual","short","82485.1","83968.2","0.06242667333117262","5.715119181197622","5149.270392389107","-98.3001183986592","-1.9090106152505015","115200.0","1743638400000.0","1743753600000.0"
"5b93f949-3e68-4b07-9c58-194d969e19ed","TradeIQ220320Strategy","BTC-USDT","Bybit Perpetual","long","84532.3","82633.7","0.059810099570346255","5.499018307627076","5055.885279910381","-119.05447335188683","-2.354770070138877","7200.0","1743760800000.0","1743768000000.0"
"be124eff-9cb8-4a24-b14e-64e78eb88121","TradeIQ220320Strategy","BTC-USDT","Bybit Perpetual","long","84433.9","83971.9","0.058540272689359234","5.422186799958331","4942.783530226088","-32.467792782442295","-0.6568726423865295","7200.0","1743789600000.0","1743796800000.0"
"b14fd6d2-ee2d-4f08-85f2-15f7fa5131f0","TradeIQ220320Strategy","BTC-USDT","Bybit Perpetual","short","82256.2","79572.6","0.05971512332301721","5.314994712068739","4911.939127082768","154.93651023757974","3.154284005339405","21600.0","1743948000000.0","1743969600000.0"
"a1311a0d-a3da-4698-9e9b-d444f2d56451","TradeIQ220320Strategy","BTC-USDT","Bybit Perpetual","short","79572.6","75084.1","0.06357877977857289","5.408086348819449","5059.128811808469","279.96526668730496","5.533863182804131","43200.0","1743969600000.0","1744012800000.0"
"3c1f8975-d400-4ee4-8430-4e5daf5041cb","TradeIQ220320Strategy","BTC-USDT","Bybit Perpetual","short","75084.1","78444.6","0.07092175061246533","5.988688295290805","5325.095815161409","-244.32123122848057","-4.588109579791194","28800.0","1744012800000.0","1744041600000.0"
"1ba07f84-4ebe-4ec7-bc1c-92f68a8b44cf","TradeIQ220320Strategy","BTC-USDT","Bybit Perpetual","short","76297.9","82161.9","0.06675138693849178","5.81757628319781","5092.990645494351","-397.2477092905136","-7.799890809576675","64800.0","1744156800000.0","1744221600000.0"
"c8731b45-8b37-48d3-9dab-6365f5d29190","TradeIQ220320Strategy","BTC-USDT","Bybit Perpetual","long","82291.4","82207.9","0.057303744032406366","5.184534179390514","4715.605321668365","-9.969396806096446","-0.21141287546450788","21600.0","1744228800000.0","1744250400000.0"
"658e27f0-a90d-4a97-9884-8ed57f052247","TradeIQ220320Strategy","BTC-USDT","Bybit Perpetual","short","78731.7","80405.9","0.059774327173204356","5.231788632377189","4706.134394702573","-105.30596718575575","-2.2376319576485675","36000.0","1744300800000.0","1744336800000.0"
"573235cf-86af-4d0b-a60c-c133ca09969e","TradeIQ220320Strategy","BTC-USDT","Bybit Perpetual","long","82388.0","85317.1","0.055907337547653854","5.156770098789675","4606.093725876106","158.60141231204355","3.4432953767539027","129600.0","1744365600000.0","1744495200000.0"
"7049513a-913d-406e-ba98-d70b36911742","TradeIQ220320Strategy","BTC-USDT","Bybit Perpetual","long","85317.1","85388.8","0.055753946952868144","5.234640231227888","4756.765067572547","-1.2370822347074046","-0.026006796996150734","21600.0","1744495200000.0","1744516800000.0"
"1bf0bdbc-cbf6-49d2-8344-ecde1ac2038a","TradeIQ220320Strategy","BTC-USDT","Bybit Perpetual","long","84200.7","84054.4","0.05647921976241972","5.2266042229763485","4755.589839449574","-13.489514074218517","-0.2836559612924867","50400.0","1744596000000.0","1744646400000.0"
"2d3ac370-0dd8-4dd6-bc70-4af79da14064","TradeIQ220320Strategy","BTC-USDT","Bybit Perpetual","long","84872.6","84871.9","0.05588110651822928","5.2170307669609635","4742.7748010790665","-5.256147541524374","-0.1108243119687763","72000.0","1744660800000.0","1744732800000.0"
"133ca460-4148-4339-bc16-443bc070d927","TradeIQ220320Strategy","BTC-USDT","Bybit Perpetual","long","84810.7","83237.5","0.0558630156444248","5.163223574089585","4737.781460914618","-93.04691978589852","-1.9639343974286232","7200.0","1744819200000.0","1744826400000.0"
"7da434c4-b16e-4d7d-84ec-ef7c3210c67b","TradeIQ220320Strategy","BTC-USDT","Bybit Perpetual","long","84516.9","83990.0","0.055011327759513354","5.098383568101747","4649.386887118014","-34.08385216458901","-0.7330827266499294","7200.0","1744840800000.0","1744848000000.0"
"76514f88-7019-45de-8e9f-f5f9d23a7c40","TradeIQ220320Strategy","BTC-USDT","Bybit Perpetual","long","84352.3","84495.5","0.05473481135145876","5.083018864059861","4617.007227561655","2.755006121468874","0.05967082106830174","36000.0","1744869600000.0","1744905600000.0"
"533199a4-201c-40bd-b988-40481dfe32ff","TradeIQ220320Strategy","BTC-USDT","Bybit Perpetual","long","84797.5","84514.2","0.0544783098956579","5.0730983938583645","4619.624483377051","-20.506803587298407","-0.4439062885108676","50400.0","1744920000000.0","1744970400000.0"
"916bcb74-fbb0-4a1a-928e-f23d3257a027","TradeIQ220320Strategy","BTC-USDT","Bybit Perpetual","long","84529.1","84421.0","0.05442082099500784","5.056921732053771","4600.143019969118","-10.939812481614435","-0.2378146165048555","14400.0","1745006400000.0","1745020800000.0"
"2372e3d8-382e-4728-a596-2c3591f4a287","TradeIQ220320Strategy","BTC-USDT","Bybit Perpetual","long","84845.3","84736.5","0.054095514991538515","5.045488142305647","4589.750198111583","-10.931080173385194","-0.23816285639864893","100800.0","1745035200000.0","1745136000000.0"
"45623b69-fd30-43d4-8453-de122b80f58a","TradeIQ220320Strategy","BTC-USDT","Bybit Perpetual","long","84967.9","87248.9","0.053895243638443065","5.104916517048162","4579.365671946866","117.83013422224046","2.573066722844745","14400.0","1745186400000.0","1745200800000.0"
"cd71d364-df3f-4ff9-910c-3b296c7112a2","TradeIQ220320Strategy","BTC-USDT","Bybit Perpetual","long","87248.9","90180.6","0.05376920854541427","5.24713408318472","4691.304299457995","152.3880546094069","3.2483088898542123","129600.0","1745200800000.0","1745330400000.0"
"04a667fd-c4a0-4ad3-a25b-bbed0fedcf01","TradeIQ220320Strategy","BTC-USDT","Bybit Perpetual","long","90180.6","93404.9","0.053626533326867766","5.4147796637438255","4836.0729513369315","167.4932517420753","3.4634144982401853","36000.0","1745330400000.0","1745366400000.0"
"e47c865f-59f2-40ef-835d-24a2b7501c61","TradeIQ220320Strategy","BTC-USDT","Bybit Perpetual","long","93404.9","92992.0","0.053478902503957544","5.482565903176958","4995.191540491904","-27.564004747060718","-0.5518107668869559","50400.0","1745366400000.0","1745416800000.0"
"b884dca7-8816-4412-983b-3024ebcf5ed2","TradeIQ220320Strategy","BTC-USDT","Bybit Perpetual","long","92956.5","94571.0","0.05345517242992362","5.5133731663188765","4969.005735982195","80.79000272179282","1.6258786367817208","129600.0","1745517600000.0","1745647200000.0"
"59536de8-9005-4ad1-b288-394e61c86c9c","TradeIQ220320Strategy","BTC-USDT","Bybit Perpetual","long","94072.1","93869.9","0.05363711704711491","5.544366878637879","5045.756238567898","-16.389791945565136","-0.32482330042596225","14400.0","1745719200000.0","1745733600000.0"
"76dc432b-3ba5-4e22-b4ec-7637f25613c3","TradeIQ220320Strategy","BTC-USDT","Bybit Perpetual","long","94641.6","93915.39999999998","0.053149840410766626","5.511975952083108","5030.185936219611","-44.10939005838322","-0.8768938289293778","21600.0","1745827200000.0","1745848800000.0"
"612400df-c49f-493e-94ee-c89ff5d13a57","TradeIQ220320Strategy","BTC-USDT","Bybit Perpetual","long","94804.6","94238.3","0.052616455484904186","5.470722032922957","4988.282015664147","-35.26742077402435","-0.7070053510061779","14400.0","1745892000000.0","1745906400000.0"
"c2495990-fb1c-4ecf-b92c-e7a8e28c4adf","TradeIQ220320Strategy","BTC-USDT","Bybit Perpetual","long","94939.9","94200.1","0.05218857367586046","5.429020753778737","4954.777965928824","-44.0381275591797","-0.8888012310946066","50400.0","1745920800000.0","1745971200000.0"
"fc70fd19-f14d-44c8-93cd-94abb67f2c72","TradeIQ220320Strategy","BTC-USDT","Bybit Perpetual","long","94737.5","97054.9","0.05185846939963165","5.470333168565053","4912.9417447476035","114.70648381814104","2.3347820873466096","86400.0","1746072000000.0","1746158400000.0"
"3d34b160-59a4-43e4-8e8d-890f61ab1317","TradeIQ220320Strategy","BTC-USDT","Bybit Perpetual","long","97054.9","96302.00000000001","0.051743012505034144","5.5026776720490505","5021.912904374838","-44.45999178708821","-0.8853198498993661","14400.0","1746158400000.0","1746172800000.0"
"81204291-1a9a-4a6f-bb83-19bc1f4451a9","TradeIQ220320Strategy","BTC-USDT","Bybit Perpetual","long","97270.1","96457.7","0.05119431266316271","5.45476886061066","4979.675912177104","-47.04502846816449","-0.9447407682319732","36000.0","1746201600000.0","1746237600000.0"
"b2d84675-4585-4fe3-870d-5f32c95625e9","TradeIQ220320Strategy","BTC-USDT","Bybit Perpetual","long","94910.8","97208.6","0.05199601241515557","5.494193489175732","4934.983135132347","113.98224383836889","2.3096784875904564","21600.0","1746561600000.0","1746583200000.0"
"29715ed1-1454-4abf-812a-3a75e26d8536","TradeIQ220320Strategy","BTC-USDT","Bybit Perpetual","long","97208.6","99741.09999999999","0.051880865137228574","5.6198564534846955","5043.266266778798","125.76843450654592","2.493789299506407","115200.0","1746583200000.0","1746698400000.0"
"14ce256e-be08-4e58-8746-75888b7b49fd","TradeIQ220320Strategy","BTC-USDT","Bybit Perpetual","long","99741.1","103228.1","0.05176147324984401","5.778291648988232","5162.746279560017","174.71396557321782","3.3841284485533043","50400.0","1746698400000.0","1746748800000.0"
"08b9ed0e-873f-4077-b513-af354762d2d8","TradeIQ220320Strategy","BTC-USDT","Bybit Perpetual","long","103228.1","102852.9","0.051620872096401794","5.850944518374218","5328.724546854574","-25.219095728944772","-0.4732670174109682","57600.0","1746748800000.0","1746806400000.0"
"7d414569-670e-4d59-901a-fcb2a149c319","TradeIQ220320Strategy","BTC-USDT","Bybit Perpetual","long","103721.7","103705.09999999999","0.051144229278078525","5.834776099689977","5304.766405912077","-6.683770305706378","-0.1259955631271044","187200.0","1746864000000.0","1747051200000.0"
"3855fed6-521b-4f26-9092-736e4a55661f","TradeIQ220320Strategy","BTC-USDT","Bybit Perpetual","long","103685.5","103439.0","0.051100846541914303","5.821330509263902","5298.416824121656","-18.417689181845777","-0.34760740412111624","79200.0","1747137600000.0","1747216800000.0"
"fe8fdba8-ca08-4dbd-a181-145a912b52f6","TradeIQ220320Strategy","BTC-USDT","Bybit Perpetual","long","103211.2","103412.2","0.0511661526985337","5.814668439519615","5280.920019398902","4.469728252885659","0.08463919613375291","115200.0","1747324800000.0","1747440000000.0"
"e2506225-cfca-46e4-838d-d7eb8efd7947","TradeIQ220320Strategy","BTC-USDT","Bybit Perpetual","long","103834.9","104131.3","0.050899709647133515","5.821980558029734","5285.166261239144","9.264693381381084","0.1752961576502782","43200.0","1747562400000.0","1747605600000.0"
"fcf58f49-a85b-4acb-bc35-08e0a7c33105","TradeIQ220320Strategy","BTC-USDT","Bybit Perpetual","long","106407.6","103569.4","0.0497517820151141","5.745701462703188","5293.967719951455","-146.9512091780006","-2.7758236723692775","14400.0","1747612800000.0","1747627200000.0"
"74685796-092b-4b26-8753-45d1dd21c595","TradeIQ220320Strategy","BTC-USDT","Bybit Perpetual","long","105531.6","104395.5","0.048841902058078854","5.63928137164509","5154.364071232355","-61.12856629982876","-1.185957480982005","50400.0","1747699200000.0","1747749600000.0"
"6f663de2-db76-4ef5-ba37-9ced8c9eb085","TradeIQ220320Strategy","BTC-USDT","Bybit Perpetual","long","106153.6","106566.8","0.04800865852168479","5.616831574307908","5096.2919332475185","14.220346126852107","0.2790331934103008","86400.0","1747764000000.0","1747850400000.0"
"fd175dbf-d968-4625-b8c8-5e728ae04971","TradeIQ220320Strategy","BTC-USDT","Bybit Perpetual","long","109609.5","109033.2","0.046618233474908906","5.606005039901456","5109.801262068027","-32.47209299149159","-0.6354864176918997","129600.0","1747872000000.0","1748001600000.0"
"ca81b9ed-3b8a-4f88-8a52-89ffe21fa1b5","TradeIQ220320Strategy","BTC-USDT","Bybit Perpetual","long","108955.9","108354.4","0.046614756738516325","5.571426724200702","5078.9527737261105","-33.61020290241827","-0.6617545860297608","93600.0","1748217600000.0","1748311200000.0"
"083d57bf-c235-46bd-97f8-f1962c4a7c0e","TradeIQ220320Strategy","BTC-USDT","Bybit Perpetual","long","109791.6","108873.70000000001","0.04596911859348815","5.528518109389366","5047.023080968814","-47.72357206635187","-0.9455786371634936","28800.0","1748354400000.0","1748383200000.0"
"af5e3b4c-3d8f-4bb8-a45d-227071f7c99f","TradeIQ220320Strategy","BTC-USDT","Bybit Perpetual","long","108740.0","107569.1","0.04599674165445815","5.472232584614595","5001.685687505779","-59.329817387819375","-1.1861964364539215","7200.0","1748520000000.0","1748527200000.0"
"7079f0fa-bf38-425d-862a-e9546bfb2b34","TradeIQ220320Strategy","BTC-USDT","Bybit Perpetual","short","105699.2","106397.8","0.04678675298381965","5.457831471185059","4945.32236098735","-38.14305710568174","-0.7712956673276674","7200.0","1748548800000.0","1748556000000.0"
"54204756-9842-4fb7-81bb-69acac687c77","TradeIQ220320Strategy","BTC-USDT","Bybit Perpetual","short","105539.89999999998","104060.9","0.046514033618915256","5.3621582617633425","4909.086456736954","63.432097460611644","1.2921364905594808","136800.0","1748563200000.0","1748700000000.0"
"c715c51b-719e-4961-a0ac-2c9c62b4524d","TradeIQ220320Strategy","BTC-USDT","Bybit Perpetual","short","103888.00000000001","104664.0","0.04783369541549106","5.486697065460321","4969.346949324536","-42.605644707880685","-0.8573690897889894","21600.0","1748772000000.0","1748793600000.0"
"d0544765-ad0b-49da-b4f9-3342a51d62a1","TradeIQ220320Strategy","BTC-USDT","Bybit Perpetual","short","104000.0","104886.10000000002","0.047392996027423535","5.4448559591161985","4928.871586852048","-47.43978973901716","-0.9624878413461735","36000.0","1748865600000.0","1748901600000.0"
"a731034d-0e62-4012-a6ea-11e1bda507ec","TradeIQ220320Strategy","BTC-USDT","Bybit Perpetual","long","105814.3","105448.80000000002","0.046154478048807984","5.36290596131022","4883.803786599983","-22.23236768814887","-0.4552264722253849","14400.0","1748908800000.0","1748923200000.0"
"7d4e0ca1-5553-4c25-b701-3f274712699f","TradeIQ220320Strategy","BTC-USDT","Bybit Perpetual","long","106556.1","105312.00000000001","0.04563495695972582","5.317725393551388","4862.68303729624","-62.09217534714588","-1.2769118379895579","21600.0","1748966400000.0","1748988000000.0"
"b7a3590f-3654-44df-962c-f49f9b4e322b","TradeIQ220320Strategy","BTC-USDT","Bybit Perpetual","short","105260.2","105783.39999999998","0.045636389354347155","5.297197345188705","4803.695470716452","-29.174156255382343","-0.6073273468984314","7200.0","1749024000000.0","1749031200000.0"
"b0caafdc-3b2c-44a9-be91-c94b788b5b48","TradeIQ220320Strategy","BTC-USDT","Bybit Perpetual","short","105044.1","104475.3","0.04546642812184443","5.239354307127584","4775.980022273839","20.62195000857766","0.4317846790062487","93600.0","1749038400000.0","1749132000000.0"
"e8d7e074-2771-441e-9204-087441000daa","TradeIQ220320Strategy","BTC-USDT","Bybit Perpetual","short","104490.5","101872.90000000001","0.04589480263547392","5.209054132801948","4795.570874781988","114.92518124581419","2.3964859293428504","14400.0","1749139200000.0","1749153600000.0"
"fa6ac5da-4a05-49f8-bfda-32023b96f97a","TradeIQ220320Strategy","BTC-USDT","Bybit Perpetual","short","101872.9","103593.69999999998","0.04814577573589749","5.440791864649546","4904.749796965511","-88.29004275098139","-1.8000926939352746","50400.0","1749153600000.0","1749204000000.0"
"100cc1c7-6cd3-4c85-a444-5c964c142b8d","TradeIQ220320Strategy","BTC-USDT","Bybit Perpetual","long","105550.5","105093.5","0.045673627849721954","5.291481615627257","4820.874256352077","-26.164329542950192","-0.5427299728565947","72000.0","1749304800000.0","1749376800000.0"
"90fe7bce-28b8-4b4d-9bf7-db8c619900a1","TradeIQ220320Strategy","BTC-USDT","Bybit Perpetual","long","105558.8","105617.0","0.045434564842403234","5.277074318035508","4796.018143286275","-2.632782644207772","-0.05489517690614419","50400.0","1749391200000.0","1749441600000.0"
"d39176f9-faf7-4b14-97c4-332aa07c11f5","TradeIQ220320Strategy","BTC-USDT","Bybit Perpetual","long","106561.99999999999","109935.79999999999","0.04498336179664682","5.356339376067946","4793.516999774278","146.4085266534592","3.054302856552995","43200.0","1749463200000.0","1749506400000.0"
"6cd26eb8-b4d8-4151-b3e6-150347453636","TradeIQ220320Strategy","BTC-USDT","Bybit Perpetual","long","109935.8","109266.9","0.04486805117254855","5.409358878418445","4932.605100095063","-35.42159830773656","-0.7181113750025093","57600.0","1749506400000.0","1749564000000.0"
"8e4faeeb-1b5f-4590-ba44-7b0e5b08df0c","TradeIQ220320Strategy","BTC-USDT","Bybit Perpetual","long","109694.8","108684.5","0.044659861558640095","5.364034117900004","4898.954581702714","-50.483892250594224","-1.0305033739065141","14400.0","1749657600000.0","1749672000000.0"
"a9c40173-fb17-4cc7-8adf-7e79360c8cec","TradeIQ220320Strategy","BTC-USDT","Bybit Perpetual","long","108239.7","106749.6","0.044817150122040704","5.299364253002846","4850.994884064649","-72.08139964985531","-1.4859096200377417","7200.0","1749751200000.0","1749758400000.0"
"bbc4a6d2-3667-4840-aa82-9931f7800b6d","TradeIQ220320Strategy","BTC-USDT","Bybit Perpetual","short","105827.8","106027.3","0.045191505014724735","5.265727947724756","4782.517554397286","-14.28143319816234","-0.2986174757483383","93600.0","1749765600000.0","1749859200000.0"
"854fd59f-8afd-43a1-8f30-baad3fe7d6ad","TradeIQ220320Strategy","BTC-USDT","Bybit Perpetual","short","104744.8","105534.6","0.04552923097718486","5.265622654789116","4768.9501928590325","-41.22460928056985","-0.8644378241211047","7200.0","1750024800000.0","1750032000000.0"
"6c9104e7-e9a5-412e-b0de-2d4d5fa4ba35","TradeIQ220320Strategy","BTC-USDT","Bybit Perpetual","long","106519.9","107133.3","0.04440284692383763","5.217745683913437","4729.786814042492","22.01896061916895","0.465538120107143","72000.0","1750053600000.0","1750125600000.0"
"9659fb3b-4045-4ade-a8cb-95ac5a42e821","TradeIQ220320Strategy","BTC-USDT","Bybit Perpetual","short","106112.2","105360.0","0.04477058082511438","5.207253272300614","4750.704826630702","28.469177624350294","0.5992621866288675","72000.0","1750154400000.0","1750226400000.0"
"680d2fa3-9d96-47da-9038-803cad92e390","TradeIQ220320Strategy","BTC-USDT","Bybit Perpetual","short","104289.70000000001","104607.1","0.04581229541722561","5.263523052322203","4777.750545373834","-19.804345617749345","-0.41451192207858895","108000.0","1750269600000.0","1750377600000.0"
"e7fba134-89ed-4b2c-a3ef-cb7a7c8c2d1a","TradeIQ220320Strategy","BTC-USDT","Bybit Perpetual","long","105763.5","105607.7","0.04499601863626839","5.230974349903727","4758.936417036972","-12.241354053434474","-0.2572287793047724","21600.0","1750406400000.0","1750428000000.0"
"950856c0-3a21-455f-b528-03f15b12b857","TradeIQ220320Strategy","BTC-USDT","Bybit Perpetual","short","104168.5","102207.5","0.0455733463636916","5.1728847110342695","4747.307130686208","84.19644750816495","1.7735622573042713","100800.0","1750435200000.0","1750536000000.0"
"72b40dc9-fe74-4ba1-a385-31acffd41c93","TradeIQ220320Strategy","BTC-USDT","Bybit Perpetual","short","102207.5","100810.0","0.04723032806612983","5.273720720491033","4827.293755818965","60.7306627519254","1.2580685125846927","64800.0","1750536000000.0","1750600800000.0"
"7eb55d72-23a4-425b-8493-e9cf71a038f6","TradeIQ220320Strategy","BTC-USDT","Bybit Perpetual","short","98849.9","101710.9","0.04941823800968231","5.451248742396761","4884.987885433295","-146.83682768809783","-3.0058790550116896","50400.0","1750608000000.0","1750658400000.0"
"1a8fa997-64bc-4d21-9039-03bf2bff3111","TradeIQ220320Strategy","BTC-USDT","Bybit Perpetual","long","105290.9","107279.99999999999","0.0450703042630427","5.269349327257853","4745.492899129602","84.37999288235999","1.7781080843643577","172800.0","1750723200000.0","1750896000000.0"
"cdfde78c-e2f1-4247-9b55-4784f08e3828","TradeIQ220320Strategy","BTC-USDT","Bybit Perpetual","long","107809.3","107272.8","0.0447610168359116","5.295011424561773","4825.6538923678445","-29.309296957028344","-0.6073642580000056","28800.0","1750910400000.0","1750939200000.0"
"9e5eeb79-8dd4-457c-845a-6fee8456489a","TradeIQ220320Strategy","BTC-USDT","Bybit Perpetual","long","106969.6","107069.5","0.04485208938108272","5.280055464335577","4797.810060258666","-0.7993317351656746","-0.016660345556126076","14400.0","1750975200000.0","1750989600000.0"
"c71b2de6-7215-47ec-9e3d-7f8c099bb7bf","TradeIQ220320Strategy","BTC-USDT","Bybit Perpetual","long","107433.0","107485.40000000001","0.04465155673871399","5.278042622486495","4797.05069511026","-2.9383010493774924","-0.06125224093154921","122400.0","1751097600000.0","1751220000000.0"
"ada3a07d-dc95-4ec5-be67-89a3141232c4","TradeIQ220320Strategy","BTC-USDT","Bybit Perpetual","long","108309.8","107562.6","0.044264316886499185","5.255494376357009","4794.259309113349","-38.32979195394907","-0.7994935084359837","28800.0","1751241600000.0","1751270400000.0"
"b4461743-f9b6-474b-99c0-41d055547de5","TradeIQ220320Strategy","BTC-USDT","Bybit Perpetual","short","105908.3","106200.20000000001","0.044924203360426886","5.240842963661309","4757.846006757099","-18.35421792457031","-0.38576738083795964","7200.0","1751385600000.0","1751392800000.0"
"0ec4e203-0b6f-4733-beee-7f8c3a244c32","TradeIQ220320Strategy","BTC-USDT","Bybit Perpetual","short","105340.1","106140.0","0.04500099676883501","5.234248413225099","4740.4094997287575","-41.23054572861596","-0.8697675956259716","28800.0","1751400000000.0","1751428800000.0"
"fafbce24-da41-475f-a8cd-709566d491b4","TradeIQ220320Strategy","BTC-USDT","Bybit Perpetual","long","107026.0","109621.9","0.043926153283188885","5.234079875134538","4701.240481286573","108.79382143269522","2.3141513791041373","43200.0","1751443200000.0","1751486400000.0"
"fb75c1bd-4dcc-46b0-a06e-fcd29b672341","TradeIQ220320Strategy","BTC-USDT","Bybit Perpetual","long","109621.89999999998","110220.30000000002","0.04382878431816666","5.2994790023071925","4804.594611647633","20.9276655336854","0.43557609382800144","64800.0","1751486400000.0","1751551200000.0"
"72a074f4-1399-4e91-ba83-6046ef8116ae","TradeIQ220320Strategy","BTC-USDT","Bybit Perpetual","long","108713.2","108478.59999999999","0.044378013837368724","5.301197388169661","4824.475893904633","-15.712279434416622","-0.3256784732672811","86400.0","1751810400000.0","1751896800000.0"
"3ab06b57-3a7b-4b13-9806-701886c70e21","TradeIQ220320Strategy","BTC-USDT","Bybit Perpetual","long","108713.1","108217.0","0.04424075137625492","5.278432841069365","4809.549228441939","-27.226269598829685","-0.5660877621924182","14400.0","1751976000000.0","1751990400000.0"
"9aff8311-209d-45a5-8265-b4ffcf579bbe","TradeIQ220320Strategy","BTC-USDT","Bybit Perpetual","long","108723.6","108311.9","0.04399858238986798","5.252089880551906","4783.68427232305","-23.366306250461065","-0.48845837058376623","28800.0","1752004800000.0","1752033600000.0"
"40044f38-fa2d-4dc6-9f7c-0d2f929873ad","TradeIQ220320Strategy","BTC-USDT","Bybit Perpetual","long","108674.8","111718.8","0.04381407908167406","5.310988440722163","4761.486281385112","128.05906828389368","2.6894767876269383","43200.0","1752048000000.0","1752091200000.0"
"47e046f0-4dd1-4000-90e8-620494178526","TradeIQ220320Strategy","BTC-USDT","Bybit Perpetual","long","111718.8","116459.4","0.04370922706164774","5.485421014874939","4883.1423962548115","201.72254079357197","4.130998533818831","93600.0","1752091200000.0","1752184800000.0"
"e454e33b-a0be-405c-9eb5-eff76303b43e","TradeIQ220320Strategy","BTC-USDT","Bybit Perpetual","long","116459.4","117625.1","0.04357551910802139","5.610194481452899","5074.778810008706","45.18578814276814","0.8903991648591797","72000.0","1752184800000.0","1752256800000.0"
"259c4adf-db80-41be-87d8-e037ce600e77","TradeIQ220320Strategy","BTC-USDT","Bybit Perpetual","long","118550.0","122447.4","0.04316917173128921","5.722011981066809","5117.7053087443355","162.5255179244595","3.1757498355124376","57600.0","1752415200000.0","1752472800000.0"
"73cfb838-9f1f-4076-ab99-2b581e9e7a98","TradeIQ220320Strategy","BTC-USDT","Bybit Perpetual","long","122447.4","119863.1","0.043056075921355394","5.738116606497872","5272.104550772572","-117.00793361005611","-2.219378096227432","36000.0","1752472800000.0","1752508800000.0"
"7f95c5a5-4a22-43a4-a8c6-633244406cb8","TradeIQ220320Strategy","BTC-USDT","Bybit Perpetual","long","118181.20000000001","118115.0","0.04366978008213674","5.6754516985345305","5160.947013843019","-8.566391139972492","-0.16598486899778614","64800.0","1752652800000.0","1752717600000.0"
"353bf5d0-2519-40bc-a486-9199cb717d2b","TradeIQ220320Strategy","BTC-USDT","Bybit Perpetual","long","118948.8","118885.00000000001","0.04331955381021116","5.66656975334285","5152.808942260045","-8.430357286433818","-0.16360702251724135","50400.0","1752782400000.0","1752832800000.0"
"8804420d-ff69-4f85-a8b9-25b092068635","TradeIQ220320Strategy","BTC-USDT","Bybit Perpetual","long","118378.7","118003.39999999998","0.04346052206045455","5.650309209460616","5144.800102837931","-21.961043138749968","-0.4268590168670694","14400.0","1753020000000.0","1753034400000.0"
"4961c1b4-416b-4598-8797-cb51840986fd","TradeIQ220320Strategy","BTC-USDT","Bybit Perpetual","long","119352.2","118045.0","0.0429312330384871","5.605464983736383","5123.93711185612","-61.725172811646594","-1.2046434502254646","14400.0","1753084800000.0","1753099200000.0"
"8fb5f7fb-fd8c-485f-9132-e32c1bec9d86","TradeIQ220320Strategy","BTC-USDT","Bybit Perpetual","long","118304.1","117815.30000000002","0.04281591422178146","5.560317387074178","5065.298197685056","-26.488736258680458","-0.5229452487276336","7200.0","1753113600000.0","1753120800000.0"
"d3daf7a7-a027-41cc-8ab8-4841c5d1b390","TradeIQ220320Strategy","BTC-USDT","Bybit Perpetual","long","118356.3","118327.0","0.04258441585483248","5.543461040201741","5040.13389823931","-6.791184424748457","-0.13474214300379694","79200.0","1753178400000.0","1753257600000.0"
"ea508281-1d55-44a2-b9e0-32f1fa9bfb07","TradeIQ220320Strategy","BTC-USDT","Bybit Perpetual","long","119060.3","117556.7","0.04227842759539325","5.502087086286541","5033.682273035799","-69.07193081872008","-1.3721948878005563","14400.0","1753322400000.0","1753336800000.0"
"7bcf0de6-e399-43b1-9592-e507448c647a","TradeIQ220320Strategy","BTC-USDT","Bybit Perpetual","long","119074.1","118485.4","0.041722456342378526","5.451361227107","4968.063938758015","-30.013371275865726","-0.6041261071887268","21600.0","1753372800000.0","1753394400000.0"
"5977bb07-481b-4c21-bae9-ecd8a58d15c4","TradeIQ220320Strategy","BTC-USDT","Bybit Perpetual","short","115384.6","116504.59999999999","0.04280944975365814","5.459876980698791","4939.551236045943","-53.40646070479529","-1.0812006628267425","28800.0","1753416000000.0","1753444800000.0"
"c4e42ac0-d085-4792-b36c-a36af463fc8a","TradeIQ220320Strategy","BTC-USDT","Bybit Perpetual","short","115687.4","116649.6","0.04225883802710051","5.400060407886349","4888.815098376387","-46.06151435756295","-0.9421815599624607","14400.0","1753459200000.0","1753473600000.0"
"e3b73623-770a-4d71-86c5-eb5391e0f97e","TradeIQ220320Strategy","BTC-USDT","Bybit Perpetual","long","117583.5","117143.79999999999","0.04120524274015234","5.319597455832308","4845.056659736702","-23.437542688677773","-0.48374135401651736","7200.0","1753488000000.0","1753495200000.0"
"69acd52f-ae0a-4c7e-95ad-75cead104a3b","TradeIQ220320Strategy","BTC-USDT","Bybit Perpetual","long","117455.8","119184.40000000001","0.04106047546551518","5.344107519440033","4822.790994182458","65.63303037024976","1.3608931104296305","136800.0","1753502400000.0","1753639200000.0"
"f8166af1-a562-4ef3-a6cf-1a791d1b7854","TradeIQ220320Strategy","BTC-USDT","Bybit Perpetual","long","119184.4","118873.19999999998","0.04098810224353352","5.366641086757612","4885.142373034196","-18.12213850494572","-0.37096438795682296","50400.0","1753639200000.0","1753689600000.0"
"7adb832a-e261-49cd-ab3c-d920ce79fa19","TradeIQ220320Strategy","BTC-USDT","Bybit Perpetual","long","118745.6","117345.69999999998","0.04099458288521425","5.323155401480391","4867.926341454498","-62.711471982492775","-1.2882584407338236","43200.0","1753761600000.0","1753804800000.0"
"f1584bf5-2fe6-4748-8dfd-0a61a4c25e9e","TradeIQ220320Strategy","BTC-USDT","Bybit Perpetual","short","116865.2","117280.0","0.041144416328138145","5.298572174519345","4808.35044307113","-22.365276067431168","-0.46513406899573434","7200.0","1753905600000.0","1753912800000.0"
"f6caf836-5c8a-410f-be53-0e761f6953dd","TradeIQ220320Strategy","BTC-USDT","Bybit Perpetual","long","118429.0","117712.09999999999","0.04042171622497084","5.249875693288853","4787.103430807071","-34.2282040549708","-0.7150086591966569","50400.0","1753934400000.0","1753984800000.0"
"9ccca7c1-4fd2-4485-9316-19d2cf0a977c","TradeIQ220320Strategy","BTC-USDT","Bybit Perpetual","short","116479.0","113278.5","0.040819260441408746","5.158192176976834","4754.586636954849","125.48385086575185","2.6392168330772066","79200.0","1753999200000.0","1754078400000.0"
"6c109b60-b84d-4eb1-828a-ed71ef1fa6e1","TradeIQ220320Strategy","BTC-USDT","Bybit Perpetual","short","113278.5","113050.30000000002","0.043024901417985886","5.355775869428075","4873.796295277314","4.462506634155553","0.09156120534786613","108000.0","1754078400000.0","1754186400000.0"
"aba44080-dd30-4747-8830-82d246a71ec9","TradeIQ220320Strategy","BTC-USDT","Bybit Perpetual","short","114214.99999999999","114649.7","0.04270923851140186","5.376050382527238","4878.035676579763","-23.941756363434124","-0.4908073239066775","21600.0","1754366400000.0","1754388000000.0"
"378ee4ca-9148-4cf8-a272-dbcc14a008b5","TradeIQ220320Strategy","BTC-USDT","Bybit Perpetual","short","114322.6","114114.8","0.04247008909904517","5.335966202354823","4855.291008034502","3.489318312426888","0.07186630639961206","57600.0","1754402400000.0","1754460000000.0"
"318dcecd-5a56-4799-9879-5ef88f3d5637","TradeIQ220320Strategy","BTC-USDT","Bybit Perpetual","long","116469.1","116840.5","0.041715835877767636","5.352987740269189","4858.605860431307","10.140273704733469","0.20870747691876576","86400.0","1754568000000.0","1754654400000.0"
"4457ca0b-f0f7-448e-8bb9-6a0c879a6f98","TradeIQ220320Strategy","BTC-USDT","Bybit Perpetual","long","117473.3","116478.99999999999","0.04144123916201216","5.33240026924155","4868.239120450803","-46.53742436803097","-0.9559395752056148","43200.0","1754733600000.0","1754776800000.0"
"0d962dd1-57b2-4780-89bb-1efc2ef92e32","TradeIQ220320Strategy","BTC-USDT","Bybit Perpetual","long","118480.09999999999","121700.1","0.04071593936282274","5.378539352642851","4824.028567301174","125.72678539564696","2.60626121179845","86400.0","1754798400000.0","1754884800000.0"
"17f935a0-4b20-4253-9e8b-afb12e7fb700","TradeIQ220320Strategy","BTC-USDT","Bybit Perpetual","long","121700.1","120545.0","0.040620089987001146","5.4120097685005515","4943.469013427039","-52.33227571248581","-1.0586144177367198","28800.0","1754884800000.0","1754913600000.0"
"ae814f33-9e40-43da-88e4-0bab00d911f9","TradeIQ220320Strategy","BTC-USDT","Bybit Perpetual","long","119888.0","119029.9","0.040819376013447366","5.363863778043768","4893.753351500178","-40.390970335183184","-0.8253577046910496","50400.0","1755014400000.0","1755064800000.0"
"3eb2820a-a854-4f99-8ccf-872698d7878f","TradeIQ220320Strategy","BTC-USDT","Bybit Perpetual","long","120082.8","123323.90000000001","0.04043361688503062","5.4129972902772705","4855.381929681755","125.63639839579568","2.5875698393108797","50400.0","1755079200000.0","1755129600000.0"
"9fc57523-7979-4ba8-80bd-add6e116c4e9","TradeIQ220320Strategy","BTC-USDT","Bybit Perpetual","long","123323.90000000001","122166.0","0.04033878678956601","5.4465206043005345","4974.73650815776","-52.154801827939366","-1.0483932514297785","21600.0","1755129600000.0","1755151200000.0"
"65e27372-9759-4c0c-bd18-c897958b50aa","TradeIQ220320Strategy","BTC-USDT","Bybit Perpetual","short","117721.9","117778.4","0.041837495371899514","5.419008491232021","4925.189446421217","-7.7828269797443435","-0.15802086527655432","43200.0","1755266400000.0","1755309600000.0"
"e49d6d6f-e66f-4ae7-8a0d-67b5b8b787fb","TradeIQ220320Strategy","BTC-USDT","Bybit Perpetual","long","117945.50000000001","117846.2","0.04169549292504131","5.407298137523405","4917.79576079046","-9.547660584980736","-0.1941451221114985","43200.0","1755410400000.0","1755453600000.0"
"42cb6896-98a2-42fb-b43b-0d1368c1e8b6","TradeIQ220320Strategy","BTC-USDT","Bybit Perpetual","short","117527.0","115264.9","0.041766789616298636","5.347633671423138","4908.72548323473","89.13302111960624","1.8158078186289155","28800.0","1755460800000.0","1755489600000.0"
"47d6ffe7-a948-4af3-ad30-f87842a3516f","TradeIQ220320Strategy","BTC-USDT","Bybit Perpetual","short","115264.9","116371.1","0.04332109647688373","5.5190990269356925","4993.4018532983555","-53.44089594966498","-1.0702302262007009","50400.0","1755489600000.0","1755540000000.0"
"bb1c7188-7fe5-4849-851b-4384f63201e2","TradeIQ220320Strategy","BTC-USDT","Bybit Perpetual","short","114756.60000000002","113650.1","0.043070577222976046","5.410684625827319","4942.633002146174","42.2469090713963","0.8547450124873117","108000.0","1755576000000.0","1755684000000.0"
"71b1b8f0-1e22-4c2e-b313-7e0b9d04d075","TradeIQ220320Strategy","BTC-USDT","Bybit Perpetual","short","112632.7","113297.0","0.04423908479299528","5.497207735555792","4982.767565763999","-34.885231763542684","-0.7001175813063195","7200.0","1755698400000.0","1755705600000.0"
"25e6d0f7-b120-4742-9bd6-f8ca968c729b","TradeIQ220320Strategy","BTC-USDT","Bybit Perpetual","short","113332.5","112889.9","0.04367349697208334","5.433957815779584","4949.626595588635","13.895931944064754","0.2807470760814469","64800.0","1755770400000.0","1755835200000.0"
"898dda9d-0501-48d2-b98f-b0fcc0ecabc6","TradeIQ220320Strategy","BTC-USDT","Bybit Perpetual","short","112434.1","116319.3","0.044139880436055406","5.5534312489376365","4962.827730935497","-177.04569471909997","-3.567435831300288","7200.0","1755871200000.0","1755878400000.0"
"5a7bfcc5-16c6-4bb6-a3ab-dd35bc208847","TradeIQ220320Strategy","BTC-USDT","Bybit Perpetual","long","116319.3","115522.5","0.041219594005056356","5.2560336781708115","4794.634320952352","-38.099806181399835","-0.7946342438443172","43200.0","1755878400000.0","1755921600000.0"
"8ee6f771-3475-4d02-ba0c-14358bf49cc1","TradeIQ220320Strategy","BTC-USDT","Bybit Perpetual","short","114823.3","111469.70000000001","0.041441410454846894","5.157845602832268","4758.439505080021","133.8200684985419","2.8122679369082677","79200.0","1756029600000.0","1756108800000.0"
"41d684e3-f22c-427d-90a4-2c75c73dbdd0","TradeIQ220320Strategy","BTC-USDT","Bybit Perpetual","short","111469.7","112142.2","0.043828668868343926","5.39033655606668","4885.568570153637","-34.86511637002797","-0.7136347769842388","28800.0","1756108800000.0","1756137600000.0"
"5d82e91d-ed07-4b67-b388-18024a967298","TradeIQ220320Strategy","BTC-USDT","Bybit Perpetual","short","110650.4","111053.5","0.043853856014999595","5.3474139997101275","4852.446709602111","-23.02490335935672","-0.47450090103606124","86400.0","1756152000000.0","1756238400000.0"
"c1f4ac0b-1fc1-4c94-ae29-3d68797375a6","TradeIQ220320Strategy","BTC-USDT","Bybit Perpetual","short","111425.0","108334.40000000001","0.04335268612439508","5.239938160096964","4830.573051410722","128.7458735759581","2.6652298227507214","50400.0","1756432800000.0","1756483200000.0"
"4710e040-bbc2-491e-8d4e-d340ef512511","TradeIQ220320Strategy","BTC-USDT","Bybit Perpetual","short","108334.4","108476.0","0.04571845721495557","5.451730347886572","4952.881631307882","-11.925463889524547","-0.2407782938752657","64800.0","1756483200000.0","1756548000000.0"
"bbc06e29-4788-4fc5-927f-22f3a47eea8f","TradeIQ220320Strategy","BTC-USDT","Bybit Perpetual","short","108376.0","109390.30000000002","0.04559637226519556","5.461144304887842","4941.552440612834","-51.7095446934765","-1.0464230687606273","64800.0","1756648800000.0","1756713600000.0"
"00f81f19-c07a-4da7-9ae3-71620260724a","TradeIQ220320Strategy","BTC-USDT","Bybit Perpetual","short","107744.5","109187.9","0.04540768552598074","5.4177190097779455","4892.428373154032","-70.95917229797828","-1.4503875557452997","7200.0","1756764000000.0","1756771200000.0"
"cae16c5f-fcf8-414a-98e1-4c592db2ed1d","TradeIQ220320Strategy","BTC-USDT","Bybit Perpetual","long","112168.6","111659.79999999999","0.04301575627645305","5.295481346181644","4825.017159470952","-27.18189813964171","-0.5633533983664033","28800.0","1756915200000.0","1756944000000.0"
"7b3a82f0-cff2-43e7-8298-90190b812786","TradeIQ220320Strategy","BTC-USDT","Bybit Perpetual","short","110613.3","110679.4","0.04338713659422776","5.280691131213006","4799.194356238293","-8.148580860091082","-0.1697905993221351","64800.0","1756965600000.0","1757030400000.0"
"e6e81650-0553-4525-9fa9-22893c482441","TradeIQ220320Strategy","BTC-USDT","Bybit Perpetual","long","112900.1","110674.1","0.04243976049995709","5.218639526083229","4791.453204421206","-99.6895463989877","-2.0805701766428903","28800.0","1757059200000.0","1757088000000.0"
"9b13cd4c-e27e-4392-9fac-e51eef816f50","TradeIQ220320Strategy","BTC-USDT","Bybit Perpetual","short","110567.2","111550.1","0.04247867482709309","5.189386708094537","4696.748135342167","-46.94167619564471","-0.999450573949606","7200.0","1757095200000.0","1757102400000.0"
"b551c935-d967-49f5-9b6b-608e2110f897","TradeIQ220320Strategy","BTC-USDT","Bybit Perpetual","short","110544.1","110710.8","0.04208414146893688","5.121227381762516","4652.1535429563055","-12.136653764634172","-0.26088248490873517","122400.0","1757109600000.0","1757232000000.0"
"7f1af4c9-6b31-46d6-acd4-1e25b74db638","TradeIQ220320Strategy","BTC-USDT","Bybit Perpetual","long","112059.9","111313.1","0.04141199235301747","5.087676532328815","4640.623721879902","-36.01415242156178","-0.7760627575073585","57600.0","1757325600000.0","1757383200000.0"
"dcd81fbd-5d5c-4757-bb1a-964f039fcfde","TradeIQ220320Strategy","BTC-USDT","Bybit Perpetual","short","111313.09999999999","111657.60000000002","0.041382463313656866","5.074892247023715","4606.410277079418","-19.33115085857971","-0.4196576009472642","7200.0","1757383200000.0","1757390400000.0"
"8862c91c-0087-4c41-bc03-29846a2d2908","TradeIQ220320Strategy","BTC-USDT","Bybit Perpetual","long","112950.1","110830.1","0.0406201117463709","4.999487201843877","4588.0456837637685","-91.11412410415019","-1.9859027216443368","28800.0","1757404800000.0","1757433600000.0"
"9bef5e9f-7aef-4f25-abdd-774349e6de5b","TradeIQ220320Strategy","BTC-USDT","Bybit Perpetual","short","110830.1","112500.10000000002","0.040616107590490544","4.988941887273175","4501.487265864826","-72.81784156339297","-1.6176396213664106","57600.0","1757433600000.0","1757491200000.0"
"fd05d559-446d-4576-a515-4de3963f19c4","TradeIQ220320Strategy","BTC-USDT","Bybit Perpetual","long","112240.3","114354.39999999998","0.03948947317834685","4.921457930403053","4432.310316379604","78.5632373159391","1.7725121146326024","64800.0","1757498400000.0","1757563200000.0"
"35c3e220-fed1-4b9e-ae8b-fe628baf7fcd","TradeIQ220320Strategy","BTC-USDT","Bybit Perpetual","long","114354.4","115114.60000000002","0.0394120855151157","4.974118518087447","4506.945391829747","24.98694889050454","0.5544098434341189","122400.0","1757563200000.0","1757685600000.0"
"51f3903b-e2dd-411a-9134-987ab7fb2a2c","TradeIQ220320Strategy","BTC-USDT","Bybit Perpetual","long","116561.09999999999","115518.70000000001","0.038869597089215224","4.961466575200109","4530.682993275725","-45.47913458099726","-1.0038030612270985","79200.0","1757707200000.0","1757786400000.0"
"5a40cc19-57b5-4a86-b869-8c0f77291199","TradeIQ220320Strategy","BTC-USDT","Bybit Perpetual","long","116474.2","114820.1","0.03852765518392723","4.901174870024301","4487.4778154237765","-68.62976930975799","-1.529361751357804","14400.0","1757916000000.0","1757930400000.0"
"65ed4b9c-b822-4706-9681-9b02d99d80b0","TradeIQ220320Strategy","BTC-USDT","Bybit Perpetual","long","116414.8","116066.90000000001","0.03798726222593267","4.857238815346836","4422.279534579507","-18.073007343748593","-0.408680799176732","72000.0","1758045600000.0","1758117600000.0"
"47762dab-deeb-4ab5-a803-9d965003cac2","TradeIQ220320Strategy","BTC-USDT","Bybit Perpetual","long","116402.5","116437.7","0.037843776358780494","4.846353850873547","4405.110177602946","-3.514252923044584","-0.07977673159940973","122400.0","1758153600000.0","1758276000000.0"
"f6327e45-d408-4b40-9446-541465e8239e","TradeIQ220320Strategy","BTC-USDT","Bybit Perpetual","short","114211.8","112454.4","0.038540427848313866","4.804696779713314","4401.771637326054","62.92625112091382","1.429566463360186","21600.0","1758506400000.0","1758528000000.0"
"de873057-7e94-4f99-85ae-5f13bec24d09","TradeIQ220320Strategy","BTC-USDT","Bybit Perpetual","short","112454.4","112616.6","0.03967431755352322","4.911246079348964","4461.551575890921","-11.346420386530893","-0.25431557146720063","79200.0","1758528000000.0","1758607200000.0"
"7827a221-7bf6-4e55-ae56-0382473728e1","TradeIQ220320Strategy","BTC-USDT","Bybit Perpetual","short","111919.2","112544.70000000001","0.03976772954527656","4.909530817332902","4450.772476523716","-29.784245647903973","-0.6691927256449426","50400.0","1758650400000.0","1758700800000.0"
"26efa6ae-6307-47f2-98fd-511a2bdfd439","TradeIQ220320Strategy","BTC-USDT","Bybit Perpetual","short","112615.7","108793.90000000001","0.039270523054584824","4.782178940718523","4422.477443158208","145.3019060692933","3.2855318752180986","57600.0","1758765600000.0","1758823200000.0"
"bfb939cb-d1bc-486c-be2e-cbacf9987e68","TradeIQ220320Strategy","BTC-USDT","Bybit Perpetual","short","108793.9","109522.5","0.04191884153361575","5.033363816684208","4560.514253924038","-35.57543175807689","-0.7800750042052046","57600.0","1758823200000.0","1758880800000.0"
"417b4189-54a5-4492-8ae3-1616c8e92226","TradeIQ220320Strategy","BTC-USDT","Bybit Perpetual","short","109082.9","109621.3","0.0414979579178209","4.991677728427877","4526.717593753865","-27.33417827138301","-0.6038410328291682","7200.0","1758888000000.0","1758895200000.0"
"b4455a3d-1aaa-4c40-89d0-7263ba637fce","TradeIQ220320Strategy","BTC-USDT","Bybit Perpetual","short","109250.0","109990.00000000001","0.04119679747730939","4.96759223340892","4500.7501243960505","-35.45322236661847","-0.7877180778032171","108000.0","1758967200000.0","1759075200000.0"
"a0bf9a8b-d254-421e-88e2-a28e569deebd","TradeIQ220320Strategy","BTC-USDT","Bybit Perpetual","long","113168.2","113662.40000000001","0.03947283391577991","4.924505630449189","4467.069563147764","14.582968890729703","0.32645493168576656","64800.0","1759154400000.0","1759219200000.0"
"97c5ab0e-9749-4d86-b114-fc0c34bf983f","TradeIQ220320Strategy","BTC-USDT","Bybit Perpetual","long","114309.09999999999","116736.80000000002","0.03920005829451861","4.981357011790235","4480.923383593957","90.18462450981362","2.0126348252239117","57600.0","1759262400000.0","1759320000000.0"
"aff82a51-47d2-4888-bd2a-5ec4995e6f20","TradeIQ220320Strategy","BTC-USDT","Bybit Perpetual","long","116736.8","119559.60000000002","0.039118759267671194","5.083992093079537","4566.598776878279","105.34044156770338","2.3067592909862333","93600.0","1759320000000.0","1759413600000.0"
"f7c4ebdb-2c37-4c3c-8481-e7da42fbb86c","TradeIQ220320Strategy","BTC-USDT","Bybit Perpetual","long","119559.60000000002","122238.5","0.03903218308163958","5.190849239395929","4666.672196367596","99.37246601800756","2.1294074628887847","93600.0","1759413600000.0","1759507200000.0"
"86441fd3-9d9b-4528-969f-6b1e6bd4d367","TradeIQ220320Strategy","BTC-USDT","Bybit Perpetual","long","122238.5","122335.5","0.03894907119348408","5.239261575941347","4761.076039084704","-1.4612016701733914","-0.03069057620962301","79200.0","1759507200000.0","1759586400000.0"
"afca7e5d-77c8-4941-8053-902802ed2654","TradeIQ220320Strategy","BTC-USDT","Bybit Perpetual","long","123735.7","123013.89999999998","0.038466569450029686","5.220385843841875","4759.687897498038","-32.98555567287397","-0.6930192983916666","50400.0","1759636800000.0","1759687200000.0"
"7dee0ce0-5ebe-4c82-8807-21aeb39b5474","TradeIQ220320Strategy","BTC-USDT","Bybit Perpetual","long","124946.2","123627.1","0.03784310062738049","5.173731422849022","4728.3516196088085","-55.0925654604263","-1.1651537341671787","57600.0","1759766400000.0","1759824000000.0"
"2a14b570-1525-4192-ad98-5e998d1ffd6b","TradeIQ220320Strategy","BTC-USDT","Bybit Perpetual","long","122825.7","122540.4","0.0380703198306332","5.137641246427322","4676.013682421404","-15.999103494107084","-0.3421526235958785","7200.0","1759924800000.0","1759932000000.0"
"67d008be-1fc8-4b8d-9d01-75d842cf115e","TradeIQ220320Strategy","BTC-USDT","Bybit Perpetual","long","123985.5","122496.6","0.03759160977777242","5.096112406223234","4660.814534102003","-61.066260204348374","-1.3102057538986367","28800.0","1759946400000.0","1759975200000.0"
"48ad80c9-eda4-41d0-aa61-24776a56958a","TradeIQ220320Strategy","BTC-USDT","Bybit Perpetual","short","118965.3","111060.0","0.03869028688960455","4.8948596668770445","4602.801586907872","300.9634652815139","6.538701692846571","36000.0","1760112000000.0","1760148000000.0"
"53be53ee-4ede-4c12-bc8b-2e209b6f8dda","TradeIQ220320Strategy","BTC-USDT","Bybit Perpetual","short","111060.0","112208.6","0.04401870051256356","5.4053965004926425","4888.716878925309","-55.96527590922341","-1.1447845578966378","43200.0","1760148000000.0","1760191200000.0"
"b62a2be9-9523-479c-8f8f-4b6c0bd2ea8a","TradeIQ220320Strategy","BTC-USDT","Bybit Perpetual","short","114216.2","112690.5","0.042336812700926374","5.28357855216691","4835.549866811547","59.30969658563634","1.226534690350403","57600.0","1760407200000.0","1760464800000.0"
"c0913d72-122c-4362-a5e2-e5bab6b5db74","TradeIQ220320Strategy","BTC-USDT","Bybit Perpetual","short","111339.0","110794.7","0.043936932059457166","5.367930306758712","4891.8940785679015","18.54694181320395","0.3791362101330198","86400.0","1760536800000.0","1760623200000.0"
"43c4c8bf-f2e9-4b79-899c-135e26e8728d","TradeIQ220320Strategy","BTC-USDT","Bybit Perpetual","short","108474.0","106648.29999999999","0.04525981961843801","5.35501807164693","4909.513673290445","77.27583460573588","1.5740018207128084","144000.0","1760630400000.0","1760774400000.0"
"eda660be-b3c6-4dc3-bc1b-40457872fdd3","TradeIQ220320Strategy","BTC-USDT","Bybit Perpetual","short","109005.0","113355.2","0.04571281790895733","5.590591233039634","4982.925716165893","-204.45049170058567","-4.103021063253977","43200.0","1761019200000.0","1761062400000.0"
"6c4053d5-0280-452f-979a-dfc758c65e88","TradeIQ220320Strategy","BTC-USDT","Bybit Perpetual","long","113355.2","111960.1","0.04224506462032917","5.235152674646869","4788.697749050337","-64.17124232646773","-1.340056225916404","7200.0","1761062400000.0","1761069600000.0"
"e00dca71-1687-438b-afe3-ae53323e5c04","TradeIQ220320Strategy","BTC-USDT","Bybit Perpetual","short","108253.7","108894.1","0.04367273422377427","5.21589098617251","4727.735068840192","-33.18390998307793","-0.7018986787518661","108000.0","1761091200000.0","1761199200000.0"
"eb348e99-6c66-4d37-affd-ea8c68baa869","TradeIQ220320Strategy","BTC-USDT","Bybit Perpetual","long","111445.4","111340.9","0.042139113452473294","5.163409444246213","4696.210354356267","-9.566946800029672","-0.20371631758690803","28800.0","1761379200000.0","1761408000000.0"
"bf8d9882-db70-4291-afe3-8937e310769d","TradeIQ220320Strategy","BTC-USDT","Bybit Perpetual","long","112477.89999999998","115217.80000000002","0.041671490620790744","5.218630574819411","4687.121754896239","108.95708657708673","2.324605424710133","57600.0","1761472800000.0","1761530400000.0"
"aeca2cbb-303a-4137-8e87-800f864cbcc1","TradeIQ220320Strategy","BTC-USDT","Bybit Perpetual","long","115217.8","114258.1","0.041578913910389446","5.247747279835027","4790.630987144469","-45.151030959635655","-0.9424860958983743","72000.0","1761530400000.0","1761602400000.0"
"20349253-6a19-4386-b96d-9e2e218bbbaa","TradeIQ220320Strategy","BTC-USDT","Bybit Perpetual","long","115469.9","113629.0","0.0411166677006979","5.18088083804248","4747.737507732816","-80.872554408257","-1.7033914422719638","21600.0","1761660000000.0","1761681600000.0"
"0d1d24c8-f4f7-413a-800a-bb0e1e6f6cbb","TradeIQ220320Strategy","BTC-USDT","Bybit Perpetual","short","111460.6","111313.50000000001","0.04190636494909387","5.134609004693264","4670.908581044972","1.0298172793180784","0.022047472380366914","57600.0","1761753600000.0","1761811200000.0"
"96084936-fb5d-41ff-a3de-6c580317a53e","TradeIQ220320Strategy","BTC-USDT","Bybit Perpetual","short","107582.2","109585.30000000002","0.0434262071928286","5.186918467801734","4671.886907460325","-92.1739540957576","-1.9729491728185709","43200.0","1761832800000.0","1761876000000.0"
"824efd28-cb82-49a8-8ed9-9a2445e5ee45","TradeIQ220320Strategy","BTC-USDT","Bybit Perpetual","short","109899.6","110253.19999999998","0.041713724627472304","5.050866301341841","4584.3216510693555","-19.800839329615076","-0.4319251753418362","7200.0","1762005600000.0","1762012800000.0"
"681fb131-0095-4c3f-9495-aadd9c4d67d5","TradeIQ220320Strategy","BTC-USDT","Bybit Perpetual","short","109815.20000000001","110047.2","0.04157448926656985","5.027366843907258","4565.5108537062215","-14.672648353750857","-0.32138020966130865","7200.0","1762034400000.0","1762041600000.0"
"46e19468-ecc9-40c8-9a3b-c3aac1d67088","TradeIQ220320Strategy","BTC-USDT","Bybit Perpetual","short","109929.99999999999","110452.7","0.04140427397225651","5.018632129250088","4551.571837770158","-26.660646134549047","-0.5857459155826541","14400.0","1762048800000.0","1762063200000.0"
"217c4622-eebb-4e34-80f9-2f456a4443a0","TradeIQ220320Strategy","BTC-USDT","Bybit Perpetual","short","110066.10000000002","110494.9","0.04112296360043952","4.9885670860720985","4526.244223942337","-22.622093877939488","-0.4997983484469548","28800.0","1762099200000.0","1762128000000.0"
"82739bf2-778c-469f-ba31-40b1e16bf258","TradeIQ220320Strategy","BTC-USDT","Bybit Perpetual","short","109614.2","105718.80000000002","0.0410964385522888","4.8671806715290025","4504.753234758295","155.21988606505593","3.445691206066349","50400.0","1762135200000.0","1762185600000.0"
"5b84afc7-fee7-4204-8d4f-17f60ba9db3f","TradeIQ220320Strategy","BTC-USDT","Bybit Perpetual","short","105718.8","106990.99999999999","0.04400553285243587","5.148224450564285","4652.212126520098","-61.132063345432435","-1.3140429043840667","36000.0","1762185600000.0","1762221600000.0"
"f8266f69-b824-4dd4-933d-6a9ce0f0849c","TradeIQ220320Strategy","BTC-USDT","Bybit Perpetual","short","104164.3","102094.79999999999","0.044104714055985934","5.003349244819755","4594.136666341936","86.27135649404377","1.877857860130596","79200.0","1762236000000.0","1762315200000.0"
"b1354b47-fa26-4156-bf95-a7926c230693","TradeIQ220320Strategy","BTC-USDT","Bybit Perpetual","short","102766.3","102400.0","0.04550221672874549","5.13453679641915","4676.094455011278","11.532925191320457","0.24663584754924806","72000.0","1762423200000.0","1762495200000.0"
"4a862349-4017-4373-95f4-bd1e5fb4dd00","TradeIQ220320Strategy","BTC-USDT","Bybit Perpetual","short","100369.1","102354.60000000002","0.04669814448812464","5.206751348571979","4687.050733943031","-97.92591722974414","-2.0892864786074745","21600.0","1762516800000.0","1762538400000.0"
"5016c171-0bea-4422-a70a-a5a98825f811","TradeIQ220320Strategy","BTC-USDT","Bybit Perpetual","short","101678.0","102269.30000000002","0.04518205622233693","5.0681171062466","4594.021112574775","-31.784266950515217","-0.6918615777257788","28800.0","1762617600000.0","1762646400000.0"
"3ca83a9f-eb9b-4c70-b30a-c49732ea8818","TradeIQ220320Strategy","BTC-USDT","Bybit Perpetual","short","101995.4","102198.2","0.04474541066530242","5.025199567974573","4563.826058971786","-14.099568850898033","-0.30894185424048826","36000.0","1762653600000.0","1762689600000.0"
"83ebac7e-1106-4e3a-baf3-08f9e75c1d00","TradeIQ220320Strategy","BTC-USDT","Bybit Perpetual","short","104737.0","104920.6","0.04344626510749241","5.009861819270331","4550.431468563433","-12.98659609300619","-0.2853926310663909","7200.0","1762848000000.0","1762855200000.0"
"ccde8c33-e000-4ca7-94f0-c06240fab9a7","TradeIQ220320Strategy","BTC-USDT","Bybit Perpetual","short","104350.10000000002","104475.39999999998","0.04348912173802493","4.994900675327159","4538.094202275076","-10.444087629099911","-0.23014259210097474","72000.0","1762869600000.0","1762941600000.0"
"75c61cba-2cf7-43aa-99a1-aa67ddd0d61d","TradeIQ220320Strategy","BTC-USDT","Bybit Perpetual","short","102124.9","103430.9","0.04433955204878958","5.0128386511668195","4528.172319027431","-62.92029362688601","-1.3895295760387525","57600.0","1762963200000.0","1763020800000.0"
"3765fda3-598e-44c7-9ab3-5f77876df5e1","TradeIQ220320Strategy","BTC-USDT","Bybit Perpetual","short","99601.4","95209.0","0.044862803535712245","4.8068573860524335","4468.398040081889","192.24852086420978","4.302403660992712","72000.0","1763056800000.0","1763128800000.0"
"e360d203-f699-4e13-bada-8f65c5dc0e76","TradeIQ220320Strategy","BTC-USDT","Bybit Perpetual","short","95209.0","96388.5","0.04885078233048228","5.147828272160519","4651.034134902888","-62.76732603096437","-1.3495348391433581","50400.0","1763128800000.0","1763179200000.0"
"e50693b8-0f0f-499e-8b4f-3827afa11101","TradeIQ220320Strategy","BTC-USDT","Bybit Perpetual","short","94531.3","95587.9","0.04857021087378965","5.078771299335904","4591.405175173471","-56.39805610858162","-1.2283397774070506","57600.0","1763308800000.0","1763366400000.0"
"d80e808b-e74d-459b-930f-36de0f2aa658","TradeIQ220320Strategy","BTC-USDT","Bybit Perpetual","short","92724.0","92851.4","0.04893907749741511","4.995038885217594","4537.827021870318","-11.229877358387995","-0.2474725745222318","79200.0","1763402400000.0","1763481600000.0"
"06e9071a-58ff-47c4-b858-91acfdd10ada","TradeIQ220320Strategy","BTC-USDT","Bybit Perpetual","short","90415.7","92556.0","0.0500704926067027","5.038815733647205","4527.158638379849","-112.20469105977315","-2.478479329364262","72000.0","1763532000000.0","1763604000000.0"
"47ffe44a-bdba-4ecd-b4a2-d3f76998c409","TradeIQ220320Strategy","BTC-USDT","Bybit Perpetual","short","89835.4","84006.7","0.04920737461928221","4.704872336616496","4420.564181873065","282.1101521067935","6.381768039102622","57600.0","1763654400000.0","1763712000000.0"
"cf075923-260d-407e-978e-f69f04e9021b","TradeIQ220320Strategy","BTC-USDT","Bybit Perpetual","short","84006.7","85143.0","0.055811843893100406","5.192306158030622","4688.568826374518","-68.61130437376077","-1.4633741534901417","64800.0","1763712000000.0","1763776800000.0"
"73d2c0cf-e132-42d8-816b-fdfe02885aa8","TradeIQ220320Strategy","BTC-USDT","Bybit Perpetual","short","85913.7","86570.99999999999","0.053814328648625835","5.105181582962798","4623.388087219445","-40.477339803703934","-0.8754908530304114","21600.0","1763978400000.0","1764000000000.0"
"ecefc514-7712-44db-b2d4-6e3afe3cb90c","TradeIQ220320Strategy","BTC-USDT","Bybit Perpetual","short","86946.5","87581.1","0.05273282552380977","5.061833413939095","4584.934614405926","-38.52608449134908","-0.8402755487570008","7200.0","1764086400000.0","1764093600000.0"
"face336c-fff0-41b6-9e70-fafce97f64d1","TradeIQ220320Strategy","BTC-USDT","Bybit Perpetual","short","86835.0","87324.1","0.05237905031541595","5.017258543983157","4548.334834139144","-30.6358520532534","-0.6735619335521458","14400.0","1764100800000.0","1764115200000.0"
"7605f481-4f4a-4faf-983f-0dd545d7e20f","TradeIQ220320Strategy","BTC-USDT","Bybit Perpetual","short","86799.9","89792.5","0.05206493065877441","5.056849083476605","4519.230774688553","-160.8663605729252","-3.5595960594424714","28800.0","1764151200000.0","1764180000000.0"
"6b409c4e-cec6-4a5b-ac42-f2be18d733de","TradeIQ220320Strategy","BTC-USDT","Bybit Perpetual","long","92329.2","90620.5","0.04729173145813322","4.758604445510319","4366.407732144274","-85.56598598802242","-1.9596425995243076","14400.0","1764338400000.0","1764352800000.0"
"6a5ee3d7-4065-4a31-a556-8a46ea7fb28c","TradeIQ220320Strategy","BTC-USDT","Bybit Perpetual","short","90620.5","91106.10000000002","0.047286431276098155","4.726261310066439","4285.120045455653","-27.688552337740667","-0.6461558146335767","7200.0","1764352800000.0","1764360000000.0"
"0a7ff21e-4955-450e-b539-f57bbcd918c0","TradeIQ220320Strategy","BTC-USDT","Bybit Perpetual","short","90638.0","90712.5","0.046987090632348454","4.6866228088469395","4258.815920734799","-8.1871610609569","-0.1922403131137051","7200.0","1764388800000.0","1764396000000.0"
"47a27eaf-a0c1-43c9-8201-411859c3c6bc","TradeIQ220320Strategy","BTC-USDT","Bybit Perpetual","short","90523.5","90738.5","0.046960602691310985","4.681695020767826","4251.03811772689","-14.778224599399687","-0.3476380166476108","21600.0","1764403200000.0","1764424800000.0"
"de59a6bd-46ab-4840-86e6-92b56bb16ebf","TradeIQ220320Strategy","BTC-USDT","Bybit Perpetual","short","90381.2","90969.99999999999","0.04687920501561675","4.675880046545464","4236.99880435746","-32.27835595974006","-0.7618212194571309","14400.0","1764439200000.0","1764453600000.0"
"30b5f5a0-cb13-4878-9432-9e67a50ca6e6","TradeIQ220320Strategy","BTC-USDT","Bybit Perpetual","short","87134.0","86409.9","0.048274317329580964","4.6077423145671865","4206.334366195708","30.34769086378267","0.7214759508343538","86400.0","1764554400000.0","1764640800000.0"
"c98d56f8-c3cc-46fd-9151-178174c470dd","TradeIQ220320Strategy","BTC-USDT","Bybit Perpetual","long","91417.5","92332.9","0.04632772360342716","4.682005758770549","4235.164672516302","37.7263924278064","0.8907892690130382","79200.0","1764698400000.0","1764777600000.0"
"0be85864-6e3c-4347-8a84-c18f9bcc210c","TradeIQ220320Strategy","BTC-USDT","Bybit Perpetual","long","93376.7","92933.50000000001","0.045739512590643246","4.686955756265894","4271.004745322717","-24.95870773643818","-0.5843755562147543","57600.0","1764806400000.0","1764864000000.0"
"19c320ca-43f7-4a04-a29d-55d6c391a70f","TradeIQ220320Strategy","BTC-USDT","Bybit Perpetual","short","91086.4","89619.49999999999","0.046629287939506894","4.634403093907256","4247.293972973101","63.766099384555815","1.5013347272479853","100800.0","1764928800000.0","1765029600000.0"
"6baa87f5-324a-426b-8e18-5cece07f2209","TradeIQ220320Strategy","BTC-USDT","Bybit Perpetual","short","89011.0","90904.2","0.048397071905589506","4.7890528792196845","4307.8717673884275","-96.4143894108816","-2.2380979429508683","14400.0","1765116000000.0","1765130400000.0"
"158080da-5350-4271-9543-8937683dfc74","TradeIQ220320Strategy","BTC-USDT","Bybit Perpetual","long","91379.7","90189.20000000001","0.046140205072331054","4.607694454416664","4216.27809744809","-59.537608593026114","-1.4120892222233006","7200.0","1765137600000.0","1765144800000.0"
"2d4f598f-e58c-451c-b7ce-0488e6d44c5c","TradeIQ220320Strategy","BTC-USDT","Bybit Perpetual","long","91039.4","89912.60000000002","0.045691397013652504","4.5473723198279465","4159.7173692847155","-56.03243847481039","-1.3470251341726482","43200.0","1765166400000.0","1765209600000.0"
"053f73f5-b67b-4301-a67b-165c47853321","TradeIQ220320Strategy","BTC-USDT","Bybit Perpetual","long","91258.2","90610.8","0.0449985486535308","4.501112574787946","4106.486552733644","-33.63317297308352","-0.8190255231858552","7200.0","1765231200000.0","1765238400000.0"
"83a0190a-c582-4b32-b657-2dd07185ed0b","TradeIQ220320Strategy","BTC-USDT","Bybit Perpetual","short","90364.0","92676.89999999998","0.04509024654075976","4.539347619423404","4074.535038409215","-108.82857884354573","-2.670944729095635","43200.0","1765252800000.0","1765296000000.0"
"0a503788-4bcd-4a50-801c-7f95ec0629a0","TradeIQ220320Strategy","BTC-USDT","Bybit Perpetual","long","92676.9","90637.0","0.0428493819766074","4.3201880274968865","3971.147888507846","-91.72864232157806","-2.3098772671507075","122400.0","1765296000000.0","1765418400000.0"
"41700b18-5705-42b6-8293-5cb963aba779","TradeIQ220320Strategy","BTC-USDT","Bybit Perpetual","short","90637.0","92823.6","0.04285231945344998","4.323941731076883","3884.0056783023456","-98.02482344799085","-2.5238074186038877","72000.0","1765418400000.0","1765490400000.0"
"d720fbdf-d478-41a8-bbaa-d14335b576e8","TradeIQ220320Strategy","BTC-USDT","Bybit Perpetual","long","92823.6","89895.0","0.040839636644417525","4.104188677697168","3790.882096026755","-123.70714855453856","-3.2632813530179883","64800.0","1765490400000.0","1765555200000.0"
"5a264664-2781-44db-8477-d8b8b50694ed","TradeIQ220320Strategy","BTC-USDT","Bybit Perpetual","short","89895.0","89239.9","0.04086278775126473","4.025973268649218","3673.360304899943","22.743238987204546","0.6191398909839322","216000.0","1765555200000.0","1765771200000.0"
"9e1d4e0a-3574-4c46-afa2-ca2406914368","TradeIQ220320Strategy","BTC-USDT","Bybit Perpetual","short","86996.6","87936.3","0.042472537799612714","4.086414314205229","3694.966381937788","-43.997858084501175","-1.1907512420025574","86400.0","1765814400000.0","1765900800000.0"
"78987e29-bf83-48fc-bf2c-b4df3d5d0b81","TradeIQ220320Strategy","BTC-USDT","Bybit Perpetual","short","85982.7","87237.0","0.04248724937408934","4.047795724722719","3653.1684167575113","-57.339552614643104","-1.5695841547194993","50400.0","1766001600000.0","1766052000000.0"
"831bba5c-7105-4b52-9fee-ff3cd9992b1c","TradeIQ220320Strategy","BTC-USDT","Bybit Perpetual","short","84447.0","86863.1","0.04261484530857935","4.0151943762134925","3598.6958417736","-106.9769221262723","-2.972658063637555","28800.0","1766088000000.0","1766116800000.0"
"032ad079-160c-47b9-8eb3-ec4b175d8484","TradeIQ220320Strategy","BTC-USDT","Bybit Perpetual","long","89127.7","88011.1","0.03923659833871672","3.8226781701912507","3497.067765753642","-47.634263875201995","-1.3621201265150917","43200.0","1766390400000.0","1766433600000.0"
"3a30454f-297e-47db-952c-5cbd7ee2011d","TradeIQ220320Strategy","BTC-USDT","Bybit Perpetual","short","88011.1","87692.7","0.039220225801884084","3.7901284906369948","3451.8152150722008","8.697591404683239","0.25197152404640855","93600.0","1766433600000.0","1766527200000.0"
"be3177aa-7e08-41e9-a2b5-a88402a3453b","TradeIQ220320Strategy","BTC-USDT","Bybit Perpetual","short","86763.6","87653.8","0.03987937253533336","3.825611059184339","3460.0779269066493","-39.32622849013798","-1.136570601035454","43200.0","1766570400000.0","1766613600000.0"
"13a946ff-c621-4288-ac29-0e53e145ff7d","TradeIQ220320Strategy","BTC-USDT","Bybit Perpetual","short","87182.8","88796.2","0.039259097090722235","3.799827155810515","3422.7180098410186","-67.14045440198154","-1.9616122102065938","14400.0","1766707200000.0","1766721600000.0"
"db6ac9b7-961b-428f-a84a-eaaba1648b13","TradeIQ220320Strategy","BTC-USDT","Bybit Perpetual","long","88796.2","88433.0","0.037827458586731595","3.6872716228477644","3358.934578159136","-17.42620458154857","-0.5188015478139798","14400.0","1766721600000.0","1766736000000.0"
"8f3fd26b-200f-432a-8609-1464d7af6602","TradeIQ220320Strategy","BTC-USDT","Bybit Perpetual","long","88783.2","88507.5","0.03764653317076502","3.6709091201299833","3342.379683806665","-14.05005831530979","-0.42036092977049383","7200.0","1766743200000.0","1766750400000.0"
"eb54a1fe-d256-48a0-b0fa-30a9b88ebcdf","TradeIQ220320Strategy","BTC-USDT","Bybit Perpetual","long","88959.1","87100.0","0.03742205270070314","3.6236711052511","3329.0321284071206","-73.19500928112853","-2.198687379930784","7200.0","1766757600000.0","1766764800000.0"
"d178e597-c8f7-4a6c-9b51-e2f79a57db65","TradeIQ220320Strategy","BTC-USDT","Bybit Perpetual","short","87100.0","87829.4","0.037422466929851315","3.600459327607303","3259.4968695900498","-30.896406706240636","-0.9478888289322551","115200.0","1766764800000.0","1766880000000.0"
"e2a091c6-a5bb-4c39-be83-0187ab905b89","TradeIQ220320Strategy","BTC-USDT","Bybit Perpetual","short","87620.0","87697.7","0.03686538784774162","3.554735253890706","3230.1452832191208","-6.4191758896601225","-0.19872715704176797","7200.0","1766901600000.0","1766908800000.0"
"9cbfa982-292c-4362-bd5d-3d032551d1dc","TradeIQ220320Strategy","BTC-USDT","Bybit Perpetual","short","87488.6","87920.5","0.03685105335008154","3.555205556204384","3224.047066123944","-19.471175498104387","-0.6039358327827787","14400.0","1766952000000.0","1766966400000.0"
"0dbe5951-6204-4ab6-b9e3-344d810031da","TradeIQ220320Strategy","BTC-USDT","Bybit Perpetual","long","88419.3","90091.6","0.03625395642581138","3.5594495145728056","3205.5494494007444","57.06804181631168","1.7802889244768991","7200.0","1766973600000.0","1766980800000.0"
"59024b0a-2342-4f11-a166-579e01c08163","TradeIQ220320Strategy","BTC-USDT","Bybit Perpetual","long","90091.6","88068.2","0.03618277496599284","3.5454737732624606","3259.764089126241","-76.7577006394527","-2.3547010931096892","21600.0","1766980800000.0","1767002400000.0"
"109d59f6-5977-4213-9fd4-f8d8c1951bd3","TradeIQ220320Strategy","BTC-USDT","Bybit Perpetual","short","87354.3","87954.7","0.03648182486172702","3.5175757290764764","3186.8442735187605","-25.421263376057166","-0.7976939314950656","72000.0","1767016800000.0","1767088800000.0"
