"id","strategy_name","symbol","exchange","type","entry_price","exit_price","qty","fee","size","PNL","PNL_percentage","holding_period","opened_at","closed_at"
"81ff1b31-d938-48c9-b9a1-4080b8dbe44f","TrendTypeStrategy_LongOnly","BTC-USDT","Bybit Perpetual","long","59237.53","58880.939999999995","0.16037130515063677","10.418547257962985","9500.0","-67.60535096162916","-0.711635273280307","21600.0","1617242400000.0","1617264000000.0"
"1b78deb7-1e39-4c09-b6f0-7bb7c9d406a2","TrendTypeStrategy_LongOnly","BTC-USDT","Bybit Perpetual","long","58899.91","58640.76999999999","0.1602001584821853","10.356519560257105","9435.774916586452","-51.87078862933284","-0.549724734723727","7200.0","1617271200000.0","1617278400000.0"
"62f45573-92e8-4ecf-a469-fd20b1885993","TrendTypeStrategy_LongOnly","BTC-USDT","Bybit Perpetual","long","60976.28","59262.66","0.15393686967110137","10.18006331989426","9386.497667388585","-273.96936192568626","-2.918760240867425","57600.0","1618034400000.0","1618092000000.0"
"2447673d-e289-4e87-8198-c39b33204053","TrendTypeStrategy_LongOnly","BTC-USDT","Bybit Perpetual","long","60693.19","59725.5","0.15036656952055383","9.958819926802462","9126.226773559183","-155.46704558614755","-1.7035194220307126","21600.0","1618106400000.0","1618128000000.0"
"f6bf9672-61a7-4eb2-b848-cadb6f46390e","TrendTypeStrategy_LongOnly","BTC-USDT","Bybit Perpetual","long","59777.34","59421.44","0.15019960875228544","9.846985565862362","8978.533080252342","-63.30302632079987","-0.7050486505421523","14400.0","1618135200000.0","1618149600000.0"
"c8245148-085b-4e76-8f05-5ff16d49a77a","TrendTypeStrategy_LongOnly","BTC-USDT","Bybit Perpetual","long","60832.229999999996","60079.32000000001","0.14660641579714542","9.749524935687537","8918.395205247583","-120.13096145351467","-1.3470019963101616","50400.0","1618214400000.0","1618264800000.0"
"7a3d6390-c324-4eed-8b49-9236e73045f7","TrendTypeStrategy_LongOnly","BTC-USDT","Bybit Perpetual","long","63050.43","62242.469999999994","0.13963855269292755","9.622645570284837","8804.27079186674","-122.44501060406347","-1.3907456221948151","122400.0","1618308000000.0","1618430400000.0"
"580e7478-cc75-4191-a52b-10552dc1c89a","TrendTypeStrategy_LongOnly","BTC-USDT","Bybit Perpetual","long","62735.399999999994","63139.950000000004","0.13848557643360657","9.587556221942588","8687.948031792881","46.43678372427436","0.5344965641408363","7200.0","1618452000000.0","1618459200000.0"
"2becf0a5-f220-495a-b001-14bf0add9310","TrendTypeStrategy_LongOnly","BTC-USDT","Bybit Perpetual","long","63182.12999999999","62729.97000000001","0.13820463121979173","9.570899440635248","8732.062976330939","-72.06150549297375","-0.8252517840091523","14400.0","1618466400000.0","1618480800000.0"
"534891fd-edad-4d67-aa90-92f914b60b61","TrendTypeStrategy_LongOnly","BTC-USDT","Bybit Perpetual","long","51915.049999999996","53572.759999999995","0.16688040454767183","9.682116624206369","8663.60454611261","266.9571987985146","3.081364083247535","50400.0","1619402400000.0","1619452800000.0"
"5396757f-4a3d-4492-83e9-2726ff2505fa","TrendTypeStrategy_LongOnly","BTC-USDT","Bybit Perpetual","long","54024.7","54026.16999999999","0.16505809166864785","9.809068722935432","8917.2138849712","-9.566433328183528","-0.1072805189108058","7200.0","1619460000000.0","1619467200000.0"
"c3c355dc-ab5c-4db6-bd13-4c071a212274","TrendTypeStrategy_LongOnly","BTC-USDT","Bybit Perpetual","long","53350.0","53760.32","0.16697517850626853","9.83662064102495","8908.125773309426","58.67663460366711","0.6586866429240857","14400.0","1619474400000.0","1619488800000.0"
"7b1b59b6-5341-4eed-815c-568357534c93","TrendTypeStrategy_LongOnly","BTC-USDT","Bybit Perpetual","long","54810.26","54469.06","0.16354362442693957","9.829564837241241","8963.86857618291","-65.63064949171374","-0.7321688056214373","36000.0","1619647200000.0","1619683200000.0"
"e283cbe5-6719-4bd9-922b-1aed5550ede9","TrendTypeStrategy_LongOnly","BTC-USDT","Bybit Perpetual","long","54549.99999999999","54311.0","0.16318092500762205","9.77022127249011","8901.519459165782","-48.77046234931059","-0.5478891842346338","7200.0","1619690400000.0","1619697600000.0"
"1623da65-33fb-4e3c-aed1-92d05f67f5b1","TrendTypeStrategy_LongOnly","BTC-USDT","Bybit Perpetual","long","57138.229999999996","57770.19","0.15497833096919414","9.794573330248943","8855.187519933937","88.14553270904398","0.9954112491759133","57600.0","1619798400000.0","1619856000000.0"
"d948087d-8117-4389-8b8b-dd2e1f2f7124","TrendTypeStrategy_LongOnly","BTC-USDT","Bybit Perpetual","long","58100.0","57977.64","0.15385414416536192","9.822464277414241","8938.925776007527","-28.648057357488014","-0.32048657831325406","14400.0","1620007200000.0","1620021600000.0"
"5afbcb77-3967-4f32-924d-f6a367f3a0aa","TrendTypeStrategy_LongOnly","BTC-USDT","Bybit Perpetual","long","58845.47","58727.95","0.15144258549584047","9.793092490713597","8911.710121517915","-27.590625138185388","-0.3095996701190492","14400.0","1620028800000.0","1620043200000.0"
"3f99639b-79ef-4e44-b61b-381a2188b37a","TrendTypeStrategy_LongOnly","BTC-USDT","Bybit Perpetual","long","57774.53","57144.06","0.1537961282876146","9.720718815649482","8885.499027636639","-106.68456381714203","-1.2006592256137802","28800.0","1620050400000.0","1620079200000.0"
"ee10aa28-c34e-4162-b5d4-25de8862d652","TrendTypeStrategy_LongOnly","BTC-USDT","Bybit Perpetual","long","57596.1","56888.80999999999","0.15251290785331567","9.603234591183826","8784.148692010354","-117.4740891867567","-1.337341765327875","21600.0","1620230400000.0","1620252000000.0"
"5253d563-bf86-4a06-b33b-6aaa9a98b744","TrendTypeStrategy_LongOnly","BTC-USDT","Bybit Perpetual","long","58208.829999999994","58172.21","0.1489902529785075","9.53680232532599","8672.548307282936","-14.992825389398241","-0.1728768161119118","36000.0","1620410400000.0","1620446400000.0"
"33a86df4-e90b-42e0-8089-122501c8dedf","TrendTypeStrategy_LongOnly","BTC-USDT","Bybit Perpetual","long","58933.84","58924.98","0.1469156790591451","9.523419715375255","8658.305123163007","-10.825092631838297","-0.12502553880757358","36000.0","1620482400000.0","1620518400000.0"
"5687fe37-2c28-4adb-9537-d3349bc610df","TrendTypeStrategy_LongOnly","BTC-USDT","Bybit Perpetual","long","37040.38","36416.19","0.23347550120065622","9.4326702234771","8648.021285162762","-155.16574331791352","-1.7942340588838317","28800.0","1622556000000.0","1622584800000.0"
"397602c1-b58c-4227-bd3f-7d3a9b53ef50","TrendTypeStrategy_LongOnly","BTC-USDT","Bybit Perpetual","long","37938.69","37945.72","0.2240618700595815","9.351541547132406","8500.613829010745","-7.776386600613809","-0.09148029491793515","7200.0","1622772000000.0","1622779200000.0"
"3affcbc3-ec13-4436-b052-41f9650db638","TrendTypeStrategy_LongOnly","BTC-USDT","Bybit Perpetual","long","35069.07","36940.88","0.24218567135484806","9.591877946738473","8493.226261740161","443.73368355197914","5.224559783022469","64800.0","1623247200000.0","1623312000000.0"
"5e28d922-2f00-4f95-abe1-1e779c93e830","TrendTypeStrategy_LongOnly","BTC-USDT","Bybit Perpetual","long","37404.26","37832.0","0.23833577408334078","9.86232074642952","8914.77326111454","92.08342325997818","1.0329306260837614","14400.0","1623319200000.0","1623333600000.0"
"5f0d8c6d-70e9-4d29-9255-50791014de44","TrendTypeStrategy_LongOnly","BTC-USDT","Bybit Perpetual","long","36893.51","36669.66","0.24400639877342975","9.872436306731684","9002.252513211519","-64.49326867216358","-0.7164125709372693","28800.0","1623340800000.0","1623369600000.0"
"47f51d2f-0e86-4165-9b02-7ab0d5602a9a","TrendTypeStrategy_LongOnly","BTC-USDT","Bybit Perpetual","long","38891.74","40350.98","0.22989416025029905","10.01959121369227","8940.983907972965","325.4511631899553","3.6399927182481555","122400.0","1623621600000.0","1623744000000.0"
"c95d0761-5003-4073-a4bf-9c3f3f8de1e5","TrendTypeStrategy_LongOnly","BTC-USDT","Bybit Perpetual","long","39950.0","40132.86","0.23154349219032352","10.198465787943825","9250.162513003424","32.14157719397887","0.347470405506885","14400.0","1623787200000.0","1623801600000.0"
"ad82f066-cedd-4da9-b578-422eb8a54e6b","TrendTypeStrategy_LongOnly","BTC-USDT","Bybit Perpetual","long","34280.87","33909.1","0.2707252473854282","10.153410573600212","9280.697011337705","-110.80093579408195","-1.193885929674492","14400.0","1624428000000.0","1624442400000.0"
"fe7d85cc-5392-4eb0-ab79-98d373b226bc","TrendTypeStrategy_LongOnly","BTC-USDT","Bybit Perpetual","long","32839.1","32899.99","0.2794058339702771","10.102336896243406","9175.436122333325","6.910684334206602","0.07531723007024985","14400.0","1624759200000.0","1624773600000.0"
"ba61bb9b-84c1-487e-870b-e706feda8f69","TrendTypeStrategy_LongOnly","BTC-USDT","Bybit Perpetual","long","34769.69","34184.12","0.2640806194260237","10.015150671121392","9182.001272450821","-164.652838988418","-1.7932129837798374","14400.0","1625551200000.0","1625565600000.0"
"6f031378-e0f1-4d31-a8ae-87f932bf7790","TrendTypeStrategy_LongOnly","BTC-USDT","Bybit Perpetual","long","34796.05","34692.64","0.25938521974223583","9.91338651888756","9025.581075411827","-36.73641209243307","-0.40702545116472544","14400.0","1625637600000.0","1625652000000.0"
"782771d8-2b79-4da3-81a7-2cb5aa9d9ce3","TrendTypeStrategy_LongOnly","BTC-USDT","Bybit Perpetual","long","34321.89","34271.16","0.26195181803577877","9.882440783665492","8990.681483924014","-23.171256512619482","-0.25772525201845214","7200.0","1626069600000.0","1626076800000.0"
"5dc9bf3b-f94d-4283-b6fa-4b5f7002535c","TrendTypeStrategy_LongOnly","BTC-USDT","Bybit Perpetual","long","34049.5","33565.88","0.2634008954679812","9.795473401674304","8968.668790237025","-137.18141446790005","-1.529562721919566","14400.0","1626084000000.0","1626098400000.0"
"48353055-c3e9-46f4-a19c-b0e7ea996f4a","TrendTypeStrategy_LongOnly","BTC-USDT","Bybit Perpetual","long","32717.98","32619.720000000005","0.2701372898477387","9.70758206158653","8838.346446492518","-36.25127216202392","-0.41015898597650213","28800.0","1626292800000.0","1626321600000.0"
"6036d85f-b1ec-440c-9e5e-3ad0746d657e","TrendTypeStrategy_LongOnly","BTC-USDT","Bybit Perpetual","long","30651.09","32163.67","0.2872298420036154","9.923250474662261","8803.907737938596","424.53486394316576","4.822118502147878","43200.0","1626847200000.0","1626890400000.0"
"b77df034-28fe-405f-85fd-42f8d7dbc139","TrendTypeStrategy_LongOnly","BTC-USDT","Bybit Perpetual","long","32163.67","32384.449999999997","0.286261358193409","10.16269787501713","9207.215858684602","53.03808478692337","0.5760491075800704","86400.0","1626890400000.0","1626976800000.0"
"abdbc2c5-0127-46e2-9b7f-decb2a2b5c4c","TrendTypeStrategy_LongOnly","BTC-USDT","Bybit Perpetual","long","33828.05","34510.01","0.2736664406973556","10.28600850439928","9257.60203923218","176.34355739356909","1.9048513496935209","93600.0","1627156800000.0","1627250400000.0"
"1231732f-1311-446d-a1bc-6848ec06538b","TrendTypeStrategy_LongOnly","BTC-USDT","Bybit Perpetual","long","35370.66","39198.18","0.2664674173101681","10.928591413638337","9425.12841875607","1008.9807776893755","10.705220479346433","64800.0","1627257600000.0","1627322400000.0"
"e1f3612e-2df6-4306-96f3-1a712b98ece6","TrendTypeStrategy_LongOnly","BTC-USDT","Bybit Perpetual","long","39198.18","37343.01","0.2649015887360326","11.151735559110593","10383.660157560978","-502.58921593453573","-4.840193229634637","57600.0","1627322400000.0","1627380000000.0"
"b919c0bc-db1f-4bdc-b9cf-5058a45b6b97","TrendTypeStrategy_LongOnly","BTC-USDT","Bybit Perpetual","long","40375.3","39595.02","0.24535298567250688","10.791526227452186","9906.200402423168","-202.23555388799736","-2.041504771481589","28800.0","1627502400000.0","1627531200000.0"
"32467566-8621-4f18-ba42-a3f677652ddb","TrendTypeStrategy_LongOnly","BTC-USDT","Bybit Perpetual","long","42203.25","41643.68","0.2301736626025145","10.61464523684216","9714.076626229571","-139.41292161933114","-1.4351639068081243","36000.0","1627689600000.0","1627725600000.0"
"ddae3dab-f4ad-406c-8cfa-12430e3bedde","TrendTypeStrategy_LongOnly","BTC-USDT","Bybit Perpetual","long","40684.49","43150.0","0.23551074010491974","10.859157532420172","9581.634350691205","569.7949273036609","5.946740466698739","115200.0","1628186400000.0","1628301600000.0"
"80356f23-0edf-4678-9749-aafb5c46ddee","TrendTypeStrategy_LongOnly","BTC-USDT","Bybit Perpetual","long","43150.0","43207.27","0.2345988303969799","11.14262299605191","10122.939531629683","2.2928520207823766","0.022650061413665802","21600.0","1628301600000.0","1628323200000.0"
"bbe7c7c1-d0d2-4a5d-8ed3-8aa06e297aaf","TrendTypeStrategy_LongOnly","BTC-USDT","Bybit Perpetual","long","43168.83","43540.96","0.2345469576323803","11.185634592793427","10125.117741049427","76.09632475094364","0.7515598998165977","144000.0","1628344800000.0","1628488800000.0"
"13fe6f7d-3fd9-457e-8608-5db4e3a8816d","TrendTypeStrategy_LongOnly","BTC-USDT","Bybit Perpetual","long","44861.31","45578.07","0.22730966281552686","11.306759735174918","10197.409249562823","151.61971418448258","1.4868454376388074","72000.0","1628503200000.0","1628575200000.0"
"a3a7d849-eb06-4e99-9a09-79e1b66d2520","TrendTypeStrategy_LongOnly","BTC-USDT","Bybit Perpetual","long","46108.85","46229.43","0.2242833637802305","11.39046702424443","10341.44797803808","15.653620980376157","0.15136778731198405","7200.0","1628841600000.0","1628848800000.0"
"1f99f9a3-861d-4459-944b-8cf165b20a03","TrendTypeStrategy_LongOnly","BTC-USDT","Bybit Perpetual","long","47565.92","47792.52","0.21772560938523713","11.419085952464066","10356.318917969438","37.91753713423035","0.36612948514398236","7200.0","1628892000000.0","1628899200000.0"
"a681b658-bc3e-4d77-9092-4262796170be","TrendTypeStrategy_LongOnly","BTC-USDT","Bybit Perpetual","long","46943.19","46794.89","0.22138121798384294","11.4135176770268","10392.340578246956","-44.24435230403135","-0.42574001468584244","7200.0","1628956800000.0","1628964000000.0"
"cd55da24-b78b-4ceb-a8f2-47e490c0b830","TrendTypeStrategy_LongOnly","BTC-USDT","Bybit Perpetual","long","47044.67","47153.85","0.22001022525098232","11.39855068193004","10350.30844355813","12.622165710972276","0.12194965763390476","21600.0","1628971200000.0","1628992800000.0"
"c060c84b-4edf-4ee1-aab0-d8948e2d695b","TrendTypeStrategy_LongOnly","BTC-USDT","Bybit Perpetual","long","46855.07","47006.02","0.22115641916624076","11.416890409892137","10362.299500983552","21.966671063251265","0.2119864520531014","7200.0","1629064800000.0","1629072000000.0"
"005cd9ea-9fdb-472f-8704-36904d747d3a","TrendTypeStrategy_LongOnly","BTC-USDT","Bybit Perpetual","long","47671.66","47335.09","0.21780587960422695","11.38116581364889","10383.167838493642","-84.68809071204508","-0.8156286407899515","21600.0","1629079200000.0","1629100800000.0"
"f704d4e7-7d45-4366-983a-9c13cf93b6cc","TrendTypeStrategy_LongOnly","BTC-USDT","Bybit Perpetual","long","46864.78","46396.71","0.21983916605001025","11.276390502399755","10302.7141523172","-114.17650895542798","-1.1082177692928457","7200.0","1629201600000.0","1629208800000.0"
"80c93eb9-e99c-48f9-9248-5a3433d99f81","TrendTypeStrategy_LongOnly","BTC-USDT","Bybit Perpetual","long","45789.99","45735.71","0.22263045850871652","11.207024705982178","10194.246468809544","-23.29140599383505","-0.22847599442585337","7200.0","1629388800000.0","1629396000000.0"
"7eac9afd-83f6-4a7b-8e6a-bd8ba5521ad0","TrendTypeStrategy_LongOnly","BTC-USDT","Bybit Perpetual","long","46719.82","47092.39","0.21772600222165672","11.233946593583191","10172.119633115402","69.88423005413938","0.687017382558408","28800.0","1629403200000.0","1629432000000.0"
"e0b82663-1ef9-4c77-9d2c-1469f363b321","TrendTypeStrategy_LongOnly","BTC-USDT","Bybit Perpetual","long","49378.76","49332.74","0.2073464309688383","11.257112471319266","10238.509651666835","-20.79919522450605","-0.20314670720772265","7200.0","1629496800000.0","1629504000000.0"
"aae5939b-b7c6-4c71-bcc0-c93b570c6af5","TrendTypeStrategy_LongOnly","BTC-USDT","Bybit Perpetual","long","49169.2","49198.9","0.20782828307565618","11.24402033282795","10218.750416203553","-5.071520325480055","-0.04962955468056353","7200.0","1629554400000.0","1629561600000.0"
"fb2a32bf-e010-4ed7-af05-97898d19251b","TrendTypeStrategy_LongOnly","BTC-USDT","Bybit Perpetual","long","48999.94","49162.46","0.2084478567095051","11.253958039203619","10213.932471894348","22.622987633224483","0.22149145488748923","7200.0","1629576000000.0","1629583200000.0"
"0d539b86-4311-4cb4-b6a0-c79d7ac300f6","TrendTypeStrategy_LongOnly","BTC-USDT","Bybit Perpetual","long","49860.4","50266.51","0.2052816325209166","11.30481854924119","10235.42431014591","72.06210523382838","0.7040460956991933","14400.0","1629684000000.0","1629698400000.0"
"11460f1f-7c0a-43e6-951b-fcd870bf9f44","TrendTypeStrategy_LongOnly","BTC-USDT","Bybit Perpetual","long","49571.64","49466.200000000004","0.207858430952013","11.322217515002082","10303.883310118046","-33.23881047458131","-0.3225852765815193","7200.0","1629734400000.0","1629741600000.0"
"4560e8c6-9f14-41e8-a81e-8e1d6e13f191","TrendTypeStrategy_LongOnly","BTC-USDT","Bybit Perpetual","long","48668.11","47945.44","0.21106853009428952","11.21564399213013","10272.306440167193","-163.74853863536998","-1.5940776259854725","28800.0","1629921600000.0","1629950400000.0"
"697c1c10-1f29-4cac-ad63-0264e020a4b3","TrendTypeStrategy_LongOnly","BTC-USDT","Bybit Perpetual","long","48199.56","48292.5","0.20989289795308486","11.13914895657462","10116.74532846359","8.368296979185576","0.08271728414118784","14400.0","1630080000000.0","1630094400000.0"
"0336cbea-f35b-45c2-91ca-8603fbaf46b8","TrendTypeStrategy_LongOnly","BTC-USDT","Bybit Perpetual","long","48983.27","49083.98","0.20669700513244255","11.14861378211599","10124.695210593818","9.66784160477362","0.09548772979020469","7200.0","1630101600000.0","1630108800000.0"
"838d9d45-ea75-4553-bc92-579f7d6cb351","TrendTypeStrategy_LongOnly","BTC-USDT","Bybit Perpetual","long","48766.72","50170.72000000001","0.20780318340290987","11.307733244353916","10133.879660118353","280.44793625333307","2.7674291155936","72000.0","1630519200000.0","1630591200000.0"
"1124f012-8673-4897-84f8-82e6d8e58558","TrendTypeStrategy_LongOnly","BTC-USDT","Bybit Perpetual","long","49604.46","49403.34999999999","0.20966471965543054","11.417144600041473","10400.305199559018","-53.582816369946755","-0.5152042689306724","14400.0","1630598400000.0","1630612800000.0"
"968ff593-c5bd-4851-9a26-032200b5f8ff","TrendTypeStrategy_LongOnly","BTC-USDT","Bybit Perpetual","long","49509.88","49353.7","0.2090370957071108","11.366385598924182","10349.40152400757","-44.01379920646081","-0.42527868982918227","14400.0","1630641600000.0","1630656000000.0"
"0e07c210-138a-4dc3-8cd2-b627938f4ba9","TrendTypeStrategy_LongOnly","BTC-USDT","Bybit Perpetual","long","50137.87","50319.840000000004","0.20558488852361362","11.358922911428127","10307.588414761432","26.051359253214084","0.2527396147861909","72000.0","1630663200000.0","1630735200000.0"
"3ea4b752-d1ba-4785-9823-a459ea1d0927","TrendTypeStrategy_LongOnly","BTC-USDT","Bybit Perpetual","long","46169.0","44361.98","0.22379382715787619","11.143150969804232","10332.337206051985","-415.543072520629","-4.021772269271582","7200.0","1631541600000.0","1631548800000.0"
"16862e21-bcd8-4d5e-9558-8784af3100fb","TrendTypeStrategy_LongOnly","BTC-USDT","Bybit Perpetual","long","44763.15","45986.45","0.22200339536331531","11.080695630324497","9937.571287157389","260.49605791761815","2.6213251748368815","57600.0","1631563200000.0","1631620800000.0"
"9abc1760-643a-4d58-82f1-282696bfe32b","TrendTypeStrategy_LongOnly","BTC-USDT","Bybit Perpetual","long","48029.99","48044.67","0.21205589553899817","11.205258935697621","10185.042542179126","-8.092278389185067","-0.07945257327765363","14400.0","1631844000000.0","1631858400000.0"
"f6f384e7-cd8c-452c-892e-2cc01861548c","TrendTypeStrategy_LongOnly","BTC-USDT","Bybit Perpetual","long","48665.76","48618.84","0.20912762644021998","11.189693617952425","10177.3548777094","-21.0019618505287","-0.20635972807165762","14400.0","1631944800000.0","1631959200000.0"
"d6a35828-c556-4fdb-8095-b8a828beebc0","TrendTypeStrategy_LongOnly","BTC-USDT","Bybit Perpetual","long","42953.64","43276.02","0.23647362630853633","11.21507221755368","10157.403013951398","65.01929543179163","0.6401173148538689","21600.0","1632967200000.0","1632988800000.0"
"d235ee6c-5bab-466e-80be-10018a3729c5","TrendTypeStrategy_LongOnly","BTC-USDT","Bybit Perpetual","long","43132.35","43055.44","0.23692591163272117","11.231066394547742","10219.171344611601","-29.453038258219433","-0.2882135670789934","7200.0","1632996000000.0","1633003200000.0"
"1bfc7006-5777-4108-88da-f1e4557f0be3","TrendTypeStrategy_LongOnly","BTC-USDT","Bybit Perpetual","long","43051.49","43796.57","0.2367209812776815","11.30731689189463","10191.190958266292","165.06875183848072","1.6197199376839264","36000.0","1633010400000.0","1633046400000.0"
"6128baf3-a47c-484b-a41e-475c056d3c87","TrendTypeStrategy_LongOnly","BTC-USDT","Bybit Perpetual","long","44753.98","44888.92","0.23121979927847416","11.399967339607183","10348.006272512848","19.800832375028975","0.19134924983207088","7200.0","1633075200000.0","1633082400000.0"
"a9e0d93e-f3aa-441d-b4e4-db33a5d46c13","TrendTypeStrategy_LongOnly","BTC-USDT","Bybit Perpetual","long","47482.27","47702.95999999999","0.2183302749272334","11.429999589201568","10366.817063269125","36.753308784488496","0.3545283818570492","72000.0","1633089600000.0","1633161600000.0"
"90907938-af5d-4843-af3a-f330c8304d15","TrendTypeStrategy_LongOnly","BTC-USDT","Bybit Perpetual","long","47760.27","47570.0","0.21779049211016588","11.419114528962242","10401.732706614392","-52.85811146276281","-0.5081664079788427","50400.0","1633298400000.0","1633348800000.0"
"c2371996-d62d-410e-b70d-e9ce757d5c26","TrendTypeStrategy_LongOnly","BTC-USDT","Bybit Perpetual","long","48101.09","47747.79","0.21520338729797528","11.344852004594436","10351.517500724765","-87.37620873696815","-0.8440908179003751","7200.0","1633356000000.0","1633363200000.0"
"da439589-b4ff-40b7-9258-9a0c901568b1","TrendTypeStrategy_LongOnly","BTC-USDT","Bybit Perpetual","long","49287.87","51705.7","0.20833746928858246","11.572409633520618","10268.510102424645","492.15217373649153","4.792829425373818","100800.0","1633370400000.0","1633471200000.0"
"0320f513-232c-4668-9382-7b605d5a79fa","TrendTypeStrategy_LongOnly","BTC-USDT","Bybit Perpetual","long","51705.7","51484.84","0.20763773950404527","11.78443775509097","10736.054667474313","-57.643308901954526","-0.5369133325726189","21600.0","1633471200000.0","1633492800000.0"
"3c17b389-3971-4f6e-937a-c60b7d5fdc6b","TrendTypeStrategy_LongOnly","BTC-USDT","Bybit Perpetual","long","51296.44","55014.04","0.20822679944295264","12.175180048704217","10681.293524017454","761.9287695604162","7.1333005487320325","14400.0","1633521600000.0","1633536000000.0"
"54229629-ed20-484e-932c-6a1830f0058d","TrendTypeStrategy_LongOnly","BTC-USDT","Bybit Perpetual","long","55014.04","54019.5","0.20731300328243207","12.432238849753354","11405.12585509985","-218.61331313426354","-1.916798779002598","100800.0","1633536000000.0","1633636800000.0"
"22683aff-8efb-40cf-8afd-a95d39997114","TrendTypeStrategy_LongOnly","BTC-USDT","Bybit Perpetual","long","55016.87","55182.23","0.20352744908284132","12.335697942823717","11197.4432076223","21.31960103751504","0.1903970454880486","7200.0","1633860000000.0","1633867200000.0"
"a7ab81ed-dbaa-481c-93b2-264a576326eb","TrendTypeStrategy_LongOnly","BTC-USDT","Bybit Perpetual","long","54832.87","57500.0","0.20457978633268584","12.639568998505556","11217.69682860794","533.0013165229904","4.75143271089038","64800.0","1633903200000.0","1633968000000.0"
"69d9a84e-1c1a-4854-94de-8ba0fa849bf8","TrendTypeStrategy_LongOnly","BTC-USDT","Bybit Perpetual","long","57500.0","57500.01","0.20389648833573532","12.896454008665945","11724.048079304781","-12.894415043782171","-0.10998261826086601","28800.0","1633968000000.0","1633996800000.0"
"39b74ac2-d8ed-464f-8ec7-b8605f91b56e","TrendTypeStrategy_LongOnly","BTC-USDT","Bybit Perpetual","long","57541.59","57990.0","0.2035362315329345","12.933175448384432","11711.798385013188","78.33450613329943","0.6688512178756331","28800.0","1634162400000.0","1634191200000.0"
"986f421e-dc49-486c-ad88-6ddc3fc80a47","TrendTypeStrategy_LongOnly","BTC-USDT","Bybit Perpetual","long","59445.04","59290.78","0.19827080889910784","12.948015892184378","11786.216165839822","-43.533270872961154","-0.36935747877367403","14400.0","1634270400000.0","1634284800000.0"
"889b126b-1522-4ed9-a33d-9fdd335df10f","TrendTypeStrategy_LongOnly","BTC-USDT","Bybit Perpetual","long","60017.24","60090.68","0.19569143063743866","12.927249882627867","11744.859558510509","1.4443287833860836","0.012297539840223125","7200.0","1634306400000.0","1634313600000.0"
"153201f1-dfb8-427e-87ce-902fb1020854","TrendTypeStrategy_LongOnly","BTC-USDT","Bybit Perpetual","long","61800.29","61687.72","0.19006758173553434","12.909087088718415","11746.231670854726","-34.304994764687464","-0.2920510656179764","64800.0","1634320800000.0","1634385600000.0"
"5079d013-92ee-4d50-8d1c-593b60495597","TrendTypeStrategy_LongOnly","BTC-USDT","Bybit Perpetual","long","61070.0","60988.97","0.19180681064071187","12.876457960184684","11713.641925828273","-28.418563826401343","-0.24261082937612385","7200.0","1634392800000.0","1634400000000.0"
"3786724b-e6ed-410a-b70a-2f4d3871f5ed","TrendTypeStrategy_LongOnly","BTC-USDT","Bybit Perpetual","long","62144.88","62409.0","0.18805482109215102","12.882626690853286","11686.644290193193","36.786412656006135","0.3147731011790555","14400.0","1634522400000.0","1634536800000.0"
"ec4e7482-c421-45e2-bd02-16dc6b7bd588","TrendTypeStrategy_LongOnly","BTC-USDT","Bybit Perpetual","long","61929.37","61295.23","0.18927354472064548","12.827736261331008","11721.5913822164","-132.853661910481","-1.1334097698717092","7200.0","1634544000000.0","1634551200000.0"
"ff8e0668-c610-42ec-a679-ad2e3dce212f","TrendTypeStrategy_LongOnly","BTC-USDT","Bybit Perpetual","long","62634.98999999999","62320.32","0.18512624338890202","12.722878922487636","11595.380403401443","-70.97655392967177","-0.6121106118161607","14400.0","1634616000000.0","1634630400000.0"
"18f10f10-c616-4286-8bf7-b0f9b4f8f251","TrendTypeStrategy_LongOnly","BTC-USDT","Bybit Perpetual","long","63435.17","64316.7","0.18172809621489552","12.768857267646055","11527.952677168254","147.42991138867058","1.2788906713736226","21600.0","1634666400000.0","1634688000000.0"
"71b04ea8-fc74-4d0f-bde1-bfb00bb4ca80","TrendTypeStrategy_LongOnly","BTC-USDT","Bybit Perpetual","long","66140.27","66450.94","0.17641311553441635","12.864955646717934","11668.011092987492","41.941306956358886","0.35945549436069474","21600.0","1634738400000.0","1634760000000.0"
"aeeb3e35-1c4b-4166-a049-813b33568d00","TrendTypeStrategy_LongOnly","BTC-USDT","Bybit Perpetual","long","65125.01","65128.87","0.1797751022932055","12.879022530597805","11707.855334596032","-12.185090635745928","-0.1040761974547097","21600.0","1634781600000.0","1634803200000.0"
"7320801b-8117-4abb-bb0c-40186f762f2d","TrendTypeStrategy_LongOnly","BTC-USDT","Bybit Perpetual","long","66289.24","63040.21000000001","0.1764431074861029","12.550609526107715","11696.279498492073","-585.8195590416803","-5.008597469966465","21600.0","1634810400000.0","1634832000000.0"
"91d908eb-d442-43ab-962d-a965be8256ad","TrendTypeStrategy_LongOnly","BTC-USDT","Bybit Perpetual","long","61087.49","61186.91999999999","0.1823573192711384","12.263698492683044","11139.750917402474","5.868089762444974","0.0526770284717755","21600.0","1635415200000.0","1635436800000.0"
"4f523afb-6a0f-4b1e-873f-823438a3b69e","TrendTypeStrategy_LongOnly","BTC-USDT","Bybit Perpetual","long","62346.25","62383.87","0.17876497147265152","12.26355698896922","11145.3256026768","-5.538418762167602","-0.049692749764416275","21600.0","1635523200000.0","1635544800000.0"
"68cc365e-8271-407a-8f4e-524d55cd3b1e","TrendTypeStrategy_LongOnly","BTC-USDT","Bybit Perpetual","long","63155.43","63638.58","0.17639123199466367","12.300943398394038","11140.064104852741","72.92248033982797","0.6545965952571322","36000.0","1635847200000.0","1635883200000.0"
"39963837-93fb-4934-87a5-f0c357d8043f","TrendTypeStrategy_LongOnly","BTC-USDT","Bybit Perpetual","long","65132.08","68563.98","0.17210168109440968","12.655124174934485","11209.34046117558","577.9806351729691","5.156241236269429","93600.0","1636336800000.0","1636430400000.0"
"1698f60e-672d-4a62-a89d-f4bac086874d","TrendTypeStrategy_LongOnly","BTC-USDT","Bybit Perpetual","long","68563.98","66504.39","0.17149561715334935","12.739998409075815","11758.4220645899","-365.950656541942","-3.1122429058231402","100800.0","1636430400000.0","1636531200000.0"
"74f4f593-ce1e-45c4-8dfc-7bb441590123","TrendTypeStrategy_LongOnly","BTC-USDT","Bybit Perpetual","long","68036.3","64313.65","0.16771589491014438","12.208454668059577","11410.768940875058","-636.5560308553089","-5.578555083830252","28800.0","1636552800000.0","1636581600000.0"
"904b7997-6c32-4d76-99a8-f6dc4ebdc915","TrendTypeStrategy_LongOnly","BTC-USDT","Bybit Perpetual","long","58880.96","56007.95","0.1835235144189652","11.596649092030308","10806.040711562513","-538.8615412528619","-4.986669545639205","21600.0","1637589600000.0","1637611200000.0"
"e2369502-ab48-4aee-a42b-614997eb0a35","TrendTypeStrategy_LongOnly","BTC-USDT","Bybit Perpetual","long","56177.84","57574.23","0.1832416883129058","11.464266745738314","10294.122247372292","244.41259439752145","2.374292713105393","43200.0","1637668800000.0","1637712000000.0"
"d551502b-0a86-4975-bb58-fdd214622b8b","TrendTypeStrategy_LongOnly","BTC-USDT","Bybit Perpetual","long","56297.74","56329.32","0.18697578645341603","11.582193215689841","10526.314212049938","-5.677497879490637","-0.05393623793778979","115200.0","1638136800000.0","1638252000000.0"
"8b8442ff-fa8e-45fb-879e-fec89597f6d9","TrendTypeStrategy_LongOnly","BTC-USDT","Bybit Perpetual","long","56743.03","57187.6","0.18541344353772476","11.618348737997326","10520.920589064423","70.81090585556892","0.6730485726616992","93600.0","1638266400000.0","1638360000000.0"
"f13340a2-3915-4966-a13b-1db2cad906ee","TrendTypeStrategy_LongOnly","BTC-USDT","Bybit Perpetual","long","58650.24999999999","57209.29","0.18053104547085838","11.503934136185006","10588.190949627211","-271.6419494178717","-2.565518044680103","28800.0","1638374400000.0","1638403200000.0"
"4730fa0b-1884-40f1-9f83-c86ccab3b668","TrendTypeStrategy_LongOnly","BTC-USDT","Bybit Perpetual","long","50626.17","50270.98","0.2040472565410386","11.32328265767031","10330.131097680232","-83.7988277084808","-0.8112077854200604","7200.0","1638979200000.0","1638986400000.0"
"47845ab4-4a4a-459d-b7f2-59d400b56f49","TrendTypeStrategy_LongOnly","BTC-USDT","Bybit Perpetual","long","49589.99","47973.4","0.2067054704257286","11.091787534453353","10250.522211357176","-345.24978396998125","-3.368118978245401","7200.0","1639144800000.0","1639152000000.0"
"d5c1dcfa-800e-4630-888d-c21ca9d6c6a3","TrendTypeStrategy_LongOnly","BTC-USDT","Bybit Perpetual","long","48280.22","48250.16","0.20551967071785698","10.911390551528285","9922.534916585693","-17.089311853306587","-0.17222727858323278","21600.0","1639519200000.0","1639540800000.0"
"4d80e34c-cb1f-4682-8fb0-052a6c2227ad","TrendTypeStrategy_LongOnly","BTC-USDT","Bybit Perpetual","long","48659.07","48821.44","0.20358588995484403","10.91511100988114","9906.300070325053","22.14112994208742","0.22350554480388266","28800.0","1639598400000.0","1639627200000.0"
"ec255bc7-4dcb-40c3-be82-63443e1a92ea","TrendTypeStrategy_LongOnly","BTC-USDT","Bybit Perpetual","long","47228.69","47129.99","0.21019710992979132","10.908657008034503","9927.334143770036","-31.655111758105825","-0.3188682006636313","7200.0","1639929600000.0","1639936800000.0"
"91a4c4f2-bf4d-4a10-a7eb-d63cf9f369bb","TrendTypeStrategy_LongOnly","BTC-USDT","Bybit Perpetual","long","46668.63","46074.13","0.21207525885374895","10.817644658596112","9897.261787599833","-136.89638604714986","-1.3831743464507102","43200.0","1639958400000.0","1640001600000.0"
"f73bb85e-d167-448d-9900-50cc595ca754","TrendTypeStrategy_LongOnly","BTC-USDT","Bybit Perpetual","long","46948.24","46898.13999999999","0.2080420953129455","10.738198643004196","9767.21022085504","-21.161107618183976","-0.21665457320659054","7200.0","1640037600000.0","1640044800000.0"
"02c960e0-78e5-4be4-b855-254baf5a284d","TrendTypeStrategy_LongOnly","BTC-USDT","Bybit Perpetual","long","47927.51","48574.38","0.2033718665671921","10.79417322310902","9747.107168617766","120.76098610320958","1.2389418112895814","14400.0","1640059200000.0","1640073600000.0"
"2b36522d-c3b7-4ab4-8f64-92bbd6171085","TrendTypeStrategy_LongOnly","BTC-USDT","Bybit Perpetual","long","50030.94","51263.75","0.1971146275767718","10.981665802170003","9861.830105415816","232.0232182207496","2.3527399655093384","57600.0","1640282400000.0","1640340000000.0"
"850725d6-372a-4f68-b525-60f6180b0b22","TrendTypeStrategy_LongOnly","BTC-USDT","Bybit Perpetual","long","50976.0","51027.82","0.19778429383877763","11.096114429156781","10082.252162725528","-0.8469323224313818","-0.00840022951977459","7200.0","1640347200000.0","1640354400000.0"
"4e3f613b-6bf7-442a-a2d9-3093636528e1","TrendTypeStrategy_LongOnly","BTC-USDT","Bybit Perpetual","long","50923.47","50808.55","0.19797251791795054","11.077079283753617","10081.447577019217","-33.82808104288415","-0.33554785445689045","28800.0","1640361600000.0","1640390400000.0"
"dcec6cb0-a8dd-4ac4-a1c5-7eb4fa69e6f8","TrendTypeStrategy_LongOnly","BTC-USDT","Bybit Perpetual","long","50777.32","50750.16","0.19790943870272154","11.051285618835983","10049.310900028477","-16.426505974001152","-0.16345902855841196","43200.0","1640556000000.0","1640599200000.0"
"f3d5baee-c45d-41d4-8c84-666248506cbc","TrendTypeStrategy_LongOnly","BTC-USDT","Bybit Perpetual","long","51293.82","49818.130000000005","0.19561237044449364","10.878311520870817","10033.705719353176","-299.5415304621047","-2.9853529577247224","43200.0","1640613600000.0","1640656800000.0"
"1ce5a618-5f12-4023-b2d9-e5dd7d0995a0","TrendTypeStrategy_LongOnly","BTC-USDT","Bybit Perpetual","long","48279.47","47943.72","0.20193140615284663","10.686766233666894","9749.141265414175","-78.48523584948515","-0.8050476827935351","14400.0","1640944800000.0","1640959200000.0"
"bbbe6225-8f2c-4552-bcb8-bd8060d1ce73","TrendTypeStrategy_LongOnly","BTC-USDT","Bybit Perpetual","long","46933.15","46058.09","0.2061353284694755","10.542828891201106","9674.580291357164","-190.92360942170134","-1.9734562500066686","21600.0","1641304800000.0","1641326400000.0"
"4aab947d-63c9-44f8-a159-789dc902a63a","TrendTypeStrategy_LongOnly","BTC-USDT","Bybit Perpetual","long","46850.75","46271.93","0.20262648650035586","10.378016804043327","9493.202862406548","-127.66227972017924","-1.3447756417986898","7200.0","1641376800000.0","1641384000000.0"
"7607fefd-aa10-4c87-8ec2-fc4ff69adebd","TrendTypeStrategy_LongOnly","BTC-USDT","Bybit Perpetual","long","46611.46","46007.98999999999","0.2010647960109462","10.242380951492816","9371.923696672378","-131.57895340022023","-1.403969533458099","7200.0","1641398400000.0","1641405600000.0"
"68601ab7-e06e-4b66-ad6b-c4ff6d19dc09","TrendTypeStrategy_LongOnly","BTC-USDT","Bybit Perpetual","long","41967.92","41800.95","0.22033314233686518","10.151382096409595","9246.92369094217","-46.94040687239624","-0.5076326834877717","7200.0","1641895200000.0","1641902400000.0"
"da146829-726b-4747-a767-12d03b4c2ece","TrendTypeStrategy_LongOnly","BTC-USDT","Bybit Perpetual","long","42523.15","42700.68","0.216407540467096","10.143693691717253","9202.330304413394","28.27513696740605","0.3072606180398179","21600.0","1641924000000.0","1641945600000.0"
"5c888f92-8dcb-4abd-9a03-f05b45d41c99","TrendTypeStrategy_LongOnly","BTC-USDT","Bybit Perpetual","long","43082.57","42965.85","0.2142210105973815","10.138358720989364","9229.19168453243","-35.142235077915984","-0.38077262103909115","36000.0","1642176000000.0","1642212000000.0"
"54b52c99-f6e1-4819-ac4c-f38aa6fb8503","TrendTypeStrategy_LongOnly","BTC-USDT","Bybit Perpetual","long","36050.48","36389.86","0.255081390350653","10.163000454570714","9195.80656120841","76.40652180263325","0.8308843959913915","50400.0","1643054400000.0","1643104800000.0"
"707b703d-b07d-41a6-837a-83060bb600b9","TrendTypeStrategy_LongOnly","BTC-USDT","Bybit Perpetual","long","36311.23","35730.42","0.25524865880117276","10.11369399717793","9268.392756920908","-158.36466751548835","-1.708652963559772","21600.0","1643234400000.0","1643256000000.0"
"8217bf2c-7d43-4676-8039-e2766c8983e2","TrendTypeStrategy_LongOnly","BTC-USDT","Bybit Perpetual","long","37341.84","37196.06","0.24417506804113553","10.010163242278846","9117.946322781196","-45.606004661315296","-0.5001784727265685","7200.0","1643342400000.0","1643349600000.0"
"8d7eedde-3cce-4af7-b528-ed534e5bb02f","TrendTypeStrategy_LongOnly","BTC-USDT","Bybit Perpetual","long","38449.98","38439.04","0.2360110621215653","9.980662601627454","9074.620618352945","-12.562623621237929","-0.13843690165769224","21600.0","1643652000000.0","1643673600000.0"
"51d0568f-c214-4e17-b9e0-c3e1daeb442b","TrendTypeStrategy_LongOnly","BTC-USDT","Bybit Perpetual","long","38604.97","38404.67","0.23475438851300154","9.943093021293512","9062.686125912769","-56.964397040448404","-0.6285597476179956","50400.0","1643731200000.0","1643781600000.0"
"2754e77c-6db7-4c95-b1c6-e714baf17451","TrendTypeStrategy_LongOnly","BTC-USDT","Bybit Perpetual","long","37858.99","37995.23","0.23795061486649127","9.927257059069955","9008.569948724344","22.491134710342063","0.24966376282094493","7200.0","1643961600000.0","1643968800000.0"
"9068cd3d-4c38-49ea-8160-55104733e39d","TrendTypeStrategy_LongOnly","BTC-USDT","Bybit Perpetual","long","37415.8","39481.72","0.24134019656666883","10.207154425759143","9029.936526699168","488.3823844652529","5.408480812918602","7200.0","1643983200000.0","1643990400000.0"
"829c5796-0393-43ff-a5d1-63c96c64d1b8","TrendTypeStrategy_LongOnly","BTC-USDT","Bybit Perpetual","long","39481.72","41509.99","0.24046317617219204","10.711538106619399","9493.899791941158","477.0127082281518","5.024412714289035","50400.0","1643990400000.0","1644040800000.0"
"6ad6bc23-e7d7-4500-b528-42956d74dd17","TrendTypeStrategy_LongOnly","BTC-USDT","Bybit Perpetual","long","41509.99","41503.15","0.23963055314534895","10.940866561092761","9947.061864757903","-12.57993954460611","-0.126468898209796","28800.0","1644040800000.0","1644069600000.0"
"c58eacff-26ca-4c06-b6c2-5043c9894526","TrendTypeStrategy_LongOnly","BTC-USDT","Bybit Perpetual","long","42083.75","43805.26","0.23607950627476226","11.152149291375466","9935.110922190526","395.261081555691","3.9784264579558672","50400.0","1644199200000.0","1644249600000.0"
"6238ea96-7f1e-48af-8cd2-ad963cabf5b5","TrendTypeStrategy_LongOnly","BTC-USDT","Bybit Perpetual","long","43805.26","43855.17","0.23537376446729075","11.348130972156785","10310.608949668433","0.3993736124048066","0.0038734241047678336","172800.0","1644249600000.0","1644422400000.0"
"71102cd5-2ff5-4489-9226-8bb029cd8fed","TrendTypeStrategy_LongOnly","BTC-USDT","Bybit Perpetual","long","44936.02","43721.65","0.2294593147012179","11.1888305106637","10310.98835460022","-289.8373385043806","-2.8109559291187685","21600.0","1644508800000.0","1644530400000.0"
"64255b01-bab4-4e50-a5c2-8ceda926c64c","TrendTypeStrategy_LongOnly","BTC-USDT","Bybit Perpetual","long","42525.14","44214.4","0.2359931768130818","11.258466779947959","10035.642883021057","387.39536708331906","3.860194823579657","43200.0","1644883200000.0","1644926400000.0"
"04e7dfad-d302-48df-b5ab-26db94c52f40","TrendTypeStrategy_LongOnly","BTC-USDT","Bybit Perpetual","long","44214.4","44230.9","0.23530045599963378","11.446170681563427","10403.668481750208","-7.5637131575694685","-0.07270236619743795","7200.0","1644926400000.0","1644933600000.0"
"89324527-fe24-49f9-a2fe-9d53ec36898f","TrendTypeStrategy_LongOnly","BTC-USDT","Bybit Perpetual","long","44202.2","43860.7","0.2352028395475908","11.391954276337543","10396.482954250518","-91.7137239818398","-0.8821610575944185","14400.0","1645041600000.0","1645056000000.0"
"47c67c0c-49df-4fca-990f-d942403f146f","TrendTypeStrategy_LongOnly","BTC-USDT","Bybit Perpetual","long","39204.8","38913.6","0.26296154849579056","11.298174486507463","10309.354916467772","-87.87257740848283","-0.8523576704893389","14400.0","1645423200000.0","1645437600000.0"
"4266b774-d025-4957-804e-6f832880c328","TrendTypeStrategy_LongOnly","BTC-USDT","Bybit Perpetual","long","38039.6","38043.3","0.2688218584824686","11.249010617204696","10225.87596792971","-10.254369740818388","-0.10027864383430857","21600.0","1645560000000.0","1645581600000.0"
"ca9f78b3-49bd-4e28-bf43-32eed1786481","TrendTypeStrategy_LongOnly","BTC-USDT","Bybit Perpetual","long","38384.1","38667.3","0.2661553694544338","11.27920410868975","10216.134316675932","64.09599652080706","0.6273997045651829","79200.0","1645740000000.0","1645819200000.0"
"97db3d89-1d4a-4a75-b842-84387bd2738a","TrendTypeStrategy_LongOnly","BTC-USDT","Bybit Perpetual","long","37976.2","40792.8","0.2706175318586563","11.723949801835973","10277.025513370701","750.4973904312569","7.30267127832697","7200.0","1646056800000.0","1646064000000.0"
"b934af81-8b0d-43a5-a066-6f337b2ca36d","TrendTypeStrategy_LongOnly","BTC-USDT","Bybit Perpetual","long","40792.8","43471.7","0.2694102399021493","12.485945538129064","10989.998034280397","709.2371461357371","6.4534783711831345","57600.0","1646064000000.0","1646121600000.0"
"1f893584-6f85-42d7-b6a2-e12fb404814a","TrendTypeStrategy_LongOnly","BTC-USDT","Bybit Perpetual","long","43471.7","44319.0","0.26830727399916143","12.955185869713","11663.773323109346","214.38156738977725","1.8380121205289943","72000.0","1646121600000.0","1646193600000.0"
"71606f70-49e8-4919-bedb-028a034e339c","TrendTypeStrategy_LongOnly","BTC-USDT","Bybit Perpetual","long","44116.1","43690.3","0.26900464483781733","12.991181195568029","11867.435812129634","-127.53335896750947","-1.0746496630481743","14400.0","1646236800000.0","1646251200000.0"
"d9bd4abb-c725-4815-96d2-66aee8827a5e","TrendTypeStrategy_LongOnly","BTC-USDT","Bybit Perpetual","long","38585.8","37288.7","0.3044197378597955","12.70373247013368","11746.279121110498","-407.56657444807615","-3.469750465197056","7200.0","1646676000000.0","1646683200000.0"
"b7ca1b94-a618-4918-9c82-f5a8e955612a","TrendTypeStrategy_LongOnly","BTC-USDT","Bybit Perpetual","long","38967.8","38862.5","0.2914994142698542","12.47811777434587","11359.090875384825","-43.17300609696237","-0.380074484574451","7200.0","1646740800000.0","1646748000000.0"
"0827b408-b3aa-4bfa-87bb-4610fe73e504","TrendTypeStrategy_LongOnly","BTC-USDT","Bybit Perpetual","long","41198.5","42200.2","0.2747205970992321","12.60123736371485","11318.076519592712","262.5863847505851","2.3200619318664444","57600.0","1646798400000.0","1646856000000.0"
"c7dd8970-2265-49a7-b2b2-ddf50c125670","TrendTypeStrategy_LongOnly","BTC-USDT","Bybit Perpetual","long","40931.0","40765.4","0.2826105784150343","12.698546772134303","11567.533585105768","-59.49885855766357","-0.5143608023258619","7200.0","1646877600000.0","1646884800000.0"
"003279c7-2b94-44c2-be41-f3185c6d6dd0","TrendTypeStrategy_LongOnly","BTC-USDT","Bybit Perpetual","long","39243.8","38790.6","0.29332046513018584","12.588997577285237","11511.009669475989","-145.52183237428673","-1.2641969432114226","14400.0","1647007200000.0","1647021600000.0"
"b1e1626e-0c85-4b43-a90b-51c3c8938091","TrendTypeStrategy_LongOnly","BTC-USDT","Bybit Perpetual","long","39653.8","38428.0","0.28680136402363493","12.316681709981363","11372.763928720417","-363.8777937301539","-3.199554620238168","28800.0","1647302400000.0","1647331200000.0"
"91cbd116-1ad4-4386-96aa-b7836c7b3d5a","TrendTypeStrategy_LongOnly","BTC-USDT","Bybit Perpetual","long","38709.7","41085.3","0.28486606779894375","12.501988334009194","11027.080024676772","664.2258423291632","6.023587757073824","115200.0","1647352800000.0","1647468000000.0"
"c26aeb57-6eeb-4285-80f8-eb011da0dbe2","TrendTypeStrategy_LongOnly","BTC-USDT","Bybit Perpetual","long","41085.3","40823.1","0.2837534245798248","12.782983951019766","11658.094574889476","-87.18313187585107","-0.7478334586823131","43200.0","1647468000000.0","1647511200000.0"
"fe27e354-359d-4c2d-9851-69ac853c3be0","TrendTypeStrategy_LongOnly","BTC-USDT","Bybit Perpetual","long","42230.0","42150.1","0.2741006535545209","12.720752306347707","11575.270599607418","-34.621394525354326","-0.2990979280132641","108000.0","1647921600000.0","1648029600000.0"
"3565198f-1aec-4e64-92b6-3709fccb5cd1","TrendTypeStrategy_LongOnly","BTC-USDT","Bybit Perpetual","long","42149.0","42192.8","0.273847072879744","12.70321527827484","11542.38027480833","-0.7087134861412547","-0.00614009822296401","7200.0","1648058400000.0","1648065600000.0"
"74a5dc39-bc6d-4b4f-919b-a89fb6756cf9","TrendTypeStrategy_LongOnly","BTC-USDT","Bybit Perpetual","long","43967.0","43891.1","0.2625084039619828","12.684919283372754","11541.706996996496","-32.60930714408762","-0.28253452589442407","14400.0","1648137600000.0","1648152000000.0"
"f2c92acd-e2d7-4684-a5b0-ad48c639ca5a","TrendTypeStrategy_LongOnly","BTC-USDT","Bybit Perpetual","long","44320.2","44501.3","0.25971742354974964","12.68767012470325","11510.728155209614","34.34715528015792","0.2983925501238844","21600.0","1648224000000.0","1648245600000.0"
"874254d0-c31d-43ec-be54-efb9f3528142","TrendTypeStrategy_LongOnly","BTC-USDT","Bybit Perpetual","long","46558.3","47263.5","0.24793340720614288","12.793857199317314","11543.357952725763","162.04878156245394","1.4038270512454216","216000.0","1648418400000.0","1648634400000.0"
"e8323c0a-77b9-4207-9d01-26b7201710e3","TrendTypeStrategy_LongOnly","BTC-USDT","Bybit Perpetual","long","47061.2","47053.2","0.2485551642374205","12.865941082008458","11697.304295210093","-14.854382395907821","-0.1269897920155032","14400.0","1648670400000.0","1648684800000.0"
"bd5ee8a2-b203-4da2-a09c-7d981eaa0201","TrendTypeStrategy_LongOnly","BTC-USDT","Bybit Perpetual","long","46523.5","46661.9","0.251124542047223","12.870627495268014","11683.19263193398","21.885009124068016","0.18732045095489688","64800.0","1648828800000.0","1648893600000.0"
"f0f65b6a-4ba1-4ea9-ad81-de79d18a7f61","TrendTypeStrategy_LongOnly","BTC-USDT","Bybit Perpetual","long","46392.4","46158.3","0.2522823434571577","12.841899116530204","11703.983390601845","-71.90119571985046","-0.6143309787810041","28800.0","1649030400000.0","1649059200000.0"
"417c32f9-535b-407b-a661-2c976ee8f4fd","TrendTypeStrategy_LongOnly","BTC-USDT","Bybit Perpetual","long","46442.6","46687.8","0.250538885735682","12.8330326542651","11635.677254667984","48.599102128125224","0.41767317075272353","28800.0","1649109600000.0","1649138400000.0"
"7ba2c9a9-c73b-4121-b915-eeb57394b106","TrendTypeStrategy_LongOnly","BTC-USDT","Bybit Perpetual","long","45940.7","46019.5","0.2542809840008904","12.861051579705276","11681.846401689705","7.176289959565626","0.061431127518742426","7200.0","1649181600000.0","1649188800000.0"
"a0434c24-9597-44a8-91f4-8d5d455e1fb7","TrendTypeStrategy_LongOnly","BTC-USDT","Bybit Perpetual","long","45923.6","45477.4","0.25452411999824254","12.795067500577652","11688.66387715129","-126.36372984379273","-1.0810793361147584","7200.0","1649196000000.0","1649203200000.0"
"76ecccf2-4c7c-49ec-8aa8-3c4bb7ef3417","TrendTypeStrategy_LongOnly","BTC-USDT","Bybit Perpetual","long","41134.5","41129.8","0.2812388222489562","12.724753164824143","11568.618333799688","-14.04657562939342","-0.12141964774094031","28800.0","1649865600000.0","1649894400000.0"
"03906e68-2bac-4334-9085-d7d4a59d6520","TrendTypeStrategy_LongOnly","BTC-USDT","Bybit Perpetual","long","40189.5","41400.1","0.287519727464929","12.902240755784913","11555.274086951764","335.1691413132577","2.900572836188553","93600.0","1650304800000.0","1650398400000.0"
"85128f53-9515-46d1-85b4-5facfa4ad814","TrendTypeStrategy_LongOnly","BTC-USDT","Bybit Perpetual","long","41247.1","41443.3","0.28786714147659737","13.092116991556036","11873.68477119936","43.38741616615363","0.36540818627250005","50400.0","1650470400000.0","1650520800000.0"
"8e6ffad0-1d9c-4d3f-a822-7365754d2242","TrendTypeStrategy_LongOnly","BTC-USDT","Bybit Perpetual","long","41833.7","40706.6","0.28481589762696596","12.929834299194482","11914.902816557205","-333.9458325145474","-2.8027575017270734","50400.0","1650528000000.0","1650578400000.0"
"dc778672-fdb3-4852-a1b8-24fb7ec4fd92","TrendTypeStrategy_LongOnly","BTC-USDT","Bybit Perpetual","long","40204.0","38546.9","0.2884701590803996","12.494506557898553","11597.654275668385","-490.5184071700283","-4.229462230126352","72000.0","1650916800000.0","1650988800000.0"
"367d8e32-03f2-43c7-afd4-45309a753e92","TrendTypeStrategy_LongOnly","BTC-USDT","Bybit Perpetual","long","39317.2","38990.3","0.2831244795879884","12.193923601935023","11131.661788856858","-104.74731597924679","-0.9409854338559058","7200.0","1651068000000.0","1651075200000.0"
"aef0a3b2-8be3-4f62-a416-6154981a41c2","TrendTypeStrategy_LongOnly","BTC-USDT","Bybit Perpetual","long","39428.2","39808.6","0.27980358826110696","12.193907529280224","11032.151838676577","94.24337744524527","0.8542610618795722","36000.0","1651161600000.0","1651197600000.0"
"fa824b80-2465-49f1-8a6d-e3b317430d97","TrendTypeStrategy_LongOnly","BTC-USDT","Bybit Perpetual","long","38989.4","38768.9","0.2852488893712024","12.199257792916024","11121.68304724956","-75.09663789926616","-0.6752272797221809","14400.0","1651471200000.0","1651485600000.0"
"ab82ebf0-0ba2-4bf2-9b12-6aa2f2055866","TrendTypeStrategy_LongOnly","BTC-USDT","Bybit Perpetual","long","38908.7","38366.7","0.2840069506625834","12.07071289337727","11050.341241245258","-166.0024801524975","-1.5022384967886362","14400.0","1651500000000.0","1651514400000.0"
"288018db-8d83-4250-ba77-7985b0138884","TrendTypeStrategy_LongOnly","BTC-USDT","Bybit Perpetual","long","38974.6","39606.9","0.27948045355437606","12.079096293540761","10892.638885100385","164.63639448889202","1.5114463650685392","43200.0","1651687200000.0","1651730400000.0"
"07fe8d8d-1486-4fa1-9e5a-b1e3e900453e","TrendTypeStrategy_LongOnly","BTC-USDT","Bybit Perpetual","long","30564.3","30519.9","0.3615016035003201","12.14511993669384","11049.043459864833","-28.195791132107267","-0.25518762085177094","7200.0","1652414400000.0","1652421600000.0"
"4833860c-021f-4c0c-9b56-4a92788dcf57","TrendTypeStrategy_LongOnly","BTC-USDT","Bybit Perpetual","long","30162.5","29866.700000000004","0.3654291739175908","12.065031531813613","11022.257458289332","-120.15898117663538","-1.090148561956057","7200.0","1652738400000.0","1652745600000.0"
"44c614e7-8081-48d1-819a-70c4e8ba65b0","TrendTypeStrategy_LongOnly","BTC-USDT","Bybit Perpetual","long","30386.400000000005","30319.899999999998","0.3589798865996474","11.985787379436298","10908.106426171527","-35.85794983831546","-0.32872753929391857","28800.0","1652976000000.0","1653004800000.0"
"332e3fc3-a0fe-40b6-b038-5d951a5d6cf2","TrendTypeStrategy_LongOnly","BTC-USDT","Bybit Perpetual","long","30471.4","30172.599999999995","0.35686057660052145","11.902799044049114","10874.04137382513","-118.53273933228726","-1.0900523113477114","7200.0","1653012000000.0","1653019200000.0"
"811d89e4-246b-4297-bafe-a478094efe1d","TrendTypeStrategy_LongOnly","BTC-USDT","Bybit Perpetual","long","30358.8","29062.8","0.35447498818989753","11.584909027023649","10761.43527145946","-470.98449372113083","-4.376595517609392","14400.0","1653321600000.0","1653336000000.0"
"fd610837-8507-4735-bc5f-5b2d7d78c6b7","TrendTypeStrategy_LongOnly","BTC-USDT","Bybit Perpetual","long","29643.1","29695.6","0.34793931816930035","11.355446750478965","10314.000002424387","6.911367453409305","0.06700957389746688","28800.0","1653436800000.0","1653465600000.0"
"73d9e0f6-d7b1-4963-89b1-d2a928623a90","TrendTypeStrategy_LongOnly","BTC-USDT","Bybit Perpetual","long","29584.0","29826.3","0.3488563345560142","11.399112721080247","10320.565801505125","73.12877714184175","0.7085733335586779","28800.0","1653508800000.0","1653537600000.0"
"3511b394-4f7f-4709-b56f-317357b1ca27","TrendTypeStrategy_LongOnly","BTC-USDT","Bybit Perpetual","long","30345.6","31789.2","0.342390268763507","11.700892979361715","10390.038139789876","482.57369900763774","4.644580631129398","64800.0","1653883200000.0","1653948000000.0"
"bcf394ac-622d-4ec6-ae76-f52e600f115e","TrendTypeStrategy_LongOnly","BTC-USDT","Bybit Perpetual","long","31789.2","31479.6","0.3412631696880428","11.875221176697366","10848.483153847132","-117.53029851211618","-1.083380015854448","122400.0","1653948000000.0","1654070400000.0"
"84e4c048-41d0-4bbc-a799-45c283c2cb54","TrendTypeStrategy_LongOnly","BTC-USDT","Bybit Perpetual","long","30833.8","29551.7","0.3482162227899455","11.564965896705242","10736.829370260622","-458.0129851356939","-4.265812274192602","86400.0","1654480800000.0","1654567200000.0"
"7b22e38e-1ab9-4ac8-acaf-f34e6b6d29aa","TrendTypeStrategy_LongOnly","BTC-USDT","Bybit Perpetual","long","31050.5","30005.999999999996","0.331772983828979","11.141293452934732","10301.717034381712","-357.67817506230455","-3.4720248466208394","28800.0","1654632000000.0","1654660800000.0"
"08188f18-297a-47d6-b27b-04a027cd2703","TrendTypeStrategy_LongOnly","BTC-USDT","Bybit Perpetual","long","20111.2","20516.8","0.4953420366796872","11.068615946422284","9961.922768072525","189.8421141308581","1.9056774334699","64800.0","1655668800000.0","1655733600000.0"
"3488b67b-e1eb-448a-9492-a1c0f587b0c9","TrendTypeStrategy_LongOnly","BTC-USDT","Bybit Perpetual","long","20411.5","19180.0","0.4968901245129873","10.819943950560766","10142.27277649684","-622.7401322883046","-6.140045195110599","36000.0","1656640800000.0","1656676800000.0"
"76f9eb2e-c446-4c5f-8c82-f413ea0e7d7b","TrendTypeStrategy_LongOnly","BTC-USDT","Bybit Perpetual","long","19389.3","19220.1","0.49257423686378315","10.459897657422701","9550.66965082295","-93.80345853477517","-0.9821662979065812","14400.0","1656712800000.0","1656727200000.0"
"e580f59e-3528-4a10-823f-77e00018535f","TrendTypeStrategy_LongOnly","BTC-USDT","Bybit Perpetual","long","19523.3","19394.1","0.48462894926651306","10.373274268601527","9461.556365214914","-72.98733451383536","-0.7714093928792813","86400.0","1656943200000.0","1657029600000.0"
"837c05eb-cd62-4343-8da4-c65be5154d4a","TrendTypeStrategy_LongOnly","BTC-USDT","Bybit Perpetual","long","19507.0","20319.8","0.4814793867548454","10.546680782224334","9392.21839742677","380.7997647721137","4.054417696211613","100800.0","1657036800000.0","1657137600000.0"
"f76e0ed3-1b1b-4dcd-976b-3dbd0987d0c9","TrendTypeStrategy_LongOnly","BTC-USDT","Bybit Perpetual","long","21797.8","21511.6","0.4474753495288643","10.658938896586967","9753.978173960279","-138.72638393174825","-1.4222544018203704","122400.0","1657224000000.0","1657346400000.0"
"a3f4f893-5d19-4253-92ce-1bad16d5960e","TrendTypeStrategy_LongOnly","BTC-USDT","Bybit Perpetual","long","20220.1","19981.3","0.4758724293759734","10.52190583527339","9622.188109225119","-124.16024197025548","-1.2903535096265561","28800.0","1657756800000.0","1657785600000.0"
"808bd7d6-6f51-4fb2-af1b-152667386bcb","TrendTypeStrategy_LongOnly","BTC-USDT","Bybit Perpetual","long","20379.3","20620.1","0.46636714113602407","10.516425131460768","9504.235879353375","101.78478245409349","1.0709412492087522","36000.0","1657814400000.0","1657850400000.0"
"292692c2-1e06-405d-99f8-f723b17e8f74","TrendTypeStrategy_LongOnly","BTC-USDT","Bybit Perpetual","long","21109.0","21158.0","0.4548264447716502","10.573282137639836","9600.931422684764","11.713213656171021","0.12200080534369225","7200.0","1658066400000.0","1658073600000.0"
"46450998-f9a2-413a-bb02-8e8f266f11b1","TrendTypeStrategy_LongOnly","BTC-USDT","Bybit Perpetual","long","20912.5","20794.400000000005","0.4596322283638075","10.543409461830567","9612.058975658125","-64.82597563159389","-0.6744234070531735","21600.0","1658080800000.0","1658102400000.0"
"f891244d-5c9d-40cd-abd3-da0d9fbfd28e","TrendTypeStrategy_LongOnly","BTC-USDT","Bybit Perpetual","long","21274.0","22674.2","0.44892706114544095","10.851244947747638","9550.47429880811","617.736426068099","6.468123014007713","43200.0","1658116800000.0","1658160000000.0"
"18580ee5-4dca-4ec2-a846-634131af953d","TrendTypeStrategy_LongOnly","BTC-USDT","Bybit Perpetual","long","22674.2","23376.7","0.44708628765613795","11.323799258323223","10137.323903572804","302.75431782011367","2.9865309691190864","144000.0","1658160000000.0","1658304000000.0"
"220e62d4-f1d3-4585-85b6-d730e1cb40e0","TrendTypeStrategy_LongOnly","BTC-USDT","Bybit Perpetual","long","23511.0","23650.6","0.44340693741235643","11.501479340706624","10424.940505501912","50.39812912205769","0.4834380502743335","7200.0","1658340000000.0","1658347200000.0"
"8a06cd25-ea6e-46cd-afcd-516e75e15129","TrendTypeStrategy_LongOnly","BTC-USDT","Bybit Perpetual","long","23601.8","22774.399999999998","0.44372966164308947","11.318172543860737","10472.81872816787","-378.4600945873536","-3.6137367065223898","21600.0","1658354400000.0","1658376000000.0"
"923e8e53-2800-4d8b-b401-9b9c15638b40","TrendTypeStrategy_LongOnly","BTC-USDT","Bybit Perpetual","long","22763.8","23979.6","0.4442703607618185","11.421688949678693","10113.281638309883","528.7222156645399","5.227998532758148","122400.0","1658952000000.0","1659074400000.0"
"fab22b5d-7d7e-46d9-884e-f6a0fea5b9f3","TrendTypeStrategy_LongOnly","BTC-USDT","Bybit Perpetual","long","23979.6","23817.1","0.4426916105018932","11.637558954821712","10615.567743191197","-83.57494566137936","-0.787286631136466","57600.0","1659074400000.0","1659132000000.0"
"0b56ef65-328a-4f36-8b73-b3e2f76dabbe","TrendTypeStrategy_LongOnly","BTC-USDT","Bybit Perpetual","long","22962.9","22789.4","0.4588345350462218","11.54600441378739","10536.171544812887","-91.15379624430686","-0.8651510262205557","36000.0","1659456000000.0","1659492000000.0"
"ac8858f7-c3c3-4c1f-9177-4711e08d10d0","TrendTypeStrategy_LongOnly","BTC-USDT","Bybit Perpetual","long","23043.2","23215.1","0.453477617621719","11.537407023576922","10449.575438380796","66.41539544559559","0.6355798456811459","43200.0","1659708000000.0","1659751200000.0"
"7e4394da-3276-46a0-b5a6-3f0cf72c753b","TrendTypeStrategy_LongOnly","BTC-USDT","Bybit Perpetual","long","23796.8","23465.1","0.44176822362897994","11.483343084581769","10512.67006405411","-158.01786286231473","-1.5031182553956866","93600.0","1659945600000.0","1660039200000.0"
"144abfe4-dbbe-4720-a361-aa39d5369e8d","TrendTypeStrategy_LongOnly","BTC-USDT","Bybit Perpetual","long","24012.2","23936.399999999998","0.43155367248044374","11.380816931162693","10362.553094334911","-44.09258530518158","-0.4254992462165187","144000.0","1660140000000.0","1660284000000.0"
"513a72ed-3b39-49bc-8574-9c2299bef90a","TrendTypeStrategy_LongOnly","BTC-USDT","Bybit Perpetual","long","24856.1","24010.8","0.41521659223671414","11.159691230144759","10320.66513829499","-362.1422766478389","-3.50890443392165","14400.0","1660536000000.0","1660550400000.0"
"a43e10c6-b40c-4388-b113-dc8bb4cfe0db","TrendTypeStrategy_LongOnly","BTC-USDT","Bybit Perpetual","long","24104.5","23972.2","0.4138907662668606","10.94417621142009","9976.629975479542","-65.70192458852544","-0.6585582982430636","7200.0","1660586400000.0","1660593600000.0"
"2d0a6531-86b2-4c44-b593-1129dde111ae","TrendTypeStrategy_LongOnly","BTC-USDT","Bybit Perpetual","long","21506.4","21512.500000000004","0.4609889682662111","10.907181079821022","9914.213147120443","-8.095148373396128","-0.0816519501171643","21600.0","1661263200000.0","1661284800000.0"
"d421d5a8-9171-40a4-ba58-fe3bcfa00f22","TrendTypeStrategy_LongOnly","BTC-USDT","Bybit Perpetual","long","20249.1","20261.3","0.48923274398199007","10.900457783494407","9906.522756165714","-4.9318183069137715","-0.04978354593537132","43200.0","1661788800000.0","1661832000000.0"
"c592d1d6-7093-4316-9f80-35986d8a1bd7","TrendTypeStrategy_LongOnly","BTC-USDT","Bybit Perpetual","long","20404.1","20413.3","0.4852866594838364","10.894476832148548","9901.837528774146","-6.4298395648969","-0.0649358217221013","14400.0","1661839200000.0","1661853600000.0"
"10b4aea3-4398-4638-8b28-7651ebf46c5e","TrendTypeStrategy_LongOnly","BTC-USDT","Bybit Perpetual","long","20228.8","20130.5","0.489190124040353","10.858854035250001","9895.729181187493","-58.94624322841635","-0.5956735693664443","50400.0","1661911200000.0","1661961600000.0"
"582f5989-3735-4efd-95ec-a231049fb38b","TrendTypeStrategy_LongOnly","BTC-USDT","Bybit Perpetual","long","19763.0","19088.2","0.4978864671416536","10.638917691717596","9839.7302501205","-346.6127057189051","-3.522583413449372","57600.0","1662429600000.0","1662487200000.0"
"ed9bdffe-3c83-46a6-9067-068197a91a2a","TrendTypeStrategy_LongOnly","BTC-USDT","Bybit Perpetual","long","19350.5","19172.8","0.4914833301303605","10.413457874386005","9510.44817968754","-97.75004563855143","-1.0278174465776118","14400.0","1662588000000.0","1662602400000.0"
"a2a69364-b582-4f91-acc0-5e61711cc453","TrendTypeStrategy_LongOnly","BTC-USDT","Bybit Perpetual","long","19936.0","20931.7","0.4723909328015108","10.618042008448768","9417.58563633092","459.74160978201587","4.881735378210276","28800.0","1662696000000.0","1662724800000.0"
"1447ab21-09a7-4ca7-88a2-7687635ba056","TrendTypeStrategy_LongOnly","BTC-USDT","Bybit Perpetual","long","20931.7","21279.0","0.47078546728759885","10.929701268220157","9854.340165623833","152.57409152076258","1.5482933302120672","86400.0","1662724800000.0","1662811200000.0"
"b005fa89-51c5-41a4-97de-e0ba026848b9","TrendTypeStrategy_LongOnly","BTC-USDT","Bybit Perpetual","long","22036.5","21188.3","0.45376015032190037","10.787530460098743","9999.285552568557","-395.66688996313496","-3.956951603022262","129600.0","1662948000000.0","1663077600000.0"
"7084d520-e110-4454-8efe-d90d1ead2b25","TrendTypeStrategy_LongOnly","BTC-USDT","Bybit Perpetual","long","19504.7","19353.7","0.49338887586600044","10.544766261673267","9623.40200710358","-85.04648651743935","-0.8837465841566392","28800.0","1663617600000.0","1663646400000.0"
"dcaafd24-d943-4be3-b387-51db3e18468f","TrendTypeStrategy_LongOnly","BTC-USDT","Bybit Perpetual","long","19846.4","18990.3","0.4808231137592718","10.270470662174091","9542.607844912012","-421.9031383514877","-4.421256172404074","7200.0","1663783200000.0","1663790400000.0"
"24b95447-561b-472b-ae22-d88a298e4b0f","TrendTypeStrategy_LongOnly","BTC-USDT","Bybit Perpetual","long","18923.8","19392.5","0.483084785480617","10.18051186125103","9141.7998634781","216.2413270935145","2.365413051289914","57600.0","1663833600000.0","1663891200000.0"
"63d106ae-d3d5-4dec-9a1c-005e809ad494","TrendTypeStrategy_LongOnly","BTC-USDT","Bybit Perpetual","long","19076.6","20091.899999999998","0.4899840183374889","10.555566462238563","9347.22912421694","486.92520735581354","5.209300006290426","64800.0","1664186400000.0","1664251200000.0"
"b79e79d5-38e8-4292-bc75-ee7c93e8f334","TrendTypeStrategy_LongOnly","BTC-USDT","Bybit Perpetual","long","20091.9","18946.9","0.48824690901333184","10.483315387374315","9809.808071204963","-569.5260262076392","-5.805679602227762","50400.0","1664251200000.0","1664301600000.0"
"0f8d543d-5f87-4db6-b2d7-23583dbcb280","TrendTypeStrategy_LongOnly","BTC-USDT","Bybit Perpetual","long","19477.9","19497.3","0.47586024911862695","10.20071160979657","9268.758346307704","-0.9690227768962458","-0.01045472047809149","43200.0","1664380800000.0","1664424000000.0"
"57234f3d-8928-4053-984f-4f8f55bad72f","TrendTypeStrategy_LongOnly","BTC-USDT","Bybit Perpetual","long","19425.5","19582.5","0.4770964852729481","10.23581883363994","9267.837774669653","64.66832935421291","0.697771485933438","7200.0","1664488800000.0","1664496000000.0"
"6c0bdd0c-8e9c-41a8-890f-d36e952d97e0","TrendTypeStrategy_LongOnly","BTC-USDT","Bybit Perpetual","long","19749.4","19413.2","0.4723825882080546","10.174851691926218","9329.272687556155","-168.98987784747453","-1.811393915764533","36000.0","1664553600000.0","1664589600000.0"
"dcf5975c-03f2-4b97-a0bc-97e61c1676d6","TrendTypeStrategy_LongOnly","BTC-USDT","Bybit Perpetual","long","19329.9","19957.0","0.4743290086136532","10.249203980677052","9168.732303601055","287.20251732094414","3.1324125060139907","57600.0","1664812800000.0","1664870400000.0"
"d0fb9aab-c197-41df-aae7-5c7d3f1f949b","TrendTypeStrategy_LongOnly","BTC-USDT","Bybit Perpetual","long","19957.0","20218.9","0.47309589091827187","10.453879262168869","9441.574695055951","113.44993456932723","1.2015997143859372","86400.0","1664870400000.0","1664956800000.0"
"91a0bf5a-4352-4c56-8d72-7a7d5623eb24","TrendTypeStrategy_LongOnly","BTC-USDT","Bybit Perpetual","long","19915.3","19994.6","0.47949828186855387","10.52520066375019","9549.35213289681","27.499013088425784","0.287967316585737","7200.0","1664978400000.0","1664985600000.0"
"2600f80a-c971-4a6a-a0fb-96b48f6eb9a9","TrendTypeStrategy_LongOnly","BTC-USDT","Bybit Perpetual","long","20156.1","20214.7","0.47506592025892","10.548335189473846","9575.476195330817","17.290527737699904","0.1805709437837785","50400.0","1664992800000.0","1665043200000.0"
"3f4cb035-0cab-4cdc-a729-59fe2524c2d6","TrendTypeStrategy_LongOnly","BTC-USDT","Bybit Perpetual","long","20004.4","19903.0","0.47948962211721574","10.524351280124318","9591.90219668163","-59.14459896281069","-0.6166096958669165","21600.0","1665072000000.0","1665093600000.0"
"614dc927-db56-400e-9672-7c57fb0349a7","TrendTypeStrategy_LongOnly","BTC-USDT","Bybit Perpetual","long","19854.2","19633.2","0.48028703386018884","10.430907421467952","9535.714827666961","-116.57434190456968","-1.222502392440894","21600.0","1665712800000.0","1665734400000.0"
"062cfa95-3c3b-4b1b-80ee-063127576bac","TrendTypeStrategy_LongOnly","BTC-USDT","Bybit Perpetual","long","19657.5","19352.9","0.4794591989244625","10.28714232354757","9424.969202857621","-156.33041431593813","-1.6586835558946893","7200.0","1665756000000.0","1665763200000.0"
"6450a4bc-586a-4132-8faf-3e83fd4aff9c","TrendTypeStrategy_LongOnly","BTC-USDT","Bybit Perpetual","long","19166.9","19178.4","0.4839830806889733","10.20716203316859","9276.455309257482","-4.641356605245397","-0.05003373002415624","7200.0","1665972000000.0","1665979200000.0"
"c2c210c7-2ff3-4fcd-ad3a-5177bb37f544","TrendTypeStrategy_LongOnly","BTC-USDT","Bybit Perpetual","long","19452.8","19545.0","0.4766432606351014","10.223421202277557","9272.0460204825","33.723087428279136","0.3637070755880939","64800.0","1666008000000.0","1666072800000.0"
"cdac873f-f92d-4503-afa6-4f0428fbdf53","TrendTypeStrategy_LongOnly","BTC-USDT","Bybit Perpetual","long","19655.8","19209.6","0.4733505099532639","10.11832630024567","9304.082953539364","-221.32732384139234","-2.378819330681024","43200.0","1666080000000.0","1666123200000.0"
"9682adcc-ed72-41c7-9986-467220ccc47a","TrendTypeStrategy_LongOnly","BTC-USDT","Bybit Perpetual","long","19492.2","19291.7","0.46653646052729003","9.951756887294401","9093.821995890043","-103.49231722301604","-1.138050835718903","72000.0","1666555200000.0","1666627200000.0"
"1e2cb875-fb5d-4014-a096-c0d6c348a534","TrendTypeStrategy_LongOnly","BTC-USDT","Bybit Perpetual","long","19469.4","20108.6","0.46203294885965557","10.057487027482097","8995.504294528178","285.2739738836084","3.1712949551603904","14400.0","1666706400000.0","1666720800000.0"
"b09e9e00-dfc2-459d-9c2e-1fc7e5c8d977","TrendTypeStrategy_LongOnly","BTC-USDT","Bybit Perpetual","long","20108.6","20835.7","0.46082345711375267","10.377451631306444","9266.514569717607","324.68728403610413","3.5038771222263216","79200.0","1666720800000.0","1666800000000.0"
"d4f0a1f2-cfc9-4718-ab17-7ba3abacd7cd","TrendTypeStrategy_LongOnly","BTC-USDT","Bybit Perpetual","long","20835.7","20620.0","0.4595462350461903","10.477945970912394","9574.967489551907","-109.60206887037597","-1.1446730131457101","100800.0","1666800000000.0","1666900800000.0"
"bc4c3370-ab8e-465f-b35f-2cde84543b5b","TrendTypeStrategy_LongOnly","BTC-USDT","Bybit Perpetual","long","20460.4","20582.8","0.46288662607402836","10.44909160420486","9470.84552412505","46.2082314272552","0.48789974780550627","36000.0","1666965600000.0","1667001600000.0"
"6e2e8fb8-802b-4279-91cc-666ace4c6500","TrendTypeStrategy_LongOnly","BTC-USDT","Bybit Perpetual","long","20688.7","20772.1","0.45990049369853797","10.487313314024991","9514.743343980943","27.86838786043207","0.29289689540666064","7200.0","1667044800000.0","1667052000000.0"
"ba37de77-3fa8-4b68-8525-d5987acd8acd","TrendTypeStrategy_LongOnly","BTC-USDT","Bybit Perpetual","long","20241.1","20248.5","0.4713784484266347","10.497258653978287","9541.218312448354","-7.009058135620505","-0.07346082969798354","93600.0","1667419200000.0","1667512800000.0"
"19d2cf11-26b6-4f96-b9c7-ceadc5ebf70f","TrendTypeStrategy_LongOnly","BTC-USDT","Bybit Perpetual","long","20749.8","21436.5","0.45950128228799864","10.66156241974241","9534.559707219514","304.8779681274266","3.1976093022583383","50400.0","1667570400000.0","1667620800000.0"
"069a4472-a01b-4fa6-a789-0b639ef13389","TrendTypeStrategy_LongOnly","BTC-USDT","Bybit Perpetual","long","21436.5","21310.6","0.45829280791829674","10.774878669150322","9824.193776940569","-68.47394318606455","-0.6969930025890487","50400.0","1667620800000.0","1667671200000.0"
"79aa722f-5222-4c53-9a9b-4b1e7d71d991","TrendTypeStrategy_LongOnly","BTC-USDT","Bybit Perpetual","long","17848.3","17259.0","0.5467828045759994","10.557837375300041","9759.143530913809","-332.7769441119361","-3.409899066017488","14400.0","1668117600000.0","1668132000000.0"
"abbcf3d2-c1b9-40d1-9d5b-8e41e9f9ca55","TrendTypeStrategy_LongOnly","BTC-USDT","Bybit Perpetual","long","16716.3","16245.000000000002","0.564898059618903","10.240875926884103","9443.00543400747","-276.47733142527164","-2.9278531433391204","21600.0","1668434400000.0","1668456000000.0"
"da0962c0-4777-4e85-999d-3ce2223df7bb","TrendTypeStrategy_LongOnly","BTC-USDT","Bybit Perpetual","long","16605.2","16978.0","0.5528600660728844","10.211745594016392","9180.35196915346","195.8944870379545","2.133845060583427","57600.0","1668470400000.0","1668528000000.0"
"96378c69-9098-416d-bea6-52203519c679","TrendTypeStrategy_LongOnly","BTC-USDT","Bybit Perpetual","long","16232.799999999997","16554.2","0.5770077701837957","10.405094568558859","9366.451731839517","175.04520276851494","1.8688528781233262","64800.0","1669132800000.0","1669197600000.0"
"321b0b9f-d004-49ab-b690-3d334d757d69","TrendTypeStrategy_LongOnly","BTC-USDT","Bybit Perpetual","long","16737.5","16703.2","0.5695441179668173","10.475274692131121","9532.744674469604","-30.01063793839254","-0.3148163405526469","7200.0","1669255200000.0","1669262400000.0"
"2220c564-2d22-4256-91d1-f42739d33bea","TrendTypeStrategy_LongOnly","BTC-USDT","Bybit Perpetual","long","16507.5","16407.0","0.5757525105817436","10.422833305248538","9504.234568428132","-68.28596061871377","-0.7184793275783735","14400.0","1669716000000.0","1669730400000.0"
"cf3ce860-bf58-4c1e-a2e0-2582ff10fb9c","TrendTypeStrategy_LongOnly","BTC-USDT","Bybit Perpetual","long","16874.9","16856.8","0.5593729684822045","10.377730638523147","9439.362905840353","-20.50238136805227","-0.21720090193128364","50400.0","1669773600000.0","1669824000000.0"
"6e1c3b6f-931f-4710-9b0f-47b0a6470895","TrendTypeStrategy_LongOnly","BTC-USDT","Bybit Perpetual","long","16782.1","17062.6","0.5613055364668728","10.448469619533203","9419.885643540705","146.99773335942461","1.5605044362743639","50400.0","1669831200000.0","1669881600000.0"
"a31bd06b-e767-4e2c-92c4-724a72c48e0e","TrendTypeStrategy_LongOnly","BTC-USDT","Bybit Perpetual","long","17082.0","16917.5","0.5596261263454021","10.464854665474276","9559.53349023216","-102.52335244929293","-1.0724723393045312","28800.0","1669903200000.0","1669932000000.0"
"7b411d2d-89f2-4152-8fee-c2dc550f682c","TrendTypeStrategy_LongOnly","BTC-USDT","Bybit Perpetual","long","17077.6","17101.8","0.5540670999089644","10.41572456904565","9462.136305405329","2.9926992487516912","0.031628156181200705","7200.0","1670184000000.0","1670191200000.0"
"0c8429d2-eaea-4b13-9f04-642612de4b7b","TrendTypeStrategy_LongOnly","BTC-USDT","Bybit Perpetual","long","17099.5","16919.5","0.5535237503840253","10.356678455372787","9464.979369691642","-109.99095352449734","-1.1620833942512938","72000.0","1670198400000.0","1670270400000.0"
"c7167c16-95eb-40c8-b7de-9489ea09026b","TrendTypeStrategy_LongOnly","BTC-USDT","Bybit Perpetual","long","17022.4","16993.6","0.5498923749790493","10.287826465008038","9360.48796384337","-26.12472686440626","-0.2790957796785583","21600.0","1670292000000.0","1670313600000.0"
"4c00d28b-1fa5-4b53-af12-77aefea9236a","TrendTypeStrategy_LongOnly","BTC-USDT","Bybit Perpetual","long","17241.9","17203.7","0.5414524775878635","10.257860504100282","9335.669473322185","-30.941345147957062","-0.33143145477007013","43200.0","1670529600000.0","1670572800000.0"
"393a38cb-29ec-4d68-8a6d-fa80570d8866","TrendTypeStrategy_LongOnly","BTC-USDT","Bybit Perpetual","long","17143.3","17134.9","0.542852029389419","10.234394738599011","9306.275195431626","-14.794351785468946","-0.15897178489554414","21600.0","1670594400000.0","1670616000000.0"
"f8216604-19f0-4027-bd03-36fdedde26d6","TrendTypeStrategy_LongOnly","BTC-USDT","Bybit Perpetual","long","17167.5","17896.0","0.5412681264735943","10.438315223933781","9292.22056123543","383.8755149120797","4.131149410222806","57600.0","1670882400000.0","1670940000000.0"
"58a249ae-cb95-46a3-b2a5-6a99eaef6755","TrendTypeStrategy_LongOnly","BTC-USDT","Bybit Perpetual","long","17896.0","17631.6","0.5396123323872322","10.544122105066347","9656.902300401907","-153.21762278825133","-1.5866125391148942","129600.0","1670940000000.0","1671069600000.0"
"2611ea0d-db69-48cf-bcb7-2ffd1558c4a3","TrendTypeStrategy_LongOnly","BTC-USDT","Bybit Perpetual","long","16910.9","16809.2","0.5624387559948358","10.431020102811807","9511.34555875307","-67.63104158748702","-0.7110565079327577","57600.0","1671552000000.0","1671609600000.0"
"9ddb0cb5-e282-464c-84e2-822bb7948b55","TrendTypeStrategy_LongOnly","BTC-USDT","Bybit Perpetual","long","16912.9","16790.7","0.5585734007322787","10.354263957906237","9447.096069244957","-78.6119335273911","-0.8321280206233154","57600.0","1672099200000.0","1672156800000.0"
"9711dff0-fcd2-48e6-b5dc-2b346cd3e976","TrendTypeStrategy_LongOnly","BTC-USDT","Bybit Perpetual","long","16654.6","16718.1","0.5627523166208697","10.329310330291314","9372.414732393934","25.405461775133908","0.27106634203163094","122400.0","1672632000000.0","1672754400000.0"
"110023bd-ae57-4a14-b49c-5369012bfee7","TrendTypeStrategy_LongOnly","BTC-USDT","Bybit Perpetual","long","16855.9","16816.1","0.5574635540718864","10.32400203598971","9396.549921080312","-32.51105148805241","-0.3459892381896125","100800.0","1672804800000.0","1672905600000.0"
"7b854f1e-60f2-49ad-b6c3-71b5bd477644","TrendTypeStrategy_LongOnly","BTC-USDT","Bybit Perpetual","long","16932.6","16939.8","0.5531143724039228","10.304421197298048","9365.664422166663","-6.321997715989401","-0.06750186031678106","43200.0","1673035200000.0","1673078400000.0"
"1d34a580-aa17-4810-8062-e13fd069ed25","TrendTypeStrategy_LongOnly","BTC-USDT","Bybit Perpetual","long","17124.7","17348.9","0.5465589776367744","10.36302056430251","9359.658524336472","112.1755022218627","1.1984999445245796","64800.0","1673222400000.0","1673287200000.0"
"d2ed642a-65ce-44af-860f-f14e32bd8a58","TrendTypeStrategy_LongOnly","BTC-USDT","Bybit Perpetual","long","17348.9","17238.7","0.5456383546765063","10.379776635915023","9466.225251447242","-70.50912332126642","-0.7448494140838942","72000.0","1673287200000.0","1673359200000.0"
"3c266ead-ad19-4c5e-8413-d6c5ca197e34","TrendTypeStrategy_LongOnly","BTC-USDT","Bybit Perpetual","long","17317.5","17437.1","0.5427597276911816","10.374868477608768","9399.241584292038","54.53919495425576","0.5802510177565962","57600.0","1673366400000.0","1673424000000.0"
"d2d2444d-553c-4965-9f11-75ba80fb9e6c","TrendTypeStrategy_LongOnly","BTC-USDT","Bybit Perpetual","long","17540.6","17935.7","0.5388101786426112","10.513245347318376","9451.053819498584","202.37065623437846","2.141249643683809","14400.0","1673467200000.0","1673481600000.0"
"3259b26b-6cd0-41d5-b413-c36ac3fd419f","TrendTypeStrategy_LongOnly","BTC-USDT","Bybit Perpetual","long","17935.7","18840.0","0.5376598595494597","10.875049733258187","9643.305942921244","475.3307612573178","4.929126630128733","64800.0","1673481600000.0","1673546400000.0"
"cbee79ab-6492-4468-98ed-8f60f1ce81de","TrendTypeStrategy_LongOnly","BTC-USDT","Bybit Perpetual","long","18840.0","19808.8","0.535821134082574","11.389864115811825","10094.870166115696","507.7136505833856","5.029422292993627","100800.0","1673546400000.0","1673647200000.0"
"1fee0765-e2aa-4293-b2b5-6ee98935248d","TrendTypeStrategy_LongOnly","BTC-USDT","Bybit Perpetual","long","19808.8","20934.3","0.5339646083644598","11.965455389279711","10577.19813416991","589.0117113249198","5.568693181818182","14400.0","1673647200000.0","1673661600000.0"
"d673fd2b-f8b2-4de3-bc46-b3ebb98e4d11","TrendTypeStrategy_LongOnly","BTC-USDT","Bybit Perpetual","long","20934.3","20750.0","0.5319862264288076","12.19651040207949","11136.759259928585","-110.24157193290833","-0.9898891532078898","108000.0","1673661600000.0","1673769600000.0"
"eb5bc09f-fc53-41b1-949a-93107b328bfd","TrendTypeStrategy_LongOnly","BTC-USDT","Bybit Perpetual","long","21314.4","21153.6","0.5175857526645048","12.089457459285905","11032.029766592323","-95.3172464877398","-0.8640046165972437","36000.0","1673899200000.0","1673935200000.0"
"7793668a-d40c-4aae-8123-5916b8e04f71","TrendTypeStrategy_LongOnly","BTC-USDT","Bybit Perpetual","long","21035.5","20889.6","0.5201434899303069","11.99388730632241","10941.478382428972","-87.88282248715494","-0.8032079342064673","7200.0","1674057600000.0","1674064800000.0"
"643f3f70-1f2d-4dbf-a966-6d6312da3c4f","TrendTypeStrategy_LongOnly","BTC-USDT","Bybit Perpetual","long","22309.9","23271.9","0.48668930389944254","12.201295981865986","10857.989701066173","455.99381436939774","4.199615462193914","79200.0","1674252000000.0","1674331200000.0"
"3acb4336-a6b2-4433-8195-30f21aaa328b","TrendTypeStrategy_LongOnly","BTC-USDT","Bybit Perpetual","long","23271.9","22855.9","0.48518530178958746","12.309291810139356","11291.183824717102","-214.14637735460775","-1.8965803823495286","50400.0","1674331200000.0","1674381600000.0"
"b2e4c6bf-dcb5-4159-ba0b-bcb2c7d4fd02","TrendTypeStrategy_LongOnly","BTC-USDT","Bybit Perpetual","long","23070.6","23118.2","0.48060062444107327","12.209101367201114","11087.744766230224","10.667488356195022","0.09620972146369053","43200.0","1674496800000.0","1674540000000.0"
"4b1c5541-e6f2-45ac-aefe-200cc9fbcb73","TrendTypeStrategy_LongOnly","BTC-USDT","Bybit Perpetual","long","23593.3","23063.4","0.47038264592781037","12.07057609794304","11097.878880168608","-261.3263401750887","-2.354741324867644","79200.0","1674684000000.0","1674763200000.0"
"6724e197-52b3-47af-9270-9fb530a35660","TrendTypeStrategy_LongOnly","BTC-USDT","Bybit Perpetual","long","23028.6","23068.1","0.4711367107423931","11.944816187743381","10849.618857002273","6.665083886581147","0.06143150256637398","7200.0","1674799200000.0","1674806400000.0"
"907407f3-445e-4d10-8826-b997a3f7964d","TrendTypeStrategy_LongOnly","BTC-USDT","Bybit Perpetual","long","23538.1","23192.9","0.4612076032770074","11.853980879805809","10855.950686694527","-171.06284553102742","-1.5757518661234218","72000.0","1675000800000.0","1675072800000.0"
"7631be96-c571-4e51-9d21-a01f02bc1a07","TrendTypeStrategy_LongOnly","BTC-USDT","Bybit Perpetual","long","23379.9","23827.0","0.45737753298517314","11.875256504032775","10693.44098344005","192.61823849363748","1.8012746205073527","57600.0","1675281600000.0","1675339200000.0"
"74502c2d-8648-4316-9d1b-f99f39a22763","TrendTypeStrategy_LongOnly","BTC-USDT","Bybit Perpetual","long","23843.3","23534.9","0.4561628763639684","11.886696793921052","10876.428310009007","-152.56732786456791","-1.4027337239392108","43200.0","1675353600000.0","1675396800000.0"
"bfa0a171-38a3-4340-b5a3-fdc395ee6fc7","TrendTypeStrategy_LongOnly","BTC-USDT","Bybit Perpetual","long","23278.0","23197.3","0.46101423440749495","11.784176166597257","10731.489348537667","-48.988024883282435","-0.4564885943809637","57600.0","1675792800000.0","1675850400000.0"
"56b8ea66-5f12-4e30-8c03-aff45d62204e","TrendTypeStrategy_LongOnly","BTC-USDT","Bybit Perpetual","long","22033.3","22125.9","0.4849455471898694","11.778144074106784","10684.950724898548","33.12781359567618","0.31004180036581985","50400.0","1676390400000.0","1676440800000.0"
"bf826a85-f875-487e-9b0a-ec22b9d8f659","TrendTypeStrategy_LongOnly","BTC-USDT","Bybit Perpetual","long","22433.0","23310.6","0.4777079368704338","12.018644429564507","10716.42214781444","407.2178409679275","3.799942138813349","28800.0","1676462400000.0","1676491200000.0"
"fbb045fe-13d6-4a46-a1be-d316f3d870bc","TrendTypeStrategy_LongOnly","BTC-USDT","Bybit Perpetual","long","23310.6","24332.6","0.4763188891205706","12.481345853982042","11103.279096733972","474.3165588272411","4.271860183779054","14400.0","1676491200000.0","1676505600000.0"
"52ec2ebb-908b-47f5-af4b-fb7ee95d366d","TrendTypeStrategy_LongOnly","BTC-USDT","Bybit Perpetual","long","24332.6","23526.6","0.4748312892013123","12.498775099878895","11553.87982761985","-395.2127941961366","-3.4206067580118855","86400.0","1676505600000.0","1676592000000.0"
"77311699-c63c-44af-a8d8-5b4f9ae734be","TrendTypeStrategy_LongOnly","BTC-USDT","Bybit Perpetual","long","24131.4","24649.8","0.4632316265584889","12.428347041811229","11178.42767313352","227.71092816610837","2.0370568636713897","50400.0","1676649600000.0","1676700000000.0"
"3b226347-af8f-4678-b3ca-9e916672fd21","TrendTypeStrategy_LongOnly","BTC-USDT","Bybit Perpetual","long","24536.7","24231.0","0.4643963146996671","12.456147086008425","11394.753054891322","-154.422100489697","-1.3552035726075662","14400.0","1676844000000.0","1676858400000.0"
"dade81d2-c5b3-4796-bf1d-665c789aa2b6","TrendTypeStrategy_LongOnly","BTC-USDT","Bybit Perpetual","long","24884.7","24870.0","0.4520067374501645","12.369202790896436","11248.052059426109","-19.01370183141418","-0.1690399522598252","57600.0","1676887200000.0","1676944800000.0"
"4f7b5015-de96-4478-86d6-0bd16ebcbc9c","TrendTypeStrategy_LongOnly","BTC-USDT","Bybit Perpetual","long","23546.5","23371.5","0.476928165234165","12.307083611051105","11229.989042686266","-95.76951252702997","-0.8528014779266558","21600.0","1677513600000.0","1677535200000.0"
"4ea5dd7f-92b5-4d38-b008-dfcec5299fbc","TrendTypeStrategy_LongOnly","BTC-USDT","Bybit Perpetual","long","23480.0","23223.3","0.47440408883243557","12.185930065082339","11139.008005785587","-133.9654596683689","-1.2026695698466812","28800.0","1677542400000.0","1677571200000.0"
"ad63a73c-7981-43d4-85a0-b126ba73bdbb","TrendTypeStrategy_LongOnly","BTC-USDT","Bybit Perpetual","long","23686.1","23381.9","0.4649030789830591","12.035131966866045","11011.740819100636","-153.45864859351127","-1.393591177948236","93600.0","1677650400000.0","1677744000000.0"
"064b25b9-c4ce-4bd1-9c7f-827f9043f8e9","TrendTypeStrategy_LongOnly","BTC-USDT","Bybit Perpetual","long","21262.8","22387.4","0.5110312424956638","12.268638767651325","10865.9551029368","562.4370965429733","5.176140442462904","28800.0","1678658400000.0","1678687200000.0"
"d880860c-aa6c-4885-815e-5f7f4bbfd1f0","TrendTypeStrategy_LongOnly","BTC-USDT","Bybit Perpetual","long","22387.4","24009.0","0.5092270806191261","12.994466827780474","11400.270344652625","812.7681671041937","7.129376256287012","36000.0","1678687200000.0","1678723200000.0"
"656c3fe6-69fd-4044-b846-e5ba1b402f8a","TrendTypeStrategy_LongOnly","BTC-USDT","Bybit Perpetual","long","24009.0","25794.3","0.5069932151860389","13.887464356631169","12172.400103401607","891.2475227150037","7.321871735599148","79200.0","1678723200000.0","1678802400000.0"
"2b831b93-f655-45f4-ade7-2137e702cb0f","TrendTypeStrategy_LongOnly","BTC-USDT","Bybit Perpetual","long","25794.3","24426.9","0.5047272168649997","13.941403576991288","13019.08524998086","-704.1053999181908","-5.408255544829664","115200.0","1678802400000.0","1678917600000.0"
"8397b6fa-72d8-45d4-80d9-30b02349faf5","TrendTypeStrategy_LongOnly","BTC-USDT","Bybit Perpetual","long","26453.2","27440.0","0.4668692301898666","13.838592238057686","12350.185120058579","446.8679641133023","3.618309845311717","79200.0","1679061600000.0","1679140800000.0"
"22d795b2-cfee-46e3-9650-061570502b18","TrendTypeStrategy_LongOnly","BTC-USDT","Bybit Perpetual","long","27305.9","27322.9","0.46783697611015257","14.056554930289469","12774.709685966216","-6.103326336416875","-0.04777663435374774","7200.0","1679162400000.0","1679169600000.0"
"7b48d1a1-872f-43c5-86b0-647f610b9ee7","TrendTypeStrategy_LongOnly","BTC-USDT","Bybit Perpetual","long","27964.9","27264.3","0.4566049414067857","13.869859096469009","12768.911525946622","-333.76728104606406","-2.613905502969802","21600.0","1679263200000.0","1679284800000.0"
"7da0c3c2-5f4b-44e8-ab69-5dbcd3c7f21a","TrendTypeStrategy_LongOnly","BTC-USDT","Bybit Perpetual","long","28168.5","27773.000000000004","0.4420481249961078","13.600859351458372","12451.832608952862","-188.4308927874174","-1.5132783960807157","72000.0","1679299200000.0","1679371200000.0"
"bebde16d-f0d6-4e70-b098-ab9b0e59b44a","TrendTypeStrategy_LongOnly","BTC-USDT","Bybit Perpetual","long","28574.5","28211.3","0.42950264259408955","13.414308139000699","12272.823260804811","-169.40966792917433","-1.3803642758403498","43200.0","1679587200000.0","1679630400000.0"
"54db2454-54b8-4495-a1cf-4822a49b49d7","TrendTypeStrategy_LongOnly","BTC-USDT","Bybit Perpetual","long","28077.7","28338.5","0.4313702360332967","13.38494823055592","12111.884076272096","99.11640932692755","0.8183401418207306","57600.0","1680076800000.0","1680134400000.0"
"392d5a88-a502-4ce2-9aa7-e77af608b9ca","TrendTypeStrategy_LongOnly","BTC-USDT","Bybit Perpetual","long","28470.5","28630.100000000002","0.4287260380089101","13.464282703262366","12206.044665132677","54.960392962960626","0.45027193059483384","28800.0","1680148800000.0","1680177600000.0"
"a43247d0-d76c-40cd-af3f-798a8ffad740","TrendTypeStrategy_LongOnly","BTC-USDT","Bybit Perpetual","long","27830.6","27971.3","0.44045967526562446","13.518167714262667","12258.257038447488","48.45450859561102","0.3952805724634062","7200.0","1680199200000.0","1680206400000.0"
"370fb579-a02d-4f93-9c61-d690492024e3","TrendTypeStrategy_LongOnly","BTC-USDT","Bybit Perpetual","long","28052.5","28015.0","0.4386164805850929","13.525671238862582","12304.288821613318","-29.973789260803567","-0.24360440245967382","7200.0","1680213600000.0","1680220800000.0"
"4c4a1849-6157-4f6f-b7bb-24d165b5a5fb","TrendTypeStrategy_LongOnly","BTC-USDT","Bybit Perpetual","long","28140.1","28025.4","0.43623916481517677","13.475874946284748","12275.813721815555","-63.512507150584256","-0.5173792026325319","14400.0","1680228000000.0","1680242400000.0"
"bc42a1b5-0289-4a7b-8f77-e49f96b351b1","TrendTypeStrategy_LongOnly","BTC-USDT","Bybit Perpetual","long","28361.1","28459.0","0.43071237857567235","13.46021623204916","12215.4768400225","28.70652563050979","0.23500126934428303","21600.0","1680271200000.0","1680292800000.0"
"72593e4f-e4df-4126-9108-82bb85fe0dc2","TrendTypeStrategy_LongOnly","BTC-USDT","Bybit Perpetual","long","28318.3","28032.5","0.43232637691427395","13.399065460121477","12242.748039371483","-136.95794398222066","-1.118686291196856","21600.0","1680516000000.0","1680537600000.0"
"d27a3beb-d714-4c4e-aa27-7360d4bd6e15","TrendTypeStrategy_LongOnly","BTC-USDT","Bybit Perpetual","long","28274.6","28100.2","0.4283929036162625","13.28281034453234","12112.637992588374","-87.99453273520757","-0.7264687740940555","7200.0","1680609600000.0","1680616800000.0"
"ebdd0c9e-2882-4689-8285-6fd1a78825d5","TrendTypeStrategy_LongOnly","BTC-USDT","Bybit Perpetual","long","28560.0","28571.7","0.421184985521356","13.234657830520751","12029.043186489927","-8.30679349992058","-0.06905614495798067","14400.0","1680660000000.0","1680674400000.0"
"f2c72055-1853-4838-8215-112593c97099","TrendTypeStrategy_LongOnly","BTC-USDT","Bybit Perpetual","long","28229.1","28154.0","0.42584254307310554","13.20567747968987","12021.151732665003","-45.18645246447947","-0.3758912080087518","14400.0","1680724800000.0","1680739200000.0"
"623ed876-43de-402f-b7e8-4562ea92efbe","TrendTypeStrategy_LongOnly","BTC-USDT","Bybit Perpetual","long","28132.4","29153.999999999996","0.4257804027677606","13.415284555813273","11978.224602823748","421.5619749117287","3.5194028237903443","79200.0","1681070400000.0","1681149600000.0"
"243eea80-5140-4f56-8770-b692fc62fbd2","TrendTypeStrategy_LongOnly","BTC-USDT","Bybit Perpetual","long","29154.0","30191.9","0.4245972586605574","13.858958549008968","12378.70847898989","426.8305362147842","3.4481023358715834","28800.0","1681149600000.0","1681178400000.0"
"f5a805f5-6c5d-44b6-b95a-7e89e6e19c4c","TrendTypeStrategy_LongOnly","BTC-USDT","Bybit Perpetual","long","30191.9","29979.4","0.4234313669690857","14.013128696218821","12784.197488393938","-103.99229417714952","-0.8134440528751088","108000.0","1681178400000.0","1681286400000.0"
"32f1ce23-12b9-498a-b872-22e0ba4e9ba8","TrendTypeStrategy_LongOnly","BTC-USDT","Bybit Perpetual","long","29948.0","29934.7","0.42358103408994413","13.950846794553845","12685.404808925647","-19.584474547949796","-0.1543858855349248","21600.0","1681315200000.0","1681336800000.0"
"305b4220-5dac-4b0e-b8ac-75dd8ccec17d","TrendTypeStrategy_LongOnly","BTC-USDT","Bybit Perpetual","long","30776.400000000005","30786.799999999996","0.4115750886427618","13.935833723422643","12666.799558105096","-9.655452801541813","-0.07622645923502898","14400.0","1681437600000.0","1681452000000.0"
"980b57c6-9828-4755-9d84-c30e7e6e6275","TrendTypeStrategy_LongOnly","BTC-USDT","Bybit Perpetual","long","30739.9","30779.499999999996","0.4117653888901276","13.932357815908023","12657.626877943634","2.3735515841389336","0.0187519477942183","7200.0","1681459200000.0","1681466400000.0"
"60086dfb-da7a-447b-9805-a2ac0e4acd7b","TrendTypeStrategy_LongOnly","BTC-USDT","Bybit Perpetual","long","30226.7","30367.1","0.4188310914505576","13.958212064025238","12659.88175194857","44.84567317563213","0.35423453436861385","43200.0","1681488000000.0","1681531200000.0"
"7d276485-b17c-4a19-bd90-002e7cd8f058","TrendTypeStrategy_LongOnly","BTC-USDT","Bybit Perpetual","long","30369.7","30205.8","0.4182617918999996","13.935029446381135","12702.485141465419","-82.48813713879169","-0.6493858187601507","28800.0","1681819200000.0","1681848000000.0"
"88ef3c4b-ebef-4ce1-8db8-54ed52e004df","TrendTypeStrategy_LongOnly","BTC-USDT","Bybit Perpetual","long","30365.0","30199.9","0.41574580639497993","13.848781754352228","12624.121411183565","-82.48841439016282","-0.6534190515395968","21600.0","1681855200000.0","1681876800000.0"
"b65a6f0c-8625-445c-820f-b83e6ccdf9ad","TrendTypeStrategy_LongOnly","BTC-USDT","Bybit Perpetual","long","30254.1","30064.8","0.4146795778923488","13.75715879501194","12545.75741751291","-92.25600289003327","-0.7353561831288958","7200.0","1681884000000.0","1681891200000.0"
"e933b33a-3cf5-4513-b3c3-d40735a5f517","TrendTypeStrategy_LongOnly","BTC-USDT","Bybit Perpetual","long","27739.8","27440.799999999996","0.44910612963205865","13.630070133226127","12458.11421476738","-147.9128028932133","-1.187280838362222","21600.0","1682301600000.0","1682323200000.0"
"e747f0c1-6fbe-425d-87c9-96b6899175cc","TrendTypeStrategy_LongOnly","BTC-USDT","Bybit Perpetual","long","28249.3","28379.9","0.43603193891596703","13.580676931393047","12317.597052018828","43.3650942910332","0.3520580686955152","28800.0","1682460000000.0","1682488800000.0"
"6aa1fd8f-b7e5-474a-a839-582541e51824","TrendTypeStrategy_LongOnly","BTC-USDT","Bybit Perpetual","long","28849.5","27871.9","0.4283884951765302","13.364337354668324","12358.79389159531","-432.15693023924365","-3.4967565122445747","36000.0","1682503200000.0","1682539200000.0"
"cec81c83-a2eb-4c3e-aa29-645b5dc22452","TrendTypeStrategy_LongOnly","BTC-USDT","Bybit Perpetual","long","28730.3","28880.0","0.41587608928093434","13.177310446465778","11948.244807868028","49.0793401188904","0.4107661075589211","21600.0","1682560800000.0","1682582400000.0"
"41509327-c890-44ee-a299-fef03d8f1ded","TrendTypeStrategy_LongOnly","BTC-USDT","Bybit Perpetual","long","28921.2","28920.099999999995","0.41474317044178577","13.194106279460955","11994.870180980975","-13.650323766949334","-0.11380134641718123","7200.0","1682596800000.0","1682604000000.0"
"7d042007-f05b-4b6c-b665-15b9ba3b05c3","TrendTypeStrategy_LongOnly","BTC-USDT","Bybit Perpetual","long","29136.7","29412.8","0.4112305914328793","13.242540032204653","11981.902373402376","100.29822626241273","0.8370809837764692","43200.0","1682611200000.0","1682654400000.0"
"21f5349f-fdf7-499e-b153-70449678c9dd","TrendTypeStrategy_LongOnly","BTC-USDT","Bybit Perpetual","long","29346.0","29399.8","0.4115445269662533","13.29708185973977","12077.18568835167","8.84401369104436","0.07322909425475115","7200.0","1682884800000.0","1682892000000.0"
"5f85bceb-5032-4e53-b5a2-f73007c42248","TrendTypeStrategy_LongOnly","BTC-USDT","Bybit Perpetual","long","28521.1","28656.5","0.423741984052444","13.325702317046364","12085.58750135816","44.048962323655175","0.3644751429643368","28800.0","1683043200000.0","1683072000000.0"
"e36c655c-68c7-463d-a8f5-8b96e88d0e2f","TrendTypeStrategy_LongOnly","BTC-USDT","Bybit Perpetual","long","28559.3","29079.499999999996","0.4246404504159988","13.461671296390719","12127.434015565634","207.43629101001062","1.7104714051114598","57600.0","1683136800000.0","1683194400000.0"
"8eda7a7f-8596-413d-919c-8eb104414c39","TrendTypeStrategy_LongOnly","BTC-USDT","Bybit Perpetual","long","28745.6","28883.2","0.4287438248645061","13.589395673893407","12324.498492025145","45.405754627463565","0.36841867972838344","21600.0","1683208800000.0","1683230400000.0"
"78e30645-bd05-497a-80c0-b9ef88c33a5b","TrendTypeStrategy_LongOnly","BTC-USDT","Bybit Perpetual","long","29455.3","29475.2","0.41987805111206583","13.608992920082779","12367.633958921233","-5.253419702952058","-0.042477160307308186","14400.0","1683309600000.0","1683324000000.0"
"393a3340-3204-4a3a-a86d-a9096285b1ea","TrendTypeStrategy_LongOnly","BTC-USDT","Bybit Perpetual","long","27398.6","27323.2","0.45121441278763974","13.580195669525466","12362.643210203425","-47.60176239371252","-0.3850451847904558","14400.0","1684137600000.0","1684152000000.0"
"33f50acb-755f-465e-b16e-ac602495d7a6","TrendTypeStrategy_LongOnly","BTC-USDT","Bybit Perpetual","long","27383.0","27008.9","0.4498200173804696","13.45661097184622","12317.4215359294","-181.73427947387927","-1.4754246978052026","36000.0","1684166400000.0","1684202400000.0"
"2c0fc894-ecf3-4474-be3d-f4b4a3d02fbc","TrendTypeStrategy_LongOnly","BTC-USDT","Bybit Perpetual","long","27080.6","27049.3","0.44846768426213657","13.351530996287565","12144.773970429214","-27.38856951369211","-0.22551732605628855","7200.0","1684231200000.0","1684238400000.0"
"9ecb3499-47cc-49bc-ab38-2dc02943a8e0","TrendTypeStrategy_LongOnly","BTC-USDT","Bybit Perpetual","long","27077.0","27392.6","0.4475663784537137","13.408318884302323","12118.754829391206","127.84363015568907","1.0549238098755347","57600.0","1684346400000.0","1684404000000.0"
"bcd0d738-e076-494f-a5b9-caf70a1e9c2f","TrendTypeStrategy_LongOnly","BTC-USDT","Bybit Perpetual","long","26995.3","27187.3","0.4534199019102996","13.512108047484752","12240.206278039112","73.54451311929279","0.6008437394657589","115200.0","1684764000000.0","1684879200000.0"
"5008dd10-218f-428c-ac09-7f0130eeacd4","TrendTypeStrategy_LongOnly","BTC-USDT","Bybit Perpetual","long","27146.0","27264.1","0.45347651829007735","13.570536489298217","12310.07356550244","39.98504032075925","0.32481560819273014","14400.0","1685275200000.0","1685289600000.0"
"066c4806-1e9b-47fc-a84f-9515b9ee2def","TrendTypeStrategy_LongOnly","BTC-USDT","Bybit Perpetual","long","27338.1","28055.7","0.4516795005434599","13.76113415446237","12348.05935380716","310.3640754355255","2.5134643958431724","21600.0","1685296800000.0","1685318400000.0"
"cd34499d-1de1-4d50-84d6-b2d41e31b31c","TrendTypeStrategy_LongOnly","BTC-USDT","Bybit Perpetual","long","28055.7","27741.7","0.4506358859508374","13.829370930514292","12642.90522547091","-155.32903911907727","-1.2285865973759347","108000.0","1685318400000.0","1685426400000.0"
"0457a285-d4ea-46d5-8bd6-1b1866a62758","TrendTypeStrategy_LongOnly","BTC-USDT","Bybit Perpetual","long","27038.2","26808.0","0.4621366303344078","13.686365783371926","12495.342638307786","-120.07021808635294","-0.9609197727659412","14400.0","1685930400000.0","1685944800000.0"
"e86eb0c2-a6d1-408e-8c1e-1192b16c455e","TrendTypeStrategy_LongOnly","BTC-USDT","Bybit Perpetual","long","26659.8","26476.5","0.4644174349067041","13.572583280538208","12381.27593112575","-98.70029909893674","-0.7971738910269368","57600.0","1686074400000.0","1686132000000.0"
"94050d57-1517-4edf-87e5-99e36acac139","TrendTypeStrategy_LongOnly","BTC-USDT","Bybit Perpetual","long","26025.4","25918.0","0.47213532345254094","13.488372678123593","12287.51064698176","-64.19570641692718","-0.5224468019703884","36000.0","1686664800000.0","1686700800000.0"
"897a62d3-f749-4265-8598-d0ed45b910b6","TrendTypeStrategy_LongOnly","BTC-USDT","Bybit Perpetual","long","25558.0","25526.1","0.4783834699853541","13.440783960493356","12226.52472588568","-28.701216653026847","-0.2347455004303993","36000.0","1686866400000.0","1686902400000.0"
"915df3ff-d719-472c-b165-82d0336e2ed5","TrendTypeStrategy_LongOnly","BTC-USDT","Bybit Perpetual","long","26304.6","26411.1","0.4637690202498918","13.446349697432971","12199.258570065304","35.945050959180506","0.2946494719554755","86400.0","1686938400000.0","1687024800000.0"
"46ca93cc-b4c4-4c88-89b6-85d389dfb6fa","TrendTypeStrategy_LongOnly","BTC-USDT","Bybit Perpetual","long","26655.0","27784.0","0.4589535309876768","13.741734200390978","12233.406368476526","504.41680228469613","4.123273494653911","86400.0","1687197600000.0","1687284000000.0"
"93431711-179e-48b6-a81d-976b375a14f3","TrendTypeStrategy_LongOnly","BTC-USDT","Bybit Perpetual","long","27784.0","28969.6","0.4575511924361858","14.282222545275474","12712.602330646987","528.1904712070658","4.154857183990781","43200.0","1687284000000.0","1687327200000.0"
"ba709bee-55ac-400e-a66e-5b872226fa57","TrendTypeStrategy_LongOnly","BTC-USDT","Bybit Perpetual","long","28969.6","30283.7","0.45614655633124723","14.865503810444261","13214.383278293699","584.5566858644487","4.42363955663869","79200.0","1687327200000.0","1687406400000.0"
"b4f41a25-89aa-4a96-9e69-ab6ae64613a7","TrendTypeStrategy_LongOnly","BTC-USDT","Bybit Perpetual","long","30283.7","29875.0","0.45469054738571996","15.044475728157323","13769.712129864927","-200.8765024447014","-1.4588286272813453","72000.0","1687406400000.0","1687478400000.0"
"ab4c2800-29e0-4fce-9aad-9ae1d79a8b1d","TrendTypeStrategy_LongOnly","BTC-USDT","Bybit Perpetual","long","31232.9","30563.4","0.43476204427198434","14.776677144044655","13578.87945254246","-305.84986578413816","-2.252393997995703","57600.0","1687536000000.0","1687593600000.0"
"6ecd6503-0d6d-47db-ab62-0801e8227637","TrendTypeStrategy_LongOnly","BTC-USDT","Bybit Perpetual","long","30631.2","30068.5","0.4338165687288623","14.48289456727923","13288.322080047528","-258.59147779101033","-1.9460054943978708","14400.0","1687788000000.0","1687802400000.0"
"5875a73b-e3bf-427a-9dd4-68322d1d26f3","TrendTypeStrategy_LongOnly","BTC-USDT","Bybit Perpetual","long","30487.4","30716.7","0.4278049350271282","14.400878813141622","13042.660176146068","83.69479278857857","0.6417003253803187","21600.0","1687881600000.0","1687903200000.0"
"7702b377-2f9f-4019-8731-9055c96074db","TrendTypeStrategy_LongOnly","BTC-USDT","Bybit Perpetual","long","30553.0","30571.499999999996","0.4294887647463496","14.438757300406035","13122.17022929522","-6.493215152600129","-0.049482784014674944","21600.0","1688047200000.0","1688068800000.0"
"8587fa75-c596-4182-9204-64289e02ae3b","TrendTypeStrategy_LongOnly","BTC-USDT","Bybit Perpetual","long","30734.3","30120.000000000004","0.4267545275116157","14.283416423952565","13116.00167490025","-276.43872267433625","-2.1076447649694177","36000.0","1688097600000.0","1688133600000.0"
"a509357c-99ef-46bc-b5a8-090203246ad0","TrendTypeStrategy_LongOnly","BTC-USDT","Bybit Perpetual","long","31068.0","30685.3","0.41371780894681437","14.051641984179422","12853.38488835963","-172.38144746812557","-1.341136587485518","100800.0","1688400000000.0","1688500800000.0"
"c700fc07-d910-47c7-9370-eef85623c27a","TrendTypeStrategy_LongOnly","BTC-USDT","Bybit Perpetual","long","30756.1","30785.2","0.4125888039531965","13.96518824839867","12689.622513264907","-1.958854053359751","-0.015436661345221989","7200.0","1688515200000.0","1688522400000.0"
"8e719d5e-5227-4cf6-a3cc-d1386985eca5","TrendTypeStrategy_LongOnly","BTC-USDT","Bybit Perpetual","long","31064.699999999997","30390.3","0.4084301989690619","13.805042832704036","12687.761601914217","-289.2503690174385","-2.279758858125132","21600.0","1688637600000.0","1688659200000.0"
"0e2d3fb3-6530-472f-ae2c-6c23e8cdb5ef","TrendTypeStrategy_LongOnly","BTC-USDT","Bybit Perpetual","long","30195.0","30824.5","0.4110936827735602","13.796602036800692","12412.97375134765","244.98687126915544","1.973635618479881","21600.0","1688997600000.0","1689019200000.0"
"4e357b43-099b-45c2-9734-03b8e184130b","TrendTypeStrategy_LongOnly","BTC-USDT","Bybit Perpetual","long","30824.5","30518.9","0.4102487073286947","13.841327804230877","12645.711279053348","-139.21333276387938","-1.1008738827880373","108000.0","1689019200000.0","1689127200000.0"
"277d4abe-7513-42f3-b4d3-a7b9318fbc2b","TrendTypeStrategy_LongOnly","BTC-USDT","Bybit Perpetual","long","30510.2","30368.9","0.41014016994079555","13.73293043091348","12513.458612927661","-71.6857364435476","-0.5728690896814812","28800.0","1689177600000.0","1689206400000.0"
"276e179a-5bd2-4142-8571-a52373f78928","TrendTypeStrategy_LongOnly","BTC-USDT","Bybit Perpetual","long","30915.4","30099.9","0.40256173826980374","13.509333875979458","12445.357163306291","-341.7984314350044","-2.7463931082890722","100800.0","1689264000000.0","1689364800000.0"
"165af060-975d-4c72-801a-24cf51666e95","TrendTypeStrategy_LongOnly","BTC-USDT","Bybit Perpetual","long","30083.1","29705.6","0.4029055733432737","13.249060249121944","12120.648653443037","-165.34591418620778","-1.3641672068370616","28800.0","1690142400000.0","1690171200000.0"
"a726d5ad-5e96-4b07-acff-bd6643c0021b","TrendTypeStrategy_LongOnly","BTC-USDT","Bybit Perpetual","long","29390.3","29396.9","0.40705845244744493","13.16140466064514","11963.57003496614","-10.474818874491115","-0.08755596234130927","43200.0","1690401600000.0","1690444800000.0"
"dc89dcf8-f986-409d-853f-cfb321c9337d","TrendTypeStrategy_LongOnly","BTC-USDT","Bybit Perpetual","long","29442.4","29376.8","0.4060001547779859","13.13433236715452","11953.618957035373","-39.76794252059128","-0.33268537890933547","28800.0","1690768800000.0","1690797600000.0"
"b4224aef-8e3a-4392-8033-dd9ffe412d4b","TrendTypeStrategy_LongOnly","BTC-USDT","Bybit Perpetual","long","29701.2","29312.599999999995","0.4011905044793076","13.02167690628253","11915.83941164081","-168.9243069469438","-1.4176450446446804","57600.0","1690934400000.0","1690992000000.0"
"acc195ed-39b7-4e64-b08c-8c0b02356239","TrendTypeStrategy_LongOnly","BTC-USDT","Bybit Perpetual","long","29148.9","29084.7","0.40328661870743715","12.916657401538778","11755.361320041215","-38.807658322556534","-0.3301273118368128","14400.0","1691380800000.0","1691395200000.0"
"7ddb0851-f596-4bfa-bea5-932efa49bc13","TrendTypeStrategy_LongOnly","BTC-USDT","Bybit Perpetual","long","29140.8","29794.6","0.402133573705416","13.034946660866996","11718.494044634786","249.8799838277337","2.132355769230767","57600.0","1691460000000.0","1691517600000.0"
"55c661c1-9597-4a7d-b66a-9ec0660f2140","TrendTypeStrategy_LongOnly","BTC-USDT","Bybit Perpetual","long","29794.6","29580.5","0.4012767424053733","13.104215689396305","11955.880029271135","-99.01756623838614","-0.8281913668919823","129600.0","1691517600000.0","1691647200000.0"
"7cdbf1ad-7f68-4631-a9b3-8fff670391c7","TrendTypeStrategy_LongOnly","BTC-USDT","Bybit Perpetual","long","29592.9","29353.8","0.4008330829808727","12.995283120901735","11861.813341344669","-108.83447326162927","-0.9175196922234798","14400.0","1692028800000.0","1692043200000.0"
"ce59d58c-7fe2-4cec-ba2e-7fedd826144d","TrendTypeStrategy_LongOnly","BTC-USDT","Bybit Perpetual","long","29315.2","29322.7","0.40110320215267575","12.935917201629612","11758.42059174612","-9.927643185484545","-0.08443007381836044","7200.0","1692115200000.0","1692122400000.0"
"90f55b05-64ca-4b43-91c8-aaaa23addef8","TrendTypeStrategy_LongOnly","BTC-USDT","Bybit Perpetual","long","26526.9","26433.8","0.4429084940464174","12.901209134354254","11748.98933071991","-54.13598993007668","-0.46077146217613885","64800.0","1692813600000.0","1692878400000.0"
"8ffcb5f3-2d7e-4bc2-893c-eeee7fc02e7a","TrendTypeStrategy_LongOnly","BTC-USDT","Bybit Perpetual","long","26087.0","25981.6","0.4484057247014351","12.841322074454029","11697.560140286338","-60.10328545798594","-0.5138104419826023","21600.0","1693231200000.0","1693252800000.0"
"8949f133-84b9-4120-83bd-a895dcb0155f","TrendTypeStrategy_LongOnly","BTC-USDT","Bybit Perpetual","long","26106.5","25991.999999999996","0.44588366954977693","12.776428696921478","11640.462019101251","-63.83010886037256","-0.5483468676383416","28800.0","1693267200000.0","1693296000000.0"
"d839770a-0c2c-45eb-83ed-9ec02b7834eb","TrendTypeStrategy_LongOnly","BTC-USDT","Bybit Perpetual","long","26036.2","27411.4","0.4447585828839806","13.074203359002414","11579.823415683897","598.557799823048","5.168971739347525","7200.0","1693317600000.0","1693324800000.0"
"1032aafa-0d01-4b9e-9f59-3411c7425e37","TrendTypeStrategy_LongOnly","BTC-USDT","Bybit Perpetual","long","27411.4","27186.4","0.4431898161172283","13.308453918322865","12148.453325515793","-113.02616254469923","-0.9303749170053335","122400.0","1693324800000.0","1693447200000.0"
"99c80b45-eb7c-4b0b-8be4-7986f4d5c840","TrendTypeStrategy_LongOnly","BTC-USDT","Bybit Perpetual","long","25845.6","25725.9","0.46588504314460993","13.21451477639274","12041.07847109833","-68.98095444080118","-0.5728802001114197","57600.0","1694023200000.0","1694080800000.0"
"b647b6c1-cb76-40d8-8589-01772f5d9cae","TrendTypeStrategy_LongOnly","BTC-USDT","Bybit Perpetual","long","25918.9","25828.9","0.46203915152184577","13.150230282817194","11975.546564379569","-54.73375391978331","-0.4570459780314751","64800.0","1694109600000.0","1694174400000.0"
"bba89d49-0774-4880-b656-0feb6d8e89f3","TrendTypeStrategy_LongOnly","BTC-USDT","Bybit Perpetual","long","25788.2","26129.5","0.4623645503817938","13.202697209546272","11923.549498155775","144.60232383575962","1.2127456162120631","144000.0","1694491200000.0","1694635200000.0"
"d7d922c5-1144-40fe-aff5-3fc3e2a7d045","TrendTypeStrategy_LongOnly","BTC-USDT","Bybit Perpetual","long","26701.7","27184.7","0.4516911547129863","13.387005631629227","12060.921705799747","204.77982209474317","1.6978787118423173","14400.0","1695024000000.0","1695038400000.0"
"856b1f54-5491-463f-b5a1-f62f2e40fc2b","TrendTypeStrategy_LongOnly","BTC-USDT","Bybit Perpetual","long","27184.7","27183.899999999998","0.45082206302772343","13.480810428760996","12255.462536789753","-13.841468079184487","-0.1129412132559966","194400.0","1695038400000.0","1695232800000.0"
"2c9da8bf-094b-44d1-ba36-c63910a499f2","TrendTypeStrategy_LongOnly","BTC-USDT","Bybit Perpetual","long","26267.8","26288.0","0.46605780240882483","13.471722358510744","12242.313142114528","-4.057354749852143","-0.03314205986035859","14400.0","1695679200000.0","1695693600000.0"
"4d3f251d-f7d0-466f-8fc0-98651a372377","TrendTypeStrategy_LongOnly","BTC-USDT","Bybit Perpetual","long","26338.8","26256.300000000003","0.4646551344443243","13.441220793886977","12238.45865510217","-51.775269385542046","-0.4230538407216592","14400.0","1695700800000.0","1695715200000.0"
"f7f21379-d556-4e9c-8f9d-b91d7bc0c4ba","TrendTypeStrategy_LongOnly","BTC-USDT","Bybit Perpetual","long","26755.8","26293.4","0.45557494633634216","13.292337543752236","12189.272149185903","-223.95019272967585","-1.8372728903639506","14400.0","1695816000000.0","1695830400000.0"
"b7f22267-d036-4063-a694-9d0b17a1918a","TrendTypeStrategy_LongOnly","BTC-USDT","Bybit Perpetual","long","26359.6","27012.3","0.4543513356080028","13.33727672691522","11976.51946609271","283.21784002442854","2.3647758501646488","57600.0","1695859200000.0","1695916800000.0"
"7ca0f29d-b6ee-41ad-bf98-8fc2f326f2dc","TrendTypeStrategy_LongOnly","BTC-USDT","Bybit Perpetual","long","27012.3","26890.9","0.4533333486639759","13.439864987837215","12245.576414115916","-68.4745335156429","-0.5591777079330447","115200.0","1695916800000.0","1696032000000.0"
"8327e88b-d954-466b-a47c-b2e64143d615","TrendTypeStrategy_LongOnly","BTC-USDT","Bybit Perpetual","long","27981.4","27533.4","0.4353079405346429","13.291318291455926","12180.525607276057","-208.30927565097593","-1.7101829786929887","136800.0","1696204800000.0","1696341600000.0"
"c124a299-ac07-4da8-b94d-3ce59e2689e0","TrendTypeStrategy_LongOnly","BTC-USDT","Bybit Perpetual","long","27540.0","27504.2","0.43509919373302947","13.172327871823793","11982.631795407631","-28.74887900746593","-0.23992124183006272","36000.0","1696521600000.0","1696557600000.0"
"d0b8cdc2-c955-44a0-b0cb-8c0d70087ba2","TrendTypeStrategy_LongOnly","BTC-USDT","Bybit Perpetual","long","27926.5","27878.200000000004","0.42809948831219585","13.13947993347858","11955.320360350537","-33.81668521895577","-0.2828588795588263","57600.0","1696608000000.0","1696665600000.0"
"088702b2-9035-436d-85f9-94adc2193118","TrendTypeStrategy_LongOnly","BTC-USDT","Bybit Perpetual","long","26849.8","26874.2","0.4440701423992926","13.12147338164278","11923.194509392526","-2.2861619070993946","-0.01917407206012168","21600.0","1697241600000.0","1697263200000.0"
"a766ff79-d271-4c61-9308-2441350383d1","TrendTypeStrategy_LongOnly","BTC-USDT","Bybit Perpetual","long","27164.4","27903.4","0.4388472653760356","13.29149439215095","11921.022655580782","311.0166347207394","2.608976123161196","28800.0","1697407200000.0","1697436000000.0"
"f3e259a8-a69f-469b-a6ad-e85ede07751d","TrendTypeStrategy_LongOnly","BTC-USDT","Bybit Perpetual","long","27903.4","28499.0","0.4378136162104075","13.581556288820241","12216.488458565485","247.18023352609782","2.0233329271701606","136800.0","1697436000000.0","1697572800000.0"
"0fbea611-a516-4485-8a9f-fa507daa6e58","TrendTypeStrategy_LongOnly","BTC-USDT","Bybit Perpetual","long","29222.8","29564.5","0.4260820209020107","13.776516373055024","12451.309680415277","131.81571016916234","1.0586493594043034","93600.0","1697774400000.0","1697868000000.0"
"dfe1c68d-025f-46e6-8f8f-9bc27e3a01ed","TrendTypeStrategy_LongOnly","BTC-USDT","Bybit Perpetual","long","29800.5","29895.9","0.42202428164211947","13.856331679641343","12576.534605075982","26.40478478901747","0.20995278602708498","14400.0","1697961600000.0","1697976000000.0"
"c82b1288-969e-4165-a910-55c319044481","TrendTypeStrategy_LongOnly","BTC-USDT","Bybit Perpetual","long","30336.6","31618.7","0.4153932593179706","14.154697699462467","12601.619150625547","518.4210000721087","4.113923725796571","72000.0","1698026400000.0","1698098400000.0"
"49446e23-4269-4051-aa5e-23569b9a3251","TrendTypeStrategy_LongOnly","BTC-USDT","Bybit Perpetual","long","31618.700000000004","34182.3","0.4141257895072869","14.987440091452944","13094.119100694053","1046.665433889427","7.993400898835176","14400.0","1698098400000.0","1698112800000.0"
"6b814fc1-7328-42eb-b3f7-791d1e75c4fa","TrendTypeStrategy_LongOnly","BTC-USDT","Bybit Perpetual","long","34182.3","33853.4","0.41215632835967764","15.422739370159288","14088.45126288901","-150.98095576765786","-1.0716646773330099","108000.0","1698112800000.0","1698220800000.0"
"28e43af0-725a-4c92-868d-ccd4e1aebd75","TrendTypeStrategy_LongOnly","BTC-USDT","Bybit Perpetual","long","34537.4","34316.3","0.4037657540784696","15.290421355876","13945.019354909737","-104.56302958262503","-0.7498234812116678","28800.0","1698660000000.0","1698688800000.0"
"33b48611-2532-4615-b14d-20906719a883","TrendTypeStrategy_LongOnly","BTC-USDT","Bybit Perpetual","long","34541.9","34219.9","0.4008373736478376","15.159264625613837","13845.684476806242","-144.22889894021756","-1.0416884711032108","21600.0","1698703200000.0","1698724800000.0"
"00de990f-a71b-4dbf-805a-22847b145901","TrendTypeStrategy_LongOnly","BTC-USDT","Bybit Perpetual","long","34504.0","34227.0","0.39730660279425684","15.019004064158636","13708.667022813037","-125.07293303816778","-0.912363928819847","7200.0","1698753600000.0","1698760800000.0"
"a78180eb-198a-47c3-9ca9-6f5fc69b26f7","TrendTypeStrategy_LongOnly","BTC-USDT","Bybit Perpetual","long","34553.5","34507.0","0.3932987320076628","14.93877389499836","13589.847736426776","-33.22716493335468","-0.24449990594295803","21600.0","1698782400000.0","1698804000000.0"
"9f7acb55-da05-4394-aefa-bce2782bb4b4","TrendTypeStrategy_LongOnly","BTC-USDT","Bybit Perpetual","long","34612.7","34776.4","0.39171407979556905","14.949378099888495","13558.281929740091","49.17421676264787","0.3626876695548293","100800.0","1698847200000.0","1698948000000.0"
"4affa59c-42b8-46a7-a044-d9cd677c4fdd","TrendTypeStrategy_LongOnly","BTC-USDT","Bybit Perpetual","long","34998.2","34590.7","0.3887342044923626","14.878372125649214","13604.997435664605","-173.28756045628697","-1.273705204839106","21600.0","1698955200000.0","1698976800000.0"
"58abc256-4970-4882-b23b-f0c01b3110c9","TrendTypeStrategy_LongOnly","BTC-USDT","Bybit Perpetual","long","35025.5","34995.1","0.38373111742105426","14.77799569427097","13440.374253231135","-26.44342166387158","-0.19674617064710415","64800.0","1699228800000.0","1699293600000.0"
"205e138a-b7fb-4a58-af10-e356d4ce6ec1","TrendTypeStrategy_LongOnly","BTC-USDT","Bybit Perpetual","long","35473.4","35239.6","0.37817781781984405","14.70814841732205","13415.253002650457","-103.12612222360269","-0.7687229022309756","43200.0","1699387200000.0","1699430400000.0"
"1e5cd1cc-2428-4dfb-bfde-ced603f3ba59","TrendTypeStrategy_LongOnly","BTC-USDT","Bybit Perpetual","long","35630.9","36854.6","0.3737565760768893","14.900562762371747","13317.283186538034","442.4653593829166","3.3224896789022926","50400.0","1699473600000.0","1699524000000.0"
"f150a0a6-d158-4d52-a28b-b264c3a9d830","TrendTypeStrategy_LongOnly","BTC-USDT","Bybit Perpetual","long","36854.6","37217.8","0.37275198422861205","15.185848742116494","13737.625277951805","120.19767192971705","0.8749523261682515","115200.0","1699524000000.0","1699639200000.0"
"746571f5-d809-44c6-b696-ce56fdf4789c","TrendTypeStrategy_LongOnly","BTC-USDT","Bybit Perpetual","long","37527.4","37380.2","0.36911198394466543","15.207111066693383","13851.813066285038","-69.54039510334975","-0.5020309960189205","50400.0","1700078400000.0","1700128800000.0"
"a2c631e9-7ea0-4625-858b-41421537d4a4","TrendTypeStrategy_LongOnly","BTC-USDT","Bybit Perpetual","long","36797.9","36423.1","0.3746341419194263","15.087097578015271","13785.749690936856","-155.4999739694173","-1.127976188858611","7200.0","1700143200000.0","1700150400000.0"
"2c218255-838d-4160-ae10-e3a752c8ea6d","TrendTypeStrategy_LongOnly","BTC-USDT","Bybit Perpetual","long","36621.9","36414.0","0.37240079612652294","14.959245018199415","13638.024715665912","-92.38137053290407","-0.6773808704627597","7200.0","1700265600000.0","1700272800000.0"
"a84de483-19ee-4f18-acd0-44d5672af675","TrendTypeStrategy_LongOnly","BTC-USDT","Bybit Perpetual","long","37161.0","37189.5","0.36463664631359904","14.911004334456585","13550.262413659653","-4.5188599145190125","-0.03334887381932671","86400.0","1700481600000.0","1700568000000.0"
"9def3323-87a4-45a4-af76-3a9c8475d806","TrendTypeStrategy_LongOnly","BTC-USDT","Bybit Perpetual","long","37297.0","37331.6","0.3631919322396134","14.907477988885468","13545.96949674086","-2.341037133395373","-0.01728216746655618","36000.0","1700683200000.0","1700719200000.0"
"4e575d9f-1f6b-4b53-a924-b78de7b7a443","TrendTypeStrategy_LongOnly","BTC-USDT","Bybit Perpetual","long","38217.3","37790.9","0.3543878168123894","14.815009031811703","13543.74551146413","-165.92597412061508","-1.2251114285938607","43200.0","1700841600000.0","1700884800000.0"
"fcea960e-ac2e-4f4b-8114-a60e7519f751","TrendTypeStrategy_LongOnly","BTC-USDT","Bybit Perpetual","long","37437.9","37295.8","0.35755520037313915","14.69678269296934","13386.115836049546","-65.50537666599189","-0.4893531287812579","14400.0","1701043200000.0","1701057600000.0"
"c5ac39af-af5f-4d4f-a2b5-cec81e4235e8","TrendTypeStrategy_LongOnly","BTC-USDT","Bybit Perpetual","long","37502.2","37727.2","0.3552827761629146","14.700240544588702","13323.885728216854","65.2383840920671","0.48963482142380993","108000.0","1701187200000.0","1701295200000.0"
"93059373-87d3-4858-89e3-2cfa6c832c05","TrendTypeStrategy_LongOnly","BTC-USDT","Bybit Perpetual","long","38578.0","38767.5","0.34698175626274863","14.760612585961233","13385.862193104316","50.99243022582963","0.3809424412877806","57600.0","1701432000000.0","1701489600000.0"
"30b3c791-287a-40b1-9159-c9c9a317874f","TrendTypeStrategy_LongOnly","BTC-USDT","Bybit Perpetual","long","39416.4","39474.1","0.3408303397017195","14.788551752831177","13434.305001818857","4.877358847957046","0.03630525618777232","43200.0","1701547200000.0","1701590400000.0"
"e3d32ad2-0e08-402d-8d8b-3bece9c8edc2","TrendTypeStrategy_LongOnly","BTC-USDT","Bybit Perpetual","long","39758.5","41517.1","0.3380142231906238","15.109769839093525","13438.938492724415","579.322043063937","4.310772337990615","50400.0","1701619200000.0","1701669600000.0"
"782386bc-756a-4702-9cb5-69a297c25a17","TrendTypeStrategy_LongOnly","BTC-USDT","Bybit Perpetual","long","41517.1","41730.9","0.33695259142943884","15.427846132224861","13989.294433635156","56.612617915390146","0.40468529834695316","108000.0","1701669600000.0","1701777600000.0"
"afa9af61-d2f3-43ad-abc8-55efa2fc3b21","TrendTypeStrategy_LongOnly","BTC-USDT","Bybit Perpetual","long","42266.7","44081.7","0.332249180102889","15.779051806757966","14043.076420654777","587.2532100799856","4.181798862934651","28800.0","1701792000000.0","1701820800000.0"
"a148c8b1-7b8c-4a41-870e-bd8910cf3c2c","TrendTypeStrategy_LongOnly","BTC-USDT","Bybit Perpetual","long","44081.7","43837.8","0.33122513356405864","16.01663147171189","14600.966970230762","-96.80244154798386","-0.6629865114094833","79200.0","1701820800000.0","1701900000000.0"
"b778a8d0-c977-41bd-be68-241eb2c5e3f7","TrendTypeStrategy_LongOnly","BTC-USDT","Bybit Perpetual","long","42746.8","42726.9","0.33941732833241733","15.956190193177598","14509.004650760178","-22.710595026993197","-0.1565275880299846","28800.0","1702497600000.0","1702526400000.0"
"6b460be2-d9a1-48c7-a985-c0c8a7fe8469","TrendTypeStrategy_LongOnly","BTC-USDT","Bybit Perpetual","long","43216.3","42813.5","0.33523067882915786","15.861905539445178","14487.429585484535","-150.89282297183095","-1.0415430983217049","36000.0","1702576800000.0","1702612800000.0"
"ccb6b17b-8f5e-4305-8667-5bd5793da39c","TrendTypeStrategy_LongOnly","BTC-USDT","Bybit Perpetual","long","42643.1","42894.0","0.33637520263914433","15.824907640115615","14344.081403661296","68.57163070204619","0.4780482539965468","57600.0","1702936800000.0","1702994400000.0"
"4f70134e-e048-4673-89b4-218e68a574ab","TrendTypeStrategy_LongOnly","BTC-USDT","Bybit Perpetual","long","42512.8","41881.7","0.3389384950609755","15.732499651782923","14409.22445282824","-229.63658388476654","-1.593677610037461","7200.0","1703001600000.0","1703008800000.0"
"6adb0e3d-b3bb-4a33-95c5-f05df129ef6d","TrendTypeStrategy_LongOnly","BTC-USDT","Bybit Perpetual","long","43816.8","43541.4","0.3238727998881185","15.56111965495243","14191.069698137711","-104.75568874414074","-0.7381803554800932","57600.0","1703080800000.0","1703138400000.0"
"8b6b1885-1f97-4713-a86b-a4fbe7cf5628","TrendTypeStrategy_LongOnly","BTC-USDT","Bybit Perpetual","long","43857.7","43896.3","0.32130165954509193","15.507528207445999","14091.551793830777","-3.1052841490035803","-0.022036495301837947","28800.0","1703174400000.0","1703203200000.0"
"7b247302-6786-4f7e-9722-c0398ab04800","TrendTypeStrategy_LongOnly","BTC-USDT","Bybit Perpetual","long","43614.1","43783.0","0.32302860253654725","15.527469693310781","14088.601773889224","39.032061275112525","0.27704709027585456","14400.0","1703232000000.0","1703246400000.0"
"e55582a0-a48f-4881-b55e-475924581066","TrendTypeStrategy_LongOnly","BTC-USDT","Bybit Perpetual","long","43388.1","43453.8","0.32556581717338584","15.550014776114201","14125.682232100582","5.839659412178671","0.04134072476094682","7200.0","1703714400000.0","1703721600000.0"
"c7de1076-0c09-4878-878e-a157968409fd","TrendTypeStrategy_LongOnly","BTC-USDT","Bybit Perpetual","long","43461.4","43444.8","0.32514437888660175","15.541384331217136","14131.229908542155","-20.938781020734254","-0.1481738048014987","7200.0","1703728800000.0","1703736000000.0"
"c4a769ce-47ae-4051-b989-f45e50ada53a","TrendTypeStrategy_LongOnly","BTC-USDT","Bybit Perpetual","long","43679.8","45435.0","0.3230632481506887","15.83434421046445","14111.338066572454","551.2062689436234","3.9061233338980412","21600.0","1704146400000.0","1704168000000.0"
"d08d76ad-da10-4c5f-a250-6714632ddaeb","TrendTypeStrategy_LongOnly","BTC-USDT","Bybit Perpetual","long","45435.0","43728.9","0.32210815499216233","15.796230626498115","14634.984022068895","-565.3449538586258","-3.862969395840208","115200.0","1704168000000.0","1704283200000.0"
"a62094ef-3afc-48ae-b96e-9cc87886b8c8","TrendTypeStrategy_LongOnly","BTC-USDT","Bybit Perpetual","long","43970.0","45643.0","0.3206255700683011","15.80272056579187","14097.9063159032","520.6038581584759","3.692774277916761","36000.0","1704700800000.0","1704736800000.0"
"f2e7b862-1fdc-47e9-9bc2-0acf7d343c4a","TrendTypeStrategy_LongOnly","BTC-USDT","Bybit Perpetual","long","45643.0","46835.4","0.3197090458811593","16.261399565738913","14592.479981153752","364.95966674295585","2.501011940494712","72000.0","1704736800000.0","1704808800000.0"
"975b73e0-47c1-488b-aced-7773e6f04438","TrendTypeStrategy_LongOnly","BTC-USDT","Bybit Perpetual","long","46813.4","45997.0","0.3191221245318554","16.289818614658223","14939.19166455956","-276.8211210824654","-1.8529859399231876","43200.0","1704988800000.0","1705032000000.0"
"c06411e4-5196-4cb5-affe-97a969d08502","TrendTypeStrategy_LongOnly","BTC-USDT","Bybit Perpetual","long","43427.5","42965.4","0.337947420402538","16.057941732851937","14676.21159953122","-172.22344470086423","-1.1734870646479731","14400.0","1705442400000.0","1705456800000.0"
"9c5c2672-f82a-4a48-a3e4-1ffd24c50aeb","TrendTypeStrategy_LongOnly","BTC-USDT","Bybit Perpetual","long","39979.4","39976.2","0.36300192917015756","15.963220376376597","14512.599327065398","-17.124826549722687","-0.11799971985573662","21600.0","1706083200000.0","1706104800000.0"
"bb353770-ccae-4e22-8d63-9dea5d863ae3","TrendTypeStrategy_LongOnly","BTC-USDT","Bybit Perpetual","long","41272.0","41805.2","0.35123887240364315","16.04896812774857","14496.33074184316","171.23159863787293","1.1812064838146858","57600.0","1706270400000.0","1706328000000.0"
"c62805a1-7dfd-477b-913a-d3c549f5779a","TrendTypeStrategy_LongOnly","BTC-USDT","Bybit Perpetual","long","41770.6","42021.2","0.3509406319408661","16.173270983904466","14659.000760549141","71.77245138047607","0.48961353200576135","14400.0","1706472000000.0","1706486400000.0"
"7eb28aa2-942e-41f2-8873-63bc7bd4dc62","TrendTypeStrategy_LongOnly","BTC-USDT","Bybit Perpetual","long","42144.3","43287.7","0.3494466532689021","16.419659565137867","14727.184589360593","383.1376437825228","2.6015674717577326","79200.0","1706493600000.0","1706572800000.0"
"3600a344-98ed-44a0-9d79-6224e1286131","TrendTypeStrategy_LongOnly","BTC-USDT","Bybit Perpetual","long","43287.7","43312.1","0.348624790666956","16.604960430740142","15091.16535095399","-8.098515538465909","-0.05366395072964965","36000.0","1706572800000.0","1706608800000.0"
"12a0201f-2ee1-4448-a2b6-14edda0d3219","TrendTypeStrategy_LongOnly","BTC-USDT","Bybit Perpetual","long","43271.8","43031.6","0.34857509419974314","16.545768681616963","15083.471761192446","-100.27350630839679","-0.6647906257655202","64800.0","1706623200000.0","1706688000000.0"
"0a23a310-9e82-4b45-b819-d7df7aafdd9e","TrendTypeStrategy_LongOnly","BTC-USDT","Bybit Perpetual","long","43341.8","42472.8","0.3458142469901912","16.321751203870456","14988.21193019947","-316.8343318383466","-2.1138901245448967","21600.0","1706716800000.0","1706738400000.0"
"7afb1be7-2c2a-46ba-bbec-b79585a90f21","TrendTypeStrategy_LongOnly","BTC-USDT","Bybit Perpetual","long","42909.3","43106.4","0.34228522289930247","16.193046676036744","14687.21931495304","51.27137075741527","0.3490883444847586","28800.0","1706810400000.0","1706839200000.0"
"cf4d6f84-bea4-43bd-9589-2df1caebc818","TrendTypeStrategy_LongOnly","BTC-USDT","Bybit Perpetual","long","43059.0","42629.7","0.3422264129954849","16.128715039385416","14735.927117172585","-163.04651413834807","-1.106455758378046","28800.0","1707120000000.0","1707148800000.0"
"9f6f1f6f-2fef-41cf-95f0-f55182e18692","TrendTypeStrategy_LongOnly","BTC-USDT","Bybit Perpetual","long","42980.2","42814.3","0.33925000183203324","16.008181355198108","14581.032928741155","-72.28975665913045","-0.49577939376734914","7200.0","1707213600000.0","1707220800000.0"
"2ce1b845-6a12-4477-ac5b-801f7cbfb33e","TrendTypeStrategy_LongOnly","BTC-USDT","Bybit Perpetual","long","43232.0","43149.0","0.33568554912830734","15.948269380588775","14512.357659914982","-43.81016995823828","-0.30188182364914884","21600.0","1707235200000.0","1707256800000.0"
"3b5dfa60-111f-4997-82c4-3b9327d1f5fe","TrendTypeStrategy_LongOnly","BTC-USDT","Bybit Perpetual","long","43488.6","44628.6","0.3327478465265531","16.126444698072273","14470.737998454657","363.2061003421983","2.5099348794856584","28800.0","1707328800000.0","1707357600000.0"
"78736b38-ca2f-4a5c-9d44-769e7e4e8ef8","TrendTypeStrategy_LongOnly","BTC-USDT","Bybit Perpetual","long","44628.6","44666.5","0.33197957797868954","16.304282287460687","14815.783793779743","-3.7222562820678693","-0.02512358666863525","28800.0","1707357600000.0","1707386400000.0"
"e43532a2-5a7d-44e6-bc3a-2c61487bedc2","TrendTypeStrategy_LongOnly","BTC-USDT","Bybit Perpetual","long","45406.3","47155.9","0.326215693644093","16.607383253022796","14812.24765031178","554.1395943466817","3.7410905314901197","72000.0","1707408000000.0","1707480000000.0"
"cf099f70-c40b-4b28-b6d5-3211793f8deb","TrendTypeStrategy_LongOnly","BTC-USDT","Bybit Perpetual","long","47155.9","47052.1","0.3252759520005159","16.85397828733553","15338.680264941127","-50.617622104990026","-0.32999985155622713","79200.0","1707480000000.0","1707559200000.0"
"f02aadc9-2fea-45b3-a858-3c3098a5dd7b","TrendTypeStrategy_LongOnly","BTC-USDT","Bybit Perpetual","long","48282.4","48303.4","0.3166908340086944","16.823310655468326","15290.593523941387","-10.172803141285744","-0.0665298121054463","14400.0","1707681600000.0","1707696000000.0"
"b059a0bb-9d22-4615-8bf2-ff63c5794869","TrendTypeStrategy_LongOnly","BTC-USDT","Bybit Perpetual","long","48479.7","48063.7","0.3152026386499332","16.736903933329778","15280.929360957165","-147.861201611702","-0.9676191684354484","14400.0","1707703200000.0","1707717600000.0"
"27bf681f-4fc1-4dca-a658-afda355b6798","TrendTypeStrategy_LongOnly","BTC-USDT","Bybit Perpetual","long","48213.0","47948.8","0.31403275505415656","16.608875241731738","15140.46121942605","-99.57632912703899","-0.6576835915624356","21600.0","1707724800000.0","1707746400000.0"
"3bba915f-da78-46b0-a4b2-7e4fc6387ae0","TrendTypeStrategy_LongOnly","BTC-USDT","Bybit Perpetual","long","49925.4","48854.2","0.30136691357015394","16.37289674663191","15045.863706755365","-339.1971345629821","-2.254421156365306","93600.0","1707753600000.0","1707847200000.0"
"51df7651-6b81-4ff7-88a4-c9fe712e43d0","TrendTypeStrategy_LongOnly","BTC-USDT","Bybit Perpetual","long","49044.9","49524.4","0.30020708430276194","16.275161185120332","14723.62642892053","127.67413573805402","0.8671378369616413","28800.0","1707854400000.0","1707883200000.0"
"fa271181-9642-4304-b07f-7a64c59980f6","TrendTypeStrategy_LongOnly","BTC-USDT","Bybit Perpetual","long","51568.3","51802.4","0.2878690369446284","16.366473121510655","14844.916857871682","51.02366842722644","0.34371137888974146","79200.0","1707904800000.0","1707984000000.0"
"c7fc46a3-8d0e-4737-a224-dd2e45865a09","TrendTypeStrategy_LongOnly","BTC-USDT","Bybit Perpetual","long","52199.2","52359.1","0.28531834478071594","16.40782059899704","14893.389342877546","29.214582731439855","0.1961580541464265","7200.0","1707991200000.0","1707998400000.0"
"fea51655-8538-403e-a588-6ec1de4f1739","TrendTypeStrategy_LongOnly","BTC-USDT","Bybit Perpetual","long","51968.7","51972.5","0.2871178843510116","16.41385759249795","14921.143196472416","-15.322809631963272","-0.10269192802590231","36000.0","1708012800000.0","1708048800000.0"
"d4975243-3e12-4382-8c27-50b6362b488c","TrendTypeStrategy_LongOnly","BTC-USDT","Bybit Perpetual","long","52325.8","51346.4","0.28488024124470246","16.243788740502975","14906.586527322053","-295.25549701556497","-1.9807049486104393","21600.0","1708430400000.0","1708452000000.0"
"df9fa1d5-08d5-438c-be7e-0e08fabf78d7","TrendTypeStrategy_LongOnly","BTC-USDT","Bybit Perpetual","long","52297.4","51866.3","0.2796715287023306","16.022391667860028","14626.093805157265","-136.58878769143433","-0.9338705843885137","21600.0","1708473600000.0","1708495200000.0"
"ca81956e-95cf-43b5-8094-fecd90e5cc29","TrendTypeStrategy_LongOnly","BTC-USDT","Bybit Perpetual","long","52872.3","54531.3","0.2741763542885481","16.19614011700603","14496.334456850402","438.6624316476952","3.0260231160740116","14400.0","1708963200000.0","1708977600000.0"
"ef8a00b3-af81-4d0d-82fd-ba9307aeeb25","TrendTypeStrategy_LongOnly","BTC-USDT","Bybit Perpetual","long","54531.3","56660.4","0.2734771363770112","16.72461323769045","14913.063766915711","565.5355578226038","3.792215782495555","50400.0","1708977600000.0","1709028000000.0"
"9afb20e5-7104-4c9e-8266-f0d7caaf64d9","TrendTypeStrategy_LongOnly","BTC-USDT","Bybit Perpetual","long","56660.4","59357.0","0.272682906348123","17.399779000423997","15450.322546847188","717.916946257924","4.6466146197344145","86400.0","1709028000000.0","1709114400000.0"
"2b0e27a1-96cc-485f-9696-6a1de00277ea","TrendTypeStrategy_LongOnly","BTC-USDT","Bybit Perpetual","long","59357.0","61183.399999999994","0.27178502359944423","18.018591502277545","16132.34364579221","478.3695755997458","2.965282578297411","151200.0","1709114400000.0","1709265600000.0"
"02a79bf8-7432-4a1e-bba0-9b0e24fd17aa","TrendTypeStrategy_LongOnly","BTC-USDT","Bybit Perpetual","long","63587.59999999999","66505.4","0.260849516928017","18.66408291314408","16586.79474261197","742.4426375794247","4.476106740936918","50400.0","1709517600000.0","1709568000000.0"
"8298f183-a1bb-4723-bb19-649268723d92","TrendTypeStrategy_LongOnly","BTC-USDT","Bybit Perpetual","long","66505.4","65660.7","0.2600106945949115","18.900529704595293","17292.115248312424","-238.5315634289163","-1.379423858814468","93600.0","1709568000000.0","1709661600000.0"
"54fe4650-7649-4863-9fb7-3c0187dad1b7","TrendTypeStrategy_LongOnly","BTC-USDT","Bybit Perpetual","long","66192.5","66394.1","0.2578163728980618","18.800647968787388","17065.510263054955","33.17513280746337","0.19439871586660998","14400.0","1709719200000.0","1709733600000.0"
"838129e2-56a4-4bb5-a3a9-ea28513dc076","TrendTypeStrategy_LongOnly","BTC-USDT","Bybit Perpetual","long","68402.2","67971.7","0.24994849053425253","18.747547749298004","17097.026639222047","-126.35037292429372","-0.7390195710079501","28800.0","1709920800000.0","1709949600000.0"
"8738e803-f4e8-4ddb-b1f2-526014ccfeb9","TrendTypeStrategy_LongOnly","BTC-USDT","Bybit Perpetual","long","71223.8","71161.2","0.23836124701215","18.66648638570374","16976.99378494397","-33.58790044866572","-0.19784362811308276","122400.0","1710144000000.0","1710266400000.0"
"9313d0d3-df2f-4395-9795-084f88abb1e9","TrendTypeStrategy_LongOnly","BTC-USDT","Bybit Perpetual","long","72076.7","73149.9","0.23509796202542207","18.77836273053464","16945.085279517738","233.52877011514764","1.3781504563888152","36000.0","1710295200000.0","1710331200000.0"
"c36a554b-a8af-42e3-813f-5af5b5814118","TrendTypeStrategy_LongOnly","BTC-USDT","Bybit Perpetual","long","72240.0","72889.3","0.23763756383066345","18.968495310847228","17166.937611127127","135.32957488440323","0.7883151785714325","14400.0","1710338400000.0","1710352800000.0"
"e89b0419-24d0-4dfa-b21a-d9ad393d9643","TrendTypeStrategy_LongOnly","BTC-USDT","Bybit Perpetual","long","67716.9","66707.8","0.25540892609182214","18.88329754696845","17295.50070726731","-276.6164448662239","-1.599354939461185","21600.0","1710972000000.0","1710993600000.0"
"3e70a7c5-1672-4272-ae9c-7ae44431f62e","TrendTypeStrategy_LongOnly","BTC-USDT","Bybit Perpetual","long","69844.6","70387.9","0.2438658834705102","18.808857377078077","17032.7150846444","113.68347711244726","0.6674418995884983","122400.0","1711382400000.0","1711504800000.0"
"d5c0e413-74a1-4ef0-9881-14eb84e711a7","TrendTypeStrategy_LongOnly","BTC-USDT","Bybit Perpetual","long","69966.2","69532.6","0.24498564146546795","18.796361650914662","17140.714387901222","-125.02213579033942","-0.7293869611326488","36000.0","1711548000000.0","1711584000000.0"
"c39e4c9b-fa67-4eef-b50e-30e8d9b69aa4","TrendTypeStrategy_LongOnly","BTC-USDT","Bybit Perpetual","long","67808.4","66907.4","0.25103001042496803","18.599739773124348","17021.9433589004","-244.77777916602057","-1.438013122268038","28800.0","1712268000000.0","1712296800000.0"
"a87b3875-4ff7-4771-b02e-b58c92eb57be","TrendTypeStrategy_LongOnly","BTC-USDT","Bybit Perpetual","long","66817.4","67491.7","0.25127293891550223","18.561533254052847","16789.40446869268","150.87180945667103","0.8986132279915154","14400.0","1712311200000.0","1712325600000.0"
"9598a5b7-4f41-4a00-83b4-614a22abd81a","TrendTypeStrategy_LongOnly","BTC-USDT","Bybit Perpetual","long","68201.5","67699.9","0.24827507734692808","18.557511828105696","16932.732687676515","-143.09229062532626","-0.8450631877598085","36000.0","1712332800000.0","1712368800000.0"
"8c6fbd08-9e7c-467f-ad90-9b8cf2f7d69d","TrendTypeStrategy_LongOnly","BTC-USDT","Bybit Perpetual","long","70745.4","70442.6","0.23742596708171074","18.436933592182918","16796.795011582457","-90.32951642452215","-0.5377782866447689","93600.0","1712563200000.0","1712656800000.0"
"f356c7db-ee4f-431b-a5b4-f45567d542d0","TrendTypeStrategy_LongOnly","BTC-USDT","Bybit Perpetual","long","70681.7","70639.1","0.23642586370983093","18.376540710090353","16710.981970979155","-28.448282504127086","-0.17023704862785033","21600.0","1712793600000.0","1712815200000.0"
"516a36ac-ded4-4e93-a376-0a13dd1e9eed","TrendTypeStrategy_LongOnly","BTC-USDT","Bybit Perpetual","long","70322.8","70055.70000000001","0.23724817701513928","18.317498769415856","16683.956102600238","-81.68648685015748","-0.4896110152041603","36000.0","1712844000000.0","1712880000000.0"
"3c015bfb-dcec-48b3-893f-08d96dd05bc0","TrendTypeStrategy_LongOnly","BTC-USDT","Bybit Perpetual","long","63474.0","63445.0","0.2616245067286225","18.26281642321952","16606.353940092584","-25.84992711834957","-0.15566286983646843","28800.0","1713456000000.0","1713484800000.0"
"2a6e0e8b-e512-4d5e-adf3-12d7cda9b9d3","TrendTypeStrategy_LongOnly","BTC-USDT","Bybit Perpetual","long","64519.59999999999","64604.19999999999","0.25700401907839093","18.251934557270882","16581.79650933015","3.4906054567606155","0.02105082796545321","36000.0","1713513600000.0","1713549600000.0"
"7a6b1806-cdcc-4cd4-92a8-c595fd1fd63e","TrendTypeStrategy_LongOnly","BTC-USDT","Bybit Perpetual","long","63842.40000000001","61659.0","0.2597820975482449","17.93165931548272","16585.11258451407","-585.139891102323","-3.5281032198037807","36000.0","1714435200000.0","1714471200000.0"
"dcbfaa69-a8ed-4cc5-a7e4-9eb333bf7524","TrendTypeStrategy_LongOnly","BTC-USDT","Bybit Perpetual","long","62713.8","62853.7","0.2555933413055319","17.65181928641031","16029.229687966868","18.105689162232117","0.1129542062512464","7200.0","1714773600000.0","1714780800000.0"
"0ea5cb2f-e1a7-47e8-ae58-9365b7e9ae38","TrendTypeStrategy_LongOnly","BTC-USDT","Bybit Perpetual","long","64178.1","63040.3","0.2500296844666792","17.494607025695682","16046.430092670986","-301.9783820118822","-1.881903827006402","122400.0","1714996800000.0","1715119200000.0"
"9d847f8c-ff1d-4408-9c33-238428994c78","TrendTypeStrategy_LongOnly","BTC-USDT","Bybit Perpetual","long","61916.0","62880.0","0.2545311491336601","17.470458108006337","15759.550629759698","227.897569656842","1.4460918017959816","36000.0","1715277600000.0","1715313600000.0"
"82d948d0-d575-4fa0-b3ff-01d8a582c470","TrendTypeStrategy_LongOnly","BTC-USDT","Bybit Perpetual","long","62296.6","61770.2","0.2564514487296851","17.49941082959085","15976.0533209337","-152.49545344089748","-0.9545251907808798","100800.0","1715587200000.0","1715688000000.0"
"87a19e3f-a227-48fc-b1b2-a1a050c6e0d1","TrendTypeStrategy_LongOnly","BTC-USDT","Bybit Perpetual","long","64106.7","66320.0","0.24695051593928324","17.714917471491965","15831.182640164849","528.8606594569244","3.340626354187633","72000.0","1715781600000.0","1715853600000.0"
"390393bd-ec8d-423d-bb6e-24c7eb9eb564","TrendTypeStrategy_LongOnly","BTC-USDT","Bybit Perpetual","long","66320.0","66483.8","0.24628468435839757","17.98914808052767","16333.600266648926","22.35228321737857","0.13684847708082465","7200.0","1715853600000.0","1715860800000.0"
"3854abab-973f-4909-a2f6-d3eb9eae1414","TrendTypeStrategy_LongOnly","BTC-USDT","Bybit Perpetual","long","66299.9","65311.0","0.24667963203120125","17.856150610812374","16354.834935705438","-261.79763872646583","-1.6007354385149817","43200.0","1715868000000.0","1715911200000.0"
"ac2067f1-988c-4e3a-aa26-77ccf3ef6930","TrendTypeStrategy_LongOnly","BTC-USDT","Bybit Perpetual","long","67170.0","66980.0","0.23978155692891612","17.691682724107757","16106.127178915296","-63.250178540601816","-0.3927087985707905","28800.0","1715961600000.0","1715990400000.0"
"4e9a6ded-c8ab-49a6-8826-f7bb674c9fa6","TrendTypeStrategy_LongOnly","BTC-USDT","Bybit Perpetual","long","67107.5","69996.4","0.23910948119512312","18.030563319355423","16046.039509301725","672.7328169052344","4.192516268673389","50400.0","1716184800000.0","1716235200000.0"
"afe8a9bc-0f42-4cd4-bfef-376b2a9d62a1","TrendTypeStrategy_LongOnly","BTC-USDT","Bybit Perpetual","long","69996.4","70002.0","0.23837134031695484","18.354383437626044","16685.135685361696","-17.01950393184971","-0.10200398877655735","115200.0","1716235200000.0","1716350400000.0"
"9ae25a5a-e334-4b46-af2c-c0199c905ebb","TrendTypeStrategy_LongOnly","BTC-USDT","Bybit Perpetual","long","69127.4","68584.1","0.24113400990962255","18.263809413117944","16668.96715662644","-149.27191699701308","-0.8955078955667195","14400.0","1716580800000.0","1716595200000.0"
"dbdfe81d-bacb-4336-9e91-d90683323a24","TrendTypeStrategy_LongOnly","BTC-USDT","Bybit Perpetual","long","68951.7","68640.8","0.23969182537166278","18.13888861534778","16527.15883547928","-92.65907712339634","-0.5606473444454512","43200.0","1716818400000.0","1716861600000.0"
"fc6b2118-be7c-4add-b225-5a3f5104189e","TrendTypeStrategy_LongOnly","BTC-USDT","Bybit Perpetual","long","69366.5","68574.0","0.23698950807972224","17.97974818159901","16439.132712212053","-205.7939333347789","-1.2518539568812037","36000.0","1717092000000.0","1717128000000.0"
"d6d6be5e-c426-4ec7-a92e-bd2de5006005","TrendTypeStrategy_LongOnly","BTC-USDT","Bybit Perpetual","long","68521.5","68752.5","0.23705885708199634","17.89810965089068","16243.628475544012","36.86248633505047","0.22693504958297758","115200.0","1717380000000.0","1717495200000.0"
"b9bcd44e-9d76-4ee0-b265-34b7a9c0365d","TrendTypeStrategy_LongOnly","BTC-USDT","Bybit Perpetual","long","69566.6","71008.4","0.23400091189683425","18.092073004443613","16278.647837562312","319.2904417684093","1.9614064076726305","79200.0","1717509600000.0","1717588800000.0"
"81059279-2243-48ee-806e-0f340e827184","TrendTypeStrategy_LongOnly","BTC-USDT","Bybit Perpetual","long","71625.1","71167.7","0.23151065418746086","18.181929997692592","16581.973757242304","-124.07490322303921","-0.7482517162279825","36000.0","1717603200000.0","1717639200000.0"
"3aa4d3c4-7adb-45c0-920b-3bf6d67a73b5","TrendTypeStrategy_LongOnly","BTC-USDT","Bybit Perpetual","long","71576.8","69834.0","0.2300200986797456","17.890029393709973","16464.102599180416","-418.7690573727713","-2.5435279867219585","14400.0","1717768800000.0","1717783200000.0"
"64216621-1f48-45f2-bf6b-0fd64853676e","TrendTypeStrategy_LongOnly","BTC-USDT","Bybit Perpetual","long","70090.9","69524.2","0.22922051214460484","17.601454598816122","16066.271994676283","-147.50071883116303","-0.918076818816704","14400.0","1718035200000.0","1718049600000.0"
"9d223d2d-9e34-4064-b52e-b9f32717f2bf","TrendTypeStrategy_LongOnly","BTC-USDT","Bybit Perpetual","long","69324.9","67523.2","0.22973197670370502","17.291111486630463","15926.146311786679","-431.19921391369513","-2.707492481056586","21600.0","1718200800000.0","1718222400000.0"
"af9e3382-00dc-483f-8e54-0aed361f81d0","TrendTypeStrategy_LongOnly","BTC-USDT","Bybit Perpetual","long","66587.2","65103.8","0.2330253721220996","16.878039354072282","15516.50705856867","-362.54787635999344","-2.336530219021064","28800.0","1718647200000.0","1718676000000.0"
"9701f1f5-b63e-40ec-928e-0fc4a17259b6","TrendTypeStrategy_LongOnly","BTC-USDT","Bybit Perpetual","long","65118.8","64794.4","0.2329908809134486","16.64772500065677","15172.086576026677","-92.22996676897984","-0.6078924365928141","7200.0","1718892000000.0","1718899200000.0"
"c82980f7-cb8e-4720-a2ed-146463fdcc19","TrendTypeStrategy_LongOnly","BTC-USDT","Bybit Perpetual","long","62766.0","62617.9","0.24032865098295486","16.573338948089944","15084.468107596145","-52.16601215866521","-0.3458259965586441","115200.0","1719792000000.0","1719907200000.0"
"5b08dfff-e5e5-440a-ae37-d630625d962f","TrendTypeStrategy_LongOnly","BTC-USDT","Bybit Perpetual","long","61944.0","61952.6","0.24271778374088554","16.53954949076705","15034.910396045414","-14.452176550595789","-0.09612412824486868","7200.0","1719950400000.0","1719957600000.0"
"40cb0082-5450-42a9-bc5e-0323aa14a66b","TrendTypeStrategy_LongOnly","BTC-USDT","Bybit Perpetual","long","57498.6","55736.8","0.2612442881795792","16.270155808351458","15021.18082832235","-476.5303427231329","-3.1723893625236017","21600.0","1720432800000.0","1720454400000.0"
"a6c189e1-ab4f-4bcc-95a2-afbc30009aee","TrendTypeStrategy_LongOnly","BTC-USDT","Bybit Perpetual","long","57261.8","57407.1","0.2544187748679813","16.045656579402486","14568.477002735373","20.921391408914086","0.14360726522742145","21600.0","1720504800000.0","1720526400000.0"
"3f600a27-9aa2-43bc-a541-a99036bfd086","TrendTypeStrategy_LongOnly","BTC-USDT","Bybit Perpetual","long","58544.2","57315.5","0.24918527069417368","15.878791888875163","14588.352324573842","-322.0527339908057","-2.207601837585956","36000.0","1720706400000.0","1720742400000.0"
"61a02d53-3c80-4ffd-9cd6-cc363be0c79b","TrendTypeStrategy_LongOnly","BTC-USDT","Bybit Perpetual","long","61260.1","63309.90000000001","0.23314363227096552","15.973486249596798","14282.402227282575","461.9243311794307","3.234220153084977","79200.0","1720994400000.0","1721073600000.0"
"5725df6a-2a5e-4cce-9406-19552cbace3b","TrendTypeStrategy_LongOnly","BTC-USDT","Bybit Perpetual","long","63309.9","64255.2","0.23252651389281984","16.31424739856392","14721.230341903034","203.49306618431763","1.3823101837153362","165600.0","1721073600000.0","1721239200000.0"
"4177049b-0be7-4720-9711-5ea2122f45be","TrendTypeStrategy_LongOnly","BTC-USDT","Bybit Perpetual","long","65104.0","66568.7","0.2290880553388138","16.59055353131607","14914.548754778134","318.95472112344385","2.1385475777217944","50400.0","1721397600000.0","1721448000000.0"
"aeaa0614-691c-49b2-b415-56a1c0990da3","TrendTypeStrategy_LongOnly","BTC-USDT","Bybit Perpetual","long","66620.9","67391.4","0.22842014652827278","16.836110061424968","15217.555739845406","159.16161283860922","1.045907868251555","7200.0","1721584800000.0","1721592000000.0"
"a942c1df-dfe0-4a8b-8b96-2f00368823cd","TrendTypeStrategy_LongOnly","BTC-USDT","Bybit Perpetual","long","68169.8","67600.0","0.22544820832747176","16.83498198523855","15368.759272042085","-145.2953710902326","-0.9453942801651213","28800.0","1721599200000.0","1721628000000.0"
"c3528468-52ed-4ca8-90d7-42ad84927e1a","TrendTypeStrategy_LongOnly","BTC-USDT","Bybit Perpetual","long","68193.5","66399.9","0.22334575391358946","16.533475417136323","15230.728669506363","-417.1264196365517","-2.738716109306614","36000.0","1721678400000.0","1721714400000.0"
"a2adae1a-db4d-40f2-857b-6052c722b8af","TrendTypeStrategy_LongOnly","BTC-USDT","Bybit Perpetual","long","65815.0","67256.6","0.22539631650614053","16.496616659368193","14834.458570851639","308.43471321588527","2.079177421560443","43200.0","1721944800000.0","1721988000000.0"
"17249ee6-82f0-4349-a17e-6cb569e98f33","TrendTypeStrategy_LongOnly","BTC-USDT","Bybit Perpetual","long","67528.0","67340.3","0.22401776371885337","16.61709222940989","15127.471548406731","-58.66522647943802","-0.3878058953323023","7200.0","1722009600000.0","1722016800000.0"
"62b0736a-048a-41bd-a995-6e85eb53d3ca","TrendTypeStrategy_LongOnly","BTC-USDT","Bybit Perpetual","long","68209.2","68828.7","0.2209634416361908","16.654201310227883","15071.739583251265","120.23265078339233","0.7977357233335094","7200.0","1722110400000.0","1722117600000.0"
"92e24826-ae2d-45ef-a8b0-3cb589980363","TrendTypeStrategy_LongOnly","BTC-USDT","Bybit Perpetual","long","59391.3","59439.4","0.25569335241854424","16.71132102928327","15185.960601495488","-4.412470777951663","-0.029056250662978345","7200.0","1723132800000.0","1723140000000.0"
"fc6b83c3-0428-493b-9b69-c4f8003f735a","TrendTypeStrategy_LongOnly","BTC-USDT","Bybit Perpetual","long","61154.7","60844.0","0.24825187196170423","16.657523108541902","15181.768754256433","-93.78937972704267","-0.6177763687827708","36000.0","1723154400000.0","1723190400000.0"
"c329b0e8-9247-4cc0-bd9f-41a92233a1f9","TrendTypeStrategy_LongOnly","BTC-USDT","Bybit Perpetual","long","60171.2","59025.9","0.25082878259891345","16.44393491527652","15092.66884351574","-303.71813962581103","-2.0123554208657897","14400.0","1723478400000.0","1723492800000.0"
"53ca56d4-e791-460b-8b3e-f446ee559f0a","TrendTypeStrategy_LongOnly","BTC-USDT","Bybit Perpetual","long","61134.1","60550.5","0.2421584125859581","16.2068222646865","14804.136610871221","-157.5304718498513","-1.0640976639878539","21600.0","1723572000000.0","1723593600000.0"
"1e052a18-ee69-4b0c-82e3-bf9461e8cbc2","TrendTypeStrategy_LongOnly","BTC-USDT","Bybit Perpetual","long","59649.2","58993.4","0.2456777737608193","16.031317412657458","14654.482662613862","-177.1468014450017","-1.2088233035816","7200.0","1723838400000.0","1723845600000.0"
"f3903cd6-c85b-4322-96a5-a34e978adfd0","TrendTypeStrategy_LongOnly","BTC-USDT","Bybit Perpetual","long","58991.0","61088.9","0.2455661575704957","16.218157804447152","14486.193201241113","498.95508416269615","3.444349231238666","43200.0","1724090400000.0","1724133600000.0"
"56fd4821-89f1-4353-b9cf-9a55f0873a48","TrendTypeStrategy_LongOnly","BTC-USDT","Bybit Perpetual","long","61088.9","58783.7","0.24489228863501672","16.145731447246447","14960.200531195673","-580.6714352086881","-3.881441522109589","36000.0","1724133600000.0","1724169600000.0"
"27ab0774-91fc-440e-8285-c830bcbb3d93","TrendTypeStrategy_LongOnly","BTC-USDT","Bybit Perpetual","long","59904.0","61297.0","0.2405275552174716","16.03369912095203","14408.56266774742","319.02118529698595","2.2141083233173076","79200.0","1724248800000.0","1724328000000.0"
"3e735416-a5fb-4a69-86ba-8d85b209a123","TrendTypeStrategy_LongOnly","BTC-USDT","Bybit Perpetual","long","60777.4","60272.7","0.24205761999986106","16.11560450870985","14711.632793779556","-138.2820853226408","-0.939950631320202","21600.0","1724335200000.0","1724356800000.0"
"00715aab-e5a7-4895-b6de-21d9ee589547","TrendTypeStrategy_LongOnly","BTC-USDT","Bybit Perpetual","long","62966.3","63881.7","0.2315566392296045","16.154873115148284","14580.264812723048","195.81207443563034","1.3429939507323665","64800.0","1724436000000.0","1724500800000.0"
"659c98a0-39a4-4a73-825b-3146b9311249","TrendTypeStrategy_LongOnly","BTC-USDT","Bybit Perpetual","long","59017.1","59349.9","0.2502035220882913","16.288712164463625","14766.286283436895","66.97901998652043","0.4535942125248493","14400.0","1725314400000.0","1725328800000.0"
"5fb01f7e-792c-421a-af2c-b06bb1b8498c","TrendTypeStrategy_LongOnly","BTC-USDT","Bybit Perpetual","long","55127.7","55236.8","0.26901024988207545","16.329049947710672","14829.91635242409","13.019968314425324","0.0877952916591946","7200.0","1725876000000.0","1725883200000.0"
"e8948acc-09b9-4704-958e-39ec58936f09","TrendTypeStrategy_LongOnly","BTC-USDT","Bybit Perpetual","long","55652.2","57923.6","0.26669718937118014","16.659690652320805","14842.28532232279","589.1163052853782","3.9691751808553875","108000.0","1725890400000.0","1725998400000.0"
"aa29d2b3-7443-4dd8-94fe-d8d3e3def6ea","TrendTypeStrategy_LongOnly","BTC-USDT","Bybit Perpetual","long","57923.6","56214.0","0.2659010457282334","16.69211895830095","15401.945812343902","-471.27654673528843","-3.0598506998874355","36000.0","1725998400000.0","1726034400000.0"
"11b16b78-0990-4b5b-b4f6-f3cb024805d8","TrendTypeStrategy_LongOnly","BTC-USDT","Bybit Perpetual","long","57660.9","58101.8","0.2593478959389357","16.512546970265632","14954.233092945378","97.8339403492115","0.6542223846662149","50400.0","1726077600000.0","1726128000000.0"
"e337c873-d725-4749-bafe-86d7d3417e30","TrendTypeStrategy_LongOnly","BTC-USDT","Bybit Perpetual","long","58358.7","58366.3","0.2578394538650986","16.552970638822","15047.175336277129","-14.593390789445749","-0.09698425427570213","7200.0","1726164000000.0","1726171200000.0"
"c0fde466-3dd7-4531-ba3b-e0ae1921622e","TrendTypeStrategy_LongOnly","BTC-USDT","Bybit Perpetual","long","59549.9","60456.2","0.25244898169479973","16.66247975819037","15033.311615027154","212.13203235180555","1.4110798590761626","21600.0","1726250400000.0","1726272000000.0"
"6272969e-a4a4-4606-9150-2f67a9291503","TrendTypeStrategy_LongOnly","BTC-USDT","Bybit Perpetual","long","59055.1","61103.0","0.2579766530877328","17.04889146365961","15234.837045761371","511.26149639470884","3.3558711186671455","14400.0","1726574400000.0","1726588800000.0"
"52773577-110d-4881-b298-44cc77724a9e","TrendTypeStrategy_LongOnly","BTC-USDT","Bybit Perpetual","long","61103.0","59824.6","0.25727927380548166","17.111690811071874","15720.535467336345","-346.01751444399997","-2.201054252655355","72000.0","1726588800000.0","1726660800000.0"
"821fc48f-af24-4162-b1c2-cc2a25bf5a5a","TrendTypeStrategy_LongOnly","BTC-USDT","Bybit Perpetual","long","59481.7","62086.5","0.2587656174691468","17.301718685687","15391.818828614547","656.7309616979474","4.266753455264398","50400.0","1726668000000.0","1726718400000.0"
"9324d3db-94f9-4c94-aed2-1377dc61641d","TrendTypeStrategy_LongOnly","BTC-USDT","Bybit Perpetual","long","62086.5","62849.2","0.25795806241658975","17.725494104263184","16015.713242227599","179.01912010086906","1.1177717619772367","64800.0","1726718400000.0","1726783200000.0"
"6e22c396-ba58-4e0a-a4a7-9ac09d43aab9","TrendTypeStrategy_LongOnly","BTC-USDT","Bybit Perpetual","long","63558.4","63097.6","0.25465998839372017","17.739818519497263","16185.781406323424","-135.08714117132428","-0.8346037659853032","100800.0","1727049600000.0","1727150400000.0"
"be39d89d-9237-43e1-9a88-adfdde61d834","TrendTypeStrategy_LongOnly","BTC-USDT","Bybit Perpetual","long","64270.0","63588.0","0.24984360700498942","17.569477147444168","16057.44862221067","-187.96281712484694","-1.1705646491364554","50400.0","1727208000000.0","1727258400000.0"
"8ce60604-8392-4be2-bfa0-85e2a86b4672","TrendTypeStrategy_LongOnly","BTC-USDT","Bybit Perpetual","long","65200.0","65438.9","0.24354116481506233","17.498772431887147","15878.883945942063","40.6832118424316","0.2562095168711679","57600.0","1727366400000.0","1727424000000.0"
"c63bff26-6a16-4458-889f-7a25f4fec44f","TrendTypeStrategy_LongOnly","BTC-USDT","Bybit Perpetual","long","65713.8","65408.19999999999","0.24222511857771686","17.468573098981064","15917.532997192371","-91.49256933633451","-0.5747911397606181","7200.0","1727431200000.0","1727438400000.0"
"fcfc0e9a-09f7-4551-bfaf-e306d03559c4","TrendTypeStrategy_LongOnly","BTC-USDT","Bybit Perpetual","long","65974.0","65785.1","0.23995233055935453","17.38874671457168","15830.615056322855","-62.71574195723235","-0.39616743717221053","21600.0","1727452800000.0","1727474400000.0"
"f7fae988-7584-41a5-afb6-9a3656c548be","TrendTypeStrategy_LongOnly","BTC-USDT","Bybit Perpetual","long","63795.5","62190.7","0.24721234415379587","17.129939108165928","15771.035101463483","-413.8563090061782","-2.6241543839299055","79200.0","1728266400000.0","1728345600000.0"
"77810a0b-78b8-4c6f-8296-955011d38970","TrendTypeStrategy_LongOnly","BTC-USDT","Bybit Perpetual","long","63007.7","62259.9","0.2440633701580539","16.815277945186068","15377.871607907613","-199.3258661493777","-1.2961863073878204","7200.0","1728396000000.0","1728403200000.0"
"0f59e511-9bd4-48e6-a1c9-5a89e9f43580","TrendTypeStrategy_LongOnly","BTC-USDT","Bybit Perpetual","long","62218.0","62537.0","0.24411765140418695","16.75019368051114","15188.512035065703","61.123337117424505","0.4024313703429876","43200.0","1728662400000.0","1728705600000.0"
"c8e3627a-f5d9-4359-8575-7123fef01a54","TrendTypeStrategy_LongOnly","BTC-USDT","Bybit Perpetual","long","62839.8","64599.6","0.24262615739272334","17.006072557338825","15246.579205327256","409.96743922237465","2.6889142390650442","28800.0","1728864000000.0","1728892800000.0"
"4bc854b8-cf7f-4f77-9bf8-83102e5d2419","TrendTypeStrategy_LongOnly","BTC-USDT","Bybit Perpetual","long","64599.6","67646.7","0.2420455896412441","17.605298513755073","15636.048272588512","719.9318176820794","4.604307975591178","108000.0","1728892800000.0","1729000800000.0"
"34a45780-8abd-4c3d-9be0-c8055334304d","TrendTypeStrategy_LongOnly","BTC-USDT","Bybit Perpetual","long","67646.7","67547.1","0.24125320968186903","17.938765998498766","16319.98349938649","-41.967585682810814","-0.25715458403734587","115200.0","1729000800000.0","1729116000000.0"
"ffcb9c0e-03a5-4e32-993f-8929e8a405a3","TrendTypeStrategy_LongOnly","BTC-USDT","Bybit Perpetual","long","69216.9","68394.3","0.23520432572085462","17.801712229200717","16280.11429298782","-211.28079056717368","-1.2977844428166985","28800.0","1729476000000.0","1729504800000.0"
"a326b6ec-8ad9-44ff-9fc7-aed7d004c072","TrendTypeStrategy_LongOnly","BTC-USDT","Bybit Perpetual","long","67882.7","67634.0","0.23687032987711162","17.654936988071665","16079.397541949005","-76.56458802850864","-0.476165775668907","14400.0","1729778400000.0","1729792800000.0"
"8c514c52-3885-4c27-aa25-62a6c52f98c7","TrendTypeStrategy_LongOnly","BTC-USDT","Bybit Perpetual","long","68279.7","67947.2","0.23442781944446042","17.564456314173214","16006.661183321923","-95.5117062794563","-0.5966997438477323","21600.0","1729800000000.0","1729821600000.0"
"a95073bc-d85f-458f-9c5d-0d0a225cb8aa","TrendTypeStrategy_LongOnly","BTC-USDT","Bybit Perpetual","long","67660.6","66825.8","0.2352318049552685","17.399513237664923","15915.92506235644","-213.77102401432376","-1.3431266054395068","14400.0","1729872000000.0","1729886400000.0"
"dda832b8-db22-4124-a36d-266cb0b979a8","TrendTypeStrategy_LongOnly","BTC-USDT","Bybit Perpetual","long","68788.3","70927.5","0.22842318518618474","17.552880431259773","15712.842589542832","471.08999731902594","2.9981207705380086","50400.0","1730124000000.0","1730174400000.0"
"c5c97ac9-4823-4d80-9c2b-0eeecb68dfb8","TrendTypeStrategy_LongOnly","BTC-USDT","Bybit Perpetual","long","70927.5","71826.1","0.22784361618548382","17.889023046122848","16160.378086995905","186.85125045815425","1.1562306862641512","144000.0","1730174400000.0","1730318400000.0"
"bf576a05-8799-4f7f-ae31-6eb20478ed03","TrendTypeStrategy_LongOnly","BTC-USDT","Bybit Perpetual","long","72394.2","72359.9","0.22567949884011637","17.96741800867865","16337.886774931152","-25.708224818895296","-0.15735342748452624","21600.0","1730325600000.0","1730347200000.0"
"1d9b4b47-cb96-4268-b051-76c01d071e5f","TrendTypeStrategy_LongOnly","BTC-USDT","Bybit Perpetual","long","69615.3","74367.1","0.2343373362084657","18.55724864229599","16313.463961353204","1094.9669055530921","6.712044162705616","43200.0","1730822400000.0","1730865600000.0"
"957f65e0-eb6b-4275-95ec-eb008df80ddb","TrendTypeStrategy_LongOnly","BTC-USDT","Bybit Perpetual","long","74367.1","74793.19999999998","0.23335161007527033","19.14373789037069","17353.682521628638","80.28738316269657","0.4626532902318051","93600.0","1730865600000.0","1730959200000.0"
"a998d80f-b016-4759-ae35-0488dc175bf9","TrendTypeStrategy_LongOnly","BTC-USDT","Bybit Perpetual","long","79190.7","82168.7","0.2201010413550228","19.533454584831915","17429.955535633202","635.9274465704259","3.6484742905416923","108000.0","1731218400000.0","1731326400000.0"
"1eac9e52-23f8-49b2-bccf-a89d81ef211d","TrendTypeStrategy_LongOnly","BTC-USDT","Bybit Perpetual","long","82168.7","86181.0","0.21947635303801943","20.321828005074565","18034.086609875107","860.2831432893715","4.770317243670648","28800.0","1731326400000.0","1731355200000.0"
"9e92e04e-a53d-4d24-814b-68dc8646bbd8","TrendTypeStrategy_LongOnly","BTC-USDT","Bybit Perpetual","long","86181.0","87442.1","0.21874143484062628","20.88821130851265","18851.355596000012","254.96661216900245","1.3525107564312389","136800.0","1731355200000.0","1731492000000.0"
"1023abe5-da5d-4695-945d-5e7ae2fffcdf","TrendTypeStrategy_LongOnly","BTC-USDT","Bybit Perpetual","long","92608.1","90944.5","0.20617606750986753","20.814284287066442","19093.573877560564","-363.8087901964833","-1.9053991281540232","64800.0","1731513600000.0","1731578400000.0"
"b2fb7dbd-fb20-4d8b-80d5-979cd8e09e7c","TrendTypeStrategy_LongOnly","BTC-USDT","Bybit Perpetual","long","92407.8","90657.8","0.20288282511729427","20.427476360385903","18747.955526873906","-375.4724203156509","-2.002737950692474","14400.0","1731945600000.0","1731960000000.0"
"f06a77fd-72fd-4c2a-8db3-a3b2fdd80d6e","TrendTypeStrategy_LongOnly","BTC-USDT","Bybit Perpetual","long","91946.0","91717.6","0.2000223688640511","20.205255590354746","18391.25672757404","-65.89036463890285","-0.3582700498118398","21600.0","1731996000000.0","1732017600000.0"
"7630bb8f-13f2-495f-b0c0-02ca3bc967cf","TrendTypeStrategy_LongOnly","BTC-USDT","Bybit Perpetual","long","91175.0","91993.6","0.20102726494288","20.252035474779028","18328.660881167085","144.3088836074637","0.7873400274198035","43200.0","1732024800000.0","1732068000000.0"
"0f9d8058-350e-4da5-96a7-d70eb1300277","TrendTypeStrategy_LongOnly","BTC-USDT","Bybit Perpetual","long","97343.0","99252.6","0.18969781412730422","20.51156557287522","18465.754320594173","341.73538028462605","1.8506440319283421","93600.0","1732168800000.0","1732262400000.0"
"a9057829-36f6-4e4d-a054-1641c721f34b","TrendTypeStrategy_LongOnly","BTC-USDT","Bybit Perpetual","long","98696.5","98828.2","0.19038570700951468","20.683233813738255","18790.402931864566","4.390563799414274","0.0233659906886233","7200.0","1732291200000.0","1732298400000.0"
"08e1a700-30d4-4c7b-9253-7c6279cecf93","TrendTypeStrategy_LongOnly","BTC-USDT","Bybit Perpetual","long","97960.4","96040.4","0.19185889367003414","20.471428372505855","18794.57396747401","-388.8405042189714","-2.06889767702051","57600.0","1732492800000.0","1732550400000.0"
"90be0050-b560-43b5-8a81-76d9b9b20c49","TrendTypeStrategy_LongOnly","BTC-USDT","Bybit Perpetual","long","97028.1","97380.00000000001","0.18989525187513703","20.30444631383676","18425.175488465986","46.519692821025615","0.25247896743315457","7200.0","1732903200000.0","1732910400000.0"
"3005c0c5-d7c6-4094-9e8a-aeef748167ba","TrendTypeStrategy_LongOnly","BTC-USDT","Bybit Perpetual","long","98079.4","96053.6","0.18831038114676435","20.106492572740642","18469.36919664596","-401.5856626998537","-2.174333397227133","21600.0","1733104800000.0","1733126400000.0"
"d2e3833e-87df-499e-b316-5e0d93139225","TrendTypeStrategy_LongOnly","BTC-USDT","Bybit Perpetual","long","97106.5","94650.80000000002","0.18626830147395995","19.645068611427924","18087.86281708109","-477.0641365410281","-2.6374820583585885","7200.0","1733155200000.0","1733162400000.0"
"0a418651-a290-4923-85e7-2bbd65ae8c2b","TrendTypeStrategy_LongOnly","BTC-USDT","Bybit Perpetual","long","95470.0","95890.5","0.18471406606648283","19.440836821733356","17634.651887367116","58.23142795922267","0.3302102492929716","7200.0","1733176800000.0","1733184000000.0"
"3208715b-0854-4635-aa56-0fa550d8adc0","TrendTypeStrategy_LongOnly","BTC-USDT","Bybit Perpetual","long","95591.5","95608.79999999999","0.1850579993401963","19.460729745184935","17689.971743928374","-16.259226356601694","-0.09191211038639592","21600.0","1733191200000.0","1733212800000.0"
"df9effa0-35fb-426a-b03d-9bdd02274e36","TrendTypeStrategy_LongOnly","BTC-USDT","Bybit Perpetual","long","96298.9","96652.10000000002","0.18353818661365406","19.477632154910143","17674.52547888961","45.34805535703728","0.2565729722769691","21600.0","1733277600000.0","1733299200000.0"
"6d4dbcb1-d6d8-4734-b536-f77e77ccb811","TrendTypeStrategy_LongOnly","BTC-USDT","Bybit Perpetual","long","97283.40000000001","103084.8","0.18212363189895492","20.070481365580903","17717.60613147879","1036.5015567330151","5.8501219015782695","28800.0","1733342400000.0","1733371200000.0"
"ef1a2ec0-9698-4d87-850c-5e5097209921","TrendTypeStrategy_LongOnly","BTC-USDT","Bybit Perpetual","long","103084.8","97001.5","0.18142619096486734","19.965492400289556","18702.282610375158","-1123.6354398968676","-6.0080123015226325","72000.0","1733371200000.0","1733443200000.0"
"9b01c722-b6de-4320-91b1-1dc77fb6b3e8","TrendTypeStrategy_LongOnly","BTC-USDT","Bybit Perpetual","long","97856.0","97126.8","0.18021203546510314","19.326035997776813","17634.828942473134","-150.7366522589295","-0.8547667388816189","14400.0","1733760000000.0","1733774400000.0"
"27798501-9ac3-49e8-bb69-4e0320de2c77","TrendTypeStrategy_LongOnly","BTC-USDT","Bybit Perpetual","long","104460.4","107267.4","0.16744746452078638","19.499305803210284","17491.62912282715","450.5257271066371","2.5756647590857398","122400.0","1734307200000.0","1734429600000.0"
"cb5d864b-ec86-4fd3-baa8-178632b55422","TrendTypeStrategy_LongOnly","BTC-USDT","Bybit Perpetual","long","106429.9","103530.09999999999","0.1683702471164443","19.443059396512755","17919.628563578455","-507.68310198477843","-2.8331117477325476","50400.0","1734451200000.0","1734501600000.0"
"dd843711-9c45-46ae-a0b0-4f5a8303597d","TrendTypeStrategy_LongOnly","BTC-USDT","Bybit Perpetual","long","98243.5","98742.7","0.1774909242514051","19.229794486524675","17437.329616692918","69.37367489977623","0.3978457506094521","7200.0","1735056000000.0","1735063200000.0"
"7c509d4e-347f-4f72-a42b-03db3eef574f","TrendTypeStrategy_LongOnly","BTC-USDT","Bybit Perpetual","long","97558.5","98627.2","0.1794127073278874","19.359014166809196","17503.234607847702","172.37934615450354","0.984842802011098","14400.0","1735070400000.0","1735084800000.0"
"7f55bd99-c984-4142-a0aa-21e3c1056781","TrendTypeStrategy_LongOnly","BTC-USDT","Bybit Perpetual","long","94008.5","93881.3","0.18792976152895197","19.420546919247364","17666.99498669448","-43.3252125857295","-0.2452324949339656","43200.0","1735639200000.0","1735682400000.0"
"a4078d40-8930-4103-9b69-0ac78e914a3e","TrendTypeStrategy_LongOnly","BTC-USDT","Bybit Perpetual","long","93588.0","93760.0","0.18833435947704877","19.406236068618377","17625.83603473804","12.987273761434011","0.07368316450827027","14400.0","1735696800000.0","1735711200000.0"
"48fc0415-7479-41c3-93fe-a79321e3d15d","TrendTypeStrategy_LongOnly","BTC-USDT","Bybit Perpetual","long","96734.4","97019.10000000002","0.18233610737040187","19.43054243866514","17638.173944811402","32.48054732969305","0.18414914963035509","36000.0","1735840800000.0","1735876800000.0"
"f2b792a6-8e29-497f-809b-1e2394b8a347","TrendTypeStrategy_LongOnly","BTC-USDT","Bybit Perpetual","long","98735.7","102104.49999999999","0.17895280496086632","19.76750442639576","17669.03046477461","583.0887049257685","3.3000605556044955","50400.0","1736128800000.0","1736179200000.0"
"1fe59254-6de6-40bb-91e4-364c67d9fda2","TrendTypeStrategy_LongOnly","BTC-USDT","Bybit Perpetual","long","102104.50000000001","97915.29999999999","0.17847366898083916","19.63404716614751","18222.964734454094","-767.2959412606837","-4.210598837465564","86400.0","1736179200000.0","1736265600000.0"
"be1040c9-a241-4581-b8ec-c3a772ce977e","TrendTypeStrategy_LongOnly","BTC-USDT","Bybit Perpetual","long","94129.1","92802.7","0.18585149109315235","19.107854569499814","17494.033590256447","-265.6212723554587","-1.5183535059827498","14400.0","1736748000000.0","1736762400000.0"
"889b9c22-5a36-4382-9273-7cdd9a2afcb9","TrendTypeStrategy_LongOnly","BTC-USDT","Bybit Perpetual","long","94886.3","96514.89999999998","0.18170898624478726","19.12862490991968","17241.69338151876","276.8026300883366","1.605426009866521","64800.0","1736834400000.0","1736899200000.0"
"82332409-6d64-4bfc-8394-40b1685bd2be","TrendTypeStrategy_LongOnly","BTC-USDT","Bybit Perpetual","long","99807.4","99345.1","0.17538434905731123","19.210527366599898","17504.655880102684","-100.29071193579284","-0.5729373523405964","36000.0","1736971200000.0","1737007200000.0"
"096e6f40-9974-4b3b-ac88-6c33776bd3a6","TrendTypeStrategy_LongOnly","BTC-USDT","Bybit Perpetual","long","99258.3","101800.6","0.17539469952400635","19.395565943669986","17409.37970376368","426.5103786562119","2.4498884274665222","64800.0","1737043200000.0","1737108000000.0"
"15e39f87-a50e-4453-94ad-a9e9ac2d7449","TrendTypeStrategy_LongOnly","BTC-USDT","Bybit Perpetual","long","103946.20000000001","103857.6","0.1713825475437013","19.58766954829399","17814.564563487085","-34.77216326066693","-0.19518952111766075","108000.0","1737129600000.0","1737237600000.0"
"701b2be2-a97e-44b7-a607-3cf59ed599e2","TrendTypeStrategy_LongOnly","BTC-USDT","Bybit Perpetual","long","104936.0","105130.0","0.16945119890589933","19.577764552151656","17781.53100838945","13.295768035592815","0.0747729092017992","7200.0","1737302400000.0","1737309600000.0"
"4ed400c5-1643-4a1b-8133-e8f01d7b239d","TrendTypeStrategy_LongOnly","BTC-USDT","Bybit Perpetual","long","103687.39999999998","101311.5","0.17161354212781174","19.349323048717785","17794.161988023265","-427.0859377901822","-2.4001463967656433","7200.0","1737324000000.0","1737331200000.0"
"ffee0d40-32a2-422f-b7c9-85094431db85","TrendTypeStrategy_LongOnly","BTC-USDT","Bybit Perpetual","long","107178.8","102941.4","0.16223759126919304","18.7491673187506","17388.430347122587","-706.2147365628306","-4.06140590303307","36000.0","1737360000000.0","1737396000000.0"
"a5edbaae-2e20-43d7-aa9a-77c9e1219ef1","TrendTypeStrategy_LongOnly","BTC-USDT","Bybit Perpetual","long","105899.5","103025.2","0.1578621839327655","18.13972018072382","16717.5263473879","-471.88299545867216","-2.8226843233443057","14400.0","1737655200000.0","1737669600000.0"
"b679430a-f43f-4d4e-ac0d-59632f6cbe5f","TrendTypeStrategy_LongOnly","BTC-USDT","Bybit Perpetual","long","105180.0","105374.0","0.15467995342937974","17.912665602903292","16269.23750170216","12.095245362396376","0.07434426697090701","21600.0","1737698400000.0","1737720000000.0"
"d06664eb-d19d-4150-90da-351534d07699","TrendTypeStrategy_LongOnly","BTC-USDT","Bybit Perpetual","long","101319.6","102549.8","0.1606868560949356","18.017523116978477","16280.727984796438","179.65944725101082","1.1035099131855999","43200.0","1738029600000.0","1738072800000.0"
"0a2471cf-dfc4-4c5e-bb6c-2b523cedb435","TrendTypeStrategy_LongOnly","BTC-USDT","Bybit Perpetual","long","102730.6","102368.7","0.16014122821909826","18.064669594882517","16451.404459684898","-76.01978008737558","-0.46208687090312794","14400.0","1738080000000.0","1738094400000.0"
"023423c1-2049-4b08-8c10-fe65f807cee8","TrendTypeStrategy_LongOnly","BTC-USDT","Bybit Perpetual","long","103681.7","105085.1","0.15797566656991438","18.139040913217404","16379.185668601891","203.56400955100182","1.242821307906804","36000.0","1738188000000.0","1738224000000.0"
"05c066ae-b785-4d2f-927b-e2c79e4ac44e","TrendTypeStrategy_LongOnly","BTC-USDT","Bybit Perpetual","long","101831.90000000001","98818.3","0.16274440011111788","17.960083037146706","16572.571477675345","-508.4066072120125","-3.067759326890695","36000.0","1738612800000.0","1738648800000.0"
"ea13a6e8-0b54-4e54-bae7-ca9fce4e0686","TrendTypeStrategy_LongOnly","BTC-USDT","Bybit Perpetual","long","98257.1","95966.1","0.16374984811096532","17.492210724794106","16089.585200823933","-392.64311274701566","-2.4403557198411105","21600.0","1738944000000.0","1738965600000.0"
"247ad893-71d0-40df-a77e-0ebc0db05021","TrendTypeStrategy_LongOnly","BTC-USDT","Bybit Perpetual","long","97630.1","98175.3","0.16098082705758027","17.33650337888718","15716.574243714269","70.43024353290511","0.4481271964281477","14400.0","1739181600000.0","1739196000000.0"
"ee61f0de-8e9f-421a-86f5-2376c2d76f79","TrendTypeStrategy_LongOnly","BTC-USDT","Bybit Perpetual","long","98487.8","97619.4","0.1602582550840868","17.285288724784316","15783.482975070525","-156.4535574398067","-0.9912486216567015","36000.0","1739556000000.0","1739592000000.0"
"dad30b95-cbdb-4a26-8763-aba664555a2e","TrendTypeStrategy_LongOnly","BTC-USDT","Bybit Perpetual","long","96375.6","95576.8","0.1622283243424965","17.127063913036345","15634.852095502707","-146.71504939782304","-0.9383846326248583","28800.0","1739829600000.0","1739858400000.0"
"839bfeb5-19ff-495f-b6af-96bfc41f21cd","TrendTypeStrategy_LongOnly","BTC-USDT","Bybit Perpetual","long","96194.3","95501.6","0.1610851453628206","16.9836490543262","15495.472798574774","-128.56732924715155","-0.8297089796380835","7200.0","1739887200000.0","1739894400000.0"
"0c861ac5-b867-4d6a-b902-a1f55e022065","TrendTypeStrategy_LongOnly","BTC-USDT","Bybit Perpetual","long","96392.0","95895.4","0.1594876528735785","16.867106356739612","15373.333835789977","-96.06867477375962","-0.6249046290148621","14400.0","1739966400000.0","1739980800000.0"
"18db1ed4-5e57-4f1a-807d-b9afdaaaba19","TrendTypeStrategy_LongOnly","BTC-USDT","Bybit Perpetual","long","98057.6","95247.5","0.15584787507296638","16.569403991672","15282.068594754908","-454.51751773421574","-2.9741884412834962","14400.0","1740153600000.0","1740168000000.0"
"2004f3c2-1bd7-431f-8b9d-6f8d87a239ad","TrendTypeStrategy_LongOnly","BTC-USDT","Bybit Perpetual","long","94039.9","90009.5","0.15791463998693536","15.985252107446303","14850.276952907401","-652.4444171107897","-4.393483159807693","79200.0","1740938400000.0","1741017600000.0"
"fd8361b6-ad29-4699-b5ce-516da6cee0b4","TrendTypeStrategy_LongOnly","BTC-USDT","Bybit Perpetual","long","88424.9","87652.5","0.16093266440394224","15.585132817825286","14230.454756652152","-139.88952280342934","-0.9830291806945717","7200.0","1741363200000.0","1741370400000.0"
"6fcecee8-2189-4eed-8a7d-e6608dd94b9c","TrendTypeStrategy_LongOnly","BTC-USDT","Bybit Perpetual","long","83869.7","83064.3","0.1680888295771762","15.432857372149982","14097.559709988893","-150.8116007136067","-1.0697709661534431","7200.0","1742148000000.0","1742155200000.0"
"6f899fa5-c758-4623-a0df-99090ea89dcf","TrendTypeStrategy_LongOnly","BTC-USDT","Bybit Perpetual","long","83641.0","83525.2","0.16683550757775456","15.33909180476444","13954.28868931097","-34.65864358226891","-0.24837269999163442","14400.0","1742184000000.0","1742198400000.0"
"4de70b99-e537-400c-bf19-79a9bbc998a0","TrendTypeStrategy_LongOnly","BTC-USDT","Bybit Perpetual","long","84436.2","83962.9","0.16487434273342255","15.270580011169944","13921.362977907813","-93.30560642689932","-0.6702332708009159","14400.0","1742241600000.0","1742256000000.0"
"5c0605b7-1587-4d24-87c6-2045d5a79f33","TrendTypeStrategy_LongOnly","BTC-USDT","Bybit Perpetual","long","85382.5","84733.5","0.16200887361932784","15.158165849544067","13832.72265180226","-120.30192482848783","-0.8696908617105379","108000.0","1742414400000.0","1742522400000.0"
"5a77139d-ae1a-45d0-8c57-5eb434c67199","TrendTypeStrategy_LongOnly","BTC-USDT","Bybit Perpetual","long","85525.0","87643.5","0.16040264043513822","15.277176552105729","13718.435823215195","324.53581720973455","2.3656911137094414","36000.0","1742781600000.0","1742817600000.0"
"6ba734f2-8bf2-4b12-8462-9594d7918f90","TrendTypeStrategy_LongOnly","BTC-USDT","Bybit Perpetual","long","87643.5","87914.9","0.16004318460084824","15.453308980686256","14026.744849564442","27.982411319983026","0.19949326533056552","172800.0","1742817600000.0","1742990400000.0"
"66a14680-c05e-4491-850d-5b47c9df982c","TrendTypeStrategy_LongOnly","BTC-USDT","Bybit Perpetual","long","87334.8","87631.1","0.16091326871211048","15.48488418518594","14053.328140318426","32.19371733421286","0.22908251349977657","7200.0","1743040800000.0","1743048000000.0"
"cf8cd344-f101-4db6-8ef4-be02d060a0d9","TrendTypeStrategy_LongOnly","BTC-USDT","Bybit Perpetual","long","82929.9","83619.5","0.16982912281078272","15.556716178664196","14083.912171785929","101.55744691165256","0.7210883288174782","36000.0","1743480000000.0","1743516000000.0"
"763c1bd0-9862-4bc0-bf5c-2bda983defcc","TrendTypeStrategy_LongOnly","BTC-USDT","Bybit Perpetual","long","85245.4","85101.4","0.166347882071666","15.585256168727122","14180.391746351997","-39.539351187047025","-0.27883116273722686","36000.0","1743523200000.0","1743559200000.0"
"58aefaa7-1300-4ca1-adc4-c2dfa768d4d3","TrendTypeStrategy_LongOnly","BTC-USDT","Bybit Perpetual","long","85184.0","82485.1","0.16602682854437809","15.310662904839601","14142.829362724302","-463.40047046326066","-3.276575419092781","36000.0","1743602400000.0","1743638400000.0"
"5bee77c6-f971-41e9-876a-911860915e38","TrendTypeStrategy_LongOnly","BTC-USDT","Bybit Perpetual","long","79140.0","78873.8","0.17314378210493056","15.047508826224643","13702.598915784205","-61.13838362255665","-0.4461809325246362","36000.0","1744070400000.0","1744106400000.0"
"9b85b5d1-6664-4551-8939-f636ed039af9","TrendTypeStrategy_LongOnly","BTC-USDT","Bybit Perpetual","long","79949.7","79856.0","0.17066377298905158","15.000174038936066","13644.517451342777","-30.991369568009702","-0.2271342293967296","7200.0","1744113600000.0","1744120800000.0"
"dcc89c6d-1492-46e2-a1b8-692b387f160e","TrendTypeStrategy_LongOnly","BTC-USDT","Bybit Perpetual","long","82161.9","82115.5","0.16571033106894034","14.972354287629607","13615.075650253168","-22.661313649227473","-0.16644280378130763","43200.0","1744221600000.0","1744264800000.0"
"3a548b8c-b107-4f2b-8a1e-476e5ae27f45","TrendTypeStrategy_LongOnly","BTC-USDT","Bybit Perpetual","long","83949.9","84553.9","0.16192452167645707","15.006693468615964","13593.547402286402","82.79571762396411","0.6090810233246259","100800.0","1744574400000.0","1744675200000.0"
"98ac923d-65b5-4601-9253-e104bbe5c391","TrendTypeStrategy_LongOnly","BTC-USDT","Bybit Perpetual","long","83237.5","84352.3","0.16425533364203834","15.140135182701364","13672.203334029167","167.97171076144346","1.228563580117138","43200.0","1744826400000.0","1744869600000.0"
"b8e009a4-ed0a-44e2-ab14-93f9324ace42","TrendTypeStrategy_LongOnly","BTC-USDT","Bybit Perpetual","long","85138.8","87248.9","0.16246149181398534","15.403499601809969","13831.776459252535","327.40649427487904","2.367060335593162","7200.0","1745193600000.0","1745200800000.0"
"5dab1666-3d16-4cb1-823c-6948dfbb6a87","TrendTypeStrategy_LongOnly","BTC-USDT","Bybit Perpetual","long","87248.9","90180.6","0.16209731731647817","15.818465279542236","14142.812628813672","459.4022398971787","3.2483088898542123","129600.0","1745200800000.0","1745330400000.0"
"ed897af4-41bb-4d46-929b-04651ad0b9e9","TrendTypeStrategy_LongOnly","BTC-USDT","Bybit Perpetual","long","90180.6","93404.9","0.16166719623417888","16.323864179837415","14579.244756715992","504.9396766380237","3.4634144982401853","36000.0","1745330400000.0","1745366400000.0"
"106197ae-13bc-4f9f-a451-9138b2d6a1e6","TrendTypeStrategy_LongOnly","BTC-USDT","Bybit Perpetual","long","93404.9","92544.7","0.16122213555736495","16.488555389920784","15058.937449522116","-155.17183639636565","-1.0304301808577463","108000.0","1745366400000.0","1745474400000.0"
"ee280485-1a55-4268-bac6-48e2c961f1a1","TrendTypeStrategy_LongOnly","BTC-USDT","Bybit Perpetual","long","94465.7","94591.8","0.1578512010702887","16.41362439549036","14911.52420494557","3.491412059473962","0.02341418631313355","21600.0","1745604000000.0","1745625600000.0"
"8c950bb0-5311-4d5b-a6ec-5584f4c49414","TrendTypeStrategy_LongOnly","BTC-USDT","Bybit Perpetual","long","94641.6","94687.9","0.1575928666294956","16.410338253390996","14914.84104640207","-9.113788528447184","-0.0611055022315891","7200.0","1745827200000.0","1745834400000.0"
"e151e2a3-b35b-447e-8b5f-70395b8ee818","TrendTypeStrategy_LongOnly","BTC-USDT","Bybit Perpetual","long","95276.1","94037.9","0.1564524885810822","16.29025553278145","14906.182947300047","-210.00972689387928","-1.4088766227836904","21600.0","1745841600000.0","1745863200000.0"
"53b8da51-8a2e-4f4f-ba7d-ef979e1d364d","TrendTypeStrategy_LongOnly","BTC-USDT","Bybit Perpetual","long","94740.9","95250.5","0.15523046231090123","16.220849071402448","14706.673706750862","62.88459452223372","0.4275922331326869","86400.0","1745870400000.0","1745956800000.0"
"9dd98d39-8190-41e0-8d73-b760cecbf107","TrendTypeStrategy_LongOnly","BTC-USDT","Bybit Perpetual","long","95745.1","96910.1","0.15422631624539515","16.34187599083592","14766.414071546984","163.33178243504943","1.106103226170321","43200.0","1746108000000.0","1746151200000.0"
"09fbe548-39d7-4072-b301-185e343bbb7f","TrendTypeStrategy_LongOnly","BTC-USDT","Bybit Perpetual","long","96798.9","99741.1","0.1541502978325196","16.663184744801875","14921.57926486028","436.8778215380391","2.9278256261176647","122400.0","1746576000000.0","1746698400000.0"
"1869a0ec-8fc5-40b5-ac19-001fba8e0d8e","TrendTypeStrategy_LongOnly","BTC-USDT","Bybit Perpetual","long","99741.1","103228.1","0.15376422753831087","17.16517123863791","15336.613195321419","519.0106901874522","3.384128448553305","50400.0","1746698400000.0","1746748800000.0"
"b93f431f-db03-4281-8bd3-a40c91f76259","TrendTypeStrategy_LongOnly","BTC-USDT","Bybit Perpetual","long","103228.1","102941.9","0.15334655341907386","17.388502405125752","15829.6733509995","-61.27628599366648","-0.38709760230016016","86400.0","1746748800000.0","1746835200000.0"
"46516b64-ab34-4ce0-b67c-e0d85e369b84","TrendTypeStrategy_LongOnly","BTC-USDT","Bybit Perpetual","long","103929.9","101812.8","0.15175094827672805","17.17190740430791","15771.460879305518","-338.4438400009675","-2.145925748990417","108000.0","1746972000000.0","1747080000000.0"
"195c81ce-0487-42c3-a9c9-55d56ba5a338","TrendTypeStrategy_LongOnly","BTC-USDT","Bybit Perpetual","long","103685.5","103633.1","0.14900771304863844","16.990638752145003","15449.939231304601","-24.798642915892792","-0.1605096469612378","14400.0","1747137600000.0","1747152000000.0"
"9c0aa4b5-859b-4d44-90c2-1a09b4d98217","TrendTypeStrategy_LongOnly","BTC-USDT","Bybit Perpetual","long","103937.7","103107.0","0.14841949091171447","16.90120793348276","15426.380520534505","-140.19327903384354","-0.908789192949235","7200.0","1747332000000.0","1747339200000.0"
"c6642974-f3de-4f5d-b87c-b3fdb5fcded7","TrendTypeStrategy_LongOnly","BTC-USDT","Bybit Perpetual","long","103714.5","103646.6","0.1474547619228975","16.81700989791358","15293.196905452352","-26.82918823247746","-0.17543217679301754","28800.0","1747353600000.0","1747382400000.0"
"900df264-130e-42f8-be66-19756a0d3410","TrendTypeStrategy_LongOnly","BTC-USDT","Bybit Perpetual","long","104805.2","103167.0","0.14567701961955606","16.663223642847232","15267.709176631497","-255.31131718360356","-1.6722306813020702","50400.0","1747591200000.0","1747641600000.0"
"618a8ce1-a4f5-475b-a0a7-6c449be2cc8f","TrendTypeStrategy_LongOnly","BTC-USDT","Bybit Perpetual","long","104740.4","105159.2","0.14345146118696392","16.56072237740759","15025.163425307075","43.51674956769331","0.2896257986412147","72000.0","1747670400000.0","1747742400000.0"
"677e5ff2-1905-4486-b7e8-f1fd65669a06","TrendTypeStrategy_LongOnly","BTC-USDT","Bybit Perpetual","long","106972.2","106490.9","0.14084504513692703","16.535870975012603","15066.504337396385","-84.32459119941599","-0.5596825203183659","57600.0","1747771200000.0","1747828800000.0"
"0025382c-c949-4692-9b57-704d73301b62","TrendTypeStrategy_LongOnly","BTC-USDT","Bybit Perpetual","long","107208.3","111250.6","0.13978764681239172","16.795820555922983","14986.395975756936","548.2677841538085","3.6584365249705506","93600.0","1747836000000.0","1747929600000.0"
"3aa29b32-28a7-40c5-b833-b33bc883aba3","TrendTypeStrategy_LongOnly","BTC-USDT","Bybit Perpetual","long","111250.6","111464.1","0.13939026280040787","17.074343309382698","15507.250370703056","12.685477798504383","0.08180352735176262","7200.0","1747929600000.0","1747936800000.0"
"46630d46-2a52-49fd-b462-618f1c31ceca","TrendTypeStrategy_LongOnly","BTC-USDT","Bybit Perpetual","long","109500.1","109587.0","0.14172865207074364","17.07800565299852","15519.301574611636","-4.761785788051723","-0.030682990243849843","7200.0","1748224800000.0","1748232000000.0"
"b5cfc12c-90a4-4306-9be0-0b8b2f8ed142","TrendTypeStrategy_LongOnly","BTC-USDT","Bybit Perpetual","long","109791.6","110091.3","0.1413111556632109","17.089548690268032","15514.777878112985","25.26140466199586","0.16282156831669914","7200.0","1748354400000.0","1748361600000.0"
"a78b48b1-548e-490a-991a-41bd4844ab6e","TrendTypeStrategy_LongOnly","BTC-USDT","Bybit Perpetual","long","110188.9","109822.8","0.14101943310571105","17.064258865843072","15538.776212541883","-68.69147332584265","-0.4420648858460256","7200.0","1748368800000.0","1748376000000.0"
"f564ddaf-155f-4412-b08b-1af4f7ddcca1","TrendTypeStrategy_LongOnly","BTC-USDT","Bybit Perpetual","long","104530.5","104000.0","0.1480287505836319","16.97768015546903","15473.519312882336","-95.50693234008575","-0.6172282491712945","7200.0","1748858400000.0","1748865600000.0"
"3ee25be1-6213-4e58-8a6c-ee9785a38bc8","TrendTypeStrategy_LongOnly","BTC-USDT","Bybit Perpetual","long","104366.4","105240.1","0.1473921465831844","16.99189358503353","15382.787727159255","111.7846248846964","0.7266863904475116","57600.0","1748894400000.0","1748952000000.0"
"5586db6e-5586-410f-9ce7-f60373e1fe42","TrendTypeStrategy_LongOnly","BTC-USDT","Bybit Perpetual","long","106556.1","105307.3","0.1453598913698954","16.938042445091185","15488.983120799714","-198.463474787817","-1.2813202341301932","50400.0","1748966400000.0","1749016800000.0"
"5b6979c2-a4a1-4a6d-a152-a1d5cd3dc342","TrendTypeStrategy_LongOnly","BTC-USDT","Bybit Perpetual","long","104490.5","103201.0","0.1464290324933969","16.72663597115629","15300.442819751288","-205.5468733713916","-1.3434047353587169","7200.0","1749139200000.0","1749146400000.0"
"94edbc5c-6c91-45b0-8b92-6a464a3a2e98","TrendTypeStrategy_LongOnly","BTC-USDT","Bybit Perpetual","long","104033.1","104240.0","0.1451958394977028","16.632213179608954","15105.173290048464","13.408806012464908","0.08876962716673266","36000.0","1749218400000.0","1749254400000.0"
"51b49f6e-a786-4111-b6f0-61cc210b2ab6","TrendTypeStrategy_LongOnly","BTC-USDT","Bybit Perpetual","long","106562.0","109935.8","0.14186963134851363","16.892954690570328","15117.91165576031","461.74680755304536","3.054302856552995","43200.0","1749463200000.0","1749506400000.0"
"6afedf74-6174-4ee6-ad60-9354fa8ad4cb","TrendTypeStrategy_LongOnly","BTC-USDT","Bybit Perpetual","long","109935.8","109423.8","0.14150596186988862","17.072380156366712","15556.571122935702","-89.52343263374968","-0.5754702107957553","115200.0","1749506400000.0","1749621600000.0"
"0b55fd2d-8e1d-4ab0-86a8-8dfc0a58aaef","TrendTypeStrategy_LongOnly","BTC-USDT","Bybit Perpetual","long","106519.9","106914.2","0.1452453847772448","17.05017488849672","15471.523861933638","40.22008032917133","0.25996198362935274","14400.0","1750053600000.0","1750068000000.0"
"36e37981-4f4c-42b0-b4b9-ed58b3e654ac","TrendTypeStrategy_LongOnly","BTC-USDT","Bybit Perpetual","long","107109.0","107133.3","0.14480326525545334","17.06264152771113","15509.732938246352","-13.543922182003191","-0.08732530879757733","43200.0","1750082400000.0","1750125600000.0"
"7c1ca5d0-6f22-4f57-9c8f-052c74adc0c1","TrendTypeStrategy_LongOnly","BTC-USDT","Bybit Perpetual","long","107553.3","106711.1","0.14408545541767148","16.979811009586772","15496.866212173447","-138.32858156234929","-0.8926229320718166","14400.0","1750132800000.0","1750147200000.0"
"5961fa9b-d81e-4e5f-9745-5e464f58ba05","TrendTypeStrategy_LongOnly","BTC-USDT","Bybit Perpetual","long","101369.7","102435.6","0.15157837164053178","16.99086152814054","15365.454059689215","144.57652480350362","0.9409193131675528","7200.0","1750694400000.0","1750701600000.0"
"27acbb55-e7b2-4f7d-a8d6-d61ea50db04a","TrendTypeStrategy_LongOnly","BTC-USDT","Bybit Perpetual","long","103640.2","105152.0","0.1495829008266343","17.17745862028614","15502.801758252544","208.96197084942006","1.3478981032456547","43200.0","1750716000000.0","1750759200000.0"
"3316f7d4-2845-4413-8426-a61d6bf06903","TrendTypeStrategy_LongOnly","BTC-USDT","Bybit Perpetual","long","106809.2","106748.1","0.14700340074225343","17.266507144333502","15701.315630559495","-26.248414929683904","-0.1671733474269925","7200.0","1751047200000.0","1751054400000.0"
"b99a2bee-6b79-4f95-8e20-09f94b312e1c","TrendTypeStrategy_LongOnly","BTC-USDT","Bybit Perpetual","long","108309.8","107525.6","0.144736484015078","17.181591307093385","15676.379636376294","-130.68394207171713","-0.8336359867712775","57600.0","1751241600000.0","1751299200000.0"
"b1ddc31f-3801-48ce-ac74-a17d1a95d73c","TrendTypeStrategy_LongOnly","BTC-USDT","Bybit Perpetual","long","107591.4","109894.7","0.1445490056956984","17.290569729199376","15552.229891408164","315.6491550897032","2.029607055024847","86400.0","1751450400000.0","1751536800000.0"
"31ec0821-f71b-4d3c-88a1-bebf79bcf2ea","TrendTypeStrategy_LongOnly","BTC-USDT","Bybit Perpetual","long","109894.7","109455.0","0.14424805371636104","17.402422019547224","15852.096588743381","-80.82829123863075","-0.5098902267352265","57600.0","1751536800000.0","1751594400000.0"
"55c6eb15-10d0-4405-b3a8-53c1645441b6","TrendTypeStrategy_LongOnly","BTC-USDT","Bybit Perpetual","long","109161.8","108478.6","0.14451309626688713","17.298538442220107","15775.30971206668","-116.02988581175697","-0.735515739022256","57600.0","1751839200000.0","1751896800000.0"
"bd219da3-8504-4467-a120-2ab10cbfcc66","TrendTypeStrategy_LongOnly","BTC-USDT","Bybit Perpetual","long","108713.1","108217.0","0.14409561792043016","17.19227224277239","15665.081320545516","-88.67810829309863","-0.5660877621924182","14400.0","1751976000000.0","1751990400000.0"
"54617388-9817-486c-a500-e043d59ac5ff","TrendTypeStrategy_LongOnly","BTC-USDT","Bybit Perpetual","long","109020.0","111718.8","0.1429172364489733","17.351058600184448","15580.83711766707","368.3539791283051","2.364147550908093","14400.0","1752076800000.0","1752091200000.0"
"1722ed6f-f1d4-43e4-a9cf-f48b502249bb","TrendTypeStrategy_LongOnly","BTC-USDT","Bybit Perpetual","long","111718.8","116459.39999999998","0.14259706869245783","17.89564835273676","15930.773397838959","658.1000154907255","4.130998533818817","93600.0","1752091200000.0","1752184800000.0"
"1ab63da1-9336-4a44-9096-5cf910b4140f","TrendTypeStrategy_LongOnly","BTC-USDT","Bybit Perpetual","long","116459.4","117730.00000000001","0.1421608596004715","18.310911527325267","16555.96841255515","162.31867668103672","0.980423933147535","108000.0","1752184800000.0","1752292800000.0"
"582a9a6f-f6d7-4bf9-8cd4-dabc08742da8","TrendTypeStrategy_LongOnly","BTC-USDT","Bybit Perpetual","long","119038.29999999999","122447.4","0.14037642637203435","18.644394772272044","16710.171155402135","459.91288037263104","2.7522930561004366","21600.0","1752451200000.0","1752472800000.0"
"037a84b4-4ee5-450d-9390-d6ae4f1f0a76","TrendTypeStrategy_LongOnly","BTC-USDT","Bybit Perpetual","long","122447.40000000001","118491.3","0.14003636166840724","18.55709841321373","17147.08839175613","-572.5549488096004","-3.339079706878224","72000.0","1752472800000.0","1752544800000.0"
"91bbb864-2d34-4fbd-acfa-455f293892a6","TrendTypeStrategy_LongOnly","BTC-USDT","Bybit Perpetual","long","120254.8","117830.0","0.13806651535229372","18.079346281891283","16603.16119038701","-352.8630327081335","-2.125276196875304","64800.0","1752789600000.0","1752854400000.0"
"40970a56-2dad-4280-a74e-88a6e9fbd623","TrendTypeStrategy_LongOnly","BTC-USDT","Bybit Perpetual","long","119352.2","118805.9","0.1363019811056209","17.853781465492816","16267.941309314285","-92.31555374349391","-0.5674691836430354","21600.0","1753084800000.0","1753106400000.0"
"5bd49853-f1d7-46ca-9960-fa0cbc93307f","TrendTypeStrategy_LongOnly","BTC-USDT","Bybit Perpetual","long","118304.1","117815.3","0.1367682230223463","17.76149691750643","16180.241533257962","-84.61380433082971","-0.5229452487276459","7200.0","1753113600000.0","1753120800000.0"
"b3f016ad-cf1e-49bd-874d-e9213dbaf26b","TrendTypeStrategy_LongOnly","BTC-USDT","Bybit Perpetual","long","119142.2","118899.8","0.13513145148523087","17.69182853594603","16099.858419143673","-50.447692375965204","-0.3133424596826264","14400.0","1753185600000.0","1753200000000.0"
"2b711b2f-3d2d-4e3e-ab5a-a77f2548933f","TrendTypeStrategy_LongOnly","BTC-USDT","Bybit Perpetual","long","119196.0","118618.6","0.1346683874575196","17.614359782720275","16051.933111386506","-95.3718867006913","-0.5941458018725412","43200.0","1753207200000.0","1753250400000.0"
"fd243b24-8aa6-49b0-9623-d117c96e7fdc","TrendTypeStrategy_LongOnly","BTC-USDT","Bybit Perpetual","long","118873.2","118152.8","0.13427189491845806","17.504261590718343","15961.329819020848","-114.23373468997475","-0.7156905845892886","28800.0","1753689600000.0","1753718400000.0"
"411bb16a-32cf-45c6-851d-adefb435b991","TrendTypeStrategy_LongOnly","BTC-USDT","Bybit Perpetual","long","118856.2","118560.0","0.13337804650548624","17.416359930615705","15852.807771065372","-56.92293730554034","-0.35907164287601073","14400.0","1753776000000.0","1753790400000.0"
"7e55820f-4232-4b20-9237-1bc61c28800a","TrendTypeStrategy_LongOnly","BTC-USDT","Bybit Perpetual","long","118624.1","118562.4","0.1331831472746694","17.374084508584858","15798.73098062511","-25.591484695433508","-0.16198443233711501","7200.0","1753948800000.0","1753956000000.0"
"61bce683-cc10-4896-b812-743546f7ddd1","TrendTypeStrategy_LongOnly","BTC-USDT","Bybit Perpetual","long","115366.3","114941.0","0.13673333607963895","17.319876998871827","15774.419070164451","-75.47256483354266","-0.4784490921525635","28800.0","1754496000000.0","1754524800000.0"
"a4d3457f-b44e-4e1d-b130-8b0f283c45a2","TrendTypeStrategy_LongOnly","BTC-USDT","Bybit Perpetual","long","116590.7","116634.6","0.13468244151182374","17.276244054480152","15702.720133572588","-11.363684872109914","-0.07236762023042256","7200.0","1754575200000.0","1754582400000.0"
"6507d844-fb20-4cc6-bf7f-75e3b60b50e7","TrendTypeStrategy_LongOnly","BTC-USDT","Bybit Perpetual","long","116451.2","116484.0","0.13475107712882375","17.263548005669893","15691.924632944081","-12.843712675844081","-0.08184918661207191","43200.0","1754589600000.0","1754632800000.0"
"4bbaebf6-76c6-4a78-852b-49124ea65d3f","TrendTypeStrategy_LongOnly","BTC-USDT","Bybit Perpetual","long","118480.1","121700.1","0.1323405627265847","17.482070553081016","15679.723105902029","408.6545414265217","2.606261211798437","86400.0","1754798400000.0","1754884800000.0"
"4ac8f935-f811-49bc-9f58-34c7839ee076","TrendTypeStrategy_LongOnly","BTC-USDT","Bybit Perpetual","long","121700.1","119035.3","0.1320290198632312","17.481232399610604","16067.944920257225","-369.3121645311495","-2.29844056824933","57600.0","1754884800000.0","1754942400000.0"
"8df39b9e-b9c0-4dc9-bc7e-aaeff468106e","TrendTypeStrategy_LongOnly","BTC-USDT","Bybit Perpetual","long","118806.6","120081.0","0.13229145825192062","17.381533929265835","15717.098363952633","151.21070046698105","0.9620777128543315","36000.0","1755007200000.0","1755043200000.0"
"d373c7bb-0498-4141-9a6f-8b5b771e0041","TrendTypeStrategy_LongOnly","BTC-USDT","Bybit Perpetual","long","121777.3","118364.7","0.13024388395371111","17.20236472922665","15860.748529396265","-461.672643109662","-2.9107872321031967","86400.0","1755093600000.0","1755180000000.0"
"8fd80764-64b7-4d9f-ac21-02cadec23e54","TrendTypeStrategy_LongOnly","BTC-USDT","Bybit Perpetual","long","116319.3","115740.5","0.13258470020402535","16.922168456823346","15422.159518442086","-93.6621929349136","-0.6073221640776749","64800.0","1755878400000.0","1755943200000.0"
"483878de-bf09-47e9-b527-06b5bb976f46","TrendTypeStrategy_LongOnly","BTC-USDT","Bybit Perpetual","long","109390.3","108721.9","0.1401694705577544","16.81496937790287","15333.18043515392","-110.50424349870713","-0.7206870353221526","14400.0","1756713600000.0","1756728000000.0"
"3abf3b2f-d435-481c-8cab-85f1dad95e19","TrendTypeStrategy_LongOnly","BTC-USDT","Bybit Perpetual","long","110190.1","109698.6","0.13819936095738317","16.713662801962357","15228.201403830148","-84.63864871251619","-0.5558020048988066","14400.0","1756800000000.0","1756814400000.0"
"19ab2fbd-d920-4af0-b888-ad670ac4799f","TrendTypeStrategy_LongOnly","BTC-USDT","Bybit Perpetual","long","111120.0","110647.6","0.1363192466482475","16.627155689644443","15147.794687553262","-81.02436780627576","-0.5348921706263446","14400.0","1756864800000.0","1756879200000.0"
"c17a8d27-e234-4e51-8a77-2a377997ece0","TrendTypeStrategy_LongOnly","BTC-USDT","Bybit Perpetual","long","110679.4","111079.9","0.1361664549874439","16.607897757823388","15070.821538137297","37.926767464647895","0.2516569343527341","7200.0","1757030400000.0","1757037600000.0"
"2c393936-12f7-44a8-8b1d-2f6e21f63c4c","TrendTypeStrategy_LongOnly","BTC-USDT","Bybit Perpetual","long","112900.1","110779.9","0.13380725054476222","16.461503191018828","15106.851967228711","-300.15963579602527","-1.986910551895004","86400.0","1757059200000.0","1757145600000.0"
"2f9a1f07-a2bf-47ad-8f82-3ad0a39d763b","TrendTypeStrategy_LongOnly","BTC-USDT","Bybit Perpetual","long","112059.9","110830.1","0.13226587131723738","16.214407031844473","14821.700313222489","-178.87497557778147","-1.2068451783376466","108000.0","1757325600000.0","1757433600000.0"
"1918af50-0dfe-44b7-ab36-ae64bd5ad2eb","TrendTypeStrategy_LongOnly","BTC-USDT","Bybit Perpetual","long","112500.1","113852.4","0.13023783166791494","16.213812335936446","14651.7690864236","159.90680742858342","1.0913822521046546","64800.0","1757491200000.0","1757556000000.0"
"72610e1f-55b6-459e-9ada-11adbbbcde26","TrendTypeStrategy_LongOnly","BTC-USDT","Bybit Perpetual","long","116561.1","115913.6","0.12700361058261075","16.238819448010098","14803.680553480752","-98.47365730025055","-0.6651971240834206","28800.0","1757707200000.0","1757736000000.0"
"bcec2ea1-7c83-4e1c-ae56-8f971bb4956d","TrendTypeStrategy_LongOnly","BTC-USDT","Bybit Perpetual","long","116474.2","114820.1","0.12629518450477029","16.06624596137093","14710.130579045515","-224.97111065071036","-1.529361751357804","14400.0","1757916000000.0","1757930400000.0"
"ff0a694e-e389-41cd-b56b-ee7375a12a70","TrendTypeStrategy_LongOnly","BTC-USDT","Bybit Perpetual","long","115246.7","114964.4","0.12578588388151107","15.926518681059214","14496.408023927343","-51.435873700810156","-0.3548180598663588","21600.0","1757966400000.0","1757988000000.0"
"f6c6e713-5e8d-4219-810a-3f53e7181273","TrendTypeStrategy_LongOnly","BTC-USDT","Bybit Perpetual","long","115893.3","115154.6","0.12466246059014258","15.841649850501863","14447.54394391157","-107.92980948843983","-0.7470460716883522","28800.0","1758002400000.0","1758031200000.0"
"8807d0ce-ec81-480a-abf3-dd6b5a7a890a","TrendTypeStrategy_LongOnly","BTC-USDT","Bybit Perpetual","long","116414.8","116621.9","0.12322325533263428","15.793547432285973","14345.010624897553","9.72598874710151","0.06780049873383046","28800.0","1758045600000.0","1758074400000.0"
"a360877e-fca1-4e9e-8ef1-47995f2712fb","TrendTypeStrategy_LongOnly","BTC-USDT","Bybit Perpetual","long","116320.1","116200.1","0.12340300871652704","15.781530747052738","14354.250314207298","-30.58989179303598","-0.21310685771418697","28800.0","1758081600000.0","1758110400000.0"
"c2d7012d-e966-48ab-9c7a-60dbfb29516b","TrendTypeStrategy_LongOnly","BTC-USDT","Bybit Perpetual","long","117531.2","117530.2","0.12188414580131841","15.757641872424117","14325.189917003914","-15.879526018225436","-0.1108503699443212","50400.0","1758168000000.0","1758218400000.0"
"fd238cd0-b77a-4af2-84dc-75f1245c1285","TrendTypeStrategy_LongOnly","BTC-USDT","Bybit Perpetual","long","112119.6","114000.0","0.12763249572141355","15.87311488374026","14310.1043672866","224.12703007080503","1.5662152023374984","64800.0","1759104000000.0","1759168800000.0"
"171894c6-9f23-4205-9c65-189c5b6c355b","TrendTypeStrategy_LongOnly","BTC-USDT","Bybit Perpetual","long","114000.0","116372.4","0.12739495654257776","16.141555037635136","14523.025045853865","286.09023986397557","1.9699080526315735","144000.0","1759168800000.0","1759312800000.0"
"b7eebf17-765c-4696-9454-dcf255b2e5cc","TrendTypeStrategy_LongOnly","BTC-USDT","Bybit Perpetual","long","116372.4","118813.3","0.1271333303577536","16.44496771143574","14794.810773724643","293.8747783588061","1.9863368504903303","86400.0","1759312800000.0","1759399200000.0"
"a8265221-e3b8-4a76-bffc-56600539d1e2","TrendTypeStrategy_LongOnly","BTC-USDT","Bybit Perpetual","long","118813.3","118716.0","0.12687124937330677","16.574601479571847","15073.991813165509","-28.919174043594964","-0.19184814747170806","7200.0","1759399200000.0","1759406400000.0"
"7389b812-b477-4a5c-825f-97086aaa5d7d","TrendTypeStrategy_LongOnly","BTC-USDT","Bybit Perpetual","long","119559.6","119894.5","0.1258495227302876","16.574351310445806","15046.518597824093","25.57265385192678","0.16995728072023844","57600.0","1759413600000.0","1759471200000.0"
"c9da2790-4452-4b7a-9df2-eb2923035464","TrendTypeStrategy_LongOnly","BTC-USDT","Bybit Perpetual","long","122238.5","122168.0","0.12329022868395328","16.573113302264545","15070.812618983424","-25.265074424483252","-0.16764241626001627","64800.0","1759507200000.0","1759572000000.0"
"f9543d42-99fb-4d1a-9f0e-b3d3fe4adfe9","TrendTypeStrategy_LongOnly","BTC-USDT","Bybit Perpetual","long","125103.0","124658.0","0.1202753794735551","16.522054478982028","15046.810798280163","-70.04459834471405","-0.4655112587228124","158400.0","1759644000000.0","1759802400000.0"
"aabd10d4-045b-4939-aa3d-22adce135970","TrendTypeStrategy_LongOnly","BTC-USDT","Bybit Perpetual","long","123985.5","123231.4","0.12082274483590971","16.428183435303538","14980.268429852684","-107.54061531606375","-0.7178817643998741","14400.0","1759946400000.0","1759960800000.0"
"517a030d-12c9-463e-83ad-bf658fe7c643","TrendTypeStrategy_LongOnly","BTC-USDT","Bybit Perpetual","long","110100.4","110469.9","0.13513215978599918","16.393377563005178","14878.104845302423","33.537955477921514","0.22541819557422133","72000.0","1760932800000.0","1761004800000.0"
"13c2ffee-834b-4299-a9e1-9250eb1f6b6f","TrendTypeStrategy_LongOnly","BTC-USDT","Bybit Perpetual","long","108384.4","113355.2","0.13756560817798916","16.777058612129224","14909.965903006447","667.0340665190197","4.473746424762239","7200.0","1761055200000.0","1761062400000.0"
"02420d98-48a2-4c3e-ab67-505e077ed96d","TrendTypeStrategy_LongOnly","BTC-USDT","Bybit Perpetual","long","113355.2","108253.7","0.13712338089650514","16.713268882615534","15543.648266199518","-716.2481965261366","-4.607979955926152","28800.0","1761062400000.0","1761091200000.0"
"f727baee-bdab-4d04-90d0-62e2346fad94","TrendTypeStrategy_LongOnly","BTC-USDT","Bybit Perpetual","long","114497.8","114290.7","0.12981221018656855","16.334747467648356","14863.212479499689","-43.21885619728746","-0.29077735554744794","129600.0","1761523200000.0","1761652800000.0"
"8e761c7b-717c-45e0-afcd-bcbadf33f776","TrendTypeStrategy_LongOnly","BTC-USDT","Bybit Perpetual","long","115469.9","112935.5","0.12836379494666808","16.125441161671436","14822.154566112267","-341.4506430745063","-2.303650535767325","28800.0","1761660000000.0","1761688800000.0"
"bf04de3b-10ef-4b33-a871-08477837eafe","TrendTypeStrategy_LongOnly","BTC-USDT","Bybit Perpetual","long","110160.1","109269.5","0.13160642061137823","15.883089327702566","14497.776455191488","-133.0917675241968","-0.9180150344816371","7200.0","1761926400000.0","1761933600000.0"
"7a4ba589-ca78-4fdc-bba1-c3fde8a0ad8c","TrendTypeStrategy_LongOnly","BTC-USDT","Bybit Perpetual","long","109614.2","107886.0","0.13110837168946632","15.683853385273295","14371.339276043498","-242.26534133900861","-1.6857534060368065","7200.0","1762135200000.0","1762142400000.0"
"39eff05e-aad5-4c0d-a1aa-a4983e8b9711","TrendTypeStrategy_LongOnly","BTC-USDT","Bybit Perpetual","long","103350.0","102955.8","0.13682812967364724","15.525640215154045","14141.187201771443","-69.46328893250539","-0.49121256894049065","21600.0","1762545600000.0","1762567200000.0"
"b180fd7b-1aeb-418e-8f9e-b75226438d72","TrendTypeStrategy_LongOnly","BTC-USDT","Bybit Perpetual","long","104670.6","103417.2","0.1344713518149849","15.39001626921342","14075.19707728556","-183.93640863411667","-1.3068123140595436","144000.0","1762732800000.0","1762876800000.0"
"6e8d038d-bbd6-46fa-b7c2-e5fec2470498","TrendTypeStrategy_LongOnly","BTC-USDT","Bybit Perpetual","long","92581.7","92267.4","0.15014260365799234","15.264548836810125","13900.457489083148","-62.45436916651755","-0.44929722072504924","7200.0","1763618400000.0","1763625600000.0"
"c3f9e584-d1a3-4072-8ef5-c5cb86d348c0","TrendTypeStrategy_LongOnly","BTC-USDT","Bybit Perpetual","long","88314.9","88713.3","0.15672469581435247","15.259579937559295","13841.125838374955","47.1795388748801","0.3408648936929202","14400.0","1764007200000.0","1764021600000.0"
"a4ce3844-7ded-46cc-91d2-061edbd6da6b","TrendTypeStrategy_LongOnly","BTC-USDT","Bybit Perpetual","long","87878.7","87479.9","0.15801265153337604","15.239882545349372","13885.946400306093","-78.2553279768602","-0.5635577563163804","14400.0","1764122400000.0","1764136800000.0"
"e09fc531-9c6d-48ea-a8bd-204232787e89","TrendTypeStrategy_LongOnly","BTC-USDT","Bybit Perpetual","long","89792.5","90932.0","0.15381689827912215","15.289165118174868","13811.603838728075","159.98519047088482","1.1583389759723808","43200.0","1764180000000.0","1764223200000.0"
"41323d72-50e7-4094-a92d-bdfe0efb846a","TrendTypeStrategy_LongOnly","BTC-USDT","Bybit Perpetual","long","90620.5","90839.2","0.1540886418600142","15.37848329892909","13963.589769675416","18.320702675855564","0.13120338665092013","28800.0","1764352800000.0","1764381600000.0"
"258f8226-0719-4561-9171-426103162a5f","TrendTypeStrategy_LongOnly","BTC-USDT","Bybit Perpetual","long","90809.2","93077.6","0.1539601101784564","15.571177593600078","13980.994437217483","333.6719363352118","2.3866108940503925","79200.0","1764691200000.0","1764770400000.0"
"689ff6a2-0836-43bf-b9d0-93e2869be6f5","TrendTypeStrategy_LongOnly","BTC-USDT","Bybit Perpetual","long","92332.9","93150.0","0.1548525257707267","15.797372553753517","14297.98277673593","110.73262625350817","0.7744632790695473","36000.0","1764777600000.0","1764813600000.0"
"6beb161a-b104-4610-b880-8fe495999ab2","TrendTypeStrategy_LongOnly","BTC-USDT","Bybit Perpetual","long","91865.3","91424.0","0.15678584592524886","15.805442372250695","14403.178771676765","-84.99503617906348","-0.5901130405060484","14400.0","1765188000000.0","1765202400000.0"
"0c6ad44e-5014-49f6-9216-9d1a2e471163","TrendTypeStrategy_LongOnly","BTC-USDT","Bybit Perpetual","long","92676.9","92508.6","0.15454156847398495","15.740371695751527","14322.433487306655","-41.749717669921395","-0.29149877153852616","50400.0","1765296000000.0","1765346400000.0"
"526310b3-2a52-4dd0-b5c1-2a73f07fcefd","TrendTypeStrategy_LongOnly","BTC-USDT","Bybit Perpetual","long","92308.2","89833.1","0.15472917092436242","15.500414787047067","14282.77125552023","-398.47058574193517","-2.7898688469713324","21600.0","1765404000000.0","1765425600000.0"
"84e61433-d2d7-42f0-838b-8c4e08a8fd00","TrendTypeStrategy_LongOnly","BTC-USDT","Bybit Perpetual","long","90793.5","92481.7","0.15314118520670963","15.436839740848214","13904.224199065391","243.09610912511857","1.7483615457053614","50400.0","1765483200000.0","1765533600000.0"
"8ca18021-32d5-4146-b390-7e0e82612222","TrendTypeStrategy_LongOnly","BTC-USDT","Bybit Perpetual","long","87191.4","85982.7","0.16211651037526928","15.440909428657855","14135.165502734253","-211.39113551924535","-1.4954981282557651","14400.0","1765987200000.0","1766001600000.0"
"6eb345a1-8a0d-4003-a05f-ac31d862c83e","TrendTypeStrategy_LongOnly","BTC-USDT","Bybit Perpetual","long","86201.6","86787.5","0.16164832119114922","15.379868679652308","13934.34392399097","79.32988270624108","0.5693119327251399","28800.0","1766016000000.0","1766044800000.0"
"dea7543f-329f-4797-a628-73c280de6aa8","TrendTypeStrategy_LongOnly","BTC-USDT","Bybit Perpetual","long","88804.0","84447.0","0.15775986794020425","15.03263018427958","14009.707312561897","-702.3923747997495","-5.013612055763255","21600.0","1766066400000.0","1766088000000.0"
"34da62c7-f27b-42b8-b3dd-2ce4f26f9706","TrendTypeStrategy_LongOnly","BTC-USDT","Bybit Perpetual","long","86863.1","87968.1","0.1536030208051766","14.770030248046698","13342.434556502136","154.96130774167344","1.1614170343908978","36000.0","1766116800000.0","1766152800000.0"
"db7c5614-464f-48a5-a640-a549f1b97fa5","TrendTypeStrategy_LongOnly","BTC-USDT","Bybit Perpetual","long","87925.6","88036.7","0.1534211628792607","14.847987378900134","13489.647798856724","2.1971038169843897","0.016287332699454163","36000.0","1766160000000.0","1766196000000.0"
"dcf659bb-cd4c-4020-ba31-17e576eaeb2c","TrendTypeStrategy_LongOnly","BTC-USDT","Bybit Perpetual","long","88727.5","88011.1","0.15205809977157997","14.780994619759152","13491.735047482862","-123.71541729611816","-0.916971885830204","57600.0","1766376000000.0","1766433600000.0"
"28d016e2-4139-4518-9b92-100dd587870c","TrendTypeStrategy_LongOnly","BTC-USDT","Bybit Perpetual","long","88581.5","88128.2","0.1509819251316759","14.673983882492502","13374.20540105155","-83.11409054468163","-0.6214506810112753","14400.0","1766448000000.0","1766462400000.0"
"45aeaafc-9f30-4e77-b6f8-f075bc5db3fd","TrendTypeStrategy_LongOnly","BTC-USDT","Bybit Perpetual","long","88796.2","87100.0","0.14972765743392288","14.485089287640834","13295.247015034103","-268.4531418270604","-2.0191662593669517","43200.0","1766721600000.0","1766764800000.0"
"ba27b9a3-fc3e-4243-8748-9b2287cb35f2","TrendTypeStrategy_LongOnly","BTC-USDT","Bybit Perpetual","long","90091.6","88068.2","0.14474397757724797","14.183156953001841","13040.216530298394","-307.05812118280664","-2.3547010931096892","21600.0","1766980800000.0","1767002400000.0"
"68495225-29a8-446b-9125-87204dc9d185","TrendTypeStrategy_LongOnly","BTC-USDT","Bybit Perpetual","long","88068.2","87529.0","0.14475725988693683","13.980433233700133","12748.51131517473","-92.03354776473606","-0.721916037797976","7200.0","1767002400000.0","1767009600000.0"
"446a1df8-eb43-4dfe-bdad-65ad31057207","TrendTypeStrategy_LongOnly","BTC-USDT","Bybit Perpetual","long","87954.7","88069.8","0.14395000431811183","13.936300144301413","12661.07944479823","2.632345352714097","0.0207908446052409","14400.0","1767088800000.0","1767103200000.0"
"42ca5061-6ac3-433a-a41b-b8d2b195aeab","TrendTypeStrategy_LongOnly","BTC-USDT","Bybit Perpetual","long","88966.8","88455.3","0.14234051548311627","13.889894244653352","12663.580172883308","-86.69706791426732","-0.6846173572613604","28800.0","1767110400000.0","1767139200000.0"
"31f7b4ef-dc71-491e-bbd7-d245180a0a23","TrendTypeStrategy_LongOnly","BTC-USDT","Bybit Perpetual","long","88604.7","88411.5","0.14199267034778917","13.824251613050077","12581.217958364756","-41.25723552424253","-0.3279271979928797","7200.0","1767146400000.0","1767153600000.0"
"39d914a0-733f-4499-bf9e-2d83baf17af8","TrendTypeStrategy_LongOnly","BTC-USDT","Bybit Perpetual","long","89311.6","89931.8","0.14042995069640138","13.844128003560444","12542.023584616722","73.25052741834729","0.5840407405085086","93600.0","1767362400000.0","1767456000000.0"
"c2daaddd-2dce-42fd-9682-02d1b3ca9781","TrendTypeStrategy_LongOnly","BTC-USDT","Bybit Perpetual","long","92917.0","93678.1","0.13572986198073714","13.929589943105015","12611.611585664152","89.3744080104348","0.7086676227170549","129600.0","1767578400000.0","1767708000000.0"
"448459d0-5f7c-4a19-af34-50e363a1c46d","TrendTypeStrategy_LongOnly","BTC-USDT","Bybit Perpetual","long","93608.2","91547.6","0.1356346695404256","13.812450160571228","12696.517273274068","-293.3012502155711","-2.3100921607294995","7200.0","1767715200000.0","1767722400000.0"
"2179702a-537b-466d-a840-d8fb7be64ad6","TrendTypeStrategy_LongOnly","BTC-USDT","Bybit Perpetual","long","93207.8","91672.0","0.13322791746580512","13.547132904522007","12417.88108556927","-218.1585685485059","-1.7568099343617198","43200.0","1767736800000.0","1767780000000.0"
"cceaee1e-f9ad-4cd6-97cf-46935a37ccd3","TrendTypeStrategy_LongOnly","BTC-USDT","Bybit Perpetual","long","91370.0","90646.8","0.1336393832269694","13.378537088920654","12210.630445448192","-110.02653903866452","-0.9010717303272378","28800.0","1768183200000.0","1768212000000.0"
"d89ef04b-d0f3-4f1a-8350-4c975b8d3802","TrendTypeStrategy_LongOnly","BTC-USDT","Bybit Perpetual","long","91618.7","94179.5","0.13213574557772007","13.502821026199094","12106.10523336146","324.8703962492268","2.683525295600137","100800.0","1768233600000.0","1768334400000.0"
"e7a8ea05-2d92-41b5-9b73-fda6f0cf09de","TrendTypeStrategy_LongOnly","BTC-USDT","Bybit Perpetual","long","94179.5","96895.2","0.1318198982772071","13.853096134541328","12414.732109798228","344.13020161686967","2.7719502811121286","79200.0","1768334400000.0","1768413600000.0"
"37505fc3-0c20-4e6c-a10b-b60ab0bb1e56","TrendTypeStrategy_LongOnly","BTC-USDT","Bybit Perpetual","long","96895.2","96548.9","0.1314993498267639","13.990775357802924","12741.655801334253","-59.529000202811645","-0.4671998767740847","64800.0","1768413600000.0","1768478400000.0"
"6e5e2b54-44ca-4e76-b4b1-40464e5598a1","TrendTypeStrategy_LongOnly","BTC-USDT","Bybit Perpetual","long","96717.3","95469.2","0.13115650717236296","13.863580536124736","12685.103251141581","-177.56001713795172","-1.3997522418429855","14400.0","1768492800000.0","1768507200000.0"
"27f5d3e1-ab6c-4632-acf3-e6c0042e8dbc","TrendTypeStrategy_LongOnly","BTC-USDT","Bybit Perpetual","long","87609.5","88287.9","0.14286602748401173","13.821369530521412","12516.421234860525","83.09894351463132","0.6639193580604776","57600.0","1769443200000.0","1769500800000.0"
"2a927738-20d1-48e9-9b31-12574c0abb72","TrendTypeStrategy_LongOnly","BTC-USDT","Bybit Perpetual","long","87510.4","89051.1","0.14392992411415587","13.976865813064842","12595.365231199425","207.77596826961678","1.649622416307104","43200.0","1769536800000.0","1769580000000.0"
"e63904c0-4085-44d7-a9e0-6f7078cffde0","TrendTypeStrategy_LongOnly","BTC-USDT","Bybit Perpetual","long","89444.4","88561.7","0.14302463207373026","14.002591327658799","12792.752401055557","-140.25043405914008","-1.096327277057029","36000.0","1769616000000.0","1769652000000.0"
"c0f7fd74-da06-459a-a628-0db6f1df0447","TrendTypeStrategy_LongOnly","BTC-USDT","Bybit Perpetual","long","70544.5","70431.1","0.1794543088220822","13.914273372328083","12659.514488699377","-34.26439199275116","-0.2706611854928367","7200.0","1770422400000.0","1770429600000.0"
"79f6d417-48c5-4c96-8d59-c36cad8fed44","TrendTypeStrategy_LongOnly","BTC-USDT","Bybit Perpetual","long","67547.7","67110.1","0.1869340231615031","13.844668367242381","12626.963316306263","-95.6469969027145","-0.7574821792599767","36000.0","1770840000000.0","1770876000000.0"
"191f6448-c95e-45e9-8ceb-b2905d542c54","TrendTypeStrategy_LongOnly","BTC-USDT","Bybit Perpetual","long","68355.6","67505.5","0.1833953424335195","13.70396112684205","12536.098669248686","-169.60834172957803","-1.3529595307480378","7200.0","1771250400000.0","1771257600000.0"
"84bc57f9-2119-4316-ad22-7a73028ab4da","TrendTypeStrategy_LongOnly","BTC-USDT","Bybit Perpetual","long","67883.6","68353.4","0.1822969133134599","13.659571518497211","12374.970744605587","71.98351835616413","0.5816863719661131","43200.0","1771272000000.0","1771315200000.0"
"d2f74fbd-a84a-4191-9c71-0130f3bea443","TrendTypeStrategy_LongOnly","BTC-USDT","Bybit Perpetual","long","67979.3","67916.1","0.18304623741409434","13.681327908535826","12443.355087043945","-25.249850113106056","-0.20291834426067507","7200.0","1771632000000.0","1771639200000.0"
"689ef899-263f-40cd-9620-385647bbb0f6","TrendTypeStrategy_LongOnly","BTC-USDT","Bybit Perpetual","long","65860.4","69005.2","0.18857109476159417","13.98746461072359","12419.367729436495","579.0309141955383","4.66232200229577","64800.0","1771984800000.0","1772049600000.0"
"955c20a2-a651-498d-bef8-3af854fef015","TrendTypeStrategy_LongOnly","BTC-USDT","Bybit Perpetual","long","69005.2","67877.8","0.18794883715897145","14.14985037225732","12969.447097922257","-226.04336938528067","-1.7428913328270832","64800.0","1772049600000.0","1772114400000.0"
"1b2ddab3-922c-4964-8749-76ac651c0e9d","TrendTypeStrategy_LongOnly","BTC-USDT","Bybit Perpetual","long","67353.4","67448.2","0.18936988922617481","14.040050232731119","12754.70589700624","3.912215265910806","0.030672720308110538","28800.0","1772121600000.0","1772150400000.0"
"b610ed37-f786-499b-95a5-cdf7e50288c0","TrendTypeStrategy_LongOnly","BTC-USDT","Bybit Perpetual","long","66318.1","66380.1","0.19238220789662028","14.040824984949015","12758.422501508854","-2.113128095358558","-0.016562612620084124","50400.0","1772308800000.0","1772359200000.0"
"bfbf3dfe-4fec-4f54-9e92-0c12d0f2bb4c","TrendTypeStrategy_LongOnly","BTC-USDT","Bybit Perpetual","long","66907.1","65956.8","0.19065861515172924","13.932405947711814","12756.415029818265","-195.1152879264007","-1.5295464083781887","14400.0","1772373600000.0","1772388000000.0"
"d8c9ed70-d42a-4ec5-9e0e-476e6834870a","TrendTypeStrategy_LongOnly","BTC-USDT","Bybit Perpetual","long","69089.1","67911.6","0.18195425191945158","13.710322934517666","12571.055506288183","-227.9614545696719","-1.8133835655696773","50400.0","1772467200000.0","1772517600000.0"
"de2d2add-ee3f-4614-b336-0c73186ca95e","TrendTypeStrategy_LongOnly","BTC-USDT","Bybit Perpetual","long","68280.5","68295.3","0.18093734118008795","13.591414166848901","12354.492124446995","-10.913541517383074","-0.08833662612312021","21600.0","1772560800000.0","1772582400000.0"
"c92c9073-ea89-4024-aa6a-88b6264c5e61","TrendTypeStrategy_LongOnly","BTC-USDT","Bybit Perpetual","long","69464.5","73339.7","0.1777040684091224","13.957288029250499","12344.124260005483","674.68151786978","5.46560860583463","28800.0","1772611200000.0","1772640000000.0"
"cbdc9f24-4572-4e10-ba56-a5972063444d","TrendTypeStrategy_LongOnly","BTC-USDT","Bybit Perpetual","long","73339.7","72469.6","0.17705378808451322","14.198848896623169","12985.071701981773","-168.25334990895658","-1.2957444808200624","43200.0","1772640000000.0","1772683200000.0"
"261fbe2b-63b4-4765-9d8e-bbd26832278f","TrendTypeStrategy_LongOnly","BTC-USDT","Bybit Perpetual","long","68939.9","69463.7","0.1860349524668337","14.161348930981266","12825.231019568266","83.28375917114677","0.6493743390982625","144000.0","1773064800000.0","1773208800000.0"
"828651c1-f58e-4854-be88-f248ef0e403c","TrendTypeStrategy_LongOnly","BTC-USDT","Bybit Perpetual","long","70134.8","70702.3","0.18399354658145253","14.25221463558568","12904.350590780858","90.16412304938862","0.6987110464419944","28800.0","1773237600000.0","1773266400000.0"
"31454599-1a7e-4be4-8391-cf446c65cacd","TrendTypeStrategy_LongOnly","BTC-USDT","Bybit Perpetual","long","71800.0","70790.3","0.18091931069189102","14.188536333042473","12990.006507677776","-196.8627643386443","-1.515493962395539","36000.0","1773417600000.0","1773453600000.0"
"37c94947-6a7c-4e07-a9a6-f6bcc38eb051","TrendTypeStrategy_LongOnly","BTC-USDT","Bybit Perpetual","long","72778.9","75584.7","0.17591619111522797","14.35475767667878","12802.986881556064","479.23089135442837","3.743117881693737","93600.0","1773619200000.0","1773712800000.0"
"f24bee23-68e2-451f-8171-13e921d0e055","TrendTypeStrategy_LongOnly","BTC-USDT","Bybit Perpetual","long","75584.7","74650.3","0.1754092591270822","14.493935524726457","13258.256228342769","-178.39634725307104","-1.3455490992224541","72000.0","1773712800000.0","1773784800000.0"
"e4efa521-dac1-43c5-b119-4d70b6fe2e28","TrendTypeStrategy_LongOnly","BTC-USDT","Bybit Perpetual","long","70097.3","71116.4","0.18672302212000105","14.502316855810957","13088.77969845235","175.78711498668048","1.343036700414982","86400.0","1774267200000.0","1774353600000.0"
"71544694-9977-4b11-b69e-6db89d720b4c","TrendTypeStrategy_LongOnly","BTC-USDT","Bybit Perpetual","long","67466.2","67590.2","0.19648027393998324","14.594755158141375","13255.777457689697","9.768798810416548","0.07369465006180873","21600.0","1774864800000.0","1774886400000.0"
"5ad59725-abe6-469a-b5df-1feaf63b2b75","TrendTypeStrategy_LongOnly","BTC-USDT","Bybit Perpetual","long","67896.2","66099.3","0.19537261019850294","14.398477824419425","13265.057816559594","-365.46352109010826","-2.755084268339015","28800.0","1774922400000.0","1774951200000.0"
"425a4b2e-3560-48db-b7a5-ec0f856265ec","TrendTypeStrategy_LongOnly","BTC-USDT","Bybit Perpetual","long","67493.9","68241.5","0.19139311065924464","14.288351237917258","12917.86747152399","128.79713829093515","0.9970464441971881","21600.0","1774980000000.0","1775001600000.0"
