"id","strategy_name","symbol","exchange","type","entry_price","exit_price","qty","fee","size","PNL","PNL_percentage","holding_period","opened_at","closed_at"
"bbffd79e-e9c9-435c-9c24-a25a0b5b861a","MomentumMAStrategy","BTC-USDT","Bybit Perpetual","short","29302.11","31616.509999999995","0.32420873445632414","3.9500697390051434","9500.0","-754.2987647647199","-7.939986997523367","122400.0","1609473600000.0","1609596000000.0"
"af14d470-d93b-4542-8cfa-8dbf85028b8f","MomentumMAStrategy","BTC-USDT","Bybit Perpetual","long","31616.51","34472.24","0.2778110605336742","3.6720371453689724","8783.416173473515","789.6813427524603","8.990594629198476","64800.0","1609596000000.0","1609660800000.0"
"d68d7ea6-f87a-4497-8e8b-68fc577d9a34","MomentumMAStrategy","BTC-USDT","Bybit Perpetual","long","34472.24","32186.58","0.2765591516271746","3.6870213415337076","9533.613449088352","-635.8072118497006","-6.6691104610550305","86400.0","1609660800000.0","1609747200000.0"
"2e12753f-83e6-4ea7-a6f6-f7956a7ed40a","MomentumMAStrategy","BTC-USDT","Bybit Perpetual","short","32186.58","33747.0","0.2774322900361311","3.6584208179360913","8929.596597831138","-436.5693148361153","-4.889014974563928","129600.0","1609747200000.0","1609876800000.0"
"a24d9444-9a62-4bca-9b04-72940b5d5fed","MomentumMAStrategy","BTC-USDT","Bybit Perpetual","long","33747.0","37555.54","0.25231445013591813","3.598132234678862","8514.855748736829","957.351543685971","11.243309011171366","115200.0","1609876800000.0","1609992000000.0"
"85e0a9cc-02c9-4d75-a6fc-eefffbf81185","MomentumMAStrategy","BTC-USDT","Bybit Perpetual","long","37555.54","39341.12","0.25094406085596166","3.859352025332039","9424.339715238502","444.22134415785644","4.713554026915874","180000.0","1609992000000.0","1610172000000.0"
"a894abc9-87c3-47e7-be4d-b7c857a29bde","MomentumMAStrategy","BTC-USDT","Bybit Perpetual","short","39341.12","41136.54","0.2502813847747208","4.028412037645831","9846.349992188463","-453.3886158898746","-4.604636400793873","28800.0","1610172000000.0","1610200800000.0"
"94f8f0eb-0910-456d-88a7-15a2c365df09","MomentumMAStrategy","BTC-USDT","Bybit Perpetual","long","41136.54","40493.46","0.2288872814070674","3.7368137562517827","9415.630807093085","-150.9296466835091","-1.6029690392045655","14400.0","1610200800000.0","1610215200000.0"
"6a7f2ff9-2977-4a47-a8df-b6c2b969b509","MomentumMAStrategy","BTC-USDT","Bybit Perpetual","short","40493.46","35473.52","0.22898136249023301","3.4790045169336565","9272.24764274375","1145.9936963022872","12.359394835610498","122400.0","1610215200000.0","1610337600000.0"
"9d1de837-5072-4fd0-9297-240815885ec8","MomentumMAStrategy","BTC-USDT","Bybit Perpetual","short","35473.52","35050.0","0.29207537493406127","4.119636709133954","10360.94165423092","119.58012608293873","1.1541434173997867","136800.0","1610337600000.0","1610474400000.0"
"1d2f5f10-d7c7-4d1e-9284-cffba1cea22c","MomentumMAStrategy","BTC-USDT","Bybit Perpetual","long","35050.0","34428.04","0.2988457282171102","4.1526430917795025","10474.542774009713","-190.0227322136931","-1.8141386818830219","64800.0","1610474400000.0","1610539200000.0"
"82ba3600-5871-4088-8801-55b586845fb3","MomentumMAStrategy","BTC-USDT","Bybit Perpetual","short","34428.04","37354.27","0.29900108104924655","4.292597658042428","10294.021178406703","-879.2385310567779","-8.54125434384297","36000.0","1610539200000.0","1610575200000.0"
"38c99e5e-909c-43df-b98a-be5c918743c1","MomentumMAStrategy","BTC-USDT","Bybit Perpetual","long","37354.27","37737.89","0.2532172245342437","3.802925667896271","9458.744573902763","93.33626600793096","0.9867722431732775","144000.0","1610575200000.0","1610719200000.0"
"0751055b-2718-48fa-8e61-0c7ad86dab2a","MomentumMAStrategy","BTC-USDT","Bybit Perpetual","short","37737.89","34195.0","0.25299278859020197","3.639700486490451","9547.414026610297","892.68592028185","9.350028372015498","158400.0","1610719200000.0","1610877600000.0"
"d61a8b82-8ddf-4b23-a321-82669b7da90f","MomentumMAStrategy","BTC-USDT","Bybit Perpetual","short","34195.0","36830.01","0.3040054291819873","4.3183977295409885","10395.465650878055","-805.37574367837","-7.747375353121807","100800.0","1610877600000.0","1610978400000.0"
"811ac33a-a7c6-4a50-8ee6-ab554a8a806c","MomentumMAStrategy","BTC-USDT","Bybit Perpetual","long","36830.01","35891.03","0.2614812945851387","3.803038336555531","9630.358694383604","-249.32874432610987","-2.5889871004650913","122400.0","1610978400000.0","1611100800000.0"
"5316bc68-91dc-46e9-9235-283534fbac10","MomentumMAStrategy","BTC-USDT","Bybit Perpetual","short","35891.03","32915.76","0.26172267519973097","3.6016594301412197","9393.4963872738","775.0939644113615","8.251389391722658","122400.0","1611100800000.0","1611223200000.0"
"f466e4b8-e047-4af8-aef6-11c8b52b1514","MomentumMAStrategy","BTC-USDT","Bybit Perpetual","short","32915.76","32986.34","0.3077503194051904","4.056278464894559","10129.83565346459","-25.777296008511193","-0.2544690446156931","136800.0","1611223200000.0","1611360000000.0"
"774a0bd4-1f77-4528-beff-c79d407e4f99","MomentumMAStrategy","BTC-USDT","Bybit Perpetual","long","32986.34","31875.399999999998","0.3063494532056757","3.9740717165937403","10105.347222256507","-344.3099332609067","-3.407205370465468","93600.0","1611360000000.0","1611453600000.0"
"e48ddea5-6330-483d-80f1-316f98f78a08","MomentumMAStrategy","BTC-USDT","Bybit Perpetual","short","31875.4","33377.96","0.3067648652458838","4.003487637448229","9778.252785658646","-464.93610356130273","-4.754797342150993","108000.0","1611453600000.0","1611561600000.0"
"7fe0e9e4-dbab-4193-82a0-78cf7d1a699a","MomentumMAStrategy","BTC-USDT","Bybit Perpetual","long","33377.96","31520.68","0.2797224122527383","3.630720826544411","9336.563487275409","-523.1535626553099","-5.603277516061493","72000.0","1611561600000.0","1611633600000.0"
"004f1275-1d7a-416b-8400-2480109e8b3a","MomentumMAStrategy","BTC-USDT","Bybit Perpetual","short","31520.679999999997","31937.899999999998","0.28043708456647715","3.559227833185711","8839.567602752864","-120.56318825601164","-1.3639036848189863","216000.0","1611633600000.0","1611849600000.0"
"5f6acdbd-d3d7-411c-9c5e-5c4cfd7dcfe8","MomentumMAStrategy","BTC-USDT","Bybit Perpetual","long","31937.899999999998","37044.39","0.2731874222760311","3.7690187975595277","8725.032573909653","1391.259821180771","15.945611771594256","64800.0","1611849600000.0","1611914400000.0"
"bc3c4c45-3f8b-42ec-9ad2-77f66467e376","MomentumMAStrategy","BTC-USDT","Bybit Perpetual","long","37044.39","33534.15","0.27120785101418554","3.8282908322237468","10046.729404031385","-955.8329377762578","-9.513871622666747","72000.0","1611914400000.0","1611986400000.0"
"c8e6cb45-1b2c-4682-ae94-ef4c6be8d69c","MomentumMAStrategy","BTC-USDT","Bybit Perpetual","short","33534.15","33999.29","0.27251885356103966","3.6808271291666523","9138.688113143939","-130.4402466745485","-1.4273410478571826","216000.0","1611986400000.0","1612202400000.0"
"b9e56b57-ba0a-4f49-8df9-92800699d8ec","MomentumMAStrategy","BTC-USDT","Bybit Perpetual","long","33999.29","36446.25","0.26514582742178194","3.7356681982948476","9014.769878803118","645.0655656697085","7.1556520503810495","122400.0","1612202400000.0","1612324800000.0"
"b6b09964-b01e-41f0-b133-9e586ddd4784","MomentumMAStrategy","BTC-USDT","Bybit Perpetual","long","36446.25","36920.54","0.2641583747625432","3.8760904015889617","9627.58216618934","121.41158516453788","1.261080747676375","136800.0","1612324800000.0","1612461600000.0"
"1bd06cf4-c66c-42c7-9360-4f301479f50f","MomentumMAStrategy","BTC-USDT","Bybit Perpetual","short","36920.54","38848.77","0.2638889672820509","3.9989369935147145","9742.923172095652","-512.8375603757827","-5.2636929524866","115200.0","1612461600000.0","1612576800000.0"
"a884fcf5-a1b8-470d-ac66-db52dbacadb0","MomentumMAStrategy","BTC-USDT","Bybit Perpetual","long","38848.77","39056.38","0.23825020688527998","3.712183620985754","9255.727489738658","45.75094183046736","0.49429871267481723","108000.0","1612576800000.0","1612684800000.0"
"c03ed48c-b78f-4db3-beb3-a335c8b21f17","MomentumMAStrategy","BTC-USDT","Bybit Perpetual","short","39056.38","43078.22","0.23809658971152997","3.9111936314641262","9299.190884477604","-961.4975819968847","-10.339583238385135","108000.0","1612684800000.0","1612792800000.0"
"33da5638-a87f-4f34-a7d7-3c89942e5c5c","MomentumMAStrategy","BTC-USDT","Bybit Perpetual","short","43078.22","43785.810000000005","0.19466375773141426","3.3818556982988603","8385.768181580564","-141.12398403147102","-1.682898703799748","7200.0","1612792800000.0","1612800000000.0"
"b6092b47-6dd7-48ca-9672-3df3af46800a","MomentumMAStrategy","BTC-USDT","Bybit Perpetual","long","43785.81","45689.32","0.1884560408212311","3.372425750352992","8251.700396750668","355.355532513269","4.30645219078967","165600.0","1612800000000.0","1612965600000.0"
"f9236ad5-a453-42eb-a091-de6517044cb8","MomentumMAStrategy","BTC-USDT","Bybit Perpetual","short","45689.32","47846.50000000001","0.18799334620515853","3.516822358368678","8589.288152638273","-409.052308925214","-4.762354011834731","108000.0","1612965600000.0","1613073600000.0"
"6f65f094-fda0-4550-a237-5641f019e556","MomentumMAStrategy","BTC-USDT","Bybit Perpetual","long","47846.5","47738.47","0.17139578567208308","3.276572206318498","8200.688459159323","-21.792458932473433","-0.26573938323597096","108000.0","1613073600000.0","1613181600000.0"
"e3d26169-cf21-4b6e-8178-de14007badd7","MomentumMAStrategy","BTC-USDT","Bybit Perpetual","short","47738.47","49144.98999999999","0.1713499746257782","3.3201956825315193","8179.985623173474","-244.3273619931793","-2.9868923155685336","122400.0","1613181600000.0","1613304000000.0"
"1289a1cf-f715-4719-8389-6b2b664ba5c8","MomentumMAStrategy","BTC-USDT","Bybit Perpetual","long","49144.99","46762.19","0.16172298802543153","3.102079144538582","7947.874629279952","-388.45561501153617","-4.887540797139232","64800.0","1613304000000.0","1613368800000.0"
"e87b8d60-0f8f-4474-a1ea-78515ca2299c","MomentumMAStrategy","BTC-USDT","Bybit Perpetual","short","46762.19","49716.6","0.16207200293696664","3.1273021472469975","7578.841795018992","-481.95444834425","-6.359209776103292","79200.0","1613368800000.0","1613448000000.0"
"671f4fd5-e7bf-479e-82ef-d674d72fbcdf","MomentumMAStrategy","BTC-USDT","Bybit Perpetual","short","49716.6","49284.64","0.14323153773773661","2.836019968628544","7120.985069091956","59.03427507256404","0.8290183801788521","7200.0","1613448000000.0","1613455200000.0"
"170993d7-dc02-450b-816a-3e01c5d2e457","MomentumMAStrategy","BTC-USDT","Bybit Perpetual","long","49284.64","52250.27","0.14562483626563755","2.9572009287992493","7177.067630410891","428.9121822456631","5.976147980384958","136800.0","1613455200000.0","1613592000000.0"
"cd77a321-83ad-4915-9d65-b0dd7a454da6","MomentumMAStrategy","BTC-USDT","Bybit Perpetual","long","52250.27","51619.7","0.14515779925241099","3.0155072507227905","7584.534203544272","-94.54766072531554","-1.24658493439364","100800.0","1613592000000.0","1613692800000.0"
"8050ac80-9586-48c6-87d6-00eccc3f63e5","MomentumMAStrategy","BTC-USDT","Bybit Perpetual","short","51619.7","54884.0","0.14519096247857355","3.092674942105851","7494.713925855222","-477.0395337609139","-6.365013241068823","64800.0","1613692800000.0","1613757600000.0"
"43089156-0c0c-4984-aa46-7b8746f48178","MomentumMAStrategy","BTC-USDT","Bybit Perpetual","long","54884.0","58181.35","0.12829834503283935","2.9012194571117487","7041.526368782355","420.14332853692093","5.9666513555863245","180000.0","1613757600000.0","1613937600000.0"
"d95ba88a-36dd-466e-b467-a04c7e4fab21","MomentumMAStrategy","BTC-USDT","Bybit Perpetual","long","58181.35","56940.0","0.12788741634376702","2.944514403501305","7440.6625308924295","-161.6975586818363","-2.173160763715518","21600.0","1613937600000.0","1613959200000.0"
"f013eecd-49ac-4cdd-b36b-890bb57ead0c","MomentumMAStrategy","BTC-USDT","Bybit Perpetual","short","56940.0","52191.44","0.1279776931883506","2.7932779891045785","7287.049850144683","604.9164767773692","8.301253445732346","43200.0","1613959200000.0","1614002400000.0"
"c75cdfb7-b16f-4895-9a3a-c62456d3d6dc","MomentumMAStrategy","BTC-USDT","Bybit Perpetual","short","52191.44","49863.34","0.15063237387363107","3.0745507553102334","7861.720503083184","347.61267885989116","4.421585309774947","180000.0","1614002400000.0","1614182400000.0"
"df4ede3c-cda5-4d08-adc1-a955b2f28d32","MomentumMAStrategy","BTC-USDT","Bybit Perpetual","long","49863.34","48126.74","0.16428808314886412","3.2197204821607692","8191.952548000081","-288.522405678478","-3.5220224236884228","108000.0","1614182400000.0","1614290400000.0"
"fc9ae31a-7387-4058-a666-b5dcc97b175e","MomentumMAStrategy","BTC-USDT","Bybit Perpetual","short","48126.74","47468.83","0.16452093498553041","3.1454945113749444","7917.856262605525","105.09447382495475","1.3273096951923116","144000.0","1614290400000.0","1614434400000.0"
"9cd7364a-63c5-4791-9a64-494d5fae0e77","MomentumMAStrategy","BTC-USDT","Bybit Perpetual","long","47468.83","44646.33","0.16890443713778563","3.1117318503314135","8017.696012739233","-479.8445056717314","-5.984817894184458","50400.0","1614434400000.0","1614484800000.0"
"0eabbda8-f8bb-4383-9705-24179dc0e46f","MomentumMAStrategy","BTC-USDT","Bybit Perpetual","short","44646.33","47720.0","0.16937212380840908","3.1288562960976742","7561.843732351089","-523.7228720822901","-6.925862139172466","115200.0","1614484800000.0","1614600000000.0"
"a11c15ed-ccf5-4bbb-81a2-22156dcc0dc7","MomentumMAStrategy","BTC-USDT","Bybit Perpetual","long","47720.0","47432.47","0.14803660946925634","2.817209808285026","7064.307003872913","-45.382176128980134","-0.642415117351213","122400.0","1614600000000.0","1614722400000.0"
"628c1c80-a96a-4c8d-800a-e4a754bab427","MomentumMAStrategy","BTC-USDT","Bybit Perpetual","short","47432.47","51480.18","0.14802505407267177","2.9283100729442517","7021.193936550382","-602.0908016934384","-8.575333584778527","43200.0","1614722400000.0","1614765600000.0"
"92d4c641-d88d-4611-ad72-7e3ef0987dc6","MomentumMAStrategy","BTC-USDT","Bybit Perpetual","short","51480.18","51623.41","0.12527554633533947","2.583271713276969","6449.2076749416165","-20.52648821488804","-0.31827922513092066","14400.0","1614765600000.0","1614780000000.0"
"c109626f-4874-4bb9-8e01-e27676dfce00","MomentumMAStrategy","BTC-USDT","Bybit Perpetual","long","51623.41","49350.45","0.12455022849396179","2.5152634669834617","6429.7075111374725","-285.61295082461965","-4.442083101445655","79200.0","1614780000000.0","1614859200000.0"
"5c13d7f0-e324-4fa2-90a1-3d1326e94190","MomentumMAStrategy","BTC-USDT","Bybit Perpetual","short","49350.45","48833.21","0.12478863329218037","2.4504409486048235","6158.375207854083","62.0952317354423","1.0083054318653588","158400.0","1614859200000.0","1615017600000.0"
"324e9f1c-3d54-4647-a367-7828e18b30e0","MomentumMAStrategy","BTC-USDT","Bybit Perpetual","long","48833.21","51586.0","0.12731839004650222","2.557042429388323","6217.365678002752","347.92374850672263","5.59599943972555","151200.0","1615017600000.0","1615168800000.0"
"d4af43a8-fe04-40d0-a76d-c9ac30a7a824","MomentumMAStrategy","BTC-USDT","Bybit Perpetual","long","51586.0","50854.64","0.12693159460094094","2.6005907574281872","6547.893239084139","-95.43328178477243","-1.4574654518667869","57600.0","1615168800000.0","1615226400000.0"
"dff889ad-455e-4bbe-8297-2226d7d42141","MomentumMAStrategy","BTC-USDT","Bybit Perpetual","short","50854.64","53638.46","0.12697428634611524","2.6535873601186513","6457.231621388606","-356.12714517616115","-5.515167583528267","28800.0","1615226400000.0","1615255200000.0"
"2b8c4219-be29-4bad-b1c1-7d650863f04d","MomentumMAStrategy","BTC-USDT","Bybit Perpetual","long","53638.46","56933.32","0.11407692975285368","2.522737835941598","6118.910833471252","373.3447749295459","6.101490691567208","144000.0","1615255200000.0","1615399200000.0"
"c40c6146-59e5-4715-b2b4-fcdc2084cef9","MomentumMAStrategy","BTC-USDT","Bybit Perpetual","long","56933.32","54558.7","0.11370474038145538","2.535434237740806","6473.5883696543215","-272.54098484235266","-4.210045021087831","57600.0","1615399200000.0","1615456800000.0"
"868dfe66-5c7e-4b93-85b7-5e46131b4335","MomentumMAStrategy","BTC-USDT","Bybit Perpetual","short","54558.7","56429.56","0.11390803728926985","2.5284909717502355","6214.674434054086","-215.6344816147537","-3.4697631211887394","21600.0","1615456800000.0","1615478400000.0"
"97688d38-e719-4837-a94e-c7ae83f0c774","MomentumMAStrategy","BTC-USDT","Bybit Perpetual","long","56429.56","55759.23000000001","0.10650130315600673","2.3896504668991154","6009.8216765200705","-73.78066901146374","-1.2276681902180122","79200.0","1615478400000.0","1615557600000.0"
"3fe9ba35-5b45-4bb1-bbc5-8d842cff504b","MomentumMAStrategy","BTC-USDT","Bybit Perpetual","short","55759.23","59905.92","0.10652460661596616","2.4642369205853436","5939.730040959179","-444.1887579289455","-7.478265087233081","79200.0","1615557600000.0","1615636800000.0"
"299cadea-31e2-4bd5-95e2-11e8c45a77ae","MomentumMAStrategy","BTC-USDT","Bybit Perpetual","short","59905.92","59950.0","0.09210693569060753","2.2079123031157204","5517.75072092668","-6.2679860283578614","-0.11359675971924268","7200.0","1615636800000.0","1615644000000.0"
"47625bff-b03a-4ffc-8218-c47f3185627d","MomentumMAStrategy","BTC-USDT","Bybit Perpetual","long","59950.0","59037.12","0.09193988547455778","2.1879324371494926","5511.796134199739","-86.11801508916356","-1.5624310658882359","122400.0","1615644000000.0","1615766400000.0"
"773f81b7-6656-43b9-921f-f9baedf4a3f3","MomentumMAStrategy","BTC-USDT","Bybit Perpetual","short","59037.12","54498.91","0.09197576067167629","2.0885125445784523","5429.984019865034","415.3168042932295","7.648582441013381","93600.0","1615766400000.0","1615860000000.0"
"4a1ebb44-4d4c-4f11-a918-9a60d8cb156b","MomentumMAStrategy","BTC-USDT","Bybit Perpetual","short","54498.91","55977.7","0.10687433902703011","2.361422934339397","5824.534983943602","-160.40612674412057","-2.753973101480366","100800.0","1615860000000.0","1615960800000.0"
"4041df4c-7b2e-4ebd-85ec-e29659f8305d","MomentumMAStrategy","BTC-USDT","Bybit Perpetual","long","55977.7","59592.67","0.10132872846752702","2.3421197281243264","5672.149163536687","363.95819382013195","6.416583614546509","122400.0","1615960800000.0","1616083200000.0"
"84493c3d-e718-4b20-a6fc-226eea45d66d","MomentumMAStrategy","BTC-USDT","Bybit Perpetual","long","59592.67","57885.36","0.10098405471118868","2.372681561776533","6017.909447665812","-174.78376801073586","-2.904393453087432","57600.0","1616083200000.0","1616140800000.0"
"fe3b7a8d-d9ff-4f19-9833-4fe06724ee02","MomentumMAStrategy","BTC-USDT","Bybit Perpetual","short","57885.36","59079.98","0.10109403946102456","2.364899739506431","5851.8648680556125","-123.13386116043586","-2.104181554714357","108000.0","1616140800000.0","1616248800000.0"
"d54911ac-316a-4086-8f22-7a1b358f096e","MomentumMAStrategy","BTC-USDT","Bybit Perpetual","long","59079.98","58145.60999999999","0.09706989914270787","2.275815239648885","5734.8876999531985","-92.9750169016218","-1.621217742456937","36000.0","1616248800000.0","1616284800000.0"
"811d734e-c5b9-487b-9e36-5f349bce63c6","MomentumMAStrategy","BTC-USDT","Bybit Perpetual","short","58145.61","54612.350000000006","0.09711070937077894","2.1900010965603833","5646.561433896658","340.92738389483753","6.03778756126214","165600.0","1616284800000.0","1616450400000.0"
"4b39277e-b4a2-4be0-b1d2-842c9b908cfd","MomentumMAStrategy","BTC-USDT","Bybit Perpetual","short","54612.35","56591.65000000001","0.10932403473933561","2.4314539918306157","5970.442448596755","-218.81651595139869","-3.6649966536873255","136800.0","1616450400000.0","1616587200000.0"
"d6957f4f-efbf-41a8-93e1-1de3da672ccb","MomentumMAStrategy","BTC-USDT","Bybit Perpetual","long","56591.65","52311.54","0.10182715574546647","2.2178604178616252","5762.5667584429275","-438.0492879955902","-7.601634937309658","43200.0","1616587200000.0","1616630400000.0"
"61323ec8-67d1-486c-9766-231654c8af94","MomentumMAStrategy","BTC-USDT","Bybit Perpetual","short","52311.54","53328.84","0.10220345137702153","2.1593622881560153","5346.419934847117","-106.13093337399957","-1.9850841248412792","144000.0","1616630400000.0","1616774400000.0"
"aa1a1ebb-c58d-4752-a0fe-79211334219c","MomentumMAStrategy","BTC-USDT","Bybit Perpetual","long","53328.84","56116.02","0.09836320362756469","2.153069410034062","5245.595548141817","272.0028844766417","5.185357543873072","93600.0","1616774400000.0","1616868000000.0"
"1dc0d345-5dbb-4090-98a8-21655eec586c","MomentumMAStrategy","BTC-USDT","Bybit Perpetual","long","56116.02","55217.96","0.0980824778449118","2.1839825253471705","5503.998288394627","-90.26793257874843","-1.6400428897131294","93600.0","1616868000000.0","1616961600000.0"
"aabb3f9b-766b-4f54-8610-9c0b5e491527","MomentumMAStrategy","BTC-USDT","Bybit Perpetual","short","55217.96","57961.11","0.09812466365010253","2.221131635196282","5418.243752444815","-271.3918027269752","-5.008851855447035","50400.0","1616961600000.0","1617012000000.0"
"b8eaa651-5d78-4e50-8e95-f5887dac4b71","MomentumMAStrategy","BTC-USDT","Bybit Perpetual","short","57961.11","57765.26","0.0890324829847839","2.0606812135831616","5160.421539854188","15.376330578986636","0.2979665606818063","21600.0","1617012000000.0","1617033600000.0"
"e8cd3c06-725e-4b9a-ac6b-3bca6f16d9ef","MomentumMAStrategy","BTC-USDT","Bybit Perpetual","long","57765.26","58028.13","0.08958721996411383","2.074721580064084","5175.029053904226","21.475070931902103","0.4149748862897793","151200.0","1617033600000.0","1617184800000.0"
"5ff938b7-9556-4f74-b446-deef5739bf9e","MomentumMAStrategy","BTC-USDT","Bybit Perpetual","short","58028.13","59043.71","0.08953296222520929","2.096357725671149","5195.4303712895335","-93.02424350234936","-1.79050120691465","460800.0","1617184800000.0","1617645600000.0"
"20ec9be5-3ab0-4a68-b38d-5b2511820ab8","MomentumMAStrategy","BTC-USDT","Bybit Perpetual","long","59043.71","58301.21000000001","0.08649621339787593","2.029978248295336","5107.057339962301","-66.25341669621758","-1.2972914202037655","93600.0","1617645600000.0","1617739200000.0"
"5a7e303e-e5c4-4c24-826c-a21024f6ed15","MomentumMAStrategy","BTC-USDT","Bybit Perpetual","short","58301.21000000001","57708.44999999999","0.08651821452935357","2.007389730271474","5044.116594100894","49.27714711414958","0.976923237099224","180000.0","1617739200000.0","1617919200000.0"
"df6d4714-96a1-4eff-aab1-fb09ff81b6c8","MomentumMAStrategy","BTC-USDT","Bybit Perpetual","long","57708.45","60976.28","0.08821810122883798","2.094028305091461","5090.929883859335","286.1877294335423","5.621521725154638","115200.0","1617919200000.0","1618034400000.0"
"e50db1fb-a6c4-40b4-8ab7-b6764a092770","MomentumMAStrategy","BTC-USDT","Bybit Perpetual","long","60976.28","59725.50000000001","0.08794908818349038","2.1231222986248515","5362.808226821201","-112.12808281677022","-2.0908464012563437","93600.0","1618034400000.0","1618128000000.0"
"cca167b6-05fd-4783-849b-c166260ea3e7","MomentumMAStrategy","BTC-USDT","Bybit Perpetual","short","59725.5","63050.43000000001","0.0880074097018069","2.161038314606073","5256.286548145268","-294.77951505443554","-5.60813251626191","180000.0","1618128000000.0","1618308000000.0"
"e81ff2f1-05bd-42ec-baae-ade5c7bf6f84","MomentumMAStrategy","BTC-USDT","Bybit Perpetual","long","63050.43","62837.29","0.07892485441960594","1.987133994843223","4976.246008843555","-18.809177465837987","-0.37797925248091","129600.0","1618308000000.0","1618437600000.0"
"3315f902-3c10-4c55-b400-ab94fe26f427","MomentumMAStrategy","BTC-USDT","Bybit Perpetual","short","62837.29","59759.700000000004","0.07890819750901111","1.9347815001860522","4958.377290251009","240.91229807157117","4.8586923497178125","244800.0","1618437600000.0","1618682400000.0"
"f08b6925-a185-4205-a999-3c96516b591c","MomentumMAStrategy","BTC-USDT","Bybit Perpetual","short","59759.7","54849.46","0.08680170706042704","1.9896541465523225","5187.243973419002","424.2275599298388","8.178284308656163","36000.0","1618682400000.0","1618718400000.0"
"705e0afd-470a-4c47-84b0-e0d56d83d69d","MomentumMAStrategy","BTC-USDT","Bybit Perpetual","short","54849.46","57160.59","0.101920058198428","2.283214162961766","5590.260155352349","-237.8337182670944","-4.254430235046977","115200.0","1618718400000.0","1618833600000.0"
"611e559f-8082-487b-a29f-d92a9e0ca6d3","MomentumMAStrategy","BTC-USDT","Bybit Perpetual","long","57160.59","54973.55","0.09384644425466235","2.1046780637109004","5364.318122998609","-207.35060550642706","-3.8653674288526307","64800.0","1618833600000.0","1618898400000.0"
"f50b7029-0ed7-4430-ac55-18b7152fa1b7","MomentumMAStrategy","BTC-USDT","Bybit Perpetual","short","54973.55","55205.66","0.0939967502147397","2.0712975362454706","5167.335047767504","-23.888883228588757","-0.4623056760933223","79200.0","1618898400000.0","1618977600000.0"
"9e118c69-6aeb-4994-8631-897e54d85459","MomentumMAStrategy","BTC-USDT","Bybit Perpetual","long","55205.66","55291.41999999999","0.09319045562901238","2.0594546461750864","5144.640608700343","5.932558828567848","0.115315320929027","14400.0","1618977600000.0","1618992000000.0"
"1de0d51d-9cde-4769-9b50-7085333f2026","MomentumMAStrategy","BTC-USDT","Bybit Perpetual","short","55291.42","56147.88","0.09314784354584281","2.076066096251648","5150.276539587484","-81.8534681795241","-1.589302390859195","28800.0","1618992000000.0","1619020800000.0"
"055cebf3-7991-4438-8901-d94126811347","MomentumMAStrategy","BTC-USDT","Bybit Perpetual","long","56147.880000000005","55460.91","0.09034207070359443","2.016593839464525","5072.515744816936","-64.07888615071289","-1.263256525446733","14400.0","1619020800000.0","1619035200000.0"
"5770a1bd-e4b0-40ee-9a34-b9de58afa0da","MomentumMAStrategy","BTC-USDT","Bybit Perpetual","short","55460.91","51714.60999999999","0.09036347948444694","1.9369505805509868","5011.640802973759","336.5917526120335","6.716198663166562","100800.0","1619035200000.0","1619136000000.0"
"e1916cd7-992e-40ee-b06d-d90837a505af","MomentumMAStrategy","BTC-USDT","Bybit Perpetual","short","51714.61","50154.26","0.10309278109136256","2.1003890229868944","5331.4029679551895","158.76043195292053","2.977835907493063","151200.0","1619136000000.0","1619287200000.0"
"7d3b5c86-7a12-4cc0-9a23-a1d041155b60","MomentumMAStrategy","BTC-USDT","Bybit Perpetual","long","50154.26","49508.32000000001","0.10930727276826463","2.1787689633697993","5482.225378310464","-72.78470873530212","-1.3276489693995985","57600.0","1619287200000.0","1619344800000.0"
"9b809b09-7cf2-4d18-ba7c-abf22b836c3d","MomentumMAStrategy","BTC-USDT","Bybit Perpetual","short","49508.32","52545.7","0.10933677218317907","2.23165142702352","5413.079905011928","-334.32897652076764","-6.176317039237036","72000.0","1619344800000.0","1619416800000.0"
"2322d07e-2868-41ca-9b96-c4449eff9031","MomentumMAStrategy","BTC-USDT","Bybit Perpetual","long","52545.7","55274.55","0.09697210956019615","2.091111419161548","5095.467377317199","262.5312297541803","5.152250231703081","144000.0","1619416800000.0","1619560800000.0"
"af28a1a9-7fd0-4962-b4d1-d8035cbd4ddd","MomentumMAStrategy","BTC-USDT","Bybit Perpetual","long","55274.55000000001","54235.83","0.09669679889901715","2.1178606384429903","5344.872045583669","-102.5587595908309","-1.9188253472891381","43200.0","1619560800000.0","1619604000000.0"
"c5f26dc6-2b73-4e09-911f-33a777fc3071","MomentumMAStrategy","BTC-USDT","Bybit Perpetual","short","54235.83","57138.23","0.09675229869207091","2.1551392639337257","5247.441223972381","-282.9690109878005","-5.392514158997846","194400.0","1619604000000.0","1619798400000.0"
"20897230-7965-4a8e-a5da-96ed46b17609","MomentumMAStrategy","BTC-USDT","Bybit Perpetual","long","57138.23000000001","56952.880000000005","0.08713291719981471","1.9882182481729906","4978.6206635339695","-18.138304451159154","-0.3643238896269727","136800.0","1619798400000.0","1619935200000.0"
"860b3c78-9852-4c84-92f9-1f53b94699c5","MomentumMAStrategy","BTC-USDT","Bybit Perpetual","short","56952.87999999999","58727.950000000004","0.08711393127626504","2.0154823749202597","4961.389274305369","-156.6488083654813","-3.1573577420492422","108000.0","1619935200000.0","1620043200000.0"
"f93c77f1-afa6-4ca5-8fff-04645f95f29f","MomentumMAStrategy","BTC-USDT","Bybit Perpetual","long","58727.95","55721.65","0.08194689081362731","1.8757577749726642","4812.572906358164","-248.2326956279801","-5.15800384655006","50400.0","1620043200000.0","1620093600000.0"
"4c6d38cf-a2c2-4cd3-a776-82a05711502c","MomentumMAStrategy","BTC-USDT","Bybit Perpetual","short","55721.65","57342.85","0.08213597130579554","1.857332505540824","4576.751845511582","-135.0161691864963","-2.9500434750227194","144000.0","1620093600000.0","1620237600000.0"
"42a9d2b8-d123-46f7-b410-cc5f48db4953","MomentumMAStrategy","BTC-USDT","Bybit Perpetual","long","57342.84999999999","56255.83","0.07757700366801461","1.7625290430083236","4448.486484784411","-86.09028357021275","-1.9352713302530127","115200.0","1620237600000.0","1620352800000.0"
"32eada0d-4b99-4519-a340-4a5802b3f3d1","MomentumMAStrategy","BTC-USDT","Bybit Perpetual","short","56255.83","58172.21000000001","0.07762218983157315","1.7764310085869695","4366.700715392708","-150.5300431580175","-3.4472260172856837","93600.0","1620352800000.0","1620446400000.0"
"64e2e25c-864a-496a-9a8b-7a4923136d4f","MomentumMAStrategy","BTC-USDT","Bybit Perpetual","long","58172.21","57975.01000000001","0.07260678551481184","1.686615258136333","4223.697174392592","-16.004673361656486","-0.378925682899085","115200.0","1620446400000.0","1620561600000.0"
"c8882b8a-2215-44b0-9b59-772213fdcd79","MomentumMAStrategy","BTC-USDT","Bybit Perpetual","short","57975.01","57279.11","0.07259149648614151","1.6732938093986665","4208.492734699019","48.84312859530731","1.1605848381914923","237600.0","1620561600000.0","1620799200000.0"
"7a7576f4-24c0-4e19-9fe3-9d75edbda158","MomentumMAStrategy","BTC-USDT","Bybit Perpetual","long","57279.11","54562.0","0.07428351639654598","1.6615901856985806","4254.893706864561","-203.49807542191766","-4.782682939731432","57600.0","1620799200000.0","1620856800000.0"
"783611fe-0527-4460-bf4a-e24cc40afd9e","MomentumMAStrategy","BTC-USDT","Bybit Perpetual","short","54562.0","49595.76","0.074439546483152","1.550691283420198","4061.5705352137393","368.13396204306844","9.063832792053073","7200.0","1620856800000.0","1620864000000.0"
"4f5be52c-69f6-4cdb-97e8-2ff9c39dfb84","MomentumMAStrategy","BTC-USDT","Bybit Perpetual","short","49595.76","51241.26000000001","0.08894505899606447","1.7937909385774669","4411.297799154655","-148.15288551660223","-3.358487507803101","144000.0","1620864000000.0","1621008000000.0"
"8bda40bb-c69f-48af-bd96-dbf9ccf584a1","MomentumMAStrategy","BTC-USDT","Bybit Perpetual","long","51241.26","49049.0","0.08334206766019966","1.6716795269158033","4270.552557913883","-184.37916077566527","-4.317454434180584","79200.0","1621008000000.0","1621087200000.0"
"cd2535bf-b4f6-45db-9337-0a63ce82f6d8","MomentumMAStrategy","BTC-USDT","Bybit Perpetual","short","49049.0","42990.79","0.08349593988005873","1.5369897544826463","4095.3923551770004","504.2989481862879","12.313812803523007","136800.0","1621087200000.0","1621224000000.0"
"256413d0-9b12-45db-81cd-c4c53a818e9a","MomentumMAStrategy","BTC-USDT","Bybit Perpetual","short","42990.79","35650.0","0.10640596174096761","1.6735697784038939","4574.476355953973","779.4302501100738","17.038676986396386","208800.0","1621224000000.0","1621432800000.0"
"82c1ac99-ab15-44d2-a94d-87669ceace79","MomentumMAStrategy","BTC-USDT","Bybit Perpetual","short","35650.0","39955.0","0.14908653838873895","2.2543375469761218","5314.9350935585435","-644.0718853104972","-12.118151472650771","72000.0","1621432800000.0","1621504800000.0"
"2c9db9b6-e251-47ef-b8bb-7b9c61dba3aa","MomentumMAStrategy","BTC-USDT","Bybit Perpetual","long","39955.0","36043.11","0.11770909279223053","1.7891337164048289","4703.066802513571","-462.25415671940345","-9.828781434113376","122400.0","1621504800000.0","1621627200000.0"
"d95649ad-4de8-450a-9ec3-c5bc03410699","MomentumMAStrategy","BTC-USDT","Bybit Perpetual","short","36043.11","37393.05","0.11830070583892839","1.7375099124200961","4263.9253536301385","-161.43636475262338","-3.786097348425267","115200.0","1621627200000.0","1621742400000.0"
"43fec3e5-6617-40ac-a4a6-fed3e0242e43","MomentumMAStrategy","BTC-USDT","Bybit Perpetual","long","37393.05","34193.3","0.10992847085528316","1.5738755979222203","4110.560807115146","-353.3175002171145","-8.59536002011069","21600.0","1621742400000.0","1621764000000.0"
"7079123d-2d7b-4f17-82c0-e32e3e6fbe7e","MomentumMAStrategy","BTC-USDT","Bybit Perpetual","short","34193.3","37569.33","0.11039908935109763","1.584505800287952","3774.9091819088867","-374.29514342227395","-9.915341678048035","100800.0","1621764000000.0","1621864800000.0"
"6c9b134b-96b2-40fd-981d-57e445a2061a","MomentumMAStrategy","BTC-USDT","Bybit Perpetual","long","37569.33","39495.03","0.09101383483968777","1.4027845866132482","3419.328795657727","173.8625571641732","5.084698417565597","136800.0","1621864800000.0","1622001600000.0"
"f78d1faa-1dde-4636-8f16-bfd5dbbe0043","MomentumMAStrategy","BTC-USDT","Bybit Perpetual","short","39495.03","40436.0","0.09075820995613097","1.4508794405499608","3584.4982249636914","-86.85163226297063","-2.422978805181313","14400.0","1622001600000.0","1622016000000.0"
"8de7ade3-5d9d-49c4-b199-f03a6e46c297","MomentumMAStrategy","BTC-USDT","Bybit Perpetual","long","40436.0","37634.0","0.08660572693426326","1.3522618203515866","3501.989174313869","-244.02150869015725","-6.968082896428925","72000.0","1622016000000.0","1622088000000.0"
"283cdd90-83c9-4af2-b7c5-fd610f8f0223","MomentumMAStrategy","BTC-USDT","Bybit Perpetual","short","37634.0","33913.82","0.08689399854010255","1.243415233325504","3270.1687410582194","322.01790025559325","9.84713407025562","223200.0","1622088000000.0","1622311200000.0"
"dd937006-e8a2-4dd5-9795-234871da1748","MomentumMAStrategy","BTC-USDT","Bybit Perpetual","short","33913.82","36360.37","0.10544626781356489","1.482030211824269","3576.0857463010334","-259.4615967311018","-7.255463519001998","64800.0","1622311200000.0","1622376000000.0"
"cb4c2858-495a-4818-98ad-5c96e32f9bdc","MomentumMAStrategy","BTC-USDT","Bybit Perpetual","long","36360.37","36416.19","0.09157214927698719","1.332861203237123","3329.597229406487","3.778696169404275","0.1134880860673302","208800.0","1622376000000.0","1622584800000.0"
"f791f831-8b04-4f3e-846b-a05873a6acc5","MomentumMAStrategy","BTC-USDT","Bybit Perpetual","short","36416.19","38032.66","0.09153036028116673","1.3628660126037082","3333.1869907674213","-149.3189474963014","-4.479765098984823","64800.0","1622584800000.0","1622649600000.0"
"a7587d0a-963f-49a7-9566-ff5688ea71eb","MomentumMAStrategy","BTC-USDT","Bybit Perpetual","long","38032.66","36631.46","0.08391035469635662","1.253018558458267","3191.3339906459346","-118.82820755899353","-3.7234651060430806","144000.0","1622649600000.0","1622793600000.0"
"f23cb6e5-59c4-4af1-8f14-b22bbe3e8d47","MomentumMAStrategy","BTC-USDT","Bybit Perpetual","short","36631.46","36680.0","0.08403834281966624","1.2321947216180498","3078.447193464891","-5.311415882084722","-0.1725355527734927","237600.0","1622793600000.0","1623031200000.0"
"04f6ae4a-20ca-4e51-b4f0-2f87f3098267","MomentumMAStrategy","BTC-USDT","Bybit Perpetual","long","36680.0","34105.63","0.08378956784015566","1.1862194693986314","3073.4013483769095","-216.89156923006038","-7.0570532333696905","72000.0","1623031200000.0","1623103200000.0"
"64f68d32-5ba7-46f5-ba52-68682d921d38","MomentumMAStrategy","BTC-USDT","Bybit Perpetual","short","34105.63","34933.0","0.08407275741888812","1.1608535985044743","2867.354357608353","-70.72013090417016","-2.4663896430002987","136800.0","1623103200000.0","1623240000000.0"
"81197212-eb9d-484d-be18-6ce411630d6a","MomentumMAStrategy","BTC-USDT","Bybit Perpetual","long","34933.0","37832.0","0.08015830971429283","1.1665438812721036","2800.1702332493915","231.21239598046282","8.257083559957632","93600.0","1623240000000.0","1623333600000.0"
"298995c3-9fde-4ca6-b669-487b64d0ebf8","MomentumMAStrategy","BTC-USDT","Bybit Perpetual","long","37832.0","36995.33","0.07982189705621778","1.1945718864503274","3019.8220094308313","-67.97915849647593","-2.251098186720233","57600.0","1623333600000.0","1623391200000.0"
"a6ba6c09-7479-4cab-900b-125b3b0094e7","MomentumMAStrategy","BTC-USDT","Bybit Perpetual","short","36995.33","37266.56","0.07988148257791398","1.1864299744475928","2955.2418088591785","-22.852684494054877","-0.7732932183602522","216000.0","1623391200000.0","1623607200000.0"
"04ccd3c3-23b2-4bb1-9cc5-55a98013fc86","MomentumMAStrategy","BTC-USDT","Bybit Perpetual","long","37266.56","40520.34","0.07871753546852264","1.2246386119472847","2933.531758589827","254.90490394482225","8.68935211621357","72000.0","1623607200000.0","1623679200000.0"
"59de15fb-3dee-4a16-b321-d5747af145f5","MomentumMAStrategy","BTC-USDT","Bybit Perpetual","long","40520.34","39950.0","0.07837277321309269","1.2613367414400922","3175.691417337408","-45.9604642157951","-1.4472585077025428","108000.0","1623679200000.0","1623787200000.0"
"9007a335-8409-49a7-9adb-77de34f3bb75","MomentumMAStrategy","BTC-USDT","Bybit Perpetual","short","39950.0","37691.87","0.07839872281182485","1.217404688944348","3132.0289763324026","175.8171032541215","5.613520966207753","165600.0","1623787200000.0","1623952800000.0"
"8656b59e-107b-40f3-8b2c-581ceafd5c00","MomentumMAStrategy","BTC-USDT","Bybit Perpetual","short","37691.87","35305.16","0.08752697131831924","1.277841790226498","3299.055224423818","207.62365592491915","6.293427717966763","93600.0","1623952800000.0","1624046400000.0"
"405a319b-950e-4256-9079-839402cce1c3","MomentumMAStrategy","BTC-USDT","Bybit Perpetual","short","35305.16","32238.19","0.09903078466582478","1.3377741898916873","3496.2976975524907","302.38667145665346","8.648767857163103","252000.0","1624046400000.0","1624298400000.0"
"f0c7d17b-91e2-4676-a508-3984ce3a9ecf","MomentumMAStrategy","BTC-USDT","Bybit Perpetual","short","32238.19","33979.48","0.11736282450833349","1.554298556712148","3783.5650354363115","-205.9170112448287","-5.442407076824116","115200.0","1624298400000.0","1624413600000.0"
"573e8f41-101c-4e26-9a08-b0b967deff0e","MomentumMAStrategy","BTC-USDT","Bybit Perpetual","long","33979.48","34040.39","0.10559148859116514","1.4364638654155073","3587.9438747537242","4.9951137046719625","0.13921939358694194","129600.0","1624413600000.0","1624543200000.0"
"32ee35da-5f21-4eec-823e-1d50afb71f41","MomentumMAStrategy","BTC-USDT","Bybit Perpetual","short","34040.39","34839.0","0.10554195274417134","1.4539330648854696","3592.6892327731625","-85.74079194590821","-2.3865351660189575","21600.0","1624543200000.0","1624564800000.0"
"eb609948-3f08-417a-adbd-61abae461136","MomentumMAStrategy","BTC-USDT","Bybit Perpetual","long","34839.0","32618.31","0.10078462299217973","1.3597319112833193","3511.2354804245497","-225.1711363437868","-6.412874829931969","72000.0","1624564800000.0","1624636800000.0"
"ab14245d-6074-44c5-b873-8af740140aed","MomentumMAStrategy","BTC-USDT","Bybit Perpetual","short","32618.31","32899.99","0.10108809747954299","1.3246240594187881","3297.322900897952","-29.79911935745612","-0.9037367662518281","136800.0","1624636800000.0","1624773600000.0"
"8b80b30f-7ad6-4e70-a80e-85725a17c4f1","MomentumMAStrategy","BTC-USDT","Bybit Perpetual","long","32899.99","35213.34","0.0993621498823668","1.3535773808894223","3269.0137375083686","228.50585204948368","6.990054811566808","187200.0","1624773600000.0","1624960800000.0"
"79ae4a85-b82e-4d88-99b0-24ab461d7204","MomentumMAStrategy","BTC-USDT","Bybit Perpetual","long","35213.34","34844.89","0.09899925133359626","1.3871424639513785","3486.094296955378","-37.86341661781463","-1.0861271495404783","93600.0","1624960800000.0","1625054400000.0"
"9f537156-e65c-4c98-8147-1c1e638d2bc9","MomentumMAStrategy","BTC-USDT","Bybit Perpetual","short","34844.89","32896.63","0.09901377364567528","1.341468705538797","3450.124051168454","191.5631059373847","5.552354150063329","144000.0","1625054400000.0","1625198400000.0"
"a61d09b0-21e4-4857-914f-fbb66b682092","MomentumMAStrategy","BTC-USDT","Bybit Perpetual","short","32896.63","33652.07","0.11040975935252242","1.4695251904446418","3632.1090018089694","-84.87747379571444","-2.336864718361736","79200.0","1625198400000.0","1625277600000.0"
"b641e554-6abb-4942-958a-152e84239159","MomentumMAStrategy","BTC-USDT","Bybit Perpetual","long","33652.07","35185.64","0.10553512463581112","1.4529592608987643","3551.4754017030405","160.3925418268421","4.51622279996446","100800.0","1625277600000.0","1625378400000.0"
"022edfb7-4bf1-4bc5-8d43-25f3e9d931cc","MomentumMAStrategy","BTC-USDT","Bybit Perpetual","long","35185.64","34337.84","0.10526590724052598","1.4636904393437127","3703.8483164385407","-90.70812659786193","-2.4490237949345324","86400.0","1625378400000.0","1625464800000.0"
"7c69c3e1-4d0f-4354-8667-b870e64264a9","MomentumMAStrategy","BTC-USDT","Bybit Perpetual","short","34337.84","34206.01","0.1053553629515011","1.4442924389686498","3617.675596170572","12.444705058927156","0.34399726366013256","151200.0","1625464800000.0","1625616000000.0"
"87c06138-fc53-4101-aadf-eb53497b00b8","MomentumMAStrategy","BTC-USDT","Bybit Perpetual","long","34206.01","33278.93","0.10610702815021548","1.4321252856591207","3629.4980659765524","-99.80182894316108","-2.74974189623403","93600.0","1625616000000.0","1625709600000.0"
"b843617d-a207-434a-9c93-fcacbd037082","MomentumMAStrategy","BTC-USDT","Bybit Perpetual","short","33278.93","33464.6","0.10621394162854844","1.4178186799006545","3534.6863284805495","-21.138561222073058","-0.5980321662986108","144000.0","1625709600000.0","1625853600000.0"
"a0855bd4-a038-4809-8c80-20f9dee553c9","MomentumMAStrategy","BTC-USDT","Bybit Perpetual","long","33464.6","33446.92","0.10502455416528451","1.4054705113043036","3514.60469531958","-3.2623046289465645","-0.09282138140004749","122400.0","1625853600000.0","1625976000000.0"
"30613bb1-ea32-47bc-ba1f-8f71652e6251","MomentumMAStrategy","BTC-USDT","Bybit Perpetual","short","33446.92","34478.51","0.10498741007907697","1.4262629948415275","3511.505505922081","-109.73022535831693","-3.124876927382264","64800.0","1625976000000.0","1626040800000.0"
"d9affc1f-3c6b-4c62-8fba-2b8c2393bf22","MomentumMAStrategy","BTC-USDT","Bybit Perpetual","long","34478.51","33340.32","0.0988227679163537","1.340408899489729","3407.26179183168","-113.81949511420457","-3.3404975040974865","64800.0","1626040800000.0","1626105600000.0"
"efda3c66-9764-4e9d-a717-42aada609365","MomentumMAStrategy","BTC-USDT","Bybit Perpetual","short","33340.32","31808.0","0.0989532575414149","1.2893276974701022","3299.133271473186","150.33872789839074","4.556915878431879","129600.0","1626105600000.0","1626235200000.0"
"7ae2d03a-3180-4a30-9187-b5a0b326fdf7","MomentumMAStrategy","BTC-USDT","Bybit Perpetual","short","31808.0","32834.17","0.10821035786521183","1.3989904697767719","3441.9550629766577","-112.441213400321","-3.266783306086514","64800.0","1626235200000.0","1626300000000.0"
"4c7805a5-06e8-4e4a-9fbe-4c362bd4d524","MomentumMAStrategy","BTC-USDT","Bybit Perpetual","long","32834.17","31673.4","0.10157515509745953","1.3104732855420456","3335.1359102463525","-119.21586606801982","-3.5745429654533583","64800.0","1626300000000.0","1626364800000.0"
"b0fe2689-83c8-4c2c-bdcc-60275da2789a","MomentumMAStrategy","BTC-USDT","Bybit Perpetual","short","31673.4","31715.230000000003","0.10172197608977039","1.2896033410446606","3221.8808374817336","-5.5446336008799335","-0.17209306863172802","194400.0","1626364800000.0","1626559200000.0"
"325056d1-33e2-4f3e-aece-b4e592af13b7","MomentumMAStrategy","BTC-USDT","Bybit Perpetual","long","31715.23","31569.18","0.10142172815902321","1.2836828455448341","3216.613435560898","-16.0963262431701","-0.5004122057446825","72000.0","1626559200000.0","1626631200000.0"
"e2ced82e-1f56-4470-b2d9-3a4646d987be","MomentumMAStrategy","BTC-USDT","Bybit Perpetual","short","31569.18","29582.94","0.10140655936042324","1.2402452173591452","3201.321925629886","200.1775192466881","6.252964365878372","122400.0","1626631200000.0","1626753600000.0"
"d3487f62-4b55-481b-b67d-76c3a6285cc7","MomentumMAStrategy","BTC-USDT","Bybit Perpetual","short","29582.94","31291.88","0.11464345899745733","1.395779986129519","3391.49056891424","-197.31457280524452","-5.817930753332842","108000.0","1626753600000.0","1626861600000.0"
"5b7ae715-5321-47be-a307-2809a8bb484e","MomentumMAStrategy","BTC-USDT","Bybit Perpetual","long","31291.88","32741.29","0.10239211337731251","1.3112983205097453","3204.041724749258","147.09685472970077","4.59097812595472","144000.0","1626861600000.0","1627005600000.0"
"43f79dc8-7571-4fef-9d0a-8cb7572ef9ee","MomentumMAStrategy","BTC-USDT","Bybit Perpetual","long","32741.29","32183.23","0.10212742798901547","1.326114848204279","3343.7837367424727","-58.319347311754385","-1.7441124158516699","57600.0","1627005600000.0","1627063200000.0"
"21f9a319-1e56-41c3-8ff5-b5bc1f040d88","MomentumMAStrategy","BTC-USDT","Bybit Perpetual","short","32183.23","33634.46","0.10217682801870123","1.3450085583436384","3288.380356796306","-149.62708668392338","-4.55017578409625","21600.0","1627063200000.0","1627084800000.0"
"21dae114-7aea-48c9-987d-041038f49136","MomentumMAStrategy","BTC-USDT","Bybit Perpetual","long","33634.46","35370.66","0.09354199902262678","1.2909753735192488","3146.2346244465793","161.11664332956576","5.120935421588467","172800.0","1627084800000.0","1627257600000.0"
"d5f5be86-30ce-4f50-93d2-14e3d6ca40b7","MomentumMAStrategy","BTC-USDT","Bybit Perpetual","long","35370.66","39198.18","0.09327774589475193","1.391122661837283","3299.2954356096666","355.63131530524333","10.779007889589836","64800.0","1627257600000.0","1627322400000.0"
"5bbec3a5-53ff-496d-9982-20fff8f5ed99","MomentumMAStrategy","BTC-USDT","Bybit Perpetual","long","39198.18","37119.99","0.09278862399095182","1.4162915959615079","3637.145185149648","-194.24868208771787","-5.340690904526695","14400.0","1627322400000.0","1627336800000.0"
"e0017c3a-5b9b-4c7c-b468-b0ada26a520a","MomentumMAStrategy","BTC-USDT","Bybit Perpetual","short","37119.99","40112.58","0.09301211926959883","1.436713002467528","3452.6089371663156","-279.78385100747664","-8.103548826387087","115200.0","1627336800000.0","1627452000000.0"
"c3f16d06-9601-4477-9dbe-da788342668c","MomentumMAStrategy","BTC-USDT","Bybit Perpetual","long","40112.58","39599.67","0.07944675407837673","1.266575904556817","3186.814278709213","-42.015610538897306","-1.3184204306978098","129600.0","1627452000000.0","1627581600000.0"
"b69bd1c7-d57b-4ab3-ad0d-47a043f1d898","MomentumMAStrategy","BTC-USDT","Bybit Perpetual","short","39599.67","42203.25","0.07946782002721893","1.3001399448521975","3146.8994486972606","-208.20096681131898","-6.616066709646827","108000.0","1627581600000.0","1627689600000.0"
"2c9ac313-7df6-4e0e-89fa-717f26d6774e","MomentumMAStrategy","BTC-USDT","Bybit Perpetual","long","42203.25","41100.0","0.06987870674003797","1.1642246754484138","2949.108530226508","-78.2579078863953","-2.65361234028185","151200.0","1627689600000.0","1627840800000.0"
"dcc114e7-177b-4429-bf87-cd0397bd1512","MomentumMAStrategy","BTC-USDT","Bybit Perpetual","short","41100.0","38821.24","0.06994558437310051","1.1180275671245632","2874.763517734431","158.2711722789221","5.505537109489056","115200.0","1627840800000.0","1627956000000.0"
"86b0366a-af3d-41d3-a2da-c2b7c461e91f","MomentumMAStrategy","BTC-USDT","Bybit Perpetual","short","38821.24","39383.56","0.07792438189505044","1.2188121402452081","3025.1211313994077","-45.03725056746995","-1.4887751138294392","144000.0","1627956000000.0","1628100000000.0"
"efb39c7f-be1c-491e-8bfc-442b5bc1e7dc","MomentumMAStrategy","BTC-USDT","Bybit Perpetual","long","39383.56","42213.52","0.07572539768777406","1.2357942666322228","2982.335743360311","213.0640521738608","7.144200737566638","165600.0","1628100000000.0","1628265600000.0"
"95f3ee28-f6e5-4b98-ac54-95681a7647ec","MomentumMAStrategy","BTC-USDT","Bybit Perpetual","long","42213.52","44739.05","0.07544375813543809","1.31200573206695","3184.746592925478","189.22346875172647","5.941554947324948","136800.0","1628265600000.0","1628402400000.0"
"ec6b4a9b-b0c2-4222-a28f-638018dd3df8","MomentumMAStrategy","BTC-USDT","Bybit Perpetual","long","44739.05","43787.71","0.07520295777938106","1.3314948389250802","3364.5088882396185","-72.87507669276174","-2.1659944768608264","64800.0","1628402400000.0","1628467200000.0"
"803c2431-f86c-41ec-866f-129441577e69","MomentumMAStrategy","BTC-USDT","Bybit Perpetual","short","43787.71","45872.11","0.07525576389771227","1.349483649006276","3295.2775653814942","-158.21259791739786","-4.801191850407345","57600.0","1628467200000.0","1628524800000.0"
"d0c161f7-14f6-4e58-afd3-4b77ec4ec934","MomentumMAStrategy","BTC-USDT","Bybit Perpetual","long","45872.11","45777.56","0.06855964544382125","1.2566937760486443","3144.975597359967","-7.739008252762143","-0.24607530370851244","122400.0","1628524800000.0","1628647200000.0"
"a30d4167-cb59-4401-974e-e7d75f9068db","MomentumMAStrategy","BTC-USDT","Bybit Perpetual","short","45777.56","46515.33","0.06854064610520619","1.2651628623033448","3137.6235395198423","-51.83239533934159","-1.6519634904088465","57600.0","1628647200000.0","1628704800000.0"
"4b7658c2-6ecb-4057-9930-3e38f1dbc49f","MomentumMAStrategy","BTC-USDT","Bybit Perpetual","long","46515.33","45230.0","0.06639494471924565","1.21828522271979","3088.382763947469","-86.5576995187079","-2.80268691203524","50400.0","1628704800000.0","1628755200000.0"
"34da37e6-8f1b-437e-bba9-0a0ab91a59f1","MomentumMAStrategy","BTC-USDT","Bybit Perpetual","short","45230.0","46518.01","0.06646369554288516","1.2195823606611167","3006.152949404696","-86.82548685685276","-2.88825912447491","108000.0","1628755200000.0","1628863200000.0"
"47caa1f9-ae9f-4fc8-a3e2-7d2cb5e3037f","MomentumMAStrategy","BTC-USDT","Bybit Perpetual","long","46518.01","46900.01","0.06285025384556833","1.174269254150076","2923.6687368906864","22.83452771485703","0.7810230833176226","136800.0","1628863200000.0","1629000000000.0"
"b0fdc986-38f1-4de6-9b62-533696a4238f","MomentumMAStrategy","BTC-USDT","Bybit Perpetual","short","46900.01","47335.09","0.06280087228595047","1.1836092959907543","2945.3615382198","-28.507012810161733","-0.9678612435263754","100800.0","1629000000000.0","1629100800000.0"
"1688d7d1-0108-40ff-bd19-07ce697f8391","MomentumMAStrategy","BTC-USDT","Bybit Perpetual","long","47335.09","45926.23","0.0616515121456439","1.1499402805397565","2918.279876050147","-88.0082896820512","-3.015759057392715","57600.0","1629100800000.0","1629158400000.0"
"e62ff4cd-180e-4153-96b2-ecaae13ca947","MomentumMAStrategy","BTC-USDT","Bybit Perpetual","short","45926.23","46719.82","0.06172228813147079","1.1436652384685302","2834.672000852198","-50.12585587672222","-1.7683123783511001","244800.0","1629158400000.0","1629403200000.0"
"5c05b88f-d6e8-4ef8-a40e-eeefd6701114","MomentumMAStrategy","BTC-USDT","Bybit Perpetual","long","46719.82","49378.76","0.05965460564208749","1.1465445785329191","2787.052437769312","157.47147254743933","5.650107992710594","93600.0","1629403200000.0","1629496800000.0"
"569e238a-3e96-427b-afe6-3b1bbb13939e","MomentumMAStrategy","BTC-USDT","Bybit Perpetual","long","49378.76","48809.18","0.05947193361456178","1.1678853298861154","2936.650336689379","-35.041909278068324","-1.193261207855365","108000.0","1629496800000.0","1629604800000.0"
"cc1e8da5-829b-492c-8479-1b1fde92b6fa","MomentumMAStrategy","BTC-USDT","Bybit Perpetual","short","48809.18","50180.25","0.05948390288210566","1.1776555280949994","2903.360522875214","-82.73425025266359","-2.849603058277151","100800.0","1629604800000.0","1629705600000.0"
"4a1ac2d0-7029-4923-a140-d1471db41b70","MomentumMAStrategy","BTC-USDT","Bybit Perpetual","long","50180.25","49800.0","0.05629232586794971","1.1256241626718158","2824.7629851351835","-22.53078107395969","-0.7976166918259673","86400.0","1629705600000.0","1629792000000.0"
"880d7f18-3d59-43fd-9342-c052e3d9069e","MomentumMAStrategy","BTC-USDT","Bybit Perpetual","short","49800.0","47719.36","0.05629234423925546","1.0979186766223759","2803.3587431149217","116.02618444134207","4.138827566265059","57600.0","1629792000000.0","1629849600000.0"
"6d34bce4-e3be-4d26-af38-2d44f7298921","MomentumMAStrategy","BTC-USDT","Bybit Perpetual","short","47719.36","48762.57","0.0610566365167973","1.1781724260898163","2913.583618334196","-64.87306620677788","-2.226573000979056","93600.0","1629849600000.0","1629943200000.0"
"e049256d-3ce3-44c4-965a-17d31c7cb2cf","MomentumMAStrategy","BTC-USDT","Bybit Perpetual","long","48762.57","47070.13","0.05848654419645555","1.1209846888031332","2851.9542054377575","-100.1059515486525","-3.510082713031742","14400.0","1629943200000.0","1629957600000.0"
"eb2d145c-b726-49d5-a42c-453036001a45","MomentumMAStrategy","BTC-USDT","Bybit Perpetual","short","47070.13","48292.5","0.05856906601843968","1.1170600344324075","2756.853551466538","-72.71012926339269","-2.6374316918181506","136800.0","1629957600000.0","1630094400000.0"
"540c9ce7-c02b-4dbe-91a6-1ad825dba7e1","MomentumMAStrategy","BTC-USDT","Bybit Perpetual","long","48292.5","48498.0","0.05565623913995579","1.0773990428951783","2687.778928666315","10.359958100365736","0.3854468085106383","129600.0","1630094400000.0","1630224000000.0"
"8facd436-a83a-450f-9ca7-ad2ea0a563dd","MomentumMAStrategy","BTC-USDT","Bybit Perpetual","short","48498.0","48766.72","0.05562334300098278","1.08203777649091","2697.620888861663","-16.02914250771507","-0.594195521464805","295200.0","1630224000000.0","1630519200000.0"
"5d4b8d82-e5e4-4821-a909-3a96bc8bbde3","MomentumMAStrategy","BTC-USDT","Bybit Perpetual","long","48766.72","50000.0","0.05500458516544344","1.0865244923503012","2682.393203479334","66.7495303004877","2.488431979841988","266400.0","1630519200000.0","1630785600000.0"
"cd702ef8-78e8-4d7c-beea-87bc0eba6d9f","MomentumMAStrategy","BTC-USDT","Bybit Perpetual","short","50000.0","51760.08","0.05491610514529594","1.1176534505747453","2745.805257264797","-97.77439179470733","-3.5608640320000036","93600.0","1630785600000.0","1630879200000.0"
"1e25f02c-ce66-4640-846a-a1eccf8a21d6","MomentumMAStrategy","BTC-USDT","Bybit Perpetual","long","51760.08","50648.47","0.05125416315159917","1.0497729059637404","2652.9195850598253","-58.024413206912925","-2.187190804187321","144000.0","1630879200000.0","1631023200000.0"
"4718475b-1c3b-4649-98e9-00e0a546037a","MomentumMAStrategy","BTC-USDT","Bybit Perpetual","short","50648.47","46644.0","0.05129071801207931","0.9980401286937373","2597.7963925132585","204.39410142913755","7.867980031775888","7200.0","1631023200000.0","1631030400000.0"
"2cbb7681-ec58-482d-8e03-2dfffafb2267","MomentumMAStrategy","BTC-USDT","Bybit Perpetual","short","46644.0","46876.23","0.05985701888497855","1.1195684346475074","2791.9707888709395","-15.020163930306268","-0.5379771160277917","165600.0","1631030400000.0","1631196000000.0"
"4758a577-19f2-4abd-8927-e2f84525bd05","MomentumMAStrategy","BTC-USDT","Bybit Perpetual","long","46876.23","45441.49","0.05925607996072099","1.0940772396222904","2777.7016331371483","-86.11114540246744","-3.1000862142710823","93600.0","1631196000000.0","1631289600000.0"
"85e8617f-f5ca-40ef-a587-720c5b0e474e","MomentumMAStrategy","BTC-USDT","Bybit Perpetual","short","45441.49","45364.48","0.05932675282005068","1.0774446673549876","2695.8960450048044","3.491308567316804","0.12950456950244096","144000.0","1631289600000.0","1631433600000.0"
"c5016897-3f3a-4833-81f9-387dfa11d1fa","MomentumMAStrategy","BTC-USDT","Bybit Perpetual","long","45364.48","44626.0","0.0595005781647614","1.0708971178648796","2699.2127881437555","-45.010884080978066","-1.6675559733077576","72000.0","1631433600000.0","1631505600000.0"
"0139e26b-cbc0-405e-9a31-db12e72df5bc","MomentumMAStrategy","BTC-USDT","Bybit Perpetual","short","44626.0","45986.45","0.05952701224099911","1.0787776840673837","2656.452448266826","-82.06230148733445","-3.089168847756907","115200.0","1631505600000.0","1631620800000.0"
"f90a65ec-4948-4869-a55c-42deb01d1101","MomentumMAStrategy","BTC-USDT","Bybit Perpetual","long","45986.45","48255.86","0.05607071782783535","1.056846794290677","2578.4932618538587","126.19060095137733","4.8939666749662205","100800.0","1631620800000.0","1631721600000.0"
"bf73c529-7e54-427d-be65-5d16c8e9b274","MomentumMAStrategy","BTC-USDT","Bybit Perpetual","long","48255.86","47402.91","0.05591806534496882","1.0698106703358687","2698.374332757667","-48.76512450632686","-1.8072038380416329","93600.0","1631721600000.0","1631815200000.0"
"2aabeb93-609c-4896-b688-0eb70086c342","MomentumMAStrategy","BTC-USDT","Bybit Perpetual","short","47402.91","48621.6","0.05594693373205688","1.0744553795246468","2652.0474644766564","-69.25642404944477","-2.6114322981437113","136800.0","1631815200000.0","1631952000000.0"
"7ae0c99d-ec43-4254-89df-b220bd15fdd8","MomentumMAStrategy","BTC-USDT","Bybit Perpetual","long","48621.6","47344.16","0.05319145938491708","1.0209117650765402","2586.2538616296843","-68.96980964174475","-2.6667842111324904","100800.0","1631952000000.0","1632052800000.0"
"1b94b2d6-4c54-474e-abba-93196fbb7640","MomentumMAStrategy","BTC-USDT","Bybit Perpetual","short","47344.16","44825.72","0.053242734530933214","0.9814752905175942","2520.732542470027","133.10715706156597","5.2804950473300245","72000.0","1632052800000.0","1632124800000.0"
"3a2f1a11-a776-4228-a6c5-b313c4f281df","MomentumMAStrategy","BTC-USDT","Bybit Perpetual","short","44825.72","41687.77","0.059055032282326184","1.0218113889613407","2647.1843416785146","184.28992716136437","6.961733803718054","122400.0","1632124800000.0","1632247200000.0"
"b527c6cc-2d43-4da5-a64b-8f3e22a13d7f","MomentumMAStrategy","BTC-USDT","Bybit Perpetual","short","41687.77","42352.21","0.06769994587097873","1.137900419399627","2822.2597724818106","-46.1204524539129","-1.6341675172358763","72000.0","1632247200000.0","1632319200000.0"
"f81a3d4c-bc47-43f4-92aa-172937ed5336","MomentumMAStrategy","BTC-USDT","Bybit Perpetual","long","42352.21","44828.29","0.06560331426980064","1.1438659479396707","2778.445342650593","161.2951884492284","5.805231651429764","122400.0","1632319200000.0","1632441600000.0"
"99595069-406f-4897-b895-3f200d2f78d0","MomentumMAStrategy","BTC-USDT","Bybit Perpetual","long","44828.29","41510.06","0.06539789431355424","1.1292692577013312","2931.6757716773604","-218.13452410576662","-7.440608753981031","43200.0","1632441600000.0","1632484800000.0"
"498d4090-2f8e-4f81-8701-00815897703f","MomentumMAStrategy","BTC-USDT","Bybit Perpetual","short","41510.06","42372.53","0.0656334385875829","1.101100563866479","2724.4479737768816","-57.70797234249918","-2.118152847767508","136800.0","1632484800000.0","1632621600000.0"
"6025b205-d25a-485d-9a8f-f437dc9ebf0b","MomentumMAStrategy","BTC-USDT","Bybit Perpetual","long","42372.53","42049.67","0.06300368186774563","1.0637818862750392","2669.6254000515078","-21.40515061409543","-0.8018035269548468","14400.0","1632621600000.0","1632636000000.0"
"d1180da2-8a87-4d81-94ff-1fa0a3ac90a2","MomentumMAStrategy","BTC-USDT","Bybit Perpetual","short","42049.67","43058.87","0.06300383586763265","1.0724328970187698","2649.2905069681165","-64.65590405463392","-2.440498838635367","21600.0","1632636000000.0","1632657600000.0"
"916252bd-24a8-45d0-b367-8fa116e42df4","MomentumMAStrategy","BTC-USDT","Bybit Perpetual","long","43058.87","42425.85","0.06010068072190967","1.0275379726643692","2587.8673981162146","-39.072470883247874","-1.5098328033225306","136800.0","1632657600000.0","1632794400000.0"
"27238f46-b946-4f99-a343-e9356219d83d","MomentumMAStrategy","BTC-USDT","Bybit Perpetual","short","42425.85","42953.64","0.06012250905467137","1.0266458321216447","2550.7485507771294","-32.758704886086704","-1.2842780946050603","172800.0","1632794400000.0","1632967200000.0"
"14f876dc-1295-4f45-9f39-a54283671c89","MomentumMAStrategy","BTC-USDT","Bybit Perpetual","long","42953.64","44888.92","0.05865923775343247","1.0305555223820315","2519.627781135347","112.49149411708069","4.464607628131164","115200.0","1632967200000.0","1633082400000.0"
"a535fced-d218-4be9-b9c5-a1f8fb55a04a","MomentumMAStrategy","BTC-USDT","Bybit Perpetual","long","44888.92","47482.27","0.05851098000456625","1.080945770217598","2626.4947005465738","150.6585042246242","5.736105395273486","7200.0","1633082400000.0","1633089600000.0"
"e6baed94-69b5-4158-8256-3f1b5520ca73","MomentumMAStrategy","BTC-USDT","Bybit Perpetual","long","47482.27","47874.99","0.05832956763777231","1.1124295493845282","2769.620279559967","21.794758253321483","0.7869222511897623","158400.0","1633089600000.0","1633248000000.0"
"9bb3e139-c303-4b09-b32b-94c6f4957f14","MomentumMAStrategy","BTC-USDT","Bybit Perpetual","short","47874.99","48928.66","0.058283569352194586","1.1284124496641144","2790.325299900622","-62.540060968991305","-2.2413179198575404","136800.0","1633248000000.0","1633384800000.0"
"7708e76a-a970-457e-a245-2d3275bf8278","MomentumMAStrategy","BTC-USDT","Bybit Perpetual","long","48928.66","51164.85","0.0558141637637344","1.1173271117653973","2730.912241980081","123.69374775505956","4.529392993799534","79200.0","1633384800000.0","1633464000000.0"
"86858987-afaa-43ee-806c-06188ca00d70","MomentumMAStrategy","BTC-USDT","Bybit Perpetual","long","51164.85","55014.04","0.055671448315540606","1.1822265173672943","2848.4213023473876","213.10775562432858","7.481609390040238","72000.0","1633464000000.0","1633536000000.0"
"73670960-ee19-4cef-9e04-2ab83fbb235f","MomentumMAStrategy","BTC-USDT","Bybit Perpetual","long","55014.04","54333.67","0.055456273892818986","1.2128033110625083","3050.8736701904995","-38.94358837951991","-1.2764733184474413","122400.0","1633536000000.0","1633658400000.0"
"2ca513b6-934f-43d8-83d1-819bd1fcaffb","MomentumMAStrategy","BTC-USDT","Bybit Perpetual","short","54333.67","55708.91","0.055469789933754815","1.220807759273682","3013.877261229956","-77.50508166777095","-2.571607101084844","187200.0","1633658400000.0","1633845600000.0"
"eed267c1-596e-472f-8464-f22fae249f24","MomentumMAStrategy","BTC-USDT","Bybit Perpetual","long","55708.91","54832.87","0.05277876436005611","1.1668517117122326","2940.2474336455734","-47.40316044169583","-1.6122167100379468","57600.0","1633845600000.0","1633903200000.0"
"93a45681-ffa3-49ba-b7dd-f123ae70e8c8","MomentumMAStrategy","BTC-USDT","Bybit Perpetual","short","54832.87","56569.01","0.05280070934142171","1.176419657193588","2895.2144312259625","-92.84584317320945","-3.20687276810424","28800.0","1633903200000.0","1633932000000.0"
"8caf9bb2-27c2-4143-a8ab-f56d1e33711b","MomentumMAStrategy","BTC-USDT","Bybit Perpetual","long","56569.01","55960.0","0.04962100061873831","1.116760414967202","2807.0108802114137","-31.33644600178512","-1.1163635389765563","129600.0","1633932000000.0","1634061600000.0"
"4414808e-187a-4264-8aa8-dc579c5e82a5","MomentumMAStrategy","BTC-USDT","Bybit Perpetual","short","55960.0","58339.18","0.04962904318280411","1.13451178799582","2777.241256509718","-119.21093874765971","-4.292422866333095","115200.0","1634061600000.0","1634176800000.0"
"6cbd9e44-a1b3-4336-a205-61f7fa99f8e5","MomentumMAStrategy","BTC-USDT","Bybit Perpetual","long","58339.18","61800.29","0.04566383800217009","1.0972058591493148","2663.9908646994413","156.95036048854163","5.8915502514776525","144000.0","1634176800000.0","1634320800000.0"
"21e6dcac-fc15-40b3-bcf3-75c8b3f23dea","MomentumMAStrategy","BTC-USDT","Bybit Perpetual","long","61800.28999999999","60721.0","0.04551910204893142","1.115411820535344","2813.093707163556","-50.24372347092624","-1.786066469914613","100800.0","1634320800000.0","1634421600000.0"
"1bcd18c4-6965-478b-aa18-92b00ef79301","MomentumMAStrategy","BTC-USDT","Bybit Perpetual","short","60721.0","62409.0","0.04554210520027956","1.1215198826620845","2765.3621698661755","-77.99659346073399","-2.8204838523739726","115200.0","1634421600000.0","1634536800000.0"
"fb9bc237-26ad-4c8d-b0e2-a6d5da4dab4c","MomentumMAStrategy","BTC-USDT","Bybit Perpetual","long","62408.99999999999","66140.27","0.043123033634227086","1.1086868987730678","2691.265406078478","159.7949948096099","5.93754129372368","201600.0","1634536800000.0","1634738400000.0"
"848355ba-df71-4682-8532-69e5d8179165","MomentumMAStrategy","BTC-USDT","Bybit Perpetual","long","66140.27","64821.42","0.04298547089613645","1.125889982800769","2843.070651147607","-57.817278274170576","-2.033620875753918","86400.0","1634738400000.0","1634824800000.0"
"32be8f0b-446f-4cbc-b85e-5da566ada904","MomentumMAStrategy","BTC-USDT","Bybit Perpetual","short","64821.42","60744.92","0.0430126991477068","1.0801894410997326","2788.1442367871446","174.26107863452705","6.25007402182797","93600.0","1634824800000.0","1634918400000.0"
"a240dba6-3153-4125-a150-4a41abc53361","MomentumMAStrategy","BTC-USDT","Bybit Perpetual","short","60744.92","61897.31","0.04862451479876746","1.1926837855177688","2953.6922614899454","-57.22708839446938","-1.9374763288847847","223200.0","1634918400000.0","1635141600000.0"
"c046de2c-6afa-47b6-9410-5cd43a1d24c1","MomentumMAStrategy","BTC-USDT","Bybit Perpetual","long","61897.31","62514.79","0.046840913240255515","1.1655152764275987","2899.3265275152","27.757811831165526","0.9573882612992443","129600.0","1635141600000.0","1635271200000.0"
"963078e4-5e7f-4362-9d30-8cee2d7e7851","MomentumMAStrategy","BTC-USDT","Bybit Perpetual","short","62514.78999999999","59999.0","0.04680006841188793","1.146730750679934","2925.696448754807","116.59241335926329","3.9851165492197826","50400.0","1635271200000.0","1635321600000.0"
"bcf0e063-8c01-42e2-95d0-4134c3ae5ba4","MomentumMAStrategy","BTC-USDT","Bybit Perpetual","short","59999.0","61186.91999999999","0.0506084974990601","1.2266074658482595","3036.459241446107","-61.34545381493128","-2.0202956449274003","115200.0","1635321600000.0","1635436800000.0"
"0e794edf-ef79-4047-846a-39cd585db906","MomentumMAStrategy","BTC-USDT","Bybit Perpetual","long","61186.92","61455.05000000001","0.048673491986880896","1.1938825888100575","2978.1810603219224","11.856940817632898","0.39812692974252006","180000.0","1635436800000.0","1635616800000.0"
"0697848e-ab1a-48d9-a50f-02b6ff72172c","MomentumMAStrategy","BTC-USDT","Bybit Perpetual","short","61455.049999999996","62001.86","0.04864441822272822","1.2010979125051435","2989.445154098674","-27.8003522408754","-0.9299502351718938","158400.0","1635616800000.0","1635775200000.0"
"717ee5b7-0a8d-4fbc-a129-1c441d72a8be","MomentumMAStrategy","BTC-USDT","Bybit Perpetual","long","62001.86","62520.009999999995","0.04778945050148241","1.1901663485434055","2963.034819469842","23.571937428799426","0.7955335952824547","187200.0","1635775200000.0","1635962400000.0"
"c0564f53-5a48-4a92-afe7-d89f13e0ae54","MomentumMAStrategy","BTC-USDT","Bybit Perpetual","short","62520.01","61991.28","0.04775156242021077","1.1891217272911931","2985.428160027202","24.058561871147","0.8058663810194577","302400.0","1635962400000.0","1636264800000.0"
"fa270f36-9b49-4ba2-a453-4732820cf300","MomentumMAStrategy","BTC-USDT","Bybit Perpetual","long","61991.28","65132.08","0.04852753151418702","1.2337965717178685","3008.2837938047915","151.18147440804086","5.025505729192885","72000.0","1636264800000.0","1636336800000.0"
"b361c9e4-5e6b-4b97-b31e-e1e6dddd4574","MomentumMAStrategy","BTC-USDT","Bybit Perpetual","long","65132.08","68563.98","0.04839253090784802","1.2939781431615007","3151.90619449243","164.78434867948184","5.228085435011432","93600.0","1636336800000.0","1636430400000.0"
"356434fa-349a-4f0a-820e-ba4fda39f667","MomentumMAStrategy","BTC-USDT","Bybit Perpetual","long","68563.98","67083.56","0.04825349003570006","1.309093443951445","3308.4513257379376","-72.74452516260243","-2.1987485382266287","79200.0","1636430400000.0","1636509600000.0"
"2bbf6d86-f1ea-4120-afc7-9a1b5ad61360","MomentumMAStrategy","BTC-USDT","Bybit Perpetual","short","67083.56","63867.68","0.04828819500386482","1.2646798026235806","3239.3440268334657","154.02436074640508","4.754800955703599","201600.0","1636509600000.0","1636711200000.0"
"e02c049f-7f82-4d68-86f9-2171a777456a","MomentumMAStrategy","BTC-USDT","Bybit Perpetual","short","63867.68","64414.70999999999","0.05301064904099461","1.3600665508859993","3385.6671695425507","-30.358481895780834","-0.8966765005398528","129600.0","1636711200000.0","1636840800000.0"
"fea2042c-36aa-48b5-8243-b82b2b9eff75","MomentumMAStrategy","BTC-USDT","Bybit Perpetual","long","64414.71","64211.72","0.05211273343839565","1.3406149719444915","3356.8266117415583","-11.918978732604318","-0.35506685662327436","79200.0","1636840800000.0","1636920000000.0"
"5306c87a-3630-4cde-9484-bbfea670e362","MomentumMAStrategy","BTC-USDT","Bybit Perpetual","short","64211.72","65947.01","0.05210113639605954","1.3562835489735774","3345.5035819455843","-91.7668645256914","-2.7429910707889364","21600.0","1636920000000.0","1636941600000.0"
"686a7b10-47cd-46c6-9f26-3e55866ad8b0","MomentumMAStrategy","BTC-USDT","Bybit Perpetual","long","65947.01","64089.59","0.04940823034503275","1.284975657216977","3258.325060646178","-93.05681086468762","-2.855970755914481","57600.0","1636941600000.0","1636999200000.0"
"6caed91d-032e-4a02-aa03-d4745e861de8","MomentumMAStrategy","BTC-USDT","Bybit Perpetual","short","64089.59","60943.69","0.0494607796730284","1.2368487027752137","3169.921090324724","154.36181807060456","4.869579199991754","36000.0","1636999200000.0","1637035200000.0"
"35a81981-ce7f-4292-9a86-493781c91c04","MomentumMAStrategy","BTC-USDT","Bybit Perpetual","short","60943.69","59880.45","0.05442015108523619","1.315053590708746","3316.5648174917983","56.54662784915807","1.7049758096367404","172800.0","1637035200000.0","1637208000000.0"
"f87f7df1-6384-4b78-83e6-1b292a217cb7","MomentumMAStrategy","BTC-USDT","Bybit Perpetual","long","59880.45","58142.13","0.056283546866272696","1.3285458825416838","3370.2841139484985","-99.16736107112082","-2.9424035991713486","43200.0","1637208000000.0","1637251200000.0"
"19b277f7-ff06-4389-a9e0-8cf4e4c07e8a","MomentumMAStrategy","BTC-USDT","Bybit Perpetual","short","58142.13","58422.0","0.056345977020981756","1.3135839580901463","3276.0751209309337","-17.08313254695246","-0.5214511852249009","136800.0","1637251200000.0","1637388000000.0"
"b8fe33f8-acb2-4ef4-8e69-a2757052cb09","MomentumMAStrategy","BTC-USDT","Bybit Perpetual","long","58422.0","58661.39","0.055798263411237704","1.306609967260135","3259.846145011329","12.050936310756027","0.3696780699051717","151200.0","1637388000000.0","1637539200000.0"
"17dde30f-1b7e-453f-b491-24bd644d36c3","MomentumMAStrategy","BTC-USDT","Bybit Perpetual","short","58661.39","56068.95","0.055765718038842026","1.2796039581880958","3271.2945345065473","143.28967411442767","4.380213172582516","223200.0","1637539200000.0","1637762400000.0"
"a6dcb497-e36d-4494-a411-64e29243a3bf","MomentumMAStrategy","BTC-USDT","Bybit Perpetual","short","56068.95","57779.29","0.06077195533205552","1.3837560311826274","3407.419724915254","-105.3244621138107","-3.091032822979571","50400.0","1637762400000.0","1637812800000.0"
"9d21ce1e-42cb-49a2-85ef-ab25b20a468e","MomentumMAStrategy","BTC-USDT","Bybit Perpetual","long","57779.29","57154.68","0.05724129676752923","1.3157938970880605","3307.361485907134","-37.06928027105453","-1.1208112699204174","7200.0","1637812800000.0","1637820000000.0"
"d95d522c-269e-4051-b70c-3cceb7a7f80b","MomentumMAStrategy","BTC-USDT","Bybit Perpetual","short","57154.68","57676.05","0.05725070404820099","1.3148280277737752","3272.145669649632","-31.163627597384476","-0.9523912057595331","7200.0","1637820000000.0","1637827200000.0"
"09612a2b-8f5d-4b80-8538-0b49eda57bd6","MomentumMAStrategy","BTC-USDT","Bybit Perpetual","long","57676.05","54896.81","0.0562198732997859","1.2657663852389072","3242.540223432117","-157.51428705493618","-4.8577435035859855","93600.0","1637827200000.0","1637920800000.0"
"9c995276-8d1f-4150-8a7f-e66d65213c2b","MomentumMAStrategy","BTC-USDT","Bybit Perpetual","short","54896.81","54368.4","0.05634028007692847","1.2312065068128812","3092.9016507299275","28.53956088863668","0.922743886211232","172800.0","1637920800000.0","1638093600000.0"
"0eec4ab5-44c8-44c6-9a4f-6791c01aa5cb","MomentumMAStrategy","BTC-USDT","Bybit Perpetual","long","54368.4","53941.41","0.05738653765007123","1.2431049978874125","3120.0142335741325","-25.746582709091207","-0.8252072196349313","28800.0","1638093600000.0","1638122400000.0"
"b06d2205-4114-43ec-bb8e-a17640d55b79","MomentumMAStrategy","BTC-USDT","Bybit Perpetual","short","53941.41","54644.880000000005","0.05738735750512446","1.2462960488770243","3095.554980000496","-41.616580433007","-1.344398038538483","7200.0","1638122400000.0","1638129600000.0"
"e7822a13-44cb-4dca-97fe-2db508cd5592","MomentumMAStrategy","BTC-USDT","Bybit Perpetual","long","54644.88","57315.73","0.055925078956878295","1.2522811908620515","3056.0192285891394","148.11521594111667","4.846671596680249","14400.0","1638129600000.0","1638144000000.0"
"6fb76149-8b63-4751-8ad2-2dfcd96f398b","MomentumMAStrategy","BTC-USDT","Bybit Perpetual","long","57315.73","58371.88","0.05577402021632107","1.2904726197835736","3196.7286837332003","57.615258831683605","1.8023193249043397","136800.0","1638144000000.0","1638280800000.0"
"37de703f-9d8b-455a-af65-34ff10bba55a","MomentumMAStrategy","BTC-USDT","Bybit Perpetual","short","58371.88","56030.73","0.05570256054153644","1.2745036619269565","3251.4631796232998","129.13354594989076","3.9715518465397968","266400.0","1638280800000.0","1638547200000.0"
"10638735-9085-4325-87d4-3abb93e7e7f8","MomentumMAStrategy","BTC-USDT","Bybit Perpetual","short","56030.73","52003.89","0.06021945543589555","1.3011571969247822","3374.140048275696","241.19295473055706","7.148279303160968","43200.0","1638547200000.0","1638590400000.0"
"ddcfe45f-36b1-4257-8e75-2c1db2f7e99d","MomentumMAStrategy","BTC-USDT","Bybit Perpetual","short","52003.89","46483.34","0.06928853505516076","1.364807177668136","3603.273355269724","381.1460150210998","10.57777130518506","28800.0","1638590400000.0","1638619200000.0"
"ed8875a3-686f-43f1-b924-977e7e21a46b","MomentumMAStrategy","BTC-USDT","Bybit Perpetual","short","46483.34","49271.71","0.08530716746128332","1.6337184171227115","3965.362069539769","-239.5016649511415","-6.039843543944998","93600.0","1638619200000.0","1638712800000.0"
"25d7a1b3-c599-4f6a-8a96-abd880b5bdc5","MomentumMAStrategy","BTC-USDT","Bybit Perpetual","long","49271.71","49095.33","0.07586169604903474","1.4924580979446485","3737.8354878361856","-14.872944047073197","-0.39790258547957313","108000.0","1638712800000.0","1638820800000.0"
"b00a07ae-2278-4172-bc05-7e20bfdf41aa","MomentumMAStrategy","BTC-USDT","Bybit Perpetual","short","49095.33","50063.93","0.07584644386729789","1.5041754495025592","3723.706190991466","-74.96904097936718","-2.0132909830731327","7200.0","1638820800000.0","1638828000000.0"
"f4ab48e7-8005-4199-a154-73d736dd619f","MomentumMAStrategy","BTC-USDT","Bybit Perpetual","long","50063.93","49180.57","0.07295642994988741","1.4481048824323204","3652.485602061067","-65.8948968429649","-1.8041110635940896","136800.0","1638828000000.0","1638964800000.0"
"05f2fc9a-8e9d-4c06-951b-8f0a798cf5ec","MomentumMAStrategy","BTC-USDT","Bybit Perpetual","short","49180.57","48730.51","0.07299397811087285","1.4293838460663841","3589.88545006025","31.422285942512882","0.8753005180704445","273600.0","1638964800000.0","1639238400000.0"
"1a63a3ca-e025-40c3-9dd2-799a28d8e841","MomentumMAStrategy","BTC-USDT","Bybit Perpetual","long","48730.51","48844.66","0.07428070466953121","1.4495904771698604","3619.7366217056374","7.029551960857234","0.19420064760250086","151200.0","1639238400000.0","1639389600000.0"
"fb83f4ac-d665-47a4-8113-1588108642f1","MomentumMAStrategy","BTC-USDT","Bybit Perpetual","short","48844.66","48063.52","0.07424383128203679","1.4389669131538505","3626.4146960684516","56.55585945449687","1.5595530074321464","144000.0","1639389600000.0","1639533600000.0"
"18c2796b-38c7-424f-bdd9-de809b33abd2","MomentumMAStrategy","BTC-USDT","Bybit Perpetual","long","48063.52","47762.21","0.07656831548230808","1.4674429451924949","3680.142762550224","-24.538242083166566","-0.6667741896556842","180000.0","1639533600000.0","1639713600000.0"
"60f3b39c-65bd-4efb-9c94-db0b53981621","MomentumMAStrategy","BTC-USDT","Bybit Perpetual","short","47762.21","46815.99","0.07656327947494924","1.448243431767529","3656.8314325712154","70.99746287301905","1.9415022043577996","158400.0","1639713600000.0","1639872000000.0"
"56efd15d-7cd7-40fd-a497-cc7b93e126e5","MomentumMAStrategy","BTC-USDT","Bybit Perpetual","long","46815.99","46605.53","0.07955143151518494","1.486363130064896","3724.279022300583","-18.22875740675065","-0.48945734993535134","93600.0","1639872000000.0","1639965600000.0"
"228ea1a7-36de-4e24-b4cf-d9f46bf9f13c","MomentumMAStrategy","BTC-USDT","Bybit Perpetual","short","46605.53","48584.19","0.07953909552716533","1.5142608464568241","3706.9617027641693","-158.89508760223805","-4.286396794543488","100800.0","1639965600000.0","1640066400000.0"
"23e1cd2f-44c7-40dd-8455-56e55402a092","MomentumMAStrategy","BTC-USDT","Bybit Perpetual","long","48584.19","48569.69","0.07319276846114021","1.4221922887882803","3556.011369542044","-2.4834874314748134","-0.06983913079542953","151200.0","1640066400000.0","1640217600000.0"
"f1f54bd3-3288-4f40-bab5-5689bce85349","MomentumMAStrategy","BTC-USDT","Bybit Perpetual","short","48569.69","51082.35","0.07316604360625202","1.4582291008183943","3553.652056482143","-185.2996202285033","-5.214343365172797","72000.0","1640217600000.0","1640289600000.0"
"7c5785b2-342c-4f27-80a5-ac4c628482b9","MomentumMAStrategy","BTC-USDT","Bybit Perpetual","short","51082.35","50808.71","0.06612102648498092","1.3474282953685561","3377.617417265065","16.745929391981583","0.49579118423486673","7200.0","1640289600000.0","1640296800000.0"
"ace8661f-458e-4186-99d4-ca5a296abb5a","MomentumMAStrategy","BTC-USDT","Bybit Perpetual","long","50808.71","50685.22","0.06679024226726968","1.3557608346714622","3393.5260501874477","-9.60368785225646","-0.28300026904835407","136800.0","1640296800000.0","1640433600000.0"
"6ef44155-2a88-4c03-99d5-f7f08da404bb","MomentumMAStrategy","BTC-USDT","Bybit Perpetual","short","50685.22","51007.02","0.06677296747903637","1.3580585268780723","3384.402546727804","-22.845599461631682","-0.6750260687435028","144000.0","1640433600000.0","1640577600000.0"
"422f73a1-e9d1-4272-8422-10652c51b66e","MomentumMAStrategy","BTC-USDT","Bybit Perpetual","long","51007.02","49176.79","0.06592620441733812","1.3209476674735527","3362.699227239254","-121.98106477821804","-3.6274747319094427","93600.0","1640577600000.0","1640671200000.0"
"6e7b1a5c-1b87-47d2-a110-7a3cd0d7d12d","MomentumMAStrategy","BTC-USDT","Bybit Perpetual","short","49176.79","47123.01","0.06602336622012023","1.2716073924648668","3246.8172156999462","134.3258616830936","4.1371550278088485","136800.0","1640671200000.0","1640808000000.0"
"4de077da-454f-47db-9d44-1a49049443f9","MomentumMAStrategy","BTC-USDT","Bybit Perpetual","short","47123.01","47633.69","0.07160889731574628","1.3570845600557953","3374.426784298885","-37.92631624126113","-1.1239335942249875","79200.0","1640808000000.0","1640887200000.0"
"eb0f601b-f256-4fec-a992-2146ee45aaec","MomentumMAStrategy","BTC-USDT","Bybit Perpetual","long","47633.69","46313.36","0.07008478209161809","1.3168517054800697","3338.3967838696876","-93.8518920445063","-2.8112863185699064","100800.0","1640887200000.0","1640988000000.0"
"36d9b10f-ab1e-467e-84cf-37e647b7a022","MomentumMAStrategy","BTC-USDT","Bybit Perpetual","short","46313.36","47381.21","0.07015767127298488","1.3146785684247342","3249.237486427407","-76.23254783728153","-2.3461673132763385","100800.0","1640988000000.0","1641088800000.0"
"32cc89ee-e23e-4b63-bbce-951eb66bc045","MomentumMAStrategy","BTC-USDT","Bybit Perpetual","long","47381.21","47117.42","0.06704802528221607","1.2671893066749564","3176.816565981989","-18.953787895870793","-0.5966283385333572","86400.0","1641088800000.0","1641175200000.0"
"f36e8928-da71-4e88-adb7-93fb150c473a","MomentumMAStrategy","BTC-USDT","Bybit Perpetual","short","47117.42","46850.75","0.06704124435253271","1.2599486092660668","3158.8104674809115","16.617940022223713","0.5260822133300131","201600.0","1641175200000.0","1641376800000.0"
"e8b49955-9c61-44bb-830e-06c64d4b1ccb","MomentumMAStrategy","BTC-USDT","Bybit Perpetual","long","46850.75","46007.99","0.06775980129457958","1.2584179541730058","3174.5975105020243","-58.36366809319303","-1.8384588250988554","28800.0","1641376800000.0","1641405600000.0"
"8b9ec64d-9edd-4f7f-9611-b125718f3cde","MomentumMAStrategy","BTC-USDT","Bybit Perpetual","short","46007.99","43604.0","0.06779587688602548","1.2150646883103493","3119.1520258134915","161.7655453869259","5.186202661755051","14400.0","1641405600000.0","1641420000000.0"
"ba73b983-d514-4e1c-ba60-1250fae4e67d","MomentumMAStrategy","BTC-USDT","Bybit Perpetual","short","43604.0","41918.02","0.07505800600704227","1.2838224581788777","3272.829293931071","125.26247450957449","3.8273451885148226","223200.0","1641420000000.0","1641643200000.0"
"8f21497b-c885-407e-bd61-4d9a992cef66","MomentumMAStrategy","BTC-USDT","Bybit Perpetual","long","41918.02","40837.51","0.08091576474068114","1.339245399294076","3391.828644715167","-88.76953835924702","-2.617158696904087","28800.0","1641643200000.0","1641672000000.0"
"79a72085-968c-41cb-a05f-786f52fabc6a","MomentumMAStrategy","BTC-USDT","Bybit Perpetual","short","40837.51","41835.6","0.0809916565254317","1.3391664258018463","3307.4975832738824","-82.17612888726968","-2.484540859616555","28800.0","1641672000000.0","1641700800000.0"
"0b5564fa-7569-4190-b108-501084c1d857","MomentumMAStrategy","BTC-USDT","Bybit Perpetual","long","41835.6","40973.56","0.07719335352740193","1.2784633526374383","3229.4302608309763","-67.82222182739908","-2.100129631223171","129600.0","1641700800000.0","1641830400000.0"
"756b3af2-1226-4ad7-95dc-712c0b987c59","MomentumMAStrategy","BTC-USDT","Bybit Perpetual","short","40973.56","42251.59","0.07724491477174421","1.2857439237231256","3164.9991500949473","-100.0070623494553","-3.1597816494344135","43200.0","1641830400000.0","1641873600000.0"
"b26b5c00-0a09-4249-8ec4-be5748252d47","MomentumMAStrategy","BTC-USDT","Bybit Perpetual","long","42251.59","43855.47","0.07265980856254084","1.2513044990966435","3069.9924408629645","115.2863092581917","3.755263619664975","194400.0","1641873600000.0","1642068000000.0"
"d5fe55df-e891-47c9-94a7-79f88befa432","MomentumMAStrategy","BTC-USDT","Bybit Perpetual","long","43855.47","42690.02","0.07249983718469434","1.2549067868139185","3179.5144346582474","-85.74984203371625","-2.6969477194065052","36000.0","1642068000000.0","1642104000000.0"
"41c22e0b-5006-4943-8efc-c82f038ec7de","MomentumMAStrategy","BTC-USDT","Bybit Perpetual","short","42690.02","42965.67","0.07257087452116952","1.2432216662028388","3098.052084726217","-21.247383227963322","-0.6858304072005623","122400.0","1642104000000.0","1642226400000.0"
"4dd00328-244e-47ae-a02b-02672b8537b3","MomentumMAStrategy","BTC-USDT","Bybit Perpetual","long","42965.67","43059.54","0.07163549574950541","1.232491713061062","3077.8670706596517","5.491932272945198","0.1784330559723673","129600.0","1642226400000.0","1642356000000.0"
"93216579-e167-424b-b7ba-c82377b6bad2","MomentumMAStrategy","BTC-USDT","Bybit Perpetual","short","43059.54","41710.21","0.07160049564670104","1.2139112231693872","3083.0844063189493","95.39878556779385","3.0942644765828935","100800.0","1642356000000.0","1642456800000.0"
"7a787a8f-ca1a-4eab-92ef-d266d4cd808c","MomentumMAStrategy","BTC-USDT","Bybit Perpetual","short","41710.21","41971.31","0.0760896013855685","1.2734587000276956","3173.713252608353","-21.14045362179952","-0.6661110169428506","151200.0","1642456800000.0","1642608000000.0"
"4c76a18c-73a0-4687-a2b5-8de2ef0a334a","MomentumMAStrategy","BTC-USDT","Bybit Perpetual","long","41971.31","39750.69","0.07513775056503225","1.2280814503351132","3153.6298216676432","-168.08047311005666","-5.329746438698233","122400.0","1642608000000.0","1642730400000.0"
"bb7bf53f-4f5e-488c-9607-31104b942352","MomentumMAStrategy","BTC-USDT","Bybit Perpetual","short","39750.69","36634.29","0.07531827427934182","1.150636974892408","2993.95337221309","233.57123298924853","7.80143188457861","72000.0","1642730400000.0","1642802400000.0"
"813dbd32-939c-4c20-81fd-6cb0accb65df","MomentumMAStrategy","BTC-USDT","Bybit Perpetual","short","36634.29","35944.34","0.08778240395959293","1.274225323498766","3215.8460435528755","59.29124428842275","1.8437214806128477","144000.0","1642802400000.0","1642946400000.0"
"f296fefb-d3a6-4375-8712-e7e2acd570b5","MomentumMAStrategy","BTC-USDT","Bybit Perpetual","long","35944.34","33319.31","0.09103443617623462","1.2610754650516105","3272.172725626877","-240.22920146075268","-7.34158070505676","86400.0","1642946400000.0","1643032800000.0"
"e9d3804a-db9e-4ebe-8867-241c52e914ab","MomentumMAStrategy","BTC-USDT","Bybit Perpetual","short","33319.31","36800.0","0.0913570834521832","1.2811791310559009","3043.954984239162","-319.26686593223565","-10.488554120718593","28800.0","1643032800000.0","1643061600000.0"
"fae4ac6e-86f6-4230-b10e-eac53d4c3e7a","MomentumMAStrategy","BTC-USDT","Bybit Perpetual","long","36800.0","35730.42","0.07447422450009615","1.0803293564332526","2740.6514616035383","-80.73647039724622","-2.9458860978260915","194400.0","1643061600000.0","1643256000000.0"
"364bba5d-7af4-434b-a95b-c4ea7e436d07","MomentumMAStrategy","BTC-USDT","Bybit Perpetual","short","35730.42","36473.29","0.07455696895603674","1.076657952996136","2663.951814726154","-56.46279348136734","-2.119512566602919","108000.0","1643256000000.0","1643364000000.0"
"f3e941f8-3d74-4f25-ac48-634b88498796","MomentumMAStrategy","BTC-USDT","Bybit Perpetual","long","36473.29","38336.71","0.07156777359319258","1.0707970285013473","2610.312160918855","132.29002364052545","5.067977141628842","129600.0","1643364000000.0","1643493600000.0"
"ee038686-8a7d-4135-9ce6-81018b7d2b42","MomentumMAStrategy","BTC-USDT","Bybit Perpetual","long","38336.71","37713.0","0.07136730521156757","1.0854925729642406","2735.9876833773546","-45.59799450647099","-1.666600868984321","86400.0","1643493600000.0","1643580000000.0"
"dd3b595b-20c8-4b88-931f-4ec7b039e7c5","MomentumMAStrategy","BTC-USDT","Bybit Perpetual","short","37713.0","38395.17","0.07139897617787519","1.0868090833543351","2692.669588596207","-49.79304866261533","-1.849207525256538","86400.0","1643580000000.0","1643666400000.0"
"c18ff8b2-d4e4-4fdb-991c-a01b95698736","MomentumMAStrategy","BTC-USDT","Bybit Perpetual","long","38395.17","37419.51","0.06889841072110693","1.0447021922658584","2645.366192366723","-68.26612559642079","-2.580592652669584","151200.0","1643666400000.0","1643817600000.0"
"88db9014-4ed7-4f34-9ffe-6fde4d824c05","MomentumMAStrategy","BTC-USDT","Bybit Perpetual","short","37419.51","37858.99","0.06896170936097569","1.0382668076260417","2580.5133730501234","-31.345558837587355","-1.2147024373114343","144000.0","1643817600000.0","1643961600000.0"
"0d61c043-b937-47e8-9238-8992482d110d","MomentumMAStrategy","BTC-USDT","Bybit Perpetual","long","37858.99","40497.48","0.06737462072164142","1.055847489467335","2550.7350921544153","176.71141553837668","6.927862328075856","36000.0","1643961600000.0","1643997600000.0"
"dfdbac58-859d-4a7e-99bc-f9a22019fb93","MomentumMAStrategy","BTC-USDT","Bybit Perpetual","long","40497.48","41619.99","0.06713037297421649","1.1025152777598068","2718.610936915873","74.2519996895276","2.7312477368962087","172800.0","1643997600000.0","1644170400000.0"
"446a3786-1704-41b2-b7e0-ac63853ce201","MomentumMAStrategy","BTC-USDT","Bybit Perpetual","short","41619.99","42782.53","0.0670146806047028","1.1312415840064078","2789.150336620924","-79.03848837419766","-2.833783727482878","43200.0","1644170400000.0","1644213600000.0"
"de22aae5-1a21-4cb4-9c06-bc6e28ed41ef","MomentumMAStrategy","BTC-USDT","Bybit Perpetual","long","42782.53","44867.12","0.06343859918208289","1.1120742029599704","2714.0637726654368","131.13139526601844","4.831551733850251","86400.0","1644213600000.0","1644300000000.0"
"5efe6c86-8acf-4698-a887-d5099db4607a","MomentumMAStrategy","BTC-USDT","Bybit Perpetual","long","44867.12","44021.57","0.06326768016686057","1.1247562418742438","2838.6385981681537","-54.62074320696339","-1.9241879978032974","64800.0","1644300000000.0","1644364800000.0"
"713bc392-aa33-4e83-8ea9-a2d1ea0d482e","MomentumMAStrategy","BTC-USDT","Bybit Perpetual","short","44021.57","44358.08","0.06330416866371505","1.118960054008021","2786.7488921215386","-22.4214458510349","-0.8045735988062263","86400.0","1644364800000.0","1644451200000.0"
"13f32573-5fe8-4f6c-ba07-c0f2b9faad05","MomentumMAStrategy","BTC-USDT","Bybit Perpetual","long","44358.08","43162.02","0.062343738019388015","1.091266037166128","2765.448518563055","-75.65811733263565","-2.7358353201942123","93600.0","1644451200000.0","1644544800000.0"
"f0c1f036-d5dc-4134-98c0-bacf07707474","MomentumMAStrategy","BTC-USDT","Bybit Perpetual","short","43162.02","42462.0","0.06240609932290128","1.068692219309217","2693.5733070970514","42.616825428707934","1.5821669050707006","208800.0","1644544800000.0","1644753600000.0"
"a3f4dbb1-d2f2-499b-808e-400fc33861d1","MomentumMAStrategy","BTC-USDT","Bybit Perpetual","long","42462.0","41663.77","0.06438837763775433","1.0833443695653728","2734.0592912543243","-52.48007905135022","-1.9194930855824108","50400.0","1644753600000.0","1644804000000.0"
"8cb36c26-b49f-4fcf-a639-64883f7d9b28","MomentumMAStrategy","BTC-USDT","Bybit Perpetual","short","41663.77","42553.66","0.0644253560384848","1.0851475824792343","2684.2032161555417","-58.41662766756691","-2.176311663586869","57600.0","1644804000000.0","1644861600000.0"
"abaf6f8f-ebf0-42ba-88ce-44e60f042296","MomentumMAStrategy","BTC-USDT","Bybit Perpetual","long","42553.66","42215.33","0.06177394423585075","1.0473029722378782","2628.707419871353","-21.94728152555337","-0.8349077329658641","14400.0","1644861600000.0","1644876000000.0"
"00e72c4e-372f-4f50-b97f-bd7d48ac4753","MomentumMAStrategy","BTC-USDT","Bybit Perpetual","short","42215.33","42525.14","0.06177513008715263","1.046970711579291","2607.8575024220772","-20.185523763879903","-0.7740270986866564","7200.0","1644876000000.0","1644883200000.0"
"7a001370-eeb6-477e-9d1c-5820d7b846ac","MomentumMAStrategy","BTC-USDT","Bybit Perpetual","long","42525.14","44214.4","0.06087413832961847","1.056038951321495","2588.6812548463918","101.77620796336993","3.9315851564509887","43200.0","1644883200000.0","1644926400000.0"
"b0d98ba4-ca88-4f36-ab8f-63be232aa584","MomentumMAStrategy","BTC-USDT","Bybit Perpetual","long","44214.4","43560.2","0.06073515986673104","1.066200872647674","2685.368652411593","-40.79914245746339","-1.5193125316639025","108000.0","1644926400000.0","1645034400000.0"
"14f1a867-c383-426f-92f9-36a76465c087","MomentumMAStrategy","BTC-USDT","Bybit Perpetual","short","43560.2","41730.0","0.06075751413163859","1.0364041063580562","2646.609467077003","110.1619982573667","4.162382082726887","86400.0","1645034400000.0","1645120800000.0"
"49b4accd-7a6c-431a-a538-785d3d27fcb0","MomentumMAStrategy","BTC-USDT","Bybit Perpetual","short","41730.0","39805.1","0.06593010700746468","1.0751235735728666","2751.263365421501","125.833739405096","4.573671171818839","79200.0","1645120800000.0","1645200000000.0"
"887dad97-f86f-4cc3-8569-961948d1825e","MomentumMAStrategy","BTC-USDT","Bybit Perpetual","short","39805.1","39959.0","0.07212154768751597","1.1505420683803584","2870.8054178563416","-12.250048257489171","-0.4267112003235803","100800.0","1645200000000.0","1645300800000.0"
"21ec7f7f-6032-45bf-9717-502ba3991fbd","MomentumMAStrategy","BTC-USDT","Bybit Perpetual","long","39959.0","38770.4","0.07155253815189888","1.1266576794352217","2859.1678720117275","-86.17400452678213","-3.0139540028529206","43200.0","1645300800000.0","1645344000000.0"
"5cb3ddbd-a8bc-4d25-9f74-262f31a6440b","MomentumMAStrategy","BTC-USDT","Bybit Perpetual","short","38770.4","38043.3","0.07163461217091607","1.1005039217826194","2777.3025677112846","50.98502258769035","1.8357748694880591","237600.0","1645344000000.0","1645581600000.0"
"f88f3e35-dc53-4d3d-8822-ca655207df8b","MomentumMAStrategy","BTC-USDT","Bybit Perpetual","long","38043.3","34907.8","0.07427689866992584","1.0837162925119257","2825.7383391695903","-233.9789320720644","-8.280275948721586","93600.0","1645581600000.0","1645675200000.0"
"b967685f-04f8-4f1e-adb1-b297dd3d58ad","MomentumMAStrategy","BTC-USDT","Bybit Perpetual","short","34907.8","38384.1","0.07458099203333149","1.0932365220015456","2603.458353701129","-260.35913912747145","-10.000511003271463","64800.0","1645675200000.0","1645740000000.0"
"98517664-446a-4ee7-812b-79d6c8ed0630","MomentumMAStrategy","BTC-USDT","Bybit Perpetual","short","38384.1","38899.4","0.06138263425559102","0.9487729628983936","2356.117171530031","-32.579244394804626","-1.3827514517730075","21600.0","1645740000000.0","1645761600000.0"
"f1623270-941b-413c-83bb-80f6b80d9546","MomentumMAStrategy","BTC-USDT","Bybit Perpetual","long","38899.4","39099.3","0.059773849708606476","0.9324565142533368","2325.1668893549668","11.016336042497185","0.47378689645599026","158400.0","1645761600000.0","1645920000000.0"
"da23af2d-5759-4be6-9697-7dfcdfdd6888","MomentumMAStrategy","BTC-USDT","Bybit Perpetual","short","39099.3","40792.8","0.059735913650508794","0.954485517391563","2335.632408595339","-102.1172552845282","-4.372145844043243","144000.0","1645920000000.0","1646064000000.0"
"aee2c7c0-6853-4b01-a32c-2e7dc09ea6ef","MomentumMAStrategy","BTC-USDT","Bybit Perpetual","long","40792.8","43471.7","0.05487784648455211","0.9248508590195083","2238.6210160750375","146.08741208844683","6.525776852777927","57600.0","1646064000000.0","1646121600000.0"
"685de109-f83e-471a-8a14-7bcd3a446c0e","MomentumMAStrategy","BTC-USDT","Bybit Perpetual","long","43471.7","43690.3","0.054688545825423485","0.9533526062471125","2377.404057559062","11.00156351119078","0.46275530977625867","129600.0","1646121600000.0","1646251200000.0"
"a5dbfb0f-7335-4b5f-bd2a-117f447a9d2a","MomentumMAStrategy","BTC-USDT","Bybit Perpetual","short","43690.3","41441.1","0.054654134736879655","0.9305566011878394","2387.8555428946934","121.99752324900211","5.109083068781867","115200.0","1646251200000.0","1646366400000.0"
"2ad2cfc8-6b19-4316-9827-4c6125f0125a","MomentumMAStrategy","BTC-USDT","Bybit Perpetual","short","41441.1","39127.7","0.06041715084737725","0.9735474686384336","2503.753189981245","138.79548930168417","5.543497252727368","72000.0","1646366400000.0","1646438400000.0"
"b282b7b1-a787-4933-b898-b967b5bb8304","MomentumMAStrategy","BTC-USDT","Bybit Perpetual","short","39127.7","38665.6","0.06735915744645982","1.0480182285959363","2635.6089048178455","30.078648427413047","1.1412409622850272","122400.0","1646438400000.0","1646560800000.0"
"74124be1-5bc9-49ce-9254-31326cc2da43","MomentumMAStrategy","BTC-USDT","Bybit Perpetual","long","38665.6","37848.8","0.06890320131651617","1.0544174213624888","2664.1836208238874","-57.3345522566926","-2.1520495737813348","64800.0","1646560800000.0","1646625600000.0"
"58d7f8d9-d5c1-4a1c-ad8c-c56218a5c89d","MomentumMAStrategy","BTC-USDT","Bybit Perpetual","short","37848.8","38530.4","0.06895108421350293","1.053285730271997","2609.71579618003","-48.05034473019549","-1.8412098666272074","100800.0","1646625600000.0","1646726400000.0"
"e33d2d95-292b-4a0b-a19f-bc34b387aeb5","MomentumMAStrategy","BTC-USDT","Bybit Perpetual","long","38530.4","41198.5","0.06654662211361274","1.061137795966804","2564.0679686863446","176.49190466536325","6.883277152586005","72000.0","1646726400000.0","1646798400000.0"
"24fb0738-3e31-421c-bd0a-563da077a3d3","MomentumMAStrategy","BTC-USDT","Bybit Perpetual","long","41198.5","39055.4","0.06630666840099615","1.0642737470373411","2731.73527811844","-143.16609479721208","-5.240848040583998","115200.0","1646798400000.0","1646913600000.0"
"d2bc1d6b-444f-4443-8133-5e0be1851cbc","MomentumMAStrategy","BTC-USDT","Bybit Perpetual","short","39055.4","39073.5","0.06646270395543478","1.0385315902127537","2595.7274880610876","-2.2415065318060265","-0.08635369244713546","144000.0","1646913600000.0","1647057600000.0"
"6889478f-07f7-4bbb-aee4-c2d65bea58c8","MomentumMAStrategy","BTC-USDT","Bybit Perpetual","long","39073.5","38913.7","0.06637741837449608","1.0353178004511001","2593.5980568558725","-11.642429256695767","-0.44889103868351415","129600.0","1647057600000.0","1647187200000.0"
"bb5a4190-b8f1-4fca-a48d-8a0ffc05c225","MomentumMAStrategy","BTC-USDT","Bybit Perpetual","short","38913.7","38885.1","0.06636577218465507","1.0326354874079084","2582.5377490620117","0.8654255970731302","0.03351066590943177","72000.0","1647187200000.0","1647259200000.0"
"a6a9f2cb-eac3-495f-8ad2-3a628ddaeab9","MomentumMAStrategy","BTC-USDT","Bybit Perpetual","long","38885.1","41205.6","0.06643572739633512","1.0641767824363315","2583.3599033792307","153.09992864075932","5.926387896649359","223200.0","1647259200000.0","1647482400000.0"
"9d9cb75f-84f3-490c-b530-c9acc01571d5","MomentumMAStrategy","BTC-USDT","Bybit Perpetual","long","41205.6","40560.7","0.06622412573989826","1.0829803464972487","2728.804835587952","-43.79091903615774","-1.6047655173083306","108000.0","1647482400000.0","1647590400000.0"
"7c3933e4-7575-411d-9ef5-98c1412fdba5","MomentumMAStrategy","BTC-USDT","Bybit Perpetual","short","40560.7","42020.3","0.06625140745853997","1.0942214958667378","2687.2034625036017","-97.79477582235205","-3.63927693555586","43200.0","1647590400000.0","1647633600000.0"
"b88a1b15-8f84-430c-a9ac-2867133d43ed","MomentumMAStrategy","BTC-USDT","Bybit Perpetual","long","42020.3","41334.2","0.06173916953168749","1.029247521345809","2594.298425472368","-43.38849173703696","-1.672455694033612","158400.0","1647633600000.0","1647792000000.0"
"ba10c254-4090-45d8-ad6e-ec345b81bbc9","MomentumMAStrategy","BTC-USDT","Bybit Perpetual","short","41334.2","42230.0","0.061766753882310114","1.0322978749544278","2553.0793583221825","-56.36295600272801","-2.207646065485731","129600.0","1647792000000.0","1647921600000.0"
"05cd675c-592d-4c9c-8667-ed1de8207832","MomentumMAStrategy","BTC-USDT","Bybit Perpetual","long","42230.0","42588.7","0.059188599339796144","1.0040600101644734","2499.534550119591","20.22689057302023","0.8092262846317715","129600.0","1647921600000.0","1648051200000.0"
"1defbf96-8490-4503-a6d8-ace4eb777a84","MomentumMAStrategy","BTC-USDT","Bybit Perpetual","short","42588.7","42986.6","0.05914127682140943","1.0122065012750316","2518.75009616396","-24.54452054851393","-0.9744722426371348","50400.0","1648051200000.0","1648101600000.0"
"02667337-670a-4922-b6d4-188121e4d901","MomentumMAStrategy","BTC-USDT","Bybit Perpetual","long","42986.6","44554.49999999999","0.058051411408273086","1.016376882246555","2495.4328016428717","90.00243106478447","3.6066862231485954","108000.0","1648101600000.0","1648209600000.0"
"64905b0c-a005-4ead-a42c-52eddecf045f","MomentumMAStrategy","BTC-USDT","Bybit Perpetual","long","44554.5","44193.59999999999","0.05792759678942457","1.0281928305255061","2580.935111154417","-21.93426251182934","-0.8498571861428335","100800.0","1648209600000.0","1648310400000.0"
"660809e2-924b-429e-9519-24ddfbded8a7","MomentumMAStrategy","BTC-USDT","Bybit Perpetual","short","44193.6","44599.6","0.05792914724684523","1.0287428714637157","2560.0975617681793","-24.54797665368288","-0.9588687954816988","79200.0","1648310400000.0","1648389600000.0"
"bd3d375e-a63d-42a2-83e4-aae96676e305","MomentumMAStrategy","BTC-USDT","Bybit Perpetual","long","44599.6","46558.3","0.05687891783664383","1.0369925408521992","2536.7769839471803","110.37174382578233","4.350865075023105","28800.0","1648389600000.0","1648418400000.0"
"a0213c96-e1c0-42b1-8734-75434ace3d29","MomentumMAStrategy","BTC-USDT","Bybit Perpetual","long","46558.3","47418.5","0.05673811416185027","1.066413281393074","2641.6301405816735","47.73971252063036","1.8072065346028465","180000.0","1648418400000.0","1648598400000.0"
"1ca85958-caab-4029-a78e-fcfbf9094ea1","MomentumMAStrategy","BTC-USDT","Bybit Perpetual","short","47418.5","45824.4","0.056665286069282506","1.0567271204859003","2686.9828674762725","89.27340540255726","3.3224404399126892","151200.0","1648598400000.0","1648749600000.0"
"72276b35-5236-4499-be98-4f3f492710ac","MomentumMAStrategy","BTC-USDT","Bybit Perpetual","short","45824.4","46736.0","0.06048726448374014","1.119745079104156","2771.7926026087016","-56.25993538248158","-2.029731060308479","115200.0","1648749600000.0","1648864800000.0"
"d71c45ea-d07a-4cc6-a458-0c2b06fcff48","MomentumMAStrategy","BTC-USDT","Bybit Perpetual","long","46736.0","46363.69999999999","0.05816384936655564","1.0830073853743039","2718.3456639953442","-22.737408504543563","-0.8364428705922848","108000.0","1648864800000.0","1648972800000.0"
"aa18fbeb-791c-46c7-90f6-0ec077367abc","MomentumMAStrategy","BTC-USDT","Bybit Perpetual","short","46363.7","46705.4","0.05816501111680104","1.0826730472261334","2696.745125916028","-20.9576573458373","-0.777146388230457","172800.0","1648972800000.0","1649145600000.0"
"dbce1e57-1a50-4242-955d-1aa13c76505a","MomentumMAStrategy","BTC-USDT","Bybit Perpetual","long","46705.4","45477.4","0.057313187585107554","1.0566580217040906","2676.8353514374826","-71.43725237621616","-2.668720447742659","57600.0","1649145600000.0","1649203200000.0"
"6ab71819-18c5-4239-aa40-032e5a70a8e9","MomentumMAStrategy","BTC-USDT","Bybit Perpetual","short","45477.4","43159.7","0.057368494278038695","1.0169953928343887","2608.969961680077","131.94596379537614","5.057396816880481","86400.0","1649203200000.0","1649289600000.0"
"112e70e7-69cc-4545-bbf9-dbed45bd9ea2","MomentumMAStrategy","BTC-USDT","Bybit Perpetual","short","43159.7","43742.5","0.06335351328405166","1.101111936422663","2734.318627285684","-38.02353947836815","-1.3906038271813819","115200.0","1649289600000.0","1649404800000.0"
"08edcc1c-6830-433f-9e18-564ee6380de8","MomentumMAStrategy","BTC-USDT","Bybit Perpetual","long","43742.5","42553.6","0.06168363181759695","1.0646113719389056","2698.1962647812347","-74.40028123988002","-2.757408058524322","50400.0","1649404800000.0","1649455200000.0"
"f9303b14-d2b2-481f-a11a-a093aec831a6","MomentumMAStrategy","BTC-USDT","Bybit Perpetual","short","42553.6","42666.1","0.061746033181760154","1.0523956847879292","2627.5159976033488","-7.998824417735946","-0.30442533651676945","136800.0","1649455200000.0","1649592000000.0"
"6dc734a9-bfe3-4a82-bd22-28ef6113b809","MomentumMAStrategy","BTC-USDT","Bybit Perpetual","long","42666.1","42282.6","0.06140512290569093","1.0432570728357335","2619.9171144065","-24.592121707168204","-0.938660294707039","72000.0","1649592000000.0","1649664000000.0"
"a81db81c-b24b-4d77-8e2e-2590121ce073","MomentumMAStrategy","BTC-USDT","Bybit Perpetual","short","42282.6","40575.7","0.06140953013260041","1.0176578541172088","2596.55459878469","103.80226912921852","3.997692526003608","28800.0","1649664000000.0","1649692800000.0"
"a25f275a-8dc7-470f-9d1d-71606216b43f","MomentumMAStrategy","BTC-USDT","Bybit Perpetual","short","40575.7","40112.0","0.06642317333915244","1.0719066166875062","2695.1667544574475","29.728518860677287","1.1030307795059533","144000.0","1649692800000.0","1649836800000.0"
"bc1d3036-fbfe-499f-b3f5-dfe946aee94e","MomentumMAStrategy","BTC-USDT","Bybit Perpetual","long","40112.0","39942.2","0.06789511486276154","1.0870578208492971","2723.4088473750908","-12.615648324546404","-0.46323005584364507","136800.0","1649836800000.0","1649973600000.0"
"3ed3b237-f548-4651-8129-917deb81e3ce","MomentumMAStrategy","BTC-USDT","Bybit Perpetual","short","39942.2","40554.6","0.06788369147084465","1.0928839871180576","2711.4239814667712","-42.66485664386342","-1.573522139491569","100800.0","1649973600000.0","1650074400000.0"
"6c4748d6-6953-49d1-939b-2529dd066af9","MomentumMAStrategy","BTC-USDT","Bybit Perpetual","long","40554.6","39649.1","0.06585917177472103","1.0564298510536387","2670.892367655101","-60.69190989306353","-2.2723457758182795","165600.0","1650074400000.0","1650240000000.0"
"cc797954-70a4-4179-9566-e0c65eeb80ac","MomentumMAStrategy","BTC-USDT","Bybit Perpetual","short","39649.1","40785.6","0.06590906359177613","1.0602751514570872","2613.235053256691","-75.96592592351067","-2.906968733212103","86400.0","1650240000000.0","1650326400000.0"
"fd916e8d-422f-4de6-92ef-f2c59fabe48a","MomentumMAStrategy","BTC-USDT","Bybit Perpetual","long","40785.6","42070.8","0.06230305361768261","1.0324413463536315","2541.0674236293557","79.03944316309233","3.1104819348005286","129600.0","1650326400000.0","1650456000000.0"
"04bb05f0-8968-4912-aef4-b2b554180601","MomentumMAStrategy","BTC-USDT","Bybit Perpetual","long","42070.8","41649.3","0.062184576823694666","1.04121979802748","2616.1548946342937","-27.25201892921478","-1.0416821643515217","50400.0","1650456000000.0","1650506400000.0"
"6ff6fc06-e85e-479d-865c-70b34d3ac804","MomentumMAStrategy","BTC-USDT","Bybit Perpetual","short","41649.3","42418.0","0.062192293187437485","1.0456676338152526","2590.26547665154","-48.85288340699826","-1.8860183964676405","36000.0","1650506400000.0","1650542400000.0"
"6812951d-b190-46d6-9b1e-f3948f283a48","MomentumMAStrategy","BTC-USDT","Bybit Perpetual","long","42418.0","40706.6","0.05997112634765646","0.997015177839681","2543.8552374148917","-103.63160080921904","-4.0738010278655326","36000.0","1650542400000.0","1650578400000.0"
"61ab8fec-1cbc-4dd9-9ef5-b9a3a7dc277c","MomentumMAStrategy","BTC-USDT","Bybit Perpetual","short","40706.6","39415.1","0.06007392453916892","0.962644991949986","2445.4052166461333","76.62282855038667","3.1333387214849684","180000.0","1650578400000.0","1650758400000.0"
"117178a7-aebd-4f77-8849-a9d7cca83ca3","MomentumMAStrategy","BTC-USDT","Bybit Perpetual","short","39415.1","39750.1","0.06388914156678535","1.011559333992575","2518.196903769001","-22.414421758865668","-0.8900980588657648","14400.0","1650758400000.0","1650772800000.0"
"20ff865f-9043-405b-a8e9-f9899b596a58","MomentumMAStrategy","BTC-USDT","Bybit Perpetual","long","39750.1","39226.2","0.06281501689550664","0.9921795237689202","2496.9032030980784","-33.90096687532494","-1.3577205088792268","86400.0","1650772800000.0","1650859200000.0"
"ce7db9ef-03aa-490d-a450-0804e7efff02","MomentumMAStrategy","BTC-USDT","Bybit Perpetual","short","39226.2","40214.2","0.06283293524650668","0.998294701831318","2464.6972845665205","-63.077234725379924","-2.559228474845894","64800.0","1650859200000.0","1650924000000.0"
"45b25eaf-bfa0-4bf9-a76e-fb117cdcb5cc","MomentumMAStrategy","BTC-USDT","Bybit Perpetual","long","40214.2","38546.9","0.05979912348318278","0.9419689489142615","2404.773911577409","-100.64504753242466","-4.185218703840921","64800.0","1650924000000.0","1650988800000.0"
"93622340-146c-48ec-b4c7-330c1ee0ec53","MomentumMAStrategy","BTC-USDT","Bybit Perpetual","long","38546.9","38305.2","0.059905235347631196","0.9207686274919376","2309.161116421605","-15.39986401101466","-0.6669029675538224","21600.0","1650988800000.0","1651010400000.0"
"5bd63fb3-2d32-435c-873d-9c0af67e7b19","MomentumMAStrategy","BTC-USDT","Bybit Perpetual","short","38305.2","39332.9","0.059901299186824276","0.9301246112793164","2294.531245611141","-62.49068978557889","-2.7234621409103843","108000.0","1651010400000.0","1651118400000.0"
"50102ee0-69bc-4212-9cc3-f22e96d729f7","MomentumMAStrategy","BTC-USDT","Bybit Perpetual","long","39332.9","39250.2","0.05682685716829527","0.8931261199083729","2235.165090314841","-5.592707207726639","-0.2502145023631727","122400.0","1651118400000.0","1651240800000.0"
"ccd7e543-d3cc-46e8-a8f9-08ead268d55b","MomentumMAStrategy","BTC-USDT","Bybit Perpetual","short","39250.2","37614.5","0.05681122691011768","0.8733555826156245","2229.852018467501","92.0527682742637","4.128200773499236","122400.0","1651240800000.0","1651363200000.0"
"50e17b87-4590-4625-86ed-81c43b5bde96","MomentumMAStrategy","BTC-USDT","Bybit Perpetual","short","37614.5","38327.1","0.06160661841385772","0.9357010345875636","2317.3021483280513","-44.83657731630249","-1.934861077509999","79200.0","1651363200000.0","1651442400000.0"
"a4575c73-81bb-4a18-8573-2129f3bd397c","MomentumMAStrategy","BTC-USDT","Bybit Perpetual","long","38327.1","38360.6","0.059349843840978425","0.9102806039047602","2274.707399877564","1.077939164768017","0.0473880361415291","144000.0","1651442400000.0","1651586400000.0"
"36b28550-7c64-41ff-8e23-02677b581538","MomentumMAStrategy","BTC-USDT","Bybit Perpetual","short","38360.6","38711.8","0.05932470926117146","0.9144595444121424","2275.731442084094","-21.74929743693582","-0.9557058023075875","86400.0","1651586400000.0","1651672800000.0"
"1f0a0d9d-914a-42d3-98a7-b665c8cfdc38","MomentumMAStrategy","BTC-USDT","Bybit Perpetual","long","38711.8","36795.3","0.05825277071897986","0.8796995567910169","2255.0696095190046","-112.52113463971591","-4.989696733295791","100800.0","1651672800000.0","1651773600000.0"
"76eb1736-8add-4205-86a9-9f8c9b76bdcc","MomentumMAStrategy","BTC-USDT","Bybit Perpetual","long","36795.3","36284.0","0.05838176429085439","0.8532996934281272","2148.1745316112747","-30.703895775342147","-1.429301731471147","7200.0","1651773600000.0","1651780800000.0"
"a5fb9db2-df89-47d4-8539-387d4c8ee5b7","MomentumMAStrategy","BTC-USDT","Bybit Perpetual","short","36284.0","35875.0","0.05840055756324274","0.8428251666412065","2119.0058306246997","23.043002876725076","1.08744405247492","165600.0","1651780800000.0","1651946400000.0"
"0dac633c-591e-4fb1-9984-b782d2ed101a","MomentumMAStrategy","BTC-USDT","Bybit Perpetual","long","35875.0","34475.7","0.05967656260230213","0.8396575905331553","2140.8966833575887","-84.34507163993469","-3.939707707317081","36000.0","1651946400000.0","1651982400000.0"
"588414db-abad-47f2-b119-b3dc101cb9de","MomentumMAStrategy","BTC-USDT","Bybit Perpetual","short","34475.7","32339.9","0.059774532940582804","0.7987742566289608","2060.7688652996503","126.86767319786753","6.1563271521680365","129600.0","1651982400000.0","1652112000000.0"
"d97a2d59-d17d-4d39-b821-d3f25ab2dc2d","MomentumMAStrategy","BTC-USDT","Bybit Perpetual","short","32339.900000000005","31419.7","0.06744897649150505","0.8601039523015532","2181.2931548376246","61.20644421518169","2.805970581232484","136800.0","1652112000000.0","1652248800000.0"
"3b055e4d-43c2-49a1-853f-aceaffe907e6","MomentumMAStrategy","BTC-USDT","Bybit Perpetual","long","31419.7","29360.5","0.07127500507140574","0.866421812648211","2239.439276842047","-147.63591225568697","-6.592539203111427","50400.0","1652248800000.0","1652299200000.0"
"72769574-a729-422d-8bd0-6a1dd8d7c095","MomentumMAStrategy","BTC-USDT","Bybit Perpetual","short","29360.5","30519.9","0.07149691456886445","0.8562527686298862","2099.185160199145","-83.74977551977143","-3.9896326016246366","122400.0","1652299200000.0","1652421600000.0"
"14890685-46f6-44d2-8528-303666ff48ab","MomentumMAStrategy","BTC-USDT","Bybit Perpetual","long","30519.9","28827.2","0.06617396759017434","0.7854466143941672","2019.622873455362","-112.79812155428232","-5.58510814255617","115200.0","1652421600000.0","1652536800000.0"
"5b5ced5a-fa5f-40ca-8496-e0431ab004a6","MomentumMAStrategy","BTC-USDT","Bybit Perpetual","short","28827.2","30224.8","0.06634236616732785","0.7835298813826088","1912.4646579787934","-93.5036208368399","-4.889168563023805","79200.0","1652536800000.0","1652616000000.0"
"57b84433-74f4-4523-a3a9-56fcefa72412","MomentumMAStrategy","BTC-USDT","Bybit Perpetual","long","30224.8","29663.1","0.06033575799289972","0.7226763682205958","1823.6362181837953","-34.613271632832415","-1.8980359836955112","100800.0","1652616000000.0","1652716800000.0"
"bce95874-1ee4-4b05-afe0-5a95e31078a3","MomentumMAStrategy","BTC-USDT","Bybit Perpetual","short","29663.1","30130.7","0.06036973917535944","0.7219472220607215","1790.7536101326045","-28.950837260458925","-1.6166845676952246","86400.0","1652716800000.0","1652803200000.0"
"56d7e030-848c-4f66-997f-43fffbbba51a","MomentumMAStrategy","BTC-USDT","Bybit Perpetual","long","30130.7","29338.1","0.058520058104696154","0.696023526283311","1763.2503147351686","-47.079021580065614","-2.6700135078176155","79200.0","1652803200000.0","1652882400000.0"
"1ceea2fc-a287-411d-ae02-1a2ec73c2773","MomentumMAStrategy","BTC-USDT","Bybit Perpetual","short","29338.1","29959.2","0.05857656917912565","0.6946864791170735","1718.5252442341061","-37.07659359627214","-2.1574657527242804","108000.0","1652882400000.0","1652990400000.0"
"cef44ddd-6083-4ae9-bba7-c88985e46f96","MomentumMAStrategy","BTC-USDT","Bybit Perpetual","long","29959.2","29188.9","0.056186496312239556","0.6646649005051953","1683.3024803176475","-43.945123009823284","-2.610649216267454","100800.0","1652990400000.0","1653091200000.0"
"43696b97-9077-47fb-b188-fdab01a0a3ac","MomentumMAStrategy","BTC-USDT","Bybit Perpetual","short","29188.9","29355.8","0.05623900227340925","0.6584991032792125","1641.5546134583153","-10.044788582711092","-0.611907060560685","108000.0","1653091200000.0","1653199200000.0"
"9cd56c0d-f905-45e3-9365-10fa2c36355f","MomentumMAStrategy","BTC-USDT","Bybit Perpetual","long","29355.8","30446.7","0.055594194820265154","0.6649343671477814","1632.0120643047399","59.98277276227956","3.675387827959045","93600.0","1653199200000.0","1653292800000.0"
"706bdcf4-f6ec-4520-8062-e9ebd7e42338","MomentumMAStrategy","BTC-USDT","Bybit Perpetual","long","30446.7","29062.8","0.05547385097330435","0.6602442268991711","1688.9956984289056","-77.43050658885514","-4.584411118446338","43200.0","1653292800000.0","1653336000000.0"
"c471d6c5-2bc2-41ba-9700-24537f7dc8d0","MomentumMAStrategy","BTC-USDT","Bybit Perpetual","long","29062.8","29097.700000000004","0.055584345526566374","0.6465626655995728","1615.4367171694932","1.293330993277877","0.08006076496416413","14400.0","1653336000000.0","1653350400000.0"
"adc978c9-8935-41bc-a0e2-0a32e08a6eb0","MomentumMAStrategy","BTC-USDT","Bybit Perpetual","short","29097.7","29866.4","0.05555990272815745","0.6552079320906699","1616.6653816131072","-43.36410515922534","-2.6823179151616814","108000.0","1653350400000.0","1653458400000.0"
"14fa9607-537e-425f-a1ae-b80102383897","MomentumMAStrategy","BTC-USDT","Bybit Perpetual","long","29866.4","28992.8","0.0527505652409344","0.6209712139258412","1575.4694817118432","-46.70386500840625","-2.9644411110813564","108000.0","1653458400000.0","1653566400000.0"
"842ceebb-700d-4f67-856e-5430d13acb6d","MomentumMAStrategy","BTC-USDT","Bybit Perpetual","short","28992.8","28881.8","0.05280969102514614","0.6112679488407846","1531.100809953857","5.250607754950437","0.34293024475042083","194400.0","1653566400000.0","1653760800000.0"
"ee1bee65-cb08-4dc0-a91e-9a0c4e3e03be","MomentumMAStrategy","BTC-USDT","Bybit Perpetual","long","28881.8","29761.5","0.05318535850677796","0.6237929869041065","1536.0888873210597","46.1633668915085","3.005253619926738","115200.0","1653760800000.0","1653876000000.0"
"17a601e2-cd93-4c3f-8a28-af08d4546ccd","MomentumMAStrategy","BTC-USDT","Bybit Perpetual","long","29761.5","31789.2","0.05308684326623298","0.6535064727653853","1579.944085867993","106.99068561817526","6.771802026107557","72000.0","1653876000000.0","1653948000000.0"
"1acad906-545e-41a3-8b53-5b5b87fef1e6","MomentumMAStrategy","BTC-USDT","Bybit Perpetual","long","31789.2","31596.0","0.05289800426576509","0.6705901159972747","1681.5852372052595","-10.89048454014313","-0.6476320259710869","136800.0","1653948000000.0","1654084800000.0"
"b4d7f70e-eb3e-4344-80bf-add4e1217d52","MomentumMAStrategy","BTC-USDT","Bybit Perpetual","short","31596.0","30163.2","0.05289401433384363","0.6533384020093431","1671.2392768921234","75.13320533552178","4.495658184580325","21600.0","1654084800000.0","1654106400000.0"
"dff296a9-e59d-4525-a9d4-d8baa1e0655d","MomentumMAStrategy","BTC-USDT","Bybit Perpetual","short","30163.2","30524.9","0.05777290943801948","0.701225621053094","1742.6158219608692","-21.59768696478478","-1.2393831556333568","129600.0","1654106400000.0","1654236000000.0"
"2e2b0f21-0ab4-43b8-8bfa-0f1e3afd1bdf","MomentumMAStrategy","BTC-USDT","Bybit Perpetual","long","30524.9","29560.5","0.056416172349273","0.6779576564150016","1722.0980193443236","-55.08571427005397","-3.198756031960798","50400.0","1654236000000.0","1654286400000.0"
"7afa72e2-30ef-49a5-ba6b-f1c97fdcac04","MomentumMAStrategy","BTC-USDT","Bybit Perpetual","short","29560.5","29756.2","0.05648641229978425","0.6701175144925225","1669.7665907877724","-11.724508401560342","-0.7021645100725655","115200.0","1654286400000.0","1654401600000.0"
"4bdd4b78-7218-42fa-a735-19a40c9360c2","MomentumMAStrategy","BTC-USDT","Bybit Perpetual","long","29756.2","30833.8","0.055740595499636725","0.6754645362645979","1658.6283078062904","59.39060117414385","3.580705869701099","79200.0","1654401600000.0","1654480800000.0"
"8b94a1e7-104d-48ab-8bc0-27106bbc0059","MomentumMAStrategy","BTC-USDT","Bybit Perpetual","long","30833.8","29460.1","0.055622381247907395","0.6707380585446407","1715.0493789217269","-77.07920317879507","-4.494284778392546","100800.0","1654480800000.0","1654581600000.0"
"71404308-a7c5-47fe-a036-b23311844978","MomentumMAStrategy","BTC-USDT","Bybit Perpetual","long","29460.1","29569.0","0.05573043322669888","0.6579434631964262","1641.8241359018716","5.4111007151911625","0.32957858255743006","7200.0","1654581600000.0","1654588800000.0"
"4fd25ca2-e473-44d8-b45d-a6213215d0f5","MomentumMAStrategy","BTC-USDT","Bybit Perpetual","short","29569.0","31050.5","0.05569903214790163","0.6752894958579446","1646.9646815813032","-83.19340562297421","-5.051316919747033","43200.0","1654588800000.0","1654632000000.0"
"df0495f1-b65b-4dab-8665-3ac0a6ab6cff","MomentumMAStrategy","BTC-USDT","Bybit Perpetual","short","31050.5","30514.900000000005","0.05049615775074404","0.6217632300775315","1567.9309462394779","26.42397886122072","1.685276952061947","50400.0","1654632000000.0","1654682400000.0"
"7e8a9fa0-61c2-4839-89dd-a2ff5da5650d","MomentumMAStrategy","BTC-USDT","Bybit Perpetual","long","30514.9","30305.0","0.05220511049217391","0.6350219199245937","1593.0337261576378","-11.592874612231974","-0.7277231123156276","72000.0","1654682400000.0","1654754400000.0"
"193c5fff-776a-40db-9608-0184d4019bc4","MomentumMAStrategy","BTC-USDT","Bybit Perpetual","short","30305.0","28970.5","0.05220328313070508","0.6188751418428218","1582.0204952760175","69.04640619608311","4.364444481108728","136800.0","1654754400000.0","1654891200000.0"
"0280e444-1539-4ea5-acd7-a989681ade72","MomentumMAStrategy","BTC-USDT","Bybit Perpetual","short","28970.5","27538.2","0.05687214860503949","0.642754236775519","1647.6145811622964","80.8152242102225","4.904983552234167","115200.0","1654891200000.0","1655006400000.0"
"39bab99c-509e-4aac-8278-f970714d61e0","MomentumMAStrategy","BTC-USDT","Bybit Perpetual","short","27538.2","25758.7","0.06261807395407135","0.6674698451445491","1724.3890441620076","110.7613927561254","6.423225265267882","79200.0","1655006400000.0","1655085600000.0"
"c8cc23ca-2253-4748-9095-73c993659961","MomentumMAStrategy","BTC-USDT","Bybit Perpetual","short","25758.7","23253.1","0.07102890935025162","0.6962509398585325","1829.6123672803265","177.27378432813208","9.689144405579482","50400.0","1655085600000.0","1655136000000.0"
"b3897630-b58d-4104-8c24-34cb54097fcd","MomentumMAStrategy","BTC-USDT","Bybit Perpetual","short","23253.1","20707.5","0.08592499332957979","0.755462852352865","1998.0224623920515","217.9752001674253","10.909547028138178","144000.0","1655136000000.0","1655280000000.0"
"b623bb5e-9db7-4a6a-b2b4-66fbe15501f7","MomentumMAStrategy","BTC-USDT","Bybit Perpetual","short","20707.5","22197.5","0.10648793444651","0.9137729654855024","2205.0989025511058","-159.5807952907854","-7.236899674031148","50400.0","1655280000000.0","1655330400000.0"
"b526b9da-93d7-4a13-9909-2f862c4fe861","MomentumMAStrategy","BTC-USDT","Bybit Perpetual","long","22197.5","20387.4","0.09251028931297937","0.787908283872859","2053.4971470248597","-168.2407829692967","-8.192891001238872","93600.0","1655330400000.0","1655424000000.0"
"41aaaa58-5080-4059-9a0b-d7c306cd0a01","MomentumMAStrategy","BTC-USDT","Bybit Perpetual","short","20387.4","18609.9","0.09288425219518073","0.7244470096262244","1893.6684032040278","164.37731126730753","8.680364048382824","151200.0","1655424000000.0","1655575200000.0"
"cb4e853a-cf6b-4901-9eb1-82bde09eecdc","MomentumMAStrategy","BTC-USDT","Bybit Perpetual","short","18609.9","19438.9","0.11014711787317341","0.8381931317065602","2049.82684890797","-92.15015384856731","-4.495509164476971","86400.0","1655575200000.0","1655661600000.0"
"2dcb9631-284a-4f87-9071-e6188fe3257f","MomentumMAStrategy","BTC-USDT","Bybit Perpetual","long","19438.9","21191.1","0.10094625738862956","0.8202892875400039","1962.2842027518313","176.05774290881644","8.972081753597154","144000.0","1655661600000.0","1655805600000.0"
"44b56b20-f765-49cd-bdca-622a4d9d49fe","MomentumMAStrategy","BTC-USDT","Bybit Perpetual","long","21191.1","20415.699999999997","0.10049214332975666","0.8362313018185039","2129.5390585152063","-78.75783923971196","-3.6983514777430213","86400.0","1655805600000.0","1655892000000.0"
"d7f003ff-28d9-453a-beb2-b5c363dcea29","MomentumMAStrategy","BTC-USDT","Bybit Perpetual","short","20415.7","20629.5","0.10064406859610402","0.8261911848681617","2054.719111237481","-22.343893050715128","-1.0874427034096272","93600.0","1655892000000.0","1655985600000.0"
"6c696f30-89a5-467b-b155-70f28cca054f","MomentumMAStrategy","BTC-USDT","Bybit Perpetual","long","20629.5","21699.500000000004","0.09857206489926083","0.8344913870241624","2033.4924128393013","104.63761805518529","5.145709784531878","259200.0","1655985600000.0","1656244800000.0"
"6e38b9dd-3ce2-4db6-8385-e373b9f53814","MomentumMAStrategy","BTC-USDT","Bybit Perpetual","long","21699.5","20729.9","0.09829250213100425","0.8340983779834464","2132.8981499917268","-96.13850844420503","-4.507412060185712","93600.0","1656244800000.0","1656338400000.0"
"ac773ee9-3849-4bd4-b524-409da9752c60","MomentumMAStrategy","BTC-USDT","Bybit Perpetual","short","20729.9","21044.4","0.09848414931908653","0.8228212797800634","2041.5665669697319","-31.796086240632775","-1.5574356846873356","86400.0","1656338400000.0","1656424800000.0"
"1025baff-7266-43cd-98c1-d61a29a7ba7f","MomentumMAStrategy","BTC-USDT","Bybit Perpetual","long","21044.4","20595.4","0.09557698414025254","0.7959613008406575","2011.3602850411305","-43.71002717981405","-2.1731575145882043","7200.0","1656424800000.0","1656432000000.0"
"67c38f3e-59ca-4b95-a794-85298f007c36","MomentumMAStrategy","BTC-USDT","Bybit Perpetual","short","20595.4","19423.5","0.09564445260690772","0.765517156886116","1969.8357592203074","111.32021685314918","5.651243578663203","144000.0","1656432000000.0","1656576000000.0"
"697ec144-a4c8-483e-9e2c-78771749d837","MomentumMAStrategy","BTC-USDT","Bybit Perpetual","short","19423.5","19566.1","0.10685972997816043","0.8332836255912968","2075.589965230799","-16.071481120476818","-0.7743090586145575","86400.0","1656576000000.0","1656662400000.0"
"6900dec9-b781-42e2-91eb-e20efefae6b4","MomentumMAStrategy","BTC-USDT","Bybit Perpetual","long","19566.1","19119.9","0.1053005994125731","0.8147317977749606","2060.3220581663463","-47.79985925566477","-2.3200188080404227","86400.0","1656662400000.0","1656748800000.0"
"cfa7cde4-8049-4a82-ae0f-7da75c7ae542","MomentumMAStrategy","BTC-USDT","Bybit Perpetual","short","19119.9","19240.9","0.10538298797972082","0.808515145058495","2014.9121918734643","-13.559856690604713","-0.6729750678612334","57600.0","1656748800000.0","1656806400000.0"
"bdc51090-a2d8-4335-aa68-426de4fdd4cf","MomentumMAStrategy","BTC-USDT","Bybit Perpetual","long","19240.9","20226.6","0.1040507631148953","0.8213246986474262","2002.0303280173891","101.74151250370457","5.081916646310708","172800.0","1656806400000.0","1656979200000.0"
"b3cb9a9b-39fd-4c95-b612-68e7ce6c9e01","MomentumMAStrategy","BTC-USDT","Bybit Perpetual","long","20226.6","21797.8","0.10375865270959572","0.872079024985827","2098.6847648959088","162.15351611233106","7.7264350904254835","244800.0","1656979200000.0","1657224000000.0"
"aba4baf7-30e7-4585-b949-84f3edfe4b95","MomentumMAStrategy","BTC-USDT","Bybit Perpetual","long","21797.8","21437.4","0.10334669577675837","0.8936430122494607","2252.7306052026233","-38.139792170192955","-1.6930471882483458","144000.0","1657224000000.0","1657368000000.0"
"1228b4f4-39df-4729-acca-eb2fb6e4b0ff","MomentumMAStrategy","BTC-USDT","Bybit Perpetual","short","21437.4","20498.1","0.10339396580933043","0.8671755306394353","2216.4978026409403","96.25077655406494","4.342471101906028","151200.0","1657368000000.0","1657519200000.0"
"c442dab4-8755-4d67-b2d0-e3075e3d1409","MomentumMAStrategy","BTC-USDT","Bybit Perpetual","short","20498.1","19597.6","0.11259268129081731","0.9028964742464448","2307.936040367302","100.48681302813455","4.353968709295009","100800.0","1657519200000.0","1657620000000.0"
"925b30ec-50bd-494f-b045-ee9c8213a830","MomentumMAStrategy","BTC-USDT","Bybit Perpetual","short","19597.6","19445.1","0.12263738992244103","0.9576189647049776","2403.39851274403","17.74458299846728","0.7383121402620729","108000.0","1657620000000.0","1657728000000.0"
"073eedf7-cb51-473f-8cd4-58ed4bf0f27e","MomentumMAStrategy","BTC-USDT","Bybit Perpetual","long","19445.1","20723.2","0.12446610542463521","0.9999183725056748","2420.255866592574","158.08021097072086","6.531549542044022","93600.0","1657728000000.0","1657821600000.0"
"6f75b39f-01a1-4e8d-af09-1b795124ccd0","MomentumMAStrategy","BTC-USDT","Bybit Perpetual","long","20723.2","21851.9","0.12403644548210499","1.0561728140090336","2570.432067014758","138.94376320164295","5.405463345429281","302400.0","1657821600000.0","1658124000000.0"
"fc89da7e-fbd0-4399-8606-b540eed144ec","MomentumMAStrategy","BTC-USDT","Bybit Perpetual","long","21851.9","23638.1","0.12367019078690271","1.1251513957792407","2702.4286420563194","219.77454338778603","8.13248275893628","144000.0","1658124000000.0","1658268000000.0"
"e51b6918-a3e4-4c0e-a1f7-49a3a735f3f0","MomentumMAStrategy","BTC-USDT","Bybit Perpetual","long","23638.1","22926.7","0.12315771818694043","1.1469629031662487","2911.2144582747164","-88.76136362135541","-3.0489462351034895","122400.0","1658268000000.0","1658390400000.0"
"bf232802-8b6e-44a0-977e-8ba6e8729fc1","MomentumMAStrategy","BTC-USDT","Bybit Perpetual","short","22926.7","23600.8","0.12330126720524229","1.1473799419783821","2826.8911628344285","-84.26476416503203","-2.9808280302005894","100800.0","1658390400000.0","1658491200000.0"
"f2fc06f1-73a3-43f3-a601-afb40ee975d7","MomentumMAStrategy","BTC-USDT","Bybit Perpetual","long","23600.8","22764.2","0.11638756469601236","1.0792618874261226","2746.8396368776484","-98.4490985121099","-3.5840861326734625","72000.0","1658491200000.0","1658563200000.0"
"6db41d82-680f-4b66-8a86-2f720d812232","MomentumMAStrategy","BTC-USDT","Bybit Perpetual","short","22764.2","22558.8","0.11655639088090705","1.05653706077907","2653.3129932911443","22.884145626159405","0.8624744115760774","108000.0","1658563200000.0","1658671200000.0"
"0581a424-160e-40fb-a7f9-accbdb01aa14","MomentumMAStrategy","BTC-USDT","Bybit Perpetual","long","22558.8","21931.5","0.11858134881447577","1.0551439566321341","2675.0529316359957","-75.4412240679527","-2.8201768711101627","79200.0","1658671200000.0","1658750400000.0"
"8b6b5383-5e58-40c2-9523-488c6e477b3f","MomentumMAStrategy","BTC-USDT","Bybit Perpetual","short","21931.5","20942.1","0.11870523077634638","1.017864116442553","2603.383768771441","116.42909121367474","4.472221599069838","93600.0","1658750400000.0","1658844000000.0"
"fb47d00b-6f5e-4c53-a0ad-fc84c208bd89","MomentumMAStrategy","BTC-USDT","Bybit Perpetual","short","20942.1","21193.2","0.12959499789536064","1.0921048229640777","2713.991405424432","-33.63340879448941","-1.2392599596029155","79200.0","1658844000000.0","1658923200000.0"
"64e35588-b5b0-473b-b418-8e6865e5d985","MomentumMAStrategy","BTC-USDT","Bybit Perpetual","long","21193.2","22763.8","0.12655189716841567","1.1125683487664095","2682.039667069667","197.64984134394706","7.3693854632617946","28800.0","1658923200000.0","1658952000000.0"
"b200c6df-6823-45bf-beb6-f1f4e47b6ec4","MomentumMAStrategy","BTC-USDT","Bybit Perpetual","long","22763.8","23979.6","0.12606889079795186","1.1785777180249966","2869.8070163464163","152.09597971412478","5.299867860374803","122400.0","1658952000000.0","1659074400000.0"
"8aee6309-7fad-4561-8351-0b781672bfbf","MomentumMAStrategy","BTC-USDT","Bybit Perpetual","long","23979.6","23791.8","0.12570260542606362","1.2009978889701312","3014.298197074835","-24.80794718798479","-0.8230090576990413","86400.0","1659074400000.0","1659160800000.0"
"36dc5ae8-cc8d-4a1c-ba4c-c874c7977fb8","MomentumMAStrategy","BTC-USDT","Bybit Perpetual","short","23791.8","24522.8","0.12570426143655586","1.2146702219205243","2990.7306472462496","-93.10448533204286","-3.1131016568733765","36000.0","1659160800000.0","1659196800000.0"
"cb76daf2-5756-48ef-9fb9-fb36303cc7b1","MomentumMAStrategy","BTC-USDT","Bybit Perpetual","long","24522.8","23732.5","0.11835032647906475","1.1422061018690428","2902.281386180809","-94.67446911827383","-3.262070644461478","43200.0","1659196800000.0","1659240000000.0"
"70bf046d-3877-42e9-941d-e803628fc981","MomentumMAStrategy","BTC-USDT","Bybit Perpetual","short","23732.5","22703.7","0.11850165977113448","1.1005533546928712","2812.340640518449","120.8139542178502","4.295850668913934","194400.0","1659240000000.0","1659434400000.0"
"41e95ded-9d28-4f01-bc3c-b3a2579a11ec","MomentumMAStrategy","BTC-USDT","Bybit Perpetual","short","22703.7","22852.9","0.12892673427791096","1.1746927325610157","2927.113897025407","-20.410561486825426","-0.6972930403414455","64800.0","1659434400000.0","1659499200000.0"
"52c07c31-d4b7-475c-87d4-952dbb8ee9ac","MomentumMAStrategy","BTC-USDT","Bybit Perpetual","long","22852.9","22914.3","0.1272365373153045","1.164652010123401","2907.7238636129223","6.647671381036017","0.22862113779869428","129600.0","1659499200000.0","1659628800000.0"
"d105c380-6262-4afe-b37a-4a3c19d78b54","MomentumMAStrategy","BTC-USDT","Bybit Perpetual","short","22914.3","23393.0","0.12717120537938784","1.1777910317729854","2914.039151424907","-62.05464704688603","-2.129506290831493","72000.0","1659628800000.0","1659700800000.0"
"156c7041-b02f-4bf2-a044-31063af4f854","MomentumMAStrategy","BTC-USDT","Bybit Perpetual","long","23393.0","22966.0","0.12204878539436434","1.1316119284194674","2855.087236730365","-53.24644329181304","-1.864967297909631","165600.0","1659700800000.0","1659866400000.0"
"5f32fa5b-2748-4fda-a653-9d750ea832c6","MomentumMAStrategy","BTC-USDT","Bybit Perpetual","short","22966.0","23154.9","0.12211543654111046","1.1264147674337803","2804.5031156031428","-24.194020730049722","-0.8626847513715992","36000.0","1659866400000.0","1659902400000.0"
"cd698fbd-5455-47f3-836d-d6fbd31c0e15","MomentumMAStrategy","BTC-USDT","Bybit Perpetual","long","23154.9","23796.8","0.12012657346434644","1.128029367865191","2781.5187959095956","75.98121813889853","2.7316449649966","43200.0","1659902400000.0","1659945600000.0"
"0d45530c-4780-45d2-9a3e-4b2ad3daefae","MomentumMAStrategy","BTC-USDT","Bybit Perpetual","long","23796.8","23063.5","0.11991952502611905","1.1238929837162894","2853.7009531415497","-89.0608806853693","-3.120890455859608","108000.0","1659945600000.0","1660053600000.0"
"8f927142-b0f7-4d12-b367-36c89c7d0b4f","MomentumMAStrategy","BTC-USDT","Bybit Perpetual","long","23063.5","23061.7","0.12006387220024925","1.1075940236021875","2769.0931164904487","-1.3237089935625488","-0.04780297873262633","7200.0","1660053600000.0","1660060800000.0"
"df4c829f-cd65-44e3-a152-f894f6541f37","MomentumMAStrategy","BTC-USDT","Bybit Perpetual","short","23061.7","24012.2","0.12001871470648584","1.129949794844329","2767.8355929465647","-115.20773812335912","-4.16237649436078","79200.0","1660060800000.0","1660140000000.0"
"8cd154ca-edc5-44ba-9b3f-1b295ad39183","MomentumMAStrategy","BTC-USDT","Bybit Perpetual","short","24012.2","23904.3","0.11070989920662717","1.0609661770668701","2658.388241729373","10.884631947328364","0.40944478223570296","14400.0","1660140000000.0","1660154400000.0"
"dbae07f8-143e-4810-858c-8f470d743a8d","MomentumMAStrategy","BTC-USDT","Bybit Perpetual","long","23904.3","23967.4","0.11164220002590894","1.0689003813960611","2668.728642079335","5.975722440239037","0.22391645017842896","144000.0","1660154400000.0","1660298400000.0"
"2255fe22-f5d6-4a25-a37a-6bd6ba02b649","MomentumMAStrategy","BTC-USDT","Bybit Perpetual","short","23967.4","24702.100000000002","0.11158513557572211","1.0861585511805214","2674.4055783975623","-83.06775765866364","-3.106026936588869","72000.0","1660298400000.0","1660370400000.0"
"80feb0a3-fe23-41b1-8261-283bf0a0f480","MomentumMAStrategy","BTC-USDT","Bybit Perpetual","long","24702.1","24273.8","0.1050716825137066","1.0291960431246086","2595.491208621832","-46.03139766374507","-1.7735139117726801","136800.0","1660370400000.0","1660507200000.0"
"1c7f8dc8-a1d9-423a-8fa7-3d5aff441ad4","MomentumMAStrategy","BTC-USDT","Bybit Perpetual","short","24273.8","24151.1","0.105124100093157","1.0181248069202238","2551.7613808412743","11.880602274510217","0.4655843749227592","208800.0","1660507200000.0","1660716000000.0"
"9858995b-f07e-40ba-aa16-8767fdc63550","MomentumMAStrategy","BTC-USDT","Bybit Perpetual","long","24151.1","23737.2","0.10612551614634774","1.016434110974229","2563.047953002059","-44.94178524394733","-1.7534508159048567","21600.0","1660716000000.0","1660737600000.0"
"ac5f3307-f80f-430a-a56a-4c6e48063bc2","MomentumMAStrategy","BTC-USDT","Bybit Perpetual","short","23737.2","22751.2","0.10617736114707334","0.9872031271899209","2520.3532570203092","103.7036749638244","4.114648399979779","136800.0","1660737600000.0","1660874400000.0"
"e7a41ef6-efc0-418d-b6ae-a7141bdac421","MomentumMAStrategy","BTC-USDT","Bybit Perpetual","short","22751.2","21736.5","0.11510916998821785","1.0241884443369678","2618.871748235942","115.77708634270776","4.420876525194278","28800.0","1660874400000.0","1660903200000.0"
"3df3870e-5a62-4111-a082-27a08b072991","MomentumMAStrategy","BTC-USDT","Bybit Perpetual","short","21736.5","21198.3","0.1255427497647512","1.0780305705199278","2728.859980261514","66.48907735286926","2.436514802291081","151200.0","1660903200000.0","1661054400000.0"
"e76cbc62-192d-4080-b173-0173283d4850","MomentumMAStrategy","BTC-USDT","Bybit Perpetual","long","21198.3","21094.2","0.131709835399383","1.114067642725681","2792.0246037467405","-14.825061507801259","-0.5309788992513482","151200.0","1661054400000.0","1661205600000.0"
"2411eed4-c71e-4b8e-9b47-2bad1f2e350e","MomentumMAStrategy","BTC-USDT","Bybit Perpetual","short","21094.2","21444.4","0.13169216160434288","1.1204000371245002","2777.9407953143295","-47.23899503096547","-1.7005040248030296","50400.0","1661205600000.0","1661256000000.0"
"f88aadb9-e009-4c2b-ae1c-e6a065dfa6d0","MomentumMAStrategy","BTC-USDT","Bybit Perpetual","long","21444.4","21179.7","0.1274488327971364","1.0864783588056843","2733.063750034912","-34.82218440020778","-1.2741080188767262","259200.0","1661256000000.0","1661515200000.0"
"9ad9bd7d-7949-401d-b957-aa89d1bcf45c","MomentumMAStrategy","BTC-USDT","Bybit Perpetual","short","21179.7","21747.6","0.12747974120760514","1.0944722189482456","2699.982674854715","-73.49021725074692","-2.7218773637020246","7200.0","1661515200000.0","1661522400000.0"
"6b51581e-00e2-4351-889b-7c029869c0e5","MomentumMAStrategy","BTC-USDT","Bybit Perpetual","long","21747.6","20770.1","0.12094056210646258","1.0284229074947886","2630.1669684665053","-119.24782236656195","-4.533849896080487","7200.0","1661522400000.0","1661529600000.0"
"c9ad0427-faa6-4d17-a413-121bbe6593ad","MomentumMAStrategy","BTC-USDT","Bybit Perpetual","short","20770.1","19862.0","0.12117811359686624","0.9847442458958457","2516.881537218271","109.05710071141822","4.333024780814722","108000.0","1661529600000.0","1661637600000.0"
"1e72e1b6-d0a0-43e1-9c45-65cd9a4b6546","MomentumMAStrategy","BTC-USDT","Bybit Perpetual","short","19862.0","19973.5","0.13193463814792664","1.0511364555883462","2620.485782894119","-15.761848609082165","-0.6014857516866378","72000.0","1661637600000.0","1661709600000.0"
"d3c50715-475c-4f51-8fb9-090d88a04bc8","MomentumMAStrategy","BTC-USDT","Bybit Perpetual","long","19973.5","19775.8","0.1304484455260966","1.0370468791500944","2605.5120267154907","-26.826704559659486","-1.029613537937771","338400.0","1661709600000.0","1662048000000.0"
"86e4c3ab-bf5e-49d2-949e-f141a792faa7","MomentumMAStrategy","BTC-USDT","Bybit Perpetual","short","19775.8","20042.4","0.1304638324307393","1.038966994498733","2580.0266573838144","-35.82062472053412","-1.388381961791696","36000.0","1662048000000.0","1662084000000.0"
"aa3aa79a-f178-48e7-9c80-ca2ee0d3288b","MomentumMAStrategy","BTC-USDT","Bybit Perpetual","long","20042.4","19790.0","0.1270305484322889","1.011986323474861","2545.9970638993072","-33.07449674778476","-1.2990783538897606","122400.0","1662084000000.0","1662206400000.0"
"ad076281-5b3b-437b-b1df-221ed53ea351","MomentumMAStrategy","BTC-USDT","Bybit Perpetual","short","19790.0","19781.6","0.1270629758458268","1.0056170509961437","2514.576291988912","0.061711946108986115","0.0024541687721144805","100800.0","1662206400000.0","1662307200000.0"
"d955eb07-9b2a-4477-8b7f-2c5dd7b247f8","MomentumMAStrategy","BTC-USDT","Bybit Perpetual","long","19781.6","18813.0","0.12711989517216585","0.9812283012423344","2514.6349183377156","-124.10955876500199","-4.93549015246491","187200.0","1662307200000.0","1662494400000.0"
"41eb4ccb-e034-4f83-ac0f-2f8104162d51","MomentumMAStrategy","BTC-USDT","Bybit Perpetual","short","18813.0","19209.1","0.1273975887689876","0.9687847719866647","2396.7308375109637","-51.430969683382465","-2.1458800829213764","115200.0","1662494400000.0","1662609600000.0"
"c00f61a0-dffe-4c18-9c88-a2c8a3ed6d4d","MomentumMAStrategy","BTC-USDT","Bybit Perpetual","long","19209.1","19936.0","0.12222703907584168","0.956917933465546","2347.87141631175","87.88991677076395","3.7433871446345823","86400.0","1662609600000.0","1662696000000.0"
"18fa3af7-e2a0-4f7b-93d2-2ec2831903d8","MomentumMAStrategy","BTC-USDT","Bybit Perpetual","long","19936.0","20931.7","0.12195860941231822","0.9968335723759595","2431.366837243976","120.43735381946938","4.953483447030501","28800.0","1662696000000.0","1662724800000.0"
"ac467fb5-67a8-422e-921c-c8d30d010d18","MomentumMAStrategy","BTC-USDT","Bybit Perpetual","long","20931.7","21820.3","0.12162329497233727","1.0399278213314727","2545.782323372472","107.03453209108724","4.2043866480027825","216000.0","1662724800000.0","1662940800000.0"
"0647f906-d901-48fd-8ab5-b8a4cf3004f7","MomentumMAStrategy","BTC-USDT","Bybit Perpetual","long","21820.3","20823.9","0.12133037258236619","1.0348073348953881","2647.465128859005","-121.9283905759648","-4.60547673496697","144000.0","1662940800000.0","1663084800000.0"
"cbf36a41-1da4-4a7f-8e17-bdd07852d7c1","MomentumMAStrategy","BTC-USDT","Bybit Perpetual","short","20823.9","20109.9","0.12157344002861317","0.9952925758886493","2531.633157811838","85.80814360454114","3.3894382896575563","165600.0","1663084800000.0","1663250400000.0"
"618433db-bc40-45c9-8ee7-801455f61c34","MomentumMAStrategy","BTC-USDT","Bybit Perpetual","long","20109.9","19519.3","0.12994350515100286","1.0299114308660244","2613.1508942361525","-77.7745455730486","-2.976274571231096","86400.0","1663250400000.0","1663336800000.0"
"b5974f08-686a-4368-aa3e-589c2086dd7c","MomentumMAStrategy","BTC-USDT","Bybit Perpetual","short","19519.3","19875.0","0.1300899661330968","1.0249606305674113","2539.2650759417565","-47.29796158411004","-1.8626634151839498","50400.0","1663336800000.0","1663387200000.0"
"fe295966-919a-4bf6-b5af-ce85f77028b7","MomentumMAStrategy","BTC-USDT","Bybit Perpetual","long","19875.0","19451.4","0.12550098175782903","0.9871003618002175","2494.332012436852","-54.14931623441641","-2.1708944905660306","151200.0","1663387200000.0","1663538400000.0"
"63b991d1-bdd4-4ce0-ac87-b61c08afbccc","MomentumMAStrategy","BTC-USDT","Bybit Perpetual","short","19451.4","18448.4","0.12558942605746404","0.9519628259385351","2442.890162014156","125.0142315096979","5.117472469847929","28800.0","1663538400000.0","1663567200000.0"
"72a08f07-5577-4cf2-8b99-bd53e42a6272","MomentumMAStrategy","BTC-USDT","Bybit Perpetual","short","18448.4","19504.7","0.13885505962296835","1.0539959926752962","2561.6536819483695","-147.72659547241665","-5.76684492964159","50400.0","1663567200000.0","1663617600000.0"
"141b6273-1525-451c-8784-16b4b67ea1d8","MomentumMAStrategy","BTC-USDT","Bybit Perpetual","short","19504.7","19455.6","0.1241399978594684","0.9673063117208494","2421.3134162495735","5.12796758317932","0.2117845442380666","21600.0","1663617600000.0","1663639200000.0"
"77635899-db73-4db9-ac85-b88f67636869","MomentumMAStrategy","BTC-USDT","Bybit Perpetual","long","19455.6","18914.8","0.12470368353860038","0.9569860437699025","2426.1849854535935","-68.3967381014449","-2.8191064783404225","100800.0","1663639200000.0","1663740000000.0"
"004b19f4-b4e9-4d4c-bcd0-c86b997f1b18","MomentumMAStrategy","BTC-USDT","Bybit Perpetual","short","18914.8","19846.4","0.12483389114646842","0.9677422843012985","2361.208084257221","-117.26299527635155","-4.966228773235784","43200.0","1663740000000.0","1663783200000.0"
"fcb673e9-c315-4499-b5f7-078442e985c9","MomentumMAStrategy","BTC-USDT","Bybit Perpetual","long","19846.4","18455.4","0.11336102460621002","0.8683862584524271","2249.8082387446866","-158.55357148569055","-7.047426031925184","14400.0","1663783200000.0","1663797600000.0"
"ddc28ecf-983e-4330-b507-a99afb1ea0bf","MomentumMAStrategy","BTC-USDT","Bybit Perpetual","short","18455.4","19061.4","0.11374353012306863","0.8534586541842284","2099.182345833281","-69.78203790876381","-3.324248512630449","72000.0","1663797600000.0","1663869600000.0"
"4cacb5de-51d4-4e33-bf96-410fb39a6cdd","MomentumMAStrategy","BTC-USDT","Bybit Perpetual","long","19061.4","18862.7","0.10664953307836544","0.8089175114834479","2032.8894098199553","-22.000179734154738","-1.0822123243833124","295200.0","1663869600000.0","1664164800000.0"
"ef0a0f44-bf72-4be1-821b-45c8690376aa","MomentumMAStrategy","BTC-USDT","Bybit Perpetual","short","18862.7","19076.6","0.10666496519970674","0.8093588228402467","2011.9892390725083","-23.624994879057283","-1.1742107969696693","21600.0","1664164800000.0","1664186400000.0"
"f2effc3b-5e6d-4af4-8a1d-28d2dc941c4d","MomentumMAStrategy","BTC-USDT","Bybit Perpetual","long","19076.6","20091.9","0.10429245745769183","0.8169958239863206","1989.545493937404","105.0711362328085","5.2811627858213885","64800.0","1664186400000.0","1664251200000.0"
"40c5af43-2716-45fe-8d2c-2b0245ca2015","MomentumMAStrategy","BTC-USDT","Bybit Perpetual","long","20091.9","18946.9","0.10399031815600178","0.8119314464857046","2089.3630733585724","-119.88084573510774","-5.737674187110228","50400.0","1664251200000.0","1664301600000.0"
"552c9acc-6cc3-4ba2-bbd1-99d3ae1dc665","MomentumMAStrategy","BTC-USDT","Bybit Perpetual","long","18946.9","18736.0","0.10426382521205155","0.7857926598166436","1975.4762699102196","-22.775033397038467","-1.1528882297367984","36000.0","1664301600000.0","1664337600000.0"
"c49ea6ee-5537-44e8-999d-024f43947f6a","MomentumMAStrategy","BTC-USDT","Bybit Perpetual","short","18736.0","19497.3","0.1042826637587016","0.7974140736571131","1953.8399881830333","-80.18780599315656","-4.104113257899227","86400.0","1664337600000.0","1664424000000.0"
"3b87b508-8c5e-424d-9dd5-6518c8fad64f","MomentumMAStrategy","BTC-USDT","Bybit Perpetual","long","19497.3","19305.5","0.09630367140524763","0.7473704201607085","1877.6615724895346","-19.218414595687136","-1.0235292066080908","187200.0","1664424000000.0","1664611200000.0"
"d7ba264b-c9aa-44bd-936b-edb8998cb2d0","MomentumMAStrategy","BTC-USDT","Bybit Perpetual","short","19305.5","19189.9","0.09631473303585154","0.7415348348216639","1859.404078623632","10.392448304122635","0.5589128486700605","136800.0","1664611200000.0","1664748000000.0"
"26199d6a-3c2a-46e0-95f1-eca12fd0a428","MomentumMAStrategy","BTC-USDT","Bybit Perpetual","long","19189.9","19957.0","0.09740941352026578","0.7626553140272985","1869.2769045125483","73.96010579736844","3.956615823949049","122400.0","1664748000000.0","1664870400000.0"
"b17a9ecf-aa61-4ad8-8306-524b80f1a0a2","MomentumMAStrategy","BTC-USDT","Bybit Perpetual","long","19957.0","19985.9","0.09718589993586453","0.7763773365096488","1939.5390050200485","2.0322951716369775","0.10478238212156864","237600.0","1664870400000.0","1665108000000.0"
"9d7ff51f-7681-41e4-b9ec-4d05459cdaf0","MomentumMAStrategy","BTC-USDT","Bybit Perpetual","short","19985.9","19492.2","0.097141969360054","0.7669960761186296","1941.4696854331032","47.1919941969401","2.43073556857585","115200.0","1665108000000.0","1665223200000.0"
"d8c97051-e203-45c9-9316-6ade8b368547","MomentumMAStrategy","BTC-USDT","Bybit Perpetual","short","19492.2","19406.0","0.10190240608654726","0.7927640344871465","1986.3020799201965","7.991223370173301","0.40231661895527815","86400.0","1665223200000.0","1665309600000.0"
"374eabcd-2f6a-4805-b49e-49adb420266f","MomentumMAStrategy","BTC-USDT","Bybit Perpetual","long","19406.0","19240.0","0.10274625075347114","0.7941463213237292","1993.8937421218611","-17.85002394639994","-0.8952344635679687","129600.0","1665309600000.0","1665439200000.0"
"4a7a0acd-7ceb-4597-9e31-5f10adbb7a78","MomentumMAStrategy","BTC-USDT","Bybit Perpetual","short","19240.0","19103.4","0.10275136275326305","0.7879673205186933","1976.9362193727811","13.24786883157689","0.6701212058211982","122400.0","1665439200000.0","1665561600000.0"
"83ecf120-1d16-47f6-8455-b537b6e9f17b","MomentumMAStrategy","BTC-USDT","Bybit Perpetual","long","19103.4","18420.5","0.10414490063354058","0.7815845673765828","1989.5216947627794","-71.90213721002159","-3.614041374833806","108000.0","1665561600000.0","1665669600000.0"
"0c05936d-669d-49fe-8fe0-3c6bcf8a6e67","MomentumMAStrategy","BTC-USDT","Bybit Perpetual","short","18420.5","18947.7","0.1042976392830411","0.7794830088513074","1921.2146644132586","-55.765198438870655","-2.9026011237480023","7200.0","1665669600000.0","1665676800000.0"
"6e2280fa-6be1-4391-85dd-a97de612edc8","MomentumMAStrategy","BTC-USDT","Bybit Perpetual","long","18947.7","19854.2","0.09859971003849181","0.7651712177885112","1868.2377258963313","88.61546593210433","4.7432649873071675","36000.0","1665676800000.0","1665712800000.0"
"95b3f03c-5ed9-4e46-8e79-986ab1c8ba30","MomentumMAStrategy","BTC-USDT","Bybit Perpetual","long","19854.2","19098.3","0.09833800498291698","0.7661022278194147","1952.4224185318303","-75.0998001944065","-3.846493437156881","72000.0","1665712800000.0","1665784800000.0"
"a773f38e-3518-4b32-a6bb-b69736ed3930","MomentumMAStrategy","BTC-USDT","Bybit Perpetual","long","19098.3","19159.0","0.0984945051835579","0.753626766631786","1881.0776083471437","5.22498969801025","0.27776576972819955","36000.0","1665784800000.0","1665820800000.0"
"1308c8f0-6e4d-472c-a124-37bc982c6917","MomentumMAStrategy","BTC-USDT","Bybit Perpetual","short","19159.0","19125.5","0.09844153392975906","0.7537569811467721","1886.0413485602537","2.544034405500156","0.1348875202254815","122400.0","1665820800000.0","1665943200000.0"
"29b9903a-ce7b-4b2f-93b9-dd998c19c31e","MomentumMAStrategy","BTC-USDT","Bybit Perpetual","long","19125.5","19574.6","0.09874032999113637","0.7642521289379953","1888.4581812454787","43.5800300700812","2.3077042691694256","72000.0","1665943200000.0","1666015200000.0"
"06204aca-4e55-49b8-b6d5-747498148396","MomentumMAStrategy","BTC-USDT","Bybit Perpetual","long","19574.6","19286.3","0.09858996913408478","0.766258986304551","1929.859209812056","-29.18974708766112","-1.5125324655420764","115200.0","1666015200000.0","1666130400000.0"
"9bead57a-43a9-4202-8ec7-4c3f2e5c8bce","MomentumMAStrategy","BTC-USDT","Bybit Perpetual","short","19286.3","19244.3","0.09862591321709079","0.7600231223604876","1902.128950078778","3.3822652327573257","0.1778147182196689","151200.0","1666130400000.0","1666281600000.0"
"b90fccf9-5acf-4aea-b5c7-84c91c12228b","MomentumMAStrategy","BTC-USDT","Bybit Perpetual","long","19244.3","19002.2","0.09900812718830498","0.7573428673015014","1905.3421020498974","-24.727210459589994","-1.2977832397125308","64800.0","1666281600000.0","1666346400000.0"
"1274d81a-9432-4a42-b2ff-b7cbffcd2882","MomentumMAStrategy","BTC-USDT","Bybit Perpetual","short","19002.2","19158.7","0.0990333357249838","0.7558402442535068","1881.851252113287","-16.25455728521347","-0.8637535653766406","21600.0","1666346400000.0","1666368000000.0"
"c6e9f78d-77ed-4c11-9598-e4cf28fae8c6","MomentumMAStrategy","BTC-USDT","Bybit Perpetual","long","19158.7","19468.7","0.09741837508246041","0.7526037083320463","1866.4094226923344","29.447092567230683","1.5777402433359258","180000.0","1666368000000.0","1666548000000.0"
"2c8b71c1-188d-44ed-b1a0-be55351011f2","MomentumMAStrategy","BTC-USDT","Bybit Perpetual","long","19468.7","19288.7","0.09730409121467808","0.7542507169687529","1894.384160631203","-18.268987135610807","-0.9643760497619256","115200.0","1666548000000.0","1666663200000.0"
"3b16daff-7767-4a36-b6c6-9fdc2f497ac9","MomentumMAStrategy","BTC-USDT","Bybit Perpetual","short","19288.7","19740.3","0.09731234468120573","0.7596007001125558","1877.028622852373","-44.70585555814492","-2.381735420220121","50400.0","1666663200000.0","1666713600000.0"
"352e423f-2562-408b-a128-c8c7ed388c67","MomentumMAStrategy","BTC-USDT","Bybit Perpetual","long","19740.3","20266.8","0.09293465955796697","0.7436092436803081","1834.5580600721353","48.186489013589295","2.6265992918040757","14400.0","1666713600000.0","1666728000000.0"
"63c5ef3a-3715-48dc-aae7-db4dad6d9312","MomentumMAStrategy","BTC-USDT","Bybit Perpetual","long","20266.8","20395.7","0.09277908819522793","0.7545259347476911","1880.3352246350453","11.204698533617323","0.595888349418761","180000.0","1666728000000.0","1666908000000.0"
"831c14d2-429b-4fd3-9b51-7a69ad833f61","MomentumMAStrategy","BTC-USDT","Bybit Perpetual","short","20395.7","20619.0","0.09271462554567785","0.7605325104736627","1890.9796882419816","-21.46370839482346","-1.1350575856675638","100800.0","1666908000000.0","1667008800000.0"
"48be482d-a098-4dfd-bf3e-6cf2ac8d4105","MomentumMAStrategy","BTC-USDT","Bybit Perpetual","long","20619.0","20667.6","0.09072162400052862","0.749117480292045","1870.5891652668995","3.6599534461335144","0.1956577913574788","136800.0","1667008800000.0","1667145600000.0"
"588e74cb-2bad-496b-a209-3009da724e07","MomentumMAStrategy","BTC-USDT","Bybit Perpetual","short","20667.6","20511.7","0.0906765236912233","0.7467991544075983","1874.0661210407266","13.389670889053916","0.7144716367647806","158400.0","1667145600000.0","1667304000000.0"
"9c5f4fab-9c2f-47ad-ac55-6cbe01c26757","MomentumMAStrategy","BTC-USDT","Bybit Perpetual","long","20511.7","20431.8","0.09198585726123762","0.7532445893550965","1886.7863083853276","-8.102914584528117","-0.42945587152698933","21600.0","1667304000000.0","1667325600000.0"
"aa3ba26f-06a1-4aeb-9b2a-5d51e29f1f40","MomentumMAStrategy","BTC-USDT","Bybit Perpetual","short","20431.8","20496.1","0.09196882014947415","0.7528181348391326","1879.0885395300259","-6.666413270450253","-0.3547684491821536","28800.0","1667325600000.0","1667354400000.0"
"6a3112ba-ec1d-44ba-b044-b05bd7c8a817","MomentumMAStrategy","BTC-USDT","Bybit Perpetual","long","20496.1","20423.0","0.09137130707417988","0.7477663302598148","1872.7554469230981","-7.427008877382231","-0.39658188631007146","36000.0","1667354400000.0","1667390400000.0"
"a5ef9366-9705-4e54-aa08-37dd6ef5599c","MomentumMAStrategy","BTC-USDT","Bybit Perpetual","short","20423.0","20603.3","0.09135287609506856","0.7495741001078223","1865.6997884895852","-17.22049766004862","-0.9230047495470758","158400.0","1667390400000.0","1667548800000.0"
"d242f82e-f0f0-45a8-9b84-06a0aa57a09f","MomentumMAStrategy","BTC-USDT","Bybit Perpetual","long","20603.3","21351.9","0.08975942279695676","0.753174907066176","1849.340315712539","66.44072899873584","3.5926718535380355","64800.0","1667548800000.0","1667613600000.0"
"3cbb7d88-ef9e-48e2-9a5e-52d2eab892cb","MomentumMAStrategy","BTC-USDT","Bybit Perpetual","long","21351.9","21247.1","0.08956856337194058","0.7631062462162594","1912.459008261338","-10.149891687595893","-0.5307246661889711","122400.0","1667613600000.0","1667736000000.0"
"57ab5217-cace-407f-b95f-87c688fd5538","MomentumMAStrategy","BTC-USDT","Bybit Perpetual","short","21247.1","20628.1","0.08955653294605484","0.7500395456845271","1902.8166111581218","54.68545434792342","2.873921429277407","72000.0","1667736000000.0","1667808000000.0"
"8631706a-2107-4179-abad-945ea0b24aaf","MomentumMAStrategy","BTC-USDT","Bybit Perpetual","short","20628.1","19690.9","0.09476237718396988","0.7641448571360963","1954.7677927886489","88.04715503968019","4.504225789093504","79200.0","1667808000000.0","1667887200000.0"
"dc5c464a-5096-4472-a3a2-40c308671ff9","MomentumMAStrategy","BTC-USDT","Bybit Perpetual","short","19690.9","18224.9","0.103520539440876","0.7850128138664734","2038.4125900763454","150.97609800645773","7.406552468399107","93600.0","1667887200000.0","1667980800000.0"
"b439ca67-1b65-4c4d-8b2c-678f5bda0fbe","MomentumMAStrategy","BTC-USDT","Bybit Perpetual","short","18224.9","15701.8","0.11971752290451415","0.8123240968649161","2181.83988318248","301.246957943515","13.80701490817509","50400.0","1667980800000.0","1668031200000.0"
"33961c0d-b8c5-485a-9386-0391d27af6d1","MomentumMAStrategy","BTC-USDT","Bybit Perpetual","short","15701.800000000001","17649.3","0.15718099155694373","1.0484317935029572","2468.024493228819","-307.1584128506506","-12.445517201849459","57600.0","1668031200000.0","1668088800000.0"
"31ad0141-10e5-4668-b849-b35e428c844a","MomentumMAStrategy","BTC-USDT","Bybit Perpetual","short","17649.3","17848.3","0.12330370048787777","0.875397087687698","2176.224001020701","-25.412833484775373","-1.1677489758800632","28800.0","1668088800000.0","1668117600000.0"
"9da9c91d-eb03-46c6-8ba7-afd5ae35d52b","MomentumMAStrategy","BTC-USDT","Bybit Perpetual","long","17848.3","16899.0","0.12057629069492132","0.8379401091327279","2152.081809210164","-115.30101286582145","-5.357650084321753","108000.0","1668117600000.0","1668225600000.0"
"97bb7ec6-520a-45e2-9a79-191d1cb31bc3","MomentumMAStrategy","BTC-USDT","Bybit Perpetual","short","16899.0","16906.1","0.12086785294914691","0.8171899711462413","2042.5458469876337","-1.6753517270850085","-0.0820227232380528","86400.0","1668225600000.0","1668312000000.0"
"1e6fd83f-6da8-4ff7-9b10-8046658f1531","MomentumMAStrategy","BTC-USDT","Bybit Perpetual","long","16906.1","16321.2","0.12072294987293954","0.8022595344626249","2040.954262846903","-71.4131129151447","-3.4990060392402613","72000.0","1668312000000.0","1668384000000.0"
"c206fa1f-14cd-4e63-a1f0-82b97370ff16","MomentumMAStrategy","BTC-USDT","Bybit Perpetual","short","16321.2","16740.8","0.12089256951556965","0.7993900266647529","1973.1118055775155","-51.5259121953976","-2.6114035732666627","43200.0","1668384000000.0","1668427200000.0"
"7be0226b-e4f0-429c-84f6-5915ef42954e","MomentumMAStrategy","BTC-USDT","Bybit Perpetual","long","16740.8","16548.0","0.11493848495841823","0.7652328476167586","1924.162188991888","-22.92537274759971","-1.191447003727416","201600.0","1668427200000.0","1668628800000.0"
"42217cfd-c75c-482f-b483-6a8527ae2f9b","MomentumMAStrategy","BTC-USDT","Bybit Perpetual","short","16548.0","16614.7","0.11496151105158739","0.7624868205100954","1902.383084881668","-8.430419607651057","-0.44315047135605945","86400.0","1668628800000.0","1668715200000.0"
"bd036388-f9ca-47e0-88ff-3468dcacdaf6","MomentumMAStrategy","BTC-USDT","Bybit Perpetual","long","16614.7","16204.3","0.11401795917196215","0.7483910804129252","1894.3741862543998","-47.54136152458636","-2.5096077569862913","280800.0","1668715200000.0","1668996000000.0"
"1ec059de-bdfb-4bf6-814a-ae0bf17a3bbf","MomentumMAStrategy","BTC-USDT","Bybit Perpetual","short","16204.3","16232.8","0.1141184681106893","0.740334432390648","1849.2098928060427","-3.9927107735452934","-0.21591441777799722","136800.0","1668996000000.0","1669132800000.0"
"77a13c02-1433-47c4-99e4-82a84e870c60","MomentumMAStrategy","BTC-USDT","Bybit Perpetual","long","16232.8","16432.8","0.11368444246039962","0.7427141047268859","1845.4168175711748","21.994174387353038","1.1918269183381796","237600.0","1669132800000.0","1669370400000.0"
"7626919b-e7bd-4faf-a64d-069837d03981","MomentumMAStrategy","BTC-USDT","Bybit Perpetual","short","16432.8","16502.5","0.11357232384250768","0.7481077114900286","1866.31128323916","-8.664098683312895","-0.46423652694611217","28800.0","1669370400000.0","1669399200000.0"
"dfd1b9fd-dd92-4b84-86bc-83464c3a4d56","MomentumMAStrategy","BTC-USDT","Bybit Perpetual","long","16502.5","16135.1","0.11259387301863431","0.7349587580065959","1858.0803894900127","-42.1019477050528","-2.265884078169972","201600.0","1669399200000.0","1669600800000.0"
"70f8891f-7b70-474e-8875-8cd7b90f3ae4","MomentumMAStrategy","BTC-USDT","Bybit Perpetual","long","16135.1","16208.5","0.11267878966788014","0.7288875403004097","1818.0835391702128","7.541735621321952","0.41481788151297255","28800.0","1669600800000.0","1669629600000.0"
"e99093fb-0041-4598-b13b-7c57e9a02e47","MomentumMAStrategy","BTC-USDT","Bybit Perpetual","short","16208.5","16279.1","0.11261055544994716","0.7316893362471407","1825.2481880104685","-8.681994551013451","-0.47566104204584236","64800.0","1669629600000.0","1669694400000.0"
"a23aab96-1e26-46fe-bd68-d4e57b1b8cc6","MomentumMAStrategy","BTC-USDT","Bybit Perpetual","long","16279.1","16874.9","0.11161552500979818","0.7401002232349698","1817.0002931870056","65.7604295776029","3.619175507245493","79200.0","1669694400000.0","1669773600000.0"
"ed74f6cd-be74-4d93-a898-2c6ee4d7f5de","MomentumMAStrategy","BTC-USDT","Bybit Perpetual","long","16874.9","16947.1","0.111376820086977","0.7533973617963472","1879.4727012857284","7.288009048483067","0.3877688164077836","194400.0","1669773600000.0","1669968000000.0"
"7d40087c-bc17-4414-b5f5-9db3a1794cf1","MomentumMAStrategy","BTC-USDT","Bybit Perpetual","short","16947.1","17083.0","0.11131086202841711","0.7575839531826474","1886.3963098817874","-15.884730102844696","-0.8420674923733351","57600.0","1669968000000.0","1670025600000.0"
"dfc7f5e2-90af-4b75-aca0-b76a02fa876a","MomentumMAStrategy","BTC-USDT","Bybit Perpetual","long","17083.0","16993.6","0.10954199006521602","0.7465637157312681","1871.3058162840853","-10.53961762756174","-0.5632226189779398","288000.0","1670025600000.0","1670313600000.0"
"ceb841d4-351d-436a-abdf-473c1c65d20e","MomentumMAStrategy","BTC-USDT","Bybit Perpetual","short","16993.6","17035.1","0.10952906856333572","0.7454263630842364","1861.2931795379018","-5.290882708462669","-0.28425842670181717","64800.0","1670313600000.0","1670378400000.0"
"31168909-7b62-4f21-955b-2e70e1f6596c","MomentumMAStrategy","BTC-USDT","Bybit Perpetual","long","17035.1","16999.9","0.10896718193405747","0.7417396074251292","1856.2668409648622","-4.577384411503635","-0.24659086239585967","482400.0","1670378400000.0","1670860800000.0"
"69c2a017-92f4-49aa-88d6-689bd4f35565","MomentumMAStrategy","BTC-USDT","Bybit Perpetual","short","16999.9","17000.0","0.10893701291030733","0.7407695090498316","1851.9183257739337","-0.7516632103407038","-0.040588356402087925","7200.0","1670860800000.0","1670868000000.0"
"568b2e7f-b15b-48d2-a4f1-a070e18fe0f9","MomentumMAStrategy","BTC-USDT","Bybit Perpetual","long","17000.0","17430.6","0.10889436739553589","0.7498596812097476","1851.20424572411","46.14005491930784","2.4924345882352856","57600.0","1670868000000.0","1670925600000.0"
"65322033-402c-4aa6-aaec-6175ae3ac1cc","MomentumMAStrategy","BTC-USDT","Bybit Perpetual","long","17430.6","17896.0","0.10871899406202037","0.7681344831262737","1895.0372978974522","49.829685353338164","2.6294830929514843","14400.0","1670925600000.0","1670940000000.0"
"d191b064-225a-4c60-bb75-f7ca885bb653","MomentumMAStrategy","BTC-USDT","Bybit Perpetual","long","17896.0","17691.9","0.10853685175363899","0.7725197253046658","1942.3754989831234","-22.924891168222224","-1.180250223513626","158400.0","1670940000000.0","1671098400000.0"
"ab8fb22f-8b7f-49fb-8eb8-946c42cd66f9","MomentumMAStrategy","BTC-USDT","Bybit Perpetual","short","17691.9","17029.1","0.10855797581793433","0.7538482956748996","1920.5968523733127","71.19837807645229","3.707096467875145","86400.0","1671098400000.0","1671184800000.0"
"dc62edab-e813-47cf-95d8-b8eed6726384","MomentumMAStrategy","BTC-USDT","Bybit Perpetual","short","17029.1","16736.5","0.11675516096246673","0.7884616125988533","1988.235311545942","33.37409848501874","1.6785789031716212","151200.0","1671184800000.0","1671336000000.0"
"8e4d6f55-299d-4048-8406-2941be031916","MomentumMAStrategy","BTC-USDT","Bybit Perpetual","long","16736.5","16658.3","0.12069074807198099","0.8060886787428382","2019.9407051067099","-10.24410517797184","-0.5071488065007661","403200.0","1671336000000.0","1671739200000.0"
"e90799da-61a7-42ac-bd15-0280a304e2c3","MomentumMAStrategy","BTC-USDT","Bybit Perpetual","short","16658.3","16791.6","0.1206731062105759","0.8073006670866285","2010.2088051876365","-16.89302572495631","-0.840361741594276","7200.0","1671739200000.0","1671746400000.0"
"b042432f-27c8-4beb-ad3c-dd680ab0d5fc","MomentumMAStrategy","BTC-USDT","Bybit Perpetual","long","16791.6","16597.3","0.11875940534248837","0.7930491818079619","1994.1604307489276","-23.868001639853365","-1.1968947569022563","460800.0","1671746400000.0","1672207200000.0"
"9ad890aa-7e3f-4fff-99fb-712cff69f12a","MomentumMAStrategy","BTC-USDT","Bybit Perpetual","short","16597.3","16570.5","0.11878352678996384","0.7879576519728326","1971.4858291910668","2.395440865998112","0.12150434106751866","86400.0","1672207200000.0","1672293600000.0"
"2af3f739-0f4c-4833-ba75-863d329d9d2b","MomentumMAStrategy","BTC-USDT","Bybit Perpetual","long","16570.5","16855.9","0.11911297172769472","0.796303567631723","1973.7614980137655","33.19853856345252","1.6819934220452095","511200.0","1672293600000.0","1672804800000.0"
"1da2d2a2-f751-4be6-8200-1d6114993db4","MomentumMAStrategy","BTC-USDT","Bybit Perpetual","long","16855.9","16991.0","0.11896725239524707","0.8053345390193376","2005.3001096490452","15.267141259578366","0.761339471639002","388800.0","1672804800000.0","1673193600000.0"
"1ed14154-911f-4dd1-913e-72e8ad26ed89","MomentumMAStrategy","BTC-USDT","Bybit Perpetual","long","16991.0","17195.0","0.1188749275407948","0.8127716545819224","2019.8038938456446","23.437713563740218","1.1603955035018538","50400.0","1673193600000.0","1673244000000.0"
"827c8459-b9b8-4f84-b0b7-846ceff56778","MomentumMAStrategy","BTC-USDT","Bybit Perpetual","long","17195.0","17453.6","0.11875950693406209","0.8229701303911088","2042.0697217311977","29.888238362757175","1.4636247746437834","144000.0","1673244000000.0","1673388000000.0"
"ae31da2c-b319-42f2-be00-fa57b7e6cc70","MomentumMAStrategy","BTC-USDT","Bybit Perpetual","long","17453.6","17935.7","0.11862673306228039","0.8396234088721919","2070.463548175817","56.35032460045344","2.7216284319567436","93600.0","1673388000000.0","1673481600000.0"
"27b742a3-0af2-4d7d-8faf-af31a9a0ee47","MomentumMAStrategy","BTC-USDT","Bybit Perpetual","long","17935.7","18840.0","0.11842283025174638","0.8710164956978299","2123.9963565462476","106.21874890095634","5.000891295014966","64800.0","1673481600000.0","1673546400000.0"
"5b326366-796d-4dd8-82e7-5f17c01e9fa2","MomentumMAStrategy","BTC-USDT","Bybit Perpetual","long","18840.0","19808.8","0.11809470106168556","0.9128436964785747","2224.904168002156","113.4973026920823","5.101222080679401","100800.0","1673546400000.0","1673647200000.0"
"974f5789-e3bc-43a9-9ff5-312f910ea788","MomentumMAStrategy","BTC-USDT","Bybit Perpetual","long","19808.8","20934.3","0.11776213630101946","0.9595988991052131","2332.726605559634","131.5816855076922","5.64068181818182","14400.0","1673647200000.0","1673661600000.0"
"002c452d-bd23-47b8-b1c8-6cae4b3617ec","MomentumMAStrategy","BTC-USDT","Bybit Perpetual","long","20934.3","20931.0","0.11740202475324908","0.9830141973804397","2457.729206791942","-1.3704408790660763","-0.055760450552439174","144000.0","1673661600000.0","1673805600000.0"
"1e11ac98-050d-4536-94cc-ba5aac4c5169","MomentumMAStrategy","BTC-USDT","Bybit Perpetual","short","20931.0","21195.5","0.11735833395235915","0.9887791710488116","2456.4272879568293","-32.030058501447805","-1.3039286226171707","43200.0","1673805600000.0","1673848800000.0"
"228658bd-7147-439d-b8dc-1e8ce79738d6","MomentumMAStrategy","BTC-USDT","Bybit Perpetual","long","21195.5","20834.8","0.11445819784295977","0.9621424785597905","2425.998732380454","-42.247214440515464","-1.7414359651812916","14400.0","1673848800000.0","1673863200000.0"
"4b65f14e-62f6-40c0-b0f8-e2528f01e3ca","MomentumMAStrategy","BTC-USDT","Bybit Perpetual","short","20834.8","21314.4","0.11451340443210226","0.965329677217913","2385.863878661964","-55.88595844285441","-2.3423783285656796","36000.0","1673863200000.0","1673899200000.0"
"1da2b4b3-992e-4bd4-bc5e-d71067fd3cd0","MomentumMAStrategy","BTC-USDT","Bybit Perpetual","long","21314.4","20889.6","0.10944583090029518","0.9238103694632116","2332.772218141252","-47.41639933590892","-2.032620200427893","165600.0","1673899200000.0","1674064800000.0"
"d1b63348-4e61-4be9-80d3-9c7a2bd9471a","MomentumMAStrategy","BTC-USDT","Bybit Perpetual","short","20889.6","20979.4","0.10951510027823122","0.9170575467098527","2287.726638772139","-10.751513551695334","-0.46996495863971977","129600.0","1674064800000.0","1674194400000.0"
"1a61bf74-9501-4bc5-94d2-6b57ea2bec76","MomentumMAStrategy","BTC-USDT","Bybit Perpetual","long","20979.4","22309.9","0.10855947743491369","0.939892757304642","2277.5127008980285","143.498491969848","6.300667035282228","57600.0","1674194400000.0","1674252000000.0"
"07198e62-add9-47e1-9e0e-ca4e7586d530","MomentumMAStrategy","BTC-USDT","Bybit Perpetual","long","22309.9","23271.9","0.1081957457572371","0.9863513687914461","2413.836268269384","103.09795604967064","4.27112465766319","79200.0","1674252000000.0","1674331200000.0"
"521baab7-fbe9-4fa1-99ba-759179ba26a5","MomentumMAStrategy","BTC-USDT","Bybit Perpetual","long","23271.9","22924.4","0.10793185457640207","0.9972104667135686","2511.7793265165715","-38.503529932013286","-1.5329184982747432","79200.0","1674331200000.0","1674410400000.0"
"8a30cd97-1676-45cc-bf07-39f6cb3203a3","MomentumMAStrategy","BTC-USDT","Bybit Perpetual","short","22924.4","23087.7","0.10797233397956582","0.9936067656602362","2475.2009730811587","-18.625488904523255","-0.7524839036136137","115200.0","1674410400000.0","1674525600000.0"
"9defa27a-95c8-429c-bd64-c80b0d66af7c","MomentumMAStrategy","BTC-USDT","Bybit Perpetual","long","23087.7","22627.4","0.10644225100905941","0.9732036298208505","2457.506758621861","-49.96857176929082","-2.0333035339163246","79200.0","1674525600000.0","1674604800000.0"
"61d40f6b-54a4-4f3e-9305-3f2305ddeea7","MomentumMAStrategy","BTC-USDT","Bybit Perpetual","short","22627.4","23593.3","0.10650965711663889","0.9845901817382063","2410.036615441035","-103.86226799069948","-4.309572200076004","79200.0","1674604800000.0","1674684000000.0"
"1848928c-f31f-4699-81e0-686f7ef8f7f8","MomentumMAStrategy","BTC-USDT","Bybit Perpetual","short","23593.3","23129.4","0.0979671118855722","0.9154575956992048","2311.3674608498704","44.531485608017526","1.9266294244552389","21600.0","1674684000000.0","1674705600000.0"
"1dd5bd13-dacb-47aa-a9fa-e239d887fcbc","MomentumMAStrategy","BTC-USDT","Bybit Perpetual","long","23129.4","22640.0","0.10176106479966998","0.9315085758484032","2353.672372177487","-50.73337368880704","-2.1554985429799367","79200.0","1674705600000.0","1674784800000.0"
"e8c12d92-e350-4089-b98b-79bc57fbfd6c","MomentumMAStrategy","BTC-USDT","Bybit Perpetual","short","22640.0","23057.3","0.10183196409775266","0.9306891625928466","2305.47566717312","-43.425167780584964","-1.8835665194346258","100800.0","1674784800000.0","1674885600000.0"
"18aa2cb4-12e0-48ac-848a-9d2852aeaaf2","MomentumMAStrategy","BTC-USDT","Bybit Perpetual","long","23057.3","23012.8","0.09819977871570239","0.9048147250820562","2264.2217577815645","-5.274704877930812","-0.23295884600538658","43200.0","1674885600000.0","1674928800000.0"
"5dbd6591-97ca-48eb-b6a0-1c84052f751f","MomentumMAStrategy","BTC-USDT","Bybit Perpetual","short","23012.8","23430.0","0.09817192119809541","0.9118757803637811","2259.21078814753","-41.869201304209255","-1.8532667037474828","64800.0","1674928800000.0","1674993600000.0"
"b5f7c404-cc25-42bb-b6fc-afa9d9eac610","MomentumMAStrategy","BTC-USDT","Bybit Perpetual","long","23430.0","23178.6","0.09472620772123477","0.8830111850391886","2219.4350469085307","-24.69717980615775","-1.1127687580025671","100800.0","1674993600000.0","1675094400000.0"
"0f1299cb-f21d-44e9-9c6d-e31134430be2","MomentumMAStrategy","BTC-USDT","Bybit Perpetual","short","23178.6","23127.3","0.09474138757701851","0.8774170438005322","2195.972726092681","3.982816138900448","0.18136910771142034","129600.0","1675094400000.0","1675224000000.0"
"7a162841-f802-494f-9999-71f83b6a0fd0","MomentumMAStrategy","BTC-USDT","Bybit Perpetual","long","23127.3","23958.6","0.09511514104217252","0.8957164039195262","2199.7564014246364","78.17350034443842","3.553734417766014","79200.0","1675224000000.0","1675303200000.0"
"bbe8b623-411c-43dd-89f0-2b240138d5c1","MomentumMAStrategy","BTC-USDT","Bybit Perpetual","long","23958.6","23457.1","0.09491461215395947","0.9000885551016993","2274.021226751853","-48.499766550312366","-2.1327754543253774","108000.0","1675303200000.0","1675411200000.0"
"e6cda3a4-c247-4029-937a-774921d032c3","MomentumMAStrategy","BTC-USDT","Bybit Perpetual","short","23457.1","22848.600000000002","0.09497962018020371","0.8796195596356918","2227.9464485290564","56.91547932001792","2.5546161290184908","208800.0","1675411200000.0","1675620000000.0"
"614a2890-b229-441f-acf2-60f600546c24","MomentumMAStrategy","BTC-USDT","Bybit Perpetual","short","22848.6","22973.4","0.0998755352136706","0.9152993549121629","2282.016153883074","-13.379766149578543","-0.5863133846275173","158400.0","1675620000000.0","1675778400000.0"
"df383702-5a7a-4025-9116-846357ad5290","MomentumMAStrategy","BTC-USDT","Bybit Perpetual","long","22973.4","22867.3","0.09877969199339122","0.9056260453522897","2269.305376040974","-11.386151365851315","-0.501746106366503","108000.0","1675778400000.0","1675886400000.0"
"9f8c4e8e-ae36-4103-93b4-96286b674fc3","MomentumMAStrategy","BTC-USDT","Bybit Perpetual","short","22867.3","22027.3","0.09876498459561972","0.8868028954853018","2258.4885322434147","82.07578416483526","3.6341023207812024","86400.0","1675886400000.0","1675972800000.0"
"b3aadc7f-80bb-443a-b4fd-6037b1765b15","MomentumMAStrategy","BTC-USDT","Bybit Perpetual","short","22027.3","21815.599999999995","0.10607112661106936","0.9300931593792905","2336.460527200008","21.525164344184557","0.9212723302447616","180000.0","1675972800000.0","1676152800000.0"
"0018944f-4bfd-42b7-841b-6c573c9b8204","MomentumMAStrategy","BTC-USDT","Bybit Perpetual","long","21815.6","21800.9","0.10803780016717321","0.9424461421983021","2356.9094333269836","-2.5306018046554337","-0.10736949705713844","108000.0","1676152800000.0","1676260800000.0"
"87b22ec7-706b-4617-a9e6-38136201841a","MomentumMAStrategy","BTC-USDT","Bybit Perpetual","short","21800.9","22033.299999999996","0.10800037437044163","0.9468220020457625","2354.505361612561","-26.04610900573577","-1.1062242384488445","129600.0","1676260800000.0","1676390400000.0"
"2bc0ec1d-2d35-4ddb-a485-6e510135e04c","MomentumMAStrategy","BTC-USDT","Bybit Perpetual","long","22033.3","22687.1","0.10573820344919335","0.9457309507058613","2329.761558057112","68.18590646437667","2.9267332628339795","79200.0","1676390400000.0","1676469600000.0"
"55e88f69-1fd1-40ac-a03e-7262ef0ed6a0","MomentumMAStrategy","BTC-USDT","Bybit Perpetual","long","22687.1","24181.0","0.10554624298382206","0.9893503741580143","2394.5381691982693","156.68618201937392","6.543482331368934","28800.0","1676469600000.0","1676498400000.0"
"cff391a6-569e-4966-a79c-1423a51dcd80","MomentumMAStrategy","BTC-USDT","Bybit Perpetual","long","24181.0","23636.0","0.10518134246378041","1.0058912505181177","2543.390042116674","-58.32972289327844","-2.2933848889624087","122400.0","1676498400000.0","1676620800000.0"
"a63813ac-6d30-4214-895e-be26b6945012","MomentumMAStrategy","BTC-USDT","Bybit Perpetual","short","23636.0","24560.0","0.10526217656828818","1.0146431723770435","2487.9768053680596","-98.27689432147533","-3.950072770350313","93600.0","1676620800000.0","1676714400000.0"
"ca445c12-eb02-4455-b9fa-6d036f89d675","MomentumMAStrategy","BTC-USDT","Bybit Perpetual","long","24560.0","24353.400000000005","0.09750056008805609","0.9538167791622246","2394.6137557626575","-21.097432493354116","-0.8810369706840184","115200.0","1676714400000.0","1676829600000.0"
"e4c85cff-ee62-44d0-9f5f-d8ebc3de8f60","MomentumMAStrategy","BTC-USDT","Bybit Perpetual","short","24353.4","24812.6","0.0975047096049821","0.95878331048771","2374.571194893971","-45.732945961095204","-1.9259454532015945","86400.0","1676829600000.0","1676916000000.0"
"47dd9a77-9df5-4abe-81d0-4a6feaf4c623","MomentumMAStrategy","BTC-USDT","Bybit Perpetual","long","24812.6","24607.700000000004","0.09394923934738525","0.9285999186639167","2331.124896230931","-20.17879906094261","-0.8656249647356352","93600.0","1676916000000.0","1677009600000.0"
"0f2a8de9-a60a-4167-bddc-be8d87692d7b","MomentumMAStrategy","BTC-USDT","Bybit Perpetual","short","24607.7","23770.0","0.09395250418052215","0.9090412122988092","2311.955037123035","77.79497153972467","3.364899848421433","237600.0","1677009600000.0","1677247200000.0"
"2d8ef151-70e4-40e4-80c9-f77fa3893343","MomentumMAStrategy","BTC-USDT","Bybit Perpetual","short","23770.0","22974.0","0.10037274968808471","0.9383647622839664","2385.8602600857735","78.95834398943147","3.3094286916281033","79200.0","1677247200000.0","1677326400000.0"
"af4ec532-985b-4c17-8a72-85bc00539f7c","MomentumMAStrategy","BTC-USDT","Bybit Perpetual","short","22974.0","23244.2","0.10711546473734365","0.9901367944646994","2460.870686875733","-29.93273536649503","-1.216347349177334","86400.0","1677326400000.0","1677412800000.0"
"4a4ac01d-ce6f-46a3-abf8-c7e35d740669","MomentumMAStrategy","BTC-USDT","Bybit Perpetual","long","23244.2","23480.0","0.1046469479817573","0.977908985377845","2432.4345882775633","23.697841348720452","0.9742437253164199","129600.0","1677412800000.0","1677542400000.0"
"5315d6dc-16ca-4bbc-9ce4-ffe5fa345f4e","MomentumMAStrategy","BTC-USDT","Bybit Perpetual","short","23480.0","23749.3","0.10455483550080272","0.9876103384636123","2454.9475375588477","-29.144227538829707","-1.1871629471890939","122400.0","1677542400000.0","1677664800000.0"
"8a867a56-9693-493e-ba20-78abefcaae3e","MomentumMAStrategy","BTC-USDT","Bybit Perpetual","long","23749.3","23405.6","0.10220345531855506","0.9638787430401864","2427.2605213969596","-36.09120633602763","-1.486911108959004","93600.0","1677664800000.0","1677758400000.0"
"1a5ad991-341c-4218-ae9a-cc0d75a9ae38","MomentumMAStrategy","BTC-USDT","Bybit Perpetual","short","23405.6","22137.5","0.10223937328578346","0.9312596002983531","2392.9738753777333","128.71848966340352","5.379017756434352","50400.0","1677758400000.0","1677808800000.0"
"5bedeeb6-5279-4d8d-a4cb-730f3b6ff6db","MomentumMAStrategy","BTC-USDT","Bybit Perpetual","short","22137.5","22582.7","0.11361971498850215","1.0162192756457629","2515.2564405579665","-51.599716388527","-2.0514694071146278","172800.0","1677808800000.0","1677981600000.0"
"9de73884-ec35-4ee8-ad6c-8a4fdb467c29","MomentumMAStrategy","BTC-USDT","Bybit Perpetual","long","22582.7","22380.9","0.10920911626992635","0.9820870040628922","2466.236709988866","-23.020486667333948","-0.9334256754063918","108000.0","1677981600000.0","1678089600000.0"
"103f8490-7b34-4b5a-ab72-2c49769e656c","MomentumMAStrategy","BTC-USDT","Bybit Perpetual","short","22380.9","21695.4","0.1092166645512423","0.9627732943519844","2444.367247654899","73.9052502555246","3.0234920847687086","230400.0","1678089600000.0","1678320000000.0"
"915e8b49-fd81-4755-b4ca-79efb4772bca","MomentumMAStrategy","BTC-USDT","Bybit Perpetual","short","21695.4","20845.6","0.11590370472070793","0.9861319005047273","2514.577235397647","97.50883637115321","3.8777427473105024","72000.0","1678320000000.0","1678392000000.0"
"8e249123-0b4a-4cc9-a70e-c09b5273b435","MomentumMAStrategy","BTC-USDT","Bybit Perpetual","short","20845.6","19978.3","0.1250724675687072","1.0211891817556293","2607.210629950243","107.45416194058404","4.121422362512949","36000.0","1678392000000.0","1678428000000.0"
"1bcc775f-e518-485a-ac13-0dbe554a2272","MomentumMAStrategy","BTC-USDT","Bybit Perpetual","short","19978.3","20070.1","0.13561174293076977","1.086206665117728","2709.2920837937977","-13.535364666162295","-0.4995904556443705","115200.0","1678428000000.0","1678543200000.0"
"8dbfc3f6-7463-4d0d-abde-393aff9d0718","MomentumMAStrategy","BTC-USDT","Bybit Perpetual","long","20070.1","21262.8","0.13435077490201566","1.1106214287895046","2696.4334873609446","159.1295477968447","5.901482404173376","115200.0","1678543200000.0","1678658400000.0"
"75b2b4ae-32c3-40a4-9cc0-6c73a30c1d62","MomentumMAStrategy","BTC-USDT","Bybit Perpetual","long","21262.8","22387.4","0.133924344760236","1.1691648867306508","2847.606557767946","149.44215323063108","5.24799160975978","28800.0","1678658400000.0","1678687200000.0"
"8a2d2fa0-d87f-4aac-a9eb-6ab0574ff622","MomentumMAStrategy","BTC-USDT","Bybit Perpetual","long","22387.4","24009.0","0.13353835654596094","1.2391398011298045","2989.576603337046","215.30665917380028","7.201911432323533","36000.0","1678687200000.0","1678723200000.0"
"f76079db-b563-4dbc-abf1-7dbb8b333626","MomentumMAStrategy","BTC-USDT","Bybit Perpetual","long","24009.0","25794.3","0.13303835768054298","1.3251498478142771","3194.1179295521565","236.188230119259","7.394474322129198","79200.0","1678723200000.0","1678802400000.0"
"ae15da96-7650-4918-a4ae-7441a9451a61","MomentumMAStrategy","BTC-USDT","Bybit Perpetual","long","25794.3","24528.4","0.13252915365663936","1.3338449681433933","3418.4967481654526","-169.10250058208285","-4.946691866032409","72000.0","1678802400000.0","1678874400000.0"
"17fc0394-7762-49a1-96db-2a70675ab405","MomentumMAStrategy","BTC-USDT","Bybit Perpetual","short","24528.4","24899.6","0.13281948160550522","1.3130002673593824","3257.8493726124743","-50.61559183932253","-1.5536504623212157","129600.0","1678874400000.0","1679004000000.0"
"f7f8030e-085e-4acd-b4af-afd6ad0c5975","MomentumMAStrategy","BTC-USDT","Bybit Perpetual","long","24899.6","26914.1","0.12890827805929084","1.3358429693761353","3209.764560365118","258.34988318106525","8.04887331523398","50400.0","1679004000000.0","1679054400000.0"
"62e7ad9e-df06-4541-8c09-386141cd94b1","MomentumMAStrategy","BTC-USDT","Bybit Perpetual","long","26914.1","27050.0","0.12837869181533582","1.3855681125983925","3455.1969493871293","16.061096105105932","0.4648388019662611","151200.0","1679054400000.0","1679205600000.0"
"321db5f0-f50a-4930-96f4-0ad80c3d6fcd","MomentumMAStrategy","BTC-USDT","Bybit Perpetual","short","27050.0","27667.4","0.12829778154110835","1.4040242063394885","3470.454990686981","-80.61507452981996","-2.3228964140480644","72000.0","1679205600000.0","1679277600000.0"
"4f0b482a-2c1d-4ab3-ab16-5661f382ae10","MomentumMAStrategy","BTC-USDT","Bybit Perpetual","long","27667.4","27264.3","0.12266677280422635","1.347658872729984","3393.870669883652","-50.79463499011389","-1.4966579440063112","7200.0","1679277600000.0","1679284800000.0"
"b447caef-0034-4a8b-955a-0d756b2871c0","MomentumMAStrategy","BTC-USDT","Bybit Perpetual","short","27264.3","27510.1","0.12271049565340184","1.3442787546235389","3345.6157666430436","-31.50651858622962","-0.9417255531959349","7200.0","1679284800000.0","1679292000000.0"
"23076652-1daf-4630-a29f-ea4508b56891","MomentumMAStrategy","BTC-USDT","Bybit Perpetual","long","27510.1","27863.3","0.12052608220203219","1.334787792041202","3315.6845739861255","41.235024441716654","1.2436353193917897","72000.0","1679292000000.0","1679364000000.0"
"47a9a6d0-c138-46b7-bbb6-7dc0f671b790","MomentumMAStrategy","BTC-USDT","Bybit Perpetual","short","27863.3","28184.0","0.12040418210354684","1.349665863122424","3354.8578472057566","-39.963287063729986","-1.1912065692147045","100800.0","1679364000000.0","1679464800000.0"
"134db2d8-decd-42d8-830e-ca55eaf31afc","MomentumMAStrategy","BTC-USDT","Bybit Perpetual","long","28184.0","26654.1","0.11768708219185399","1.2907471963890216","3316.892724495213","-181.3402142417066","-5.467171515753623","50400.0","1679464800000.0","1679515200000.0"
"870bc4e7-b0c9-432a-8d66-43e5e988b370","MomentumMAStrategy","BTC-USDT","Bybit Perpetual","short","26654.1","28574.5","0.11797882955963968","1.3031611172435031","3144.6195209655916","-227.8697054035757","-7.24633628597477","72000.0","1679515200000.0","1679587200000.0"
"ccf48b12-c761-47e7-afc9-6c6978dd5c27","MomentumMAStrategy","BTC-USDT","Bybit Perpetual","short","28574.5","28284.1","0.1024739995741726","1.1653056304376102","2928.1433008321947","28.593143845902258","0.9764940068942639","28800.0","1679587200000.0","1679616000000.0"
"de091216-2bca-48aa-af76-187e2084d1cc","MomentumMAStrategy","BTC-USDT","Bybit Perpetual","long","28284.1","27811.3","0.10448650611070538","1.1722424709764927","2955.306787485802","-50.57346256011792","-1.7112762294009682","72000.0","1679616000000.0","1679688000000.0"
"da91a142-b290-4aed-bba9-fd98cf4de19f","MomentumMAStrategy","BTC-USDT","Bybit Perpetual","short","27811.3","28139.5","0.10453527875553066","1.169766494918989","2907.2619980536897","-35.47824498248423","-1.2203318794878368","151200.0","1679688000000.0","1679839200000.0"
"010d2aa3-c626-429e-b1f8-e4a2521e9089","MomentumMAStrategy","BTC-USDT","Bybit Perpetual","long","28139.5","26887.3","0.10211829155885249","1.1238485611901328","2873.5576653203298","-128.9963732511853","-4.489082464151817","93600.0","1679839200000.0","1679932800000.0"
"75a138e2-6c7a-4dd7-81d0-113d6b3df333","MomentumMAStrategy","BTC-USDT","Bybit Perpetual","short","26887.3","27532.6","0.10231637653210636","1.1136093958479152","2751.0111107317034","-67.13836717201607","-2.4404978558650336","136800.0","1679932800000.0","1680069600000.0"
"9541bc6d-95d0-4c17-a80b-010e35bfd363","MomentumMAStrategy","BTC-USDT","Bybit Perpetual","long","27532.6","28706.6","0.09760173982545375","1.0978087532783318","2687.229661918288","113.48663380180437","4.2231832809106296","93600.0","1680069600000.0","1680163200000.0"
"92283b25-9a96-4691-b0ec-7323f258b212","MomentumMAStrategy","BTC-USDT","Bybit Perpetual","long","28706.6","27971.300000000003","0.09736583099461457","1.103698166505933","2795.0419640300024","-72.6967936968456","-2.6009195794695144","43200.0","1680163200000.0","1680206400000.0"
"05fe6b80-0559-4f80-b752-063bc2a8f72d","MomentumMAStrategy","BTC-USDT","Bybit Perpetual","short","27971.3","28532.000000000004","0.09745632165891462","1.10132075591803","2725.980010017998","-55.745080310071884","-2.0449555794689713","115200.0","1680206400000.0","1680321600000.0"
"89b09b59-ea7d-4e92-8c02-2c9a4bb3ee9e","MomentumMAStrategy","BTC-USDT","Bybit Perpetual","long","28532.0","28373.7","0.09368506181562562","1.0662428044322896","2673.0221837234303","-15.896588089845757","-0.5947046824617946","79200.0","1680321600000.0","1680400800000.0"
"40cdba6e-b47c-4406-94de-9a0a6bf7c9b5","MomentumMAStrategy","BTC-USDT","Bybit Perpetual","short","28373.7","28011.699999999997","0.09367549614742092","1.0563860640941576","2657.920425038077","32.854143541272556","1.2360845430804006","223200.0","1680400800000.0","1680624000000.0"
"5c993a77-7edd-4a27-827f-dbbd9f8e5ec3","MomentumMAStrategy","BTC-USDT","Bybit Perpetual","long","28011.7","28229.100000000002","0.09600030920659174","1.079826838005217","2689.1318614022857","19.790640383507967","0.7359490498613132","100800.0","1680624000000.0","1680724800000.0"
"45ef0403-c6c1-414d-a2c7-8397600a1729","MomentumMAStrategy","BTC-USDT","Bybit Perpetual","short","28229.100000000002","28297.1","0.09592700333225705","1.0844777951519657","2707.9329697666176","-7.6075140217450965","-0.28093435497410957","396000.0","1680724800000.0","1681120800000.0"
"fed8030c-883e-45d4-a5b2-a964c4def290","MomentumMAStrategy","BTC-USDT","Bybit Perpetual","long","28297.1","29154.0","0.09544108164603296","1.0966390251508809","2700.705831445959","80.6868238373349","2.987619862106016","28800.0","1681120800000.0","1681149600000.0"
"a1ef76c7-97da-4e2f-a919-0456799df612","MomentumMAStrategy","BTC-USDT","Bybit Perpetual","long","29154.000000000004","30191.900000000005","0.09526508589186483","1.1307184521660045","2777.3583140914275","97.74491419500065","3.5193483570007595","28800.0","1681149600000.0","1681178400000.0"
"0e6f7f5d-7cf1-4cc2-8cc3-3bc7684554e4","MomentumMAStrategy","BTC-USDT","Bybit Perpetual","long","30191.899999999998","30039.6","0.09506576209435902","1.145190689917277","2870.215982576678","-15.623706256888086","-0.5443390445781792","129600.0","1681178400000.0","1681308000000.0"
"3cd490f3-5575-43f5-9b98-62903c5254fe","MomentumMAStrategy","BTC-USDT","Bybit Perpetual","short","30039.6","30776.4","0.09505364457691295","1.1561564897179077","2855.373461632634","-71.19168181398764","-2.4932529061638733","129600.0","1681308000000.0","1681437600000.0"
"52406210-5f1f-49d6-9a96-c1cfd2946607","MomentumMAStrategy","BTC-USDT","Bybit Perpetual","long","30776.4","30311.2","0.0905804890730997","1.106668936860377","2787.7413639093456","-43.24471245366642","-1.5512454997985492","64800.0","1681437600000.0","1681502400000.0"
"6404b3c7-2694-4dc1-a90e-a96f6292444c","MomentumMAStrategy","BTC-USDT","Bybit Perpetual","short","30311.199999999997","29558.100000000002","0.09061531338509735","1.0850150763292818","2746.6588870783626","67.15737743398707","2.4450570746126674","230400.0","1681502400000.0","1681732800000.0"
"1bb2cfe3-8605-492d-abeb-4b3345c4e757","MomentumMAStrategy","BTC-USDT","Bybit Perpetual","short","29558.100000000002","30369.699999999997","0.09508251192196558","1.139617151591434","2810.458395640651","-78.30858382745822","-2.78632780862097","86400.0","1681732800000.0","1681819200000.0"
"25c3992d-2ca7-4c19-87a8-e9b638766d67","MomentumMAStrategy","BTC-USDT","Bybit Perpetual","short","30369.7","30013.499999999996","0.09009194167227746","1.0880079464770929","2736.065241004565","31.00274167718853","1.1331141236166453","21600.0","1681819200000.0","1681840800000.0"
"0e7e04b9-3796-4fbc-b3e1-f2ff0434b6cb","MomentumMAStrategy","BTC-USDT","Bybit Perpetual","long","30013.5","29317.7","0.09214246407776149","1.0933845929380965","2765.5178455978944","-65.20611109824446","-2.357826444766519","72000.0","1681840800000.0","1681912800000.0"
"f33793c5-62c8-46c6-a085-bb2843fc0442","MomentumMAStrategy","BTC-USDT","Bybit Perpetual","short","29317.700000000004","28091.2","0.09221637577485825","1.058808139044252","2703.572040054562","112.04457674881974","4.144316300391926","108000.0","1681912800000.0","1682020800000.0"
"ddf8ff45-5ce7-49fc-899e-7d2f00fe6739","MomentumMAStrategy","BTC-USDT","Bybit Perpetual","short","28091.2","27229.3","0.10003183872408229","1.1067622668271189","2810.0143879659404","85.11067952945956","3.028834296861656","136800.0","1682020800000.0","1682157600000.0"
"58f47bae-9eca-4c68-a267-fd6d7cca876f","MomentumMAStrategy","BTC-USDT","Bybit Perpetual","short","27229.3","27704.6","0.10616760377677453","1.1664401058225908","2890.869533518927","-51.62790218092345","-1.7858952672305175","79200.0","1682157600000.0","1682236800000.0"
"0328fdd7-ca81-45fd-9206-78bf70142246","MomentumMAStrategy","BTC-USDT","Bybit Perpetual","long","27704.6","27643.3","0.10257585478393659","1.1354716305991688","2841.8230264470494","-7.423371528854407","-0.2612186423915136","79200.0","1682236800000.0","1682316000000.0"
"0afb3d4d-3a59-46b8-90d9-10946222e3e1","MomentumMAStrategy","BTC-USDT","Bybit Perpetual","short","27643.3","28249.3","0.10254820602079484","1.1463371719675757","2834.770823494638","-63.29055002056925","-2.232651383879638","144000.0","1682316000000.0","1682460000000.0"
"03ef70fd-6c68-475f-82bf-1f6dba194466","MomentumMAStrategy","BTC-USDT","Bybit Perpetual","long","28249.3","29837.400000000005","0.09821994884740852","1.141054540542953","2774.6448009750975","154.84204622402711","5.580607873469453","57600.0","1682460000000.0","1682517600000.0"
"7a794bad-bb66-4cb1-afe0-88975f9fafb2","MomentumMAStrategy","BTC-USDT","Bybit Perpetual","long","29837.4","27871.9","0.09792222998277073","1.1302046693489423","2921.7447448879234","-193.5963477004848","-6.626052739179687","21600.0","1682517600000.0","1682539200000.0"
"aa3063bd-f934-4aa5-8218-dad3eb7c34f9","MomentumMAStrategy","BTC-USDT","Bybit Perpetual","long","27871.9","28920.1","0.0982289766600936","1.1157240084960072","2737.828214572463","101.84788932661382","3.7200248278732237","64800.0","1682539200000.0","1682604000000.0"
"92e9158d-ba40-4003-a98a-fa98deb50b13","MomentumMAStrategy","BTC-USDT","Bybit Perpetual","short","28920.1","29659.9","0.09801431217156048","1.1483356814020027","2834.583709432746","-73.65932382592273","-2.5985940574202817","21600.0","1682604000000.0","1682625600000.0"
"6179de6f-49de-4076-a558-0a52c84d11d8","MomentumMAStrategy","BTC-USDT","Bybit Perpetual","long","29659.9","29310.1","0.0932102721788718","1.0993219500776141","2764.60735179812","-33.70427515824724","-1.219134251969841","93600.0","1682625600000.0","1682719200000.0"
"1e2a9f33-dd75-43c0-a761-20df2e421cdd","MomentumMAStrategy","BTC-USDT","Bybit Perpetual","short","29310.1","28445.4","0.09323026159575656","1.0769120747187437","2732.5882903977845","79.53929512713168","2.9107676193530456","230400.0","1682719200000.0","1682949600000.0"
"27a546f9-dd9c-4c8e-9c83-1f678cb8cf3f","MomentumMAStrategy","BTC-USDT","Bybit Perpetual","short","28445.4","28656.500000000004","0.09872072886190947","1.1274282374799738","2808.1506207685597","-21.96737410022928","-0.7822719314898092","122400.0","1682949600000.0","1683072000000.0"
"cecbfdda-544a-4f6e-9c62-3673c2dfe20d","MomentumMAStrategy","BTC-USDT","Bybit Perpetual","long","28656.5","29137.5","0.09726524925840006","1.1242695631279946","2787.2816153733415","45.66031533016243","1.6381665590703678","216000.0","1683072000000.0","1683288000000.0"
"bbe6768e-cf49-4ebc-818e-8d28b3c73d98","MomentumMAStrategy","BTC-USDT","Bybit Perpetual","short","29137.5","29548.7","0.0971483111089488","1.1402530430803983","2830.6589149369956","-41.08763857108021","-1.4515220592020615","28800.0","1683288000000.0","1683316800000.0"
"9bdb52da-59e0-4110-9d33-9d4df477af5b","MomentumMAStrategy","BTC-USDT","Bybit Perpetual","long","29548.7","28937.3","0.09447541375067159","1.1050978097243558","2791.6256582944698","-58.8673657768851","-2.1087127352472406","64800.0","1683316800000.0","1683381600000.0"
"f4e76b20-6343-4bc2-9e49-0c68cd42cfc0","MomentumMAStrategy","BTC-USDT","Bybit Perpetual","short","28937.3","27957.8","0.0945389397354428","1.0757604860283985","2735.701660806429","91.52513098483783","3.3455815850131145","151200.0","1683381600000.0","1683532800000.0"
"da96d775-a1fe-4aba-b1de-57340ba62c39","MomentumMAStrategy","BTC-USDT","Bybit Perpetual","short","27957.8","28153.7","0.10096111050376015","1.1330158704063475","2822.6505352420254","-20.911297418093106","-0.7408390502829315","194400.0","1683532800000.0","1683727200000.0"
"ab2fcaf7-e0a5-4bdc-8aef-5bf6d92798f6","MomentumMAStrategy","BTC-USDT","Bybit Perpetual","long","28153.7","27435.099999999995","0.09955298247458902","1.1068061664366868","2802.784802694837","-72.64557937267693","-2.591907138315766","50400.0","1683727200000.0","1683777600000.0"
"9be5ec1e-92ed-4fab-a32a-75b4021931ca","MomentumMAStrategy","BTC-USDT","Bybit Perpetual","short","27435.100000000002","26261.3","0.09964503509339474","1.0701159324777922","2733.771502290794","115.89322626014925","4.239316496021531","93600.0","1683777600000.0","1683871200000.0"
"88b4a4b5-ef01-44b8-938f-e924a3bef69e","MomentumMAStrategy","BTC-USDT","Bybit Perpetual","short","26261.3","26828.0","0.10829129050115324","1.149821761760575","2843.8700672379355","-62.5184960887642","-2.1983597917848727","100800.0","1683871200000.0","1683972000000.0"
"4bb19072-cf0a-47a8-928d-df374977a8cc","MomentumMAStrategy","BTC-USDT","Bybit Perpetual","long","26828.0","26895.9","0.10378997673898946","1.1152004662655592","2784.4774959536094","5.932138954311976","0.21304316385866054","129600.0","1683972000000.0","1684101600000.0"
"8fa7a5c1-c3d4-4b50-856c-f013b624aaad","MomentumMAStrategy","BTC-USDT","Bybit Perpetual","short","26895.9","27322.4","0.10373748519143085","1.1248940186709113","2790.1130279602053","-45.36893145281617","-1.626060700701594","28800.0","1684101600000.0","1684130400000.0"
"cd1d1184-2de1-4c92-b55f-b8bbe66626e8","MomentumMAStrategy","BTC-USDT","Bybit Perpetual","long","27322.4","27050.1","0.10054067516323711","1.093329572062622","2747.01254308003","-28.47055541901238","-1.0364188358270243","86400.0","1684130400000.0","1684216800000.0"
"8d00b409-4ad7-42a2-b569-0932250b1585","MomentumMAStrategy","BTC-USDT","Bybit Perpetual","short","27050.1","27312.5","0.10055288207555492","1.0932632214241123","2719.965515431968","-27.47833947804987","-1.0102458770947298","158400.0","1684216800000.0","1684375200000.0"
"c27b3bdc-4e59-4c6e-9a96-7b7e183a0f87","MomentumMAStrategy","BTC-USDT","Bybit Perpetual","long","27312.5","26475.2","0.09863106976394768","1.061027678228458","2693.861092927821","-83.64482239158178","-3.1050161647597228","57600.0","1684375200000.0","1684432800000.0"
"1ceee952-4335-4e1b-b37b-31cfd6c5488d","MomentumMAStrategy","BTC-USDT","Bybit Perpetual","long","26475.2","26901.4","0.09874896173233132","1.0541767661603911","2614.3985116558183","41.03263072415929","1.5694864628029277","14400.0","1684432800000.0","1684447200000.0"
"6a9b5676-5eab-4aca-b9a8-1bc70691b8c7","MomentumMAStrategy","BTC-USDT","Bybit Perpetual","short","26901.4","27054.3","0.09863351018325328","1.064368017078912","2653.37951084377","-16.145431724098124","-0.6084855806760906","165600.0","1684447200000.0","1684612800000.0"
"01308ab4-9e4a-45f6-8567-39e5c992aa86","MomentumMAStrategy","BTC-USDT","Bybit Perpetual","long","27054.3","26880.2","0.097509133509493","1.05182127225355","2638.0413507058765","-18.02816141625614","-0.6833919192143154","64800.0","1684612800000.0","1684677600000.0"
"de97e96b-dd09-4c9d-9c7b-33d2e8ab0da1","MomentumMAStrategy","BTC-USDT","Bybit Perpetual","short","26880.2","27354.599999999995","0.09750353782190731","1.0576169746127158","2620.9145973604327","-47.31329531732497","-1.8052207944881147","136800.0","1684677600000.0","1684814400000.0"
"c76a22d8-5ad9-4d6f-8777-f30d37526576","MomentumMAStrategy","BTC-USDT","Bybit Perpetual","long","27354.6","26770.0","0.09416942550097511","1.0193764974940156","2575.9669668089737","-56.070822645363926","-2.17669028243878","86400.0","1684814400000.0","1684900800000.0"
"1c5bc2f4-7b14-4723-a5fe-11d09286c762","MomentumMAStrategy","BTC-USDT","Bybit Perpetual","long","26770.0","26762.3","0.09423607341411572","1.0089347505652935","2522.6996852958778","-1.7345525158540531","-0.06875778856929671","7200.0","1684900800000.0","1684908000000.0"
"08855013-90b7-4569-8ee9-f44dce530bda","MomentumMAStrategy","BTC-USDT","Bybit Perpetual","short","26762.3","26118.899999999998","0.0942016142261994","0.9962988804436992","2521.051860405816","59.61301971269313","2.3646090208988073","93600.0","1684908000000.0","1685001600000.0"
"c71410d3-3460-40b6-bf6d-6a7d7ee388d1","MomentumMAStrategy","BTC-USDT","Bybit Perpetual","short","26118.9","26425.699999999997","0.0986903824101656","1.0371293335178375","2577.6842291328744","-31.315338656956214","-1.214863259938189","72000.0","1685001600000.0","1685073600000.0"
"22f60b27-1360-429b-99ba-66c92b39c414","MomentumMAStrategy","BTC-USDT","Bybit Perpetual","long","26425.7","26759.4","0.09641881416230283","1.0256088546206985","2547.934657408766","31.14934943133982","1.222533291454912","151200.0","1685073600000.0","1685224800000.0"
"4a01643d-778d-4663-9400-1a3d84e06de9","MomentumMAStrategy","BTC-USDT","Bybit Perpetual","short","26759.4","27080.099999999995","0.09632228448203392","1.037188727074093","2577.5265393685386","-31.92774536046174","-1.238697055987778","14400.0","1685224800000.0","1685239200000.0"
"598c21cb-9e65-4154-9e08-570761604860","MomentumMAStrategy","BTC-USDT","Bybit Perpetual","long","27080.1","27828.5","0.09406151311391389","1.0329571997933304","2547.1951812760994","69.36267921465996","2.7231002839723693","72000.0","1685239200000.0","1685311200000.0"
"231dbc4d-88c8-4477-932e-a8340640ba23","MomentumMAStrategy","BTC-USDT","Bybit Perpetual","long","27828.5","27756.300000000003","0.09389976917656455","1.043879977945101","2613.0897265300264","-7.823443312492788","-0.29939436189516894","100800.0","1685311200000.0","1685412000000.0"
"02d15930-35b9-43ee-8970-d75e590a03ee","MomentumMAStrategy","BTC-USDT","Bybit Perpetual","short","27756.3","26900.099999999995","0.09387625351300995","1.0261876125016953","2605.657455383158","79.35066064533783","3.0453220349974757","136800.0","1685412000000.0","1685548800000.0"
"f102f542-bf6a-4968-8602-efdac06d33b7","MomentumMAStrategy","BTC-USDT","Bybit Perpetual","short","26900.1","27074.6","0.09966656566318446","1.0758945963401365","2681.0405829962283","-18.467710304565827","-0.6888262125419609","151200.0","1685548800000.0","1685700000000.0"
"15b49d81-7d5f-41b4-a0a5-b94d95d0b40c","MomentumMAStrategy","BTC-USDT","Bybit Perpetual","long","27074.6","27054.9","0.0983761997668254","1.0650109010556752","2663.496258206891","-3.003022036461849","-0.11274737207566164","136800.0","1685700000000.0","1685836800000.0"
"394727fd-0ff3-4a92-a5ba-6db474afccf2","MomentumMAStrategy","BTC-USDT","Bybit Perpetual","short","27054.9","25991.9","0.09834238482760063","1.043349763894553","2660.6433872722523","103.49460530784492","3.88983378242019","144000.0","1685836800000.0","1685980800000.0"
"95626fa5-d982-4849-95d6-fa13ec08a41a","MomentumMAStrategy","BTC-USDT","Bybit Perpetual","short","25991.9","27073.2","0.10614704051318699","1.1265406639072637","2758.963262314705","-115.90333557081628","-4.200974226585972","100800.0","1685980800000.0","1686081600000.0"
"d75e4e83-db36-46b6-9ce4-3fc4643a4a97","MomentumMAStrategy","BTC-USDT","Bybit Perpetual","short","27073.2","27221.5","0.09784048777102189","1.0624439862762605","2648.85509352243","-15.572188322718736","-0.5878837374229839","14400.0","1686081600000.0","1686096000000.0"
"75bb28d9-da6a-482f-8849-dae481604d09","MomentumMAStrategy","BTC-USDT","Bybit Perpetual","long","27221.5","26141.9","0.09676401060249608","1.0327313206770479","2634.061514615847","-105.49915716713167","-4.005189574417275","79200.0","1686096000000.0","1686175200000.0"
"bbb84d88-f443-48d1-8c90-f67bfeb38cce","MomentumMAStrategy","BTC-USDT","Bybit Perpetual","long","26141.9","26331.999999999996","0.09692628750423925","1.01722006357374","2533.837315307072","17.408467190981646","0.6870396566431471","21600.0","1686175200000.0","1686196800000.0"
"b582e480-4b3c-499d-95bb-5a98d6ba63f4","MomentumMAStrategy","BTC-USDT","Bybit Perpetual","short","26332.0","26599.799999999996","0.096854601212916","1.0253376760963655","2550.3753591385043","-26.96299988091485","-1.0572169223758","115200.0","1686196800000.0","1686312000000.0"
"0f8d4f28-aecd-4aa1-a515-ac5886d0786f","MomentumMAStrategy","BTC-USDT","Bybit Perpetual","long","26599.8","26383.4","0.09491652227654475","1.0057962166165253","2524.760509251635","-21.5457316372606","-0.8533772434379123","50400.0","1686312000000.0","1686362400000.0"
"19039e2f-358a-49d4-a17f-885d263d5a35","MomentumMAStrategy","BTC-USDT","Bybit Perpetual","short","26383.4","25504.6","0.09491923194873432","0.9850338214711853","2504.2920641962373","82.4299872150768","3.291548473661479","14400.0","1686362400000.0","1686376800000.0"
"82429e4b-087b-41ef-b01f-4c245a333fcb","MomentumMAStrategy","BTC-USDT","Bybit Perpetual","short","25504.6","26021.0","0.1012601864781475","1.0434983728796874","2582.6005520505605","-53.334258670195204","-2.0651377398586983","136800.0","1686376800000.0","1686513600000.0"
"77a09667-94b8-49de-9618-6aed4a3d57d4","MomentumMAStrategy","BTC-USDT","Bybit Perpetual","long","26021.0","25918.6","0.09730344745835576","1.010780427921603","2531.933006313875","-10.974653447657374","-0.43344959840129693","93600.0","1686513600000.0","1686607200000.0"
"f88d61d1-f7ac-461e-b53d-4387f67b10b9","MomentumMAStrategy","BTC-USDT","Bybit Perpetual","short","25918.6","26138.100000000002","0.09728562057898962","1.0128736729588579","2521.5070855386","-22.367067390047435","-0.8870515382775446","43200.0","1686607200000.0","1686650400000.0"
"22629905-0da7-4a52-b29f-64e21f658596","MomentumMAStrategy","BTC-USDT","Bybit Perpetual","long","26138.1","25812.099999999995","0.09565570456605706","0.9938665966695155","2500.258371518056","-32.17762628520446","-1.286972044639831","28800.0","1686650400000.0","1686679200000.0"
"f291ac05-f51d-4ed2-9dc8-49fc4059f681","MomentumMAStrategy","BTC-USDT","Bybit Perpetual","short","25812.1","25053.7","0.09567953117131547","0.9733631793307798","2469.689626547112","71.58999326099467","2.898744542288299","115200.0","1686679200000.0","1686794400000.0"
"375d2df2-8d4f-45a6-bad0-f9bbbd5b783e","MomentumMAStrategy","BTC-USDT","Bybit Perpetual","short","25053.7","25526.1","0.10129043295581318","1.024649968163688","2537.7001201450566","-48.87425049648961","-1.9259269489137243","108000.0","1686794400000.0","1686902400000.0"
"b22aa285-b0e8-495f-9b7c-23ed6cf385d1","MomentumMAStrategy","BTC-USDT","Bybit Perpetual","long","25526.1","26371.199999999997","0.09759695300783872","1.0130036698667417","2491.269582173392","81.4661813170576","3.270066872730258","43200.0","1686902400000.0","1686945600000.0"
"ce696d44-9abc-4cbd-9d1b-6d294d08bd64","MomentumMAStrategy","BTC-USDT","Bybit Perpetual","long","26371.2","26477.0","0.09740407923888927","1.029526052086534","2568.662454424597","9.27582553138788","0.3611150042470546","151200.0","1686945600000.0","1687096800000.0"
"da7eec37-9869-4bd0-9908-569eec9cbcd1","MomentumMAStrategy","BTC-USDT","Bybit Perpetual","short","26477.0","26828.500000000004","0.09734767869016184","1.0378333372836845","2577.474488679415","-35.255542396875924","-1.3678328360463934","122400.0","1687096800000.0","1687219200000.0"
"11fe87a5-fcf3-49f9-82e9-1ded0f18078d","MomentumMAStrategy","BTC-USDT","Bybit Perpetual","long","26828.5","27784.0","0.09482385237349772","1.0357135275495288","2543.9817234023835","89.56847741532754","3.520798777419535","64800.0","1687219200000.0","1687284000000.0"
"7134927b-b0e6-4fe0-bea9-a6da25a59aad","MomentumMAStrategy","BTC-USDT","Bybit Perpetual","long","27784.0","28969.6","0.09462538788320417","1.0740662827536434","2629.0717769469447","111.11379359157307","4.226350705441975","43200.0","1687284000000.0","1687327200000.0"
"36a2b70d-180b-4f7c-b3ec-32167be783e4","MomentumMAStrategy","BTC-USDT","Bybit Perpetual","long","28969.6","30283.7","0.09439653570843022","1.1186612498584658","2734.62988085894","122.9278263245899","4.495227203689392","79200.0","1687327200000.0","1687406400000.0"
"ab67cf61-d077-46c8-b68a-2e8c8522c1b1","MomentumMAStrategy","BTC-USDT","Bybit Perpetual","long","30283.699999999997","29923.9","0.09415663594168812","1.1337890148245564","2851.4113158673003","-35.01134662664353","-1.2278602680649844","79200.0","1687406400000.0","1687485600000.0"
"ebe34187-e7d7-4316-aa55-90d73731f05a","MomentumMAStrategy","BTC-USDT","Bybit Perpetual","short","29923.9","31232.900000000005","0.09417724750356701","1.1519158180252296","2818.150536571989","-124.42993280019479","-4.415304689562535","50400.0","1687485600000.0","1687536000000.0"
"0e0f419c-1c1b-4f87-aca1-2262fb229315","MomentumMAStrategy","BTC-USDT","Bybit Perpetual","short","31232.899999999998","30649.599999999995","0.08644545016350721","1.069892113948647","2699.9421004118044","49.35373896642536","1.8279554572262036","21600.0","1687536000000.0","1687557600000.0"
"732761d5-a93b-45e0-b5c9-2967da23ca6d","MomentumMAStrategy","BTC-USDT","Bybit Perpetual","long","30649.600000000002","30572.3","0.0896203589094118","1.097345730223224","2746.828152429908","-8.024999473921017","-0.29215513416162986","72000.0","1687557600000.0","1687629600000.0"
"3f9ef462-650b-4373-95fc-9cfe51858e10","MomentumMAStrategy","BTC-USDT","Bybit Perpetual","short","30572.3","30487.4","0.08959759007106706","1.0941603940924667","2739.2044029296835","6.512675002940931","0.23775790503167185","252000.0","1687629600000.0","1687881600000.0"
"c54e7942-bef0-45e6-96f8-45af1cc8f785","MomentumMAStrategy","BTC-USDT","Bybit Perpetual","long","30487.4","30290.7","0.09005003523365315","1.094614009286899","2745.3914441824772","-18.80745593974654","-0.6850555311374559","64800.0","1687881600000.0","1687946400000.0"
"def8cd9d-420c-4b3a-9e90-801eeaf98ace","MomentumMAStrategy","BTC-USDT","Bybit Perpetual","short","30290.699999999997","30571.499999999996","0.09004494320169946","1.0960666684260947","2727.524361039718","-26.380686719463238","-0.9672026067406805","122400.0","1687946400000.0","1688068800000.0"
"d51c7b09-f332-472c-a711-8d186d0d750a","MomentumMAStrategy","BTC-USDT","Bybit Perpetual","long","30571.499999999996","30052.0","0.0883981063623384","1.0718005202114442","2702.462708656228","-46.99461677544593","-1.7389552360858855","72000.0","1688068800000.0","1688140800000.0"
"05833c9a-9cf1-4dc3-93d1-6f2a76063c75","MomentumMAStrategy","BTC-USDT","Bybit Perpetual","short","30052.000000000004","30505.2","0.0884406303314107","1.0711433878210608","2657.8178227195544","-41.15243705401613","-1.5483543191800782","129600.0","1688140800000.0","1688270400000.0"
"6eca66cf-40b2-4067-b9e9-267297cd6e46","MomentumMAStrategy","BTC-USDT","Bybit Perpetual","long","30505.199999999997","30504.7","0.08584513484646024","1.047480618493811","2618.723007518239","-1.090403185916729","-0.0416387370022041","14400.0","1688270400000.0","1688284800000.0"
"21625883-bc9a-4fce-be08-46bd34c9662c","MomentumMAStrategy","BTC-USDT","Bybit Perpetual","short","30504.7","31068.0","0.08581258378189648","1.0567424954855156","2617.6871244916174","-49.394970939827736","-1.8869700079004195","115200.0","1688284800000.0","1688400000000.0"
"43470450-1d34-431c-a7c6-ae4a8a77ea79","MomentumMAStrategy","BTC-USDT","Bybit Perpetual","long","31068.0","30890.6","0.08274629529093541","1.0253689222825901","2570.7619020987813","-15.704561706894653","-0.6108913351358358","93600.0","1688400000000.0","1688493600000.0"
"693cbe9b-5300-4dd6-a83b-13d98e6c4703","MomentumMAStrategy","BTC-USDT","Bybit Perpetual","short","30890.6","29874.400000000005","0.08273852137793476","1.0055212503060413","2555.8425684772315","83.07336417395072","3.2503318161511703","194400.0","1688493600000.0","1688688000000.0"
"a3b1399e-8324-46da-8147-112732ab04d5","MomentumMAStrategy","BTC-USDT","Bybit Perpetual","short","29874.4","30336.8","0.08819465041783216","1.0620611470476353","2634.762264442485","-41.843267500253035","-1.5881230752751447","230400.0","1688688000000.0","1688918400000.0"
"894e4dad-dfa6-4fc1-88e4-6f31ecc79fa5","MomentumMAStrategy","BTC-USDT","Bybit Perpetual","short","30336.8","30435.5","0.08554004246714368","1.0396930245651994","2595.0111603172445","-9.482495216072342","-0.36541250230743094","151200.0","1688918400000.0","1689069600000.0"
"2b4b9a9e-68f6-4719-9b02-160db79478dc","MomentumMAStrategy","BTC-USDT","Bybit Perpetual","long","30435.5","30391.3","0.08496666030990048","1.033650010667651","2586.002789861976","-4.789176396365313","-0.18519610323471183","7200.0","1689069600000.0","1689076800000.0"
"98f917ee-5f1f-49b8-881c-a7ad94ab3948","MomentumMAStrategy","BTC-USDT","Bybit Perpetual","short","30391.3","31600.6","0.08494052812105533","1.05312494504553","2581.453072285429","-103.77170560183768","-4.019895101558667","201600.0","1689076800000.0","1689278400000.0"
"621f4d33-7e8d-48f1-b2f9-02bbaa37ad1b","MomentumMAStrategy","BTC-USDT","Bybit Perpetual","long","31600.600000000002","30674.9","0.07857034208096311","0.9786014676526038","2482.869951963683","-73.71116713200021","-2.968788883755374","79200.0","1689278400000.0","1689357600000.0"
"396d2b6d-4512-44eb-b416-2ee6f9567ad0","MomentumMAStrategy","BTC-USDT","Bybit Perpetual","long","30674.899999999998","30099.9","0.07865858872199363","0.9560919995722839","2412.8443431882824","-46.18478051471834","-1.9141218390279884","7200.0","1689357600000.0","1689364800000.0"
"29828388-a19a-4682-a7b3-3ef028c766e2","MomentumMAStrategy","BTC-USDT","Bybit Perpetual","short","30099.899999999998","30032.400000000005","0.07870354392204958","0.9465250228367725","2368.9688016993","4.365964191901001","0.18429808736903683","432000.0","1689364800000.0","1689796800000.0"
"07e87494-79db-4932-8a95-21ec0da9604d","MomentumMAStrategy","BTC-USDT","Bybit Perpetual","long","30032.400000000005","29792.8","0.07901854223044466","0.9454600185289597","2373.1164676816065","-19.878302736943958","-0.837645476219036","72000.0","1689796800000.0","1689868800000.0"
"09188956-57ca-4a01-8e44-824f5c4293c1","MomentumMAStrategy","BTC-USDT","Bybit Perpetual","short","29792.800000000003","29085.8","0.07902016863408307","0.9305193801877447","2354.23208008151","54.93673984410927","2.333531188743601","345600.0","1689868800000.0","1690214400000.0"
"5b88a35a-b07f-4e74-9f1d-b41972a85413","MomentumMAStrategy","BTC-USDT","Bybit Perpetual","short","29085.8","29295.3","0.08273528604794826","0.9660354016587744","2406.4219829334133","-18.299077828703936","-0.7604268062078403","165600.0","1690214400000.0","1690380000000.0"
"2d160df3-93bf-4bba-bcd5-dc9a2074d2a2","MomentumMAStrategy","BTC-USDT","Bybit Perpetual","long","29295.300000000003","29388.099999999995","0.08155020972634329","0.9571287154909788","2389.0378589961447","6.610730747113026","0.27671100825044287","50400.0","1690380000000.0","1690430400000.0"
"cfd20ecc-20de-42c8-b2af-93533a3ec9be","MomentumMAStrategy","BTC-USDT","Bybit Perpetual","short","29388.1","29529.400000000005","0.08150639385349522","0.960430591972661","2395.3180532059027","-12.47728404347207","-0.5209030185687628","21600.0","1690430400000.0","1690452000000.0"
"0d116061-e0a0-4f4e-b79e-8c7a8c4686f1","MomentumMAStrategy","BTC-USDT","Bybit Perpetual","long","29529.4","29430.6","0.08071496994062202","0.9517909255398149","2383.464633364604","-8.926429955673505","-0.37451489024498597","14400.0","1690452000000.0","1690466400000.0"
"34d09570-fa63-4f7b-96e5-5dd4c0102192","MomentumMAStrategy","BTC-USDT","Bybit Perpetual","short","29430.599999999995","28820.099999999995","0.08069779497892378","0.9401406091957589","2374.984524906714","48.32586322543721","2.0347864467594956","396000.0","1690466400000.0","1690862400000.0"
"c852966c-e81b-4ff1-bdf7-3517fa2164da","MomentumMAStrategy","BTC-USDT","Bybit Perpetual","short","28820.1","29701.2","0.08400019760413321","0.9831601528101522","2420.8940949708795","-74.99573426181212","-3.097852748602546","72000.0","1690862400000.0","1690934400000.0"
"8825b27d-041d-4464-ad32-65de1263de64","MomentumMAStrategy","BTC-USDT","Bybit Perpetual","short","29701.199999999997","29622.499999999996","0.07910953589155179","0.9386140748739301","2349.6481474221578","5.287306399791253","0.22502545351703204","14400.0","1690934400000.0","1690948800000.0"
"fe9901e6-5e75-47b7-9f2f-4e81bd6bd1a1","MomentumMAStrategy","BTC-USDT","Bybit Perpetual","long","29622.5","29240.900000000005","0.07948927634406143","0.9358018138302052","2354.6710885019597","-31.268909666723644","-1.3279523335302386","79200.0","1690948800000.0","1691028000000.0"
"d1dac575-7dd7-470b-ab6c-6b175341326e","MomentumMAStrategy","BTC-USDT","Bybit Perpetual","short","29240.899999999998","28853.2","0.0795107409251621","0.9238209868760918","2324.9656243185723","29.90249326980902","1.2861477587899042","396000.0","1691028000000.0","1691424000000.0"
"50b4956c-75a3-4cbf-bad5-6909b3201ee1","MomentumMAStrategy","BTC-USDT","Bybit Perpetual","short","28853.199999999997","29232.7","0.08156367380134236","0.9475398800114784","2353.372992924891","-31.9009540876212","-1.3555417769952853","50400.0","1691424000000.0","1691474400000.0"
"8505509b-6ce0-412f-ab79-39e9812fc93f","MomentumMAStrategy","BTC-USDT","Bybit Perpetual","short","29232.7","29177.0","0.07946809862043709","0.9283415599980289","2323.0670865416514","3.4980315331603746","0.15057815391667798","7200.0","1691474400000.0","1691481600000.0"
"a53a7e2b-2b66-4889-975e-272b6110976b","MomentumMAStrategy","BTC-USDT","Bybit Perpetual","long","29177.0","29794.599999999995","0.079733701768453","0.9404047934417006","2326.390216498153","48.303129418754466","2.076312437879134","36000.0","1691481600000.0","1691517600000.0"
"c92b7d42-d112-40c8-bc80-f88088905e14","MomentumMAStrategy","BTC-USDT","Bybit Perpetual","long","29794.6","29404.199999999997","0.07962107863324128","0.9426944619587048","2372.2781894459704","-32.02676356037622","-1.3500424909211788","93600.0","1691517600000.0","1691611200000.0"
"11e562a6-8033-439a-a6d2-9864e1d74eeb","MomentumMAStrategy","BTC-USDT","Bybit Perpetual","short","29404.2","29077.6","0.07964347828077666","0.9315387936241448","2341.852764063613","25.080021212877686","1.0709478237802839","583200.0","1691611200000.0","1692194400000.0"
"6e34a36c-fcac-4a8c-9694-bca313a75ded","MomentumMAStrategy","BTC-USDT","Bybit Perpetual","short","29077.6","28583.1","0.08135742923129308","0.9382252639353641","2365.6787842158474","39.29302349093906","1.6609619088232868","72000.0","1692194400000.0","1692266400000.0"
"8a8a006d-31d9-4442-ad97-1866d8c647f7","MomentumMAStrategy","BTC-USDT","Bybit Perpetual","short","28583.1","27920.900000000005","0.08407090751290935","0.9500685116218861","2403.007156532239","54.72168644342614","2.2772169568730947","21600.0","1692266400000.0","1692288000000.0"
"85b61bf5-a181-43ad-9015-906bda81c419","MomentumMAStrategy","BTC-USDT","Bybit Perpetual","short","27920.9","26249.9","0.08792670575280505","0.9526119983988104","2454.9927586534945","145.9729133145384","5.945961054264009","21600.0","1692288000000.0","1692309600000.0"
"325e08fb-22ec-40f5-8f21-e59f527cd45b","MomentumMAStrategy","BTC-USDT","Bybit Perpetual","short","26249.9","26088.3","0.09880673931338047","1.034273376706314","2593.667026302306","14.932895696336185","0.5757445171219783","180000.0","1692309600000.0","1692489600000.0"
"d1d8ca28-14fc-46cb-a3fb-3009ee2d25a4","MomentumMAStrategy","BTC-USDT","Bybit Perpetual","long","26088.3","26018.7","0.09996256088797759","1.0417498320379697","2607.8532772138255","-7.999144069841064","-0.30673290325547675","122400.0","1692489600000.0","1692612000000.0"
"1110e14c-e8bc-4a40-b187-43211930a766","MomentumMAStrategy","BTC-USDT","Bybit Perpetual","short","26018.7","26030.0","0.0999378942970816","1.0403274957801023","2600.254090347477","-2.1696257013370515","-0.08343898811239328","172800.0","1692612000000.0","1692784800000.0"
"96023682-699e-47c1-988f-1da87503a14f","MomentumMAStrategy","BTC-USDT","Bybit Perpetual","long","26030.0","26079.8","0.09981532638998104","1.040271339023327","2598.1929459312064","3.930531915197656","0.15127944679216007","129600.0","1692784800000.0","1692914400000.0"
"84a106d3-fff7-4b69-8597-d180603a4664","MomentumMAStrategy","BTC-USDT","Bybit Perpetual","short","26079.8","26018.7","0.09976790279260747","1.039551616728132","2601.9269512506444","5.056267243900039","0.19432779392479443","158400.0","1692914400000.0","1693072800000.0"
"acc072b5-f59c-40df-a366-d796c4ef2127","MomentumMAStrategy","BTC-USDT","Bybit Perpetual","long","26018.7","26066.6","0.10018680430353358","1.0436519516381675","2606.730405132349","3.755295974500872","0.1440615403536603","57600.0","1693072800000.0","1693130400000.0"
"d3d705f2-5f8a-4af3-9aa5-b2de570d2d3f","MomentumMAStrategy","BTC-USDT","Bybit Perpetual","short","26066.6","26087.700000000004","0.10013956313090797","1.0445417634796628","2610.2979363081254","-3.1574865455424037","-0.12096268788413457","50400.0","1693130400000.0","1693180800000.0"
"30b15408-e174-4c90-8855-aca5571cf4c9","MomentumMAStrategy","BTC-USDT","Bybit Perpetual","long","26087.7","26017.7","0.0999435873645381","1.0415201194128407","2607.2983240898607","-8.037571234930507","-0.3082720209140706","7200.0","1693180800000.0","1693188000000.0"
"cec5253d-65ea-4c70-8e1d-9d8ee8077666","MomentumMAStrategy","BTC-USDT","Bybit Perpetual","short","26017.7","27411.399999999998","0.09991900250278374","1.0677164753242967","2599.6626314166765","-140.3248302634537","-5.397809260618721","136800.0","1693188000000.0","1693324800000.0"
"9ecec39f-4dc9-4c47-878f-60ccc212e30e","MomentumMAStrategy","BTC-USDT","Bybit Perpetual","long","27411.399999999998","27207.799999999996","0.08997548620889102","0.9828778152681321","2466.3540426663953","-19.301886807398542","-0.7826081119534289","129600.0","1693324800000.0","1693454400000.0"
"c907f5ab-b565-4399-8735-31ae13801328","MomentumMAStrategy","BTC-USDT","Bybit Perpetual","short","27207.8","26319.299999999996","0.08997483259210105","0.9632183723281305","2448.017250199367","78.97942038575398","3.226260778159218","50400.0","1693454400000.0","1693504800000.0"
"62cc40b6-bebd-4fb2-9cf3-b235697723ed","MomentumMAStrategy","BTC-USDT","Bybit Perpetual","short","26319.3","25467.200000000004","0.09586302445603921","0.9928821031985351","2523.0476995658328","80.69200103579199","3.1981956207041784","86400.0","1693504800000.0","1693591200000.0"
"2047e01f-e954-443b-8db4-bbbfd6ab83c7","MomentumMAStrategy","BTC-USDT","Bybit Perpetual","short","25467.2","25803.700000000004","0.1020805232043505","1.046752059431587","2599.705100549835","-35.3968481176959","-1.361571668656168","86400.0","1693591200000.0","1693677600000.0"
"074b06c7-47ff-4e6c-a079-4e5ac7ccabcd","MomentumMAStrategy","BTC-USDT","Bybit Perpetual","long","25803.7","25870.8","0.09944612961854402","1.0277658049946905","2566.0780948380243","5.645069492409469","0.21998821874381794","158400.0","1693677600000.0","1693836000000.0"
"28401e07-c301-4399-b4b3-cc862e46164f","MomentumMAStrategy","BTC-USDT","Bybit Perpetual","short","25870.8","25738.999999999996","0.09939549263477795","1.0259562991564726","2571.4409108558134","12.074369630107551","0.4695565657034298","158400.0","1693836000000.0","1693994400000.0"
"b5071742-098b-407e-910f-764fe83545d3","MomentumMAStrategy","BTC-USDT","Bybit Perpetual","long","25739.0","25899.799999999996","0.10035011313588","1.0363918844402162","2582.9115620044154","15.099906307808851","0.5846079490267518","223200.0","1693994400000.0","1694217600000.0"
"eaab2b60-75be-4f33-9969-22bd3050fc85","MomentumMAStrategy","BTC-USDT","Bybit Perpetual","short","25899.8","25817.0","0.10028094707282816","1.037241936715208","2597.2564729968344","7.266020480914889","0.2797575270851484","122400.0","1694217600000.0","1694340000000.0"
"22068447-e93d-43de-81e5-ab44f1bba29d","MomentumMAStrategy","BTC-USDT","Bybit Perpetual","long","25817.0","25685.300000000003","0.10086993812037431","1.039006762811391","2604.159192453704","-14.323577613264396","-0.5500269589805055","28800.0","1694340000000.0","1694368800000.0"
"33a89bab-7ddd-4ab8-8cee-598ea4c43a8a","MomentumMAStrategy","BTC-USDT","Bybit Perpetual","short","25685.3","25786.7","0.10085736953514665","1.0382661049426138","2590.551793721102","-11.265203375806632","-0.4348572919140577","7200.0","1694368800000.0","1694376000000.0"
"9f17753d-b749-4b9d-ad0b-75224c8e37d0","MomentumMAStrategy","BTC-USDT","Bybit Perpetual","long","25786.7","25591.900000000005","0.10004575422656199","1.0280421576209675","2579.849850514086","-20.516955080954805","-0.7952771002105566","57600.0","1694376000000.0","1694433600000.0"
"922551e3-2fab-459b-b077-cc0b6facf80a","MomentumMAStrategy","BTC-USDT","Bybit Perpetual","short","25591.9","25008.3","0.10004566848054182","1.0124661668498225","2560.3587431871783","57.374185958394605","2.240865117478586","28800.0","1694433600000.0","1694462400000.0"
"bb394d2f-4603-4b9a-aaaf-92b89a9d2383","MomentumMAStrategy","BTC-USDT","Bybit Perpetual","short","25008.3","25788.2","0.10455985492207201","1.0622549341098062","2614.864219847653","-82.60848578783391","-3.1591883494679824","28800.0","1694462400000.0","1694491200000.0"
"f5bed101-6cf7-4420-ab1d-913d3307df28","MomentumMAStrategy","BTC-USDT","Bybit Perpetual","short","25788.2","26087.2","0.0983545248737489","1.0204360639271348","2536.3861583492117","-30.42843900117806","-1.1996769064921164","28800.0","1694491200000.0","1694520000000.0"
"f3f83282-29c9-4a75-8f18-902831cf33a7","MomentumMAStrategy","BTC-USDT","Bybit Perpetual","long","26087.2","26386.900000000005","0.09611913663781824","1.0087530375693077","2507.479141298092","27.79815221278524","1.1086095096445934","288000.0","1694520000000.0","1694808000000.0"
"98d625e0-45a8-4bfd-a706-6a3b99cbefd6","MomentumMAStrategy","BTC-USDT","Bybit Perpetual","short","26386.9","26524.2","0.09602823317253024","1.016191889643013","2533.8873859002383","-14.200868304231346","-0.5604380203813228","86400.0","1694808000000.0","1694894400000.0"
"31421a74-e788-4b00-be02-cef3871ec37a","MomentumMAStrategy","BTC-USDT","Bybit Perpetual","long","26524.2","26529.4","0.09502252889856126","1.008257447834542","2520.3965610112186","-0.5141402975619545","-0.020399182633215232","64800.0","1694894400000.0","1694959200000.0"
"31a81ba3-39ac-4e50-9efd-83e7cc6503b7","MomentumMAStrategy","BTC-USDT","Bybit Perpetual","short","26529.400000000005","26537.0","0.0949854926130457","1.0081076290401858","2519.908127728535","-1.7299973728988494","-0.06865319230738315","7200.0","1694959200000.0","1694966400000.0"
"45fdebc3-4efd-413d-90bb-ef63e791b140","MomentumMAStrategy","BTC-USDT","Bybit Perpetual","long","26537.0","26465.599999999995","0.0948963571701504","1.0059507321093226","2518.264630224281","-7.7815506340585445","-0.3090044843049519","7200.0","1694966400000.0","1694973600000.0"
"5662de77-53df-4af2-ba47-133e6487b74e","MomentumMAStrategy","BTC-USDT","Bybit Perpetual","short","26465.6","26491.3","0.09487304867911273","1.004836510318981","2510.8721571219257","-3.443073861372247","-0.13712660963666315","7200.0","1694973600000.0","1694980800000.0"
"4fd2e45d-24bd-4624-89a2-308f83778720","MomentumMAStrategy","BTC-USDT","Bybit Perpetual","long","26491.3","26449.7","0.09465753802016594","1.002252944065121","2507.601236953622","-4.940006525703886","-0.1970012796653941","21600.0","1694980800000.0","1695002400000.0"
"34e1d99a-4a4b-4f77-aeff-d807f378ab39","MomentumMAStrategy","BTC-USDT","Bybit Perpetual","short","26449.7","26646.2","0.0946289837220915","1.0048822113619598","2502.9082307542035","-19.599477512752937","-0.7830681633440075","7200.0","1695002400000.0","1695009600000.0"
"11d8a535-c3cd-4f1b-8a71-36f65fb313ba","MomentumMAStrategy","BTC-USDT","Bybit Perpetual","long","26646.2","27184.7","0.09323238312093614","1.0037566185089604","2484.2887271170885","49.20188169211515","1.9805218755394767","28800.0","1695009600000.0","1695038400000.0"
"e44a9542-2186-412d-bd8f-1a9673f964db","MomentumMAStrategy","BTC-USDT","Bybit Perpetual","long","27184.7","27100.4","0.09310496399535761","1.0108424561968776","2531.030514724598","-8.859590921005456","-0.3500388821653329","208800.0","1695038400000.0","1695247200000.0"
"bf075b73-56cd-4460-b8a6-e0c7a912641c","MomentumMAStrategy","BTC-USDT","Bybit Perpetual","short","27100.4","26566.5","0.09308400995371444","0.9991060507569995","2522.613903349643","48.698446863531274","1.9304756387359647","158400.0","1695247200000.0","1695405600000.0"
"7bc4c79b-76f8-4e3a-b4c8-77234b46ee3d","MomentumMAStrategy","BTC-USDT","Bybit Perpetual","short","26566.5","26519.1","0.09669611833963819","1.0266342919461393","2568.877427869998","3.556761717352851","0.13845587488002353","36000.0","1695405600000.0","1695441600000.0"
"1e1315ac-f1db-4905-a875-510c7c4973ef","MomentumMAStrategy","BTC-USDT","Bybit Perpetual","long","26519.1","26232.4","0.09699636682623028","1.0233407689267775","2572.256351501483","-28.832199138006715","-1.1208913575498307","158400.0","1695441600000.0","1695600000000.0"
"9dab2345-4777-4e15-96dd-471b64ea7c07","MomentumMAStrategy","BTC-USDT","Bybit Perpetual","short","26232.4","26258.7","0.09701231158111252","1.0184565896870672","2544.8657623203762","-3.569880384270256","-0.1402777481282661","122400.0","1695600000000.0","1695722400000.0"
"665ef221-0483-4f68-ab9e-4b6d341f7296","MomentumMAStrategy","BTC-USDT","Bybit Perpetual","long","26258.7","26755.8","0.09678599382129807","1.0262122138878413","2541.47437595532","47.086105314679294","1.8527082452672774","93600.0","1695722400000.0","1695816000000.0"
"3937b8c4-c35c-4597-98b3-ffdcc6478746","MomentumMAStrategy","BTC-USDT","Bybit Perpetual","long","26755.8","26904.1","0.0966596467309617","1.0373493955237463","2586.2061760042648","13.297276214677803","0.5141614902189405","230400.0","1695816000000.0","1696046400000.0"
"b6c0795f-cb42-4ca2-bb5d-d0a7d14a7b1b","MomentumMAStrategy","BTC-USDT","Bybit Perpetual","short","26904.1","26950.9","0.09659637707294462","1.0404395774526867","2598.838588408209","-5.561150024466776","-0.21398597239826986","72000.0","1696046400000.0","1696118400000.0"
"dc3a4fc1-70cb-480a-bce2-f7596951eb05","MomentumMAStrategy","BTC-USDT","Bybit Perpetual","long","26950.9","27981.4","0.09623261174524654","1.0572557396346816","2593.5554958849652","98.11045066384187","3.78285526642895","86400.0","1696118400000.0","1696204800000.0"
"d2aefedb-75fa-4c67-b2cc-27b0fe4e2bbf","MomentumMAStrategy","BTC-USDT","Bybit Perpetual","long","27981.4","27528.1","0.0960195138204527","1.065999040483284","2686.7604240156156","-44.59164465529477","-1.6596807164759548","115200.0","1696204800000.0","1696320000000.0"
"1de665f8-c285-4ad4-96a7-7ac01dc0b91a","MomentumMAStrategy","BTC-USDT","Bybit Perpetual","short","27528.1","27606.0","0.09606178274537967","1.0592559872124077","2644.398361593086","-8.542468863077623","-0.3230401662301483","129600.0","1696320000000.0","1696449600000.0"
"9fe7d9f2-8e9e-4625-b50d-7a25c7b1686c","MomentumMAStrategy","BTC-USDT","Bybit Perpetual","long","27606.0","27398.400000000005","0.09549674042502218","1.050548181806818","2636.283016173162","-20.875671494040937","-0.7918600304281493","100800.0","1696449600000.0","1696550400000.0"
"ba1fb657-6ce0-43ee-9b39-1c34660d4e7a","MomentumMAStrategy","BTC-USDT","Bybit Perpetual","short","27398.4","27946.7","0.09549649352713381","1.0570525967817148","2616.4511282538233","-53.41777999770912","-2.0416119919411324","64800.0","1696550400000.0","1696615200000.0"
"c20fd635-4b99-45d1-94d1-364d81dfa7a2","MomentumMAStrategy","BTC-USDT","Bybit Perpetual","long","27946.7","27868.4","0.09180705547545862","1.024843996413654","2565.7042372559995","-8.213336440141997","-0.32012015729942805","144000.0","1696615200000.0","1696759200000.0"
"defc018f-8a20-4ecf-a7f4-ff32a97b449e","MomentumMAStrategy","BTC-USDT","Bybit Perpetual","short","27868.4","27384.8","0.09178501699551694","1.0142831802113395","2557.9015676378644","43.37295103882086","1.6956458210733383","187200.0","1696759200000.0","1696946400000.0"
"bd7a0938-97e0-45ed-8637-2c0bc49c2733","MomentumMAStrategy","BTC-USDT","Bybit Perpetual","short","27384.8","26769.1","0.09491052960491748","1.0279550658343481","2599.105871124744","57.40845801191342","2.2087772048727787","93600.0","1696946400000.0","1697040000000.0"
"e31eff65-91a4-4910-bd5f-03c1667a9432","MomentumMAStrategy","BTC-USDT","Bybit Perpetual","short","26769.1","26809.4","0.0991308600676176","1.0622565572265699","2653.643906236062","-5.057230217951847","-0.1905768217833357","136800.0","1697040000000.0","1697176800000.0"
"778e9ae8-da0f-4549-bbe3-c92653347698","MomentumMAStrategy","BTC-USDT","Bybit Perpetual","long","26809.4","26890.4","0.09880264151860943","1.0611364178042046","2648.839537529008","6.941877545203159","0.26207240743918175","187200.0","1697176800000.0","1697364000000.0"
"d577c6c5-899b-4c6c-91cf-6323a4eb154b","MomentumMAStrategy","BTC-USDT","Bybit Perpetual","short","26890.4","26969.5","0.09875027226061907","1.0637359577859435","2655.4343211969513","-8.874882493600769","-0.3342158539850599","28800.0","1697364000000.0","1697392800000.0"
"bda56921-55f4-4433-8100-66e7dffd8636","MomentumMAStrategy","BTC-USDT","Bybit Perpetual","long","26969.5","27903.4","0.09814802583763252","1.0771333613971652","2647.0031828280303","90.58330796836799","3.4221080109012085","43200.0","1697392800000.0","1697436000000.0"
"d106e412-1587-412e-942f-139f508c535a","MomentumMAStrategy","BTC-USDT","Bybit Perpetual","long","27903.4","28445.8","0.09794710771439966","1.10384823240405","2733.0573253979796","52.022662991886115","1.9034603668370085","122400.0","1697436000000.0","1697558400000.0"
"3c15972e-04eb-4174-9a4d-51a992a3b0bf","MomentumMAStrategy","BTC-USDT","Bybit Perpetual","short","28445.8","28734.7","0.0978168606697745","1.1186434003056083","2782.4788552402715","-29.377934447803604","-1.055818785198523","187200.0","1697558400000.0","1697745600000.0"
"d4818e95-c2ff-4327-8aad-3d66c7ba08d9","MomentumMAStrategy","BTC-USDT","Bybit Perpetual","long","28734.7","29785.9","0.09586213941731975","1.1219819831970406","2754.5698175148577","99.64829897228954","3.6175630161442456","50400.0","1697745600000.0","1697796000000.0"
"765cd3b3-fee7-4438-b113-b955509fcd99","MomentumMAStrategy","BTC-USDT","Bybit Perpetual","long","29785.9","29903.4","0.09565719691325537","1.1419422247428748","2849.2357015385332","10.097778412564631","0.35440305647974374","201600.0","1697796000000.0","1697997600000.0"
"d9408087-964e-4267-a7ef-7269a7899c9a","MomentumMAStrategy","BTC-USDT","Bybit Perpetual","short","29903.4","30724.0","0.0956021252108613","1.1592216572017944","2858.82859103047","-79.61032560523444","-2.7847183932261834","36000.0","1697997600000.0","1698033600000.0"
"49063fe2-764b-4718-aa36-5e9c39522dee","MomentumMAStrategy","BTC-USDT","Bybit Perpetual","long","30723.999999999996","33074.0","0.09058712347693976","1.1558554607163605","2783.198781705497","211.7238847100924","7.607213904439539","72000.0","1698033600000.0","1698105600000.0"
"c5f1aeb9-33f6-4fb7-83c0-19146e8976de","MomentumMAStrategy","BTC-USDT","Bybit Perpetual","long","33074.0","34783.3","0.09023209990264511","1.224581334544752","2984.3364721800845","153.0091470290468","5.12707425772511","187200.0","1698105600000.0","1698292800000.0"
"861c0593-4569-4038-8086-77f7f7ea4579","MomentumMAStrategy","BTC-USDT","Bybit Perpetual","long","34783.3","34167.4","0.08997694761157447","1.2407947043362777","3129.6951618576786","-56.65759673830513","-1.8103231723269542","36000.0","1698292800000.0","1698328800000.0"
"d89cc8e2-7c9f-4ee1-9ee4-266109531c1c","MomentumMAStrategy","BTC-USDT","Bybit Perpetual","short","34167.4","34098.2","0.09002354422508849","1.2291022521304402","3075.8704449562883","5.000527008246076","0.16257274478012482","158400.0","1698328800000.0","1698487200000.0"
"f8bf6509-540b-47e0-a488-f885bfd67dc9","MomentumMAStrategy","BTC-USDT","Bybit Perpetual","long","34098.2","34458.9","0.09034555916776026","1.2387659068840113","3080.6209456141223","31.348877284927504","1.017615533957817","230400.0","1698487200000.0","1698717600000.0"
"86eb86b1-5875-4aca-bda0-af9cb18f70a5","MomentumMAStrategy","BTC-USDT","Bybit Perpetual","short","34458.9","34499.9","0.09026412273853208","1.2449011174203775","3110.4023790348033","-4.945730149700193","-0.15900612033465955","115200.0","1698717600000.0","1698832800000.0"
"1faf9d92-ae99-4f5d-b008-70510e0939b5","MomentumMAStrategy","BTC-USDT","Bybit Perpetual","long","34499.9","35583.7","0.0900206648538862","1.2617944534707637","3105.7039353925884","96.3026021151707","3.100830089362565","57600.0","1698832800000.0","1698890400000.0"
"315a7e10-462f-4b69-960c-2f4b168193a4","MomentumMAStrategy","BTC-USDT","Bybit Perpetual","long","35583.7","34590.7","0.08984988653237298","1.2610323754954709","3197.191407402","-90.48196970214185","-2.8300454421546952","86400.0","1698890400000.0","1698976800000.0"
"80ae7127-5885-4126-a79e-c3f434f83a25","MomentumMAStrategy","BTC-USDT","Bybit Perpetual","short","34590.7","34696.1","0.08994422015700651","1.2463894386348957","3111.233536184965","-10.726510243183514","-0.3447671194858776","129600.0","1698976800000.0","1699106400000.0"
"95ef03cf-66ff-42f4-a9a9-7084eb7a10de","MomentumMAStrategy","BTC-USDT","Bybit Perpetual","long","34696.1","34893.0","0.08937728884381647","1.2439370182162457","3101.0433514539404","16.354451155131347","0.5273854410149886","129600.0","1699106400000.0","1699236000000.0"
"c20e80da-4a9d-4b8c-a55c-30f7f76378e6","MomentumMAStrategy","BTC-USDT","Bybit Perpetual","short","34893.0","35057.4","0.08931820365263278","1.2495688145566248","3116.5800800513157","-15.933481495049584","-0.5112489037915956","79200.0","1699236000000.0","1699315200000.0"
"2ec28f31-f03c-404c-b034-9ad05464936a","MomentumMAStrategy","BTC-USDT","Bybit Perpetual","long","35057.4","34947.3","0.08846757810422388","1.2386292529825527","3101.4432726310183","-10.978909602257474","-0.3539935648393736","28800.0","1699315200000.0","1699344000000.0"
"31fdc3fb-dd3c-48d5-b3dd-958cdcf2bb62","MomentumMAStrategy","BTC-USDT","Bybit Perpetual","short","34947.3","35385.0","0.08844784313835041","1.2441480475918807","3091.0133085088737","-39.9577689892476","-1.292707762831455","64800.0","1699344000000.0","1699408800000.0"
"aef172d5-608c-46b7-97c1-ab3adc8eb221","MomentumMAStrategy","BTC-USDT","Bybit Perpetual","long","35385.0","36589.0","0.08628100686644309","1.2419978376410752","3053.0534279690887","102.6403344295564","3.361891196834817","100800.0","1699408800000.0","1699509600000.0"
"e48e5fe5-92b5-43f6-b66a-54a7229a0952","MomentumMAStrategy","BTC-USDT","Bybit Perpetual","long","36589.0","37098.9","0.086106801106266","1.269005869847684","3150.561745677167","42.63685201423748","1.3533095192544249","108000.0","1699509600000.0","1699617600000.0"
"351e6b3c-731c-4dfc-b41e-0c697e49376e","MomentumMAStrategy","BTC-USDT","Bybit Perpetual","short","37098.9","37330.4","0.08601513131361556","1.2804092026160974","3191.0667550906924","-21.1929121017181","-0.664132521449423","43200.0","1699617600000.0","1699660800000.0"
"4aaaa362-af74-45c2-a7f1-33fdf47261b1","MomentumMAStrategy","BTC-USDT","Bybit Perpetual","long","37330.4","36984.0","0.08494239248960794","1.262488586485944","3170.9334885940607","-30.686533344886257","-0.9677444656365894","93600.0","1699660800000.0","1699754400000.0"
"65f038ba-b9ee-425e-b3a7-3929e049ae4e","MomentumMAStrategy","BTC-USDT","Bybit Perpetual","short","36984.0","35305.9","0.08494974264320838","1.228201680140654","3141.7812819164187","141.3259614494272","4.498274983776765","237600.0","1699754400000.0","1699992000000.0"
"8828efc6-6aa2-4d9d-9ae3-6d7fc870fdce","MomentumMAStrategy","BTC-USDT","Bybit Perpetual","short","35305.9","36498.9","0.09279018366033366","1.3325561159387054","3276.0409452933745","-112.03124522271676","-3.419714438663226","79200.0","1699992000000.0","1700071200000.0"
"10345d76-23a1-4bb6-9f85-9db470c2e29f","MomentumMAStrategy","BTC-USDT","Bybit Perpetual","long","36498.9","37885.6","0.08684128185594069","1.291929066042644","3169.6112623317936","119.13087648359006","3.75853272290397","21600.0","1700071200000.0","1700092800000.0"
"2d48e4ef-d3e4-4512-96a2-6c6cff838a55","MomentumMAStrategy","BTC-USDT","Bybit Perpetual","long","37885.6","36423.1","0.08664995657957653","1.2877691256969555","3282.785594991204","-128.01333062332762","-3.89953370145913","57600.0","1700092800000.0","1700150400000.0"
"b441e8d8-7e7d-4726-b406-42521d8621d9","MomentumMAStrategy","BTC-USDT","Bybit Perpetual","long","36423.1","36176.0","0.08679033170979525","1.2601799941665193","3161.1729308990434","-22.7060709596568","-0.71827993773182","28800.0","1700150400000.0","1700179200000.0"
"0a80ec73-6635-42c4-9e6a-5a829d423ea1","MomentumMAStrategy","BTC-USDT","Bybit Perpetual","short","36176.0","36410.0","0.0867868797956482","1.2599024913693841","3139.602163487369","-21.568032363551062","-0.6869670499778858","122400.0","1700179200000.0","1700301600000.0"
"e3bf8948-68f8-49c7-ae88-66dca92e1a96","MomentumMAStrategy","BTC-USDT","Bybit Perpetual","long","36410.0","36459.1","0.08566637002861839","1.2484862568504793","3119.1125327419954","2.9577325115545587","0.09482609173303637","93600.0","1700301600000.0","1700395200000.0"
"e61eb515-badb-4997-b385-64bbb2d28dbe","MomentumMAStrategy","BTC-USDT","Bybit Perpetual","short","36459.1","37001.7","0.08562807032065993","1.258061309642387","3121.922378627972","-47.71985226563234","-1.5285406386882798","36000.0","1700395200000.0","1700431200000.0"
"d664d643-89a6-49f6-b5f5-4de02cae2a06","MomentumMAStrategy","BTC-USDT","Bybit Perpetual","long","37001.7","37027.2","0.08314722077568384","1.2310594584162042","3076.5885189756204","0.8891946713637338","0.028901969368974947","144000.0","1700431200000.0","1700575200000.0"
"76d96de1-8381-4a0a-8a22-922aa33a739f","MomentumMAStrategy","BTC-USDT","Bybit Perpetual","short","37027.2","37413.4","0.08311277260806696","1.237392932121614","3077.4332539134166","-33.33554571335744","-1.083225628727002","122400.0","1700575200000.0","1700697600000.0"
"71fe91d2-3d70-4a86-b7b6-c7c8129c3188","MomentumMAStrategy","BTC-USDT","Bybit Perpetual","long","37413.4","37716.4","0.08140838537758469","1.2232391423481725","3045.764485485727","23.443501627059987","0.7697082863359117","223200.0","1700697600000.0","1700920800000.0"
"1de83403-d2c8-4e60-8668-6ea7ad842da4","MomentumMAStrategy","BTC-USDT","Bybit Perpetual","short","37716.4","36743.2","0.08134487416697866","1.2113813585047128","3068.035812031434","77.95345018079928","2.540825953696547","180000.0","1700920800000.0","1701100800000.0"
"4f0030da-57de-4031-9c88-661a6301ecd7","MomentumMAStrategy","BTC-USDT","Bybit Perpetual","short","36743.2","38202.5","0.08551491404404607","1.2817950186941727","3142.091589703193","-126.07370908317085","-4.012413562237374","93600.0","1701100800000.0","1701194400000.0"
"920ddf38-e6a3-4d58-8ff2-7fa4cde33522","MomentumMAStrategy","BTC-USDT","Bybit Perpetual","long","38202.5","38034.5","0.0791131880393739","1.2062704233115498","3022.321566074181","-14.497286013926363","-0.4796738433348603","122400.0","1701194400000.0","1701316800000.0"
"bfb277f5-6905-4c81-bd01-20f792bbe40a","MomentumMAStrategy","BTC-USDT","Bybit Perpetual","short","38034.5","38706.1","0.07910053094850598","1.2140444410613838","3008.549144360951","-54.337961026077885","-1.8061184450958958","108000.0","1701316800000.0","1701424800000.0"
"9f05df50-25a4-44f3-85ff-8f2708317666","MomentumMAStrategy","BTC-USDT","Bybit Perpetual","long","38706.1","39471.4","0.0763943688820671","1.1944641546555603","2956.9280813861774","57.27014635079061","1.9368122854020502","180000.0","1701424800000.0","1701604800000.0"
"fb7e89ab-7404-4a3b-976e-ce31fbc41f31","MomentumMAStrategy","BTC-USDT","Bybit Perpetual","long","39471.4","40613.7","0.07629156098895475","1.2219634581913081","3011.3347204194283","85.92588665949137","2.853415333633962","50400.0","1701604800000.0","1701655200000.0"
"1fe9951d-05ac-42bb-b59b-fbf63c42568b","MomentumMAStrategy","BTC-USDT","Bybit Perpetual","long","40613.7","42050.0","0.07615568915774591","1.2590622083658323","3092.964312745945","108.12335412890484","3.4957840827110136","72000.0","1701655200000.0","1701727200000.0"
"caf21384-f32d-4e83-9d42-37684391010d","MomentumMAStrategy","BTC-USDT","Bybit Perpetual","long","42050.0","43834.0","0.07599718190650188","1.3053883941716016","3195.681499168404","134.27358412702776","4.201719857312723","79200.0","1701727200000.0","1701806400000.0"
"587328db-ef02-44ef-9271-dba79bf8e1aa","MomentumMAStrategy","BTC-USDT","Bybit Perpetual","long","43834.0","43376.2","0.07581424018088882","1.3223550098046701","3323.241404089081","-36.03011416461579","-1.084185883104446","136800.0","1701806400000.0","1701943200000.0"
"7d635cc8-e73a-459b-9dcb-0e363f4ab751","MomentumMAStrategy","BTC-USDT","Bybit Perpetual","short","43376.2","44572.0","0.07582528657726348","1.3337394937908966","3289.012795632696","-92.00561718288279","-2.7973627012048152","129600.0","1701943200000.0","1702072800000.0"
"65c794f9-43df-4aca-b06c-59253bd0ed87","MomentumMAStrategy","BTC-USDT","Bybit Perpetual","long","44572.0","43734.3","0.07183001568942289","1.2686085828949771","3201.607459308957","-61.440612725924325","-1.9190551467288814","93600.0","1702072800000.0","1702166400000.0"
"e6b6558c-830d-4df3-8d0f-eb699b01f766","MomentumMAStrategy","BTC-USDT","Bybit Perpetual","short","43734.3","42053.4","0.07187125156271688","1.2331338735373776","3143.2388772193294","119.57525287823353","3.804205074735393","108000.0","1702166400000.0","1702274400000.0"
"291ff32b-f7d3-4a00-902f-bb92875dbbf6","MomentumMAStrategy","BTC-USDT","Bybit Perpetual","short","42053.4","42138.1","0.07744523314294803","1.304046069230902","3256.8353674536506","-7.863657316438374","-0.2414508696086335","216000.0","1702274400000.0","1702490400000.0"
"21fc0b23-605f-4d47-8c26-14a32130ca24","MomentumMAStrategy","BTC-USDT","Bybit Perpetual","long","42138.1","42800.0","0.07711227827080562","1.309954080598703","3249.364893003034","49.730662906847655","1.530473324615969","151200.0","1702490400000.0","1702641600000.0"
"0d98cda3-23a5-43f9-acad-731a75ea093b","MomentumMAStrategy","BTC-USDT","Bybit Perpetual","short","42800.0","41396.5","0.07702357529823689","1.2970230915196006","3296.609022764539","106.80556483955587","3.2398614485981305","216000.0","1702641600000.0","1702857600000.0"
"6d33f28a-2b24-4006-87ff-e968f4187e00","MomentumMAStrategy","BTC-USDT","Bybit Perpetual","short","41396.5","43346.1","0.08208602923827177","1.3912367082654338","3398.074309362117","-161.42615931119997","-4.750518811976854","93600.0","1702857600000.0","1702951200000.0"
"46104265-c09b-4e73-ad91-e7ac6a5bf53a","MomentumMAStrategy","BTC-USDT","Bybit Perpetual","long","43346.1","41881.7","0.07485608758380749","1.2759639322750456","3244.719458016478","-110.89521859000284","-3.4177136120666023","57600.0","1702951200000.0","1703008800000.0"
"7b261dd6-8938-4244-bf7c-b896acbf52e4","MomentumMAStrategy","BTC-USDT","Bybit Perpetual","long","41881.7","42815.7","0.07495801269661871","1.2697497569141185","3139.3690003559755","68.74103410172775","2.1896449284532387","57600.0","1703008800000.0","1703066400000.0"
"d6d8307b-4d73-4b33-8771-fe4ffb86ef97","MomentumMAStrategy","BTC-USDT","Bybit Perpetual","short","42815.7","44079.0","0.07484808102524582","1.3007803092528856","3204.672982752617","-95.85636106844615","-2.9911432955668205","21600.0","1703066400000.0","1703088000000.0"
"ab830860-7eb8-40fa-90fc-e0c9111131ed","MomentumMAStrategy","BTC-USDT","Bybit Perpetual","long","44079.0","43614.1","0.07063702533491216","1.2388759452793972","3113.609439737593","-34.07802902348016","-1.0944863086730676","144000.0","1703088000000.0","1703232000000.0"
"c58906e0-2357-4742-90a3-46611dcdd245","MomentumMAStrategy","BTC-USDT","Bybit Perpetual","short","43614.1","42449.0","0.07064768760940354","1.2160318006993716","3081.235312165287","81.0955890330166","2.6319180723665023","352800.0","1703232000000.0","1703584800000.0"
"f3287fca-8bb3-4a3b-8c94-7adfe94df06f","MomentumMAStrategy","BTC-USDT","Bybit Perpetual","short","42449.0","43183.9","0.07440166132880992","1.2742460048807693","3158.2761217466523","-55.95202691542329","-1.7716002261537407","122400.0","1703584800000.0","1703707200000.0"
"2084f8a2-e69a-415a-9193-f2abbbb6741a","MomentumMAStrategy","BTC-USDT","Bybit Perpetual","long","43183.9","42655.9","0.0719046148258263","1.2344555511451931","3105.1216961770006","-39.20009217918148","-1.2624333605811424","86400.0","1703707200000.0","1703793600000.0"
"b1eee52a-43a9-4e8c-8370-88154adfb117","MomentumMAStrategy","BTC-USDT","Bybit Perpetual","short","42655.9","42567.0","0.07192162417407154","1.2258738769648962","3067.881608606778","5.167958512110168","0.16845364885045552","216000.0","1703793600000.0","1704009600000.0"
"776b236c-bad8-4a4d-9531-ee91203815e8","MomentumMAStrategy","BTC-USDT","Bybit Perpetual","long","42567.0","42272.6","0.07218716774011048","1.2248660872407755","3072.791169193283","-22.47676826992941","-0.7314772476331465","79200.0","1704009600000.0","1704088800000.0"
"ad73ec45-ae4f-4fee-999c-796c7dbc40d9","MomentumMAStrategy","BTC-USDT","Bybit Perpetual","short","42272.6","43556.2","0.07218477783095552","1.239106571899503","3051.43823933685","-93.8954873957139","-3.0770895568287697","50400.0","1704088800000.0","1704139200000.0"
"9af6ba28-c29f-48d3-a803-d1dffc06a05a","MomentumMAStrategy","BTC-USDT","Bybit Perpetual","long","43556.2","44926.3","0.0680095491872781","1.203530987192667","2962.237526310922","91.97635235429746","3.104962094948609","21600.0","1704139200000.0","1704160800000.0"
"88373a69-10ae-4a24-800b-32066bc460bd","MomentumMAStrategy","BTC-USDT","Bybit Perpetual","long","44926.3","42545.7","0.0678803965839053","1.1875268099974727","3049.6150610475047","-162.78359891764282","-5.337840863814749","129600.0","1704160800000.0","1704290400000.0"
"57660ec0-6ada-4448-8944-85ca1bd1a6ee","MomentumMAStrategy","BTC-USDT","Bybit Perpetual","short","42545.7","44434.1","0.06804378919786827","1.1836870351345485","2894.970642075744","-129.67757855638908","-4.479409105973111","115200.0","1704290400000.0","1704405600000.0"
"d93bb01b-acb0-4854-9a80-9fd60b48ba8d","MomentumMAStrategy","BTC-USDT","Bybit Perpetual","long","44434.1","43925.8","0.06237950003369427","1.1023692770054445","2771.7769424471744","-32.809869144131966","-1.1837124640760037","108000.0","1704405600000.0","1704513600000.0"
"bab23f4a-66cb-4d03-a984-efc2a71e6905","MomentumMAStrategy","BTC-USDT","Bybit Perpetual","short","43925.8","44238.8","0.06239175078792529","1.1001487503034237","2740.607566760249","-20.628766746924036","-0.7527077935973845","144000.0","1704513600000.0","1704657600000.0"
"cd6f21c7-8073-4dd7-8b01-ddb34f201d0d","MomentumMAStrategy","BTC-USDT","Bybit Perpetual","long","44238.8","43916.9","0.0615073247545293","1.0844442537725718","2721.010238350671","-20.88365209225564","-0.7674962702424148","14400.0","1704657600000.0","1704672000000.0"
"bae69ddf-ed7c-4554-b7c5-3688bb93db1d","MomentumMAStrategy","BTC-USDT","Bybit Perpetual","short","43916.9","44969.6","0.06150640798560527","1.0934178666825005","2701.170768863028","-65.841213553129","-2.4375065179919284","57600.0","1704672000000.0","1704729600000.0"
"164f0103-ad26-4b10-9e98-32544e7ed286","MomentumMAStrategy","BTC-USDT","Bybit Perpetual","long","44969.6","47006.7","0.058675674588779","1.079354289735983","2638.621615987556","118.44886241506563","4.489043131359849","14400.0","1704729600000.0","1704744000000.0"
"ce242f8a-3472-40e8-a72c-1fa4765b2b05","MomentumMAStrategy","BTC-USDT","Bybit Perpetual","long","47006.7","45988.4","0.058526721409540954","1.0885396620304806","2751.1480352818685","-60.68630007336578","-2.2058536761780676","122400.0","1704744000000.0","1704866400000.0"
"eba0af2c-bed3-4d4e-8a7a-219fb2d62986","MomentumMAStrategy","BTC-USDT","Bybit Perpetual","short","45988.4","47068.5","0.05856903154300151","1.0900505022787876","2693.4960502121708","-64.35046147187464","-2.3891054700750596","108000.0","1704866400000.0","1704974400000.0"
"9fd566f5-b350-4b2d-afa6-afd1489f5445","MomentumMAStrategy","BTC-USDT","Bybit Perpetual","long","47068.5","45997.0","0.05592621629781892","1.0409602565729335","2632.36311181389","-60.96590101968591","-2.3160141070992277","57600.0","1704974400000.0","1705032000000.0"
"1b6b963f-685a-4c10-8e8a-494b15d3f7f8","MomentumMAStrategy","BTC-USDT","Bybit Perpetual","short","45997.0","43466.2","0.05596985685686433","1.001448499591405","2574.4455058451886","140.647065233761","5.463198382503212","64800.0","1705032000000.0","1705096800000.0"
"d2b36b70-962f-4893-bf12-e184b7abf689","MomentumMAStrategy","BTC-USDT","Bybit Perpetual","short","43466.2","42894.3","0.062302667769836374","1.076097907987391","2708.0602178172617","34.55479778958167","1.2759981318817706","144000.0","1705096800000.0","1705240800000.0"
"4bfb3035-a266-4893-b511-626d60336766","MomentumMAStrategy","BTC-USDT","Bybit Perpetual","long","42894.3","42280.9","0.06389863631571943","1.0885158255837333","2740.887275717364","-40.283939341646125","-1.46974082803543","43200.0","1705240800000.0","1705284000000.0"
"6de52545-0705-4cca-b44d-cea2ffacea6a","MomentumMAStrategy","BTC-USDT","Bybit Perpetual","short","42280.9","42759.8","0.06392052991641144","1.087169321692514","2702.6175333428005","-31.698711098662045","-1.1728892715150374","28800.0","1705284000000.0","1705312800000.0"
"265de133-6ea5-4749-9466-22331a727ad8","MomentumMAStrategy","BTC-USDT","Bybit Perpetual","long","42759.8","42278.7","0.06250038021223371","1.0629877165356074","2672.503757799071","-31.13192063664161","-1.1648971697716215","21600.0","1705312800000.0","1705334400000.0"
"3c9104b7-815d-4f45-a9f8-f09442b32a33","MomentumMAStrategy","BTC-USDT","Bybit Perpetual","short","42278.7","42765.3","0.0625120553184999","1.0632550465013013","2642.9284331942617","-31.481621164483716","-1.1911643451667289","50400.0","1705334400000.0","1705384800000.0"
"3c9c2100-b0d0-43ce-b22c-a3628f759324","MomentumMAStrategy","BTC-USDT","Bybit Perpetual","long","42765.3","42677.0","0.06110142786530205","1.0441293060190997","2613.020893088002","-6.439385386525449","-0.24643451583410592","100800.0","1705384800000.0","1705485600000.0"
"fc09dadf-264e-49e1-9928-80c700b9e014","MomentumMAStrategy","BTC-USDT","Bybit Perpetual","short","42677.0","41014.2","0.06108450633762455","1.0224471273606808","2606.903476970803","100.5488700108416","3.8570231272113857","122400.0","1705485600000.0","1705608000000.0"
"0f19eabf-560c-48aa-ad4d-12ca2361474f","MomentumMAStrategy","BTC-USDT","Bybit Perpetual","short","41014.2","41652.4","0.06588998209110752","1.08938015870655","2702.424903481102","-43.14036672925165","-1.5963576517401397","129600.0","1705608000000.0","1705737600000.0"
"7ea9ee51-c55e-47bf-8983-977cea3f1982","MomentumMAStrategy","BTC-USDT","Bybit Perpetual","long","41652.4","41675.5","0.06389647547532225","1.064871823752021","2661.4415550883123","0.4111367597278299","0.015447897360052587","122400.0","1705737600000.0","1705860000000.0"
"08aa5611-dfc9-46a0-b7d2-1e0265bf8bcb","MomentumMAStrategy","BTC-USDT","Bybit Perpetual","short","41675.5","40745.4","0.063870430708931","1.0528516764835465","2661.832135010054","58.35303592589308","2.192213218797611","57600.0","1705860000000.0","1705917600000.0"
"129a55a9-486f-4385-a045-1531ad930837","MomentumMAStrategy","BTC-USDT","Bybit Perpetual","short","40745.4","38964.5","0.06668893958924571","1.0631537411529635","2717.2675191396524","117.70317877333483","4.331674299430123","86400.0","1705917600000.0","1706004000000.0"
"dd561890-c626-4584-a300-2c625d5202cc","MomentumMAStrategy","BTC-USDT","Bybit Perpetual","short","38964.5","40015.6","0.07260674560110665","1.1468976056499929","2829.08553897432","-77.46384790697309","-2.7381232147210883","86400.0","1706004000000.0","1706090400000.0"
"6094ea92-291f-493d-b912-7db960f6b993","MomentumMAStrategy","BTC-USDT","Bybit Perpetual","long","40015.6","39982.9","0.06886051648513819","1.1017476056072657","2755.4948834626957","-3.3534864946710843","-0.12170178630333443","122400.0","1706090400000.0","1706212800000.0"
"ff6e1257-5ced-4008-aeef-362f42eac29d","MomentumMAStrategy","BTC-USDT","Bybit Perpetual","short","39982.9","41272.0","0.06883715466593865","1.1186712237330756","2752.3090712927583","-89.85664730359449","-3.2647731405175677","57600.0","1706212800000.0","1706270400000.0"
"fafaea19-16de-4fa1-9a4a-daa8d444a92c","MomentumMAStrategy","BTC-USDT","Bybit Perpetual","long","41272.0","42210.0","0.06461875499986294","1.0789005809797116","2666.945256354343","59.53349160889173","2.2322727272727274","144000.0","1706270400000.0","1706414400000.0"
"841f06e9-43a8-43fb-8f42-a1d94128f5fc","MomentumMAStrategy","BTC-USDT","Bybit Perpetual","long","42210.0","41963.1","0.06452267409103983","1.086214699706501","2723.5020733827914","-17.01686293278433","-0.624815493958781","64800.0","1706414400000.0","1706479200000.0"
"57df81af-c5f4-49b3-903c-2aa18792ceda","MomentumMAStrategy","BTC-USDT","Bybit Perpetual","short","41963.1","42986.7","0.06451706507852484","1.096142355001534","2707.3360535966453","-67.13581016937947","-2.4797738012682538","79200.0","1706479200000.0","1706558400000.0"
"9ee418f0-f694-4969-82ea-fb8da109abd8","MomentumMAStrategy","BTC-USDT","Bybit Perpetual","long","42986.7","43031.6","0.061497091750139815","1.0579750574582103","2643.557033935735","1.7032443621231568","0.06443002137870889","129600.0","1706558400000.0","1706688000000.0"
"47c10bad-d8ff-4d90-bb4e-5ca006b2cc07","MomentumMAStrategy","BTC-USDT","Bybit Perpetual","short","43031.6","43018.1","0.061470526684570224","1.0579040760098524","2645.175116079752","-0.22805196576815434","-0.008621431692058854","158400.0","1706688000000.0","1706846400000.0"
"ccd95ff6-9499-46e8-80b8-fa9157f221eb","MomentumMAStrategy","BTC-USDT","Bybit Perpetual","long","43018.1","43046.8","0.06148478121330957","1.0583363093290734","2644.958466712272","0.7062769114931795","0.02670276000103297","144000.0","1706846400000.0","1706990400000.0"
"c36e4d78-596d-433e-9a06-897fc8fd5daf","MomentumMAStrategy","BTC-USDT","Bybit Perpetual","short","43046.8","43434.7","0.06145937514003806","1.0630197902346403","2645.6294297781906","-24.903111407055047","-0.9412925002555222","151200.0","1706990400000.0","1707141600000.0"
"545d7a93-d75d-43b9-8c6a-5c36030ddaa1","MomentumMAStrategy","BTC-USDT","Bybit Perpetual","long","43434.7","42368.5","0.06036582442014078","1.0359161811772446","2621.9714739414885","-65.39795817793117","-2.494228439473502","28800.0","1707141600000.0","1707170400000.0"
"04faa437-d5c8-4fde-9d37-f55bc878577a","MomentumMAStrategy","BTC-USDT","Bybit Perpetual","short","42368.5","43261.7","0.06041855184093027","1.0347305355698455","2559.843413672454","-55.00058103988859","-2.1485916187733745","79200.0","1707170400000.0","1707249600000.0"
"d4e4fdbd-ae91-4f30-87c1-eaa1c0daea48","MomentumMAStrategy","BTC-USDT","Bybit Perpetual","long","43261.7","44628.6","0.05796334544607725","1.0188831640518727","2507.59286168456","78.2112137261912","3.1189757684048516","108000.0","1707249600000.0","1707357600000.0"
"af849f43-afe6-4ecd-a99f-93e55a6c7358","MomentumMAStrategy","BTC-USDT","Bybit Perpetual","long","44628.6","46046.5","0.05785289062897877","1.0491633286143425","2581.893514724442","80.98045029421473","3.136475219926239","93600.0","1707357600000.0","1707451200000.0"
"70114f2a-9198-49b2-9cae-3337c1a6c100","MomentumMAStrategy","BTC-USDT","Bybit Perpetual","long","46046.5","47445.99999999999","0.05774217242361408","1.079692011062948","2658.8249425039457","79.73047829578454","2.9987110855330865","36000.0","1707451200000.0","1707487200000.0"
"ba840c75-f27c-431c-8fca-cb87ef9cfb13","MomentumMAStrategy","BTC-USDT","Bybit Perpetual","long","47446.0","47732.59999999999","0.057635393855855935","1.097131219529794","2734.568896884941","15.421172659558012","0.5639343253382608","122400.0","1707487200000.0","1707609600000.0"
"d89189fe-bbe7-48f3-a09f-0b1230d584d4","MomentumMAStrategy","BTC-USDT","Bybit Perpetual","short","47732.6","48517.1","0.05759625519899444","1.108724456805331","2749.2190109115218","-46.29298666041647","-1.6838595425348717","14400.0","1707609600000.0","1707624000000.0"
"de85874b-7969-4951-8e4e-b7e4a1687603","MomentumMAStrategy","BTC-USDT","Bybit Perpetual","long","48517.1","47887.0","0.055758499036095026","1.0750695833851216","2705.240673584126","-36.208499826028515","-1.338457615974571","108000.0","1707624000000.0","1707732000000.0"
"e7383a8e-ce50-4416-aa26-e653d9a3ae44","MomentumMAStrategy","BTC-USDT","Bybit Perpetual","short","47887.0","49925.4","0.055773855091139544","1.0910749247433156","2670.8425987493993","-114.78050114252224","-4.297538956292943","21600.0","1707732000000.0","1707753600000.0"
"fdf7aaf3-28f9-4786-a8e9-1aa40c3599f8","MomentumMAStrategy","BTC-USDT","Bybit Perpetual","short","49925.4","49868.1","0.051312580823869275","1.0241324068893598","2561.8011226640033","1.9160784743184989","0.07479419293586612","7200.0","1707753600000.0","1707760800000.0"
"166efb71-746e-493b-9732-ac4b93919328","MomentumMAStrategy","BTC-USDT","Bybit Perpetual","long","49868.1","49524.4","0.051408042360037896","1.0219147700540132","2563.6213972146056","-18.69085892919889","-0.729080313867978","122400.0","1707760800000.0","1707883200000.0"
"36bf730b-8463-4787-8920-a75f57641008","MomentumMAStrategy","BTC-USDT","Bybit Perpetual","short","49524.4","51568.3","0.05140627814232716","1.0393598908717674","2545.865081231867","-106.10865178597432","-4.167881973330321","21600.0","1707883200000.0","1707904800000.0"
"8b6b202a-3349-45e2-bdf9-b3012679493d","MomentumMAStrategy","BTC-USDT","Bybit Perpetual","long","51568.3","52099.5","0.04741404820471474","0.9830620132953454","2445.061862035191","24.203280393048985","0.9898841730287736","158400.0","1707904800000.0","1708063200000.0"
"586d2170-1479-4a98-9c77-6f909b2218b5","MomentumMAStrategy","BTC-USDT","Bybit Perpetual","short","52099.5","51875.4","0.047371951331751504","0.985098780504746","2468.0549784085874","9.630955512940696","0.39022451271125164","216000.0","1708063200000.0","1708279200000.0"
"38eef0ab-7fc1-4354-b5c9-1cd662ba59da","MomentumMAStrategy","BTC-USDT","Bybit Perpetual","long","51875.4","51813.8","0.047752969348590676","0.9902934378759778","2477.204386145881","-3.9318763497490936","-0.15872232310497564","108000.0","1708279200000.0","1708387200000.0"
"d21cda64-305c-4f40-9d3f-fcc8ea463527","MomentumMAStrategy","BTC-USDT","Bybit Perpetual","short","51813.8","51547.0","0.047737651043035234","0.9868403603857913","2473.469103613619","11.749564937896148","0.47502371954962364","244800.0","1708387200000.0","1708632000000.0"
"1fc6bef8-6794-478a-819c-988a05101bc6","MomentumMAStrategy","BTC-USDT","Bybit Perpetual","long","51547.0","51264.100000000006","0.048201276316849104","0.9911252479078411","2484.6311903046208","-14.627266317944171","-0.5887097600248203","36000.0","1708632000000.0","1708668000000.0"
"26585610-9579-48da-8372-0bdfecd4a21f","MomentumMAStrategy","BTC-USDT","Bybit Perpetual","short","51264.1","51590.2","0.04819620918542554","0.9914374716841028","2470.7352873025734","-16.708221287051302","-0.6762448965260262","144000.0","1708668000000.0","1708812000000.0"
"7f5458e0-fb08-45f8-9193-d2109f991391","MomentumMAStrategy","BTC-USDT","Bybit Perpetual","long","51590.200000000004","51596.1","0.04758389145767752","0.9820011398238699","2454.8624770798747","-0.7012561802238495","-0.02856600672221821","108000.0","1708812000000.0","1708920000000.0"
"5ed112a6-8885-4cab-aba5-a040cbfebca8","MomentumMAStrategy","BTC-USDT","Bybit Perpetual","short","51596.1","52872.3","0.047565538552500335","0.9938191415436053","2454.1962837086626","-61.69695944224474","-2.5139374487606703","43200.0","1708920000000.0","1708963200000.0"
"6b637ab8-c912-4448-8147-86dd91b9d10b","MomentumMAStrategy","BTC-USDT","Bybit Perpetual","short","52872.3","54531.3","0.045308870093385946","0.9732671519923974","2395.58417223853","-76.14068263691969","-3.17837642773248","14400.0","1708963200000.0","1708977600000.0"
"0b953d46-77f1-4197-8b2c-f8f2aae20a3a","MomentumMAStrategy","BTC-USDT","Bybit Perpetual","long","54531.3","56660.4","0.042603982001776154","0.9474418371093789","2323.2505237334562","89.76069624287217","3.8635823096093405","50400.0","1708977600000.0","1709028000000.0"
"41bd9ae5-239c-45dc-b316-0d1c2f6f7936","MomentumMAStrategy","BTC-USDT","Bybit Perpetual","long","56660.40000000001","59357.00000000001","0.042508051216796634","0.9863347162479166","2408.5231851641843","113.64087619496583","4.71828035100352","86400.0","1709028000000.0","1709114400000.0"
"c096543e-b098-4d8a-8dd9-11db1f847417","MomentumMAStrategy","BTC-USDT","Bybit Perpetual","long","59357.0","61183.4","0.04239570762588072","1.0220791111013425","2516.482017549402","76.40944129680726","3.036359519517498","151200.0","1709114400000.0","1709265600000.0"
"5ab2756a-ecea-43ad-8011-76b5b49401c9","MomentumMAStrategy","BTC-USDT","Bybit Perpetual","short","61183.4","62895.5","0.042316559504397736","1.0501184310180434","2589.0709867813684","-73.50029995849735","-2.838867699408661","237600.0","1709265600000.0","1709503200000.0"
"fe1d504c-5b16-4bdb-9bbf-a9707f6d5f68","MomentumMAStrategy","BTC-USDT","Bybit Perpetual","short","62895.49999999999","63178.49999999999","0.04005446656471125","1.0099653635358812","2519.245701820796","-12.345379401349165","-0.490042689858575","7200.0","1709503200000.0","1709510400000.0"
"cfddd333-9ee6-4ccf-bfd7-0198d5386fb2","MomentumMAStrategy","BTC-USDT","Bybit Perpetual","long","63178.5","66505.4","0.03968941319261322","1.0294155783059065","2507.517591389514","131.0132931721988","5.22482050064499","57600.0","1709510400000.0","1709568000000.0"
"2cb1cdc5-d28f-45a0-9e1d-fc5c1a0d9194","MomentumMAStrategy","BTC-USDT","Bybit Perpetual","long","66505.4","61510.2","0.039575436278905224","1.0132546441011638","2631.9802199031033","-198.7004739444884","-7.549466840286649","100800.0","1709568000000.0","1709668800000.0"
"d05e05a3-3adb-47d8-8a46-0cc95de2a4a3","MomentumMAStrategy","BTC-USDT","Bybit Perpetual","short","61510.19999999999","67383.9","0.03972048163809968","1.0239471464618766","2443.2147696558386","-234.33014014416813","-9.591057775783536","57600.0","1709668800000.0","1709726400000.0"
"7907acb8-0546-4b4f-97ff-d6786816df87","MomentumMAStrategy","BTC-USDT","Bybit Perpetual","short","67383.9","67397.2","0.0329544763143552","0.8883281135145479","2220.6011365188792","-1.3266226484955679","-0.059741599996442636","21600.0","1709726400000.0","1709748000000.0"
"f57d1457-cee0-48ed-894b-d781b51f50d6","MomentumMAStrategy","BTC-USDT","Bybit Perpetual","long","67397.2","67685.8","0.032929273693904325","0.8896370156787357","2219.3408450028087","8.613751372382245","0.3881220584831504","165600.0","1709748000000.0","1709913600000.0"
"e638209f-db39-4172-acbd-2a3a67760f9d","MomentumMAStrategy","BTC-USDT","Bybit Perpetual","short","67685.8","69402.2","0.032909767023608656","0.9023068283464928","2227.523908806571","-57.3886309476682","-2.5763418619562652","136800.0","1709913600000.0","1710050400000.0"
"b94f3b20-5432-46fb-934f-2ff136e98f66","MomentumMAStrategy","BTC-USDT","Bybit Perpetual","long","69402.2","68657.4","0.03131031450597079","0.8645378993137051","2173.004709406286","-24.184460143360845","-1.1129501946624214","79200.0","1710050400000.0","1710129600000.0"
"c1af7795-0233-4d22-992a-579c79c512a7","MomentumMAStrategy","BTC-USDT","Bybit Perpetual","short","68657.4","71223.8","0.03131533486951288","0.8760853239898609","2150.0294722700933","-81.24376073310798","-3.7787277700583024","14400.0","1710129600000.0","1710144000000.0"
"aafeda51-88dd-4799-9afb-2409838f0854","MomentumMAStrategy","BTC-USDT","Bybit Perpetual","long","71223.8","71503.2","0.029103303945782734","0.8307654524539465","2072.8478995736405","7.30069766999758","0.3522061445752601","144000.0","1710144000000.0","1710288000000.0"
"f3305d17-f26e-49c8-adeb-9916c4bc744f","MomentumMAStrategy","BTC-USDT","Bybit Perpetual","short","71503.2","73389.2","0.029086580214034312","0.842884883000789","2079.783562360138","-55.7001751666695","-2.6781717181888367","36000.0","1710288000000.0","1710324000000.0"
"6f803592-c82f-49e0-ac51-b08b62b999c5","MomentumMAStrategy","BTC-USDT","Bybit Perpetual","long","73389.2","71097.2","0.027618074538921292","0.7980872330120795","2026.8683959518025","-64.09871407621968","-3.162450714819074","115200.0","1710324000000.0","1710439200000.0"
"5a68e4b8-d868-48ea-9808-2164bf52a7b0","MomentumMAStrategy","BTC-USDT","Bybit Perpetual","short","71097.2","67325.9","0.02765192746802116","0.765533104219728","1965.974617579394","103.51818095592856","5.26548918944769","172800.0","1710439200000.0","1710612000000.0"
"845985f3-f76d-4ceb-b8e5-01711a955f29","MomentumMAStrategy","BTC-USDT","Bybit Perpetual","short","67325.9","68447.9","0.030661556540462532","0.8326072090826903","2064.316889487526","-35.23487364748165","-1.7068539150609203","108000.0","1710612000000.0","1710720000000.0"
"94c96782-d44c-4817-ac70-c470c444ae99","MomentumMAStrategy","BTC-USDT","Bybit Perpetual","long","68447.9","65899.1","0.02966992061878332","0.7972129650743366","2030.8437595224186","-76.41990663822891","-3.7629633633756305","93600.0","1710720000000.0","1710813600000.0"
"2d0bc4c0-6a75-4498-89c4-8c78dde09ff5","MomentumMAStrategy","BTC-USDT","Bybit Perpetual","short","65899.1","67716.9","0.029715805651611343","0.7941014175891403","1958.2448482161012","-54.81149293108789","-2.7990112156311513","158400.0","1710813600000.0","1710972000000.0"
"1a10007f-a6c0-483d-8458-c02de2904904","MomentumMAStrategy","BTC-USDT","Bybit Perpetual","long","67716.9","66223.4","0.028149161138970747","0.7540614175404167","1906.173929931568","-42.794833578593234","-2.2450644669203705","122400.0","1710972000000.0","1711094400000.0"
"91475eac-fcd5-4e04-9159-c24a25018e63","MomentumMAStrategy","BTC-USDT","Bybit Perpetual","short","66223.4","64980.1","0.028170085468760354","0.7392027617600998","1865.5188380319044","34.28466450154953","1.8378085389756427","136800.0","1711094400000.0","1711231200000.0"
"c22703ab-eb71-412c-baeb-e98aaaca2f8e","MomentumMAStrategy","BTC-USDT","Bybit Perpetual","long","64980.1","68046.6","0.029210316224634564","0.7771503946639191","1898.0892693083765","88.79628430817819","4.678193262244914","144000.0","1711231200000.0","1711375200000.0"
"2cfcca13-611b-4cd4-affc-08d6e1a50be1","MomentumMAStrategy","BTC-USDT","Bybit Perpetual","long","68046.6","71019.6","0.029133648696645323","0.8103011632754837","1982.4457394011458","85.80403641185106","4.328190916225057","21600.0","1711375200000.0","1711396800000.0"
"0143c45d-02d1-4531-8ad5-49dbf058aafa","MomentumMAStrategy","BTC-USDT","Bybit Perpetual","long","71019.6","70445.1","0.029061830452331527","0.8222446252779889","2063.9595739924043","-17.51826622014245","-0.8487698325532669","115200.0","1711396800000.0","1711512000000.0"
"cc35fb8b-90b9-426e-bfa6-d81e3795e48b","MomentumMAStrategy","BTC-USDT","Bybit Perpetual","short","70445.1","70837.1","0.029062592303556515","0.8212053956699066","2047.3172210832693","-12.213741578664061","-0.5965729908822615","144000.0","1711512000000.0","1711656000000.0"
"779b23d4-f243-493d-bbdd-c40f3d33cebe","MomentumMAStrategy","BTC-USDT","Bybit Perpetual","long","70837.1","70497.8","0.028737965932873283","0.8123355082652105","2035.7141665835381","-10.563127349289198","-0.5188904966465353","64800.0","1711656000000.0","1711720800000.0"
"95442fca-33b3-44f5-ace6-a91c1da442b8","MomentumMAStrategy","BTC-USDT","Bybit Perpetual","short","70497.8","71135.1","0.02873393489728351","0.8139341055826932","2025.6791956017134","-19.126070815621556","-0.9441806410980241","194400.0","1711720800000.0","1711915200000.0"
"a66af5f5-d38a-48e0-956e-a826244bbcf8","MomentumMAStrategy","BTC-USDT","Bybit Perpetual","long","71135.1","69212.2","0.028221081130509033","0.7921505079495781","2007.5094283268731","-55.058467413805644","-2.7426255955217727","36000.0","1711915200000.0","1711951200000.0"
"155ff77d-67a0-4437-a4b7-41fda0822034","MomentumMAStrategy","BTC-USDT","Bybit Perpetual","short","69212.2","66503.3","0.02824941100389466","0.7667765878198132","1955.203884283758","75.75805288063026","3.8746881330170027","93600.0","1711951200000.0","1712044800000.0"
"f618ef32-a22b-4e62-b4b4-1254a7dc494f","MomentumMAStrategy","BTC-USDT","Bybit Perpetual","short","66503.3","66150.0","0.030482307412118756","0.8087157339664026","2027.1740345203573","9.96068347473524","0.49135808298235256","151200.0","1712044800000.0","1712196000000.0"
"34aaac1f-46c0-454c-adc4-23e4274cb4a5","MomentumMAStrategy","BTC-USDT","Bybit Perpetual","long","66150.0","66104.8","0.030788158485583604","0.8143763485758326","2036.6366838213555","-2.206001112124122","-0.1083158881330266","21600.0","1712196000000.0","1712217600000.0"
"15da480f-80a7-40ba-89d0-16554eaf87e1","MomentumMAStrategy","BTC-USDT","Bybit Perpetual","short","66104.8","66291.8","0.030777507575317335","0.8149674718892519","2034.5409827648375","-6.570361388473593","-0.32294072442545774","7200.0","1712217600000.0","1712224800000.0"
"aad163b7-94d7-4319-ab4e-89864a8eef10","MomentumMAStrategy","BTC-USDT","Bybit Perpetual","long","66291.8","68847.4","0.030596531387679735","0.826958154901186","2028.2991394457877","77.36553745945287","3.8143060831052873","28800.0","1712224800000.0","1712253600000.0"
"9a6aac3b-f6f7-4d65-9523-fd8c7434482f","MomentumMAStrategy","BTC-USDT","Bybit Perpetual","long","68847.4","67455.8","0.030528333677557435","0.8322219141837695","2101.7964000322677","-43.31545105987243","-2.0608775930536103","86400.0","1712253600000.0","1712340000000.0"
"34ca6f62-eeeb-472d-ac29-193620250899","MomentumMAStrategy","BTC-USDT","Bybit Perpetual","short","67455.8","68259.5","0.030548102928515987","0.8291689906748851","2060.646721525389","-25.380679314323093","-1.2316851330797307","93600.0","1712340000000.0","1712433600000.0"
"22688b36-f5b0-4584-a0fa-0e2f8eccae33","MomentumMAStrategy","BTC-USDT","Bybit Perpetual","long","68259.5","70745.4","0.02983518889204847","0.8294474896840616","2036.5350761767825","73.33784857705906","3.6011090324423622","129600.0","1712433600000.0","1712563200000.0"
"99ad2d93-831f-479c-884f-abf0c5bbff1d","MomentumMAStrategy","BTC-USDT","Bybit Perpetual","long","70745.4","70858.3","0.029771632252061465","0.8431546563862472","2106.206032324989","2.518062624871752","0.11955443039407332","100800.0","1712563200000.0","1712664000000.0"
"cc9532d6-5377-4f02-939c-78ce48910d34","MomentumMAStrategy","BTC-USDT","Bybit Perpetual","short","70858.3","68300.0","0.029757956256622267","0.8282133208291838","2108.5981918186176","75.30156617048766","3.5711671603750066","93600.0","1712664000000.0","1712757600000.0"
"b6479181-65b4-4337-818c-608a54fc526d","MomentumMAStrategy","BTC-USDT","Bybit Perpetual","short","68300.0","70900.5","0.03191998066882255","0.8886554538180866","2180.13467968058","-83.89656518309113","-3.8482285505124456","50400.0","1712757600000.0","1712808000000.0"
"7431a60e-cb35-42a0-b460-43d985f7b823","MomentumMAStrategy","BTC-USDT","Bybit Perpetual","long","70900.5","69934.4","0.029625079410676138","0.8344490192589267","2100.4329427566436","-29.455238237913314","-1.4023412810911147","122400.0","1712808000000.0","1712930400000.0"
"3b267f74-43cf-4633-becd-34d31da41fb0","MomentumMAStrategy","BTC-USDT","Bybit Perpetual","short","69934.4","65928.3","0.02963420671987786","0.80523666746415","2072.450466430626","117.91235887303829","5.689513973094774","43200.0","1712930400000.0","1712973600000.0"
"fd8a743e-2d4d-4888-8c92-8088b7ae811c","MomentumMAStrategy","BTC-USDT","Bybit Perpetual","short","65928.3","65107.899999999994","0.03313398354515454","0.8683502589239159","2184.4672073600123","26.31476984152116","1.2046310309836727","180000.0","1712973600000.0","1713153600000.0"
"ee53c0bc-cce9-45a0-86d2-9d1592c46e4b","MomentumMAStrategy","BTC-USDT","Bybit Perpetual","long","65107.9","63392.69999999999","0.03393545543182097","0.8721452768524508","2209.466238709457","-59.078238433512176","-2.6738692539615183","72000.0","1713153600000.0","1713225600000.0"
"e804da0c-1969-4424-91e8-15b7b3e12486","MomentumMAStrategy","BTC-USDT","Bybit Perpetual","short","63392.7","63429.100000000006","0.03396829464903089","0.8615840540640931","2153.3419121976203","-2.098029979289114","-0.09743134461855818","252000.0","1713225600000.0","1713477600000.0"
"bc0be8cb-50b9-413d-a0e2-d14472066775","MomentumMAStrategy","BTC-USDT","Bybit Perpetual","long","63429.09999999999","64632.00000000001","0.033917378359732304","0.868699356372703","2151.348783717296","39.93051507254983","1.8560688705972752","259200.0","1713477600000.0","1713736800000.0"
"175b603f-f9d6-4f83-bc9d-f054447e4634","MomentumMAStrategy","BTC-USDT","Bybit Perpetual","short","64631.99999999999","65943.7","0.033873046989667935","0.8845993643617567","2189.282773036218","-45.315875100709334","-2.0698959339027176","36000.0","1713736800000.0","1713772800000.0"
"06babb8e-aa1e-4436-91c3-ae5f4afceab8","MomentumMAStrategy","BTC-USDT","Bybit Perpetual","long","65943.7","66323.5","0.03254644024661256","0.8609653042773506","2146.2326916905445","11.500172701386195","0.535830655544052","136800.0","1713772800000.0","1713909600000.0"
"6223b163-b5a4-44ed-ad84-1efeeea744ba","MomentumMAStrategy","BTC-USDT","Bybit Perpetual","short","66323.5","63960.9","0.032524789188701754","0.8474945289152991","2157.157855756861","75.99557240831142","3.522949060287829","79200.0","1713909600000.0","1713988800000.0"
"ab60f54c-abc4-4c0e-b788-f6b98273b681","MomentumMAStrategy","BTC-USDT","Bybit Perpetual","short","63960.9","64454.1","0.03485494496707765","0.8951795515894554","2229.353649544757","-18.08563840935205","-0.8112503107367112","136800.0","1713988800000.0","1714125600000.0"
"d5c215ad-19bc-464b-992f-65b922e13f50","MomentumMAStrategy","BTC-USDT","Bybit Perpetual","long","64454.09999999999","63748.8","0.03432166911113292","0.8800275025775326","2212.172293055872","-25.087100726659184","-1.1340482296703989","50400.0","1714125600000.0","1714176000000.0"
"8e8bc7ab-44ef-46d5-b70d-8eff63bd367b","MomentumMAStrategy","BTC-USDT","Bybit Perpetual","short","63748.80000000001","63728.40000000001","0.03432754102611414","0.8751957625788317","2188.3395473655455","-0.17491392564605324","-0.007992997515245069","122400.0","1714176000000.0","1714298400000.0"
"e392cf52-d055-4c3c-bdd1-06069d482652","MomentumMAStrategy","BTC-USDT","Bybit Perpetual","long","63728.4","62259.899999999994","0.0343359221184932","0.8651848913282714","2188.173379136182","-51.28748652233578","-2.343849304234858","64800.0","1714298400000.0","1714363200000.0"
"f48ce3ac-8c1a-4d98-91c6-97c26204e934","MomentumMAStrategy","BTC-USDT","Bybit Perpetual","short","62259.9","59276.2","0.034363213993918444","0.8352742024572544","2139.450266939963","101.69424739119735","4.75328868180001","144000.0","1714363200000.0","1714507200000.0"
"d56928e3-232a-4a4c-a4ee-41e11229e5d4","MomentumMAStrategy","BTC-USDT","Bybit Perpetual","short","59276.200000000004","59170.0","0.03772272517404287","0.8936226901019434","2236.0598019616","3.1125307233815738","0.13919711452489253","165600.0","1714507200000.0","1714672800000.0"
"17fa7d29-83e3-49c8-ab48-890799108f2c","MomentumMAStrategy","BTC-USDT","Bybit Perpetual","long","59169.99999999999","62031.90000000001","0.03784040402482361","0.9172657729152538","2239.016706148813","107.37818650572804","4.795774243704607","93600.0","1714672800000.0","1714766400000.0"
"6583b99f-b53f-4248-8c4e-f5bd042df73b","MomentumMAStrategy","BTC-USDT","Bybit Perpetual","long","62031.9","64398.0","0.037739066243807684","0.9542692742595962","2341.025983329254","88.3401353652137","3.7735649238536917","158400.0","1714766400000.0","1714924800000.0"
"a05cd2c6-5b08-4d60-badb-33648e2a6669","MomentumMAStrategy","BTC-USDT","Bybit Perpetual","long","64398.0","63846.0","0.037655658746020164","0.9658224600449221","2424.9491119262066","-21.75174608784805","-0.8969980434174974","14400.0","1714924800000.0","1714939200000.0"
"40610cd6-c12b-4ad2-959b-1bf1beee78a0","MomentumMAStrategy","BTC-USDT","Bybit Perpetual","short","63846.0","61464.0","0.03765756591082842","0.9437739168571817","2404.284953142751","88.7565480827361","3.691598533972371","266400.0","1714939200000.0","1715205600000.0"
"e1245844-a564-4c13-b7af-d8cb8f561f18","MomentumMAStrategy","BTC-USDT","Bybit Perpetual","short","61464.0","63050.100000000006","0.040488801148987216","1.008285327029022","2488.60367382135","-65.22757282943789","-2.6210510542756835","93600.0","1715205600000.0","1715299200000.0"
"7aa934db-29de-4400-8ce1-f35612de0fb9","MomentumMAStrategy","BTC-USDT","Bybit Perpetual","long","63050.09999999999","60368.4","0.03848744854700285","0.9500126336996544","2426.6374796333844","-104.16180340219681","-4.292433636108412","64800.0","1715299200000.0","1715364000000.0"
"163b6fd6-4704-4442-88da-c8a03cd091d8","MomentumMAStrategy","BTC-USDT","Bybit Perpetual","long","60368.399999999994","60697.7","0.0385579834218117","0.9336129353486795","2327.6837664012974","11.763531005454027","0.5053749643853456","14400.0","1715364000000.0","1715378400000.0"
"499ed8b5-e58e-470b-84b4-430826abaecf","MomentumMAStrategy","BTC-USDT","Bybit Perpetual","short","60697.7","61585.0","0.0385329118048374","0.9423816988714782","2338.859120856479","-35.13263434330382","-1.5021269998698519","158400.0","1715378400000.0","1715536800000.0"
"c86c4bd7-f05a-4c28-af87-b7e696a036bd","MomentumMAStrategy","BTC-USDT","Bybit Perpetual","long","61584.99999999999","61670.50000000001","0.03743578985516506","0.9228333992986595","2305.48311823034","2.277926633318498","0.09880474141432906","158400.0","1715536800000.0","1715695200000.0"
"272b4694-4e85-47ff-a5d9-b9653ad03db0","MomentumMAStrategy","BTC-USDT","Bybit Perpetual","short","61670.49999999999","64106.7","0.03741897906668492","0.9412908827732485","2307.647148531992","-92.1014076850312","-3.9911391021639266","86400.0","1715695200000.0","1715781600000.0"
"da838b13-77fc-41bc-ac9f-b0ead8f83044","MomentumMAStrategy","BTC-USDT","Bybit Perpetual","short","64106.7","64685.5","0.034632118190941245","0.8920693384942686","2220.150811231213","-20.937139347411165","-0.9430503207933072","7200.0","1715781600000.0","1715788800000.0"
"d256d50e-29d4-433a-b898-52a9e5616443","MomentumMAStrategy","BTC-USDT","Bybit Perpetual","long","64685.5","66350.6","0.03401474099838715","0.8914318005877518","2200.2605288511722","55.74651343582689","2.5336323905666736","144000.0","1715788800000.0","1715932800000.0"
"6fbfe483-32a0-47c0-b2b4-50b428dbdc80","MomentumMAStrategy","BTC-USDT","Bybit Perpetual","short","66350.6","66980.0","0.033959296775239525","0.9055626829241503","2253.2197166152077","-22.279544073259707","-0.9887870192582946","57600.0","1715932800000.0","1715990400000.0"
"09a000fa-767a-46c2-a9ff-9fb43b5f056e","MomentumMAStrategy","BTC-USDT","Bybit Perpetual","long","66980.0","67069.5","0.03332418855995239","0.8934181628734676","2232.054149745611","2.089096713242271","0.0935952523141236","108000.0","1715990400000.0","1716098400000.0"
"ab7d4bd0-4767-49c9-a185-867dba62f6b7","MomentumMAStrategy","BTC-USDT","Bybit Perpetual","short","67069.5","69996.4","0.03330931036645854","0.9131141207515939","2234.038791623191","-98.4061346323389","-4.404853443070239","136800.0","1716098400000.0","1716235200000.0"
"ea6edf3b-61b8-43ff-a9f4-847f4c12c3d9","MomentumMAStrategy","BTC-USDT","Bybit Perpetual","long","69996.4","69759.6","0.030580900785218513","0.8547728740277998","2140.552963722469","-8.096330179967188","-0.378235452108949","129600.0","1716235200000.0","1716364800000.0"
"8ef86df1-d755-4cb5-bc68-bc3bec41e789","MomentumMAStrategy","BTC-USDT","Bybit Perpetual","short","69759.6","67239.0","0.0305744506856619","0.8377313879409441","2132.8614500515","76.22822901033861","3.573988784339367","129600.0","1716364800000.0","1716494400000.0"
"3bfaed8d-79b3-4698-bdea-2bbedae05eb5","MomentumMAStrategy","BTC-USDT","Bybit Perpetual","short","67239.0","68622.0","0.032797606561836466","0.8911831250195328","2205.278267611322","-46.250273000039364","-2.0972533797349753","108000.0","1716494400000.0","1716602400000.0"
"5a9082e6-7e49-499a-9622-011f57a07134","MomentumMAStrategy","BTC-USDT","Bybit Perpetual","long","68622.0","68864.6","0.03149632054241037","0.8660644047772317","2161.3405082612844","6.774942958811707","0.31346023141267493","136800.0","1716602400000.0","1716739200000.0"
"9206b9f4-40b3-44be-8f3a-92f38e8e89e6","MomentumMAStrategy","BTC-USDT","Bybit Perpetual","short","68864.6","69835.7","0.03147882517392325","0.8732244990541416","2167.7767040721556","-31.44231162545074","-1.4504405166079397","108000.0","1716739200000.0","1716847200000.0"
"f62ed6f3-fe7a-4166-b76c-80f9fa98e1f4","MomentumMAStrategy","BTC-USDT","Bybit Perpetual","long","69835.7","68070.0","0.030613375508915606","0.8443517957839726","2137.9065080279775","-54.89838893187617","-2.5678573279855392","21600.0","1716847200000.0","1716868800000.0"
"1ee87388-83b1-4324-a8da-d810db2def9b","MomentumMAStrategy","BTC-USDT","Bybit Perpetual","short","68070.0","69366.5","0.03064129629121045","0.842246503545389","2085.7530385426953","-40.56868714509974","-1.9450379021595416","223200.0","1716868800000.0","1717092000000.0"
"bd0471ab-205d-4f43-a3fd-7794ad75a7fd","MomentumMAStrategy","BTC-USDT","Bybit Perpetual","long","69366.5","67252.7","0.029512989494278222","0.806408202863339","2047.2127857548503","-63.19096539586873","-3.0866828223998657","79200.0","1717092000000.0","1717171200000.0"
"cb8534d4-6cb6-461c-826e-5d50d8bcec77","MomentumMAStrategy","BTC-USDT","Bybit Perpetual","short","67252.7","68284.1","0.029547979019857562","0.8009677045637262","1987.1813686287746","-31.276753265645073","-1.5739254483463245","158400.0","1717171200000.0","1717329600000.0"
"575c8d5d-9a7f-490a-bdd0-2d7b60e2e653","MomentumMAStrategy","BTC-USDT","Bybit Perpetual","long","68284.1","67805.9","0.028666533688317068","0.780245713928614","1957.4684530264117","-14.48858212368217","-0.7401693805732398","43200.0","1717329600000.0","1717372800000.0"
"f0eacfe0-23b7-493c-aefc-bf49c1fc82f7","MomentumMAStrategy","BTC-USDT","Bybit Perpetual","short","67805.9","68521.5","0.02866571050614937","0.7815843564912055","1943.7043000089134","-21.29476679469186","-1.095576461635353","7200.0","1717372800000.0","1717380000000.0"
"047e050e-29e8-45f2-9924-736a22766808","MomentumMAStrategy","BTC-USDT","Bybit Perpetual","long","68521.5","70492.0","0.028071105734024448","0.7804525313913615","1923.4742715539562","54.533661317503814","2.835164583378939","136800.0","1717380000000.0","1717516800000.0"
"e53d38aa-44e1-4aa8-9eda-93455041a569","MomentumMAStrategy","BTC-USDT","Bybit Perpetual","long","70492.0","71163.5","0.028021353484162525","0.7938757676951569","1975.2812498055846","18.02246309691998","0.9123998467911254","165600.0","1717516800000.0","1717682400000.0"
"3c908ac7-de2c-4d4f-8808-16356f7a4dc0","MomentumMAStrategy","BTC-USDT","Bybit Perpetual","short","71163.5","69342.8","0.02799753510925768","0.7867660134643785","1992.4025897476588","50.18834615996099","2.518986193765058","144000.0","1717682400000.0","1717826400000.0"
"1d157d0b-0412-4c9c-9674-160e3d5a7420","MomentumMAStrategy","BTC-USDT","Bybit Perpetual","short","69342.8","69742.6","0.0294202356783923","0.8183850494846929","2040.0815185996216","-12.58059527370602","-0.6166712045086193","136800.0","1717826400000.0","1717963200000.0"
"1f18c6a6-8fc2-4c5a-b247-b25ca94d4703","MomentumMAStrategy","BTC-USDT","Bybit Perpetual","long","69742.6","69616.2","0.029080217156939966","0.8105168333461131","2028.1299530896015","-4.486256281983579","-0.22120161852298126","93600.0","1717963200000.0","1718056800000.0"
"22c677c2-94a3-4313-a2f0-e821895a292b","MomentumMAStrategy","BTC-USDT","Bybit Perpetual","short","69616.2","67930.4","0.02907179664534573","0.7997453568917421","2023.8680096217172","48.209489427832175","2.382047109724465","28800.0","1718056800000.0","1718085600000.0"
"4555d3b6-33ba-4c80-b526-8e200da369fa","MomentumMAStrategy","BTC-USDT","Bybit Perpetual","short","67930.4","69738.0","0.030467464118835722","0.8388814074595047","2069.667024578158","-55.911869548667134","-2.7014910555509846","122400.0","1718085600000.0","1718208000000.0"
"c4eeb861-a0df-4b08-ac77-1b405df21961","MomentumMAStrategy","BTC-USDT","Bybit Perpetual","long","69738.0","67426.7","0.028916096654720877","0.7932535445631586","2016.5507485069245","-67.6270277426196","-3.3535990994866536","64800.0","1718208000000.0","1718272800000.0"
"ea8d79c9-823e-4e48-acdc-67f6e2091f0e","MomentumMAStrategy","BTC-USDT","Bybit Perpetual","long","67426.7","67580.5","0.02895448052702321","0.7818126686815856","1952.3050721514358","3.6713864363746684","0.18805393115783942","14400.0","1718272800000.0","1718287200000.0"
"33e86fed-18d7-486b-8cd4-ba45939ebac0","MomentumMAStrategy","BTC-USDT","Bybit Perpetual","short","67580.5","65401.0","0.028940195607697367","0.7697021244410014","1955.7928892659918","62.30545420253541","3.1856877353674506","100800.0","1718287200000.0","1718388000000.0"
"0307bcda-e66e-41fc-9b70-dbda67535841","MomentumMAStrategy","BTC-USDT","Bybit Perpetual","short","65401.0","66129.6","0.030809667600776747","0.8104828130661452","2014.9830707584001","-23.25840662699226","-1.1542730539288477","122400.0","1718388000000.0","1718510400000.0"
"100459fc-c381-48b9-b849-2fb3f42548ec","MomentumMAStrategy","BTC-USDT","Bybit Perpetual","long","66129.6","65696.3","0.030136090108858326","0.7945434402162694","1992.8875844627578","-13.85251128438467","-0.6950974752607045","108000.0","1718510400000.0","1718618400000.0"
"d7b072b1-1a66-4b1b-9e5d-78e26007677b","MomentumMAStrategy","BTC-USDT","Bybit Perpetual","short","65696.3","65134.9","0.030134538760060947","0.7885075734850572","1979.727698742592","16.129022486413202","0.8147091388708366","230400.0","1718618400000.0","1718848800000.0"
"2cb70f84-711f-49ac-bb4b-cc32a508f67e","MomentumMAStrategy","BTC-USDT","Bybit Perpetual","long","65134.9","65012.3","0.030629513058355578","0.7972690723816831","1995.0502701046848","-4.552447373336032","-0.228187100924387","72000.0","1718848800000.0","1718920800000.0"
"44646f9b-9024-46c3-9b1b-767753d8f109","MomentumMAStrategy","BTC-USDT","Bybit Perpetual","short","65012.3","64229.4","0.0306207509209798","0.7914955808607991","1990.7254451000153","23.18149031517433","1.1644745071317293","158400.0","1718920800000.0","1719079200000.0"
"561954a8-80d8-4d9c-99f5-d258f9652a69","MomentumMAStrategy","BTC-USDT","Bybit Perpetual","long","64229.4","64128.7","0.031336862260887235","0.8044680199538379","2012.7478608994306","-3.960090049625319","-0.19675042893130615","93600.0","1719079200000.0","1719172800000.0"
"320633a6-463a-436a-832a-2c5fedac0863","MomentumMAStrategy","BTC-USDT","Bybit Perpetual","short","64128.7","63194.9","0.03132740528581254","0.7977436039297364","2008.9857753522867","28.455787451961882","1.4164255317821752","14400.0","1719172800000.0","1719187200000.0"
"1936a44c-66ad-4fc3-ba7f-83ad7929ece2","MomentumMAStrategy","BTC-USDT","Bybit Perpetual","short","63194.9","61370.0","0.03221808679864435","0.8026485520528908","2036.01877343165","57.99213804679323","2.8483105756951925","36000.0","1719187200000.0","1719223200000.0"
"7cd8260b-d905-4aaf-97a4-223a378373da","MomentumMAStrategy","BTC-USDT","Bybit Perpetual","short","61369.99999999999","59294.7","0.034073835824932446","0.8223018355329452","2091.111304576104","69.89112965194921","3.342296007821405","36000.0","1719223200000.0","1719259200000.0"
"72b0dc3e-073a-4596-8aee-e834a675c7d9","MomentumMAStrategy","BTC-USDT","Bybit Perpetual","short","59294.7","61776.0","0.036386184224651716","0.8810601588815081","2157.507877745456","-91.16609907550992","-4.2255279814216165","72000.0","1719259200000.0","1719331200000.0"
"8b7c7f43-2910-463d-a99a-2dbd08519a65","MomentumMAStrategy","BTC-USDT","Bybit Perpetual","short","61776.0","61344.2","0.03352272862638762","0.8254650106053137","2070.9000836237215","13.649649210268958","0.659116744366749","7200.0","1719331200000.0","1719338400000.0"
"c07bf506-f49f-4137-91c4-1d32336fabaa","MomentumMAStrategy","BTC-USDT","Bybit Perpetual","long","61344.2","61047.2","0.033970077861859425","0.8315290775243964","2083.867250373477","-10.920642202496644","-0.5240565204208385","115200.0","1719338400000.0","1719453600000.0"
"11d145b6-8bfb-4c64-bc52-bc829cc756ea","MomentumMAStrategy","BTC-USDT","Bybit Perpetual","short","61047.200000000004","62061.1","0.03396540120236644","0.8362845601682578","2073.4926402811047","-35.2738048392474","-1.7011782030953004","86400.0","1719453600000.0","1719540000000.0"
"e9678a3b-26ff-4d6b-82d8-af8dc7193888","MomentumMAStrategy","BTC-USDT","Bybit Perpetual","long","62061.1","60132.2","0.032870550565230396","0.8033122092764735","2039.98252568382","-64.20731719454943","-3.1474444700464566","64800.0","1719540000000.0","1719604800000.0"
"7d359341-9078-478d-bd74-f74c6ecff895","MomentumMAStrategy","BTC-USDT","Bybit Perpetual","short","60132.2","60982.4","0.03291057992804185","0.7971903447505635","1978.985574348998","-28.777765399571887","-1.454167517569629","100800.0","1719604800000.0","1719705600000.0"
"b2fb6a6d-1898-4764-b363-65f7e4923edb","MomentumMAStrategy","BTC-USDT","Bybit Perpetual","long","60982.4","62766.0","0.032003441931104784","0.7920749466934255","1951.6466972194044","56.28926408162502","2.8841933410295404","86400.0","1719705600000.0","1719792000000.0"
"74168ebd-d8b4-44b3-b36b-489d017abf7d","MomentumMAStrategy","BTC-USDT","Bybit Perpetual","long","62766.0","62625.3","0.03194598187070943","0.8011496393089377","2005.1214980969482","-5.2959492885176624","-0.264121116528052","136800.0","1719792000000.0","1719928800000.0"
"e01c2107-faaf-4167-81b1-da96a9652c29","MomentumMAStrategy","BTC-USDT","Bybit Perpetual","short","62625.3","60983.5","0.031937417405950255","0.7895491681297249","2000.0903462728566","51.6453027289595","2.582148492701836","50400.0","1719928800000.0","1719979200000.0"
"c5277e46-7bac-4e76-8e74-78d1c2aad521","MomentumMAStrategy","BTC-USDT","Bybit Perpetual","short","60983.5","58561.7","0.033601767426687024","0.8033860014753571","2049.153383865368","80.57337435247537","3.9320323694114028","79200.0","1719979200000.0","1720058400000.0"
"8ae4326f-3f86-419e-96a5-0553363c3f98","MomentumMAStrategy","BTC-USDT","Bybit Perpetual","short","58561.69999999999","55214.6","0.03629843548770305","0.8259803371159097","2125.6980895002193","120.66851308377466","5.676653409993207","93600.0","1720058400000.0","1720152000000.0"
"f5851580-d404-4f62-84c9-e7bd99348347","MomentumMAStrategy","BTC-USDT","Bybit Perpetual","short","55214.6","56342.0","0.04057501416164937","0.9052821249650909","2240.333176929805","-46.649553090808645","-2.0822596197382603","93600.0","1720152000000.0","1720245600000.0"
"5ac763e1-6304-4e64-b542-44efa0badc8a","MomentumMAStrategy","BTC-USDT","Bybit Perpetual","long","56341.99999999999","55830.90000000001","0.038976537955584416","0.8744222588875951","2196.016101493537","-20.795330807986165","-0.9469571190230804","151200.0","1720245600000.0","1720396800000.0"
"c3d3331f-081f-4df2-97f0-6e2108f4107b","MomentumMAStrategy","BTC-USDT","Bybit Perpetual","short","55830.90000000001","56686.4","0.03897949947477023","0.877173607250513","2176.2605372259495","-34.22413540791616","-1.5726120481668622","86400.0","1720396800000.0","1720483200000.0"
"be0760da-911c-4049-a480-3de94573eb9e","MomentumMAStrategy","BTC-USDT","Bybit Perpetual","long","56686.4","57540.49999999999","0.037817670703880105","0.8639590579450085","2143.747608588429","31.436113490238654","1.466409262186329","187200.0","1720483200000.0","1720670400000.0"
"ded654da-3584-41f4-8b04-8e8d00cd428d","MomentumMAStrategy","BTC-USDT","Bybit Perpetual","short","57540.5","57792.4","0.03777533939406428","0.8713478881603353","2173.6119164041556","-10.386955881525182","-0.47786616383243363","172800.0","1720670400000.0","1720843200000.0"
"b95899c5-fefc-49e8-9033-0caa6fb211d4","MomentumMAStrategy","BTC-USDT","Bybit Perpetual","long","57792.4","59679.69999999999","0.03743994553465","0.8796298051681917","2163.744308316707","69.78077940237631","3.225001176625279","79200.0","1720843200000.0","1720922400000.0"
"f3182028-a59f-4f53-9a7f-0c650beb2f79","MomentumMAStrategy","BTC-USDT","Bybit Perpetual","long","59679.7","62617.30000000001","0.03736674361213218","0.913968128706586","2230.0360487489647","108.8545779062934","4.881292298721363","93600.0","1720922400000.0","1721016000000.0"
"cf42036b-346d-43f0-8292-3fe31ddc6cff","MomentumMAStrategy","BTC-USDT","Bybit Perpetual","long","62617.299999999996","64811.899999999994","0.037265226986151485","0.949735612532739","2333.4478977599433","80.83253153127527","3.4640812682756983","79200.0","1721016000000.0","1721095200000.0"
"dd0decbe-feb7-45be-9091-a45c95d79f10","MomentumMAStrategy","BTC-USDT","Bybit Perpetual","long","64811.9","64640.1","0.037188213934704194","0.9628177340550654","2410.238802714655","-7.351752888037353","-0.3050217629787167","172800.0","1721095200000.0","1721268000000.0"
"3be9db69-727b-4d03-8118-4570911114fe","MomentumMAStrategy","BTC-USDT","Bybit Perpetual","short","64640.1","65791.5","0.03717900556266186","0.9698634363893774","2403.254637471019","-43.777770441238296","-1.821603493806478","136800.0","1721268000000.0","1721404800000.0"
"8afa7a04-c7f8-4069-9e31-f1b679f0c57b","MomentumMAStrategy","BTC-USDT","Bybit Perpetual","long","65791.5","66620.9","0.035896213881000484","0.9506207661793177","2361.665755551843","28.821699026722275","1.2203970421710923","180000.0","1721404800000.0","1721584800000.0"
"73264118-1e4e-47d2-9d3b-303c6240b1ef","MomentumMAStrategy","BTC-USDT","Bybit Perpetual","short","66620.9","68169.8","0.035860313649728984","0.9667273558133049","2389.0463696272295","-56.51076716787884","-2.3654110646959268","14400.0","1721584800000.0","1721599200000.0"
"b258532b-aa40-4c79-8229-7951f4fe7357","MomentumMAStrategy","BTC-USDT","Bybit Perpetual","long","68169.8","66550.0","0.034258001942469314","0.9230462340178156","2335.361140817745","-56.41415778042971","-2.415650273288176","122400.0","1721599200000.0","1721721600000.0"
"be10012a-dba5-42f8-8248-3e713239780b","MomentumMAStrategy","BTC-USDT","Bybit Perpetual","short","66550.0","64074.00000000001","0.03428651676823947","0.8957283932669025","2281.7676909263364","83.99768712489377","3.6812549962434153","158400.0","1721721600000.0","1721880000000.0"
"48276856-9995-47ca-9d5a-876471223f08","MomentumMAStrategy","BTC-USDT","Bybit Perpetual","short","64074.00000000001","66402.1","0.036856845111823605","0.9617874816989617","2361.565493694986","-86.76820858653545","-3.6741817585916263","79200.0","1721880000000.0","1721959200000.0"
"4463e325-7dc0-4dd0-a547-fdce7138e73b","MomentumMAStrategy","BTC-USDT","Bybit Perpetual","short","66402.1","67014.0","0.03432324723973755","0.9158547572123098","2279.135695537777","-21.918249743207515","-0.9616913019317072","7200.0","1721959200000.0","1721966400000.0"
"bacdebdb-5cf7-44e6-9a84-2be413f37d17","MomentumMAStrategy","BTC-USDT","Bybit Perpetual","long","67014.0","69205.9","0.033699127917774345","0.9180983670092859","2258.31335828173","72.9470201159601","3.230154922851933","122400.0","1721966400000.0","1722088800000.0"
"ce41a75e-784f-4870-83f9-e9537d67b038","MomentumMAStrategy","BTC-USDT","Bybit Perpetual","long","69205.9","67396.5","0.033633158840386326","0.9188740434355979","2327.613027391892","-61.774711649230426","-2.65399406697983","57600.0","1722088800000.0","1722146400000.0"
"ee4175e1-3ebb-4709-a9d7-0538a258f4f0","MomentumMAStrategy","BTC-USDT","Bybit Perpetual","short","67396.5","69626.8","0.03366535430363777","0.92258758847073","2268.927051325123","-76.00642729187415","-3.3498841334490708","86400.0","1722146400000.0","1722232800000.0"
"0fd3ba1e-e546-4df9-b027-da3030d4ff2d","MomentumMAStrategy","BTC-USDT","Bybit Perpetual","long","69626.8","66980.8","0.03154993401101073","0.8619921530805099","2196.720945397842","-84.3431175462149","-3.8395007669460606","43200.0","1722232800000.0","1722276000000.0"
"89431f0d-dd3d-48eb-93df-faa38156c767","MomentumMAStrategy","BTC-USDT","Bybit Perpetual","long","66980.8","66750.0","0.03160002543607927","0.8451793363174458","2116.594983728938","-8.138465206964632","-0.384507440938303","21600.0","1722276000000.0","1722297600000.0"
"0beaf5d2-c669-49bf-bb7d-5ed451dccd90","MomentumMAStrategy","BTC-USDT","Bybit Perpetual","short","66750.0","64601.8","0.031593459801982346","0.829971562643605","2108.8634417823214","67.03909878397478","3.17892080898876","172800.0","1722297600000.0","1722470400000.0"
"2a44347f-6faa-43dd-a72d-806242233a90","MomentumMAStrategy","BTC-USDT","Bybit Perpetual","short","64601.8","64640.0","0.033629876963600036","0.8692771665108407","2172.550585627097","-2.1539384665202643","-0.0991433056044833","129600.0","1722470400000.0","1722600000000.0"
"91efe47b-c5ef-47f9-aff0-db37881bace1","MomentumMAStrategy","BTC-USDT","Bybit Perpetual","long","64640.0","62619.69999999999","0.0335783469072386","0.8546340707822224","2170.504344083903","-68.6929683274767","-3.1648390160891244","28800.0","1722600000000.0","1722628800000.0"
"39e196a2-7ee0-4c7b-9bb9-3e7b852fe498","MomentumMAStrategy","BTC-USDT","Bybit Perpetual","short","62619.700000000004","59070.0","0.03361954822799854","0.8182305476001349","2105.2460241728004","118.52107979732644","5.629797108577659","158400.0","1722628800000.0","1722787200000.0"
"3a3a130e-b975-4109-b10b-f4c5c0ad2b35","MomentumMAStrategy","BTC-USDT","Bybit Perpetual","short","59070.00000000001","54389.5","0.03754598019265719","0.8519896279337578","2217.8410499802603","174.88197066379848","7.8852346368715205","36000.0","1722787200000.0","1722823200000.0"
"5c8a73c6-838d-44d7-82f1-2938382dc45c","MomentumMAStrategy","BTC-USDT","Bybit Perpetual","short","54389.5","55185.0","0.04383160209435402","0.960565176737559","2383.978922110868","-35.828604642796186","-1.5028909991818276","115200.0","1722823200000.0","1722938400000.0"
"5671835c-1706-4b72-9ec3-d67371404a27","MomentumMAStrategy","BTC-USDT","Bybit Perpetual","long","55185.0","55102.9","0.04258297993476871","0.9392774865495557","2349.941747700211","-4.435340139194005","-0.188742556854215","136800.0","1722938400000.0","1723075200000.0"
"da069d2d-024a-460c-b538-157cb98617a6","MomentumMAStrategy","BTC-USDT","Bybit Perpetual","short","55102.9","57247.9","0.042569958651322834","0.9565537820886083","2345.728174567977","-92.26911508917608","-3.9334956236423126","50400.0","1723075200000.0","1723125600000.0"
"c9e9d154-9be7-44fe-b889-a8e50acacfcd","MomentumMAStrategy","BTC-USDT","Bybit Perpetual","long","57247.9","61154.7","0.03944376152196429","0.9340487835961059","2258.0725152332598","153.16483873041383","6.782990258157934","28800.0","1723125600000.0","1723154400000.0"
"44ab8692-64d6-4ac9-9ff8-f5f150a73739","MomentumMAStrategy","BTC-USDT","Bybit Perpetual","long","61154.7","60809.49999999999","0.03930326061655364","0.9587181476978943","2403.579112027153","-14.526203712532382","-0.6043572121194354","122400.0","1723154400000.0","1723276800000.0"
"094f7349-a41a-4284-b6f9-cd5829221312","MomentumMAStrategy","BTC-USDT","Bybit Perpetual","short","60809.49999999999","61054.799999999996","0.039299438714349696","0.9578397178634251","2389.7792185002477","-10.59799203449352","-0.4434715957210682","72000.0","1723276800000.0","1723348800000.0"
"4af53f9e-9985-41f0-8a05-9fe9f012f058","MomentumMAStrategy","BTC-USDT","Bybit Perpetual","long","61054.799999999996","60100.0","0.03897664272207065","0.9444414707327852","2379.711126067479","-38.15933994176567","-1.603528240203875","43200.0","1723348800000.0","1723392000000.0"
"308fab5d-02a2-4bda-bb8b-4a38b4c42d45","MomentumMAStrategy","BTC-USDT","Bybit Perpetual","short","60100.00000000001","59209.00000000001","0.03899267476077872","0.9304354066067498","2343.4597531228014","33.812037805247094","1.4428256239600665","144000.0","1723392000000.0","1723536000000.0"
"6c023fe6-7315-4961-9e6f-c89a99446f53","MomentumMAStrategy","BTC-USDT","Bybit Perpetual","long","59209.0","58884.799999999996","0.040121961003188475","0.9476309676636678","2375.5811890377863","-13.955170724897547","-0.5874423820703009","136800.0","1723536000000.0","1723672800000.0"
"63da2165-936a-48e9-9f95-100621558fe0","MomentumMAStrategy","BTC-USDT","Bybit Perpetual","short","58884.799999999996","58310.1","0.04011771759179167","0.9403183802796531","2362.323776849134","22.115333919722904","0.9361686207646068","144000.0","1723672800000.0","1723816800000.0"
"f924fb3e-1e4f-4b5c-a4c1-fc9968422279","MomentumMAStrategy","BTC-USDT","Bybit Perpetual","long","58310.1","59991.30000000001","0.04087342234146178","0.9670766171572415","2383.3333440728707","67.74932102330878","2.8426288413156753","165600.0","1723816800000.0","1723982400000.0"
"d87f3001-00ed-4ca0-99a5-96e28019e3d8","MomentumMAStrategy","BTC-USDT","Bybit Perpetual","long","59991.30000000001","58389.99999999999","0.04080083610531883","0.9660112038469161","2447.695199045014","-66.30039005929467","-2.708686526212996","43200.0","1723982400000.0","1724025600000.0"
"5473319c-404b-4a09-b0d8-b3466b3933de","MomentumMAStrategy","BTC-USDT","Bybit Perpetual","short","58390.0","60415.3","0.040841065738802605","0.9704270134836331","2384.7098284886843","-83.68583745428066","-3.5092671005309177","93600.0","1724025600000.0","1724119200000.0"
"a7fded68-591e-44f0-85d3-0d731a6660f1","MomentumMAStrategy","BTC-USDT","Bybit Perpetual","short","60415.3","60588.6","0.0381560346949716","0.9234058013253749","2305.208282907118","-7.535846613963787","-0.3269052375805394","7200.0","1724119200000.0","1724126400000.0"
"6c488682-6a89-4a40-8ad4-c05c1890e21e","MomentumMAStrategy","BTC-USDT","Bybit Perpetual","long","60588.6","59356.399999999994","0.03792873954215566","0.909872532876772","2298.0492286238523","-47.64566539672114","-2.0733091703719913","93600.0","1724126400000.0","1724220000000.0"
"c2e1c314-46d9-4852-a4af-7c2899f96fc5","MomentumMAStrategy","BTC-USDT","Bybit Perpetual","short","59356.4","61120.0","0.03795354580966783","0.9145013132767732","2252.7858464969677","-67.8493747032069","-3.011798693990873","64800.0","1724220000000.0","1724284800000.0"
"f33bab27-6b86-41b2-9a89-79d1d390baa4","MomentumMAStrategy","BTC-USDT","Bybit Perpetual","long","61120.0","61045.0","0.03580381119975329","0.8747945190435722","2188.328940528921","-3.560080359025069","-0.16268488219895288","115200.0","1724284800000.0","1724400000000.0"
"c3783541-e973-4a99-8cd5-b6d7d3f24e04","MomentumMAStrategy","BTC-USDT","Bybit Perpetual","short","61045.0","61499.0","0.03579239682509374","0.8772286953068575","2184.9468641878475","-17.126976853899418","-0.7838623965926775","28800.0","1724400000000.0","1724428800000.0"
"270e16ec-51f2-4391-a2d5-5309943e13f9","MomentumMAStrategy","BTC-USDT","Bybit Perpetual","long","61499.0","64350.1","0.03526360162241082","0.8875785053877885","2168.676236176643","99.65247608026765","4.595083139563242","21600.0","1724428800000.0","1724450400000.0"
"85f27955-1fd6-49cb-a64e-18e1178249c4","MomentumMAStrategy","BTC-USDT","Bybit Perpetual","long","64350.100000000006","64048.09999999999","0.03517237872906021","0.9032140237059239","2263.3460884528977","-11.52527239988262","-0.5092138784555339","144000.0","1724450400000.0","1724594400000.0"
"8e4db064-f75f-4198-9954-417f89ce1707","MomentumMAStrategy","BTC-USDT","Bybit Perpetual","short","64048.1","62392.49999999999","0.03516727396555104","0.8893142441137306","2252.3970796730096","57.33362453325278","2.545449248299334","165600.0","1724594400000.0","1724760000000.0"
"ae74e4fc-6c33-4161-a819-fca3db5d14e9","MomentumMAStrategy","BTC-USDT","Bybit Perpetual","short","62392.50000000001","60379.6","0.03697341864774772","0.9078608503126295","2306.8640229795997","73.51593354573907","3.186834282966716","36000.0","1724760000000.0","1724796000000.0"
"2f28e980-4278-4ff6-ae08-802b62bd3e84","MomentumMAStrategy","BTC-USDT","Bybit Perpetual","short","60379.6","60603.1","0.03936270130719732","0.9524411766876524","2376.7041598480514","-9.750004918846255","-0.4102321645058928","144000.0","1724796000000.0","1724940000000.0"
"29188e5a-d150-4af0-9877-9d5b25c8b1b5","MomentumMAStrategy","BTC-USDT","Bybit Perpetual","long","60603.1","58073.09999999999","0.03906469562077101","0.9272099260859489","2367.4416551751474","-99.76088984663689","-4.213868993500345","93600.0","1724940000000.0","1725033600000.0"
"15c02b23-41f8-4be9-836f-a1edbe8865e3","MomentumMAStrategy","BTC-USDT","Bybit Perpetual","short","58073.1","58983.7","0.03913462187864678","0.9161947212648761","2272.6688098208424","-36.552181403960574","-1.608337354127812","86400.0","1725033600000.0","1725120000000.0"
"94c2427f-f72b-460b-b1d2-1e8724a458c4","MomentumMAStrategy","BTC-USDT","Bybit Perpetual","long","58983.700000000004","58444.1","0.03794174047214874","0.8910830223630777","2237.9442374870796","-21.364446181134756","-0.9546460462805924","57600.0","1725120000000.0","1725177600000.0"
"09aac166-dae4-4702-9cd0-755968bc7a28","MomentumMAStrategy","BTC-USDT","Bybit Perpetual","short","58444.1","58492.8","0.03794477139035423","0.8874287875193427","2217.6480136150017","-2.7353391542297594","-0.12334415278874064","122400.0","1725177600000.0","1725300000000.0"
"f061926c-de18-4720-bf7f-50cc5215b4d3","MomentumMAStrategy","BTC-USDT","Bybit Perpetual","long","58492.8","58094.799999999996","0.03786875378539723","0.8830054237660756","2215.049441418483","-15.95476943035445","-0.7202895399091979","100800.0","1725300000000.0","1725400800000.0"
"ab15ec39-e90e-4ea5-9ed0-4553c0b152ff","MomentumMAStrategy","BTC-USDT","Bybit Perpetual","short","58094.8","57104.100000000006","0.03786728606449539","0.8724539401230396","2199.8924104596467","36.64266636397243","1.6656572016772535","108000.0","1725400800000.0","1725508800000.0"
"d86116b3-5a92-4c24-a7d9-fceee210516c","MomentumMAStrategy","BTC-USDT","Bybit Perpetual","long","57104.1","56026.0","0.039133844041065714","0.8854431379500336","2234.7029435054205","-43.07564039862292","-1.9275779147206569","57600.0","1725508800000.0","1725566400000.0"
"6bc76069-74e3-41cc-bbfc-8533ad20bb64","MomentumMAStrategy","BTC-USDT","Bybit Perpetual","short","56026.0","53515.30000000001","0.039156482438987776","0.8578503979587784","2193.781085126729","97.45233006160743","4.44220851033447","86400.0","1725566400000.0","1725652800000.0"
"10124442-103d-4dcc-9c41-72e101b4c528","MomentumMAStrategy","BTC-USDT","Bybit Perpetual","short","53515.3","54371.50000000001","0.0427234977414918","0.9218602912273556","2286.360798685256","-37.50171905749282","-1.6402362688801229","115200.0","1725652800000.0","1725768000000.0"
"0bcd5df9-b467-4f71-9899-08c714cc391a","MomentumMAStrategy","BTC-USDT","Bybit Perpetual","long","54371.5","56479.9","0.04139547677699968","0.9177493108795804","2250.734165580638","86.3604739257466","3.836991291393472","136800.0","1725768000000.0","1725904800000.0"
"a360f70d-7016-4a9f-9a99-c2f8ba81ce23","MomentumMAStrategy","BTC-USDT","Bybit Perpetual","long","56479.9","56650.00000000001","0.04130277524942674","0.9345157667380246","2332.7766158100976","6.091086303189705","0.261108854654498","144000.0","1725904800000.0","1726048800000.0"
"bdbad78f-3f37-4559-958f-4143e997c241","MomentumMAStrategy","BTC-USDT","Bybit Perpetual","short","56649.99999999999","58120.7","0.04128090287375336","0.9475676238905371","2338.563147798128","-61.65939148031978","-2.6366357281553476","57600.0","1726048800000.0","1726106400000.0"
"150babef-391f-47ab-b792-8ae497e34d4e","MomentumMAStrategy","BTC-USDT","Bybit Perpetual","long","58120.69999999999","60237.9","0.03922848014376676","0.9286055979888064","2279.9867258918243","82.12593256239464","3.6020355570390796","158400.0","1726106400000.0","1726264800000.0"
"fb9b121c-ed41-41df-b158-73176456a161","MomentumMAStrategy","BTC-USDT","Bybit Perpetual","long","60237.9","59789.9","0.03914489651575004","0.9396951620026286","2358.0063618260992","-18.476608801058646","-0.7835690819235066","158400.0","1726264800000.0","1726423200000.0"
"1a37d76f-053e-45f8-9a06-5f2f53f964ae","MomentumMAStrategy","BTC-USDT","Bybit Perpetual","short","59789.90000000001","57860.69999999999","0.03914463117458122","0.921077868893637","2340.4535834650937","74.5967445931092","3.187277249167533","79200.0","1726423200000.0","1726502400000.0"
"cbe6475f-b1c7-4163-8899-cc434fa3ebbe","MomentumMAStrategy","BTC-USDT","Bybit Perpetual","short","57860.7","61103.0","0.041674582070879665","0.9915524958211015","2411.320490828547","-136.11304994423438","-5.644751515277215","86400.0","1726502400000.0","1726588800000.0"
"be6a7a19-acf7-40a9-94bb-fb697631e546","MomentumMAStrategy","BTC-USDT","Bybit Perpetual","long","61103.0","63675.0","0.037346989401200015","0.932016528700587","2282.0130933815244","95.12444021118586","4.168444102580889","180000.0","1726588800000.0","1726768800000.0"
"96268224-b8b2-4ebf-8e06-e8a50d0f9d5b","MomentumMAStrategy","BTC-USDT","Bybit Perpetual","long","63675.0","62817.1","0.037257657033092285","0.9425598558391226","2372.3813115821513","-32.90590382452905","-1.3870410993325504","115200.0","1726768800000.0","1726884000000.0"
"8305fb01-1921-4a17-afd2-287bd2ef74af","MomentumMAStrategy","BTC-USDT","Bybit Perpetual","short","62817.1","62908.3","0.03726884404005993","0.9371280648948301","2341.1207029488487","-4.336046641348458","-0.1852124341938809","100800.0","1726884000000.0","1726984800000.0"
"83ae7aaa-4cbc-4c80-8950-6872d2ce522f","MomentumMAStrategy","BTC-USDT","Bybit Perpetual","long","62908.30000000001","62670.1","0.0371493341679805","0.9330307891760645","2337.0014586395678","-9.782002187989452","-0.41857064965992025","14400.0","1726984800000.0","1726999200000.0"
"9b97f0ad-a666-41e7-9fb0-c3d882d3d814","MomentumMAStrategy","BTC-USDT","Bybit Perpetual","short","62670.1","63788.899999999994","0.037142250555862816","0.9393943726087712","2327.708556560978","-42.49414429450793","-1.8255783858650232","57600.0","1726999200000.0","1727056800000.0"
"3bfdcca3-9d09-420b-a6e9-abe7c5dd10ff","MomentumMAStrategy","BTC-USDT","Bybit Perpetual","long","63788.90000000001","62908.799999999996","0.035857948945368166","0.9086239316191145","2287.3391194811957","-32.467204798438104","-1.4194311863035933","86400.0","1727056800000.0","1727143200000.0"
"164cc7ff-f2ae-4dc4-8683-265204e46b51","MomentumMAStrategy","BTC-USDT","Bybit Perpetual","short","62908.8","64001.69999999999","0.03586931041321213","0.9104384238391916","2256.4952749226795","-40.11200777443826","-1.7776242751411357","72000.0","1727143200000.0","1727215200000.0"
"a720f933-98fb-4a9c-ac64-480fae8bfa37","MomentumMAStrategy","BTC-USDT","Bybit Perpetual","long","64001.69999999999","63151.6","0.03466140536168513","0.8814624148751916","2218.388867536963","-30.34712311284342","-1.3679803192727558","79200.0","1727215200000.0","1727294400000.0"
"89f22500-8136-407f-83a0-2deabed5044b","MomentumMAStrategy","BTC-USDT","Bybit Perpetual","short","63151.6","65200.0","0.03467147468282295","0.8900278499799638","2189.559100579762","-71.91107659027455","-3.2842720057765775","72000.0","1727294400000.0","1727366400000.0"
"90de1d6b-6568-4da2-9e38-467ad51cf104","MomentumMAStrategy","BTC-USDT","Bybit Perpetual","long","65199.99999999999","65603.0","0.03253441070274542","0.8511197046302418","2121.243577819001","12.260247808576398","0.5779745398773118","180000.0","1727366400000.0","1727546400000.0"
"a763a1f6-346d-4b64-834c-4eb058e4d338","MomentumMAStrategy","BTC-USDT","Bybit Perpetual","short","65603.0","63512.09999999999","0.03251209263657376","0.839560418396097","2132.8908132371484","67.13997407541626","3.1478392451564847","144000.0","1727546400000.0","1727690400000.0"
"2b6e112d-2b0e-4fec-a5b1-76415be3a029","MomentumMAStrategy","BTC-USDT","Bybit Perpetual","short","63512.1","61113.99999999999","0.03458669747353329","0.8620810436012614","2196.6737886087935","82.08027816767911","3.7365711100719476","129600.0","1727690400000.0","1727820000000.0"
"b6defd49-bb11-4718-a116-4acfda101221","MomentumMAStrategy","BTC-USDT","Bybit Perpetual","short","61114.0","61193.9","0.03721978683882725","0.9104547933409199","2274.6500528680886","-3.884315761763271","-0.1707654219982352","201600.0","1727820000000.0","1728021600000.0"
"6e454ec1-3a28-4af6-9480-5380c237f615","MomentumMAStrategy","BTC-USDT","Bybit Perpetual","long","61193.9","61919.8","0.03711088773381683","0.9137717398389611","2270.9599528944136","26.02502166613873","1.1459921005198255","180000.0","1728021600000.0","1728201600000.0"
"aadb49cf-c24e-494d-a420-ff108a992114","MomentumMAStrategy","BTC-USDT","Bybit Perpetual","short","61919.8","62690.4","0.03707511528585759","0.9239875061587545","2295.683723477245","-29.494071345440563","-1.2847619662854184","28800.0","1728201600000.0","1728230400000.0"
"97df04b7-8d40-4f29-947c-3768f4e4c80a","MomentumMAStrategy","BTC-USDT","Bybit Perpetual","long","62690.4","62500.00000000001","0.03617243398828332","0.9056882959933569","2267.6643556990766","-7.79291972736229","-0.34365402039226767","136800.0","1728230400000.0","1728367200000.0"
"8058cd20-7419-4ee6-8b76-c6b55bf60651","MomentumMAStrategy","BTC-USDT","Bybit Perpetual","short","62500.0","60606.4","0.03616417731132931","0.8904083355518861","2260.261081958082","67.59007782118124","2.9903659519999977","151200.0","1728367200000.0","1728518400000.0"
"0ae3c6e0-b172-48d7-bdf2-67b360530018","MomentumMAStrategy","BTC-USDT","Bybit Perpetual","short","60606.399999999994","61047.299999999996","0.038353567542177135","0.9331706799411509","2324.471655888204","-17.843258609287105","-0.7676264222920376","122400.0","1728518400000.0","1728640800000.0"
"a657050a-0eaa-4727-8e00-9632c33c1680","MomentumMAStrategy","BTC-USDT","Bybit Perpetual","long","61047.3","62879.99999999999","0.03779889626911233","0.9368630315222328","2307.520560209381","68.33717416087954","2.9614979532264156","28800.0","1728640800000.0","1728669600000.0"
"2c11e350-b5b8-4aa3-a394-df2df8524f1b","MomentumMAStrategy","BTC-USDT","Bybit Perpetual","long","62880.0","62528.49999999999","0.03772965769182915","0.9463239553291511","2372.440875662217","-14.20829863400737","-0.5988894720101896","151200.0","1728669600000.0","1728820800000.0"
"720db905-a090-4d72-beda-69a4762baf1f","MomentumMAStrategy","BTC-USDT","Bybit Perpetual","short","62528.5","64281.6","0.03772588486785882","0.9568046465363327","2358.94299195991","-67.09405340837957","-2.8442422575305635","57600.0","1728820800000.0","1728878400000.0"
"2a6acdd2-4203-4330-90f5-fffc8aeedc8c","MomentumMAStrategy","BTC-USDT","Bybit Perpetual","short","64281.6","64599.6","0.03570545290132713","0.9203523232933044","2295.20364122195","-12.274686345915331","-0.5347972670250896","14400.0","1728878400000.0","1728892800000.0"
"ce1d0543-7134-45b6-a9be-18b0c99f300b","MomentumMAStrategy","BTC-USDT","Bybit Perpetual","long","64599.6","67646.7","0.03534917691740089","0.9349595710743346","2283.5426891933303","106.77751741393786","4.675958891386323","108000.0","1728892800000.0","1729000800000.0"
"c06d506c-88c3-4976-80ae-5351e18aa88d","MomentumMAStrategy","BTC-USDT","Bybit Perpetual","long","67646.7","66993.9","0.03525643277109706","0.9493894524320341","2384.981330736571","-23.964788765404297","-1.0048208116582227","172800.0","1729000800000.0","1729173600000.0"
"9688b29f-6eed-46e6-a9fb-af349dbe865f","MomentumMAStrategy","BTC-USDT","Bybit Perpetual","short","66993.9","68174.0","0.03526014728817754","0.9532080125267306","2362.2147814094374","-42.56370782730525","-1.8018559600202493","86400.0","1729173600000.0","1729260000000.0"
"c305a219-cc6e-454b-b062-3c704b92170f","MomentumMAStrategy","BTC-USDT","Bybit Perpetual","long","68174.0","68192.8","0.03405666762949947","0.9288397566596859","2321.7792589734972","-0.28857440522499667","-0.012429019860939791","115200.0","1729260000000.0","1729375200000.0"
"58515675-4380-41a3-9714-267c7368e41e","MomentumMAStrategy","BTC-USDT","Bybit Perpetual","short","68192.8","68755.1","0.03404325842740778","0.9324305501581598","2321.5051132885337","-20.074954763889654","-0.8647387700754372","86400.0","1729375200000.0","1729461600000.0"
"9b3afde1-91bc-477a-a23e-6346402705d8","MomentumMAStrategy","BTC-USDT","Bybit Perpetual","long","68755.1","67330.1","0.0334874635665258","0.9114296353886755","2302.4339062628383","-48.63106521768795","-2.1121590107497483","57600.0","1729461600000.0","1729519200000.0"
"7a08053f-f911-4a4c-bcf4-fe846a526f6a","MomentumMAStrategy","BTC-USDT","Bybit Perpetual","short","67330.1","67104.4","0.03351004074412535","0.9009811144832239","2256.2343943060346","6.662235081466258","0.2952811595408467","237600.0","1729519200000.0","1729756800000.0"
"8fa992c6-78b1-4d6b-b937-acddee05f8b6","MomentumMAStrategy","BTC-USDT","Bybit Perpetual","long","67104.4","67265.7","0.03371706650582417","0.9061131196188489","2262.563517633427","4.532449707770688","0.20032364494728055","136800.0","1729756800000.0","1729893600000.0"
"bbd7d15d-4751-47a9-823a-0fe217aae025","MomentumMAStrategy","BTC-USDT","Bybit Perpetual","short","67265.7","67174.7","0.03370022678505998","0.9061343938148356","2266.8693448558092","2.1605862436256227","0.09531145888617824","122400.0","1729893600000.0","1730016000000.0"
"e78b76b0-b170-4dd4-b122-13d7a418aeaa","MomentumMAStrategy","BTC-USDT","Bybit Perpetual","long","67174.7","68548.2","0.033776435202349304","0.9168471474649869","2268.921901787254","45.47508660296179","2.004259669190931","93600.0","1730016000000.0","1730109600000.0"
"46fa28f7-87af-4edb-af33-9ed31186948b","MomentumMAStrategy","BTC-USDT","Bybit Perpetual","long","68548.2","70287.0","0.03372988983022264","0.9365792001113853","2312.1232340600673","57.71295323667984","2.496101954537104","57600.0","1730109600000.0","1730167200000.0"
"10cd296b-124d-496b-97d8-cbdcfe3aca3b","MomentumMAStrategy","BTC-USDT","Bybit Perpetual","long","70287.0","72374.9","0.0336755095484928","0.960842435131225","2366.950539634913","69.35025395116669","2.929940984819375","50400.0","1730167200000.0","1730217600000.0"
"59bbd9ee-0027-494d-b133-3b512074db68","MomentumMAStrategy","BTC-USDT","Bybit Perpetual","long","72374.9","71826.1","0.03361432320995982","0.9694438042398834","2432.833280888521","-19.416984381865444","-0.7981222771982944","100800.0","1730217600000.0","1730318400000.0"
"7a07af23-b2f5-4110-8051-54ae639b4aac","MomentumMAStrategy","BTC-USDT","Bybit Perpetual","short","71826.1","69424.9","0.033614342776870094","0.9496119063151356","2414.387145725749","79.76514796950572","3.3037430683275457","108000.0","1730318400000.0","1730426400000.0"
"4e69ae7a-c773-4113-8b63-1c6504f3d545","MomentumMAStrategy","BTC-USDT","Bybit Perpetual","short","69424.9","68628.1","0.03586845694119516","0.9903496172205632","2490.16403629678","27.589636873523325","1.1079445559158","288000.0","1730426400000.0","1730714400000.0"
"db1af79b-1a81-417c-9066-e6597674f5be","MomentumMAStrategy","BTC-USDT","Bybit Perpetual","long","68628.1","67097.0","0.036666820024547186","0.9953215629027341","2516.374191326627","-57.13588970248714","-2.2705641275221162","43200.0","1730714400000.0","1730757600000.0"
"7dac8462-9d17-478c-aa19-cda50d86e1a5","MomentumMAStrategy","BTC-USDT","Bybit Perpetual","short","67097.0","69615.3","0.03669456303723362","1.0033196220630387","2462.095096109264","-93.41123771872856","-3.7939735904734975","64800.0","1730757600000.0","1730822400000.0"
"bf963f14-a5f0-4880-8708-f2baec904561","MomentumMAStrategy","BTC-USDT","Bybit Perpetual","long","69615.3","74367.1","0.034092425375980166","0.9817418454909053","2373.354420276472","161.01864505609174","6.784433192128746","43200.0","1730822400000.0","1730865600000.0"
"b623fb3a-16e5-4dad-9e54-f3bc49ebea8e","MomentumMAStrategy","BTC-USDT","Bybit Perpetual","long","74367.1","75965.7","0.03397096475564811","1.0213900500835793","2526.322133079759","53.284594208295196","2.1091765579133663","194400.0","1730865600000.0","1731060000000.0"
"b1cdf90f-99f9-40ad-8084-172f547cb981","MomentumMAStrategy","BTC-USDT","Bybit Perpetual","short","75965.7","76423.3","0.033922447862359456","1.033881581459419","2576.9424975776396","-16.556793723275305","-0.6424976008909362","21600.0","1731060000000.0","1731081600000.0"
"b4bdddb8-790d-4cfd-b903-f5f72d2977d0","MomentumMAStrategy","BTC-USDT","Bybit Perpetual","long","76423.3","76540.0","0.033513516735609795","1.0252676228968203","2561.213543540528","2.8857597801487453","0.1126715805258306","50400.0","1731081600000.0","1731132000000.0"
"8f0f8605-7e6a-4a73-b08c-309bb887c253","MomentumMAStrategy","BTC-USDT","Bybit Perpetual","short","76540.0","76523.9","0.033498236416666695","1.0254741418114057","2563.9550153316686","-0.48615253550287696","-0.01896103997908829","7200.0","1731132000000.0","1731139200000.0"
"450a5e1f-5c67-458e-97d5-b7e055e85151","MomentumMAStrategy","BTC-USDT","Bybit Perpetual","long","76523.9","76305.7","0.03349924886764711","1.0239353609485922","2563.4931704229402","-8.333471463869094","-0.32508264738205594","28800.0","1731139200000.0","1731168000000.0"
"04ef5e04-1c15-4c48-9760-0b3f5d6a8dcb","MomentumMAStrategy","BTC-USDT","Bybit Perpetual","short","76305.7","79190.7","0.033491290592082446","1.0415550236845377","2555.5763725322654","-97.6639283818424","-3.8216008502641357","50400.0","1731168000000.0","1731218400000.0"
"687f20b8-7189-4e24-bf5a-ab71838148e1","MomentumMAStrategy","BTC-USDT","Bybit Perpetual","long","79190.7","82168.7","0.03109955639449474","1.003641152016367","2462.7956405695145","91.61083779078896","3.71979048044783","108000.0","1731218400000.0","1731326400000.0"
"4fca4eb7-b0d0-4527-bba7-42c6eec47432","MomentumMAStrategy","BTC-USDT","Bybit Perpetual","long","82168.7","86181.0","0.031031596416528","1.0448319894487128","2549.825936470764","123.46324231258669","4.84202629468399","28800.0","1731326400000.0","1731355200000.0"
"1dfcd01c-7643-43c6-aa12-12849010b546","MomentumMAStrategy","BTC-USDT","Bybit Perpetual","long","86181.0","87442.1","0.03094784252524015","1.0746520715088046","2667.1160166677214","37.953672137071734","1.423022916884239","136800.0","1731355200000.0","1731492000000.0"
"7d6969fa-78ac-4374-a9b2-05d345076a4e","MomentumMAStrategy","BTC-USDT","Bybit Perpetual","short","87442.1","92282.8","0.030913850481609426","1.1111977372844413","2703.1720051979396","-150.7558737636111","-5.576998928433784","28800.0","1731492000000.0","1731520800000.0"
"d63be7d2-ed3a-40ec-b1ea-173e861b9202","MomentumMAStrategy","BTC-USDT","Bybit Perpetual","long","92282.8","88262.5","0.02774031482705888","1.0016766925091587","2559.953925122509","-112.52606439173405","-4.395628502819597","100800.0","1731520800000.0","1731621600000.0"
"4cb3e746-cd9f-4fc9-b90f-6848951788a5","MomentumMAStrategy","BTC-USDT","Bybit Perpetual","short","88262.5","91281.0","0.02779271110551323","0.9980001252745432","2453.0541639503617","-84.89029859726624","-3.4605961761790116","100800.0","1731621600000.0","1731722400000.0"
"6f95182a-6b6e-40ef-9a6b-36506ad9d3b2","MomentumMAStrategy","BTC-USDT","Bybit Perpetual","long","91281.0","90600.0","0.02599016641231975","0.9454234914478257","2372.408380282959","-18.644726818237576","-0.7858987083840011","108000.0","1731722400000.0","1731830400000.0"
"11e22b0d-c924-441c-9fdb-e1a01ae1a036","MomentumMAStrategy","BTC-USDT","Bybit Perpetual","short","90600.0","91648.3","0.025990020858781823","0.9473274236955056","2354.695889805633","-28.192666289956566","-1.1972954304635792","122400.0","1731830400000.0","1731952800000.0"
"cd99106c-b14f-40e5-9db3-973d2b99d553","MomentumMAStrategy","BTC-USDT","Bybit Perpetual","long","91648.3","95790.2","0.025400502320612323","0.9522064108444186","2327.9128568301744","104.2541341508996","4.478438007033402","208800.0","1731952800000.0","1732161600000.0"
"baa20512-73d7-42dc-806a-de33d518d088","MomentumMAStrategy","BTC-USDT","Bybit Perpetual","long","95790.2","99252.6","0.02533614382550124","0.9883264865856947","2426.9542842735286","86.73553789483002","3.57384308624474","100800.0","1732161600000.0","1732262400000.0"
"4ae3e006-faaf-48a5-86cf-6bd05c0cad66","MomentumMAStrategy","BTC-USDT","Bybit Perpetual","long","99252.6","98600.6","0.025282491796422633","1.0004443811791934","2509.353045273617","-17.48462903244675","-0.6967783614736541","86400.0","1732262400000.0","1732348800000.0"
"65f79126-bf7a-41b4-a305-a40a165104cb","MomentumMAStrategy","BTC-USDT","Bybit Perpetual","short","98600.6","95986.4","0.025281211754216434","0.9838790303235427","2492.742647692793","65.10626473754934","2.6118325851972615","115200.0","1732348800000.0","1732464000000.0"
"b9aaf14f-7b98-411d-a251-3185a0520c85","MomentumMAStrategy","BTC-USDT","Bybit Perpetual","short","95986.4","98578.2","0.026614120325311345","1.0356331350892143","2554.593599193465","-70.01411019423124","-2.7407142261820456","64800.0","1732464000000.0","1732528800000.0"
"76b2c6fa-3325-4edd-b400-14f45b8703ba","MomentumMAStrategy","BTC-USDT","Bybit Perpetual","short","98578.2","95291.5","0.02523965942276229","0.9786410400786197","2488.0801945089456","81.97654758471414","3.294771115723352","28800.0","1732528800000.0","1732557600000.0"
"8ce59055-8ca6-4cb6-9663-b4adaf0cb7a5","MomentumMAStrategy","BTC-USDT","Bybit Perpetual","short","95291.5","96284.2","0.026927458532129557","1.0317293435027386","2565.9579147144236","-27.76261742834767","-1.08195918838511","172800.0","1732557600000.0","1732730400000.0"
"327e8f12-63b7-42d3-9fca-a5d985188ed2","MomentumMAStrategy","BTC-USDT","Bybit Perpetual","long","96284.2","95975.2","0.026375910358682874","1.014203340002831","2539.5834281574935","-9.164359640835839","-0.3608607435072421","115200.0","1732730400000.0","1732845600000.0"
"4c6d567c-75a2-4300-ab5c-b041aa84cec9","MomentumMAStrategy","BTC-USDT","Bybit Perpetual","short","95975.2","98076.2","0.02637011734800969","1.0234316379091135","2530.8772864986995","-56.42704818607747","-2.2295450074602607","50400.0","1732845600000.0","1732896000000.0"
"a7ba3a4d-dc90-4bfe-9bf9-1829f6840155","MomentumMAStrategy","BTC-USDT","Bybit Perpetual","long","98076.2","96321.3","0.025258641655385567","0.9820433582405632","2477.271590721926","-45.30843359927655","-1.8289651311939028","72000.0","1732896000000.0","1732968000000.0"
"090d6849-ed65-4568-a6c2-bd10dce70cd9","MomentumMAStrategy","BTC-USDT","Bybit Perpetual","short","96321.3","97265.10000000002","0.02527196558603978","0.9784617677450664","2434.2285788026134","-24.830142887849853","-1.0200415484425744","129600.0","1732968000000.0","1733097600000.0"
"79706134-7d09-4ab5-8182-5e49c624d3d7","MomentumMAStrategy","BTC-USDT","Bybit Perpetual","long","97265.1","96444.9","0.024784223149507442","0.9601903732582173","2410.6399430591564","-21.28821020048451","-0.8830937304336413","21600.0","1733097600000.0","1733119200000.0"
"7b18a00b-d0a2-47da-9d5a-736c149a8395","MomentumMAStrategy","BTC-USDT","Bybit Perpetual","short","96444.9","96652.1","0.024785303767941032","0.9571935603356219","2390.416143368696","-6.092708501053292","-0.25488066243006285","180000.0","1733119200000.0","1733299200000.0"
"6e1233b6-1a53-4813-a5f0-70bf66e9d00d","MomentumMAStrategy","BTC-USDT","Bybit Perpetual","long","96652.1","103084.8","0.024672284102390894","0.9855931085061681","2384.628070292695","157.72380883694365","6.614189055385237","72000.0","1733299200000.0","1733371200000.0"
"17e8f985-3998-4a3b-bfd4-aba6d30134cc","MomentumMAStrategy","BTC-USDT","Bybit Perpetual","long","103084.8","97916.0","0.024586221137236443","0.988370023512287","2534.4656886877915","-128.06962983766007","-5.053121468926556","93600.0","1733371200000.0","1733464800000.0"
"c8a0cd0c-cd1c-439b-80d0-67b9273953ac","MomentumMAStrategy","BTC-USDT","Bybit Perpetual","short","97916.0","100119.0","0.024641524779831836","0.9759768719547997","2412.799540342014","-55.261255961924334","-2.290337636341354","72000.0","1733464800000.0","1733536800000.0"
"b96745cd-08e3-4c83-b207-21b3886d8313","MomentumMAStrategy","BTC-USDT","Bybit Perpetual","long","100119.0","99996.7","0.023574959270250266","0.9435438953675244","2360.3013471781865","-3.8267614141192006","-0.1621302050559863","93600.0","1733536800000.0","1733630400000.0"
"9ae221ae-9723-4131-b02d-811e1f5b47d0","MomentumMAStrategy","BTC-USDT","Bybit Perpetual","short","99996.7","95687.9","0.023567436963767535","0.9223568950560129","2356.665923834773","100.62501549442561","4.269803983531459","216000.0","1733630400000.0","1733846400000.0"
"83e2416a-0a3f-487b-bf70-a36d17db0a86","MomentumMAStrategy","BTC-USDT","Bybit Perpetual","short","95687.9","98724.8","0.025627688438710404","0.9964696208256949","2452.259688554477","-78.82519664034554","-3.2143902625096885","79200.0","1733846400000.0","1733925600000.0"
"b01cd8f8-4eab-464a-b6aa-28257ad2a733","MomentumMAStrategy","BTC-USDT","Bybit Perpetual","long","98724.8","99290.0","0.024080836342501064","0.953672398438616","2377.375751746149","12.656816302342914","0.5323860266113449","129600.0","1733925600000.0","1734055200000.0"
"38c70278-39e2-40ae-8313-18193f61b647","MomentumMAStrategy","BTC-USDT","Bybit Perpetual","short","99290.0","101699.9","0.02406485776244712","0.9673586710376941","2389.3997272333745","-58.96125939275887","-2.467618068284817","100800.0","1734055200000.0","1734156000000.0"
"1b5f5344-0e22-4903-9162-6851c3342fda","MomentumMAStrategy","BTC-USDT","Bybit Perpetual","long","101699.9","101700.1","0.02294384292226692","0.9333555300778185","2333.3865308102536","-0.928766761493098","-0.03980338230419928","79200.0","1734156000000.0","1734235200000.0"
"dd19d5f4-ad6f-45aa-b49d-0c95577ee11c","MomentumMAStrategy","BTC-USDT","Bybit Perpetual","short","101700.1","103124.3","0.022935122014499838","0.9395345211093442","2332.504202386835","-33.60373529415995","-1.440672015071762","50400.0","1734235200000.0","1734285600000.0"
"ee2bbc22-b4bf-4c94-8634-07d6d1359eac","MomentumMAStrategy","BTC-USDT","Bybit Perpetual","long","103124.3","107026.9","0.022308812315403676","0.9376447357313722","2300.5806538573834","86.12472620636282","3.7436082087344995","86400.0","1734285600000.0","1734372000000.0"
"709f6355-6da1-4a3f-a1e4-63f2c298d7c3","MomentumMAStrategy","BTC-USDT","Bybit Perpetual","long","107026.9","105293.4","0.022259816398993416","0.9452421791558403","2382.3991437534282","-39.53263390681093","-1.6593623285360972","115200.0","1734372000000.0","1734487200000.0"
"91ecdfa9-831a-4eb6-867f-9f0fb72b4cad","MomentumMAStrategy","BTC-USDT","Bybit Perpetual","short","105293.39999999998","100982.3","0.022269611785182723","0.9187359519433631","2344.843141541958","95.08778741515735","4.055187561613527","72000.0","1734487200000.0","1734559200000.0"
"7b2956d0-e5c9-43fa-91d8-5d42fd26bf3c","MomentumMAStrategy","BTC-USDT","Bybit Perpetual","short","100982.3","94812.00000000001","0.024114884881670927","0.9443114009974685","2435.176539586358","147.85176278437638","6.071500787761805","129600.0","1734559200000.0","1734688800000.0"
"dfcc185a-134c-4419-8820-8181adc64928","MomentumMAStrategy","BTC-USDT","Bybit Perpetual","short","94812.0","98988.1","0.02716571440568194","1.0529436336785203","2575.635714231516","-114.49968356324703","-4.4454921528920455","79200.0","1734688800000.0","1734768000000.0"
"33b0ff1c-a00e-43b5-a3f5-b161f1f48a28","MomentumMAStrategy","BTC-USDT","Bybit Perpetual","long","98988.1","96895.1","0.024920783557280432","0.976312565941495","2466.8610148464313","-53.13551255132944","-2.153972689646533","93600.0","1734768000000.0","1734861600000.0"
"d0659e74-b58e-4149-be43-a53f0c42fd72","MomentumMAStrategy","BTC-USDT","Bybit Perpetual","short","96895.1","98243.5","0.024938126674338205","0.9732782251706027","2416.382277922668","-34.599848232848096","-1.4318863595785487","194400.0","1734861600000.0","1735056000000.0"
"5d0a4c1d-dbd1-46bd-a720-772fa47ae599","MomentumMAStrategy","BTC-USDT","Bybit Perpetual","long","98243.5","95412.5","0.024261273489864087","0.939668235790624","2383.5124221014626","-69.62333348559585","-2.921039254505387","151200.0","1735056000000.0","1735207200000.0"
"6889dc7b-c540-460b-9da9-2badec89d219","MomentumMAStrategy","BTC-USDT","Bybit Perpetual","short","95412.5","95233.2","0.02428791044454497","0.9260771376475174","2317.370255290147","3.4287452050594664","0.1479584540809673","252000.0","1735207200000.0","1735459200000.0"
"7686c015-5067-4747-ab38-c45c9f34dad7","MomentumMAStrategy","BTC-USDT","Bybit Perpetual","long","95233.2","93902.2","0.024367841921041754","0.9217643057746001","2320.6275632349534","-33.355361902681175","-1.4373423133949086","36000.0","1735459200000.0","1735495200000.0"
"69cea697-5eaa-4849-a010-081a28f053ec","MomentumMAStrategy","BTC-USDT","Bybit Perpetual","short","93902.2","95389.4","0.024375786397202687","0.9228263216769463","2288.939969427406","-37.17449585159671","-1.6240922150918689","165600.0","1735495200000.0","1735660800000.0"
"e99b0c06-7ade-4d78-aa79-8aa6d1869f23","MomentumMAStrategy","BTC-USDT","Bybit Perpetual","long","95389.4","93995.2","0.02362552021889633","0.8948619392895187","2253.6241983683894","-33.83356222847471","-1.5012956575887857","79200.0","1735660800000.0","1735740000000.0"
"69c718e3-f27c-43fd-8331-290cea98b0a6","MomentumMAStrategy","BTC-USDT","Bybit Perpetual","short","93995.2","95579.5","0.023633997419563325","0.8960815941228983","2221.4823142513387","-38.33942370593714","-1.725848702912492","57600.0","1735740000000.0","1735797600000.0"
"c7d4ea55-057d-4742-a43e-60007c3cae4a","MomentumMAStrategy","BTC-USDT","Bybit Perpetual","long","95579.5","97986.8","0.022861176944121892","0.8850306869437963","2185.0598617306982","54.148680570640906","2.4781325911937215","129600.0","1735797600000.0","1735927200000.0"
"b26a9b95-ce25-4ba2-90c5-b2f7d1b2f835","MomentumMAStrategy","BTC-USDT","Bybit Perpetual","long","97986.8","98160.1","0.02282451420265594","0.8953915409713871","2236.5011082728074","3.060096770348954","0.13682518461670645","122400.0","1735927200000.0","1736049600000.0"
"45abb234-b8d3-4bab-9dab-6bde810b0d85","MomentumMAStrategy","BTC-USDT","Bybit Perpetual","short","98160.1","99560.0","0.022813833728823","0.9021506972492513","2239.408200204639","-32.83923653422844","-1.4664247693309136","93600.0","1736049600000.0","1736143200000.0"
"45f1b5a4-4335-4de5-9e03-717555936436","MomentumMAStrategy","BTC-USDT","Bybit Perpetual","long","99560.0","102180.4","0.022179699934683824","0.8949083073406177","2208.2109254971215","57.22477740150475","2.5914543190036103","64800.0","1736143200000.0","1736208000000.0"
"4bd88681-81dd-45c4-9c65-e470fd6ab752","MomentumMAStrategy","BTC-USDT","Bybit Perpetual","long","102180.4","97915.29999999999","0.02214293997702643","0.8861414149522173","2262.574464028551","-95.32799471096777","-4.21325336365879","57600.0","1736208000000.0","1736265600000.0"
"32aee5de-1ddc-40cc-9635-fb6d730b3c39","MomentumMAStrategy","BTC-USDT","Bybit Perpetual","long","97915.3","97250.9","0.022182568700224913","0.865857527892367","2172.0128690531324","-15.603956172321992","-0.7184099318492705","7200.0","1736265600000.0","1736272800000.0"
"e4e2a50f-5ef3-4b8c-9ed8-38e539b3fdfa","MomentumMAStrategy","BTC-USDT","Bybit Perpetual","short","97250.9","93176.4","0.022181687888640892","0.8447997868153172","2157.1891106894263","89.534487515452","4.1505163859666085","136800.0","1736272800000.0","1736409600000.0"
"b77fa76d-9e93-43fc-99ff-abf2bef83414","MomentumMAStrategy","BTC-USDT","Bybit Perpetual","short","93176.4","95030.5","0.024064536447309683","0.9058223609370338","2242.246873829106","-45.52387938789406","-2.030279534302684","100800.0","1736409600000.0","1736510400000.0"
"71350ee1-4be9-4f69-9fde-62b4fef184d4","MomentumMAStrategy","BTC-USDT","Bybit Perpetual","long","95030.5","94206.5","0.023139930742346996","0.8757862147779037","2198.999188410606","-19.943089146471827","-0.906916621505727","115200.0","1736510400000.0","1736625600000.0"
"9f9eafea-cc09-4da8-8040-b7a1ea4e8edf","MomentumMAStrategy","BTC-USDT","Bybit Perpetual","short","94206.5","90827.49999999999","0.023141219063668197","0.8563824656453563","2180.053253721458","77.33779675048982","3.5475186956314206","144000.0","1736625600000.0","1736769600000.0"
"d723ee5f-1394-48da-a5aa-155b1262efcb","MomentumMAStrategy","BTC-USDT","Bybit Perpetual","short","90827.5","94485.3","0.024811033669697207","0.9195604240451729","2253.524160634423","-91.67335938106369","-4.067999845861664","43200.0","1736769600000.0","1736812800000.0"
"0546e0e1-8cf2-4faf-b8c1-dfe3db45f0aa","MomentumMAStrategy","BTC-USDT","Bybit Perpetual","short","94485.3","94886.30000000002","0.02292879918063881","0.8684126773832521","2166.434469222412","-10.06286114881975","-0.4644895237672046","21600.0","1736812800000.0","1736834400000.0"
"cfc01b22-c259-49d1-add2-ea215e8d13e4","MomentumMAStrategy","BTC-USDT","Bybit Perpetual","long","94886.3","98916.1","0.02273115034658358","0.8810702983857459","2156.8747511310335","90.72091936827682","4.206128303032158","115200.0","1736834400000.0","1736949600000.0"
"eda36d62-9455-4d52-8734-b6ca296ff0aa","MomentumMAStrategy","BTC-USDT","Bybit Perpetual","long","98916.10000000002","102181.59999999999","0.022676385588704936","0.9120337972403418","2243.0596245308966","73.13770334267497","3.260622345603972","165600.0","1736949600000.0","1737115200000.0"
"6d06b3c6-e7f3-49a6-a5c2-93591371e5b0","MomentumMAStrategy","BTC-USDT","Bybit Perpetual","long","102181.6","105770.9","0.022631671873472703","0.9412625490536666","2312.5404427064386","80.29059730640165","3.471965109178157","28800.0","1737115200000.0","1737144000000.0"
"1f08dba6-5af5-489b-bb68-935e560629a3","MomentumMAStrategy","BTC-USDT","Bybit Perpetual","long","105770.9","104452.5","0.022584817848269424","0.9495714392887764","2388.81651014752","-30.72539529044705","-1.286218307681975","108000.0","1737144000000.0","1737252000000.0"
"a860adbf-7082-453e-9837-4b65faf6b5cb","MomentumMAStrategy","BTC-USDT","Bybit Perpetual","short","104452.50000000001","104955.30000000002","0.022590434739442285","0.9461226479660365","2359.6273846215954","-12.304593234957684","-0.5214634020248466","43200.0","1737252000000.0","1737295200000.0"
"db83c831-c1fd-4ab8-b399-5fe679aa6b6f","MomentumMAStrategy","BTC-USDT","Bybit Perpetual","long","104955.3","101311.50000000001","0.02237083807152555","0.9228722364663493","2347.9380210483855","-82.43773200149089","-3.511069340947993","36000.0","1737295200000.0","1737331200000.0"
"500dee45-2e6c-48ef-ad2c-c3b849be1dbe","MomentumMAStrategy","BTC-USDT","Bybit Perpetual","short","101311.5","108159.2","0.022402414095605814","0.9385298724592834","2269.6221756469686","-154.34354087493912","-6.800406804755625","36000.0","1737331200000.0","1737367200000.0"
"12fdcbf3-c9e4-4019-910c-e4737ab1ff2b","MomentumMAStrategy","BTC-USDT","Bybit Perpetual","short","108159.2","108267.50000000001","0.019628434860980634","0.8496234766253996","2122.9958118157765","-2.975382972069945","-0.14015020451336316","7200.0","1737367200000.0","1737374400000.0"
"ab0d378f-79f1-4c09-913e-e2960f2c36d8","MomentumMAStrategy","BTC-USDT","Bybit Perpetual","long","108267.5","103674.2","0.019582692848660127","0.8300778425845741","2120.1691979923103","-90.77926090433519","-4.281698884706863","28800.0","1737374400000.0","1737403200000.0"
"692ae483-6e2f-42b9-b395-fff91a974ea7","MomentumMAStrategy","BTC-USDT","Bybit Perpetual","short","103674.2","105588.20000000001","0.019618467276653128","0.8210815093267796","2033.9289001331917","-38.370827876841155","-1.8865373255834281","115200.0","1737403200000.0","1737518400000.0"
"cf3425c5-2ae4-45a4-939c-1b4e034ba6d4","MomentumMAStrategy","BTC-USDT","Bybit Perpetual","long","105588.2","103664.9","0.01891761213516466","0.7917137967761649","1997.4766136501933","-37.17595721633841","-1.8611460560933921","72000.0","1737518400000.0","1737590400000.0"
"2799cd47-0ae4-49c6-bfc8-2517cacf8340","MomentumMAStrategy","BTC-USDT","Bybit Perpetual","short","103664.9","105105.9","0.01892790572599473","0.7903188041481002","1962.1594542946711","-28.065430955306507","-1.430333854564081","122400.0","1737590400000.0","1737712800000.0"
"5357991f-dc01-4cef-89e2-5ff4bd4c0d55","MomentumMAStrategy","BTC-USDT","Bybit Perpetual","long","105105.9","104658.6","0.018414734994773176","0.7725515357622196","1935.4972948871298","-9.009462498924048","-0.46548566731267077","100800.0","1737712800000.0","1737813600000.0"
"a7802519-44dd-41aa-9a61-055a389a4f6d","MomentumMAStrategy","BTC-USDT","Bybit Perpetual","short","104658.6","101244.1","0.018411657575327322","0.7582020012470698","1926.9383055131523","62.10840278970807","3.223165091067528","129600.0","1737813600000.0","1737943200000.0"
"35c03a8c-959c-4620-9a63-1ea7da91f987","MomentumMAStrategy","BTC-USDT","Bybit Perpetual","short","101244.1","102925.2","0.01961537796437891","0.8009715976445334","1985.9412881633748","-33.776383493561745","-1.700774524145102","115200.0","1737943200000.0","1738058400000.0"
"827f86cd-47dd-4820-81e8-1f9c1fb96928","MomentumMAStrategy","BTC-USDT","Bybit Perpetual","long","102925.2","101934.2","0.01898323951611939","0.7777790114657017","1953.8537238444912","-19.590169371940014","-1.00264257927116","108000.0","1738058400000.0","1738166400000.0"
"dee92dca-8bb1-4fe6-95a7-6b53e214ea2d","MomentumMAStrategy","BTC-USDT","Bybit Perpetual","short","101934.2","103698.2","0.018985218532554807","0.7807952102747447","1935.2430629411483","-34.27072070170143","-1.7708742306311327","28800.0","1738166400000.0","1738195200000.0"
"d778131d-87f2-4b68-be01-30fbb289e3e6","MomentumMAStrategy","BTC-USDT","Bybit Perpetual","long","103698.2","104221.9","0.01834830188252575","0.7629961524489886","1902.685878274532","8.846009543429695","0.464922226229575","122400.0","1738195200000.0","1738317600000.0"
"41b14096-bc1e-416d-b806-d1b6770b9f9d","MomentumMAStrategy","BTC-USDT","Bybit Perpetual","short","104221.9","101620.1","0.01833673716695618","0.7548941303841189","1911.0895873407903","46.95362863060226","2.456903587441784","122400.0","1738317600000.0","1738440000000.0"
"4f02320d-802d-4f27-a3e4-9f02f8a1265d","MomentumMAStrategy","BTC-USDT","Bybit Perpetual","short","101620.1","98750.0","0.019245164436365075","0.7712311045261828","1955.6955345398626","54.46431534428533","2.7849076905061163","64800.0","1738440000000.0","1738504800000.0"
"26b7d8e3-874d-4d5d-a086-85dd636a1b5f","MomentumMAStrategy","BTC-USDT","Bybit Perpetual","short","98750.0","93408.4","0.02032847224422211","0.7812573401788261","2007.4366341169334","107.80530999955812","5.370297032911398","43200.0","1738504800000.0","1738548000000.0"
"1b33fc71-8630-4180-af4f-8c95eeff9e6c","MomentumMAStrategy","BTC-USDT","Bybit Perpetual","short","93408.4","99150.1","0.022587386986786133","0.8698786714190117","2109.8516786165137","-130.5598785334492","-6.188106958260725","57600.0","1738548000000.0","1738605600000.0"
"363a3d95-146e-4a3f-82ff-ab0c7d5c4aa1","MomentumMAStrategy","BTC-USDT","Bybit Perpetual","short","99150.1","101831.9","0.020028419477234386","0.8050703606747044","1985.8197940097373","-54.51728571472165","-2.7453289507524334","7200.0","1738605600000.0","1738612800000.0"
"c6d496d2-c2f7-40a5-ba91-842069dab102","MomentumMAStrategy","BTC-USDT","Bybit Perpetual","long","101831.9","96456.5","0.0189923626347024","0.7531930398109847","1934.0283725807512","-102.84473914639015","-5.317643763889306","93600.0","1738612800000.0","1738706400000.0"
"4b093c98-f82d-45b6-aff1-9f9f3a615586","MomentumMAStrategy","BTC-USDT","Bybit Perpetual","long","96456.5","97989.5","0.019037865466730395","0.7403673577087717","1836.3258703916804","28.444680402788926","1.5489996008563445","21600.0","1738706400000.0","1738728000000.0"
"e7dd2db1-681f-48ee-84f4-84886f061321","MomentumMAStrategy","BTC-USDT","Bybit Perpetual","short","97989.5","98787.9","0.019015795741118488","0.7483757689736739","1863.34831677433","-15.930587088682564","-0.8549441317692144","208800.0","1738728000000.0","1738936800000.0"
"9d581d82-6d32-479f-a92b-aa09bfc74ec7","MomentumMAStrategy","BTC-USDT","Bybit Perpetual","long","98787.9","97378.0","0.01870891332885993","0.7340101642355608","1848.2142590400817","-27.111707066595066","-1.4669136402332617","14400.0","1738936800000.0","1738951200000.0"
"67c6abe3-4058-45ec-bbde-b5cb49df406a","MomentumMAStrategy","BTC-USDT","Bybit Perpetual","short","97378.0","96979.6","0.0187152964460845","0.7274920201099025","1822.4581373268163","6.728682084010052","0.3692091437490954","216000.0","1738951200000.0","1739167200000.0"
"4b5b51e8-23ef-42a1-a998-e17e26874c0e","MomentumMAStrategy","BTC-USDT","Bybit Perpetual","long","96979.6","94988.0","0.018858093715653865","0.724028598233831","1828.8503853066256","-38.28180804233018","-2.0932170477090084","136800.0","1739167200000.0","1739304000000.0"
"f7dce23a-6c8d-4325-bacc-c0fb852e6f01","MomentumMAStrategy","BTC-USDT","Bybit Perpetual","short","94988.0","97939.9","0.018870622264564072","0.7281339050391182","1792.482667666412","-56.43232376780569","-3.148277235019154","108000.0","1739304000000.0","1739412000000.0"
"c0b9c91c-6e25-4cd4-a02c-ba5b60978751","MomentumMAStrategy","BTC-USDT","Bybit Perpetual","long","97939.9","96560.6","0.017754479635848076","0.6906510332824538","1738.8719600869968","-25.179404795007496","-1.4480309863497802","79200.0","1739412000000.0","1739491200000.0"
"bf95118e-f5d4-43ab-867c-652566c4e566","MomentumMAStrategy","BTC-USDT","Bybit Perpetual","short","96560.6","98487.8","0.017760365258001086","0.6928261653977399","1714.9515255317397","-34.92060209061738","-2.036244265259326","64800.0","1739491200000.0","1739556000000.0"
"f1f494a4-37df-4d1d-be0c-e12a710abb80","MomentumMAStrategy","BTC-USDT","Bybit Perpetual","long","98487.8","97593.2","0.01707599269702088","0.6696555448049103","1681.776953545653","-15.94583861155989","-0.9481541876252753","115200.0","1739556000000.0","1739671200000.0"
"28504933-8ead-4d2e-b837-56cc1120f477","MomentumMAStrategy","BTC-USDT","Bybit Perpetual","short","97593.2","96018.2","0.017077300537995183","0.6612720130764","1666.6284068646714","26.235476334266014","1.574164716394175","122400.0","1739671200000.0","1739793600000.0"
"10ae7daa-4142-4df0-917d-11ac68813abe","MomentumMAStrategy","BTC-USDT","Bybit Perpetual","short","96018.2","96392.0","0.017616994584174917","0.6779378902680026","1691.552109382224","-7.263170465832638","-0.42937905522078407","172800.0","1739793600000.0","1739966400000.0"
"df5094a0-0f9a-4e00-940c-29fddb231f47","MomentumMAStrategy","BTC-USDT","Bybit Perpetual","long","96392.0","98290.0","0.017477094545602156","0.6804951440653838","1684.652097439683","32.49103030348751","1.9286492654992118","151200.0","1739966400000.0","1740117600000.0"
"ab7d2cf3-6b39-48bf-8e01-1ae29f5d46a7","MomentumMAStrategy","BTC-USDT","Bybit Perpetual","long","98290.0","95247.5","0.01745364305858171","0.6755868886900516","1715.5185762279964","-53.7782958944249","-3.134812798860515","50400.0","1740117600000.0","1740168000000.0"
"ff3b26cd-a0ff-4a60-b9c9-de6df31a38fb","MomentumMAStrategy","BTC-USDT","Bybit Perpetual","short","95247.5","91514.5","0.017474780914231793","0.6527250066207517","1664.4291951282928","64.58063214620653","3.8800468253759934","273600.0","1740168000000.0","1740441600000.0"
"c855426a-02c6-4159-82e8-4c7af934afaf","MomentumMAStrategy","BTC-USDT","Bybit Perpetual","short","91514.5","87206.9","0.018858003875529984","0.6740657707680289","1725.7807956671886","80.55867172346504","4.66795504537533","57600.0","1740441600000.0","1740499200000.0"
"6c95ce46-3924-48a8-adbf-c775c5e73ddf","MomentumMAStrategy","BTC-USDT","Bybit Perpetual","short","87206.9","81606.8","0.020667074896647864","0.6977770762960487","1802.3115338044804","115.03990905242148","6.382909219339286","208800.0","1740499200000.0","1740708000000.0"
"e87f1b12-a94f-4cca-ae07-19956426da0e","MomentumMAStrategy","BTC-USDT","Bybit Perpetual","short","81606.8","84615.1","0.023424511773581132","0.7787333707154052","1911.5994474042807","-71.24669213917959","-3.727072229275015","86400.0","1740708000000.0","1740794400000.0"
"3aa60bd6-5fde-44a3-b4f0-4d56fd3bb1de","MomentumMAStrategy","BTC-USDT","Bybit Perpetual","long","84615.1","94039.9","0.021791797089078194","0.778642701789853","1843.9150898720604","204.60468650335406","11.096209778160148","144000.0","1740794400000.0","1740938400000.0"
"3b9db2c6-f536-451e-9ece-cf86d9f3733b","MomentumMAStrategy","BTC-USDT","Bybit Perpetual","long","94039.9","85552.0","0.021674731066815753","0.7785212268556936","2038.2895420502466","-184.751471048881","-9.064044496006476","93600.0","1740938400000.0","1741032000000.0"
"7c2d6852-72a3-4ce3-95e8-91cff8dad5a3","MomentumMAStrategy","BTC-USDT","Bybit Perpetual","long","85552.0","86192.7","0.02177360721612364","0.7479003278501979","1862.7756445538096","13.202449815520154","0.7087514727884761","14400.0","1741032000000.0","1741046400000.0"
"2e4cee8f-52a1-4e46-82ee-f78e2b321900","MomentumMAStrategy","BTC-USDT","Bybit Perpetual","short","86192.7","87573.9","0.021757271461255466","0.7561374174198787","1875.3179718785539","-30.807280759705865","-1.6427763836148503","115200.0","1741046400000.0","1741161600000.0"
"78bc7580-6879-4be7-83ed-adc637288c78","MomentumMAStrategy","BTC-USDT","Bybit Perpetual","long","87573.9","92708.0","0.021079922844098913","0.7600657084375112","1846.0510551568336","107.46636616545085","5.821418961585594","79200.0","1741161600000.0","1741240800000.0"
"a3e40d7e-6570-498f-969f-5f764cdbdaed","MomentumMAStrategy","BTC-USDT","Bybit Perpetual","long","92708.0","89887.8","0.021013764756159254","0.7674050373325408","1948.1441030140122","-60.03042440265281","-3.0814160158778066","64800.0","1741240800000.0","1741305600000.0"
"ae090b5b-c982-48ae-8c6b-9871c1d49feb","MomentumMAStrategy","BTC-USDT","Bybit Perpetual","short","89887.8","86184.7","0.021038619254576167","0.7408644577402725","1891.1151998314917","77.16724650388086","4.080515375835214","172800.0","1741305600000.0","1741478400000.0"
"544e09e7-aabf-4133-aff7-d2f614423bb2","MomentumMAStrategy","BTC-USDT","Bybit Perpetual","short","86184.7","83030.5","0.022793188164606695","0.771390778782311","1964.4240840101786","71.12288333002007","3.6205462918592253","57600.0","1741478400000.0","1741536000000.0"
"822e60b8-896f-484b-8560-d4550bc832b6","MomentumMAStrategy","BTC-USDT","Bybit Perpetual","short","83030.5","81272.7","0.024472824120939866","0.8041926632215215","2031.9908231736977","42.21413757656665","2.077476782628074","180000.0","1741536000000.0","1741716000000.0"
"3a171355-3779-4e99-8c1c-357be72d4523","MomentumMAStrategy","BTC-USDT","Bybit Perpetual","long","81272.7","81016.0","0.025495575437649246","0.8275287587056055","2072.0942538714357","-7.372242973550092","-0.3557870478032563","165600.0","1741716000000.0","1741881600000.0"
"b2a1bb6c-fa57-4847-a6bf-312642d6aca0","MomentumMAStrategy","BTC-USDT","Bybit Perpetual","short","81016.0","84692.2","0.025489910919405587","0.8447774513230091","2065.090623046563","-94.55078797324175","-4.5785297225239425","86400.0","1741881600000.0","1741968000000.0"
"49c16a90-8395-4a7b-ad90-a81dd2ea47a3","MomentumMAStrategy","BTC-USDT","Bybit Perpetual","long","84692.2","84242.0","0.023322896021971132","0.7880069562309752","1975.2673744719834","-11.28797474532231","-0.571465660355968","144000.0","1741968000000.0","1742112000000.0"
"0cdb2b7b-2ac9-45cd-a9b8-476b07e821e5","MomentumMAStrategy","BTC-USDT","Bybit Perpetual","short","84242.0","84436.2","0.023320241666436307","0.7867232775718953","1964.5437984639275","-5.315514209193759","-0.270572446048286","129600.0","1742112000000.0","1742241600000.0"
"6898c2c1-760e-4234-b87c-356bd508c60a","MomentumMAStrategy","BTC-USDT","Bybit Perpetual","long","84436.2","82550.0","0.023206800637228978","0.7750430905136891","1959.4940599651934","-44.54771045245492","-2.2734292163787537","57600.0","1742241600000.0","1742299200000.0"
"91a825fd-9e98-4460-b2c8-c342550e64cc","MomentumMAStrategy","BTC-USDT","Bybit Perpetual","short","82550.0","84050.1","0.023224394125201223","0.7738372767395874","1917.173735035361","-35.61275090395407","-1.8575651362810486","93600.0","1742299200000.0","1742392800000.0"
"613c3887-ad4e-4dbe-ba5a-2daace87b9ef","MomentumMAStrategy","BTC-USDT","Bybit Perpetual","long","84050.1","84183.6","0.022407369196188996","0.7539349254281802","1883.3416216766047","2.237448862263051","0.11880207162156857","122400.0","1742392800000.0","1742515200000.0"
"a42cf1f6-b161-419f-8770-2b95d26a3641","MomentumMAStrategy","BTC-USDT","Bybit Perpetual","short","84183.6","84073.5","0.022397084445138417","0.7536936954388198","1885.4671980957546","1.7122253019710503","0.09081172579933125","144000.0","1742515200000.0","1742659200000.0"
"5cd4fb8d-9fb0-47cf-ac5b-795756067891","MomentumMAStrategy","BTC-USDT","Bybit Perpetual","long","84073.5","86044.2","0.022445762483215604","0.7636842976781855","1887.0938121326271","43.47017982799474","2.3035516066299095","115200.0","1742659200000.0","1742774400000.0"
"41241b8a-fa36-4720-8d4e-6878e1e9a8d0","MomentumMAStrategy","BTC-USDT","Bybit Perpetual","long","86044.2","88283.6","0.022411626617124945","0.7813939125169669","1928.3904829692221","49.40720273387283","2.562095341696487","57600.0","1742774400000.0","1742832000000.0"
"53421ec0-5b63-49d6-9092-2e6c919e0ecb","MomentumMAStrategy","BTC-USDT","Bybit Perpetual","long","88283.6","87885.1","0.022374793569433067","0.7883476591790768","1975.3273255664012","-9.704702896598155","-0.49129593718425624","93600.0","1742832000000.0","1742925600000.0"
"32c71a80-8f62-4a23-8e8d-61656d5d5886","MomentumMAStrategy","BTC-USDT","Bybit Perpetual","short","87885.1","85175.1","0.02237134460579362","0.7743178743495132","1966.1078578146332","59.8520260073512","3.0441883322656507","223200.0","1742925600000.0","1743148800000.0"
"69a0264e-891a-4aba-8b82-de49bfea578c","MomentumMAStrategy","BTC-USDT","Bybit Perpetual","short","85175.1","82255.1","0.023750688669829757","0.7953165108254661","2022.9672825216167","68.55669440507742","3.388917606201812","100800.0","1743148800000.0","1743249600000.0"
"58d129c8-3f6a-4cde-8c54-b76f38aac101","MomentumMAStrategy","BTC-USDT","Bybit Perpetual","short","82255.1","82510.6","0.025385613076957417","0.8365356617108086","2088.09614220644","-7.322559802873428","-0.3506811614112681","115200.0","1743249600000.0","1743364800000.0"
"11c5a9eb-5417-4dde-adaf-f8c51c94c0e9","MomentumMAStrategy","BTC-USDT","Bybit Perpetual","long","82510.6","81491.5","0.02522269514939547","0.8273149944321343","2081.13971039371","-26.531763621181206","-1.274867011026469","28800.0","1743364800000.0","1743393600000.0"
"6ff49cc5-9564-4e24-bd4a-8e97e5d1ae3d","MomentumMAStrategy","BTC-USDT","Bybit Perpetual","short","81491.5","82670.9","0.025228821839745105","0.8283247884769944","2055.9345349535884","-30.583197266272226","-1.487556959928329","79200.0","1743393600000.0","1743472800000.0"
"3670325c-1122-48f8-929b-94e9ba04fb1f","MomentumMAStrategy","BTC-USDT","Bybit Perpetual","long","82670.9","86709.5","0.024517460164950784","0.8305554419446859","2026.8804975506296","98.1856591802257","4.84417602808244","136800.0","1743472800000.0","1743609600000.0"
"fb4a746a-3ffa-46dd-b2b8-48243245d3f6","MomentumMAStrategy","BTC-USDT","Bybit Perpetual","long","86709.5","82485.1","0.024451263976517496","0.8274043656002574","2120.156873771844","-104.11932390800062","-4.9109254695275535","28800.0","1743609600000.0","1743638400000.0"
"5035afdf-6082-405a-95d8-c1bad2c58e98","MomentumMAStrategy","BTC-USDT","Bybit Perpetual","long","82485.1","83712.0","0.024504347040365384","0.814510283100462","2021.243516059243","29.249873100723686","1.447122668215222","7200.0","1743638400000.0","1743645600000.0"
"c5e95996-8172-4837-b104-da350d9755d1","MomentumMAStrategy","BTC-USDT","Bybit Perpetual","short","83712.0","83971.9","0.02447714659194536","0.8208846802818213","2049.03089550493","-7.182495079528278","-0.35053132167430495","151200.0","1743645600000.0","1743796800000.0"
"f3092c67-1008-4eaf-9e0a-043da970cf35","MomentumMAStrategy","BTC-USDT","Bybit Perpetual","long","83971.9","82818.7","0.02432013000991258","0.8112738152862651","2042.207525179378","-28.857247742717384","-1.4130418866311196","86400.0","1743796800000.0","1743883200000.0"
"08232632-9c52-4fad-bd3b-294bc60b71f1","MomentumMAStrategy","BTC-USDT","Bybit Perpetual","short","82818.7","79572.6","0.02432775616888211","0.7901231900695571","2014.7931398237965","78.18020610973845","3.8803093262753356","86400.0","1743883200000.0","1743969600000.0"
"51ad5c06-4a0e-4c05-86ae-a0661bf49201","MomentumMAStrategy","BTC-USDT","Bybit Perpetual","short","79572.6","75084.1","0.026253563860274113","0.8120579099738512","2089.064335628048","117.02706347686652","5.6018889165365975","43200.0","1743969600000.0","1744012800000.0"
"c4baf922-a621-435e-b693-d67f54fa9175","MomentumMAStrategy","BTC-USDT","Bybit Perpetual","short","75084.1","80563.99999999999","0.029303674758451807","0.9122122598341966","2200.2400459310716","-161.49341956867366","-7.3398091207059535","64800.0","1744012800000.0","1744077600000.0"
"da884bf2-d368-4d3a-bf07-8c17e81b92bd","MomentumMAStrategy","BTC-USDT","Bybit Perpetual","short","80564.0","79830.1","0.025406152839243717","0.8149994038225883","2046.8212973408308","17.830576164898225","0.87113497343726","14400.0","1744077600000.0","1744092000000.0"
"bd3156ea-fc23-4ca5-9180-d995c6d4dc8e","MomentumMAStrategy","BTC-USDT","Bybit Perpetual","long","79830.1","76038.0","0.025851907296840212","0.8058975343469241","2063.760344697484","-98.83891519469485","-4.789263222769363","72000.0","1744092000000.0","1744164000000.0"
"21034b7a-c59a-4a7e-8972-3acbe9b2a719","MomentumMAStrategy","BTC-USDT","Bybit Perpetual","short","76038.0","82161.9","0.025906301786771405","0.8196748704074115","1969.863375262524","-159.46727638241669","-8.095347037007805","57600.0","1744164000000.0","1744221600000.0"
"dd1f7936-2f5d-423b-aac1-661f92eb46b9","MomentumMAStrategy","BTC-USDT","Bybit Perpetual","short","82161.9","82291.4","0.022131541051256462","0.7279209919929188","1818.3694626992283","-3.593955558130631","-0.19764715762415427","7200.0","1744221600000.0","1744228800000.0"
"7793a4ad-1b85-4ec5-8e97-baaddfec193e","MomentumMAStrategy","BTC-USDT","Bybit Perpetual","long","82291.4","80774.3","0.022055223327334384","0.7192900861056222","1814.9552049190047","-34.17926939600442","-1.883201816957776","122400.0","1744228800000.0","1744351200000.0"
"fe0985a2-d5c1-4801-8afa-00b376ffdab0","MomentumMAStrategy","BTC-USDT","Bybit Perpetual","short","80774.3","82486.7","0.02206747565739103","0.7205516286602633","1782.4848989928003","-38.50889694437653","-2.160405227900451","36000.0","1744351200000.0","1744387200000.0"
"ee5749a8-edca-4ed9-b8ef-6c222ff62b95","MomentumMAStrategy","BTC-USDT","Bybit Perpetual","long","82486.7","85317.1","0.02116585397276946","0.7103421453751625","1745.9014468956425","59.1974909391517","3.390654784347063","108000.0","1744387200000.0","1744495200000.0"
"e8eaf026-2058-4e82-8b64-79b6f8d43609","MomentumMAStrategy","BTC-USDT","Bybit Perpetual","long","85317.1","83949.9","0.02112283543730198","0.7150797971931588","1802.1390632878367","-29.59422040707267","-1.6421718506606664","79200.0","1744495200000.0","1744574400000.0"
"e34bb32e-8956-4bd0-859e-bab56e104055","MomentumMAStrategy","BTC-USDT","Bybit Perpetual","short","83949.9","84872.6","0.021131943622340443","0.7135095104365139","1774.0245539011178","-20.211953890770285","-1.1393277419032204","86400.0","1744574400000.0","1744660800000.0"
"1ca69455-faf6-4cc2-99c6-35111ae3a15b","MomentumMAStrategy","BTC-USDT","Bybit Perpetual","long","84872.6","83608.7","0.020675968424496084","0.6967028077836105","1754.8231977048865","-26.82905929950439","-1.5288753496417082","100800.0","1744660800000.0","1744761600000.0"
"e1fc44f8-2219-422f-8d40-d11a3ee49084","MomentumMAStrategy","BTC-USDT","Bybit Perpetual","short","83608.7","84629.0","0.02068367994443589","0.6959549482776044","1729.335591370357","-21.7995135955856","-1.2605716151548856","115200.0","1744761600000.0","1744876800000.0"
"7b1b567f-b4bf-4b9e-9c82-51f3dfc754fc","MomentumMAStrategy","BTC-USDT","Bybit Perpetual","long","84629.0","84591.4","0.02018960466807537","0.6832985955547163","1708.6260534545504","-1.4424277310744675","-0.08442032872892959","136800.0","1744876800000.0","1745013600000.0"
"f93398f1-6696-4de0-856c-dc5ee9a96b14","MomentumMAStrategy","BTC-USDT","Bybit Perpetual","short","84591.4","85292.5","0.02018237961672262","0.6857322721138688","1707.25574711003","-14.835598621398216","-0.8689734181016106","43200.0","1745013600000.0","1745056800000.0"
"0fd28016-71a8-43c2-9e11-5c321de78cbf","MomentumMAStrategy","BTC-USDT","Bybit Perpetual","long","85292.5","84084.6","0.019851240477412452","0.6724691086933474","1693.1619284197016","-24.650782481359734","-1.4559022422838985","93600.0","1745056800000.0","1745150400000.0"
"af793ad3-5805-4cc2-a369-d9c6e1824fe8","MomentumMAStrategy","BTC-USDT","Bybit Perpetual","short","84084.6","87248.9","0.019857901269226583","0.6804647454222066","1669.7436850624097","-63.51682173163565","-3.8039863423266427","50400.0","1745150400000.0","1745200800000.0"
"82646822-ff71-4083-b58b-500ae785787e","MomentumMAStrategy","BTC-USDT","Bybit Perpetual","long","87248.9","90180.6","0.01844610882678585","0.65457677321644","1609.4027044173558","53.423880474271854","3.3194849447958794","129600.0","1745200800000.0","1745330400000.0"
"09812196-219e-43f4-a92f-9d5271f1126a","MomentumMAStrategy","BTC-USDT","Bybit Perpetual","long","90180.6","93404.9","0.01840922982180108","0.6759335322900526","1660.1553908679148","58.68094618214296","3.534665881575403","36000.0","1745330400000.0","1745366400000.0"
"fe081a12-5d67-44bb-a86a-1c5a1fd4e20f","MomentumMAStrategy","BTC-USDT","Bybit Perpetual","long","93404.9","92427.3","0.018370581090937955","0.68276909988148","1715.9022897409504","-18.641849174382266","-1.0864167083311382","122400.0","1745366400000.0","1745488800000.0"
"4670c66d-bb26-419e-a813-fc2427b87043","MomentumMAStrategy","BTC-USDT","Bybit Perpetual","short","92427.3","94602.3","0.01837327859869635","0.6872693894005477","1698.192533025287","-40.64915034156511","-2.3936714801795578","93600.0","1745488800000.0","1745582400000.0"
"c309816c-c799-45c2-9fea-74d071ca1e07","MomentumMAStrategy","BTC-USDT","Bybit Perpetual","long","94602.3","94261.0","0.017542658478713523","0.6626328742125631","1659.5758402008003","-6.64994221299754","-0.4007013148728973","115200.0","1745582400000.0","1745697600000.0"
"695e2148-e65e-4efa-beef-be310ee593be","MomentumMAStrategy","BTC-USDT","Bybit Perpetual","short","94261.0","95276.1","0.017539156120754632","0.6648641575150166","1653.2583950984524","-18.468861535693144","-1.1171188720679877","144000.0","1745697600000.0","1745841600000.0"
"0e916f01-1d19-4fcf-b5ec-3cbc01c47c95","MomentumMAStrategy","BTC-USDT","Bybit Perpetual","long","95276.1","92978.1","0.01716813531031963","0.6463947156671948","1635.712976639544","-40.0987696587817","-2.45145512883084","180000.0","1745841600000.0","1746021600000.0"
"5b8332b7-e77f-4b43-840c-291681e5f6ae","MomentumMAStrategy","BTC-USDT","Bybit Perpetual","short","92978.1","95478.3","0.017182746748575214","0.6476397188696381","1597.6191454637012","-43.607943139657344","-2.729558121751248","72000.0","1746021600000.0","1746093600000.0"
"486dd2fa-f3d2-4e0c-b53d-b69673d64a9f","MomentumMAStrategy","BTC-USDT","Bybit Perpetual","long","95478.3","96379.1","0.016298903515050298","0.6254130502496823","1556.191599481027","14.056639236107674","0.9032717591327064","158400.0","1746093600000.0","1746252000000.0"
"582c78ca-9bb5-47ac-b1d6-b2cb5a7c9961","MomentumMAStrategy","BTC-USDT","Bybit Perpetual","short","96379.1","94230.2","0.016285122051931684","0.6208191429466524","1569.545406755329","34.374279634449486","2.190078699635096","151200.0","1746252000000.0","1746403200000.0"
"0bc71283-4538-476f-a1fc-73ddfa8e283d","MomentumMAStrategy","BTC-USDT","Bybit Perpetual","short","94230.2","94637.9","0.017003051807255594","0.6422668178075861","1602.200972408056","-7.574411039625643","-0.47275037090019667","165600.0","1746403200000.0","1746568800000.0"
"ffe2c483-230f-4d8d-8f62-27c5a2b4e55f","MomentumMAStrategy","BTC-USDT","Bybit Perpetual","long","94637.9","97208.6","0.016853768753537557","0.6466673094351085","1595.0052819204118","42.67931602528409","2.6758103254615877","14400.0","1746568800000.0","1746583200000.0"
"51fd7e4e-9f8d-4691-a911-4ecb61991141","MomentumMAStrategy","BTC-USDT","Bybit Perpetual","long","97208.6","99741.1","0.01682516394788559","0.6627421983973766","1635.5506321444313","41.94698549962288","2.5647011272665177","115200.0","1746583200000.0","1746698400000.0"
"6d47f903-d8c8-4906-b43d-25413fe1d89a","MomentumMAStrategy","BTC-USDT","Bybit Perpetual","long","99741.1","103228.1","0.016797491388896583","0.6818746778422458","1675.400268369073","57.89097779524014","3.455352066500169","50400.0","1746698400000.0","1746748800000.0"
"5273d2a2-5fce-4f44-8456-9a5df2db2a50","MomentumMAStrategy","BTC-USDT","Bybit Perpetual","long","103228.1","103581.4","0.016762845555372528","0.693343141576763","1730.396697274551","5.228970193136155","0.30218332023934213","136800.0","1746748800000.0","1746885600000.0"
"f3921913-1d87-42a9-8933-fb4e05945622","MomentumMAStrategy","BTC-USDT","Bybit Perpetual","short","103581.4","104072.7","0.01675362776481135","0.6957918990473825","1735.3642189580303","-8.926849219899246","-0.5144078183921079","122400.0","1746885600000.0","1747008000000.0"
"cff255be-f8a4-4fee-9f47-72746ee74556","MomentumMAStrategy","BTC-USDT","Bybit Perpetual","long","104072.7","103965.9","0.016593051897367185","0.6903990572911225","1726.8837121991257","-2.462536999929986","-0.1426000478511684","7200.0","1747008000000.0","1747015200000.0"
"d3178f0b-9397-4547-be59-6eee34b149a1","MomentumMAStrategy","BTC-USDT","Bybit Perpetual","short","103965.9","104302.5","0.016587595567865928","0.6909343977533056","1724.544302049192","-6.274319065897073","-0.3638247540780254","158400.0","1747015200000.0","1747173600000.0"
"633a3a1b-d743-490b-af70-19e28d07e3b2","MomentumMAStrategy","BTC-USDT","Bybit Perpetual","long","104302.5","103458.1","0.01647691760922883","0.6846508577287896","1718.5836989365903","-14.597760086961518","-0.8494064092423423","93600.0","1747173600000.0","1747267200000.0"
"d0d638fb-44c5-403a-b91e-04848a8f673b","MomentumMAStrategy","BTC-USDT","Bybit Perpetual","short","103458.1","103859.1","0.01647735486012189","0.6832078146013725","1704.7158268539765","-7.290627113510251","-0.42767404388829877","108000.0","1747267200000.0","1747375200000.0"
"cc18082d-0c1a-4e52-bbb9-d7e987dc9d1e","MomentumMAStrategy","BTC-USDT","Bybit Perpetual","long","103859.1","103399.4","0.016347048367414525","0.6776129448115567","1697.789731096142","-8.192351079312203","-0.4825303704730847","93600.0","1747375200000.0","1747468800000.0"
"d79fa866-af85-459b-9b8f-16486448ac1b","MomentumMAStrategy","BTC-USDT","Bybit Perpetual","short","103399.4","104708.2","0.016344456520741856","0.6802811239671875","1690.0069975707954","-22.071905818314175","-1.3060245223860127","108000.0","1747468800000.0","1747576800000.0"
"1091803d-f473-4e3d-b030-1a128da28c62","MomentumMAStrategy","BTC-USDT","Bybit Perpetual","long","104708.2","103167.0","0.015939904296353072","0.6627021587170508","1669.0386870433967","-25.229282660256356","-1.511605624010342","64800.0","1747576800000.0","1747641600000.0"
"a7703252-35e4-4eff-811f-1c3969f3f495","MomentumMAStrategy","BTC-USDT","Bybit Perpetual","short","103167.0","106407.6","0.015945708109338774","0.6683630797462861","1645.0708685161533","-52.34202477886961","-3.1817489313443312","64800.0","1747641600000.0","1747706400000.0"
"17e5e328-edd0-4409-a05b-2a384d6d618e","MomentumMAStrategy","BTC-USDT","Bybit Perpetual","short","106407.6","105720.0","0.014992781953321259","0.6360765706162701","1595.3459449762272","9.672960300487516","0.6063236836466623","7200.0","1747706400000.0","1747713600000.0"
"70123a13-f669-4881-aed5-4a4d9d6b3b5e","MomentumMAStrategy","BTC-USDT","Bybit Perpetual","long","105720.0","111755.9","0.015177215827295594","0.6601357343070708","1604.5352572616903","90.94802127766631","5.668184657586071","172800.0","1747713600000.0","1747886400000.0"
"a266f96c-f2fd-42cf-bacd-c2e068780358","MomentumMAStrategy","BTC-USDT","Bybit Perpetual","long","111755.9","109603.4","0.015130618405609666","0.6698606197665744","1690.9358774754733","-33.23851673784138","-1.9656875923329327","122400.0","1747886400000.0","1748008800000.0"
"5319e5fa-f511-4372-baba-652e989e5ea5","MomentumMAStrategy","BTC-USDT","Bybit Perpetual","short","109603.4","106927.9","0.015139669814755053","0.6556424773119341","1659.3592865745238","39.85054411206521","2.4015621230728246","180000.0","1748008800000.0","1748188800000.0"
"aacb5f42-acab-4bee-8bae-9966f323957f","MomentumMAStrategy","BTC-USDT","Bybit Perpetual","short","106927.9","109591.6","0.015872539379160968","0.6873428580212486","1697.217303480986","-42.9670260022925","-2.5316160702679205","50400.0","1748188800000.0","1748239200000.0"
"c9a42ee2-d227-4f1d-9c79-70a868b7f640","MomentumMAStrategy","BTC-USDT","Bybit Perpetual","long","109591.6","109791.6","0.015114284569061933","0.6631640228942857","1656.398628778808","2.359692890918101","0.14245923957675585","115200.0","1748239200000.0","1748354400000.0"
"9f111ce6-0065-4db1-8127-3139c03031cc","MomentumMAStrategy","BTC-USDT","Bybit Perpetual","short","109791.6","107065.5","0.015107169738169222","0.6552194037254274","1658.64033702518","40.52843601949778","2.44347343512619","93600.0","1748354400000.0","1748448000000.0"
"788636ad-6a05-4a5a-a7c0-30d977e81844","MomentumMAStrategy","BTC-USDT","Bybit Perpetual","short","107065.5","103950.0","0.01585144001796753","0.6689799082222856","1697.1423512437027","48.71618146775556","2.870482928674503","201600.0","1748448000000.0","1748649600000.0"
"6b695da3-6d03-4810-8b11-afffd67dc52f","MomentumMAStrategy","BTC-USDT","Bybit Perpetual","short","103950.0","104485.7","0.016771743373141614","0.6991660140402267","1743.4227236380707","-9.68378893903214","-0.5554469841269813","108000.0","1748649600000.0","1748757600000.0"
"db2bd689-df93-48f8-baf8-8d93802b7b5c","MomentumMAStrategy","BTC-USDT","Bybit Perpetual","long","104485.7","103764.3","0.016597707859984573","0.6912945323683575","1734.2231241459901","-12.664880982561133","-0.7302913221617832","115200.0","1748757600000.0","1748872800000.0"
"6f4d362b-423e-49ac-96e8-edf7ac4ed630","MomentumMAStrategy","BTC-USDT","Bybit Perpetual","short","103764.3","106442.6","0.016597148414363678","0.6977670234046609","1722.191487212557","-45.149909621594944","-2.6216544418456085","43200.0","1748872800000.0","1748916000000.0"
"b58c43e4-735b-4fce-84df-0388160b8ca0","MomentumMAStrategy","BTC-USDT","Bybit Perpetual","short","106442.6","105370.5","0.015776569466285507","0.6683368172038558","1679.299073072042","16.24572330760093","0.967410961400798","43200.0","1748916000000.0","1748959200000.0"
"9cbcf95d-1abb-4d8d-b386-45750ce54413","MomentumMAStrategy","BTC-USDT","Bybit Perpetual","long","105370.5","105044.1","0.016083557639132988","0.6768430694430224","1694.7325102142624","-5.926516282855936","-0.34970216521701447","79200.0","1748959200000.0","1749038400000.0"
"8dbeb14f-7515-4ff0-983f-e76044f4fea5","MomentumMAStrategy","BTC-USDT","Bybit Perpetual","short","105044.1","101872.9","0.01607993518670301","0.6654423898054054","1689.1023197455497","50.32724807426737","2.979526313234167","115200.0","1749038400000.0","1749153600000.0"
"b295bb6a-573f-4f09-b33f-50db954b75fa","MomentumMAStrategy","BTC-USDT","Bybit Perpetual","short","101872.9","105035.4","0.017049806233219077","0.7055492846089526","1736.9132054161037","-54.62556149716428","-3.1449793419054526","72000.0","1749153600000.0","1749225600000.0"
"ecb5bc39-588a-4ec9-bb58-17358dc0d41c","MomentumMAStrategy","BTC-USDT","Bybit Perpetual","short","105035.4","104874.9","0.01604239067965465","0.6734926080567023","1685.018921993798","1.901311096027869","0.11283618665706992","7200.0","1749225600000.0","1749232800000.0"
"6347d3b7-65ba-4a45-a524-4e074b9c708f","MomentumMAStrategy","BTC-USDT","Bybit Perpetual","long","104874.9","105476.4","0.016084164728977328","0.6766649920309058","1686.8251675350243","8.997960092448956","0.5334257672712918","201600.0","1749232800000.0","1749434400000.0"
"8053ea70-8f85-4d04-88d7-abdf097fdb8a","MomentumMAStrategy","BTC-USDT","Bybit Perpetual","short","105476.4","107707.9","0.016073484017494442","0.6853228877661481","1695.3732296228507","-36.553302472804994","-2.156062266061413","36000.0","1749434400000.0","1749470400000.0"
"aa650a3b-4dd4-4bda-ad09-631d26919609","MomentumMAStrategy","BTC-USDT","Bybit Perpetual","long","107707.9","110227.9","0.015418066755304726","0.6720297425541479","1660.6475922736859","38.181498480813765","2.2991933182245687","43200.0","1749470400000.0","1749513600000.0"
"a2036068-d1e2-4ab0-b434-8b3a97d6bdfa","MomentumMAStrategy","BTC-USDT","Bybit Perpetual","long","110227.9","109219.1","0.015394650681274514","0.6756619816107297","1696.9200158304589","-16.20578558888028","-0.9550117529227976","122400.0","1749513600000.0","1749636000000.0"
"3752d6e8-c2a8-4c15-b415-fc3f45669cb7","MomentumMAStrategy","BTC-USDT","Bybit Perpetual","short","109219.1","106862.9","0.015395883316389006","0.6653546517543938","1681.5245195210225","35.610425618321564","2.117746438123013","93600.0","1749636000000.0","1749729600000.0"
"8a7e3860-56d8-44b5-8b90-208042ff67d8","MomentumMAStrategy","BTC-USDT","Bybit Perpetual","short","106862.9","103714.9","0.016051917212226395","0.6760354824665535","1715.354423858428","49.85539990162214","2.9064197584007174","50400.0","1749729600000.0","1749780000000.0"
"4c1c54dc-e97e-4165-909f-3ab5e68591d2","MomentumMAStrategy","BTC-USDT","Bybit Perpetual","short","103714.9","104815.0","0.016995793793996513","0.7088262360565427","1762.7170537649688","-19.405898988832206","-1.1009083362178491","115200.0","1749780000000.0","1749895200000.0"
"806b9379-0c60-4121-9576-7189cf07d648","MomentumMAStrategy","BTC-USDT","Bybit Perpetual","long","104815.0","107023.8","0.01664152506535876","0.7050641400031044","1744.2814497255786","36.05273642436138","2.066910499451417","165600.0","1749895200000.0","1750060800000.0"
"72caed2b-ff28-4bad-b041-a1053baeaae1","MomentumMAStrategy","BTC-USDT","Bybit Perpetual","long","107023.8","105301.4","0.016618093819587062","0.7056880187725174","1778.531549328722","-29.328692813629416","-1.6490397836742936","108000.0","1750060800000.0","1750168800000.0"
"a185ceb9-8594-4aba-8dee-e8b994906d13","MomentumMAStrategy","BTC-USDT","Bybit Perpetual","short","105301.4","104842.2","0.016625318287845876","0.6987408472307537","1750.6692911557736","6.9356053105480235","0.39616878787936066","144000.0","1750168800000.0","1750312800000.0"
"d0011fee-37d1-4108-97a6-00b46ff70e34","MomentumMAStrategy","BTC-USDT","Bybit Perpetual","long","104842.2","103216.6","0.01676098094279588","0.6974539163561959","1757.2581162007943","-27.944104536965035","-1.5902105831430389","129600.0","1750312800000.0","1750442400000.0"
"cecb805c-6591-4899-ba04-cfdf7e245deb","MomentumMAStrategy","BTC-USDT","Bybit Perpetual","short","103216.6","98849.9","0.016767760388258068","0.6776405308987898","1730.7112168906779","72.54213875650791","4.191464066826471","165600.0","1750442400000.0","1750608000000.0"
"49dea8e8-7c37-4111-993c-c225e371cc8f","MomentumMAStrategy","BTC-USDT","Bybit Perpetual","short","98849.9","102306.1","0.018205645617338614","0.7324349699602732","1799.6262487093602","-63.6547873526062","-3.537111519586779","79200.0","1750608000000.0","1750687200000.0"
"bb559476-8f61-4587-be64-d66c83b7c3c2","MomentumMAStrategy","BTC-USDT","Bybit Perpetual","long","102306.1","105991.6","0.01699951616496362","0.7081920236549485","1739.1542007243845","61.94352480231847","3.5617040039645733","100800.0","1750687200000.0","1750788000000.0"
"20033831-12e9-4cd5-b987-a8bab3a2ea15","MomentumMAStrategy","BTC-USDT","Bybit Perpetual","long","105991.6","107260.0","0.01696361361925461","0.7235035492175672","1798.0005492865869","20.793143965444877","1.156459266583384","165600.0","1750788000000.0","1750953600000.0"
"42d24957-f52c-4db0-a44c-f5bb18d870a1","MomentumMAStrategy","BTC-USDT","Bybit Perpetual","short","107260.0","107407.6","0.01694717542470408","0.7276018950400411","1817.7540360537596","-3.2290049877264617","-0.17763706880477886","172800.0","1750953600000.0","1751126400000.0"
"ce616dee-2fc7-4494-af9c-1ba97312f9dc","MomentumMAStrategy","BTC-USDT","Bybit Perpetual","long","107407.6","107608.1","0.016895326599937244","0.7265520951228254","1814.6864813154198","2.660960888164592","0.14663474465494059","158400.0","1751126400000.0","1751284800000.0"
"5fe91d99-d8c8-45ed-9ee5-bbfb8a1067d7","MomentumMAStrategy","BTC-USDT","Bybit Perpetual","short","107608.1","105340.1","0.016887338352402616","0.7192256609870207","1817.214394159176","37.58125772226211","2.0680695598193815","115200.0","1751284800000.0","1751400000000.0"
"e6946e2b-592e-4d65-9375-cd19ed3a96cb","MomentumMAStrategy","BTC-USDT","Bybit Perpetual","short","105340.1","107591.4","0.017589850294382908","0.7490866415916788","1852.9165889953251","-40.34911660933572","-2.1776002680840327","50400.0","1751400000000.0","1751450400000.0"
"457198c2-e04c-4374-925f-ebd8cbd67da8","MomentumMAStrategy","BTC-USDT","Bybit Perpetual","short","107591.4","107724.0","0.01686552018299284","0.7262812448818354","1814.5849282164559","-2.9626492211467843","-0.16326869991468262","14400.0","1751450400000.0","1751464800000.0"
"a7605bc5-8dc7-4b84-adb9-111b1760ff42","MomentumMAStrategy","BTC-USDT","Bybit Perpetual","long","107724.0","109894.7","0.016818632908695987","0.7320098058735278","1811.7704114563664","35.7761966490328","1.9746539861126553","72000.0","1751464800000.0","1751536800000.0"
"a6f57cd2-6d0b-490a-abbc-b59c564f1ebd","MomentumMAStrategy","BTC-USDT","Bybit Perpetual","long","109894.7","108661.0","0.016795694408128396","0.7341589496709175","1845.7577982729476","-21.455007140978868","-1.1623955841364477","79200.0","1751536800000.0","1751616000000.0"
"71b6117b-b92e-4fc6-b850-e9725a606021","MomentumMAStrategy","BTC-USDT","Bybit Perpetual","short","108661.0","107941.7","0.016798810442468025","0.7277335397253538","1825.3755414890181","11.355650811541945","0.6220994284978077","165600.0","1751616000000.0","1751781600000.0"
"5f125c23-d52c-4260-a22e-38b84a91e661","MomentumMAStrategy","BTC-USDT","Bybit Perpetual","long","107941.7","107900.0","0.017010695678870934","0.7343234947020314","1836.1634097599826","-1.4436695045108998","-0.07862423882521499","129600.0","1751781600000.0","1751911200000.0"
"146f0a0d-3ac0-4d36-80e1-331e73fb14eb","MomentumMAStrategy","BTC-USDT","Bybit Perpetual","short","107900.0","108873.1","0.01700455907072009","0.7372261967786227","1834.7919237306976","-17.28436262849644","-0.9420339388322574","108000.0","1751911200000.0","1752019200000.0"
"45599a9f-83b5-4270-990e-f4860b236823","MomentumMAStrategy","BTC-USDT","Bybit Perpetual","long","108873.1","111718.8","0.016701754420822276","0.7368543482045171","1818.3717792336258","46.79132820712938","2.573254201451044","72000.0","1752019200000.0","1752091200000.0"
"562ee5c0-87dc-4d3d-8ebb-5e2b3b503b55","MomentumMAStrategy","BTC-USDT","Bybit Perpetual","long","111718.8","116459.4","0.016674217240342706","0.7609385752620732","1862.8235410303987","78.28485567430641","4.202483700147147","93600.0","1752091200000.0","1752184800000.0"
"623d4e99-09b4-48b9-8949-922e9f80146f","MomentumMAStrategy","BTC-USDT","Bybit Perpetual","long","116459.4","117438.6","0.016634072938045273","0.7781352784125828","1937.1941539209895","15.509948942521541","0.800639879649055","158400.0","1752184800000.0","1752343200000.0"
"67a7dc8e-94a6-4bf0-ba73-f2ee6eeba2d6","MomentumMAStrategy","BTC-USDT","Bybit Perpetual","short","117438.6","118593.1","0.016620843618847508","0.784609194958146","1951.928605416385","-19.973373152917596","-1.0232635096126828","100800.0","1752343200000.0","1752444000000.0"
"fc747e16-fdd0-40d3-ad35-662f5d1a39b0","MomentumMAStrategy","BTC-USDT","Bybit Perpetual","long","118593.1","122447.4","0.016299041857587945","0.7857458397747854","1932.953900921113","62.03565119192624","3.209370443980289","28800.0","1752444000000.0","1752472800000.0"
"fb41e910-296d-4089-a639-c9fd2818daea","MomentumMAStrategy","BTC-USDT","Bybit Perpetual","long","122447.4","118491.3","0.016267293299436686","0.7838841000169972","1991.8877695534436","-65.13892312191832","-3.2702105067155296","72000.0","1752472800000.0","1752544800000.0"
"8a7fb160-17b3-405b-868c-9b4ac141e3c1","MomentumMAStrategy","BTC-USDT","Bybit Perpetual","short","118491.3","119056.0","0.016288164553748846","0.7738419023397487","1930.0057925876208","-9.971768425841674","-0.516670388458897","136800.0","1752544800000.0","1752681600000.0"
"5379fc80-2bb8-4a35-98ee-a99b68efd5c6","MomentumMAStrategy","BTC-USDT","Bybit Perpetual","long","119056.0","118948.8","0.016131338299481515","0.7678671891400877","1920.532612583071","-2.497146654844459","-0.13002365273484504","100800.0","1752681600000.0","1752782400000.0"
"e4367dc0-0929-4b24-99fd-c82bc294224c","MomentumMAStrategy","BTC-USDT","Bybit Perpetual","short","118948.8","120212.8","0.0161259325294662","0.7713407650478368","1918.160323260969","-21.15451948229311","-1.1028546063516402","28800.0","1752782400000.0","1752811200000.0"
"32ddd607-9e63-4311-9b72-45f880470bf9","MomentumMAStrategy","BTC-USDT","Bybit Perpetual","long","120212.8","117830.0","0.01578919657268436","0.7517009123824379","1898.0635297527906","-38.37419850577478","-2.0217552207418867","43200.0","1752811200000.0","1752854400000.0"
"1fb94b0a-d4ca-4760-8222-973f23358d94","MomentumMAStrategy","BTC-USDT","Bybit Perpetual","short","117830.0","119352.2","0.01579910074830098","0.7494530947007345","1861.6080411723044","-24.79884425376444","-1.3321195281337497","230400.0","1752854400000.0","1753084800000.0"
"1b7fafe1-8409-40b7-add5-6bcba35b0d5b","MomentumMAStrategy","BTC-USDT","Bybit Perpetual","long","119352.2","117815.3","0.015400211635237795","0.730485938600052","1838.0491391312282","-24.39907120079693","-1.3274439013273271","36000.0","1753084800000.0","1753120800000.0"
"905470d5-3b0e-4a4f-9904-8dd477c29054","MomentumMAStrategy","BTC-USDT","Bybit Perpetual","short","117815.3","119286.5","0.015404366168829267","0.7304805892977047","1814.870021490471","-23.39338409687928","-1.2889839944387504","93600.0","1753120800000.0","1753214400000.0"
"9ae7bfbe-fc05-46ce-9729-5a1778a78016","MomentumMAStrategy","BTC-USDT","Bybit Perpetual","long","119286.5","118078.9","0.015028073642855105","0.7134289422931519","1792.6463065984356","-18.861330673405064","-1.0521501427236157","79200.0","1753214400000.0","1753293600000.0"
"99d7b19c-69dd-4958-a28b-ba70b7861386","MomentumMAStrategy","BTC-USDT","Bybit Perpetual","short","118078.9","117758.0","0.015030018423771739","0.7089265904010427","1774.7280424587007","4.114206321787221","0.23182179034526426","237600.0","1753293600000.0","1753531200000.0"
"447ab298-937f-4188-803a-76c1f8c876cd","MomentumMAStrategy","BTC-USDT","Bybit Perpetual","long","117758.0","119423.4","0.015104167347139034","0.7164855114457445","1778.6365384643984","24.437994788479518","1.3739735049847945","129600.0","1753531200000.0","1753660800000.0"
"15c1251a-3201-44a4-ac77-1e9c48bad416","MomentumMAStrategy","BTC-USDT","Bybit Perpetual","long","119423.4","118813.3","0.015087936145792654","0.7189000234368721","1801.8526335134543","-9.924049865984838","-0.5507692294809822","43200.0","1753660800000.0","1753704000000.0"
"b83f2287-64c9-4d40-a78c-c03a74994316","MomentumMAStrategy","BTC-USDT","Bybit Perpetual","short","118813.3","118624.1","0.01508606179729684","0.7163990578778978","1792.4247861407687","2.13788383417062","0.11927328001157872","244800.0","1753704000000.0","1753948800000.0"
"41ef5f0c-6649-4c91-ae29-8404b00bdfd8","MomentumMAStrategy","BTC-USDT","Bybit Perpetual","long","118624.1","116479.0","0.015127244596867167","0.7112924198363443","1794.4557757832306","-33.1607448045762","-1.8479555334877198","50400.0","1753948800000.0","1753999200000.0"
"2ee3c405-0f00-43fb-b602-a0616e7ce2d7","MomentumMAStrategy","BTC-USDT","Bybit Perpetual","short","116479.0","113278.5","0.015135372626987555","0.6954930752690187","1762.9530682188833","47.74526701740465","2.7082551361189573","79200.0","1753999200000.0","1754078400000.0"
"3e67585a-3590-4527-b44e-f5a0a9829f8e","MomentumMAStrategy","BTC-USDT","Bybit Perpetual","short","113278.5","113896.9","0.01596340940147881","0.7252987832289419","1808.3110718854173","-10.597071157103345","-0.58602036573577","151200.0","1754078400000.0","1754229600000.0"
"7186bf51-6aa8-45b4-aabb-c0648bffa5f6","MomentumMAStrategy","BTC-USDT","Bybit Perpetual","long","113896.9","114373.8","0.015788347657277498","0.7208034343140189","1798.2438542861694","6.808659563441758","0.37862826819694717","144000.0","1754229600000.0","1754373600000.0"
"75467ecb-5933-49d3-9bac-a7112f315b98","MomentumMAStrategy","BTC-USDT","Bybit Perpetual","short","114373.8","115465.6","0.015779068990200894","0.7253303498532759","1804.712080871439","-17.952917873354657","-0.9947801681853736","129600.0","1754373600000.0","1754503200000.0"
"2a4fb25d-82fc-4c5f-ac94-6d5a3c83599c","MomentumMAStrategy","BTC-USDT","Bybit Perpetual","long","115465.6","116517.0","0.015482159265545341","0.7183183120070598","1787.6568088917522","15.559623939787222","0.8703921167862931","201600.0","1754503200000.0","1754704800000.0"
"21aa8985-8896-4f97-b063-026d28cb7800","MomentumMAStrategy","BTC-USDT","Bybit Perpetual","short","116517.0","118480.1","0.015469317366861059","0.7270489440383969","1802.43845163455","-31.09486586692343","-1.725155488040377","93600.0","1754704800000.0","1754798400000.0"
"e8006f65-9aa4-4efa-85a1-3388aa1c6fd5","MomentumMAStrategy","BTC-USDT","Bybit Perpetual","short","118480.1","117770.0","0.014963680221918893","0.7070341897592721","1772.8983290609726","9.91867513582542","0.5594610234123754","14400.0","1754798400000.0","1754812800000.0"
"9fcf270c-5726-440e-9a78-8411a8713874","MomentumMAStrategy","BTC-USDT","Bybit Perpetual","long","117770.0","120050.1","0.015133914158444482","0.7198297957105365","1782.3210704400067","33.78700787695881","1.8956746030398282","64800.0","1754812800000.0","1754877600000.0"
"fb0333a5-8e0f-4a20-9f11-f4c0752378f9","MomentumMAStrategy","BTC-USDT","Bybit Perpetual","long","120050.1","118641.9","0.015113846035306239","0.7215108275718634","1814.4187279231176","-22.004828814490285","-1.2127756661593883","79200.0","1754877600000.0","1754956800000.0"
"14b91fda-b694-4a88-a689-502443584b80","MomentumMAStrategy","BTC-USDT","Bybit Perpetual","short","118641.9","120082.8","0.015117038251657736","0.7217620843031035","1793.5141405493519","-22.50390250111687","-1.2547379467119197","122400.0","1754956800000.0","1755079200000.0"
"f4c033f2-a236-4a55-b0fb-32c1d8b13a22","MomentumMAStrategy","BTC-USDT","Bybit Perpetual","long","120082.8","123323.9","0.014757612523802666","0.7184203528594957","1772.1354331732907","47.112477598037195","2.6585145083225834","50400.0","1755079200000.0","1755129600000.0"
"1bcbaf6f-b8b5-44c0-b75b-601029c5a27b","MomentumMAStrategy","BTC-USDT","Bybit Perpetual","long","123323.9","118364.7","0.014732685934287079","0.7121444475395072","1816.8922868914262","-73.77448053285593","-4.0604762904838365","50400.0","1755129600000.0","1755180000000.0"
"d2306e19-e272-4830-9047-3d88bb243a98","MomentumMAStrategy","BTC-USDT","Bybit Perpetual","long","118364.7","118185.9","0.014757833462047495","0.6981948720294824","1746.8065303852131","-3.3368954950436174","-0.19102833868543823","7200.0","1755180000000.0","1755187200000.0"
"584af2b9-3a12-40a7-ac67-02145f4dee96","MomentumMAStrategy","BTC-USDT","Bybit Perpetual","short","118185.9","117945.5","0.014753337578043759","0.6967452513952164","1743.6364796649218","2.8499571023664174","0.16344904087542947","223200.0","1755187200000.0","1755410400000.0"
"5deefae8-7fed-4ec5-bb8c-0590e1df26b0","MomentumMAStrategy","BTC-USDT","Bybit Perpetual","long","117945.5","117353.8","0.014806363438301334","0.6967853905155794","1746.34393891217","-9.457710636958435","-0.5415720481069621","64800.0","1755410400000.0","1755475200000.0"
"33b06f2f-1eb5-4968-9161-c5668e77990a","MomentumMAStrategy","BTC-USDT","Bybit Perpetual","short","117353.8","115264.9","0.01480445553366878","0.6887586400899677","1737.3591138070594","30.236268524190876","1.7403580114150614","14400.0","1755475200000.0","1755489600000.0"
"6f266f10-c062-430c-adf9-2c703bb485f4","MomentumMAStrategy","BTC-USDT","Bybit Perpetual","short","115264.9","112632.7","0.01532195463584353","0.6983673377635229","1766.0835689050407","39.632081654703775","2.244066042654787","208800.0","1755489600000.0","1755698400000.0"
"6c2fb985-3bed-41b8-9ad3-3b7c9b833c4b","MomentumMAStrategy","BTC-USDT","Bybit Perpetual","short","112632.7","113934.7","0.016014301765624097","0.7256637427705721","1803.734046477009","-21.576284641613146","-1.1962009966910143","57600.0","1755698400000.0","1755756000000.0"
"f61f804b-0392-4a71-ac0a-4d444ed6d1d9","MomentumMAStrategy","BTC-USDT","Bybit Perpetual","long","113934.7","112748.9","0.015651391332644725","0.7095827464585407","1783.2365760674768","-19.2690025887087","-1.0805634455525868","36000.0","1755756000000.0","1755792000000.0"
"a21603b2-6bfc-4ac1-aef0-56fa685bf7d6","MomentumMAStrategy","BTC-USDT","Bybit Perpetual","short","112748.9","116319.3","0.015653642950026154","0.7171503628010363","1764.9310236082038","-56.60691715157455","-3.2073161157226444","86400.0","1755792000000.0","1755878400000.0"
"15b1b94d-89ea-4e80-9030-c28b44438ccc","MomentumMAStrategy","BTC-USDT","Bybit Perpetual","short","116319.3","116972.9","0.01471083863395161","0.6863847817519132","1711.1544523142077","-10.301388912902558","-0.6020139736054044","7200.0","1755878400000.0","1755885600000.0"
"7f721688-7aa6-4098-8f9e-fe3c6136d629","MomentumMAStrategy","BTC-USDT","Bybit Perpetual","long","116972.9","115006.49999999999","0.014544976937794569","0.6748270046086842","1701.3681328469502","-29.27606965508805","-1.7207369228257219","122400.0","1755885600000.0","1756008000000.0"
"639379eb-b4db-444b-91ca-b6705cccaebb","MomentumMAStrategy","BTC-USDT","Bybit Perpetual","short","115006.5","111469.7","0.01455183721506712","0.6591289590973968","1673.5558666746167","50.807808903152036","3.0359195002021653","100800.0","1756008000000.0","1756108800000.0"
"5fc2d16e-e3e3-4318-a08e-143de41329aa","MomentumMAStrategy","BTC-USDT","Bybit Perpetual","short","111469.7","111373.7","0.015446558886698457","0.6884327401224197","1721.8232851326109","0.7944369130006321","0.046139282692965","158400.0","1756108800000.0","1756267200000.0"
"0512b300-6f7c-42d8-a0e0-b20108f533ea","MomentumMAStrategy","BTC-USDT","Bybit Perpetual","long","111373.7","111648.6","0.015466649668637762","0.6898815564787664","1722.5780001999615","3.5619004374298897","0.20677730918521048","172800.0","1756267200000.0","1756440000000.0"
"a519013e-d316-4759-8670-49b38b891c25","MomentumMAStrategy","BTC-USDT","Bybit Perpetual","short","111648.6","108334.4","0.015458875486262433","0.6801379612188938","1725.96180561552","50.55366717535224","2.9290142464840683","43200.0","1756440000000.0","1756483200000.0"
"ce1b6ffa-1c88-4434-9f10-1e5badac314a","MomentumMAStrategy","BTC-USDT","Bybit Perpetual","short","108334.4","109175.4","0.016375110670591286","0.7123494093876352","1773.9877894321046","-14.483817483354906","-0.8164553087477292","129600.0","1756483200000.0","1756612800000.0"
"809b54d2-e7c2-4cda-abd9-7ad38cbda67d","MomentumMAStrategy","BTC-USDT","Bybit Perpetual","long","109175.4","107619.1","0.016122937610697257","0.6990728395684613","1760.2281628229173","-25.791200643096417","-1.4652191794122014","86400.0","1756612800000.0","1756699200000.0"
"9055b84f-c052-41df-b0fc-9bdc31d9d796","MomentumMAStrategy","BTC-USDT","Bybit Perpetual","short","107619.1","109485.3","0.01612842443592239","0.700310382021254","1735.7265222119754","-30.799176064339573","-1.77442561775744","21600.0","1756699200000.0","1756720800000.0"
"12b572ae-3090-4a71-8dd8-94801596bb3d","MomentumMAStrategy","BTC-USDT","Bybit Perpetual","long","109485.3","108721.9","0.015586268704116927","0.6802072104745966","1706.467304950853","-12.578764739197595","-0.7371231023708286","7200.0","1756720800000.0","1756728000000.0"
"980c2da5-690e-4f21-b005-4d38088911fb","MomentumMAStrategy","BTC-USDT","Bybit Perpetual","short","108721.9","108882.0","0.015585797143433068","0.678306048603979","1694.5174784486155","-3.173592171267704","-0.18728589180285285","21600.0","1756728000000.0","1756749600000.0"
"68064bc4-2a6d-4a3d-911e-c38883f9b13a","MomentumMAStrategy","BTC-USDT","Bybit Perpetual","long","108882.0","107744.5","0.015535190076283605","0.6730667706120101","1691.5025658859115","-18.34434548238461","-1.0845000091842545","14400.0","1756749600000.0","1756764000000.0"
"c0f468d5-5a98-4bd4-a331-a78d956b43c1","MomentumMAStrategy","BTC-USDT","Bybit Perpetual","short","107744.5","109187.9","0.015537456089894573","0.6741155278950891","1674.0754376776458","-23.100879648048824","-1.3799186779835575","7200.0","1756764000000.0","1756771200000.0"
"ca7354fa-011c-4279-b519-e605f135598d","MomentumMAStrategy","BTC-USDT","Bybit Perpetual","long","109187.9","112168.6","0.015131068570894758","0.6698720760226531","1652.1296020119996","44.431304013243526","2.6893352651713345","144000.0","1756771200000.0","1756915200000.0"
"18c9b2fb-eb42-48e1-86db-3d44b8cd2490","MomentumMAStrategy","BTC-USDT","Bybit Perpetual","long","112168.6","110764.1","0.01510529097113257","0.6734926600960413","1694.3393408245809","-21.888873829051736","-1.2918825232730013","64800.0","1756915200000.0","1756980000000.0"
"f7dc9acf-ded0-43d3-bbe5-95c75db16087","MomentumMAStrategy","BTC-USDT","Bybit Perpetual","short","110764.1","112299.6","0.015109091399532714","0.6740579662435892","1673.5449106869817","-23.87406781022607","-1.4265567453714694","93600.0","1756980000000.0","1757073600000.0"
"48963af1-a669-447d-972a-795471a5711e","MomentumMAStrategy","BTC-USDT","Bybit Perpetual","long","112299.6","110779.9","0.014700538080877108","0.655877736962605","1650.8645462672669","-22.996285458471718","-1.3929843917520737","72000.0","1757073600000.0","1757145600000.0"
"7176c17c-708e-4593-b614-e35ff43e4c3c","MomentumMAStrategy","BTC-USDT","Bybit Perpetual","short","110779.9","110925.6","0.014704996800698672","0.6520357336394599","1629.0180750817187","-2.794553767501428","-0.17154835850186873","122400.0","1757145600000.0","1757268000000.0"
"91bdbc67-1eef-4efd-8e4f-20e1e6252803","MomentumMAStrategy","BTC-USDT","Bybit Perpetual","long","110925.6","112950.1","0.014661748496312774","0.656481841567194","1626.3632490025923","29.026227989218015","1.7847321628190427","136800.0","1757268000000.0","1757404800000.0"
"bc24839f-e1f4-4e85-a447-8440f251b1b7","MomentumMAStrategy","BTC-USDT","Bybit Perpetual","long","112950.1","110984.9","0.014643087218093204","0.6558199472367403","1653.9381655923494","-29.432414948233674","-1.779535387750884","36000.0","1757404800000.0","1757440800000.0"
"024275fc-935c-4566-b44e-e56e5efad914","MomentumMAStrategy","BTC-USDT","Bybit Perpetual","short","110984.9","113911.3","0.014650437774792134","0.6589655567774413","1625.9773713915274","-43.53200666092927","-2.677282441124882","72000.0","1757440800000.0","1757512800000.0"
"ff5fe144-1c7a-4968-ab7c-1b5e26cc2a34","MomentumMAStrategy","BTC-USDT","Bybit Perpetual","short","113911.3","113801.3","0.013911016422985645","0.6335427436641523","1584.6219650636447","0.8966690628642686","0.05658567675024339","7200.0","1757512800000.0","1757520000000.0"
"77446712-51b6-4df0-8494-32e242a4c9b0","MomentumMAStrategy","BTC-USDT","Bybit Perpetual","long","113801.3","115746.4","0.013931948059234523","0.6396093267033498","1585.4738006733658","26.4594228433136","1.6688653468809156","180000.0","1757520000000.0","1757700000000.0"
"18d20ad8-98a3-4467-889b-3b0f8284257e","MomentumMAStrategy","BTC-USDT","Bybit Perpetual","long","115746.4","115907.4","0.013914992193057526","0.6446921636984219","1610.6102523745135","1.5956215793838395","0.09906937926363153","115200.0","1757700000000.0","1757815200000.0"
"282ab416-dbea-456a-abe5-77b740e31792","MomentumMAStrategy","BTC-USDT","Bybit Perpetual","short","115907.4","116414.8","0.013908741744486789","0.6462618962622018","1612.126092874928","-7.70355745741492","-0.47785080158817195","230400.0","1757815200000.0","1758045600000.0"
"be946fa9-1e3c-4a71-9de5-3b3cf98aee62","MomentumMAStrategy","BTC-USDT","Bybit Perpetual","long","116414.8","115986.8","0.013785255081745482","0.6407430674811562","1604.8077132903838","-6.540832242468222","-0.4075773183478389","100800.0","1758045600000.0","1758146400000.0"
"b6058d5f-608c-4f4b-9109-bda7874ac5d4","MomentumMAStrategy","BTC-USDT","Bybit Perpetual","short","115986.8","117531.2","0.013782550451086149","0.6436947232473471","1598.593922660039","-21.929465639904713","-1.3717971355361074","21600.0","1758146400000.0","1758168000000.0"
"e1919cca-6aee-4be5-b12a-5874630c3a76","MomentumMAStrategy","BTC-USDT","Bybit Perpetual","long","117531.2","116238.70000000001","0.01342418804795773","0.6276342195104547","1577.7609303021295","-17.978397271495623","-1.1394880508324474","122400.0","1758168000000.0","1758290400000.0"
"2f762199-99ca-425b-8bbf-0737432c3fb9","MomentumMAStrategy","BTC-USDT","Bybit Perpetual","short","116238.7","115626.2","0.013426521914768563","0.6226278322231242","1560.6814528942086","7.601116840572621","0.4870383271664256","158400.0","1758290400000.0","1758448800000.0"
"da428daf-dc5e-49f2-bfce-d641b720f281","MomentumMAStrategy","BTC-USDT","Bybit Perpetual","long","115626.2","115559.30000000002","0.013560097226171512","0.626979571456215","1567.9025138927525","-1.5341500758868127","-0.09784728720651516","7200.0","1758448800000.0","1758456000000.0"
"bbc237ec-2b62-48f5-af46-baaf93d2a695","MomentumMAStrategy","BTC-USDT","Bybit Perpetual","short","115559.3","114211.8","0.013555335410656346","0.6229248656350921","1566.44507132066","17.642889600224333","1.1263011977400346","50400.0","1758456000000.0","1758506400000.0"
"9124e5be-64ee-4c5c-a722-b20aabb53d0d","MomentumMAStrategy","BTC-USDT","Bybit Perpetual","short","114211.8","112454.4","0.013862016152804467","0.6284101051389616","1583.2058164408731","23.732697081799728","1.499027911301642","21600.0","1758506400000.0","1758528000000.0"
"0dda31e2-9aa4-4fc9-8c9c-85bbd7488a6a","MomentumMAStrategy","BTC-USDT","Bybit Perpetual","short","112454.4","112691.0","0.014279137843148717","0.642976440270171","1605.751878668583","-4.021420453959241","-0.25043847106027495","180000.0","1758528000000.0","1758708000000.0"
"1d9b24e5-de8c-479d-8c02-013270e871df","MomentumMAStrategy","BTC-USDT","Bybit Perpetual","long","112691.0","111316.09999999999","0.014215257023518486","0.6368637003186016","1601.9315292373217","-20.181420581954292","-1.259817926897453","93600.0","1758708000000.0","1758801600000.0"
"aeee5753-c4fd-44e1-8714-42f5ddf0ec70","MomentumMAStrategy","BTC-USDT","Bybit Perpetual","short","111316.1","109250.0","0.014218600720690585","0.6272282616839824","1582.7591796844654","28.74982268733492","1.8164369574571924","165600.0","1758801600000.0","1758967200000.0"
"fb3263b6-9c8d-4af7-b5e4-4c3fd64cf0ab","MomentumMAStrategy","BTC-USDT","Bybit Perpetual","short","109250.0","109264.9","0.014737496670365524","0.6440725222350512","1610.0715112374335","-0.8636612226234117","-0.05364117162470863","14400.0","1758967200000.0","1758981600000.0"
"0dab7ece-ae13-425b-a03c-02d868c9e018","MomentumMAStrategy","BTC-USDT","Bybit Perpetual","long","109264.9","110788.1","0.01472797790576792","0.6481871444195897","1609.2510330759412","21.785468801646278","1.3537644751425313","115200.0","1758981600000.0","1759096800000.0"
"61521511-4bad-4d18-ae07-c645801db8e3","MomentumMAStrategy","BTC-USDT","Bybit Perpetual","long","110788.1","113168.2","0.014712295169223996","0.6589822381214561","1629.9472284375051","34.35775149414845","2.107905758831491","57600.0","1759096800000.0","1759154400000.0"
"b56f0046-310f-498c-a678-980538bd245e","MomentumMAStrategy","BTC-USDT","Bybit Perpetual","long","113168.2","114135.9","0.01469129218594045","0.6678781896324453","1662.587092356946","13.548885258702086","0.8149278507566589","136800.0","1759154400000.0","1759291200000.0"
"5b15884c-97c5-47a8-905c-5fc6261c05c3","MomentumMAStrategy","BTC-USDT","Bybit Perpetual","short","114135.9","116372.4","0.014679505163167008","0.6767495560005699","1675.4585333527132","-33.50746285342359","-1.9998980688810448","21600.0","1759291200000.0","1759312800000.0"
"84bc9122-2442-4e9c-a7c3-2982a562b014","MomentumMAStrategy","BTC-USDT","Bybit Perpetual","long","116372.4","118813.3","0.014123851047516085","0.6643455590611608","1643.6264436419608","33.810562462820975","2.057070972154917","86400.0","1759312800000.0","1759399200000.0"
"c2351f3e-686e-4841-a696-b46f8699d603","MomentumMAStrategy","BTC-USDT","Bybit Perpetual","long","118813.3","122238.5","0.014104031097374119","0.6799604166556014","1675.7464779816405","47.62916689807019","2.8422656722774278","108000.0","1759399200000.0","1759507200000.0"
"db868eff-9e96-42e7-8688-55432aed9e1d","MomentumMAStrategy","BTC-USDT","Bybit Perpetual","long","122238.5","122326.9","0.01407898646117882","0.6886465910945566","1720.9941865348073","0.5559358120735692","0.032303177804042245","122400.0","1759507200000.0","1759629600000.0"
"4f1f519f-5ab7-4cdc-9079-663b2030bd6b","MomentumMAStrategy","BTC-USDT","Bybit Perpetual","short","122326.9","123735.7","0.014073129667769536","0.6925741752377017","1721.522325556277","-20.518799251191467","-1.1918985276337446","7200.0","1759629600000.0","1759636800000.0"
"825cd5b0-b162-4a9d-bd0e-0681f0ce29a5","MomentumMAStrategy","BTC-USDT","Bybit Perpetual","long","123735.7","123013.9","0.013755362973399313","0.6788260623082183","1702.0294662676454","-10.607447056507882","-0.623223467439068","50400.0","1759636800000.0","1759687200000.0"
"7969d2a5-f98d-4ca8-8e14-f24f2e388e60","MomentumMAStrategy","BTC-USDT","Bybit Perpetual","short","123013.9","125235.2","0.013754156169050513","0.6828913780452476","1691.952391563963","-31.234998476357195","-1.8460920432569028","86400.0","1759687200000.0","1759773600000.0"
"2e411b7c-3438-4f39-b1eb-d4e54e741073","MomentumMAStrategy","BTC-USDT","Bybit Perpetual","long","125235.2","123825.4","0.013273258181497083","0.6611691293277144","1662.2791430114235","-19.373808513602338","-1.1654966974141476","72000.0","1759773600000.0","1759845600000.0"
"f3fdbc1e-fc3a-419a-908b-5d4cb627d6ba","MomentumMAStrategy","BTC-USDT","Bybit Perpetual","short","123825.4","122496.6","0.013275741688890175","0.6540214488581612","1643.8740249235013","16.98678410733895","1.0333385557405739","129600.0","1759845600000.0","1759975200000.0"
"3ceb2a28-a29f-43f8-b453-89b21edec650","MomentumMAStrategy","BTC-USDT","Bybit Perpetual","long","122496.6","121079.4","0.01355149016238388","0.6601635535585633","1660.0114698254733","-19.86533541168916","-1.1966986838818479","50400.0","1759975200000.0","1760025600000.0"
"cca1c92c-b631-4e66-a808-f952e0563f3e","MomentumMAStrategy","BTC-USDT","Bybit Perpetual","short","121079.4","116605.30000000002","0.013554241276256476","0.6443271542949276","1641.1394011843684","59.99870373980386","3.6559175714448346","100800.0","1760025600000.0","1760126400000.0"
"e4328d78-65ee-4684-b548-112f12de8d53","MomentumMAStrategy","BTC-USDT","Bybit Perpetual","short","116605.3","111126.7","0.014563130232821167","0.663298154836166","1698.1381697371821","79.12226713869796","4.659353905868778","86400.0","1760126400000.0","1760212800000.0"
"58845693-241c-4646-b1d5-825c9635eb33","MomentumMAStrategy","BTC-USDT","Bybit Perpetual","short","111126.7","111238.1","0.015957500074410068","0.709677262509236","1773.3043235189452","-2.487342770798657","-0.14026598468235693","64800.0","1760212800000.0","1760277600000.0"
"107695f1-9a98-4d8e-93fb-63922e7eb043","MomentumMAStrategy","BTC-USDT","Bybit Perpetual","long","111238.1","115638.0","0.01592027684657223","0.7223860643741212","1770.9413478866863","69.32524003285894","3.9145983075942454","43200.0","1760277600000.0","1760320800000.0"
"f2ac8d74-08a1-4119-a30e-64a4a70f2e97","MomentumMAStrategy","BTC-USDT","Bybit Perpetual","long","115638.0","111665.2","0.01588405477367217","0.722099295806192","1836.8003259179025","-63.82627210065104","-3.474861758245562","108000.0","1760320800000.0","1760428800000.0"
"f511e0a1-5aa5-44cf-9fe6-ce14582d1969","MomentumMAStrategy","BTC-USDT","Bybit Perpetual","short","111665.2","105578.3","0.015906167431055367","0.6911022968616953","1776.1653674222837","96.12814823922912","5.41211702482062","259200.0","1760428800000.0","1760688000000.0"
"9bd85b40-8ea4-43cf-9aee-d988d719a589","MomentumMAStrategy","BTC-USDT","Bybit Perpetual","short","105578.3","106836.7","0.017688171795241556","0.751446602377247","1867.4871082495515","-23.01024198950912","-1.232149977788991","108000.0","1760688000000.0","1760796000000.0"
"befb5307-f083-4406-a4bb-9338bf600fbb","MomentumMAStrategy","BTC-USDT","Bybit Perpetual","long","106836.7","110100.4","0.017275218893503055","0.7495271777243523","1845.6273783595177","55.631604725001516","3.0142381597334973","136800.0","1760796000000.0","1760932800000.0"
"3395b74b-7f5c-443f-a353-c76accbc4cb5","MomentumMAStrategy","BTC-USDT","Bybit Perpetual","long","110100.4","108020.0","0.017243147189731096","0.7522164324566045","1898.4774028482693","-36.62485984597308","-1.9291701755851882","100800.0","1760932800000.0","1761033600000.0"
"2dbf4529-ad62-4090-b09d-2ea82951dd8a","MomentumMAStrategy","BTC-USDT","Bybit Perpetual","short","108020.0","113355.2","0.017253136326556145","0.7638833009837265","1863.683785994595","-92.81281623042602","-4.98007317163488","28800.0","1761033600000.0","1761062400000.0"
"ebd849c8-2e71-4c09-bfa0-be1b973101a8","MomentumMAStrategy","BTC-USDT","Bybit Perpetual","short","113355.2","108253.7","0.015663256829644253","0.69422342328699","1775.5116105756902","79.21188129314316","4.461355297330868","28800.0","1761062400000.0","1761091200000.0"
"52c7213a-e1da-4e01-a55e-c2b0732a24cd","MomentumMAStrategy","BTC-USDT","Bybit Perpetual","short","108253.7","109849.0","0.017096532476988557","0.7457599787737785","1850.7628978041762","-28.019858239313674","-1.5139626082064659","144000.0","1761091200000.0","1761235200000.0"
"c40b4922-af6d-4ef1-b18e-2674d11e8fdf","MomentumMAStrategy","BTC-USDT","Bybit Perpetual","long","109849.0","111672.8","0.01660592297132271","0.735714789453751","1824.1440324768282","29.550167525644653","1.6199470545931258","230400.0","1761235200000.0","1761465600000.0"
"f3dc1f5b-29ca-4113-a9f6-cb880215d077","MomentumMAStrategy","BTC-USDT","Bybit Perpetual","long","111672.8","113669.4","0.016586104150931924","0.7475098397600264","1852.2166916261906","32.36830570799051","1.7475442184667986","21600.0","1761465600000.0","1761487200000.0"
"54658a1d-7b00-4838-8ca5-7a0addf18ca7","MomentumMAStrategy","BTC-USDT","Bybit Perpetual","long","113669.4","113561.9","0.016565290060902772","0.7528304790832032","1882.9665820487814","-2.533599160630251","-0.13455359137991402","144000.0","1761487200000.0","1761631200000.0"
"447ebf3a-47ea-4bd9-9537-555c3fccad21","MomentumMAStrategy","BTC-USDT","Bybit Perpetual","short","113561.9","109985.6","0.016559776323275526","0.7403793195254871","1880.5596628461828","58.482348745404586","3.1098374542870353","151200.0","1761631200000.0","1761782400000.0"
"8a1220de-833c-4413-b091-9b5c770e96e0","MomentumMAStrategy","BTC-USDT","Bybit Perpetual","short","109985.6","110120.9","0.017603376207015436","0.7749235050218887","1936.1178941543171","-3.156660305830872","-0.16304070714710683","136800.0","1761782400000.0","1761919200000.0"
"f0945c0f-8710-4e69-93a2-ad7c786e1834","MomentumMAStrategy","BTC-USDT","Bybit Perpetual","long","110120.9","110125.2","0.017554515690153077","0.7732627236290047","1933.1190668637778","-0.6977783061612954","-0.03609598178002277","194400.0","1761919200000.0","1762113600000.0"
"6345a1c6-a045-47d8-b3eb-65d105a335a2","MomentumMAStrategy","BTC-USDT","Bybit Perpetual","short","110125.2","107556.9","0.017547810832333786","0.7639688624770333","1932.4561774729245","44.304073698205876","2.2926301881858127","36000.0","1762113600000.0","1762149600000.0"
"c67876f7-413d-4f72-9b58-705bb4b26e8b","MomentumMAStrategy","BTC-USDT","Bybit Perpetual","short","107556.9","103822.3","0.01835814389858968","0.7761059541537535","1974.54504748622","67.7842182495191","3.4329031052401024","100800.0","1762149600000.0","1762250400000.0"
"b28cac50-5c5e-4d9b-94f6-89839c307a82","MomentumMAStrategy","BTC-USDT","Bybit Perpetual","short","103822.3","103950.0","0.019638748658267667","0.8160775955700375","2038.9400548232634","-3.3239457992307617","-0.16302322333448313","122400.0","1762250400000.0","1762372800000.0"
"1fdd41de-e30d-4fcc-9c57-9218c7697124","MomentumMAStrategy","BTC-USDT","Bybit Perpetual","long","103950.0","101305.6","0.019584245370985992","0.8039552068337905","2035.7823063139938","-52.592533665869034","-2.583406560846555","100800.0","1762372800000.0","1762473600000.0"
"5c88a574-07b1-4e24-b78d-6954172a2554","MomentumMAStrategy","BTC-USDT","Bybit Perpetual","short","101305.6","103305.2","0.019602266797999503","0.8021670982704234","1985.8193993314187","-39.99885978755006","-2.0142244456377445","86400.0","1762473600000.0","1762560000000.0"
"d936c209-bd52-475b-be19-df79284b1828","MomentumMAStrategy","BTC-USDT","Bybit Perpetual","long","103305.2","101898.2","0.018855009065693172","0.7738223934622124","1947.8204825332461","-27.302820148892504","-1.4017113175329026","115200.0","1762560000000.0","1762675200000.0"
"62e7b64a-2886-4fcb-b352-e378c30b0dcf","MomentumMAStrategy","BTC-USDT","Bybit Perpetual","short","101898.2","103715.8","0.018860812098661202","0.775609403770825","1921.882803391799","-35.057021474297535","-1.8240977760156762","28800.0","1762675200000.0","1762704000000.0"
"4e0d9ab7-256b-4ce0-a90d-e7361a9a3899","MomentumMAStrategy","BTC-USDT","Bybit Perpetual","long","103715.8","106509.4","0.018209169991372728","0.765605280654066","1888.5786329912155","50.10353200724463","2.652975689335657","79200.0","1762704000000.0","1762783200000.0"
"75bf2019-6b50-4ccf-845c-9c09a7986197","MomentumMAStrategy","BTC-USDT","Bybit Perpetual","long","106509.4","105256.2","0.01817846113486789","0.769914545860396","1936.176988398098","-23.551162040076782","-1.2163744420680214","79200.0","1762783200000.0","1762862400000.0"
"06784e12-f9a3-4642-86f1-f5aa58200ea2","MomentumMAStrategy","BTC-USDT","Bybit Perpetual","short","105256.2","101700.0","0.018182334004647947","0.7525893505465443","1913.8033844600252","63.907426836782435","3.339289049006137","108000.0","1762862400000.0","1762970400000.0"
"c816be8b-9185-4052-8d80-c8dce2ee25a1","MomentumMAStrategy","BTC-USDT","Bybit Perpetual","short","101700.0","97491.9","0.019415097738003623","0.7734660414237288","1974.5154399549685","80.92720674986943","4.098585663716819","129600.0","1762970400000.0","1763100000000.0"
"f118eb53-5109-4295-b2d7-a30d04253964","MomentumMAStrategy","BTC-USDT","Bybit Perpetual","short","97491.9","95560.3","0.021041709991982353","0.8124296811428351","2051.396286367344","39.83173733937009","1.9416890633991042","151200.0","1763100000000.0","1763251200000.0"
"97a83a0a-7cec-42e9-869c-2041a8a880c3","MomentumMAStrategy","BTC-USDT","Bybit Perpetual","long","95560.3","93994.5","0.021863016721794994","0.8288479524193011","2089.236436839746","-35.06195953540597","-1.6782188419249449","72000.0","1763251200000.0","1763323200000.0"
"042a6c23-72b8-430e-923f-58de303a780b","MomentumMAStrategy","BTC-USDT","Bybit Perpetual","short","93994.5","95530.10000000002","0.02187284974419898","0.8290886197258829","2055.927575281111","-34.41703668691828","-1.6740393533664422","57600.0","1763323200000.0","1763380800000.0"
"e787b311-b9d3-4f81-adba-4282b0d4b42c","MomentumMAStrategy","BTC-USDT","Bybit Perpetual","long","95530.1","93913.5","0.02117899374572557","0.8024449639135475","2023.2313904285386","-35.04040625325363","-1.731903054639329","7200.0","1763380800000.0","1763388000000.0"
"76921737-6bda-4f36-89a6-0f488d0f627b","MomentumMAStrategy","BTC-USDT","Bybit Perpetual","short","93913.5","91842.2","0.021189104915565367","0.7871994031928572","1989.943004487948","43.10179360841775","2.165981312590845","136800.0","1763388000000.0","1763524800000.0"
"e23f8c4c-294b-4d4d-b808-9b71a0816a88","MomentumMAStrategy","BTC-USDT","Bybit Perpetual","long","91842.2","89459.9","0.022112816422254097","0.8018200108538309","2030.889708415945","-53.48118257358983","-2.63338685266686","50400.0","1763524800000.0","1763575200000.0"
"651cfa3a-66ff-4b04-a7ec-91c5e0672106","MomentumMAStrategy","BTC-USDT","Bybit Perpetual","short","89459.9","92267.4","0.02213374467187013","0.804461131621669","1980.0825849710345","-62.94494929789706","-3.1789052525209622","50400.0","1763575200000.0","1763625600000.0"
"e9acf26f-815f-4974-9007-f3e0d8966897","MomentumMAStrategy","BTC-USDT","Bybit Perpetual","long","92267.4","87186.1","0.02081217074652621","0.7469633766123482","1920.2848831380322","-106.49984659093573","-5.546044106585846","36000.0","1763625600000.0","1763661600000.0"
"8400079e-d205-4a1f-9a35-02953deed9b1","MomentumMAStrategy","BTC-USDT","Bybit Perpetual","short","87186.1","84239.9","0.020864679448635085","0.7153497078323436","1819.1100288766434","60.756168883736585","3.3398842246642664","165600.0","1763661600000.0","1763827200000.0"
"84bc38e2-43ed-4dbc-9e13-72c9f327282e","MomentumMAStrategy","BTC-USDT","Bybit Perpetual","long","84239.9","87945.0","0.022279565732107865","0.7672409595252839","1876.8283893161931","81.7807780345077","4.357392423305353","108000.0","1763827200000.0","1763935200000.0"
"e6d9ebd8-674f-41b4-b4af-836611833e52","MomentumMAStrategy","BTC-USDT","Bybit Perpetual","long","87945.0","86993.5","0.022224346221490422","0.7775787582936404","1954.5201284489751","-21.924044188041776","-1.1217098186366479","172800.0","1763935200000.0","1764108000000.0"
"b0f43cf6-d4fa-4d9d-80ed-c7e912f6d11e","MomentumMAStrategy","BTC-USDT","Bybit Perpetual","short","86993.5","89792.5","0.022228008833652346","0.7859201539332128","1933.6922864703354","-63.002116879326124","-3.258125262232235","72000.0","1764108000000.0","1764180000000.0"
"87d1adc2-453f-430c-82b6-e868e8a3dd37","MomentumMAStrategy","BTC-USDT","Bybit Perpetual","long","89792.5","92329.2","0.020868561131887137","0.7601235659786421","1873.8402754349759","52.1771554572794","2.7845038950914573","158400.0","1764180000000.0","1764338400000.0"
"c66bd978-3fde-4f94-bf16-cd8b94254f38","MomentumMAStrategy","BTC-USDT","Bybit Perpetual","long","92329.2","90831.8","0.02083207233593913","0.7631246402245895","1923.4085731193911","-31.957069756059724","-1.6614810915723242","28800.0","1764338400000.0","1764367200000.0"
"b7ceeb00-e4be-4737-8c86-0637aa44d7cc","MomentumMAStrategy","BTC-USDT","Bybit Perpetual","short","90831.8","91726.9","0.0208412621664564","0.7609507454934927","1893.0493568511345","-19.415964510688433","-1.0256449173086861","144000.0","1764367200000.0","1764511200000.0"
"85bd2c2e-028d-4e5e-a98a-fe13ae034c0f","MomentumMAStrategy","BTC-USDT","Bybit Perpetual","long","91726.9","87134.0","0.02043679869881115","0.7310688416776383","1874.6041905659804","-94.59524158544725","-5.046144784136382","43200.0","1764511200000.0","1764554400000.0"
"ec59cd85-5248-4009-b695-9ed041a18e5e","MomentumMAStrategy","BTC-USDT","Bybit Perpetual","short","87134.0","90809.2","0.020482690006883714","0.728951080886582","1784.7387110598056","-76.00693339418555","-4.25871489889136","136800.0","1764554400000.0","1764691200000.0"
"a0dba444-c970-4e1f-93cc-f45d6b024f58","MomentumMAStrategy","BTC-USDT","Bybit Perpetual","long","90809.2","92933.5","0.018858575170085514","0.6930251039808943","1712.5321243353294","39.36824612983182","2.29883256322047","172800.0","1764691200000.0","1764864000000.0"
"fbb85639-7726-46cc-99ed-f6d131fdf7cb","MomentumMAStrategy","BTC-USDT","Bybit Perpetual","short","92933.5","89279.3","0.018829937085751314","0.6862111120437174","1749.9319581586697","68.12214498670868","3.8928453571639903","93600.0","1764864000000.0","1764957600000.0"
"d02f6fed-a463-4ab0-b2f2-5a2d3b71b6dd","MomentumMAStrategy","BTC-USDT","Bybit Perpetual","short","89279.3","89337.1","0.020325517739230067","0.7260941613434828","1814.647995896043","-1.9009090866710399","-0.1047535990985625","136800.0","1764957600000.0","1765094400000.0"
"3ee83eca-83e2-4961-afcb-8f694341534a","MomentumMAStrategy","BTC-USDT","Bybit Perpetual","long","89337.1","90449.9","0.020292153341262536","0.7296530745531136","1812.8421322637055","21.8514551636036","1.205369997459049","172800.0","1765094400000.0","1765267200000.0"
"ebe19485-30a2-47f1-b608-cd11c0aa8554","MomentumMAStrategy","BTC-USDT","Bybit Perpetual","short","90449.9","93884.5","0.020272007096405073","0.7473656529823143","1833.6010146691292","-70.37360122629529","-3.8379996882252008","36000.0","1765267200000.0","1765303200000.0"
"6e7b23d3-a3fc-4551-a4a1-a2a29cf28ac4","MomentumMAStrategy","BTC-USDT","Bybit Perpetual","long","93884.5","90637.0","0.018818293685370305","0.6944759556530113","1766.7460935041483","-61.80688469889308","-3.4983456268074073","115200.0","1765303200000.0","1765418400000.0"
"18dd9b03-b36c-4d3f-9f86-c6042f5610aa","MomentumMAStrategy","BTC-USDT","Bybit Perpetual","short","90637.0","92389.5","0.018844727352407956","0.689816898153099","1708.0295530402","-33.71520158324804","-1.973923783885168","108000.0","1765418400000.0","1765526400000.0"
"bfa82c1d-1ca9-4ccf-b998-9c18b6affa92","MomentumMAStrategy","BTC-USDT","Bybit Perpetual","long","92389.5","90192.2","0.01814059077639899","0.6624279805918494","1676.0001115361144","-40.5227480935734","-2.4178249043451934","64800.0","1765526400000.0","1765591200000.0"
"49c27eb3-96c4-4b7b-9b13-752d0e1c7c7e","MomentumMAStrategy","BTC-USDT","Bybit Perpetual","short","90192.2","88403.7","0.01815571081365373","0.648507102580844","1637.5035008472198","31.82298168763885","1.9433840398615403","158400.0","1765591200000.0","1765749600000.0"
"6b011b7f-2030-4e4a-a071-048921647059","MomentumMAStrategy","BTC-USDT","Bybit Perpetual","short","88403.7","89606.0","0.01886499471685548","0.6716304100098058","1667.735333450477","-23.353013558085205","-1.4002829519578965","50400.0","1765749600000.0","1765800000000.0"
"9b9eca87-460d-4be0-9333-ced738413dfb","MomentumMAStrategy","BTC-USDT","Bybit Perpetual","long","89606.0","86996.6","0.018364283313285892","0.6486360360525807","1645.5499705702957","-48.56839691374068","-2.9514993638818763","14400.0","1765800000000.0","1765814400000.0"
"397911cf-b53a-4aa7-b6b0-8e4aed930f67","MomentumMAStrategy","BTC-USDT","Bybit Perpetual","short","86996.6","87518.0","0.01838474139796546","0.6416811582338766","1599.4099935022418","-10.227485323132958","-0.6394536338201655","122400.0","1765814400000.0","1765936800000.0"
"ff161cf8-9dfb-4c12-9a95-fb0b4e7e175b","MomentumMAStrategy","BTC-USDT","Bybit Perpetual","long","87518.0","85946.0","0.0181641934510074","0.6301667305571096","1589.6938824452657","-29.184278835540745","-1.8358426837907633","72000.0","1765936800000.0","1766008800000.0"
"82edd60a-4e5f-4d69-99dc-f112324b597c","MomentumMAStrategy","BTC-USDT","Bybit Perpetual","short","85946.0","88068.3","0.01817383959173786","0.63250159497371","1561.968817551502","-39.202841360519024","-2.5098350824936624","129600.0","1766008800000.0","1766138400000.0"
"dca429df-85a4-49e7-b9f4-f3920c979871","MomentumMAStrategy","BTC-USDT","Bybit Perpetual","long","88068.3","87630.5","0.017312995916340036","0.608374521381169","1524.7261182590094","-8.188004133554887","-0.5370147487802114","187200.0","1766138400000.0","1766325600000.0"
"50bd7298-447d-4eee-bb1c-91f0a1207483","MomentumMAStrategy","BTC-USDT","Bybit Perpetual","short","87630.5","88727.5","0.017310725310618242","0.6105769788660025","1516.947514332132","-19.600442644614215","-1.2920976144150724","50400.0","1766325600000.0","1766376000000.0"
"e1d03aea-529d-4ae3-b31f-e856403101ec","MomentumMAStrategy","BTC-USDT","Bybit Perpetual","long","88727.5","87726.6","0.01688683997430051","0.5959504299018439","1498.3270938197484","-17.497988560179124","-1.1678350229635617","93600.0","1766376000000.0","1766469600000.0"
"c4b1aded-746c-41bb-9261-6b3dc1b43f38","MomentumMAStrategy","BTC-USDT","Bybit Perpetual","short","87726.6","87627.3","0.016890019728196218","0.5923461660832294","1481.7040046875784","1.084832792926704","0.07321521636539305","151200.0","1766469600000.0","1766620800000.0"
"9144ed82-4e1f-4bc0-a293-79ae6326e1c0","MomentumMAStrategy","BTC-USDT","Bybit Perpetual","long","87627.3","87429.3","0.01692092071581412","0.5924237698759973","1482.7345958408587","-3.942766071607193","-0.2659117877647719","165600.0","1766620800000.0","1766786400000.0"
"9a7c9f67-accf-4b07-bea8-cac623065f7f","MomentumMAStrategy","BTC-USDT","Bybit Perpetual","short","87429.3","87620.0","0.01691639951449722","0.5922407787066157","1478.988968072832","-3.818198166121187","-0.2581627211930063","115200.0","1766786400000.0","1766901600000.0"
"7abf07d9-dd94-417a-8983-b9fd986a65da","MomentumMAStrategy","BTC-USDT","Bybit Perpetual","long","87620.0","90091.6","0.01683818397414993","0.5984681230281086","1475.361679815017","41.01878738748096","2.7802530015978153","79200.0","1766901600000.0","1766980800000.0"
"f4a2f6cd-a852-448f-8c2d-d83a42a0c835","MomentumMAStrategy","BTC-USDT","Bybit Perpetual","long","90091.6","88068.2","0.01680877604386118","0.5989296356438198","1514.3295278331238","-34.60980708279268","-2.285487170835027","21600.0","1766980800000.0","1767002400000.0"
"fa7133b6-ad71-466b-bbf7-b9f323cdef97","MomentumMAStrategy","BTC-USDT","Bybit Perpetual","long","88068.2","87814.1","0.01682162473065727","0.5917252094729764","1481.4502111044706","-4.866100053532842","-0.3284686867677451","28800.0","1767002400000.0","1767031200000.0"
"62328ba5-ebcd-499b-ab72-fcef9f0dca5b","MomentumMAStrategy","BTC-USDT","Bybit Perpetual","short","87814.1","88455.3","0.016817657028354385","0.5928876627587621","1476.8274160536148","-11.376369349339544","-0.7703249022651226","108000.0","1767031200000.0","1767139200000.0"
"c314d34e-70df-46e6-ba4f-e4752ff0a774","MomentumMAStrategy","BTC-USDT","Bybit Perpetual","long","88455.3","87608.2","0.016573567272642142","0.583600052301366","1466.0198651717426","-14.62306888895662","-0.997467308346708","86400.0","1767139200000.0","1767225600000.0"
"d6468f0e-fd99-4b35-8b5c-0b8362828779","MomentumMAStrategy","BTC-USDT","Bybit Perpetual","short","87608.2","88599.9","0.01657525151443853","0.5841387152762672","1452.1279497272335","-17.021815642144908","-1.1721980590857901","93600.0","1767225600000.0","1767319200000.0"
"76ed1a78-68a0-414a-8974-a71cb53a8735","MomentumMAStrategy","BTC-USDT","Bybit Perpetual","long","88599.9","90530.3","0.016207210446819872","0.5806401697561866","1435.957224867196","30.705758876785037","2.1383477407988143","158400.0","1767319200000.0","1767477600000.0"
"c2dd9f5d-4569-43f1-b096-6cc6af4fd24c","MomentumMAStrategy","BTC-USDT","Bybit Perpetual","long","90530.3","92917.0","0.016183837850975217","0.5937762714798412","1465.1276958001417","38.03218952744266","2.5958276289816746","100800.0","1767477600000.0","1767578400000.0"
"d0e4fd70-efa6-4ea0-a351-f3c54338ca37","MomentumMAStrategy","BTC-USDT","Bybit Perpetual","long","92917.0","92062.2","0.016156981777836265","0.597741112735746","1501.2582758512121","-14.408729136430232","-0.9597768330875974","151200.0","1767578400000.0","1767729600000.0"
"f537bc71-9b9d-4665-ae86-7fa5c417c735","MomentumMAStrategy","BTC-USDT","Bybit Perpetual","short","92062.2","91058.2","0.016158314521829847","0.591783403712658","1487.5699831716036","15.63116437620451","1.0507851430880428","208800.0","1767729600000.0","1767938400000.0"
"2d073e71-d178-48f5-b561-e0043864a514","MomentumMAStrategy","BTC-USDT","Bybit Perpetual","long","91058.2","90563.5","0.016499552915926273","0.5993353699660975","1502.4195893289977","-8.761664197474776","-0.5831702581425913","86400.0","1767938400000.0","1768024800000.0"
"7842b058-8fe3-41ee-b741-2d663a03f2af","MomentumMAStrategy","BTC-USDT","Bybit Perpetual","short","90563.5","90944.7","0.016497772373432966","0.5988961935023092","1494.0960083413963","-6.887847022254908","-0.461004311891653","129600.0","1768024800000.0","1768154400000.0"
"aea90c65-32c5-4bca-a81b-061f051265c4","MomentumMAStrategy","BTC-USDT","Bybit Perpetual","long","90944.7","93407.9","0.016356671182270705","0.6030789719593357","1487.5525536702546","39.68667348420982","2.667917404752555","165600.0","1768154400000.0","1768320000000.0"
"ee96408b-f87b-43a6-b1c0-dfef0c66310b","MomentumMAStrategy","BTC-USDT","Bybit Perpetual","long","93407.9","96691.9","0.016328971034358486","0.6208268255674683","1525.254893480254","53.003514051265796","3.4750594328745215","86400.0","1768320000000.0","1768406400000.0"
"fd8caba0-33d0-4f84-932c-350df9758d82","MomentumMAStrategy","BTC-USDT","Bybit Perpetual","long","96691.9","95545.3","0.016295141907739494","0.6265064907892997","1575.6082318289564","-19.31051620220326","-1.225591223256541","108000.0","1768406400000.0","1768514400000.0"
"b4e58664-bdc1-4567-aa54-98d2f3fe7143","MomentumMAStrategy","BTC-USDT","Bybit Perpetual","short","95545.3","95318.1","0.01629869016515583","0.6221646840936408","1557.2632414368634","3.080897721429716","0.19784052172110725","158400.0","1768514400000.0","1768672800000.0"
"4d743370-77c9-437d-a558-717798b88f6a","MomentumMAStrategy","BTC-USDT","Bybit Perpetual","long","95318.1","95133.4","0.016368245844936288","0.6234713947073767","1560.1900942722216","-3.6466864022672993","-0.2337334672008901","64800.0","1768672800000.0","1768737600000.0"
"ddf53b08-ac2c-45cb-bf18-79bac38dee49","MomentumMAStrategy","BTC-USDT","Bybit Perpetual","short","95133.4","93614.0","0.01636360880815852","0.617717723431404","1556.7257421900676","24.24514949968456","1.5574451454483855","43200.0","1768737600000.0","1768780800000.0"
"99facebc-5e44-4250-8575-dc2faf0e8782","MomentumMAStrategy","BTC-USDT","Bybit Perpetual","short","93614.0","91590.1","0.016875239111829088","0.6250726943982212","1579.7586342147683","33.528723744032575","2.122395346849824","108000.0","1768780800000.0","1768888800000.0"
"12e2f870-d4fe-45ed-8de6-b0b9ed116ca2","MomentumMAStrategy","BTC-USDT","Bybit Perpetual","short","91590.1","89445.6","0.017595907437284147","0.6370974840087884","1611.610921771599","37.09732601524706","2.3018785436417253","57600.0","1768888800000.0","1768946400000.0"
"573227a5-854c-47a2-b298-f7235b9ea567","MomentumMAStrategy","BTC-USDT","Bybit Perpetual","short","89445.6","89857.0","0.018411787516502583","0.6602562744712912","1646.8533814860834","-8.234865658760347","-0.5000363572942595","108000.0","1768946400000.0","1769054400000.0"
"20035e8d-441c-4903-98fb-c0dbaf6fb98e","MomentumMAStrategy","BTC-USDT","Bybit Perpetual","long","89857.0","89711.2","0.018240429338952573","0.6550802127245807","1639.0302591102613","-3.314534810343919","-0.20222535806893502","129600.0","1769054400000.0","1769184000000.0"
"10415e96-5a05-480f-b656-9e9d0f5978a5","MomentumMAStrategy","BTC-USDT","Bybit Perpetual","short","89711.2","90576.0","0.018234974574416956","0.6575065016185648","1635.8814510404343","-16.4271125135744","-1.0041749971018143","7200.0","1769184000000.0","1769191200000.0"
"01127f69-e23a-425a-9f0a-1d2d4e653823","MomentumMAStrategy","BTC-USDT","Bybit Perpetual","long","90576.0","89301.2","0.017888576379532534","0.64354940622729","1620.2756941525388","-23.447906574855416","-1.4471553612435997","14400.0","1769191200000.0","1769205600000.0"
"d9195af4-f946-4f12-b208-95d0a19d5c24","MomentumMAStrategy","BTC-USDT","Bybit Perpetual","short","89301.2","86459.4","0.01789449842674484","0.6290295560367458","1598.000182906426","50.22355607308679","3.142900520933653","165600.0","1769205600000.0","1769371200000.0"
"edf6cac5-8d6e-42dd-ba79-4c7b398f820a","MomentumMAStrategy","BTC-USDT","Bybit Perpetual","short","86459.4","88016.5","0.019034512860092237","0.6642127524652334","1645.7125611758586","-30.302852726914967","-1.8413211056287762","93600.0","1769371200000.0","1769464800000.0"
"9374b917-2a61-4976-9973-968148955a6d","MomentumMAStrategy","BTC-USDT","Bybit Perpetual","long","88016.5","90036.9","0.018370701528523506","0.6541931735077615","1616.9248510852892","36.46197219472102","2.2550195929172303","136800.0","1769464800000.0","1769601600000.0"
"6e484b88-b388-4e9c-86f6-85090ed729d8","MomentumMAStrategy","BTC-USDT","Bybit Perpetual","long","90036.9","88310.9","0.018343187345080454","0.654293421596588","1651.5637246702743","-32.314634779205456","-1.9566084127729855","72000.0","1769601600000.0","1769673600000.0"
"abee2298-1340-46d2-9325-ebcf1078b5aa","MomentumMAStrategy","BTC-USDT","Bybit Perpetual","short","88310.9","84898.0","0.018354074317326958","0.6358178046044907","1620.8648216300292","62.00480243300058","3.825414778923094","28800.0","1769673600000.0","1769702400000.0"
"f2812d71-14d5-4c5d-8812-5c60a86f56a6","MomentumMAStrategy","BTC-USDT","Bybit Perpetual","short","84898.0","83514.4","0.019785735635013547","0.6664326448116311","1679.76938394138","26.709111179793226","1.590046314400817","144000.0","1769702400000.0","1769846400000.0"
"88a453c2-5b99-4051-af3f-90d2926b04bd","MomentumMAStrategy","BTC-USDT","Bybit Perpetual","long","83514.4","78857.1","0.020417353648738226","0.6630392675952197","1705.1430395621835","-95.75278041586353","-5.615527741323638","36000.0","1769846400000.0","1769882400000.0"
"6aee8806-e9d5-4e38-90b2-7589631a2adf","MomentumMAStrategy","BTC-USDT","Bybit Perpetual","short","78857.1","78936.8","0.020469658384179905","0.6459974456214892","1614.1778981671132","-2.277429218840568","-0.14108910928755572","172800.0","1769882400000.0","1770055200000.0"
"2f8b015c-ddbf-4fa3-802b-ad2958bc5703","MomentumMAStrategy","BTC-USDT","Bybit Perpetual","long","78936.8","74882.4","0.02042158208097129","0.6282462836858678","1612.0143404092146","-83.42550867277605","-5.175233655278665","86400.0","1770055200000.0","1770141600000.0"
"80c0e26f-9df1-43ca-bbc5-54e891aab9d0","MomentumMAStrategy","BTC-USDT","Bybit Perpetual","long","74882.4","76199.9","0.020468896658895515","0.61849759713765","1532.7601071700774","26.349273750957188","1.7190735606764742","14400.0","1770141600000.0","1770156000000.0"
"f287757c-54e8-438e-9487-3670bf1a7232","MomentumMAStrategy","BTC-USDT","Bybit Perpetual","short","76199.9","71198.9","0.02044349030948186","0.602669187885851","1557.7919172334866","101.63522584983292","6.524313338993883","108000.0","1770156000000.0","1770264000000.0"
"2fbb4ce2-16a5-4b0e-b39d-84d43e87781e","MomentumMAStrategy","BTC-USDT","Bybit Perpetual","short","71198.9","65237.4","0.023235546922646674","0.6340344101204596","1654.345381790828","137.88467856923754","8.334697221445829","57600.0","1770264000000.0","1770321600000.0"
"e2f95b53-c618-4e8c-b200-f2e933ea4c29","MomentumMAStrategy","BTC-USDT","Bybit Perpetual","short","65237.4","70675.5","0.027366753218730416","0.7438989587083971","1785.3358264316037","-149.56703963748623","-8.377529729878871","86400.0","1770321600000.0","1770408000000.0"
"80601122-1210-4e06-936e-38ad500ebe52","MomentumMAStrategy","BTC-USDT","Bybit Perpetual","long","70675.5","69665.0","0.023250590922964703","0.6525999110848656","1643.2471387759917","-24.1473220387407","-1.4694881536034412","129600.0","1770408000000.0","1770537600000.0"
"d22ec62a-d23e-4b7d-9cdc-5d95bf25efc7","MomentumMAStrategy","BTC-USDT","Bybit Perpetual","short","69665.0","70954.0","0.02325855426454013","0.6541189284250737","1620.3071828391883","-30.634395375417302","-1.8906535563051747","14400.0","1770537600000.0","1770552000000.0"
"8faa53a4-dadc-437d-8d7d-d650c57c429a","MomentumMAStrategy","BTC-USDT","Bybit Perpetual","long","70954.0","69528.9","0.022425860518540768","0.6300899841280221","1591.2045072325416","-32.589183809100604","-2.0480826732812893","100800.0","1770552000000.0","1770652800000.0"
"a8aefaf1-952f-4c04-b33e-a17b29277c4a","MomentumMAStrategy","BTC-USDT","Bybit Perpetual","short","69528.9","68031.8","0.022440233954713742","0.6173788581948382","1560.2447826138962","32.97789539540691","2.113635998843634","244800.0","1770652800000.0","1770897600000.0"
"b816070d-c906-43e3-96d9-9fc3025d0acd","MomentumMAStrategy","BTC-USDT","Bybit Perpetual","long","68031.8","66243.1","0.023394556416845246","0.6282603446832509","1591.5737832395325","-42.47410340749427","-2.6686857910565305","43200.0","1770897600000.0","1770940800000.0"
"36418724-4b87-4d1c-84cd-65c328232c90","MomentumMAStrategy","BTC-USDT","Bybit Perpetual","short","66243.1","67238.2","0.023417131520149462","0.6251498315161053","1551.223385002413","-23.92753740721663","-1.5424946296293367","50400.0","1770940800000.0","1770991200000.0"
"c7f946f4-0386-4bf7-9b31-3afdc53f6467","MomentumMAStrategy","BTC-USDT","Bybit Perpetual","long","67238.2","69675.6","0.02273249766450555","0.6224785277477161","1528.492224465557","54.785711279718306","3.5842976760234637","72000.0","1770991200000.0","1771063200000.0"
"bea66fd5-3fbc-4f9d-a7f5-4881b8d02e20","MomentumMAStrategy","BTC-USDT","Bybit Perpetual","long","69675.6","68607.8","0.022684248864470336","0.6273710118850195","1580.5386501812895","-24.849611949366512","-1.572224250670253","115200.0","1771063200000.0","1771178400000.0"
"73aa95cd-3066-4331-bc5e-861c1009a984","MomentumMAStrategy","BTC-USDT","Bybit Perpetual","short","68607.8","66468.9","0.02269321445709367","0.613064904251301","1556.9315188293913","47.92545149802655","3.078199067744496","324000.0","1771178400000.0","1771502400000.0"
"bb8df274-9ffd-473d-9a16-de6fd33fefd9","MomentumMAStrategy","BTC-USDT","Bybit Perpetual","short","66468.9","67249.2","0.024108428118300686","0.6447466403931486","1602.4606977525164","-19.456553101103243","-1.2141672571683944","50400.0","1771502400000.0","1771552800000.0"
"0f1d76ab-aedb-4f57-8ccf-85563fb429f6","MomentumMAStrategy","BTC-USDT","Bybit Perpetual","long","67249.2","67365.0","0.023553841120882747","0.6341362958829468","1583.976972306468","2.093398505915344","0.1321609178993994","230400.0","1771552800000.0","1771783200000.0"
"c3af74d9-4fc1-4a91-a64c-0039ee96e18b","MomentumMAStrategy","BTC-USDT","Bybit Perpetual","short","67365.0","64387.200000000004","0.02354287390910841","0.6203650863695267","1585.965700887088","69.48560484017338","4.381280427521704","28800.0","1771783200000.0","1771812000000.0"
"00d83a0f-288c-40c2-bbf6-91b8a218b4cd","MomentumMAStrategy","BTC-USDT","Bybit Perpetual","short","64387.2","65361.7","0.025656916677309356","0.6657913432545087","1651.9770254852529","-25.668456645292476","-1.5538022774712987","180000.0","1771812000000.0","1771992000000.0"
"c288ee2d-9028-4ae8-93d2-f5b0e4bf9573","MomentumMAStrategy","BTC-USDT","Bybit Perpetual","long","65361.700000000004","68625.6","0.02490131057901225","0.6672918741886578","1627.591991672225","80.60809572464946","4.952598448326774","50400.0","1771992000000.0","1772042400000.0"
"ddde59cc-c48e-4c8d-851e-82ac69a82ff8","MomentumMAStrategy","BTC-USDT","Bybit Perpetual","long","68625.6","67315.9","0.024832856581372575","0.6751631545913319","1704.169682610642","-33.19875541921528","-1.9480897799072232","115200.0","1772042400000.0","1772157600000.0"
"58f4bb69-8d62-43ec-b5e4-0fbb44b6127e","MomentumMAStrategy","BTC-USDT","Bybit Perpetual","short","67315.9","63788.4","0.024847485734609324","0.6515224447991883","1672.6308649623877","86.99798348403502","5.201266179312752","108000.0","1772157600000.0","1772265600000.0"
"98a28407-3ca1-4289-940f-1c0e8c1303f5","MomentumMAStrategy","BTC-USDT","Bybit Perpetual","short","63788.4","66684.8","0.027517212365762756","0.7180517504881275","1755.278949272221","-80.41890564668341","-4.581545610173639","50400.0","1772265600000.0","1772316000000.0"
"d30c149f-f35a-4577-a7d4-9651c13f0d33","MomentumMAStrategy","BTC-USDT","Bybit Perpetual","short","66684.8","66937.1","0.025176366861831657","0.6728227950349968","1678.8809889078718","-7.024820154275197","-0.4184227590095537","7200.0","1772316000000.0","1772323200000.0"
"dd944720-f335-4787-a5b6-fee3f3b3bf0d","MomentumMAStrategy","BTC-USDT","Bybit Perpetual","long","66937.1","66132.3","0.024981772585924853","0.6648618977890938","1672.2074097613106","-20.77019247494149","-1.2420823130969265","122400.0","1772323200000.0","1772445600000.0"
"e851e545-b922-41c4-9203-2553ed935cd8","MomentumMAStrategy","BTC-USDT","Bybit Perpetual","short","66132.3","69170.3","0.024987422589417208","0.6761726487293762","1652.4757269101158","-76.58796247537886","-4.634740542820982","28800.0","1772445600000.0","1772474400000.0"
"287dc523-cc6b-42e3-8459-d58188666294","MomentumMAStrategy","BTC-USDT","Bybit Perpetual","long","69170.3","68173.2","0.022838084590619184","0.6273324941943412","1579.7171625585063","-23.39918663950086","-1.4812263355804525","129600.0","1772474400000.0","1772604000000.0"
"1b29dc6a-dbf9-465b-b40c-50904e477345","MomentumMAStrategy","BTC-USDT","Bybit Perpetual","short","68173.2","69464.5","0.022846044123658274","0.6288953934557682","1557.4879352509802","-30.129992170335765","-1.9345249159493805","7200.0","1772604000000.0","1772611200000.0"
"54d33f55-ff2c-470a-aea1-0cfcf209e9bc","MomentumMAStrategy","BTC-USDT","Bybit Perpetual","long","69464.5","73339.7","0.02200929169128348","0.6286038585080769","1528.8644426891613","84.6618033035536","5.537561142741971","28800.0","1772611200000.0","1772640000000.0"
"ec100bfe-e725-40c9-9cfa-e539cc5c1eb1","MomentumMAStrategy","BTC-USDT","Bybit Perpetual","long","73339.7","70854.8","0.021943001618871322","0.6328120293864682","1609.293155827537","-55.15897675211969","-3.427528200960727","115200.0","1772640000000.0","1772755200000.0"
"8d8dbcd7-7c36-4be3-b65a-275d4a231735","MomentumMAStrategy","BTC-USDT","Bybit Perpetual","short","70854.8","68083.0","0.021972994460686127","0.6105759019559834","1556.8921279130234","60.29417014417389","3.8727262514325114","86400.0","1772755200000.0","1772841600000.0"
"dacf3f7c-44c3-4df8-bd2a-e469831c7372","MomentumMAStrategy","BTC-USDT","Bybit Perpetual","short","68083.0","67174.7","0.023708878714950702","0.6413616809126375","1614.1715895499885","20.893412855877152","1.2943737203119765","144000.0","1772841600000.0","1772985600000.0"
"40144973-b4d8-45d1-9aaa-173ea7d3f5ea","MomentumMAStrategy","BTC-USDT","Bybit Perpetual","long","67174.7","65934.3","0.024324936795595248","0.6475736023849776","1634.020331763072","-30.82022520364118","-1.886159223636271","28800.0","1772985600000.0","1773014400000.0"
"ae99e886-81aa-437b-a6dd-34cb4dfa5b89","MomentumMAStrategy","BTC-USDT","Bybit Perpetual","short","65934.3","67165.3","0.024338487218634495","0.647888582681073","1604.7411178196126","-30.608566348820137","-1.907383440788785","14400.0","1773014400000.0","1773028800000.0"
"64cac3cc-7032-49bb-a07e-1cb82bfbcb0b","MomentumMAStrategy","BTC-USDT","Bybit Perpetual","long","67165.3","70374.7","0.023459479519755494","0.6453233626294341","1575.6629797882338","74.64553020807371","4.737404582425738","100800.0","1773028800000.0","1773129600000.0"
"5b89c58a-510a-491f-813c-e1588b192099","MomentumMAStrategy","BTC-USDT","Bybit Perpetual","long","70374.7","69144.0","0.023397275348753223","0.6528714880400193","1646.5762334859035","-29.447898259750545","-1.788432121202644","100800.0","1773129600000.0","1773230400000.0"
"0b2ebf7d-71a0-4e65-96b7-2da861f784ee","MomentumMAStrategy","BTC-USDT","Bybit Perpetual","short","69144.0","70282.9","0.023409127764363363","0.6527724231778228","1618.6007301391403","-27.31342803401112","-1.6874716244359513","100800.0","1773230400000.0","1773331200000.0"
"e0e6107c-fe30-4bed-aa73-3db3320275a5","MomentumMAStrategy","BTC-USDT","Bybit Perpetual","long","70282.9","73344.8","0.022660604122863883","0.6509380901554913","1592.6529735068298","68.73356567364164","4.3156649199165225","79200.0","1773331200000.0","1773410400000.0"
"e055f9ca-4644-4aee-bbb2-ee4d98014a4c","MomentumMAStrategy","BTC-USDT","Bybit Perpetual","long","73344.8","70790.3","0.022604872613965668","0.6516311149402406","1657.9498608967892","-58.395778207315544","-3.522167924651782","43200.0","1773410400000.0","1773453600000.0"
"fb7798e1-9a07-471b-8d6b-f24c47ccfd92","MomentumMAStrategy","BTC-USDT","Bybit Perpetual","long","70790.3","70565.6","0.022636913130751522","0.6399722457638399","1602.4738715998396","-5.7264866262436405","-0.35735288591798176","21600.0","1773453600000.0","1773475200000.0"
"28aa1d9e-e9df-4f2e-9232-52d7e1716f23","MomentumMAStrategy","BTC-USDT","Bybit Perpetual","short","70565.6","71800.0","0.022631901511570907","0.6444008475671399","1597.0337093049081","-28.581220073450137","-1.78964413255183","100800.0","1773475200000.0","1773576000000.0"
"0b732348-08dc-4291-9d22-44b676512318","MomentumMAStrategy","BTC-USDT","Bybit Perpetual","long","71800.0","74176.5","0.021864645546450286","0.63834488612228","1569.8815502351306","51.322985255016825","3.2692266016713094","64800.0","1773576000000.0","1773640800000.0"
"f926fba9-7fb0-42ff-8bbd-f4a66ed9092b","MomentumMAStrategy","BTC-USDT","Bybit Perpetual","long","74176.5","73872.4","0.021821444611533253","0.6461281742296852","1618.6383862273963","-7.282029480597075","-0.44988612296348013","151200.0","1773640800000.0","1773792000000.0"
"e7379bd2-f66c-4545-8512-acea11b97e68","MomentumMAStrategy","BTC-USDT","Bybit Perpetual","short","73872.4","71030.3","0.021817626856861685","0.6322866078303544","1611.720458220829","61.37559068205606","3.808079147286391","72000.0","1773792000000.0","1773864000000.0"
"f3cb9064-79ac-4328-9126-599282214acd","MomentumMAStrategy","BTC-USDT","Bybit Perpetual","short","71030.3","70439.9","0.023511477064981877","0.6652346725356799","1670.0272693687823","13.215941386629826","0.7913608136246204","144000.0","1773864000000.0","1774008000000.0"
"b9e45789-4bf9-44c6-a1a6-2e27c0858ddd","MomentumMAStrategy","BTC-USDT","Bybit Perpetual","long","70439.9","68926.1","0.02388678027206286","0.6658010038792626","1682.5824136860806","-36.82560897972774","-2.18863627006851","136800.0","1774008000000.0","1774144800000.0"
"692a6ab5-e04f-44b4-8a40-0eab733ab741","MomentumMAStrategy","BTC-USDT","Bybit Perpetual","short","68926.1","71450.0","0.023903834471344518","0.6711054116265811","1647.5980851553395","-61.00199323385287","-3.7024802215706303","129600.0","1774144800000.0","1774274400000.0"
"a81a431b-665f-45fc-abc5-610185589ef1","MomentumMAStrategy","BTC-USDT","Bybit Perpetual","long","71450.0","70689.3","0.022248372170513356","0.6324736092912497","1589.6461915831792","-17.556810319400693","-1.1044476696990861","136800.0","1774274400000.0","1774411200000.0"
"843c38a8-b215-49af-811a-e8e1094223da","MomentumMAStrategy","BTC-USDT","Bybit Perpetual","short","70689.3","71080.1","0.022251843231999024","0.6309260927789127","1572.9672217797488","-9.326946427844195","-0.5929523704436214","7200.0","1774411200000.0","1774418400000.0"
"3406ef28-ffdf-41d1-a574-9578d53d8e94","MomentumMAStrategy","BTC-USDT","Bybit Perpetual","long","71080.1","69239.3","0.02200484555696034","0.6175413451290682","1564.106622673297","-41.124061046381726","-2.629236424822141","108000.0","1774418400000.0","1774526400000.0"
"b3fa29a0-afa8-4d1e-99b1-dc9976a5433a","MomentumMAStrategy","BTC-USDT","Bybit Perpetual","short","69239.3","66663.2","0.022025623665739454","0.5986674640466313","1525.038764679234","56.1415416612649","3.681318990804363","86400.0","1774526400000.0","1774612800000.0"
"2688cde4-6300-4f60-8b95-99d7c7c15b99","MomentumMAStrategy","BTC-USDT","Bybit Perpetual","short","66663.2","66644.8","0.023676829634002503","0.6312621609699212","1578.3732292574357","-0.1956084957044129","-0.012393044438319524","122400.0","1774612800000.0","1774735200000.0"
"c540a7cc-f824-452f-b273-cc13bc4f722d","MomentumMAStrategy","BTC-USDT","Bybit Perpetual","long","66644.8","68241.5","0.023680578247462915","0.6388371163321515","1578.1874011865166","37.17194217139182","2.355356666986767","266400.0","1774735200000.0","1775001600000.0"
