"id","strategy_name","symbol","exchange","type","entry_price","exit_price","qty","fee","size","PNL","PNL_percentage","holding_period","opened_at","closed_at"
"dec7004a-7667-426d-a783-2d034a80bce9","SupertrendTrendTypeStrategy","BTC-USDT","Bybit Perpetual","short","8529.03","8630.84","11.724662710765466","110.65652835082066","100000.0","-1304.344438933847","-13.043444389338468","36000.0","1583082000000.0","1583118000000.0"
"47c198fd-11c0-410d-89f5-8c96e7180b2d","SupertrendTrendTypeStrategy","BTC-USDT","Bybit Perpetual","short","8741.59","8813.91","11.2903551368877","109.01430628309761","98695.65556106615","-925.5327897828128","-9.377644684776993","43200.0","1583247600000.0","1583290800000.0"
"6f39e73e-1192-4bcf-a1e7-29e2fa9a0265","SupertrendTrendTypeStrategy","BTC-USDT","Bybit Perpetual","long","8927.51","9119.93","10.95155567132194","108.70614913666336","97770.12277128334","1998.5921931391051","20.441747810979777","57600.0","1583377200000.0","1583434800000.0"
"267d6e37-5984-48e2-ae00-ace39d50fb34","SupertrendTrendTypeStrategy","BTC-USDT","Bybit Perpetual","long","9119.93","9061.98","10.939636045937023","109.39691291099055","99768.71496442244","-743.3488217730489","-7.450720619566238","79200.0","1583434800000.0","1583514000000.0"
"d5989204-76e1-47f6-816d-2064c4c26905","SupertrendTrendTypeStrategy","BTC-USDT","Bybit Perpetual","short","8936.0","8730.79","11.081621099222179","107.67717005074007","99025.36614264939","2166.3822957206335","21.877044035362477","32400.0","1583604000000.0","1583636400000.0"
"6b3ea269-0e40-45ef-860f-184adc3108f4","SupertrendTrendTypeStrategy","BTC-USDT","Bybit Perpetual","short","8730.79","8400.0","11.59021674308625","109.20226299416198","101191.74843837","3724.725533451349","36.80858954344347","46800.0","1583636400000.0","1583683200000.0"
"8ab83d99-a53c-41c9-a6cb-7f16b7d14faf","SupertrendTrendTypeStrategy","BTC-USDT","Bybit Perpetual","short","8400.0","8038.46","12.490056425216828","112.9245111190184","104916.47397182135","4402.730488853873","41.96414845238095","28800.0","1583683200000.0","1583712000000.0"
"79e6cf6d-9cdb-4bce-83c2-af5e5c43ed5f","SupertrendTrendTypeStrategy","BTC-USDT","Bybit Perpetual","short","8038.46","8042.05","13.59952086104493","120.2779771606829","109319.20446067523","-169.10025705183617","-1.5468485879136236","126000.0","1583712000000.0","1583838000000.0"
"c8977f83-94ca-47e3-b20f-7781b2a75630","SupertrendTrendTypeStrategy","BTC-USDT","Bybit Perpetual","short","7845.09","7994.76","13.913174253402243","121.21042625876444","109150.1042036234","-2203.595216765479","-20.18866800763281","14400.0","1583859600000.0","1583874000000.0"
"b74878f5-2c4b-4e91-bc49-2b202b96357c","SupertrendTrendTypeStrategy","BTC-USDT","Bybit Perpetual","short","7897.66","7953.55","13.541543822709249","118.0574201718819","106946.50898685792","-874.8943044231062","-8.180671933205574","82800.0","1583884800000.0","1583967600000.0"
"85b9758e-9b33-48f6-ad3b-8e7afab0e241","SupertrendTrendTypeStrategy","BTC-USDT","Bybit Perpetual","short","7717.67","7357.61","13.74399458417305","113.95701167119077","106071.61468243483","4834.705678306163","45.57963685931121","28800.0","1583978400000.0","1584007200000.0"
"dd97a20c-a2df-4c91-a9fc-71226800bcad","SupertrendTrendTypeStrategy","BTC-USDT","Bybit Perpetual","short","7357.61","5981.07","15.07368837988708","110.58470814546772","110906.32036074098","20638.950294304293","186.09354477880726","3600.0","1584007200000.0","1584010800000.0"
"c3219fc8-4a72-4b0e-a861-e9dd6bccf73c","SupertrendTrendTypeStrategy","BTC-USDT","Bybit Perpetual","short","5981.07","4764.65","21.993601588853714","129.9853964559574","131545.2706550453","26623.47144825748","202.39018336183995","46800.0","1584010800000.0","1584057600000.0"
"608cf168-7cd6-440b-8550-47f00c100a40","SupertrendTrendTypeStrategy","BTC-USDT","Bybit Perpetual","short","4764.65","5570.26","33.19629817579524","188.69441468900442","158168.7421033028","-26931.96418809143","-170.27361936343712","86400.0","1584057600000.0","1584144000000.0"
"b5d80704-1283-41bd-bb91-536c4da5a26b","SupertrendTrendTypeStrategy","BTC-USDT","Bybit Perpetual","short","5012.57","5185.2","26.181535203540573","146.84630083893546","131236.77791521137","-4666.5647230261475","-35.55836098049506","68400.0","1584342000000.0","1584410400000.0"
"cfdfacd1-0b41-448c-b7e4-6dc258c4c79b","SupertrendTrendTypeStrategy","BTC-USDT","Bybit Perpetual","short","5193.21","5309.76","24.37225014820992","140.7895566765294","126570.21319218523","-2981.3753114503997","-23.555110134194496","7200.0","1584550800000.0","1584558000000.0"
"e6ce9fce-a9b5-4f32-99fe-861aa539e50d","SupertrendTrendTypeStrategy","BTC-USDT","Bybit Perpetual","long","5836.6","6237.81","21.174800034392423","140.62026950579752","123588.83788073482","8354.921252292786","67.60255534043792","61200.0","1584626400000.0","1584687600000.0"
"0a842b18-c574-4c28-a5d5-89f7bf47bbab","SupertrendTrendTypeStrategy","BTC-USDT","Bybit Perpetual","long","6594.38","5961.21","20.008516211232536","138.170299331124","131943.7591330276","-12806.96250879723","-97.06379894698215","43200.0","1584694800000.0","1584738000000.0"
"05c14b53-0648-49f6-949d-292e6476b219","SupertrendTrendTypeStrategy","BTC-USDT","Bybit Perpetual","short","5961.21","6321.61","19.985337980750614","135.0119699811978","119136.79662423037","-7337.727778243711","-61.590776201475805","86400.0","1584738000000.0","1584824400000.0"
"38a7504c-e7e8-47b2-b5d2-22a60a2e2a36","SupertrendTrendTypeStrategy","BTC-USDT","Bybit Perpetual","short","5914.02","6321.04","18.904073514459988","127.21086053160585","111799.06884598667","-7821.546862387101","-69.96075140090826","57600.0","1584910800000.0","1584968400000.0"
"4bc6d3b2-807c-451c-bc67-aa48f898377f","SupertrendTrendTypeStrategy","BTC-USDT","Bybit Perpetual","long","6321.04","6756.91","16.449432685697218","118.31867200555266","103977.52198359954","7051.495552709292","67.81749957285508","122400.0","1584968400000.0","1585090800000.0"
"8dfca8ce-5b72-4d43-9995-ed28bfd7c595","SupertrendTrendTypeStrategy","BTC-USDT","Bybit Perpetual","long","6594.24","6585.51","16.83727276172976","122.0510751247743","111029.01753630885","-269.04046633466777","-2.4231545257678766","7200.0","1585134000000.0","1585141200000.0"
"4c795c70-13e7-4b76-b66a-a890eaab1b1b","SupertrendTrendTypeStrategy","BTC-USDT","Bybit Perpetual","short","6353.64","6012.32","17.4325232575302","118.56343691592849","110759.97706997418","5831.50540134429","52.64993326660002","64800.0","1585353600000.0","1585418400000.0"
"38205357-1bfa-44fd-b7b8-005cfc273e27","SupertrendTrendTypeStrategy","BTC-USDT","Bybit Perpetual","short","6012.32","6212.21","19.392095309517536","130.38258798073102","116591.48247131846","-4006.6685194001975","-34.36501907749427","133200.0","1585418400000.0","1585551600000.0"
"13111791-0cc6-4190-a188-5d18e6f59447","SupertrendTrendTypeStrategy","BTC-USDT","Bybit Perpetual","long","6351.23","6301.07","17.726458331995268","123.35425781464706","112584.8139519183","-1012.5134077475271","-8.99333908549995","133200.0","1585569600000.0","1585702800000.0"
"9c5eb9f9-4dac-44d3-ad3c-a9d918be78e4","SupertrendTrendTypeStrategy","BTC-USDT","Bybit Perpetual","long","6515.54","6801.0","17.124029711147617","125.41805463532714","111572.30054417075","4762.807466708872","42.68808157113608","61200.0","1585782000000.0","1585843200000.0"
"ea95a15c-d24f-492e-8c41-9cc3dfc9157f","SupertrendTrendTypeStrategy","BTC-USDT","Bybit Perpetual","long","6801.0","6748.94","17.105588591512955","127.47883449382678","116335.1080108796","-1017.9957765679981","-8.75054653727399","90000.0","1585843200000.0","1585933200000.0"
"b01fd48d-1b5b-403e-a5a5-cc09c4d6c733","SupertrendTrendTypeStrategy","BTC-USDT","Bybit Perpetual","long","6988.99","7236.53","16.49982504400659","129.09522513800917","115317.11223431163","3955.271466255382","34.29908527555484","46800.0","1586152800000.0","1586199600000.0"
"09db2b54-e145-4f81-a339-9e4dafcf0e45","SupertrendTrendTypeStrategy","BTC-USDT","Bybit Perpetual","long","7236.53","7117.05","16.48198566171452","130.1165248648498","119272.38370056698","-2099.3841717264936","-17.601594825144037","93600.0","1586199600000.0","1586293200000.0"
"b3f6208b-c647-4fb0-b8c2-941cec9e9623","SupertrendTrendTypeStrategy","BTC-USDT","Bybit Perpetual","short","6952.11","6784.42","16.854307473391604","127.33583513060739","117172.99952884049","2698.962985082424","23.034000972366613","129600.0","1586498400000.0","1586628000000.0"
"023bebae-327c-4c13-9e82-ce9ce849915e","SupertrendTrendTypeStrategy","BTC-USDT","Bybit Perpetual","long","7014.12","6712.62","17.090092914567034","129.02519410775713","119871.96251392292","-5281.688207849717","-44.06108064874852","32400.0","1586707200000.0","1586739600000.0"
"3568e4d3-7177-4164-b96f-4b0f14b7239a","SupertrendTrendTypeStrategy","BTC-USDT","Bybit Perpetual","short","6712.62","6824.02","17.07087162778069","127.09523404131467","114590.27430607322","-2028.7903333760928","-17.70473406806888","75600.0","1586739600000.0","1586815200000.0"
"bce52688-b066-48a8-96f6-337c7842d971","SupertrendTrendTypeStrategy","BTC-USDT","Bybit Perpetual","short","6567.39","6888.35","17.139454786863144","126.84322604458225","112561.48397269715","-5627.922634436178","-49.99865349857402","25200.0","1586998800000.0","1587024000000.0"
"c08dff7d-7106-4111-9b66-ac579ff9d0d6","SupertrendTrendTypeStrategy","BTC-USDT","Bybit Perpetual","long","7039.61","7022.44","15.190267832772124","117.48346817780828","106933.56133826096","-378.30036686650675","-3.5377140921159094","140400.0","1587027600000.0","1587168000000.0"
"90ce072a-44d2-408f-8c71-f81bc93b17d1","SupertrendTrendTypeStrategy","BTC-USDT","Bybit Perpetual","long","7230.05","7142.31","14.737831822932684","116.49958351825464","106555.26097139445","-1409.5969476623652","-13.22878790603105","64800.0","1587218400000.0","1587283200000.0"
"85d5a567-d3c9-4cf8-83e7-8b744e02cad5","SupertrendTrendTypeStrategy","BTC-USDT","Bybit Perpetual","short","6964.2","6884.45","15.098024758584202","114.99799331513191","105145.6640237321","1089.0694811819583","10.357721274518251","122400.0","1587384000000.0","1587506400000.0"
"b4288f94-60be-43a8-b43f-2bd7a4428469","SupertrendTrendTypeStrategy","BTC-USDT","Bybit Perpetual","long","7056.18","7230.44","15.05555888666588","118.30117678578017","106234.73350491405","2505.2805148046054","23.582499170939414","86400.0","1587564000000.0","1587650400000.0"
"12a5ba39-090f-4b03-a1ec-2e123a39566b","SupertrendTrendTypeStrategy","BTC-USDT","Bybit Perpetual","long","7230.44","7538.61","15.039197340648519","122.16306161614776","108740.01401971867","4512.466382851508","41.49775428604623","3600.0","1587650400000.0","1587654000000.0"
"71c60944-b21d-4688-9dda-b20dc93cd245","SupertrendTrendTypeStrategy","BTC-USDT","Bybit Perpetual","long","7538.61","7479.21","15.022992355695571","124.08692728256665","113252.48040257019","-1016.4526732108781","-8.97510296991085","126000.0","1587654000000.0","1587780000000.0"
"58d3618e-9d4e-43ca-932f-37093a5dda78","SupertrendTrendTypeStrategy","BTC-USDT","Bybit Perpetual","long","7531.27","7532.97","14.90266950054364","123.47356449827825","112236.02772935931","-98.13902634735678","-0.8743986074062121","25200.0","1587830400000.0","1587855600000.0"
"a05a9b35-f1d8-4de0-bd02-6de393d86ecd","SupertrendTrendTypeStrategy","BTC-USDT","Bybit Perpetual","long","7679.41","7660.41","14.602409391217808","123.19908239517493","112137.88870301195","-400.64486082831326","-3.5727876230074966","100800.0","1587909600000.0","1588010400000.0"
"516b60a3-e9a1-40f0-a826-4b3538582e8e","SupertrendTrendTypeStrategy","BTC-USDT","Bybit Perpetual","long","7781.77","7942.99","14.35884687444934","124.1841815376063","111737.24384218364","2190.7491115611065","19.606256931263623","14400.0","1588129200000.0","1588143600000.0"
"6075a670-1d2a-4ddc-a738-52914b4c7e00","SupertrendTrendTypeStrategy","BTC-USDT","Bybit Perpetual","long","7942.99","8238.5","14.34321243684617","127.65200173808606","113927.99295374475","4110.910705474328","36.083411977101846","21600.0","1588143600000.0","1588165200000.0"
"b6419f62-0c1c-4168-b19a-12624d57f336","SupertrendTrendTypeStrategy","BTC-USDT","Bybit Perpetual","long","8238.5","8593.88","14.327717868449243","132.64327543199022","118038.90365921908","4959.14110065749","42.012768222370475","14400.0","1588165200000.0","1588179600000.0"
"bdb1625b-ed8e-4631-a154-338eadb2cbe2","SupertrendTrendTypeStrategy","BTC-USDT","Bybit Perpetual","long","8593.88","9306.03","14.312283248064503","140.90372011917427","122998.04475987656","10051.588794989982","81.72153317244383","39600.0","1588179600000.0","1588219200000.0"
"d010d3b8-486c-43bd-b9fb-e893301e0c83","SupertrendTrendTypeStrategy","BTC-USDT","Bybit Perpetual","long","9306.03","8644.0","14.297142127724339","141.14877155880365","133049.63355486654","-9606.285774376156","-72.20076837276481","21600.0","1588219200000.0","1588240800000.0"
"d2e08fc6-d758-4772-99e1-9c43dd2e0f16","SupertrendTrendTypeStrategy","BTC-USDT","Bybit Perpetual","long","9130.47","8774.17","13.519933560976641","133.13824877826264","123443.34778049038","-4950.29057655423","-40.10172006479396","50400.0","1588467600000.0","1588518000000.0"
"7bbc0238-c8cd-4cb9-aa9d-0cc18962ae8a","SupertrendTrendTypeStrategy","BTC-USDT","Bybit Perpetual","long","9050.0","8844.68","13.093155492147641","128.86380524722352","118493.05720393616","-2817.1504908949732","-23.774814806629802","39600.0","1588654800000.0","1588694400000.0"
"7972f2cb-510a-475e-a04e-39b499232c0f","SupertrendTrendTypeStrategy","BTC-USDT","Bybit Perpetual","long","9230.41","9632.86","12.532044265968812","130.01743405250687","115675.90671304119","4913.50378078665","42.47646653832285","108000.0","1588762800000.0","1588870800000.0"
"fda425c3-3afc-47b6-8e55-70de53e830fd","SupertrendTrendTypeStrategy","BTC-USDT","Bybit Perpetual","long","9632.86","9982.92","12.518546983328715","135.05858494955186","120589.41049382785","4247.1839720344915","35.22020677140532","86400.0","1588870800000.0","1588957200000.0"
"0a2c5303-4a4a-412a-a203-705f139230b9","SupertrendTrendTypeStrategy","BTC-USDT","Bybit Perpetual","short","8695.84","8923.21","14.355898276171402","139.11550923752776","124836.59446586232","-3403.216100290605","-27.26136606699284","126000.0","1589072400000.0","1589198400000.0"
"7adf24a9-e094-4b8d-bb9a-654556310968","SupertrendTrendTypeStrategy","BTC-USDT","Bybit Perpetual","short","8500.6","8701.4","14.285271435612982","135.15438157947798","121433.37836557171","-3003.6368858505543","-24.734854010305067","46800.0","1589220000000.0","1589266800000.0"
"1cb3f2d7-c232-4f8c-b6bb-649c0bdb6244","SupertrendTrendTypeStrategy","BTC-USDT","Bybit Perpetual","long","9344.41","9800.0","12.67385971717007","133.44846168939333","118429.74147972117","5640.635286856121","47.628536686639414","43200.0","1589407200000.0","1589450400000.0"
"c0d1eca5-a44d-4959-b30f-1316724f77ec","SupertrendTrendTypeStrategy","BTC-USDT","Bybit Perpetual","long","9800.0","9440.59","12.660242527201765","133.97479467154915","124070.3767665773","-4684.192561373134","-37.7543188265306","68400.0","1589450400000.0","1589518800000.0"
"70c791ce-c09c-4ec1-91ae-3db949caab10","SupertrendTrendTypeStrategy","BTC-USDT","Bybit Perpetual","long","9612.62","9523.63","12.419734079283707","130.71692495108107","119386.18420520416","-1235.9490606665581","-10.352530059442858","14400.0","1589533200000.0","1589547600000.0"
"54d449bf-cd97-47d2-bc08-bcc9cf2854f6","SupertrendTrendTypeStrategy","BTC-USDT","Bybit Perpetual","long","9818.43","9577.54","12.033516065657912","128.3709441322104","118150.23514453761","-3027.1246291885377","-25.620978455822307","64800.0","1589731200000.0","1589796000000.0"
"b871608f-db76-4063-8da4-eb783faa9039","SupertrendTrendTypeStrategy","BTC-USDT","Bybit Perpetual","short","9410.03","9008.81","12.234085387118752","123.9357137104231","115123.11051534908","4784.6240253093765","41.56093423719171","93600.0","1589990400000.0","1590084000000.0"
"f62a0bb7-91fd-4913-8225-153f2b9cd564","SupertrendTrendTypeStrategy","BTC-USDT","Bybit Perpetual","short","9008.81","9168.45","13.310052553073985","133.0671572289893","119907.73454065845","-2257.883946801737","-18.830177681625123","68400.0","1590084000000.0","1590152400000.0"
"f1825eee-d588-4513-8cd4-9430b70facd3","SupertrendTrendTypeStrategy","BTC-USDT","Bybit Perpetual","short","9156.53","8711.37","12.84873752326009","126.26897645552245","117649.85059385671","5593.475019398937","47.54340945751281","39600.0","1590325200000.0","1590364800000.0"
"303a5738-0e17-4f76-b567-144b9d2abc3e","SupertrendTrendTypeStrategy","BTC-USDT","Bybit Perpetual","short","8711.37","8922.18","14.147410294047392","137.2079867348297","123243.32561325564","-3119.6235508229533","-25.31271803401755","72000.0","1590364800000.0","1590436800000.0"
"88744c81-3133-4cc9-995a-6df4a631acf4","SupertrendTrendTypeStrategy","BTC-USDT","Bybit Perpetual","short","8811.63","8850.4","13.632404227416801","132.42676284021928","120123.7020624327","-660.9550747371745","-5.5022869208081175","46800.0","1590498000000.0","1590544800000.0"
"8ae0a2f9-ab33-4da5-a32c-8c8eb20f988b","SupertrendTrendTypeStrategy","BTC-USDT","Bybit Perpetual","long","9122.65","9415.7","13.09518034646682","133.51967011675777","119462.74698769553","3704.022930415358","31.005673515919284","93600.0","1590577200000.0","1590670800000.0"
"ddd940bf-cff7-411a-b26f-c9be916e31e9","SupertrendTrendTypeStrategy","BTC-USDT","Bybit Perpetual","long","9415.7","9392.98","13.08099981075341","135.3199867362868","123166.76991811089","-432.5203024366195","-3.5116639230223097","86400.0","1590670800000.0","1590757200000.0"
"72793ac2-93ad-4b46-9ba4-fabb7e989ecb","SupertrendTrendTypeStrategy","BTC-USDT","Bybit Perpetual","long","9554.69","9470.09","12.845445494900856","134.40997599836396","122734.24961567427","-1221.134664866981","-9.949420546349526","118800.0","1590818400000.0","1590937200000.0"
"9cd07257-7b7f-4f3c-84f8-d8f9bd5ca1a4","SupertrendTrendTypeStrategy","BTC-USDT","Bybit Perpetual","long","9544.98","10232.48","12.730578267404153","138.4781763532502","121513.11495080728","8613.794382487105","70.88777524939812","68400.0","1590987600000.0","1591056000000.0"
"04c1ddcb-ecf6-44e3-bc53-0ee386b6861a","SupertrendTrendTypeStrategy","BTC-USDT","Bybit Perpetual","long","10232.48","9584.47","12.717045069552485","138.6071754600875","130126.9093332944","-8379.379550980795","-64.39390279775775","54000.0","1591056000000.0","1591110000000.0"
"6db78fa1-0452-45bd-a1a1-70b6edbc83f2","SupertrendTrendTypeStrategy","BTC-USDT","Bybit Perpetual","short","9467.9","9607.49","12.858979264917629","134.9095244641194","121747.52978231362","-1929.894440053973","-15.851610652837497","111600.0","1591113600000.0","1591225200000.0"
"2ea7c7ff-5b49-4901-b0f2-80dc7358376c","SupertrendTrendTypeStrategy","BTC-USDT","Bybit Perpetual","long","9757.16","9697.25","12.27997033381226","131.39476771400132","119817.63534225963","-867.087790412692","-7.2367292839309645","79200.0","1591279200000.0","1591358400000.0"
"dd9e820e-fc66-4f4d-af53-97c8f423792a","SupertrendTrendTypeStrategy","BTC-USDT","Bybit Perpetual","short","9573.97","9732.0","12.424370198762576","131.9254850794124","118950.54755184693","-2095.34870758987","-17.615292663336174","32400.0","1591531200000.0","1591563600000.0"
"6fba05a5-06d5-48bc-9059-59fee46dbcaa","SupertrendTrendTypeStrategy","BTC-USDT","Bybit Perpetual","long","9732.0","9678.53","12.007315951937635","128.18760157751024","116855.19884425706","-770.2187855276077","-6.591223951911153","111600.0","1591563600000.0","1591675200000.0"
"5813b11a-779f-4c5a-8ada-099f0a3c320c","SupertrendTrendTypeStrategy","BTC-USDT","Bybit Perpetual","long","9771.35","9729.63","11.880137346296003","127.4208764330543","116084.98005872946","-623.0602065205373","-5.3672766813184625","46800.0","1591743600000.0","1591790400000.0"
"a7cdfe40-a9dd-416e-a9da-cf54562be0f2","SupertrendTrendTypeStrategy","BTC-USDT","Bybit Perpetual","long","9831.1","9801.1","11.744557562450684","126.81432663764939","115461.91985220893","-479.1510535111699","-4.149862172086541","54000.0","1591815600000.0","1591869600000.0"
"0adad8e8-d95d-4905-81e0-1a053cafdf9f","SupertrendTrendTypeStrategy","BTC-USDT","Bybit Perpetual","short","9640.01","9083.01","11.927660738806054","122.8270068112343","114982.76879869775","6520.880024703738","56.71180206244599","10800.0","1591884000000.0","1591894800000.0"
"c9ad18fe-f20b-43b3-a7e7-0ec526deb543","SupertrendTrendTypeStrategy","BTC-USDT","Bybit Perpetual","short","9083.01","9377.87","13.377024667307587","135.82340592711293","121503.6488234015","-4080.172899329436","-33.580661476757214","46800.0","1591894800000.0","1591941600000.0"
"1efdc079-f4ab-4230-a537-16c865cfb46c","SupertrendTrendTypeStrategy","BTC-USDT","Bybit Perpetual","short","9414.3","9160.68","12.472884433688334","127.42596839393968","117423.47592407207","3035.946981678083","25.85468500047789","43200.0","1592150400000.0","1592193600000.0"
"32594891-c100-4501-829e-a0651f04009b","SupertrendTrendTypeStrategy","BTC-USDT","Bybit Perpetual","short","9160.68","9356.08","13.14961584792288","133.91855441150147","120459.42290575017","-2703.3534910956273","-22.44202591947319","46800.0","1592193600000.0","1592240400000.0"
"3de3e810-80d3-4f6f-bd09-ce3288a4232c","SupertrendTrendTypeStrategy","BTC-USDT","Bybit Perpetual","short","9293.61","9433.54","12.670648909805182","130.50682850219198","117756.06941465454","-1903.5107304512348","-16.164863008023826","46800.0","1592424000000.0","1592470800000.0"
"a4b2e1a0-6b1a-4f36-8a1f-024f93b7245f","SupertrendTrendTypeStrategy","BTC-USDT","Bybit Perpetual","short","9365.24","9379.51","12.370484758981437","127.53490430225452","115852.55868420331","-304.06172181292504","-2.62455767284132","54000.0","1592517600000.0","1592571600000.0"
"44193e8f-32a7-4471-983e-c6c5da66c363","SupertrendTrendTypeStrategy","BTC-USDT","Bybit Perpetual","short","9319.86","9329.39","12.398093636856172","127.168331266427","115548.49696239037","-245.3221636256519","-2.123109950149341","97200.0","1592593200000.0","1592690400000.0"
"76421ed6-0169-491c-8afc-b4ae98732f80","SupertrendTrendTypeStrategy","BTC-USDT","Bybit Perpetual","short","9320.35","9381.65","12.371120698124503","127.25058461297846","115303.17479876472","-885.6002834080016","-7.680623581732368","7200.0","1592787600000.0","1592794800000.0"
"931040db-2c4a-49be-8692-2afea8961ebc","SupertrendTrendTypeStrategy","BTC-USDT","Bybit Perpetual","long","9405.39","9584.75","12.165106871204355","127.05939542952297","114417.57451535671","2054.8741729896974","17.959427838718074","43200.0","1592802000000.0","1592845200000.0"
"a3f9429c-1a4a-4c36-932a-4b64ddf44808","SupertrendTrendTypeStrategy","BTC-USDT","Bybit Perpetual","long","9584.75","9519.0","12.151850459150882","127.68025226495202","116472.44868834641","-926.6644199541225","-7.9560825790970044","140400.0","1592845200000.0","1592985600000.0"
"042c2686-267a-4c51-b4cc-545d8a79f56f","SupertrendTrendTypeStrategy","BTC-USDT","Bybit Perpetual","short","9384.16","9099.65","12.312853176884484","125.17364127368607","115545.78426839231","3377.9562160817213","29.23478547893474","61200.0","1592996400000.0","1593057600000.0"
"b7dee67b-0243-47cc-98f7-1158f082372d","SupertrendTrendTypeStrategy","BTC-USDT","Bybit Perpetual","short","9099.65","9270.18","13.069045565980453","132.0418799201231","118923.74048447402","-2360.7062202867783","-19.850588374278207","61200.0","1593057600000.0","1593118800000.0"
"eb2a3404-fe16-421c-8ed8-fed80d6c1736","SupertrendTrendTypeStrategy","BTC-USDT","Bybit Perpetual","short","9212.37","8932.93","12.652882403137003","126.27469088830304","116563.03426418724","3409.4467678443075","29.249811394896263","122400.0","1593165600000.0","1593288000000.0"
"5a009476-936f-4f4c-94da-979f14b7928e","SupertrendTrendTypeStrategy","BTC-USDT","Bybit Perpetual","short","8932.93","9046.63","13.430361710215076","132.809596804783","119972.48103203156","-1659.8417232562224","-13.835187111059744","61200.0","1593288000000.0","1593349200000.0"
"b1a0f009-d427-4d72-b842-f482972b9a9e","SupertrendTrendTypeStrategy","BTC-USDT","Bybit Perpetual","long","9212.07","9214.64","12.843219744180772","130.1620571307613","118312.63930877535","-97.15498238822045","-0.8211716259212415","72000.0","1593612000000.0","1593684000000.0"
"0774665f-4fc4-44be-a46c-71c5a25f0e97","SupertrendTrendTypeStrategy","BTC-USDT","Bybit Perpetual","short","9049.61","9169.98","13.06304739390837","130.90185221716848","118215.48432638713","-1703.3008670219056","-14.408441302995264","180000.0","1593705600000.0","1593885600000.0"
"3885ef7a-f950-46be-a505-ea457ce10468","SupertrendTrendTypeStrategy","BTC-USDT","Bybit Perpetual","long","9169.98","9080.75","12.705827434668914","127.53984426520424","116512.18345936523","-1261.280826260706","-10.82531275967882","43200.0","1593885600000.0","1593928800000.0"
"f045aaac-e50b-4ce6-ac5b-7915d5e6e6a5","SupertrendTrendTypeStrategy","BTC-USDT","Bybit Perpetual","short","9021.07","9086.35","12.775746406258296","127.23469329538528","115250.90263310452","-961.2354186959353","-8.340372150975513","57600.0","1593943200000.0","1594000800000.0"
"21628b18-212e-4574-9df9-4f9c687deebb","SupertrendTrendTypeStrategy","BTC-USDT","Bybit Perpetual","long","9222.0","9249.31","12.3931541113","125.90478530717823","114289.66721440859","212.55225347241847","1.8597678919973426","100800.0","1594018800000.0","1594119600000.0"
"8a22e406-cf91-4390-a53d-2ec1f3901377","SupertrendTrendTypeStrategy","BTC-USDT","Bybit Perpetual","long","9433.0","9298.41","12.13847338788095","125.0538969913679","114502.219467881","-1758.7710302662667","-15.3601479380897","90000.0","1594216800000.0","1594306800000.0"
"d5334082-653a-4caa-97ff-af0a94f43865","SupertrendTrendTypeStrategy","BTC-USDT","Bybit Perpetual","short","9211.0","9234.43","12.240087768712923","124.17552517240775","112743.44843761474","-410.9607815933551","-3.6450967864510138","100800.0","1594310400000.0","1594411200000.0"
"9f26bf6f-9d80-4e86-9e93-0ed7f6dad82d","SupertrendTrendTypeStrategy","BTC-USDT","Bybit Perpetual","long","9299.29","9250.47","12.079684326009982","123.24138481778581","112332.48765602137","-712.9715736136117","-6.346975736857495","79200.0","1594594800000.0","1594674000000.0"
"4c96735d-00a8-4cce-b824-0d9ad9b29647","SupertrendTrendTypeStrategy","BTC-USDT","Bybit Perpetual","short","9190.19","9248.75","12.145506902730821","123.1726501769717","111619.51608240778","-834.4135344008824","-7.4755165018350525","46800.0","1594702800000.0","1594749600000.0"
"a7057509-620e-4dfb-8d57-8c58262423d2","SupertrendTrendTypeStrategy","BTC-USDT","Bybit Perpetual","short","9185.64","9072.75","12.060684127399602","121.1147709556794","110785.10254800688","1240.4158601864547","11.196594412583057","54000.0","1594839600000.0","1594893600000.0"
"9672e0ac-af6f-45e5-b9d3-cc5b9fbece15","SupertrendTrendTypeStrategy","BTC-USDT","Bybit Perpetual","short","9072.75","9162.06","12.34747109842036","123.83458420310262","112025.51840819333","-1226.5872280030187","-10.949176986029538","97200.0","1594893600000.0","1594990800000.0"
"4e39fb36-38f5-49d4-bbb6-ed1e53ddb8e6","SupertrendTrendTypeStrategy","BTC-USDT","Bybit Perpetual","short","9126.96","9167.09","12.13974107262334","122.14676659329375","110798.9311801903","-609.3145758376806","-5.499282072015328","28800.0","1595160000000.0","1595188800000.0"
"1e6cb14e-73a1-412b-bc1f-3c6f4fe6800b","SupertrendTrendTypeStrategy","BTC-USDT","Bybit Perpetual","long","9187.0","9150.39","11.994080396685817","120.96707145896039","110189.6166043526","-560.0703547816352","-5.082787036029235","46800.0","1595199600000.0","1595246400000.0"
"b88b87b3-bde5-4bd7-ab68-42977b072c33","SupertrendTrendTypeStrategy","BTC-USDT","Bybit Perpetual","long","9314.87","9309.16","11.769305019777082","120.55553937211346","109629.54624957097","-187.75827103505173","-1.7126612072955336","90000.0","1595318400000.0","1595408400000.0"
"b046edd2-3513-4160-9e64-85204f3c8476","SupertrendTrendTypeStrategy","BTC-USDT","Bybit Perpetual","long","9500.48","9480.0","11.519606165008074","120.25620993254685","109441.78797853591","-356.1777441919072","-3.2544949307823994","115200.0","1595458800000.0","1595574000000.0"
"8c0d6881-48d1-4fe3-a2f0-2c1724b9d17a","SupertrendTrendTypeStrategy","BTC-USDT","Bybit Perpetual","long","9615.73","9775.0","11.344495970076531","120.98793208801315","109085.610234344","1685.8499410660809","15.454375122845631","129600.0","1595624400000.0","1595754000000.0"
"091ee51b-8a50-4480-8554-81bfc2a4d2f5","SupertrendTrendTypeStrategy","BTC-USDT","Bybit Perpetual","long","9775.0","10012.01","11.332118688021492","123.32581019058749","110771.46017541009","2562.4996400573887","23.133211713555006","7200.0","1595754000000.0","1595761200000.0"
"1cf0bea9-3bc5-4f09-a01e-151e2b528c1f","SupertrendTrendTypeStrategy","BTC-USDT","Bybit Perpetual","long","10012.01","10347.1","11.319800900665049","126.75358944310634","113333.95981546747","3666.3984943607466","32.35039612425478","97200.0","1595761200000.0","1595858400000.0"
"811e6bc3-42ce-410c-9626-a4971427dd6c","SupertrendTrendTypeStrategy","BTC-USDT","Bybit Perpetual","long","10347.1","10885.24","11.30755074463649","132.0471690875563","117000.35830982823","5952.998188631118","50.88017057919605","14400.0","1595858400000.0","1595872800000.0"
"cde641ea-8274-4402-bf94-bd6daf9f296c","SupertrendTrendTypeStrategy","BTC-USDT","Bybit Perpetual","long","10885.24","10909.2","11.295419898730698","135.39754319173076","122953.35649845934","135.24071758186741","1.0999351415311875","115200.0","1595872800000.0","1595988000000.0"
"d1e1c866-fb96-4ccf-be0f-e69ac2a861ed","SupertrendTrendTypeStrategy","BTC-USDT","Bybit Perpetual","long","11113.03","10993.0","11.076060913723907","134.66625416233447","123088.5972160412","-1464.1258456366224","-11.89489423676537","10800.0","1596067200000.0","1596078000000.0"
"3496cabc-d8e9-4ee7-bd3b-8892694d3e08","SupertrendTrendTypeStrategy","BTC-USDT","Bybit Perpetual","long","11355.05","11712.84","10.71104674751803","135.894686486132","121624.47137040459","3696.4107293083534","30.391998317929108","64800.0","1596211200000.0","1596276000000.0"
"8148b4f6-ede8-4aec-af65-f27ee886362b","SupertrendTrendTypeStrategy","BTC-USDT","Bybit Perpetual","long","11712.84","11260.0","10.699444549717484","135.1881452512425","125320.88209971294","-4980.3246151453095","-39.740580593604975","72000.0","1596276000000.0","1596348000000.0"
"793fde7c-b163-44de-8fa9-b8c8c43519b1","SupertrendTrendTypeStrategy","BTC-USDT","Bybit Perpetual","long","11625.45","11761.57","10.35147521038477","133.14958677612506","120340.55748456763","1275.8932188614392","10.602354231449015","165600.0","1596639600000.0","1596805200000.0"
"d6525fa6-4daa-4c02-b4c3-234333601aa5","SupertrendTrendTypeStrategy","BTC-USDT","Bybit Perpetual","long","11865.53","11822.61","10.249559076031924","133.53614468222315","121616.45070342907","-573.447220225514","-4.715210951386079","75600.0","1597024800000.0","1597100400000.0"
"7e60bbae-6f4c-4412-8ab2-21753235bf03","SupertrendTrendTypeStrategy","BTC-USDT","Bybit Perpetual","short","11493.15","11514.0","10.531751824626284","133.26807669557283","121043.00348320356","-352.85510223903464","-2.9151218334399505","75600.0","1597161600000.0","1597237200000.0"
"49e9c809-fd27-409d-b4fa-1bc6295b7ab0","SupertrendTrendTypeStrategy","BTC-USDT","Bybit Perpetual","short","11475.46","11609.26","10.517238383556261","133.53312679170688","120690.14838096453","-1540.7396225115463","-12.766076131153008","36000.0","1597316400000.0","1597352400000.0"
"215aae3f-995e-4ae8-b68c-188900ae83c6","SupertrendTrendTypeStrategy","BTC-USDT","Bybit Perpetual","long","11694.01","11814.56","10.188926532340316","131.73990093570876","119149.40875845298","1096.535192537909","9.203026720517538","147600.0","1597356000000.0","1597503600000.0"
"d925ac50-b3e5-4c3d-96bf-bb8b2e65d033","SupertrendTrendTypeStrategy","BTC-USDT","Bybit Perpetual","long","11901.76","11802.01","10.103206916539309","131.71625115663136","120245.94395099088","-1139.5111410814275","-9.47650376919044","46800.0","1597528800000.0","1597575600000.0"
"181ac4b8-1cb7-4fcc-ab26-bc8351b8469e","SupertrendTrendTypeStrategy","BTC-USDT","Bybit Perpetual","long","12132.85","12181.03","9.816855298623938","131.27721293945865","119106.43280990946","341.69887534824556","2.868853237285575","86400.0","1597672800000.0","1597759200000.0"
"0dbf60bc-6e8c-4896-bc6f-825e5e033172","SupertrendTrendTypeStrategy","BTC-USDT","Bybit Perpetual","short","11766.81","11825.0","10.15127563759912","131.71783135492703","119448.1316852577","-722.4205607068251","-6.047985435304939","111600.0","1597813200000.0","1597924800000.0"
"8f5398a0-7138-4907-aee8-5f4a77e9f667","SupertrendTrendTypeStrategy","BTC-USDT","Bybit Perpetual","short","11765.44","11429.2","10.09105576370717","128.73212311251208","118725.71112455089","3264.2844668763846","27.49433493350013","43200.0","1598014800000.0","1598058000000.0"
"535210e3-a003-4b66-8a58-4382f85786b2","SupertrendTrendTypeStrategy","BTC-USDT","Bybit Perpetual","short","11429.2","11624.79","10.673537569683553","135.33719561785995","121989.99559142727","-2222.9744088722678","-18.222596025968585","50400.0","1598058000000.0","1598108400000.0"
"c2d755b6-e7b4-461f-a2e0-579062055be2","SupertrendTrendTypeStrategy","BTC-USDT","Bybit Perpetual","long","11755.1","11675.08","10.1885157236055","131.29531653529892","119767.021182555","-946.5803447382154","-7.903514134290686","75600.0","1598252400000.0","1598328000000.0"
"e74d3a66-4c8d-48f3-9f84-542b2186b555","SupertrendTrendTypeStrategy","BTC-USDT","Bybit Perpetual","short","11616.84","11405.1","10.228292791999959","129.51132862792053","118820.4408378168","2036.2273871501484","17.137012561075107","28800.0","1598338800000.0","1598367600000.0"
"ef83d366-91d9-4120-a9c5-8b56f8aa064e","SupertrendTrendTypeStrategy","BTC-USDT","Bybit Perpetual","short","11405.1","11450.0","10.59672148643738","133.20402108457125","120856.66822496697","-608.9968158256057","-5.039000534848413","86400.0","1598367600000.0","1598454000000.0"
"4b7b496d-764f-4f17-81dd-69bb54fbbcaa","SupertrendTrendTypeStrategy","BTC-USDT","Bybit Perpetual","short","11358.9","11376.83","10.586207415255117","132.37683443448103","120247.67140914135","-322.18753339000835","-2.6793660917870823","50400.0","1598533200000.0","1598583600000.0"
"d0943cd9-9122-4593-acb7-2e8b942c5370","SupertrendTrendTypeStrategy","BTC-USDT","Bybit Perpetual","long","11623.4","11603.0","10.317590711474384","131.80226889554376","119925.48387575135","-342.2811194096174","-2.8541149749642654","115200.0","1598752800000.0","1598868000000.0"
"6be09048-0619-4303-acfa-9715e359e9a3","SupertrendTrendTypeStrategy","BTC-USDT","Bybit Perpetual","long","11688.99","11658.11","10.23041364192644","131.36776968668144","119583.20275634174","-447.28294294936165","-3.7403492517316885","43200.0","1598875200000.0","1598918400000.0"
"e2479d75-8752-451e-87c5-5229240eb7d4","SupertrendTrendTypeStrategy","BTC-USDT","Bybit Perpetual","long","11805.78","12049.13","10.091321353895497","132.4001594730404","119135.91981339238","2323.322891997414","19.501447553655797","36000.0","1598940000000.0","1598976000000.0"
"071c7a0c-68a7-4ac0-b8a2-70ff8f807345","SupertrendTrendTypeStrategy","BTC-USDT","Bybit Perpetual","long","12049.13","11844.12","10.080332995443639","132.46855398886106","121459.2427053898","-2199.0376213847453","-18.10514846300093","43200.0","1598976000000.0","1599019200000.0"
"927ee704-b784-48af-a1f4-b65270e3ef37","SupertrendTrendTypeStrategy","BTC-USDT","Bybit Perpetual","short","11589.87","11290.0","10.290038204397895","129.4891050264115","119260.20508400504","2956.1846513263936","24.78768713540366","64800.0","1599044400000.0","1599109200000.0"
"1ad2e7f2-e86f-45eb-80aa-3c47ae22cc58","SupertrendTrendTypeStrategy","BTC-USDT","Bybit Perpetual","short","11218.97","10683.59","10.893726405840416","131.23027292512725","122216.38973533145","5701.052970233706","46.64720486818302","14400.0","1599134400000.0","1599148800000.0"
"700d968d-90bb-455c-b543-9fa5142dd061","SupertrendTrendTypeStrategy","BTC-USDT","Bybit Perpetual","short","10683.59","10586.0","11.973263922105318","140.06652802173463","127917.44270556515","1028.404298136525","8.039593947352916","104400.0","1599148800000.0","1599253200000.0"
"0d81afca-0787-4405-aabf-b21b08349d56","SupertrendTrendTypeStrategy","BTC-USDT","Bybit Perpetual","short","10308.0","10219.98","12.509298312349795","141.23484406347268","128945.84700370168","959.8335933895618","7.4436952852154095","72000.0","1599314400000.0","1599386400000.0"
"ad7e2d1c-6549-4bd2-b226-dd25962b9110","SupertrendTrendTypeStrategy","BTC-USDT","Bybit Perpetual","short","9950.84","10154.11","13.054745187048656","144.35574958659464","129905.68059709125","-2797.993803757981","-21.538656284293634","28800.0","1599483600000.0","1599512400000.0"
"6cf09c2d-2245-464a-88b2-8f958b4314a9","SupertrendTrendTypeStrategy","BTC-USDT","Bybit Perpetual","short","10018.33","10191.96","12.687512468977692","141.03006850716034","127107.68679333328","-2343.962858495747","-18.44076402953378","79200.0","1599559200000.0","1599638400000.0"
"5c3e75fc-4b18-4e7e-9fac-20ec07fc117f","SupertrendTrendTypeStrategy","BTC-USDT","Bybit Perpetual","long","10451.37","10290.29","11.937547320096554","136.18250126104465","124763.72393483753","-2059.082623582197","-16.503856719262636","64800.0","1599937200000.0","1600002000000.0"
"76fcc573-86e7-43f4-bc18-8e57bdc13411","SupertrendTrendTypeStrategy","BTC-USDT","Bybit Perpetual","short","10290.29","10395.81","11.924313242022851","135.6671448856949","122704.64131125534","-1393.9206781839296","-11.359967017450295","68400.0","1600002000000.0","1600070400000.0"
"59079ac5-094e-4a61-88a6-73e552194bbd","SupertrendTrendTypeStrategy","BTC-USDT","Bybit Perpetual","long","10465.46","10688.0","11.59153258748984","134.86056151048956","121310.72063307143","2444.71910050951","20.152539592144148","14400.0","1600084800000.0","1600099200000.0"
"d614c7dd-fb69-4151-87c0-68eb39d93b61","SupertrendTrendTypeStrategy","BTC-USDT","Bybit Perpetual","long","10688.0","10732.51","11.578914645731748","136.41444132692385","123755.43973358092","378.96304955459874","3.062193066991038","126000.0","1600099200000.0","1600225200000.0"
"ccb6ddf7-e080-461f-897d-5396bb45925f","SupertrendTrendTypeStrategy","BTC-USDT","Bybit Perpetual","long","10998.0","10908.51","11.286997888992136","135.99230266885183","124134.40278313552","-1146.0657437547557","-9.232458674304398","50400.0","1600272000000.0","1600322400000.0"
"2c11b038-32d4-44ad-ab8e-9d2156033d02","SupertrendTrendTypeStrategy","BTC-USDT","Bybit Perpetual","long","11130.7","10932.99","11.049470117726717","134.08564583798218","122988.33703938077","-2318.676382813742","-18.85281514190491","50400.0","1600516800000.0","1600567200000.0"
"6e80e32a-a73e-433d-88f6-03e4ff131992","SupertrendTrendTypeStrategy","BTC-USDT","Bybit Perpetual","short","10696.27","10410.72","11.28147107884964","130.9648434856127","120669.66065656704","3090.4592230799144","25.61090506316698","18000.0","1600682400000.0","1600700400000.0"
"cb33a3f9-06e6-4e40-a48c-a8db1d478a20","SupertrendTrendTypeStrategy","BTC-USDT","Bybit Perpetual","short","10410.72","10509.5","11.887757991728426","136.78198187154428","123760.11987964695","-1311.054716294486","-10.593515241981406","108000.0","1600700400000.0","1600808400000.0"
"8260c293-722b-4b2d-b868-d66d771fec70","SupertrendTrendTypeStrategy","BTC-USDT","Bybit Perpetual","short","10288.97","10406.49","11.901003226110337","135.4632049242106","122449.06516335247","-1534.0691040567026","-12.52822226131483","57600.0","1600891200000.0","1600948800000.0"
"ab15a4ef-3d7b-4892-9976-f085110841c3","SupertrendTrendTypeStrategy","BTC-USDT","Bybit Perpetual","long","10664.06","10667.25","11.33855173914023","133.02638915425166","120914.99605929577","-96.85640910638855","-0.8010289233180881","226800.0","1600966800000.0","1601193600000.0"
"12020261-ef1f-4cd8-a950-653b3ba8de63","SupertrendTrendTypeStrategy","BTC-USDT","Bybit Perpetual","short","10642.35","10722.16","11.35258092904193","133.39828083137908","120818.13965018938","-1039.4477647782096","-8.603408128843675","32400.0","1601197200000.0","1601229600000.0"
"2526ba0f-0f5d-49be-b99f-9d184c6bb19b","SupertrendTrendTypeStrategy","BTC-USDT","Bybit Perpetual","long","10884.23","10691.45","11.004792427706064","130.58973393763506","119778.69188541117","-2252.0936181507973","-18.80212233662821","82800.0","1601254800000.0","1601337600000.0"
"39e50e14-3c7c-4a1f-b015-c45bdc4022ab","SupertrendTrendTypeStrategy","BTC-USDT","Bybit Perpetual","short","10691.45","10836.98","10.99257801956333","130.1591205275393","117526.59826726037","-1729.908999714578","-14.719297803384837","86400.0","1601337600000.0","1601424000000.0"
"2fa92e35-1703-4ed0-a1a8-414aacf2853f","SupertrendTrendTypeStrategy","BTC-USDT","Bybit Perpetual","long","10836.98","10694.36","10.685328317256818","126.53819035576645","115796.6892675458","-1650.4797149629228","-14.253254781313519","21600.0","1601424000000.0","1601445600000.0"
"a3cd84dd-2e8e-492e-b0b3-615c8a7fdebb","SupertrendTrendTypeStrategy","BTC-USDT","Bybit Perpetual","long","10869.99","10518.61","10.501040898159323","123.53140984490378","114146.20955258285","-3813.3871606401185","-33.407917578580964","28800.0","1601542800000.0","1601571600000.0"
"0a061a4d-58ad-41d3-a1cc-a36bff803863","SupertrendTrendTypeStrategy","BTC-USDT","Bybit Perpetual","short","10518.61","10548.07","10.489296816969421","121.53606270746236","110332.82239194273","-430.55074693537233","-3.9022907019082487","126000.0","1601571600000.0","1601697600000.0"
"8c963bc8-60af-4fbc-bec7-4b5fbc87eacd","SupertrendTrendTypeStrategy","BTC-USDT","Bybit Perpetual","long","10667.93","10693.32","10.302117809641363","121.03636273366087","109902.2716450074","140.53440845312733","1.2787215982856484","144000.0","1601841600000.0","1601985600000.0"
"b790c0bb-b55c-44f7-958b-977b72ad9aac","SupertrendTrendTypeStrategy","BTC-USDT","Bybit Perpetual","short","10597.55","10619.99","10.383796826007947","121.17524347923316","110042.8060534605","-354.18764425485676","-3.2186351562389905","79200.0","1602010800000.0","1602090000000.0"
"6350addb-f801-478e-b947-bd8af5333560","SupertrendTrendTypeStrategy","BTC-USDT","Bybit Perpetual","short","10558.48","10731.86","10.38867511319865","121.64813392024577","109688.61840920568","-1922.8366250466381","-17.529955732264586","14400.0","1602151200000.0","1602165600000.0"
"206c037e-0b82-4ec3-aac3-a80268ab2155","SupertrendTrendTypeStrategy","BTC-USDT","Bybit Perpetual","long","10731.86","10916.64","10.041668618874922","119.56288470264258","107765.78178415903","1735.936642693054","16.108421559729518","10800.0","1602165600000.0","1602176400000.0"
"4e2a30fd-7d15-4968-b454-584d92c29eb2","SupertrendTrendTypeStrategy","BTC-USDT","Bybit Perpetual","long","10916.64","11072.0","10.030716266804813","121.30899491310325","109501.71842685208","1437.0630842976982","13.123657828782537","108000.0","1602176400000.0","1602284400000.0"
"3a98a31f-6788-4d0f-b969-4a99b0dd436d","SupertrendTrendTypeStrategy","BTC-USDT","Bybit Perpetual","long","11390.93","11328.7","9.739220723079661","121.69932022418632","110938.7815111498","-727.7710258214294","-6.560113748394518","154800.0","1602298800000.0","1602453600000.0"
"0852bcec-38e8-445b-97de-5bdd493101e9","SupertrendTrendTypeStrategy","BTC-USDT","Bybit Perpetual","long","11392.7","11359.32","9.67382714240947","121.05450974135373","110211.01048532838","-443.96685975499173","-4.028334898663268","28800.0","1602468000000.0","1602496800000.0"
"9b83b321-f83b-4b6d-8b82-5324bc2b2b62","SupertrendTrendTypeStrategy","BTC-USDT","Bybit Perpetual","long","11469.04","11452.92","9.570726375143288","120.6588939280887","109767.04362557338","-274.9390030954062","-2.504750005231545","61200.0","1602514800000.0","1602576000000.0"
"ea54df0b-d548-49fc-a2ad-015a91fc3af6","SupertrendTrendTypeStrategy","BTC-USDT","Bybit Perpetual","long","11463.01","11342.27","9.551776071248124","119.80701029116238","109492.10462247796","-1273.088453133659","-11.627216935167969","39600.0","1602788400000.0","1602828000000.0"
"930888ef-bd7d-4eaa-811b-f9b1648714a3","SupertrendTrendTypeStrategy","BTC-USDT","Bybit Perpetual","short","11253.52","11344.99","9.616459220701106","119.5247074249834","108219.01616934432","-999.1422323425072","-9.232593935053151","126000.0","1602842400000.0","1602968400000.0"
"4f84e484-9ca1-4211-90fb-2827cc179eba","SupertrendTrendTypeStrategy","BTC-USDT","Bybit Perpetual","long","11465.51","11635.38","9.351513708243402","118.81555922919262","107219.87393700182","1469.7260743901047","13.707590024342483","46800.0","1603069200000.0","1603116000000.0"
"ff84d546-38c3-4bd5-8e5f-0023361bb5fb","SupertrendTrendTypeStrategy","BTC-USDT","Bybit Perpetual","long","11635.38","11929.74","9.341302132924918","121.07089814524741","108689.60001139193","2628.6347977025366","24.18478674525461","86400.0","1603116000000.0","1603202400000.0"
"cabe9ac3-0941-4720-8c60-36ae2eb56c48","SupertrendTrendTypeStrategy","BTC-USDT","Bybit Perpetual","long","11929.74","12261.34","9.331153470997227","124.15187406004439","111318.23480909446","2970.0586169226394","26.68079153443414","54000.0","1603202400000.0","1603256400000.0"
"6370cb2e-157d-40f1-a832-82796ea1ab1d","SupertrendTrendTypeStrategy","BTC-USDT","Bybit Perpetual","long","12261.34","12738.51","9.321027997430713","128.16336597986253","114288.2934260171","4319.5515635541515","37.79522323824314","36000.0","1603256400000.0","1603292400000.0"
"cd93f5f1-1e50-465b-881a-086e0c422ab6","SupertrendTrendTypeStrategy","BTC-USDT","Bybit Perpetual","long","12738.51","12889.36","9.310966901903853","131.24113713496212","118607.84498957125","1273.3182200172375","10.735531196348736","147600.0","1603292400000.0","1603440000000.0"
"99a56769-7db6-4448-9261-f51068eb494a","SupertrendTrendTypeStrategy","BTC-USDT","Bybit Perpetual","long","13078.51","13016.4","9.16627071505764","131.55615513978563","119881.1632095885","-700.873229252021","-5.846399972168128","57600.0","1603558800000.0","1603616400000.0"
"3845e35b-3b76-432e-adaf-1b677cb69458","SupertrendTrendTypeStrategy","BTC-USDT","Bybit Perpetual","long","13448.85","13314.95","8.861745798364655","130.44569570904957","119180.2899803365","-1317.0334581100738","-11.050765678849839","86400.0","1603800000000.0","1603886400000.0"
"0376e2dc-eb84-437f-865d-a283ded30350","SupertrendTrendTypeStrategy","BTC-USDT","Bybit Perpetual","long","13429.04","13177.72","8.776744765242075","128.43640785252873","117863.25652222644","-2334.2079022531802","-19.804373060174182","50400.0","1603987200000.0","1604037600000.0"
"bce17359-cbf7-4e69-b739-66572c2472d5","SupertrendTrendTypeStrategy","BTC-USDT","Bybit Perpetual","long","13540.01","13666.99","8.53241974119467","127.67784914427587","115529.04861997324","955.7688095926195","8.27297394905909","133200.0","1604073600000.0","1604206800000.0"
"d766f7b7-444b-4e26-b864-223b5267d382","SupertrendTrendTypeStrategy","BTC-USDT","Bybit Perpetual","short","13295.39","13652.3","8.76129375893192","129.85314551804765","116484.81742956585","-3256.846501018438","-27.959407696953598","28800.0","1604322000000.0","1604350800000.0"
"927e32b7-d232-4dd0-a293-92efd63fa698","SupertrendTrendTypeStrategy","BTC-USDT","Bybit Perpetual","short","13386.5","13689.65","8.458370068990954","125.9610532089302","113227.97092854741","-2690.115939623535","-23.7584045493594","36000.0","1604376000000.0","1604412000000.0"
"43bed2bb-84f6-4f66-88bb-0ce17d93b4ec","SupertrendTrendTypeStrategy","BTC-USDT","Bybit Perpetual","long","13775.35","13644.2","8.024322793172143","121.01282602393778","110537.85498892388","-1173.4027603484615","-10.615392893828442","68400.0","1604415600000.0","1604484000000.0"
"f984b634-1a47-4d1c-b388-73b8a8f357cd","SupertrendTrendTypeStrategy","BTC-USDT","Bybit Perpetual","long","13817.05","14302.06","7.915181042883642","122.41231552811792","109364.45222857542","3716.529642080879","33.98297679316498","54000.0","1604494800000.0","1604548800000.0"
"14ee3f17-150b-4055-9f8b-49bdbc34b788","SupertrendTrendTypeStrategy","BTC-USDT","Bybit Perpetual","long","14302.06","14866.45","7.906621974083195","126.84341016449599","113080.9818706563","4335.574965788328","38.34044322985648","32400.0","1604548800000.0","1604581200000.0"
"99da3904-4fca-4182-83c4-8a331e46d5f7","SupertrendTrendTypeStrategy","BTC-USDT","Bybit Perpetual","long","14866.45","15598.75","7.898089781786816","132.33928665105046","117416.55683644462","5651.43186055143","48.13147321653787","39600.0","1604581200000.0","1604620800000.0"
"236de82f-ad3c-45e8-a97d-7d0e0ec0654c","SupertrendTrendTypeStrategy","BTC-USDT","Bybit Perpetual","long","15598.75","15313.0","7.889605814375899","134.13483739289381","123067.98869699605","-2388.5896988508066","-19.40870021636349","140400.0","1604620800000.0","1604761200000.0"
"dd57d662-dba7-4fa7-9d82-8c31b59a538b","SupertrendTrendTypeStrategy","BTC-USDT","Bybit Perpetual","long","15807.88","15099.0","7.6341292442848285","129.77091405168105","120679.39899814525","-5541.452452740304","-45.91879391796997","10800.0","1604923200000.0","1604934000000.0"
"0904f0fe-fcb2-42fd-ac67-c96cf52a5409","SupertrendTrendTypeStrategy","BTC-USDT","Bybit Perpetual","long","15763.01","16391.48","7.3043122186311455","129.17653880496914","115137.94654540494","4461.364561238142","38.74799486265626","115200.0","1605114000000.0","1605229200000.0"
"16072c80-a5fb-41d3-adf8-c650620b421c","SupertrendTrendTypeStrategy","BTC-USDT","Bybit Perpetual","long","16391.48","16175.83","7.29643150628516","130.69383071742567","119599.31110664307","-1704.1692850478178","-14.248989139479756","57600.0","1605229200000.0","1605286800000.0"
"f8ffa2b8-da09-43cb-889e-987ef15582b2","SupertrendTrendTypeStrategy","BTC-USDT","Bybit Perpetual","long","16232.04","16688.82","7.263113066601318","131.50936063636397","117895.14182159526","3186.135425925778","27.025163010933863","21600.0","1605528000000.0","1605549600000.0"
"68e287e6-7444-453f-9522-a8a23e70f76b","SupertrendTrendTypeStrategy","BTC-USDT","Bybit Perpetual","long","16688.82","17146.11","7.255232979175342","135.01416499124906","121081.27724752104","3182.7313240558497","26.285908080978814","75600.0","1605549600000.0","1605625200000.0"
"8e5ff49d-241c-4731-aa78-8bd6789e6db9","SupertrendTrendTypeStrategy","BTC-USDT","Bybit Perpetual","long","17146.11","17831.71","7.247358647038709","139.42324342735992","124264.00857157688","4829.365844982369","38.863753877701626","10800.0","1605625200000.0","1605636000000.0"
"d799bfdc-adfc-4e0d-a0ea-8462dc37f567","SupertrendTrendTypeStrategy","BTC-USDT","Bybit Perpetual","long","17831.71","17652.0","7.239539809505609","141.28715212367376","129093.37441655925","-1442.3048512899204","-11.17257069007959","97200.0","1605636000000.0","1605733200000.0"
"a4908a92-3cb2-4c19-a62c-faef2587fc3a","SupertrendTrendTypeStrategy","BTC-USDT","Bybit Perpetual","long","18656.56","18575.0","6.842154693323384","140.10925114656317","127651.06956526932","-698.1553879340274","-5.46924824297734","122400.0","1605884400000.0","1606006800000.0"
"4a50e181-17e6-4133-837b-2c59c228b249","SupertrendTrendTypeStrategy","BTC-USDT","Bybit Perpetual","long","19033.28","18708.57","6.670049207353399","138.456998172103","126952.91417733529","-2304.2886762918192","-18.150734791901296","68400.0","1606212000000.0","1606280400000.0"
"8c9dd76d-c652-4a57-8f9a-6a0f14357773","SupertrendTrendTypeStrategy","BTC-USDT","Bybit Perpetual","long","19070.38","18995.43","6.536242356001478","136.84404780062755","124648.62550104347","-626.7354123829431","-5.028017034794311","3600.0","1606330800000.0","1606334400000.0"
"dc5ead8d-84f2-4c4f-b097-e2fc0a93e10c","SupertrendTrendTypeStrategy","BTC-USDT","Bybit Perpetual","short","17930.0","16686.31","6.917004466740687","131.6926439906442","124021.89008866053","8470.916641250073","68.3017863636363","46800.0","1606363200000.0","1606410000000.0"
"90862ba3-84fa-407c-9e73-633d7a5bf50c","SupertrendTrendTypeStrategy","BTC-USDT","Bybit Perpetual","short","16686.31","17144.1","7.940210072203537","147.7413092258264","132492.8067299106","-3782.6900781798613","-28.55015431812049","111600.0","1606410000000.0","1606521600000.0"
"b153979d-ad42-4137-a3c9-c939554c6821","SupertrendTrendTypeStrategy","BTC-USDT","Bybit Perpetual","long","18086.25","18618.0","7.116462320919524","143.66242667843576","128710.11665173074","3640.516412470521","28.284617458013685","72000.0","1606651200000.0","1606723200000.0"
"09e13630-7bb5-4182-adaa-e52002f42d1d","SupertrendTrendTypeStrategy","BTC-USDT","Bybit Perpetual","long","18834.23","19563.7","7.027132676207166","148.40504173094348","132350.63306420128","4977.677431581906","37.60977425145605","7200.0","1606741200000.0","1606748400000.0"
"159ce148-a32e-423e-bbe7-e4e165918b36","SupertrendTrendTypeStrategy","BTC-USDT","Bybit Perpetual","long","19563.7","18570.32","7.019546941313921","147.22594889805214","137328.31049578317","-7120.3034894604825","-51.8487663887711","79200.0","1606748400000.0","1606827600000.0"
"e236a332-09cc-4e65-b76e-18562d919206","SupertrendTrendTypeStrategy","BTC-USDT","Bybit Perpetual","short","18673.97","19161.02","6.972700877548944","145.09663738628055","130208.00700632267","-3541.150599796489","-27.19610476508205","36000.0","1607122800000.0","1607158800000.0"
"6f3a45fc-69bb-4f14-987c-09ef8fd9369c","SupertrendTrendTypeStrategy","BTC-USDT","Bybit Perpetual","long","19375.02","19114.18","6.537637453098173","138.39563950288243","126666.85640652617","-1843.672992769011","-14.555291297763832","43200.0","1607299200000.0","1607342400000.0"
"dda69880-edaf-40bc-9447-a1838fb561bf","SupertrendTrendTypeStrategy","BTC-USDT","Bybit Perpetual","short","18792.0","18178.22","6.642357567781884","135.06318132975866","124823.18341375717","3941.8830466233985","31.579734940400105","54000.0","1607421600000.0","1607475600000.0"
"c1483d3c-9a65-4700-91d2-539aba2aa656","SupertrendTrendTypeStrategy","BTC-USDT","Bybit Perpetual","short","18178.22","18511.91","7.083480476107153","142.94160073645833","128765.06646038058","-2506.628200808645","-19.466678888251913","75600.0","1607475600000.0","1607551200000.0"
"792dc9b7-68c9-457d-b05a-7a9eceeb235f","SupertrendTrendTypeStrategy","BTC-USDT","Bybit Perpetual","short","18131.28","18362.52","6.963570043569563","139.76992285081042","126258.43825957194","-1750.0258597258473","-13.860664553192143","18000.0","1607616000000.0","1607634000000.0"
"16716b6c-12f5-4560-96b1-2543fd0f3521","SupertrendTrendTypeStrategy","BTC-USDT","Bybit Perpetual","short","18010.0","18092.32","6.91329330371161","137.27225990744955","124508.4123998461","-706.3745646689873","-5.6733079400332995","75600.0","1607648400000.0","1607724000000.0"
"33ea3ed5-6386-4173-8fb1-4a4ea73dea1b","SupertrendTrendTypeStrategy","BTC-USDT","Bybit Perpetual","long","19243.57","19107.7","6.4334236233285775","135.70148152145893","123802.0378351771","-1009.8107492231062","-8.156656924884468","100800.0","1607846400000.0","1607947200000.0"
"a136a51e-8218-491d-8978-f1364e4440c7","SupertrendTrendTypeStrategy","BTC-USDT","Bybit Perpetual","long","19188.46","19135.89","6.399274724806161","134.88642436479375","122792.22708595403","-471.29629664785176","-3.838160670528","14400.0","1608008400000.0","1608022800000.0"
"45b02dd4-69ce-4806-8baa-74f1b4a944f6","SupertrendTrendTypeStrategy","BTC-USDT","Bybit Perpetual","long","19811.65","20673.27","6.174191992555197","137.4789178857808","122320.93078930618","5182.328386739621","42.36665265134397","14400.0","1608116400000.0","1608130800000.0"
"b93ca2bd-5d51-492f-a981-ac8665323127","SupertrendTrendTypeStrategy","BTC-USDT","Bybit Perpetual","long","20673.27","21728.139999999996","6.167541911659152","143.8318603086439","127503.25917604579","6362.123076043217","49.897729024000334","39600.0","1608130800000.0","1608170400000.0"
"ba86e8ba-1af1-4679-b260-2c1e8ab1d415","SupertrendTrendTypeStrategy","BTC-USDT","Bybit Perpetual","long","21728.14","22921.36","6.160922299473817","151.2951551156959","133865.382252089","7200.040551062459","53.78567953814737","25200.0","1608170400000.0","1608195600000.0"
"5b47bd2a-b14e-4e2f-9bc8-8f9da7ebf159","SupertrendTrendTypeStrategy","BTC-USDT","Bybit Perpetual","long","22921.36","22627.47","6.154321680875456","154.17718360413073","141065.42280315145","-1962.870782396615","-13.91461311632466","108000.0","1608195600000.0","1608303600000.0"
"db189bad-b3e5-44e6-b052-f2f7ad80a673","SupertrendTrendTypeStrategy","BTC-USDT","Bybit Perpetual","long","24018.0","22471.63","5.791595970553536","148.08703457928866","139102.55202075484","-9104.037295564154","-65.44838439920055","151200.0","1608397200000.0","1608548400000.0"
"0c495cf3-2c5d-486f-9e80-9756b53ae9f9","SupertrendTrendTypeStrategy","BTC-USDT","Bybit Perpetual","long","23624.0","23327.48","5.502815557280337","142.10093401973515","129998.51472519069","-1773.7958030645032","-13.644738994243161","28800.0","1608732000000.0","1608760800000.0"
"6126cf75-2393-488b-a125-c1db95099196","SupertrendTrendTypeStrategy","BTC-USDT","Bybit Perpetual","long","24605.23","25638.479999999996","5.211279021660281","144.00869554136057","128224.7189221262","5240.545353589106","40.87000851038565","100800.0","1608897600000.0","1608998400000.0"
"00af60e3-af44-4593-b0f8-06b271936990","SupertrendTrendTypeStrategy","BTC-USDT","Bybit Perpetual","long","25638.48","26720.000000000004","5.205662124888657","149.90830593900716","133465.26427571534","5480.119395370594","41.0602670673146","21600.0","1608998400000.0","1609020000000.0"
"0f394f6a-81bd-4d7f-864c-0171d47f04b9","SupertrendTrendTypeStrategy","BTC-USDT","Bybit Perpetual","long","26720.0","26244.51","5.2000517840975276","151.48000709564326","138945.38367108593","-2624.0526299161847","-18.88549702470066","82800.0","1609020000000.0","1609102800000.0"
"55fd9418-2e4d-47f0-bced-29bd2e2bb56d","SupertrendTrendTypeStrategy","BTC-USDT","Bybit Perpetual","long","28047.22","28398.000000000004","4.8604222108704445","150.89118054200776","136321.33104116976","1554.0477225871389","11.399886655433319","129600.0","1609297200000.0","1609426800000.0"
"4370cda8-3023-48af-a340-b175a4dbb458","SupertrendTrendTypeStrategy","BTC-USDT","Bybit Perpetual","long","30660.12","32543.449999999997","4.496896253627086","156.3209434318715","137875.3787637569","8312.818677911619","60.29226358213855","14400.0","1609592400000.0","1609606800000.0"
"8e9809b6-989e-4ce7-a21e-e00508a132d4","SupertrendTrendTypeStrategy","BTC-USDT","Bybit Perpetual","long","32543.45","32907.4","4.49209280029218","161.7062106319019","146188.19744166854","1473.19096403444","10.077359115275137","115200.0","1609606800000.0","1609722000000.0"
"fbba2ca2-eec7-4299-a562-9f53de4892b6","SupertrendTrendTypeStrategy","BTC-USDT","Bybit Perpetual","long","33502.99","32922.5","4.4074092612540845","161.02037589513733","147661.38840570298","-2719.477377960512","-18.416983663249102","10800.0","1609729200000.0","1609740000000.0"
"5c1693f8-e66e-499a-8a28-37c04011610b","SupertrendTrendTypeStrategy","BTC-USDT","Bybit Perpetual","long","35069.72","37540.0","4.132964592467304","165.05137100593078","144941.91102774246","10044.528402474196","69.30037234400498","82800.0","1609912800000.0","1609995600000.0"
"7fd79717-bfb2-4a78-bc1c-44f807f493c1","SupertrendTrendTypeStrategy","BTC-USDT","Bybit Perpetual","long","39798.19","39341.12","3.8943087469610216","169.50609893880295","154986.43943021668","-1949.477797912276","-12.578376566874013","115200.0","1610056800000.0","1610172000000.0"
"e3404f72-d317-4926-8692-5ba930289415","SupertrendTrendTypeStrategy","BTC-USDT","Bybit Perpetual","short","36417.07","31618.489999999998","4.202341419348245","157.24975847710397","153036.9616323044","20008.021729579003","130.7397998246427","46800.0","1610334000000.0","1610380800000.0"
"e4b26a29-94a9-4071-9226-3c3b6f7c4b43","SupertrendTrendTypeStrategy","BTC-USDT","Bybit Perpetual","short","31618.490000000005","35020.0","5.472904726376349","200.5883587837707","173044.98336188335","-18816.728514600156","-108.7389426092136","43200.0","1610380800000.0","1610424000000.0"
"9d301bb0-ed82-4c0e-951c-6444ac63cd68","SupertrendTrendTypeStrategy","BTC-USDT","Bybit Perpetual","short","35691.31","37498.99","4.321171031471896","173.94729227960562","154228.25484728318","-7985.241742450724","-51.77547882103516","64800.0","1610726400000.0","1610791200000.0"
"b1768629-3d46-4fdc-9125-a0425662d8fc","SupertrendTrendTypeStrategy","BTC-USDT","Bybit Perpetual","short","34819.75","36129.53","4.200001812328706","163.89290752087925","146243.01310483247","-5664.971281272767","-38.736696960776534","36000.0","1610881200000.0","1610917200000.0"
"73e915e7-26cb-4f9b-8263-49a6537367df","SupertrendTrendTypeStrategy","BTC-USDT","Bybit Perpetual","long","37096.81","36472.14","3.7894913827781873","153.33389613577162","140578.04182355967","-2520.515478215815","-17.92965277876988","115200.0","1610974800000.0","1611090000000.0"
"883aa920-4c21-4549-8cc2-054ac18e6d27","SupertrendTrendTypeStrategy","BTC-USDT","Bybit Perpetual","short","35891.03","33277.88","3.8465746551532196","146.33485687181576","138057.52634534385","9905.341703241826","71.74792976128023","118800.0","1611100800000.0","1611219600000.0"
"fd390b8c-cf21-4669-ad97-04cbd46fc055","SupertrendTrendTypeStrategy","BTC-USDT","Bybit Perpetual","short","33277.88","29559.759999999995","4.446282877652833","153.66665754226204","147962.86804858566","16378.146635516301","110.69092436176831","57600.0","1611219600000.0","1611277200000.0"
"22503c50-f14a-4d6a-8ef3-a3cb03739721","SupertrendTrendTypeStrategy","BTC-USDT","Bybit Perpetual","short","29559.76","32157.639999999996","5.559619384057987","188.71888935551323","164341.01468410192","-14631.942894812062","-89.03403038454974","46800.0","1611277200000.0","1611324000000.0"
"93ce8d8a-ea04-4977-b8e4-f62238635c58","SupertrendTrendTypeStrategy","BTC-USDT","Bybit Perpetual","short","32131.79","32891.37","4.659219787919995","166.62645655979838","149709.07178928982","-3705.6766230680764","-24.75251886060508","10800.0","1611529200000.0","1611540000000.0"
"f44adf6f-8359-431d-afe6-3b6925aaa72d","SupertrendTrendTypeStrategy","BTC-USDT","Bybit Perpetual","long","34218.09","32468.29","4.2668481837011285","156.49736265933183","146003.39516622174","-7622.628314499548","-52.208568888561445","36000.0","1611579600000.0","1611615600000.0"
"a64da6fa-adf1-49d6-b00d-4c5d39628a18","SupertrendTrendTypeStrategy","BTC-USDT","Bybit Perpetual","short","32468.29","32782.26","4.262028177391608","152.954825479665","138380.76685172218","-1491.1038123353133","-10.77536890609272","86400.0","1611615600000.0","1611702000000.0"
"2934748e-5cb2-4bbc-abb6-75b264e0b20f","SupertrendTrendTypeStrategy","BTC-USDT","Bybit Perpetual","short","29585.22","31424.01","4.626961132598874","155.25803476688185","136889.66303938685","-8663.267895778354","-63.28650172281962","46800.0","1611759600000.0","1611806400000.0"
"6af9e849-fb32-4e12-a0cb-f9ab3a0ab5e7","SupertrendTrendTypeStrategy","BTC-USDT","Bybit Perpetual","long","33093.0","36397.81","3.874728647859321","148.09191774847196","128226.3951436085","12657.150064983482","98.7093963829208","14400.0","1611896400000.0","1611910800000.0"
"d2ed4eaa-c2ef-4027-8d36-30859c2ad47c","SupertrendTrendTypeStrategy","BTC-USDT","Bybit Perpetual","long","36397.81","34512.99","3.8706599437876066","150.95937622806383","140883.54520859197","-7446.456651477819","-52.855403663022585","50400.0","1611910800000.0","1611961200000.0"
"7c857acc-2075-4441-a799-359c97671eb9","SupertrendTrendTypeStrategy","BTC-USDT","Bybit Perpetual","short","32329.62","33591.64","4.127394276737993","149.64566718164647","133437.08855711416","-5358.499792310531","-40.157499314869796","39600.0","1612116000000.0","1612155600000.0"
"7f356d5b-d0f3-40f0-8ab8-e60c57e2eb73","SupertrendTrendTypeStrategy","BTC-USDT","Bybit Perpetual","long","34511.89","33493.03","3.711143862732629","138.80682282149291","128078.5887648036","-3919.9428588052615","-30.6057624198501","28800.0","1612170000000.0","1612198800000.0"
"ddbc91ae-cc84-4590-9ed9-15d27cc715b8","SupertrendTrendTypeStrategy","BTC-USDT","Bybit Perpetual","long","34844.99","36446.25","3.5631706568433037","139.71256995188548","124158.64590599835","5565.85007602503","44.82853397288971","46800.0","1612278000000.0","1612324800000.0"
"d4fe8b62-2807-4963-8907-89b222dad55c","SupertrendTrendTypeStrategy","BTC-USDT","Bybit Perpetual","long","36577.43","38126.59","3.546572188970722","145.71875985497192","129724.49598202336","5348.489012410899","41.22959948252232","39600.0","1612360800000.0","1612400400000.0"
"92cdf4be-fb74-4c75-b009-8d2d6affc55d","SupertrendTrendTypeStrategy","BTC-USDT","Bybit Perpetual","long","37954.98","36604.61","3.5587684407799514","145.93717371722087","135072.98499443426","-4951.591313093253","-36.65863542807827","46800.0","1612407600000.0","1612454400000.0"
"b56d29dc-df8d-4afb-ad23-d3d08205e312","SupertrendTrendTypeStrategy","BTC-USDT","Bybit Perpetual","long","38848.77","40886.91","3.349434066544218","146.88817160108766","130121.39368134101","6679.727376785368","51.33458217596096","50400.0","1612576800000.0","1612627200000.0"
"6914fd60-b9c6-43f3-bc99-1018e4bb6409","SupertrendTrendTypeStrategy","BTC-USDT","Bybit Perpetual","long","43506.1","46877.01","3.1444124170662593","156.3109753573861","136801.1210581264","10443.220285455449","76.33870398633762","43200.0","1612789200000.0","1612832400000.0"
"d0189799-d60b-4a51-be13-802e7d0a662d","SupertrendTrendTypeStrategy","BTC-USDT","Bybit Perpetual","long","46877.01","45695.36","3.141077925908283","159.92736537580782","147244.34134358185","-3871.582096525335","-26.293588338932057","129600.0","1612832400000.0","1612962000000.0"
"d5e83bf1-85e6-458b-b1a0-140845e6b3c6","SupertrendTrendTypeStrategy","BTC-USDT","Bybit Perpetual","long","47715.09","47083.34","3.0047676583457457","156.6659910892742","143372.7592470565","-2054.927959249199","-14.332764257596498","93600.0","1613052000000.0","1613145600000.0"
"36061f88-f89e-445e-a8bc-bc67e36abce0","SupertrendTrendTypeStrategy","BTC-USDT","Bybit Perpetual","long","48867.94","46929.1","2.8918311532634133","152.36587556433176","141317.8312878073","-5759.163788757579","-40.75327038545115","72000.0","1613286000000.0","1613358000000.0"
"1063eb77-8645-4e4a-a673-0be834383877","SupertrendTrendTypeStrategy","BTC-USDT","Bybit Perpetual","long","49716.6","48312.04","2.7266278767866217","147.00819240111406","135558.66749904974","-3976.720643020525","-29.335790299417052","50400.0","1613448000000.0","1613498400000.0"
"b8a65598-0ece-42b6-b8aa-520cf1c3241c","SupertrendTrendTypeStrategy","BTC-USDT","Bybit Perpetual","long","49182.39","51538.73","2.6753874070786154","148.20740884116975","131581.94685602922","6155.914953954465","46.78388715961148","39600.0","1613516400000.0","1613556000000.0"
"8c3cae71-5009-4883-b042-eb27b1ae8e6f","SupertrendTrendTypeStrategy","BTC-USDT","Bybit Perpetual","long","51663.64","51584.27","2.666050278493418","151.39526556514983","137737.86180998367","-362.9996761691794","-2.6354385889186793","32400.0","1613664000000.0","1613696400000.0"
"d15a0d03-86b2-4a90-85aa-7d1c5239fd03","SupertrendTrendTypeStrategy","BTC-USDT","Bybit Perpetual","long","53944.700000000004","56352.23000000001","2.5465868219457057","154.4843896414874","137374.86213381452","5976.499781797473","43.50504662181838","32400.0","1613750400000.0","1613782800000.0"
"458c8a95-31ee-40b2-92e3-a68639e4275c","SupertrendTrendTypeStrategy","BTC-USDT","Bybit Perpetual","long","56352.23","56939.99999999999","2.543845415090263","158.50885591796836","143351.36191561198","1336.687163709609","9.324551548359125","176400.0","1613782800000.0","1613959200000.0"
"98b2bb81-9700-4100-aa0b-6e6a27024328","SupertrendTrendTypeStrategy","BTC-USDT","Bybit Perpetual","short","52191.44","46585.52","2.772256314049231","150.60927807342358","144688.04907932162","15390.437837981457","106.36979305418677","68400.0","1614002400000.0","1614070800000.0"
"0dad98eb-2454-4bfd-8290-9ac4291743aa","SupertrendTrendTypeStrategy","BTC-USDT","Bybit Perpetual","short","46585.52","50181.04","3.436228401385304","182.8816009769953","160078.4869173031","-12537.909542725898","-78.3235135724578","64800.0","1614070800000.0","1614135600000.0"
"8c08aae5-7ce6-491f-94e2-785a636ab11e","SupertrendTrendTypeStrategy","BTC-USDT","Bybit Perpetual","short","48126.74","47449.99","3.0656673893676825","161.1535553888699","147540.5773745772","1913.5368503657091","12.969563251115702","104400.0","1614290400000.0","1614394800000.0"
"c3ff71a7-a757-4cef-959d-56741ba7033c","SupertrendTrendTypeStrategy","BTC-USDT","Bybit Perpetual","short","45418.66","46246.26000000001","3.290588366652448","165.89733566017006","149454.1142249429","-2889.1882679017554","-19.33160744944932","79200.0","1614481200000.0","1614560400000.0"
"3e69106d-531a-4807-8d28-68b6b7118fc8","SupertrendTrendTypeStrategy","BTC-USDT","Bybit Perpetual","short","47432.47","48854.9","3.089970350627769","163.63881514195918","146564.92595704115","-4558.905340985417","-31.105022645879497","14400.0","1614722400000.0","1614736800000.0"
"a7999397-e69e-4115-a488-cd80754cf649","SupertrendTrendTypeStrategy","BTC-USDT","Bybit Perpetual","long","51480.18000000001","49122.64","2.7584600639713326","152.62987371109307","142006.02061605573","-6655.809812926091","-46.86991286743768","68400.0","1614765600000.0","1614834000000.0"
"dc1efca7-2780-45af-9562-72dd1eeeb9d4","SupertrendTrendTypeStrategy","BTC-USDT","Bybit Perpetual","short","48541.689999999995","48094.05","2.7883291826701884","148.19873966201087","135350.21080312965","1099.9689356684503","8.126835777658178","86400.0","1614880800000.0","1614967200000.0"
"4a6d25d5-7522-4376-bf1f-a096c267e9ad","SupertrendTrendTypeStrategy","BTC-USDT","Bybit Perpetual","long","50961.29","49783.97","2.6775260151145726","148.36143000221486","136450.17973879812","-3300.6663581169028","-24.18953470369372","79200.0","1615111200000.0","1615190400000.0"
"fd68a87c-6c3d-4d04-8f0b-0e7c25f323a0","SupertrendTrendTypeStrategy","BTC-USDT","Bybit Perpetual","long","51016.21","53638.46","2.6099452189937518","150.22862558652787","133149.51338068122","6693.700224919838","50.27205924352279","43200.0","1615212000000.0","1615255200000.0"
"81ed3a0d-28f0-404c-87c7-a8d3a9b7cd05","SupertrendTrendTypeStrategy","BTC-USDT","Bybit Perpetual","long","53638.46000000001","53896.86","2.6071444557804426","154.19806233621665","139843.21360560105","519.4880650374346","3.714789238915401","104400.0","1615255200000.0","1615359600000.0"
"e4c16547-b756-4eb8-860f-122b997ee3db","SupertrendTrendTypeStrategy","BTC-USDT","Bybit Perpetual","long","54190.9","57115.5","2.590152621023797","158.56531003319776","140362.7016706385","7416.595045412996","52.838788062202305","32400.0","1615363200000.0","1615395600000.0"
"eee26ff3-b777-464d-b35f-80a4e622aa17","SupertrendTrendTypeStrategy","BTC-USDT","Bybit Perpetual","long","57115.5","55105.5","2.587376398981913","159.6968817785821","147779.29671605147","-5360.323443732227","-36.27249258082306","54000.0","1615395600000.0","1615449600000.0"
"a588b661-ed6e-4e7a-acf4-0d4b8efa6165","SupertrendTrendTypeStrategy","BTC-USDT","Bybit Perpetual","long","57632.05","56599.850000000006","2.4711765983045755","155.25795893292764","142418.9732723192","-2706.006443702903","-19.000322650330798","54000.0","1615489200000.0","1615543200000.0"
"a2da555b-766c-4656-a3b3-7f8c967dee92","SupertrendTrendTypeStrategy","BTC-USDT","Bybit Perpetual","long","59553.56999999999","60117.630000000005","2.3460048965765834","154.4120716485576","139712.9668286163","1168.8754503144587","8.366263181199923","100800.0","1615633200000.0","1615734000000.0"
"24806871-e5a6-4b2f-8b37-9815265bc4fb","SupertrendTrendTypeStrategy","BTC-USDT","Bybit Perpetual","short","55937.33","56438.34999999999","2.518565728448796","155.66404499752085","140881.8422789307","-1417.5158462649104","-10.061735588738138","126000.0","1615802400000.0","1615928400000.0"
"7f6e058b-913e-4538-ae7f-281c393f0b55","SupertrendTrendTypeStrategy","BTC-USDT","Bybit Perpetual","long","57614.17999999999","57559.66000000001","2.420659747872239","153.3381731727327","139464.32643266578","-285.31254262668415","-2.0457743562432418","93600.0","1616007600000.0","1616101200000.0"
"522a984c-3c46-4adf-bf8d-2e9fbca2eb97","SupertrendTrendTypeStrategy","BTC-USDT","Bybit Perpetual","short","56964.43","57807.34999999999","2.4432617668611627","154.22962609373036","139179.01389003903","-2213.70383461632","-15.90544272978754","57600.0","1616302800000.0","1616360400000.0"
"fa822dd6-1bc1-4107-b242-4877e2f3c4ca","SupertrendTrendTypeStrategy","BTC-USDT","Bybit Perpetual","short","56647.53","57656.06","2.4178514059734413","152.0030026841215","136965.31005542268","-2590.4786811505132","-18.913392596287938","18000.0","1616374800000.0","1616392800000.0"
"b23473e5-f8e0-4815-bd8c-edc145006f72","SupertrendTrendTypeStrategy","BTC-USDT","Bybit Perpetual","short","57011.17","54550.98","2.3569912944125186","144.623058984769","134374.83137427215","5654.023353615953","42.07650566546863","25200.0","1616421600000.0","1616446800000.0"
"4de5737c-b858-4083-888d-5159d5120163","SupertrendTrendTypeStrategy","BTC-USDT","Bybit Perpetual","short","54550.98000000001","55588.04","2.5669356394310077","155.4958766515025","140028.85472788813","-2817.5621508797985","-20.121296830964177","72000.0","1616446800000.0","1616518800000.0"
"76d78b75-a318-41e0-b1a5-15f7c8fd1038","SupertrendTrendTypeStrategy","BTC-USDT","Bybit Perpetual","short","54695.1","56293.48","2.5086578610699735","153.1378055382965","137211.2925770083","-4162.926357515332","-30.339531676512234","7200.0","1616569200000.0","1616576400000.0"
"001d95c2-45e3-4388-8aa3-f37677bdb7df","SupertrendTrendTypeStrategy","BTC-USDT","Bybit Perpetual","long","56513.799999999996","54086.08","2.354263316561494","143.2096821650568","133048.36621949295","-5858.701821047713","-44.034376276236856","36000.0","1616583600000.0","1616619600000.0"
"a6f45de1-863c-457b-8328-25a5979a7cdb","SupertrendTrendTypeStrategy","BTC-USDT","Bybit Perpetual","short","54086.08","51101.16","2.3516155062161137","136.0479695520417","127189.66439844522","6883.336187262556","54.11867560008044","57600.0","1616619600000.0","1616677200000.0"
"e9d9656a-f61b-4447-b58f-a11106f242e1","SupertrendTrendTypeStrategy","BTC-USDT","Bybit Perpetual","short","51101.16","52826.24","2.623678221506278","149.9696307987744","134073.00058570778","-4676.02445715481","-34.87670475582148","61200.0","1616677200000.0","1616738400000.0"
"319ef558-b54a-445f-953e-e18e5980e8e4","SupertrendTrendTypeStrategy","BTC-USDT","Bybit Perpetual","long","56180.01","55226.51","2.303256552082368","141.12878842408247","129396.97612855297","-2337.28391083462","-18.062894364027347","93600.0","1616864400000.0","1616958000000.0"
"3fe05882-a1c7-4938-8e12-ed61a6e5d1c7","SupertrendTrendTypeStrategy","BTC-USDT","Bybit Perpetual","short","54890.64","57169.9","2.314778844220405","142.667451995153","127059.69221771834","-5418.650280472958","-42.64649304508021","43200.0","1616965200000.0","1617008400000.0"
"976e8c07-afbe-4d84-a1fe-71eea0b0d771","SupertrendTrendTypeStrategy","BTC-USDT","Bybit Perpetual","long","57169.9","58948.27","2.127711294531657","135.88626799514086","121641.04193724538","3647.971666861112","29.98964501424693","90000.0","1617008400000.0","1617098400000.0"
"b063e186-b273-4f8e-aab1-c9f7bdc976dc","SupertrendTrendTypeStrategy","BTC-USDT","Bybit Perpetual","long","58942.0","58046.06","2.1256322080028927","136.7704735582762","125289.0136041065","-2041.209393996393","-16.292006260391613","79200.0","1617102000000.0","1617181200000.0"
"53ed9575-1884-4ea8-8ba9-4fad2e78bbff","SupertrendTrendTypeStrategy","BTC-USDT","Bybit Perpetual","short","57686.0","58082.82","2.136528866798012","136.03888419282865","123247.8042101101","-983.8562691156151","-7.982748864542518","68400.0","1617487200000.0","1617555600000.0"
"eeae778f-f22c-4b98-b8a2-dd6d94c38b8c","SupertrendTrendTypeStrategy","BTC-USDT","Bybit Perpetual","long","59263.37","58624.08","2.063061009540876","133.76495088505976","122263.94794099446","-1452.6592236744482","-11.881337451785157","75600.0","1617634800000.0","1617710400000.0"
"508011c5-c990-408e-b87c-31e2365a0534","SupertrendTrendTypeStrategy","BTC-USDT","Bybit Perpetual","short","58014.64","56120.44","2.0824276202923957","130.7229236699552","120811.28871732003","3813.8114746878946","31.56833699217986","97200.0","1617721200000.0","1617818400000.0"
"72d5c766-75c7-4fca-a650-5c07ed6adb78","SupertrendTrendTypeStrategy","BTC-USDT","Bybit Perpetual","short","56120.44","57165.38","2.220672186319421","138.36386826811363","124625.1001920079","-2458.8330626407187","-19.72983820155357","46800.0","1617818400000.0","1617865200000.0"
"e18bb799-1189-43a9-8f9d-6842e1faaa0f","SupertrendTrendTypeStrategy","BTC-USDT","Bybit Perpetual","long","58390.0","61252.13","2.09224639714621","137.67644849166916","122166.2671293672","5850.604732172407","47.890509136838446","50400.0","1617980400000.0","1618030800000.0"
"fbcff91c-ff30-4729-b5c6-796d4d31d228","SupertrendTrendTypeStrategy","BTC-USDT","Bybit Perpetual","long","61252.13","59674.69","2.0899986965602606","139.0052928985475","128016.87186153964","-3435.8528368005545","-26.83906259259874","54000.0","1618030800000.0","1618084800000.0"
"e601b9b9-62d7-4f7b-bf66-0fc539386419","SupertrendTrendTypeStrategy","BTC-USDT","Bybit Perpetual","long","60929.95","60052.38","2.044659794152778","136.0522382746579","124581.01902473904","-1930.3843338293107","-15.495011591179706","36000.0","1618210800000.0","1618246800000.0"
"b794eb48-2290-4183-9fa8-21f464a48cf2","SupertrendTrendTypeStrategy","BTC-USDT","Bybit Perpetual","long","61133.17","63050.43","2.006286189492705","137.03131290281743","122650.63469090973","3709.54094676397","30.24477579029522","7200.0","1618300800000.0","1618308000000.0"
"62143545-92e7-49b2-9578-4e0ab40e4a2d","SupertrendTrendTypeStrategy","BTC-USDT","Bybit Perpetual","long","63050.43","62369.31","2.004112829011217","138.24542046988824","126360.17563767372","-1503.2867505660138","-11.896839672624004","115200.0","1618308000000.0","1618423200000.0"
"4a87b1e6-f305-4ef1-9dc6-e718cceb7798","SupertrendTrendTypeStrategy","BTC-USDT","Bybit Perpetual","short","60766.74","62230.99","2.0546912486519386","138.99729768927972","124856.8888871077","-3147.578958527881","-25.20949373785725","61200.0","1618567200000.0","1618628400000.0"
"843c874b-ca6a-4435-9a2c-5a7dcf787ffa","SupertrendTrendTypeStrategy","BTC-USDT","Bybit Perpetual","short","61110.39","58905.88","1.9916303909790105","131.4654279091684","121709.30992857981","4259.103685307974","34.99406649998473","46800.0","1618668000000.0","1618714800000.0"
"015093fd-55fd-45f7-89f0-160511a83cfa","SupertrendTrendTypeStrategy","BTC-USDT","Bybit Perpetual","short","58905.88","54849.46","2.1384692600108477","133.7942637636453","125968.41361388778","8540.735211929554","67.8006094298226","3600.0","1618714800000.0","1618718400000.0"
"a511e5a0-f910-4f9d-a5e3-ccec4a5dfdb7","SupertrendTrendTypeStrategy","BTC-USDT","Bybit Perpetual","short","54849.46","56744.5","2.452333146503491","150.5160618816716","134509.14882581736","-4797.78546783165","-35.66884118822685","79200.0","1618718400000.0","1618797600000.0"
"30372fc9-8e7f-4a15-8a06-2803ac9c06fe","SupertrendTrendTypeStrategy","BTC-USDT","Bybit Perpetual","short","54832.41","56293.57","2.3655966126235506","144.58358302435983","129711.36335798571","-3601.098729525378","-27.762399810622878","68400.0","1618851600000.0","1618920000000.0"
"46827f44-4c76-4ac7-b1d4-5403d7ef7778","SupertrendTrendTypeStrategy","BTC-USDT","Bybit Perpetual","short","53749.66","54672.07","2.3462523228697694","139.91160472413242","126110.26462846034","-2304.118209862427","-18.27066350745281","46800.0","1619060400000.0","1619107200000.0"
"cdf9a0a1-3010-49c3-a376-13de8660654e","SupertrendTrendTypeStrategy","BTC-USDT","Bybit Perpetual","short","53476.58","49242.18","2.3151470497664195","130.79496879331572","123806.14641859791","9672.463698737614","78.12587644909232","39600.0","1619114400000.0","1619154000000.0"
"d56cc85f-ff39-4987-9a23-f2785b16b1f8","SupertrendTrendTypeStrategy","BTC-USDT","Bybit Perpetual","short","49242.18000000001","51122.62","2.7106559887749797","149.6299454002117","133478.61011733554","-5246.855892932222","-39.308589505988465","68400.0","1619154000000.0","1619222400000.0"
"1ea3071c-8b08-41a8-95e7-e9ca65c9e32b","SupertrendTrendTypeStrategy","BTC-USDT","Bybit Perpetual","short","48094.94","50911.02999999999","2.666221316096938","145.18450519916968","128231.75422440328","-7653.5036912465675","-59.68493324869496","14400.0","1619384400000.0","1619398800000.0"
"12f06854-1f2c-48c8-896d-778e1cfd9629","SupertrendTrendTypeStrategy","BTC-USDT","Bybit Perpetual","long","53467.59","55274.55","2.2551652418438293","134.87732194844355","120578.2505331567","3940.1160634536964","32.67683886631147","129600.0","1619431200000.0","1619560800000.0"
"0ced1a0e-73de-43ff-908f-33ba0404dc2d","SupertrendTrendTypeStrategy","BTC-USDT","Bybit Perpetual","long","54389.65","54574.75","2.2893761330806575","137.2032731934997","124518.36659661039","286.5602490397266","2.301349245674471","18000.0","1619643600000.0","1619661600000.0"
"897493d6-b51d-4b3c-ac23-885ed7c98ad4","SupertrendTrendTypeStrategy","BTC-USDT","Bybit Perpetual","short","53568.28","54273.61","2.3298288995959946","138.18923354997878","124804.92684565012","-1781.4874513020256","-14.274175678218562","90000.0","1619672400000.0","1619762400000.0"
"249ebb92-ea7b-4032-aa6d-89d6667da94c","SupertrendTrendTypeStrategy","BTC-USDT","Bybit Perpetual","long","55958.79","57820.6","2.1984649667076095","137.57700156659917","123023.43939434811","3955.5470580992906","32.15279200104216","39600.0","1619791200000.0","1619830800000.0"
"0f11918c-809c-48aa-8d5b-0dc67f210111","SupertrendTrendTypeStrategy","BTC-USDT","Bybit Perpetual","long","57820.6","56510.01","2.196085589780241","138.09389280048163","126978.98645244741","-3016.26170591056","-23.75402253695044","97200.0","1619830800000.0","1619928000000.0"
"3440b285-4e7e-4a5d-9a39-c5a0a56dc972","SupertrendTrendTypeStrategy","BTC-USDT","Bybit Perpetual","long","58100.0","57649.99","2.1336097202502042","135.83091708057518","123962.72474653687","-1095.976627290374","-8.841178907056833","64800.0","1620007200000.0","1620072000000.0"
"2bc0499c-a87c-4f1d-9829-3b3b53fd2d85","SupertrendTrendTypeStrategy","BTC-USDT","Bybit Perpetual","short","55318.69","55420.84","2.221071180811521","135.27820826278708","122866.74811924649","-362.160629382671","-2.9475886269178493","118800.0","1620090000000.0","1620208800000.0"
"c023533a-3e07-480b-b40e-64c2715fdc9d","SupertrendTrendTypeStrategy","BTC-USDT","Bybit Perpetual","long","56982.56","55859.8","2.1498610713499677","133.42746832979233","122504.58748986381","-2547.2054847986706","-20.792735496615013","100800.0","1620226800000.0","1620327600000.0"
"a8909a39-c0fa-48b3-91b4-4055d1907976","SupertrendTrendTypeStrategy","BTC-USDT","Bybit Perpetual","short","55859.8","57493.07","2.147472457922605","133.88219149331485","119957.38200506516","-3641.284532844561","-30.35481828613773","64800.0","1620327600000.0","1620392400000.0"
"5d4daceb-3001-4e1d-9928-6b4d60217dea","SupertrendTrendTypeStrategy","BTC-USDT","Bybit Perpetual","long","58375.54","58401.35","1.9925485481114276","127.97599244235734","116316.09747222057","-76.54831441560603","-0.6581059378637409","136800.0","1620406800000.0","1620543600000.0"
"05c7c5ff-44dd-410a-98ee-5142514f68a6","SupertrendTrendTypeStrategy","BTC-USDT","Bybit Perpetual","short","56523.14","58292.53","2.056494900279867","129.86481190496886","116239.54915780496","-3768.6063235111615","-32.42103355369145","39600.0","1620565200000.0","1620604800000.0"
"1dfb583f-a84f-4206-ac06-e4867114db3c","SupertrendTrendTypeStrategy","BTC-USDT","Bybit Perpetual","short","56879.14","56415.81","1.9773671478558537","123.21414168138436","112470.9428342938","792.9593789346718","7.0503488185651495","97200.0","1620658800000.0","1620756000000.0"
"4cef8c2c-0e4a-483d-a2bc-71b2f0436e91","SupertrendTrendTypeStrategy","BTC-USDT","Bybit Perpetual","short","55540.65","49595.76","2.039297383326059","117.92242319291265","113263.90221322847","12005.476197968339","105.99560816267002","28800.0","1620835200000.0","1620864000000.0"
"86042fd7-aa56-4e90-bd96-c36ee077e38b","SupertrendTrendTypeStrategy","BTC-USDT","Bybit Perpetual","short","49595.76","50457.54","2.52580822254154","138.9934963078285","125269.37841119681","-2315.6845063296737","-18.485638994139798","122400.0","1620864000000.0","1620986400000.0"
"e66b17cf-5b5b-4609-b325-f53bc44c3d0a","SupertrendTrendTypeStrategy","BTC-USDT","Bybit Perpetual","short","48695.89","49400.0","2.5249295968277226","136.22686879348615","122953.69390486712","-1914.0550472158552","-15.56728379951574","79200.0","1621072800000.0","1621152000000.0"
"da5537c1-9922-434e-9c25-51ac0283aef6","SupertrendTrendTypeStrategy","BTC-USDT","Bybit Perpetual","short","47109.26","42990.79","2.5693385728761453","127.32364363568814","121039.63885765128","10454.420188597534","86.37187195256307","36000.0","1621188000000.0","1621224000000.0"
"318c3392-6005-4872-9265-a03c681aedd5","SupertrendTrendTypeStrategy","BTC-USDT","Bybit Perpetual","short","42990.79","44819.75","3.0586564947108164","147.7202531612852","131494.05904624882","-5741.880635727577","-43.666464305494245","86400.0","1621224000000.0","1621310400000.0"
"aadab29e-46f9-4d87-82ca-e6ca98b984bb","SupertrendTrendTypeStrategy","BTC-USDT","Bybit Perpetual","short","40875.75","35060.39","3.0764494452217086","128.4875326764029","125752.17841052126","17762.173513088117","141.24744189403256","39600.0","1621389600000.0","1621429200000.0"
"1d12d498-c3d8-4fe6-b082-dce383269051","SupertrendTrendTypeStrategy","BTC-USDT","Bybit Perpetual","short","35060.39","39686.97","4.093347276616415","168.2817963696467","143514.35192360939","-19106.480439417628","-133.1328900790893","64800.0","1621429200000.0","1621494000000.0"
"a8015aee-08cf-49af-8e72-c6afb2f4939e","SupertrendTrendTypeStrategy","BTC-USDT","Bybit Perpetual","short","37802.26","38135.63","3.2910167668332986","137.4520780753685","124407.87148419174","-1234.5783376345698","-9.923635240326776","79200.0","1621609200000.0","1621688400000.0"
"048a1f34-be5f-4531-b661-e5220e3c83c1","SupertrendTrendTypeStrategy","BTC-USDT","Bybit Perpetual","short","34988.82","35221.25","3.5203614510737196","135.94065314785308","123173.29314655717","-954.1782652209188","-7.746632738686253","61200.0","1621767600000.0","1621828800000.0"
"306f23ec-0bca-42db-9881-c13ba6ea1c27","SupertrendTrendTypeStrategy","BTC-USDT","Bybit Perpetual","short","37627.69","39209.6","3.2481163441427374","137.26705161874943","122219.11488133625","-5275.494777581574","-43.16423648382337","32400.0","1622080800000.0","1622113200000.0"
"3366aeed-64cc-4f32-b23c-c9bb65a08670","SupertrendTrendTypeStrategy","BTC-USDT","Bybit Perpetual","long","39875.28","38464.79","2.9327347696054966","126.36285592828068","116943.62010375467","-4262.955921109132","-36.45308668678936","25200.0","1622124000000.0","1622149200000.0"
"6bcc1747-f1cf-4c49-8917-411a296b4fb6","SupertrendTrendTypeStrategy","BTC-USDT","Bybit Perpetual","short","36965.27","33913.82","3.0482846245312305","118.83280213627091","112680.66418264555","9182.855315389545","81.49450823705597","122400.0","1622188800000.0","1622311200000.0"
"611f1b00-faba-4137-b37f-455e2733f68a","SupertrendTrendTypeStrategy","BTC-USDT","Bybit Perpetual","short","33913.82","35773.64","3.5933291943530716","137.72549147407153","121863.5194980351","-6820.6709937158","-55.96975224259607","46800.0","1622311200000.0","1622358000000.0"
"6ab5df91-b294-4873-aeb1-63d19acd3840","SupertrendTrendTypeStrategy","BTC-USDT","Bybit Perpetual","long","38631.51","37786.56","2.9779537094024873","125.16321126203343","115042.84850431929","-2641.3851980216778","-22.960012137760188","68400.0","1622707200000.0","1622775600000.0"
"7c888612-bd32-4f55-a7d8-ed9b33d145f5","SupertrendTrendTypeStrategy","BTC-USDT","Bybit Perpetual","short","36757.0","37685.01","3.0579607505046007","125.20240962276905","112401.4633062976","-2963.02056569855","-26.36104974562674","72000.0","1622786400000.0","1622858400000.0"
"1c1c8a99-291a-4932-ac59-8c152c5bdc5a","SupertrendTrendTypeStrategy","BTC-USDT","Bybit Perpetual","short","36312.98","36170.4","3.0137554874482637","120.14595132308877","109438.44274059906","309.55530607728997","2.8285792297961154","86400.0","1622887200000.0","1622973600000.0"
"a89e80f8-e202-4297-9bb7-b99855fec70f","SupertrendTrendTypeStrategy","BTC-USDT","Bybit Perpetual","short","34431.11","32583.0","3.187466162045788","117.48286440253786","109747.99804667635","5773.305224335906","52.60510740141694","36000.0","1623099600000.0","1623135600000.0"
"ae1e332b-067e-4f8e-8b3f-b6db2ba4b313","SupertrendTrendTypeStrategy","BTC-USDT","Bybit Perpetual","short","32583.0","33372.58","3.545447112635799","128.61311137027073","115521.30327101225","-2928.0272425652515","-25.346210263020648","61200.0","1623135600000.0","1623196800000.0"
"fa6cfe34-5451-4bd6-bdf3-16e46d9cde49","SupertrendTrendTypeStrategy","BTC-USDT","Bybit Perpetual","long","36339.26","36469.99","3.0983920979251365","124.07538267072066","112593.276028447","280.9774162910198","2.495507957509204","104400.0","1623254400000.0","1623358800000.0"
"33f64988-8115-43a5-b8ee-2a7e005e827a","SupertrendTrendTypeStrategy","BTC-USDT","Bybit Perpetual","short","35537.54","35947.01","3.176197717814402","124.87698551294423","112874.25344473802","-1425.434665026411","-12.628519095581774","115200.0","1623466800000.0","1623582000000.0"
"79e25613-5f49-4109-9827-3b68a2e1b54f","SupertrendTrendTypeStrategy","BTC-USDT","Bybit Perpetual","long","37006.68","39220.62","3.0115865238306054","126.260810185396","111448.8187797116","6541.211058384142","58.69251132498247","14400.0","1623603600000.0","1623618000000.0"
"c6b5c612-3a7e-410d-b0b6-4510e6e90cf2","SupertrendTrendTypeStrategy","BTC-USDT","Bybit Perpetual","long","39220.62","39880.99","3.008367278184173","130.8816823466273","117990.02983809574","1855.753817147841","15.728056173002756","187200.0","1623618000000.0","1623805200000.0"
"d2e568b3-2b0e-44ff-9bd7-c0796ad85ee7","SupertrendTrendTypeStrategy","BTC-USDT","Bybit Perpetual","short","37691.87","35260.0","3.1796189378569855","127.5775310722445","119845.78365524358","7604.842375334031","63.45523508119928","90000.0","1623952800000.0","1624042800000.0"
"5f6b59a6-b582-49c9-9918-68c6f68484a5","SupertrendTrendTypeStrategy","BTC-USDT","Bybit Perpetual","short","35260.0","35811.43","3.614595179539921","141.29194655455493","127450.62603057762","-2134.488166408255","-16.747569100964277","180000.0","1624042800000.0","1624222800000.0"
"63f5c7d1-bc58-4af2-ae00-7e5195a6a28b","SupertrendTrendTypeStrategy","BTC-USDT","Bybit Perpetual","short","32741.45","29860.88","3.8274461840929273","131.78387699060443","125316.13786416937","10893.442777521957","86.92769313820858","108000.0","1624258800000.0","1624366800000.0"
"85ce83ee-08cc-46b1-b401-e6ff46a3eb98","SupertrendTrendTypeStrategy","BTC-USDT","Bybit Perpetual","short","29860.88","32960.68","4.561472422838555","157.6073474248337","136209.58064169134","-14297.25956373978","-104.96515367263117","21600.0","1624366800000.0","1624388400000.0"
"cff8d4c4-df94-4e09-9ece-9ddca6f3bdf5","SupertrendTrendTypeStrategy","BTC-USDT","Bybit Perpetual","short","33300.0","30700.000000000004","3.661030663001548","128.86827933765449","121912.32107795155","9389.811444466359","77.02102102102093","72000.0","1624622400000.0","1624694400000.0"
"9d244389-7dce-4c3d-8261-ba3ba8e798d7","SupertrendTrendTypeStrategy","BTC-USDT","Bybit Perpetual","short","30700.000000000004","32255.56","4.276942427440323","148.0915180839957","131302.13252241793","-6801.1320805130545","-51.79757517915301","57600.0","1624694400000.0","1624752000000.0"
"6242998f-bcc4-4b8b-9c2c-fb3cb41056b7","SupertrendTrendTypeStrategy","BTC-USDT","Bybit Perpetual","long","34392.99","36284.31","3.6199527997392744","140.71666950715695","124501.00044190486","6705.772459695726","53.86119337109101","140400.0","1624834800000.0","1624975200000.0"
"7523556d-816d-4cbf-b81d-9377e47f7973","SupertrendTrendTypeStrategy","BTC-USDT","Bybit Perpetual","long","36284.31","34761.78","3.6160746312001133","141.29938003222804","131206.77290160058","-5646.881488273332","-43.03803350539114","54000.0","1624975200000.0","1625029200000.0"
"03a45818-1e2c-4525-8143-e27783a9129b","SupertrendTrendTypeStrategy","BTC-USDT","Bybit Perpetual","short","33481.62","33646.66","3.7501139853247016","138.4562859013359","125559.89141332725","-757.3750980393279","-6.031982741575852","115200.0","1625122800000.0","1625238000000.0"
"b9efb9bf-c11d-4d56-a2cf-9924dae47653","SupertrendTrendTypeStrategy","BTC-USDT","Bybit Perpetual","long","35185.64","34559.32","3.546973035456735","136.06092086345473","124802.51631528791","-2357.6010724307157","-18.89065334608095","72000.0","1625378400000.0","1625450400000.0"
"80b2dcd5-9b3d-4bbc-9ff2-83e60e153b38","SupertrendTrendTypeStrategy","BTC-USDT","Bybit Perpetual","short","34198.53","34623.48","3.580414574628126","135.52623021256147","122444.91524285721","-1657.0234037007995","-13.53280698030016","86400.0","1625461200000.0","1625547600000.0"
"703de703-2700-4da9-8769-32f1faa6a6b7","SupertrendTrendTypeStrategy","BTC-USDT","Bybit Perpetual","long","34623.48","34120.21","3.488612116377568","131.9010384221769","120787.89183915641","-1887.6148582315298","-15.627517207975744","36000.0","1625547600000.0","1625583600000.0"
"8a490105-21f3-46fe-8c54-4690e1fcf77e","SupertrendTrendTypeStrategy","BTC-USDT","Bybit Perpetual","short","33829.14","34268.46","3.514729519607205","131.639554713922","118900.27698092487","-1675.7305272677581","-14.093579677165891","28800.0","1625598000000.0","1625626800000.0"
"a8f10101-18f3-488c-9d35-e99ec098187e","SupertrendTrendTypeStrategy","BTC-USDT","Bybit Perpetual","short","33180.44","33399.47","3.532941288712781","129.37260217077954","117224.54645365711","-903.1927326375358","-7.704808932612068","133200.0","1625706000000.0","1625839200000.0"
"c42289f0-0b92-43b6-b9a8-67f2daaf4e41","SupertrendTrendTypeStrategy","BTC-USDT","Bybit Perpetual","long","34478.51","33524.79","3.373734935791006","126.18380992749209","116321.35372101956","-3343.7822928900937","-28.746074438831638","50400.0","1626040800000.0","1626091200000.0"
"78d7a238-bc27-42a9-b641-36e715048999","SupertrendTrendTypeStrategy","BTC-USDT","Bybit Perpetual","short","33524.79","32344.43","3.3699710401804","122.0875501115994","112977.57142812948","3855.6914668757395","34.12793723689248","90000.0","1626091200000.0","1626181200000.0"
"b1281569-6e48-41d8-beca-869ef50be41e","SupertrendTrendTypeStrategy","BTC-USDT","Bybit Perpetual","short","32344.43","32758.000000000004","3.6121602048638737","129.33822378726478","116833.26289500522","-1623.219319712829","-13.89346903006185","90000.0","1626181200000.0","1626271200000.0"
"5ae8fc6f-e03f-4fb1-9f7c-99ec3fb92f5f","SupertrendTrendTypeStrategy","BTC-USDT","Bybit Perpetual","short","31853.67","32105.81","3.616853052577377","127.23262226359392","115210.04357529241","-1039.1859509404649","-9.019924988235362","104400.0","1626346800000.0","1626451200000.0"
"2b149229-fbcb-4536-8c45-1ceb8f1c48eb","SupertrendTrendTypeStrategy","BTC-USDT","Bybit Perpetual","short","31447.33","31776.08","3.6305421676292373","126.24439079247162","114170.85762435195","-1319.7851284005835","-11.559737360850667","46800.0","1626627600000.0","1626674400000.0"
"2bd2a6b6-32c9-44d9-b607-1bb137a4f8ca","SupertrendTrendTypeStrategy","BTC-USDT","Bybit Perpetual","short","30694.28","29582.94","3.6766157243613913","121.88889618003502","112851.07249595136","3964.0812229317544","35.126659722919065","54000.0","1626699600000.0","1626753600000.0"
"7978d59f-8e62-4f69-b2e0-49ef0a39d784","SupertrendTrendTypeStrategy","BTC-USDT","Bybit Perpetual","short","29582.94","30655.5","3.9487337539434253","130.82605872209268","116815.15371888311","-4366.079933851658","-37.375972165038405","90000.0","1626753600000.0","1626843600000.0"
"953129ab-60b1-4be4-8b05-40e67cd97922","SupertrendTrendTypeStrategy","BTC-USDT","Bybit Perpetual","long","31500.0","32741.29","3.569811866191475","126.13112563779626","112449.07378503146","4305.040645747023","38.28435842857145","136800.0","1626868800000.0","1627005600000.0"
"ec532827-c42b-4d00-bc45-6e528ddb3f15","SupertrendTrendTypeStrategy","BTC-USDT","Bybit Perpetual","long","33117.26","34402.06","3.5254762752346807","130.92076842898817","116754.11443077849","4398.611149992514","37.67414254681684","64800.0","1627081200000.0","1627146000000.0"
"29a5cf19-9df1-47e4-a92f-3751df16c575","SupertrendTrendTypeStrategy","BTC-USDT","Bybit Perpetual","long","34402.06","35370.66","3.5216706668371316","135.14409775319226","121152.725580771","3275.946110145274","27.039805290729856","111600.0","1627146000000.0","1627257600000.0"
"eed97355-110d-4e8b-971d-ae79b1b196f8","SupertrendTrendTypeStrategy","BTC-USDT","Bybit Perpetual","long","35370.66","36736.4","3.5178498702290617","139.51399641497954","124428.67169091628","4664.954285351652","37.49099160151374","3600.0","1627257600000.0","1627261200000.0"
"d2318322-0b47-48a7-9b69-e56fc7dfb5ec","SupertrendTrendTypeStrategy","BTC-USDT","Bybit Perpetual","long","36736.4","39198.18","3.5140521655978247","146.76094141101873","129093.62597626794","8504.062398814389","65.87515328121422","61200.0","1627261200000.0","1627322400000.0"
"1e8af2a9-1678-488c-b563-2b9f68bd6441","SupertrendTrendTypeStrategy","BTC-USDT","Bybit Perpetual","long","39056.57","39599.67","3.523035647397668","152.4098055756465","137597.68837508233","1760.9508545260219","12.797822952706769","147600.0","1627434000000.0","1627581600000.0"
"8f1e0aa2-e77e-4373-b40b-e2382e76c6b7","SupertrendTrendTypeStrategy","BTC-USDT","Bybit Perpetual","long","40687.88","42420.62","3.42506513560324","156.55861420225506","139358.63922960835","5778.188748862922","41.46272366611397","111600.0","1627678800000.0","1627790400000.0"
"abbaca2c-359a-402b-b13c-950db9358bda","SupertrendTrendTypeStrategy","BTC-USDT","Bybit Perpetual","long","42420.62","41428.16","3.4213745102846507","157.782943235756","145136.82797847126","-3553.3602897128576","-24.482830024643658","36000.0","1627790400000.0","1627826400000.0"
"136fa978-7a8b-4a8f-aba0-ccf552a8da77","SupertrendTrendTypeStrategy","BTC-USDT","Bybit Perpetual","short","38821.24","38812.46","3.647061961152153","155.72420279542382","141583.4676887584","-123.70299877651217","-0.8737107573071125","126000.0","1627956000000.0","1628082000000.0"
"b1380905-26bf-4137-9d09-5b3c6bcb39ab","SupertrendTrendTypeStrategy","BTC-USDT","Bybit Perpetual","short","38045.01","39727.25","3.718221251354169","159.045958443813","141459.76468998188","-6413.986476321842","-45.341419098063","25200.0","1628157600000.0","1628182800000.0"
"6212df1b-59da-42f5-bea6-a725b875d816","SupertrendTrendTypeStrategy","BTC-USDT","Bybit Perpetual","long","40684.49","42889.72","3.3193430276171583","152.5763091886617","135045.77821366","7167.338515603535","53.073399334734276","86400.0","1628186400000.0","1628272800000.0"
"bf8fcdbf-7151-4ee5-957f-e431e40b227d","SupertrendTrendTypeStrategy","BTC-USDT","Bybit Perpetual","long","42889.72","44739.05","3.3157856178418403","159.8070184013438","142213.11672926354","5972.174798242112","41.99454266663437","129600.0","1628272800000.0","1628402400000.0"
"c9a1ebd9-c77e-4ee8-a5bc-f5eeb4a593b6","SupertrendTrendTypeStrategy","BTC-USDT","Bybit Perpetual","long","44739.05","43732.62","3.3122136372476767","161.17038953624188","148185.29152750567","-3494.6815604714225","-23.58318780796643","39600.0","1628402400000.0","1628442000000.0"
"0f1faa6a-6731-47e9-85e5-a74829d29456","SupertrendTrendTypeStrategy","BTC-USDT","Bybit Perpetual","long","45648.1","45366.0","3.1696962188357074","158.66787674690426","144690.60996703425","-1052.8391800804527","-7.276485877834972","100800.0","1628506800000.0","1628607600000.0"
"81bcb85d-be0f-4009-a021-3609732143de","SupertrendTrendTypeStrategy","BTC-USDT","Bybit Perpetual","long","47606.39","46580.0","3.0171951871787344","156.29829743315662","143637.77078695383","-3253.117265601536","-22.64806288609574","54000.0","1628888400000.0","1628942400000.0"
"0eb93268-e177-4032-bcec-8f5262b3e264","SupertrendTrendTypeStrategy","BTC-USDT","Bybit Perpetual","long","47226.61","46138.77","2.972575281633645","152.64459141158275","140384.6535213523","-3386.3308857839384","-24.12180249651635","57600.0","1629068400000.0","1629126000000.0"
"427f13d6-8b53-456d-8d7e-ec8219061fa0","SupertrendTrendTypeStrategy","BTC-USDT","Bybit Perpetual","short","45471.21","45827.229999999996","3.012858523790512","151.28810573952714","136998.32263556836","-1223.9259973794155","-8.933875786459097","72000.0","1629230400000.0","1629302400000.0"
"7126b55c-0e4c-4b57-80e0-af51c83581ef","SupertrendTrendTypeStrategy","BTC-USDT","Bybit Perpetual","short","44922.74","45473.82","3.0223979356154356","150.2679069819053","135774.39663818895","-1815.8509613408648","-13.374030791532347","68400.0","1629316800000.0","1629385200000.0"
"6b1afca4-0e81-4da6-9e29-8157ffbfbbc1","SupertrendTrendTypeStrategy","BTC-USDT","Bybit Perpetual","long","46580.72","47835.44","2.875836734100462","149.3390036713887","133958.54567684807","3459.0308633391464","25.82165136133579","68400.0","1629399600000.0","1629468000000.0"
"7a96a7f1-4c59-435b-a9e0-783ed0e392c2","SupertrendTrendTypeStrategy","BTC-USDT","Bybit Perpetual","long","48600.02","48809.18000000001","2.827520987443775","151.4846065535595","137417.5765401872","439.9196831802109","3.201334896570223","133200.0","1629471600000.0","1629604800000.0"
"01413bf9-5601-4c1d-a72d-33df6d17948e","SupertrendTrendTypeStrategy","BTC-USDT","Bybit Perpetual","long","49860.4","49512.060000000005","2.764869439943671","151.11353280431365","137857.4962233674","-1114.2281535142824","-8.082463297526626","61200.0","1629684000000.0","1629745200000.0"
"4871fb98-7285-456e-aacb-2d7da28a8396","SupertrendTrendTypeStrategy","BTC-USDT","Bybit Perpetual","short","47719.36","48731.01999999999","2.8655721298410772","152.01203646231966","136743.2680698531","-3050.996737337312","-22.311860615900734","61200.0","1629849600000.0","1629910800000.0"
"88c091cb-577a-41c0-a1fd-2d018bf9b3ef","SupertrendTrendTypeStrategy","BTC-USDT","Bybit Perpetual","long","48843.42","47922.98999999999","2.7371603244104485","145.67584800319895","133692.27133251578","-2665.040325400329","-19.93413904063245","39600.0","1629914400000.0","1629954000000.0"
"14411c4d-adad-4fb8-a670-715e6b3cad21","SupertrendTrendTypeStrategy","BTC-USDT","Bybit Perpetual","short","47070.13","47216.48","2.7836598498265346","144.35401784828917","131027.23100711545","-551.7426368704187","-4.210900532885842","100800.0","1629957600000.0","1630058400000.0"
"81a2283b-53f0-4c86-83c3-7ff38866c6db","SupertrendTrendTypeStrategy","BTC-USDT","Bybit Perpetual","long","48925.76","48242.87","2.6668055513137667","142.5214130436544","130475.48837024505","-1963.656255980311","-15.05000119568913","111600.0","1630098000000.0","1630209600000.0"
"fba8859e-e9fa-4456-92f5-8cc49c482147","SupertrendTrendTypeStrategy","BTC-USDT","Bybit Perpetual","short","47989.05","48528.01","2.677940740945376","142.15683194364817","128511.83211426472","-1585.4597736835658","-12.33707237380192","54000.0","1630296000000.0","1630350000000.0"
"586de710-52c9-47a1-93c0-47469e37f7e8","SupertrendTrendTypeStrategy","BTC-USDT","Bybit Perpetual","short","47659.64","47838.85","2.6631836149115085","139.8815075992348","126926.37234058112","-617.1506432275239","-4.862272763705289","50400.0","1630364400000.0","1630414800000.0"
"f5a19116-053d-469b-8ca4-1f8570cdd9a5","SupertrendTrendTypeStrategy","BTC-USDT","Bybit Perpetual","short","47298.48","47688.05","2.670471053136456","139.5123283415827","126309.22169735361","-1179.847736511951","-9.340946928949931","68400.0","1630422000000.0","1630490400000.0"
"eba9620d-284a-46c6-9ee5-d6df426a668f","SupertrendTrendTypeStrategy","BTC-USDT","Bybit Perpetual","long","48518.25","49995.54","2.5790166372620953","139.73778687535935","125129.37396084165","3670.217701185564","29.331383871017625","50400.0","1630515600000.0","1630566000000.0"
"74b5483e-a9ee-4d8a-bd57-96a8281dc55f","SupertrendTrendTypeStrategy","BTC-USDT","Bybit Perpetual","long","49995.54","48602.95","2.5762216322101374","139.7063595626902","128799.59166202722","-3727.3268423622153","-28.938964745655387","64800.0","1630566000000.0","1630630800000.0"
"28a59c30-56ac-460f-8112-646fb6b8de71","SupertrendTrendTypeStrategy","BTC-USDT","Bybit Perpetual","long","50045.59","49720.25","2.499166556327241","137.132297935542","125072.264819665","-950.2111453710379","-7.597297024572926","61200.0","1630659600000.0","1630720800000.0"
"c3474722-9fcb-4993-83e1-c8a6fdab91fe","SupertrendTrendTypeStrategy","BTC-USDT","Bybit Perpetual","long","51713.74","50936.16","2.400175536990633","135.50777836999413","124122.05367429396","-2001.8362724231572","-16.12796608792933","133200.0","1630875600000.0","1631008800000.0"
"ef74c588-34b9-49ae-96db-b55dc627ac9d","SupertrendTrendTypeStrategy","BTC-USDT","Bybit Perpetual","short","47333.32","46681.95","2.5800053197593322","133.40794320623547","122120.21740187079","1547.1301219254074","12.66891064265094","165600.0","1631026800000.0","1631192400000.0"
"fa21c184-bb27-47f4-a73d-85a93bae887d","SupertrendTrendTypeStrategy","BTC-USDT","Bybit Perpetual","short","45939.56","45580.01","2.691957596541983","135.50174093156568","123667.34752379621","832.3916129050925","6.730892426919101","86400.0","1631278800000.0","1631365200000.0"
"71140100-b928-4a71-8d81-4c1251e56864","SupertrendTrendTypeStrategy","BTC-USDT","Bybit Perpetual","short","44981.76","45091.73","2.767782744310167","137.11711823798692","124499.73913670129","-441.4901866297792","-3.5461133468321644","72000.0","1631502000000.0","1631574000000.0"
"1f914556-7a87-4d52-bce7-66599d70d2b2","SupertrendTrendTypeStrategy","BTC-USDT","Bybit Perpetual","long","48271.79","47458.23","2.569994793026559","135.31410911498062","124058.24895007152","-2226.1590729296618","-17.944466343593174","32400.0","1631768400000.0","1631800800000.0"
"14f7f3ca-f5f3-4ae8-b353-00926338d924","SupertrendTrendTypeStrategy","BTC-USDT","Bybit Perpetual","short","46977.25","47917.73","2.5934274542920637","135.35678552357297","121832.08987714184","-2574.4234377361813","-21.13091419782987","25200.0","1631912400000.0","1631937600000.0"
"d10d3edf-8a9a-4c7f-bb94-9d6a64d38fce","SupertrendTrendTypeStrategy","BTC-USDT","Bybit Perpetual","long","48322.61","47885.0","2.4679475392452037","130.58943389588924","119257.66643940567","-1210.5879565449843","-10.15102837988264","61200.0","1631941200000.0","1632002400000.0"
"2ed2df01-5f4d-4651-b06c-9a61fc601ea8","SupertrendTrendTypeStrategy","BTC-USDT","Bybit Perpetual","short","47344.16","45954.95","2.49338204506872","127.94667913219031","118047.0784828607","3335.884591697742","28.258933931872615","54000.0","1632052800000.0","1632106800000.0"
"fff4ec53-c8ab-4fb1-beda-189c4f54ca25","SupertrendTrendTypeStrategy","BTC-USDT","Bybit Perpetual","short","45954.95","43731.44","2.6413468641475712","130.29107574076886","121382.96307455841","5742.770090159984","47.31117073351174","32400.0","1632106800000.0","1632139200000.0"
"5cb2a929-4a91-42cd-b748-f674f334b8b1","SupertrendTrendTypeStrategy","BTC-USDT","Bybit Perpetual","short","43731.44","40964.71","2.906964261060656","135.41477460468786","127125.73316471842","7907.37045539967","62.20117877435555","118800.0","1632139200000.0","1632258000000.0"
"a6248968-75a9-4ab1-9e7e-40a6c2acc56c","SupertrendTrendTypeStrategy","BTC-USDT","Bybit Perpetual","short","40964.71","42379.94","3.2963275858688634","151.10219791127196","135033.10362011808","-4816.163887260474","-35.666542189606695","46800.0","1632258000000.0","1632304800000.0"
"d33ca48a-8ea8-4e62-a4c5-63bcfc8b9b14","SupertrendTrendTypeStrategy","BTC-USDT","Bybit Perpetual","short","42357.05","42658.98","3.0742683858497606","143.74915132570018","130216.93973285762","-1071.9630050653193","-8.232131758467604","129600.0","1632477600000.0","1632607200000.0"
"d3b5f46b-c38c-4fbb-b3c7-7a9f81a0f0b4","SupertrendTrendTypeStrategy","BTC-USDT","Bybit Perpetual","short","41214.97","43234.86","3.1334482768710568","145.54054586255452","129144.9767277923","-6474.761385831632","-50.13560379881387","7200.0","1632643200000.0","1632650400000.0"
"88f53503-deac-4ce3-9b7e-b47b9de6446d","SupertrendTrendTypeStrategy","BTC-USDT","Bybit Perpetual","long","43851.2","43181.27","2.79741980474789","133.90649537876965","122670.21534196068","-2007.9819451735245","-16.36894448726603","50400.0","1632704400000.0","1632754800000.0"
"0b27c400-daf9-4980-86b1-48d441ddbda8","SupertrendTrendTypeStrategy","BTC-USDT","Bybit Perpetual","short","42122.69","42226.78","2.8645424448625465","132.89245035916304","120662.23339678715","-431.0626734448955","-3.5724738496044885","104400.0","1632787200000.0","1632891600000.0"
"385fd4c5-3df7-469f-8a6f-d00f43315880","SupertrendTrendTypeStrategy","BTC-USDT","Bybit Perpetual","long","43382.58","44907.52","2.771415870686858","134.57872140049136","120231.17072334228","4091.6641964447117","34.03164230896353","108000.0","1632970800000.0","1633078800000.0"
"126b8fb4-09c2-46e4-87c8-5ac9841c8e4e","SupertrendTrendTypeStrategy","BTC-USDT","Bybit Perpetual","long","47086.56","48234.41","2.6403040468402654","138.42198856185675","124322.83491978697","2892.2510116037574","23.26403683981174","118800.0","1633086000000.0","1633204800000.0"
"abf8e684-3c12-4381-8d61-e187848b94f2","SupertrendTrendTypeStrategy","BTC-USDT","Bybit Perpetual","long","48922.0","47819.33","2.6003656009850524","138.3595546990488","127215.08593139073","-3005.704691937232","-23.62695170884261","28800.0","1633284000000.0","1633312800000.0"
"07691be5-d8b8-48ea-85a5-79b79e250b44","SupertrendTrendTypeStrategy","BTC-USDT","Bybit Perpetual","long","48573.49","50240.03","2.557143438518696","138.97418936771476","124209.38123945349","4122.607636661235","33.19079119083271","61200.0","1633366800000.0","1633428000000.0"
"59d2ae89-a645-47e5-adb8-095fd2013070","SupertrendTrendTypeStrategy","BTC-USDT","Bybit Perpetual","long","51164.85","54035.58999999999","2.5082061000103533","145.12541193247523","128331.98887611472","7055.2821676112235","54.976800635592426","64800.0","1633464000000.0","1633528800000.0"
"afe9bb5b-f5bf-44f4-81b8-f332f130dbba","SupertrendTrendTypeStrategy","BTC-USDT","Bybit Perpetual","long","54035.59","53841.96000000001","2.505520362481949","148.65916899881552","135387.27104372598","-633.8030767861705","-4.681408170059587","90000.0","1633528800000.0","1633618800000.0"
"b1afc3c3-769e-45bb-aa7d-8438cbbc7ef9","SupertrendTrendTypeStrategy","BTC-USDT","Bybit Perpetual","long","55834.8","54339.92","2.413431551056685","146.24452995725977","134753.4679669398","-3754.035087000888","-27.85854155472939","32400.0","1633683600000.0","1633716000000.0"
"cdfaf72e-c66c-48f8-9339-69b21036416e","SupertrendTrendTypeStrategy","BTC-USDT","Bybit Perpetual","long","55919.84","54940.06","2.342628893071563","142.83698265266327","130999.43287993889","-2438.0979195063164","-18.611515072289173","64800.0","1633842000000.0","1633906800000.0"
"92a3c9fc-10a7-4dda-88f7-7b5e75580418","SupertrendTrendTypeStrategy","BTC-USDT","Bybit Perpetual","long","55844.37","57501.90000000001","2.302136006914082","143.516191179023","128561.33496043256","3672.34330436129","28.56491265816064","61200.0","1633921200000.0","1633982400000.0"
"ffa94779-3723-4fb4-850a-e9ad3191f210","SupertrendTrendTypeStrategy","BTC-USDT","Bybit Perpetual","long","57423.12","56419.19","2.302795080880207","144.1855313052218","132233.67826479385","-2456.030596853289","-18.573412076877748","32400.0","1634018400000.0","1634050800000.0"
"40f58e7e-9594-4d44-bb69-f98afcf5468f","SupertrendTrendTypeStrategy","BTC-USDT","Bybit Perpetual","long","56937.86","57092.56","2.279285657521034","142.9493454549048","129777.64766794058","209.65614576359252","1.6155027428146598","115200.0","1634144400000.0","1634259600000.0"
"1cd00bdc-727a-4f64-93a8-6e0ca91f44a2","SupertrendTrendTypeStrategy","BTC-USDT","Bybit Perpetual","long","59117.92","61489.719999999994","2.1987800621825695","145.85432079839114","129987.30381370416","5069.2122306862175","38.997748872084735","50400.0","1634266800000.0","1634317200000.0"
"4a6308fd-e1ae-42c0-8949-524057106fff","SupertrendTrendTypeStrategy","BTC-USDT","Bybit Perpetual","long","61489.719999999994","60988.97","2.1964080507179156","147.95724941656113","135056.51604439042","-1247.8085808135413","-9.239158667497474","82800.0","1634317200000.0","1634400000000.0"
"80843a83-1b02-4cdf-b0ff-119ac1acf15f","SupertrendTrendTypeStrategy","BTC-USDT","Bybit Perpetual","long","62510.92999999999","60983.73","2.14056497741398","145.39158925150593","133808.70746357687","-3414.4624227581144","-25.517490509259584","39600.0","1634518800000.0","1634558400000.0"
"1f0fcaa5-296d-4183-a116-da18e43aaa67","SupertrendTrendTypeStrategy","BTC-USDT","Bybit Perpetual","long","63435.17","66140.27","2.0555512823693656","146.49192902056615","130394.2450408187","5413.979844916817","41.52008275535489","72000.0","1634666400000.0","1634738400000.0"
"1c0ec210-ff59-44cd-adf5-90b1aecbc3a9","SupertrendTrendTypeStrategy","BTC-USDT","Bybit Perpetual","long","66140.27","64876.01999999999","2.05333641495167","147.9612855648776","135808.22488573552","-2743.8918481675564","-20.20416547286569","57600.0","1634738400000.0","1634796000000.0"
"618b5994-9f60-46be-97e1-b0e99534378b","SupertrendTrendTypeStrategy","BTC-USDT","Bybit Perpetual","long","66289.24","65127.79","2.0073292896036814","145.08848940944915","133064.33303756797","-2476.501092819654","-18.611306548393138","10800.0","1634810400000.0","1634821200000.0"
"6823df5c-37f9-439f-a9b2-817c80caf107","SupertrendTrendTypeStrategy","BTC-USDT","Bybit Perpetual","short","60744.92","61036.47","2.1497737085627624","143.99133672782546","130587.83194474831","-770.7578614593051","-5.902218070251849","194400.0","1634918400000.0","1635112800000.0"
"fc80d362-6cc9-4602-b655-d2ec93bcf64a","SupertrendTrendTypeStrategy","BTC-USDT","Bybit Perpetual","long","61866.19","63388.59999999999","2.09835249404059","144.5557855428667","129817.07408328902","3049.997034909445","23.494575397321043","50400.0","1635123600000.0","1635174000000.0"
"85b312fc-4712-4431-8f41-c3c350206b3c","SupertrendTrendTypeStrategy","BTC-USDT","Bybit Perpetual","long","62888.479999999996","62466.83","2.112741015814001","145.66381774289346","132867.07111819848","-1036.5010670608547","-7.801037972296266","28800.0","1635199200000.0","1635228000000.0"
"be760574-fe99-4a86-9a68-db6d14ee169a","SupertrendTrendTypeStrategy","BTC-USDT","Bybit Perpetual","short","60852.34999999999","58615.66","2.166400641078572","142.34856539880968","131830.57005113762","4703.2180844951945","35.67623262700599","50400.0","1635285600000.0","1635336000000.0"
"2eaa75be-92e5-4043-9a84-6074a8818a96","SupertrendTrendTypeStrategy","BTC-USDT","Bybit Perpetual","short","58615.66","60584.06999999999","2.3293056520327986","152.70893264538097","136533.78813563284","-4737.737471163236","-34.700110030322755","75600.0","1635336000000.0","1635411600000.0"
"d0fd93e5-49ce-4eaa-a5ca-1de938071279","SupertrendTrendTypeStrategy","BTC-USDT","Bybit Perpetual","long","61614.4","61635.049999999996","2.139046240237178","144.99994994859006","131796.0506644696","-100.82864508770479","-0.76503540568448","151200.0","1635429600000.0","1635580800000.0"
"611cb9d9-b81c-42f0-bfcb-c46ff9fdffb0","SupertrendTrendTypeStrategy","BTC-USDT","Bybit Perpetual","short","60523.94000000001","61427.79","2.1759195125000437","145.94643188957536","131695.2220193819","-2112.651283262721","-16.041973663644356","39600.0","1635681600000.0","1635721200000.0"
"9a95b908-2ad8-4b40-81e5-c762aac769b5","SupertrendTrendTypeStrategy","BTC-USDT","Bybit Perpetual","short","59934.99","62257.670000000006","2.1620520957143596","145.30279314865174","129582.57073611919","-5167.057954822498","-39.87463688573249","14400.0","1635739200000.0","1635753600000.0"
"98a2ce50-4f32-41dc-a18b-8cb016b392e0","SupertrendTrendTypeStrategy","BTC-USDT","Bybit Perpetual","long","62257.67","60820.0","1.9983965474663075","135.27689493900863","124415.5127812967","-3008.3116593348914","-24.179554398678885","36000.0","1635753600000.0","1635789600000.0"
"1be294cb-66a4-4c3e-8e3d-1628d7329a89","SupertrendTrendTypeStrategy","BTC-USDT","Bybit Perpetual","long","63155.43","62520.01","1.9223557043624246","132.87609444024173","121407.2011219618","-1354.3793561062103","-11.155675640241833","97200.0","1635847200000.0","1635944400000.0"
"6d0ae722-f0cc-4b6d-bba3-eb1aa8155075","SupertrendTrendTypeStrategy","BTC-USDT","Bybit Perpetual","short","61098.91","62136.61","1.96489301962761","133.1795371599983","120052.82176585558","-2172.149023627563","-18.093277539648366","46800.0","1636041600000.0","1636088400000.0"
"f05d4d94-39a8-4d7c-8612-5b921e627a07","SupertrendTrendTypeStrategy","BTC-USDT","Bybit Perpetual","short","60391.29","61420.01","1.9519482485343171","130.77314452767857","117880.67274222802","-2138.7813467599035","-18.14361334225517","36000.0","1636200000000.0","1636236000000.0"
"99cc789a-d94b-481b-bf37-a68c7cff1081","SupertrendTrendTypeStrategy","BTC-USDT","Bybit Perpetual","long","62697.06","65097.19000000001","1.8460497413350503","129.7529981861337","115741.89139546812","4301.006367484383","37.16032557985993","14400.0","1636318800000.0","1636333200000.0"
"9bb6e35f-e305-4417-873e-1f9175bf667a","SupertrendTrendTypeStrategy","BTC-USDT","Bybit Perpetual","long","65097.19","67606.96","1.8440565216863045","134.5926742942857","120042.89776295249","4493.565062138358","37.43299392032136","82800.0","1636333200000.0","1636416000000.0"
"f7b00a06-82a3-470d-90b3-a9270b67d5be","SupertrendTrendTypeStrategy","BTC-USDT","Bybit Perpetual","long","67606.96","66901.61","1.8420657107654426","136.27549353060132","124536.46282509086","-1435.576542619017","-11.527359217157608","64800.0","1636416000000.0","1636480800000.0"
"f6c537f4-45b6-450e-8415-68f40ee7123f","SupertrendTrendTypeStrategy","BTC-USDT","Bybit Perpetual","long","67766.78","67009.98","1.8165373400133789","134.65485940831186","123100.88628247184","-1509.4103183304424","-12.261571495650273","7200.0","1636495200000.0","1636502400000.0"
"bf52b66d-9a53-461c-8d2a-930f8799566b","SupertrendTrendTypeStrategy","BTC-USDT","Bybit Perpetual","long","68036.3","65891.13","1.7871559147711058","131.6420592710263","121591.47596414138","-3965.3953129605566","-32.612444922783844","25200.0","1636552800000.0","1636578000000.0"
"25e9c876-dff3-4679-8cd6-c43fc595a9d2","SupertrendTrendTypeStrategy","BTC-USDT","Bybit Perpetual","short","64313.65","64759.78","1.8289442544651227","129.83745951143342","117626.08065118083","-945.7843597559538","-8.04060081335762","234000.0","1636581600000.0","1636815600000.0"
"789abb5b-04b8-4351-a220-c142fb0f03ca","SupertrendTrendTypeStrategy","BTC-USDT","Bybit Perpetual","long","65024.01","64117.84","1.794418650763385","127.45399932874811","116680.29629142486","-1753.5023480910147","-15.028264444164632","54000.0","1636851600000.0","1636905600000.0"
"ee9b40a9-2175-4902-8ac6-e0f23881dcb8","SupertrendTrendTypeStrategy","BTC-USDT","Bybit Perpetual","long","65568.39","64348.95","1.7527774274057033","125.24389953932565","114926.79394333385","-2262.650805614941","-19.68775711894104","57600.0","1636934400000.0","1636992000000.0"
"f94f0f29-baeb-4168-b09c-4485a526984d","SupertrendTrendTypeStrategy","BTC-USDT","Bybit Perpetual","short","64348.95","62604.71","1.7508311035023711","122.25092914730567","112664.1431377189","2931.6187148256668","26.02086727133851","32400.0","1636992000000.0","1637024400000.0"
"375bb528-6651-475e-ae6c-172b5e6e8c57","SupertrendTrendTypeStrategy","BTC-USDT","Bybit Perpetual","short","62604.71","60198.98","1.846438740033211","124.71221984926598","115595.76185254456","4317.320850210823","37.34843545317909","32400.0","1637024400000.0","1637056800000.0"
"30ab857c-b41f-4f18-9ee0-72e9b06516a2","SupertrendTrendTypeStrategy","BTC-USDT","Bybit Perpetual","short","60198.98","60477.33","1.9919454233735419","132.20934287775873","119913.08270275539","-686.6673514737813","-5.7263756047029135","118800.0","1637056800000.0","1637175600000.0"
"55dc6ed2-cde9-4922-8485-93ddba284894","SupertrendTrendTypeStrategy","BTC-USDT","Bybit Perpetual","short","59228.6","56640.0","2.0129872283201293","128.28310657983357","119226.41535128161","5082.53563264965","42.62927487733964","32400.0","1637244000000.0","1637276400000.0"
"3b0e50a6-9ff8-4973-8c4a-cff0fe84df2a","SupertrendTrendTypeStrategy","BTC-USDT","Bybit Perpetual","short","56640.0","57896.32","2.1947201798010463","138.2563450532826","124308.95098393127","-2895.527201340932","-23.292990395480217","61200.0","1637276400000.0","1637337600000.0"
"0a4b3e15-da80-4f0b-8345-d61498a6e4ad","SupertrendTrendTypeStrategy","BTC-USDT","Bybit Perpetual","short","58157.28","55855.69","2.0876736976452532","130.91203326267953","121413.42378259033","4674.0568725006515","38.49703539264554","72000.0","1637542800000.0","1637614800000.0"
"f2041689-6dc6-4136-8d4d-57e175fce7de","SupertrendTrendTypeStrategy","BTC-USDT","Bybit Perpetual","short","55855.69","57696.45","2.257379340494961","140.98164019774532","126087.48065509099","-4296.275235007238","-34.07376539435812","64800.0","1637614800000.0","1637679600000.0"
"b05b05a6-fcf5-4212-b303-3d78c88b481f","SupertrendTrendTypeStrategy","BTC-USDT","Bybit Perpetual","short","57014.61","54896.81","2.1361402879031135","131.48217111614545","121791.20542008373","4392.435730605074","36.06529482530886","7200.0","1637913600000.0","1637920800000.0"
"f293a062-189e-4281-bde1-11ef2eea6ea3","SupertrendTrendTypeStrategy","BTC-USDT","Bybit Perpetual","short","54896.81","54988.07","2.298560538411773","138.9173769148622","126183.64115068881","-348.68401165032526","-2.7633059917325253","100800.0","1637920800000.0","1638021600000.0"
"09e654a5-cb4a-46bf-9315-a1c83f5bc566","SupertrendTrendTypeStrategy","BTC-USDT","Bybit Perpetual","short","54262.16","54938.06","2.319018578306475","139.28053641433485","125834.95713903848","-1706.7051934916678","-13.563045057550124","68400.0","1638064800000.0","1638133200000.0"
"5c4e13fc-c82b-4420-8f85-0a62b07cefc9","SupertrendTrendTypeStrategy","BTC-USDT","Bybit Perpetual","long","57315.73","56329.32","2.1656925933866114","135.36613368302812","124128.25194554681","-2271.626964725523","-18.300644125094514","108000.0","1638144000000.0","1638252000000.0"
"325c5706-e857-4297-955b-09b182543632","SupertrendTrendTypeStrategy","BTC-USDT","Bybit Perpetual","short","56329.32","57857.9","2.163289473063429","135.86100604140782","121856.62498082127","-3442.6220287767082","-28.251414556398018","25200.0","1638252000000.0","1638277200000.0"
"8a73bd8b-4ca0-4f5c-91ae-021efced797f","SupertrendTrendTypeStrategy","BTC-USDT","Bybit Perpetual","long","58371.88","56975.0","2.0286138283030217","128.6968517007851","118414.00295204458","-2962.4269361807046","-25.017538993090465","36000.0","1638280800000.0","1638316800000.0"
"a92f6f66-7291-4d53-a700-d6c370ffe3bc","SupertrendTrendTypeStrategy","BTC-USDT","Bybit Perpetual","short","56536.6","56853.43","2.0420678996590507","127.35257722240723","115451.57601586389","-774.3409498713878","-6.707062619612812","64800.0","1638460800000.0","1638525600000.0"
"55deb1f6-14f6-4aaf-9edf-a2005597878e","SupertrendTrendTypeStrategy","BTC-USDT","Bybit Perpetual","short","56030.73","53884.35","2.046684650833435","123.72882892212101","114677.23506599249","4269.234171933756","37.22826216970588","14400.0","1638547200000.0","1638561600000.0"
"44c79c5c-30b3-420a-8088-7b7878d0870e","SupertrendTrendTypeStrategy","BTC-USDT","Bybit Perpetual","short","53884.35","50278.8","2.207439993948637","126.46364676311904","118946.46923792624","7832.57162341838","65.84955126117316","32400.0","1638561600000.0","1638594000000.0"
"22f2a586-0da7-44ee-9e0d-94a00cc99287","SupertrendTrendTypeStrategy","BTC-USDT","Bybit Perpetual","short","50278.8","49267.19","2.5215208171504613","138.05400732686843","126779.04086134462","2412.741666510711","19.031076825620353","97200.0","1638594000000.0","1638691200000.0"
"69a2f1fb-3286-4532-a5ee-904f37b6da75","SupertrendTrendTypeStrategy","BTC-USDT","Bybit Perpetual","short","48162.83","49112.729999999996","2.6823959997337226","143.51236515872176","129191.78252785534","-2691.5203253057693","-20.833525729281153","28800.0","1638781200000.0","1638810000000.0"
"992eee2b-148d-4752-8f9d-28ce5c6c68aa","SupertrendTrendTypeStrategy","BTC-USDT","Bybit Perpetual","short","49220.01","50527.98","2.5700982629330946","140.99917470653725","126500.26220254955","-3502.6105996751403","-27.688563949905763","21600.0","1638968400000.0","1638990000000.0"
"55cab312-ca7e-4d01-af40-58d7198cdaca","SupertrendTrendTypeStrategy","BTC-USDT","Bybit Perpetual","short","48569.96","49064.08","2.5323811591130485","135.98563186124937","122997.6516028744","-1387.2858102021955","-11.27896176978533","79200.0","1639062000000.0","1639141200000.0"
"33c6555d-c10f-44f0-8c95-e62c94dc16bc","SupertrendTrendTypeStrategy","BTC-USDT","Bybit Perpetual","short","47136.35","48518.93","2.5799699338763444","135.73326052908777","121610.36579267222","-3702.7480917078483","-30.44763550847704","18000.0","1639180800000.0","1639198800000.0"
"acadd5bc-caa1-442b-a9ff-2957fd357269","SupertrendTrendTypeStrategy","BTC-USDT","Bybit Perpetual","short","48756.34","46699.36","2.418303295550166","126.96245863897639","117907.61770096437","4847.439054241794","41.11217874434374","61200.0","1639364400000.0","1639425600000.0"
"ad8de2fb-a0c7-452b-9427-7e8db46a775a","SupertrendTrendTypeStrategy","BTC-USDT","Bybit Perpetual","short","46699.36","48280.22","2.6286239630523025","137.31607999375376","122755.05675520617","-4292.802558224618","-34.97047430628601","93600.0","1639425600000.0","1639519200000.0"
"aa8a338a-18b4-434d-9d7c-71e4670272bb","SupertrendTrendTypeStrategy","BTC-USDT","Bybit Perpetual","long","49191.28","48093.89","2.4081962127633507","128.8549778736213","118462.25419698155","-2771.5854197979934","-23.396358938006887","75600.0","1639602000000.0","1639677600000.0"
"fe2f72ee-35b0-4734-be71-870e196f393a","SupertrendTrendTypeStrategy","BTC-USDT","Bybit Perpetual","short","45940.29","47299.82","2.5182833799521847","129.14276064685242","115690.66877718356","-3552.824564193243","-30.709689914887317","72000.0","1639753200000.0","1639825200000.0"
"7ce256ae-5d7e-4b00-8853-999cbbf74b64","SupertrendTrendTypeStrategy","BTC-USDT","Bybit Perpetual","short","46421.66","46991.66","2.415636239914521","124.10893059550257","112137.84421299033","-1501.0215873467796","-13.385504223674896","46800.0","1639987200000.0","1640034000000.0"
"5ba20d53-38d4-41d0-a403-136a8272a455","SupertrendTrendTypeStrategy","BTC-USDT","Bybit Perpetual","long","47927.51","49274.08","2.3084199998214703","123.41015190374566","110636.82262564352","2985.038967255851","26.980519653535097","68400.0","1640059200000.0","1640127600000.0"
"ec7dd592-c6c4-4327-90a2-e81d5def56dd","SupertrendTrendTypeStrategy","BTC-USDT","Bybit Perpetual","long","50030.94","51263.75","2.2710319173075577","126.52391072407609","113621.86159289938","2673.226947251849","23.527399655093383","57600.0","1640282400000.0","1640340000000.0"
"a32409ac-0036-4e92-8e6a-232731b0ee2b","SupertrendTrendTypeStrategy","BTC-USDT","Bybit Perpetual","long","51582.1","50811.39","2.2545628917812817","126.96890960268777","116295.08854015125","-1864.5830759274374","-16.033205695386563","54000.0","1640372400000.0","1640426400000.0"
"8ef10603-fdd7-4c56-ac89-d5c690c4406a","SupertrendTrendTypeStrategy","BTC-USDT","Bybit Perpetual","long","50777.32","50346.01","2.253575128900537","125.33896179178086","114430.50546422381","-1097.3284506378661","-9.589474818678845","97200.0","1640556000000.0","1640653200000.0"
"e6b2af39-9b88-429d-9f01-4941a048a8fb","SupertrendTrendTypeStrategy","BTC-USDT","Bybit Perpetual","short","49780.66","48017.79","2.2766507517896697","122.45910309400044","113333.17701358594","3890.9802077134605","34.332225657514435","54000.0","1640660400000.0","1640714400000.0"
"07d11faf-2e30-4d51-bb7d-88840d014739","SupertrendTrendTypeStrategy","BTC-USDT","Bybit Perpetual","short","48017.79","47491.65","2.441265148214847","128.2401269586344","117224.1572212994","1156.2071181231238","9.863215445775396","154800.0","1640714400000.0","1640869200000.0"
"f8c8d869-0c46-4cdf-86f6-eb2adfecd66e","SupertrendTrendTypeStrategy","BTC-USDT","Bybit Perpetual","short","47040.0","47367.17","2.5165893779639146","130.67124467409846","118380.36433942254","-954.023791462548","-8.058969887329894","21600.0","1640912400000.0","1640934000000.0"
"b56feea8-379c-4b07-8a1c-fea70e0868c2","SupertrendTrendTypeStrategy","BTC-USDT","Bybit Perpetual","short","46673.43","47117.84","2.515914098191626","129.7839281641635","117426.34054795998","-1247.8813125414945","-10.626928393734856","50400.0","1640977200000.0","1641027600000.0"
"a3ebfb6c-ee53-48a2-b9a4-ba39c7318981","SupertrendTrendTypeStrategy","BTC-USDT","Bybit Perpetual","short","46484.0","46709.98","2.4993214705149835","128.10694332520922","116178.4592354185","-692.9036092321933","-5.964131507615593","68400.0","1641229200000.0","1641297600000.0"
"069825c5-c1ad-418a-953e-cb02752a1364","SupertrendTrendTypeStrategy","BTC-USDT","Bybit Perpetual","short","45742.69","46626.53","2.524677836528335","128.2613873812754","115485.55562618631","-2359.67264641847","-20.432621496461977","50400.0","1641322800000.0","1641373200000.0"
"90ffb968-f075-4d50-956e-18e27b920091","SupertrendTrendTypeStrategy","BTC-USDT","Bybit Perpetual","short","46007.99","43958.56","2.4588312373517693","121.66690990122339","113125.88297976782","4917.535592864614","43.46958859754579","10800.0","1641405600000.0","1641416400000.0"
"134d2807-9509-41c5-9b81-9bf734084940","SupertrendTrendTypeStrategy","BTC-USDT","Bybit Perpetual","short","43958.56","41789.97","2.6853340640055645","126.6448967010717","118043.41857263244","5696.743701160746","48.25973163133635","111600.0","1641416400000.0","1641528000000.0"
"086daf94-26ae-4653-aebf-ca3894e133eb","SupertrendTrendTypeStrategy","BTC-USDT","Bybit Perpetual","short","41680.0","42138.03","2.968813874131315","136.86207170149515","123740.1622737932","-1496.6678904698579","-12.095247516794599","104400.0","1641531600000.0","1641636000000.0"
"4f429015-376c-4a60-a966-78e76d8d0ea2","SupertrendTrendTypeStrategy","BTC-USDT","Bybit Perpetual","short","40837.51","41800.81","2.993412046506345","136.05379842507546","122243.49438332334","-3019.6076228246247","-24.70158136477948","21600.0","1641672000000.0","1641693600000.0"
"75fc53dc-cc78-456a-a2e8-bd1e4ef59426","SupertrendTrendTypeStrategy","BTC-USDT","Bybit Perpetual","short","40768.6","41801.55","2.924404732085446","132.8076955639528","119223.88676049872","-3153.571563571627","-26.45083673464392","32400.0","1641826800000.0","1641859200000.0"
"e4d66284-bc8b-4f1a-9daa-2ee32e1f41ff","SupertrendTrendTypeStrategy","BTC-USDT","Bybit Perpetual","long","43549.99","43224.79","2.6652202491189345","127.20064542286241","116070.3151969271","-993.9302704363322","-8.56317369992501","90000.0","1642003200000.0","1642093200000.0"
"0e863a9b-5e6e-4609-bcfd-10703ee00d82","SupertrendTrendTypeStrategy","BTC-USDT","Bybit Perpetual","short","43224.79","42059.75","2.662277478421313","124.87811055473688","115076.38492649078","2976.781642905232","25.867875887887504","64800.0","1642093200000.0","1642158000000.0"
"d3d01f4a-9dc3-4242-9c4a-c023bb51554f","SupertrendTrendTypeStrategy","BTC-USDT","Bybit Perpetual","long","43183.63","42700.0","2.733748102449841","129.13131579920233","118053.16656939601","-1451.253910587012","-12.293223068556244","72000.0","1642179600000.0","1642251600000.0"
"d9c7312b-e00b-4f63-9656-1cf808fbefdc","SupertrendTrendTypeStrategy","BTC-USDT","Bybit Perpetual","short","42649.7","41710.21","2.7339444980576424","126.84942149062584","116601.91265880903","2441.664094989543","20.940171900388467","57600.0","1642399200000.0","1642456800000.0"
"ff4c5a5c-b655-47f1-9ab8-06b5b94302ba","SupertrendTrendTypeStrategy","BTC-USDT","Bybit Perpetual","short","41710.21","42460.89","2.8540632318513515","132.12630293196582","119043.57675379855","-2274.614489818139","-19.107410511718843","90000.0","1642456800000.0","1642546800000.0"
"0ecc0e87-f98f-434c-9a1b-8666650ffde6","SupertrendTrendTypeStrategy","BTC-USDT","Bybit Perpetual","short","41699.55","42171.24","2.800245140870355","129.1723246871519","116768.96226398041","-1450.0199551842757","-12.417854257419926","32400.0","1642568400000.0","1642600800000.0"
"e4f66b34-0d81-4ce1-bdec-a3222dd389be","SupertrendTrendTypeStrategy","BTC-USDT","Bybit Perpetual","long","43275.74","41319.68","2.6647480160661874","123.98401268730723","115318.94230879615","-5336.391016993727","-46.275060368696124","21600.0","1642694400000.0","1642716000000.0"
"a22c74b9-4c33-42be-8197-45c461431fbd","SupertrendTrendTypeStrategy","BTC-USDT","Bybit Perpetual","short","41137.96","38447.91","2.673505231951278","117.02528190891687","109982.5512918024","7074.837467301608","64.32690807954492","18000.0","1642719600000.0","1642737600000.0"
"e7910f65-ffaf-4c65-a17e-ef46516947d0","SupertrendTrendTypeStrategy","BTC-USDT","Bybit Perpetual","short","38447.91","36258.38","3.04457092099685","125.09672898225679","117057.38875910401","6541.082639667995","55.87928031718774","90000.0","1642737600000.0","1642827600000.0"
"f61370f0-95e6-46fd-b6e0-aa9dae4cdd42","SupertrendTrendTypeStrategy","BTC-USDT","Bybit Perpetual","short","36258.38","35820.2","3.4088249778057382","135.136795127823","123598.47139877202","1358.5421336470963","10.991577147131238","100800.0","1642827600000.0","1642928400000.0"
"6f2ebcec-d38a-42d2-80f1-15d498a6bfa7","SupertrendTrendTypeStrategy","BTC-USDT","Bybit Perpetual","short","34500.0","36154.52","3.6219424212295395","140.748631781786","124957.0135324191","-6133.324806554471","-49.08347785507237","32400.0","1643018400000.0","1643050800000.0"
"8148668f-aa7e-4ea4-a7e3-099c4441ef00","SupertrendTrendTypeStrategy","BTC-USDT","Bybit Perpetual","short","36311.23","37131.0","3.2723674941847087","132.18148138384038","118823.68872586463","-2814.7701820916286","-23.688628187478","93600.0","1643234400000.0","1643328000000.0"
"323446f7-6bfc-449d-849d-6e65c1b50f64","SupertrendTrendTypeStrategy","BTC-USDT","Bybit Perpetual","long","38319.8","37822.24","3.02738841392108","126.78134133957349","116008.918543773","-1633.088720570161","-14.077268722697012","72000.0","1643490000000.0","1643562000000.0"
"5af7a0d2-0ed9-4b09-aa36-79d4a306ed49","SupertrendTrendTypeStrategy","BTC-USDT","Bybit Perpetual","short","36821.39","37694.46","3.10623335575335","127.30499034127229","114375.82982320283","-2839.264146248848","-24.82398729379851","54000.0","1643590800000.0","1643644800000.0"
"1df5d5bb-ad82-4374-abbd-2e7627da5848","SupertrendTrendTypeStrategy","BTC-USDT","Bybit Perpetual","long","38304.62","38404.67","2.911830627139859","122.85045300448434","111536.565676954","168.4782012408458","1.510519892900533","133200.0","1643648400000.0","1643781600000.0"
"9081f3f4-53da-437b-ac6f-7f68d711d9fd","SupertrendTrendTypeStrategy","BTC-USDT","Bybit Perpetual","short","37311.15","36361.43","2.993878341412549","121.31170788989084","111705.04387819483","2722.0344305164385","24.368053008283077","64800.0","1643821200000.0","1643886000000.0"
"dfb09223-5e8f-46aa-a28d-c98b0d09e809","SupertrendTrendTypeStrategy","BTC-USDT","Bybit Perpetual","short","36667.21","37289.86","3.120692256343236","126.93849060795907","114427.07830871126","-2070.0375240200797","-18.09045161876242","39600.0","1643893200000.0","1643932800000.0"
"b9881c4a-cbeb-4823-8330-0e837ee0f45f","SupertrendTrendTypeStrategy","BTC-USDT","Bybit Perpetual","long","37939.57","39481.72","2.9614737537797926","126.10461507532565","112357.0407846912","4440.932134316186","39.5251788699767","3600.0","1643986800000.0","1643990400000.0"
"9d1a463f-a153-46c6-9171-91b6426b1579","SupertrendTrendTypeStrategy","BTC-USDT","Bybit Perpetual","long","39481.72","41550.0","2.9582797537444514","131.84297317789913","116797.97291900738","5986.707875896672","51.25695015313413","28800.0","1643990400000.0","1644019200000.0"
"4968cf05-d339-45ac-8aef-3204c7225748","SupertrendTrendTypeStrategy","BTC-USDT","Bybit Perpetual","long","41550.0","42740.51","2.955106637663154","136.99809507615686","122784.68079490405","3381.0859081282106","27.536708050541563","198000.0","1644019200000.0","1644217200000.0"
"a7e0d054-fb97-49d9-87c4-1d66f3d8541e","SupertrendTrendTypeStrategy","BTC-USDT","Bybit Perpetual","long","42740.51","44188.04","2.951901292311024","141.13247449604793","126165.76670303226","4131.833203162926","32.749241819996975","39600.0","1644217200000.0","1644256800000.0"
"33b3d79f-2edc-4d16-a671-9a7105651e42","SupertrendTrendTypeStrategy","BTC-USDT","Bybit Perpetual","long","44188.04","43620.99","2.948707385668049","142.407724409141","130297.59990619517","-1814.4722474522168","-13.925599924776092","72000.0","1644256800000.0","1644328800000.0"
"c660f678-23ae-4443-b69c-911a96883f18","SupertrendTrendTypeStrategy","BTC-USDT","Bybit Perpetual","long","44936.02","43721.65","2.8592458268165037","139.4217401295261","128483.12765874295","-3611.6040948406703","-28.10955929118768","21600.0","1644508800000.0","1644530400000.0"
"f3bead6e-725d-43b7-a076-c1cfa943d03f","SupertrendTrendTypeStrategy","BTC-USDT","Bybit Perpetual","short","42334.2","42810.01","2.949660642315251","138.13058883691355","124871.52356390229","-1541.6086190569476","-12.345557858658129","79200.0","1644613200000.0","1644692400000.0"
"cf21ee58-2b51-4cf0-84b1-e4c5b1970d2b","SupertrendTrendTypeStrategy","BTC-USDT","Bybit Perpetual","short","41860.01","42552.11","2.946246667042013","136.78440996437274","123329.91494484534","-2175.8817282241457","-17.642773281707257","46800.0","1644703200000.0","1644750000000.0"
"58c9584d-88c3-4881-98dd-80d3be948dac","SupertrendTrendTypeStrategy","BTC-USDT","Bybit Perpetual","short","42180.55","42500.07","2.8722724861724465","133.77419821591332","121154.03321662119","-1051.522702997724","-8.679221608063354","54000.0","1644789600000.0","1644843600000.0"
"29c501d9-e5a9-4589-98f3-9aed0e4fc7d8","SupertrendTrendTypeStrategy","BTC-USDT","Bybit Perpetual","long","43443.33","44529.6","2.7645788320928317","133.76445504135145","120102.51051362348","2869.31459289612","23.89054633933441","79200.0","1644890400000.0","1644969600000.0"
"4b140a65-2ba3-4e5c-ad97-b89569e36602","SupertrendTrendTypeStrategy","BTC-USDT","Bybit Perpetual","long","44195.1","43638.9","2.782476453419488","134.41782024530602","122971.82510651961","-1682.0312236372172","-13.678183780554793","46800.0","1644973200000.0","1645020000000.0"
"09830fbc-fb3c-4a1b-ba66-84ae4eda97f8","SupertrendTrendTypeStrategy","BTC-USDT","Bybit Perpetual","long","44078.7","43574.3","2.751664497430333","132.65540650629353","121289.7938828824","-1520.5949790101374","-12.536874953208562","25200.0","1645045200000.0","1645070400000.0"
"948257db-3968-4d2c-9109-5cdfb60d204d","SupertrendTrendTypeStrategy","BTC-USDT","Bybit Perpetual","short","42242.6","40865.6","2.835270530314712","129.59882665812563","119769.19890387225","3774.5686935852327","31.515353931812907","25200.0","1645106400000.0","1645131600000.0"
"aa170e83-efea-49ac-9046-fb23bdbccb03","SupertrendTrendTypeStrategy","BTC-USDT","Bybit Perpetual","short","40865.6","39822.8","3.023172732015619","134.164233868483","123543.76759745748","3018.4002910773916","24.4318297051798","140400.0","1645131600000.0","1645272000000.0"
"dc60a336-2177-4e04-be55-bcd8aec04297","SupertrendTrendTypeStrategy","BTC-USDT","Bybit Perpetual","short","38782.8","39087.9","3.263358186838879","139.76599249793088","126562.16788853488","-1135.4165753024681","-8.971216235031987","72000.0","1645340400000.0","1645412400000.0"
"54e35cf4-b25d-498b-9aa8-4abecff5a691","SupertrendTrendTypeStrategy","BTC-USDT","Bybit Perpetual","short","37549.9","37824.9","3.3402685842900355","138.47464206792952","125426.75131323241","-1057.0485027476893","-8.42761605223982","93600.0","1645444800000.0","1645538400000.0"
"a1fe5cbf-e1ff-4908-85d2-a10206a0fb67","SupertrendTrendTypeStrategy","BTC-USDT","Bybit Perpetual","short","37227.8","34907.8","3.34077498026971","132.54384421670903","124369.70281048471","7618.054110009019","61.25329511816439","14400.0","1645660800000.0","1645675200000.0"
"37dfb8b8-0963-4912-a57e-1cee5d6e1157","SupertrendTrendTypeStrategy","BTC-USDT","Bybit Perpetual","short","34907.8","37272.3","3.7810391064602675","150.103679444517","131987.75692049373","-9090.37064666982","-68.87283228963155","57600.0","1645675200000.0","1645732800000.0"
"58763c10-88b6-4abf-9717-624a341de443","SupertrendTrendTypeStrategy","BTC-USDT","Bybit Perpetual","long","38899.4","38983.1","3.159364573073721","135.33256624932775","122897.38627382391","129.1062485169335","1.050520702118724","111600.0","1645761600000.0","1645873200000.0"
"fd8f2f2a-8ed3-4351-8a64-326e2ca49d63","SupertrendTrendTypeStrategy","BTC-USDT","Bybit Perpetual","long","39329.1","37574.7","3.1281288542667096","132.3107476805159","123026.49252234085","-5620.300009606036","-45.68365637657616","14400.0","1645977600000.0","1645992000000.0"
"d906a6c5-1cff-46e9-8134-ffd4b0280c7f","SupertrendTrendTypeStrategy","BTC-USDT","Bybit Perpetual","short","37574.7","39793.5","3.124607582036179","132.95989538067033","117406.19251273481","-7065.839198402553","-60.18284936406685","68400.0","1645992000000.0","1646060400000.0"
"0828c36d-2df0-4f33-8376-2af0d141a1c3","SupertrendTrendTypeStrategy","BTC-USDT","Bybit Perpetual","long","39793.5","41882.0","2.772823534354411","124.55946171909005","110340.35331433226","5666.482489780098","51.354579893701235","21600.0","1646060400000.0","1646082000000.0"
"5d1a2f4d-b0d4-4472-9275-37c717264ce6","SupertrendTrendTypeStrategy","BTC-USDT","Bybit Perpetual","long","41882.0","44609.6","2.7698494772005247","131.7627921732303","116006.83580411237","7423.278641838917","63.99001050570647","57600.0","1646082000000.0","1646139600000.0"
"3cd0ae03-61c6-4633-97fc-cfcd07407498","SupertrendTrendTypeStrategy","BTC-USDT","Bybit Perpetual","long","43796.9","43598.9","2.8182386069779204","135.46621970624653","123430.11444595129","-693.4774638878748","-5.618381437955654","100800.0","1646146800000.0","1646247600000.0"
"8b185496-80f7-4c19-95d7-c21789cefff3","SupertrendTrendTypeStrategy","BTC-USDT","Bybit Perpetual","short","41101.0","39457.4","2.9862202131837035","132.31081733195595","122736.6369820634","4775.840725056774","38.91128877642876","21600.0","1646406000000.0","1646427600000.0"
"0d703d6a-555d-41ea-a50b-c370dcc1a460","SupertrendTrendTypeStrategy","BTC-USDT","Bybit Perpetual","short","39457.4","39624.5","3.231649264957148","140.56073020352807","127512.47770712018","-680.5693223778628","-5.33727627770706","100800.0","1646427600000.0","1646528400000.0"
"8c854482-ca1f-4039-987f-c29abd5a3e61","SupertrendTrendTypeStrategy","BTC-USDT","Bybit Perpetual","short","38665.6","38997.4","3.280226050668872","140.11370767520316","126831.90838474233","-1228.4927112871444","-9.685990906645776","100800.0","1646560800000.0","1646661600000.0"
"964c55a4-d6da-4b1a-ba1f-ff5bbb70c3e3","SupertrendTrendTypeStrategy","BTC-USDT","Bybit Perpetual","short","37288.7","38678.5","3.3684042531237397","140.73853176784598","125603.41567345518","-4822.146762759229","-38.39184417799502","28800.0","1646683200000.0","1646712000000.0"
"86806662-58c0-47ac-aed6-884bb8970e93","SupertrendTrendTypeStrategy","BTC-USDT","Bybit Perpetual","long","41198.5","40709.8","2.931690933181935","132.07140125429027","120781.26891069594","-1564.7887603002935","-12.955558212070759","82800.0","1646798400000.0","1646881200000.0"
"a32172b7-9a6d-4eac-b236-37357709d884","SupertrendTrendTypeStrategy","BTC-USDT","Bybit Perpetual","short","39526.3","39878.4","3.01613052955616","131.72221692313641","119216.48015039564","-1193.7017763798558","-10.012892302087433","111600.0","1646888400000.0","1647000000000.0"
"f32a7e82-93e2-4322-9e91-1141194b8de1","SupertrendTrendTypeStrategy","BTC-USDT","Bybit Perpetual","short","38708.6","39073.5","3.0490066386801846","130.4369765987673","118022.77837401579","-1243.019499053171","-10.532030479015036","39600.0","1647018000000.0","1647057600000.0"
"dd387d29-ca7c-416b-8905-ae5ec476d8cc","SupertrendTrendTypeStrategy","BTC-USDT","Bybit Perpetual","short","38728.0","37704.0","3.0153831562425792","126.75947096886307","116779.75887496262","2960.992881023538","25.355360462714316","32400.0","1647180000000.0","1647212400000.0"
"d6c46f2b-521c-43e8-9f4c-4a476e332a3c","SupertrendTrendTypeStrategy","BTC-USDT","Bybit Perpetual","short","37704.0","39062.2","3.1758103054314173","134.0871889878451","119740.75175598616","-4447.472745824787","-37.14251564820701","32400.0","1647212400000.0","1647244800000.0"
"6fd554b7-16f5-4490-9e90-bfccc60e993f","SupertrendTrendTypeStrategy","BTC-USDT","Bybit Perpetual","long","39312.0","38740.1","2.9327757175966975","125.90011697308607","115293.27901016138","-1803.1545498666417","-15.639719551282086","25200.0","1647298800000.0","1647324000000.0"
"445047bc-77f6-4aba-ad0f-814e40d4b006","SupertrendTrendTypeStrategy","BTC-USDT","Bybit Perpetual","long","39425.9","41329.1","2.878567755214078","127.85230648977208","113490.12446029471","5350.637845233653","47.14628581719116","115200.0","1647378000000.0","1647493200000.0"
"59f41283-bb99-4bb2-b628-1a4d1ce0f014","SupertrendTrendTypeStrategy","BTC-USDT","Bybit Perpetual","long","41386.2","41760.7","2.8715069831375764","131.31629718693296","118840.76230552835","944.0630679980894","7.943933122635083","147600.0","1647622800000.0","1647770400000.0"
"bd20777b-55b8-4da4-97f8-6ff09f137765","SupertrendTrendTypeStrategy","BTC-USDT","Bybit Perpetual","long","42230.0","42058.7","2.836486511331434","131.49606833421402","119784.82537352646","-617.3862077252969","-5.154127042386998","86400.0","1647921600000.0","1648008000000.0"
"f14a7a3c-30af-44e5-9d79-e7bd09173303","SupertrendTrendTypeStrategy","BTC-USDT","Bybit Perpetual","long","42588.7","42069.4","2.7980999458964746","130.28500376633409","119167.43916580117","-1583.338305670361","-13.286668881651604","10800.0","1648051200000.0","1648062000000.0"
"c49d9b5a-b934-464c-bd86-a8bd55008855","SupertrendTrendTypeStrategy","BTC-USDT","Bybit Perpetual","long","42867.9","44002.7","2.7429405419936783","131.05448985602382","117584.10086013081","2981.6344371983905","25.3574625768931","79200.0","1648080000000.0","1648159200000.0"
"f7f5c006-0505-44b7-98c2-ce0980e3eb2b","SupertrendTrendTypeStrategy","BTC-USDT","Bybit Perpetual","long","44969.9","44240.5","2.681031874594544","131.54675926993102","120565.73529732919","-2087.091408599195","-17.31081723552868","86400.0","1648216800000.0","1648303200000.0"
"fe8f993e-9e67-4bf2-a5c4-3fbf6114ae11","SupertrendTrendTypeStrategy","BTC-USDT","Bybit Perpetual","long","44675.1","46114.2","2.6520062381221305","132.42558447510783","118478.64388872999","3684.0765928064466","31.094857873849165","64800.0","1648350000000.0","1648414800000.0"
"05153003-ab32-4f64-928d-165671fd1029","SupertrendTrendTypeStrategy","BTC-USDT","Bybit Perpetual","long","46114.2","47209.0","2.64913455034537","135.97414240783507","122162.72048153644","2764.2983633102835","22.628002654280095","50400.0","1648414800000.0","1648465200000.0"
"e19953a7-4913-431a-8818-313990fc2508","SupertrendTrendTypeStrategy","BTC-USDT","Bybit Perpetual","long","47209.0","47257.4","2.6462542914454175","137.49016401856966","124927.01884484671","-9.411456312607612","-0.07533563515428303","126000.0","1648465200000.0","1648591200000.0"
"668aba8a-30ef-4981-a0da-485e4aa01509","SupertrendTrendTypeStrategy","BTC-USDT","Bybit Perpetual","short","45578.1","46523.5","2.7407374899026973","138.83446940001224","124917.60738853412","-2729.927692354026","-21.853826289380237","72000.0","1648756800000.0","1648828800000.0"
"7d1c580d-a039-4a5d-b2a7-c7c7e041eb71","SupertrendTrendTypeStrategy","BTC-USDT","Bybit Perpetual","long","46523.5","45824.0","2.626364733869552","133.39601949356015","122187.6796961801","-1970.5381508353116","-16.127142734317065","97200.0","1648828800000.0","1648926000000.0"
"a04dc2c8-3dd3-4d1a-a49b-f437ecbd3f9d","SupertrendTrendTypeStrategy","BTC-USDT","Bybit Perpetual","short","45763.9","46412.2","2.626898965021442","133.1755159293421","120217.14154534477","-1836.1941149527315","-15.273979162614978","14400.0","1648954800000.0","1648969200000.0"
"81c5d8a7-4aec-4906-a0f8-a9e58dc91b6f","SupertrendTrendTypeStrategy","BTC-USDT","Bybit Perpetual","long","46684.5","45846.9","2.535765563096789","129.05086569382382","118380.94743039204","-2253.00810134369","-19.031847186967806","7200.0","1649026800000.0","1649034000000.0"
"fb340d96-0ce5-433d-af99-af1feb9d159b","SupertrendTrendTypeStrategy","BTC-USDT","Bybit Perpetual","short","45373.0","46442.6","2.559406240033684","129.24638076484018","116127.93932904834","-2866.787295104865","-24.686456262534954","14400.0","1649095200000.0","1649109600000.0"
"a6da1d2f-ee60-4ef3-afe8-e5dcc25cbc70","SupertrendTrendTypeStrategy","BTC-USDT","Bybit Perpetual","long","46655.1","45799.1","2.4276263909828395","123.4443407324631","113261.15203394346","-2201.4925314137736","-19.437313605586525","57600.0","1649113200000.0","1649170800000.0"
"60acad07-6975-4edc-a1dc-c28480445c82","SupertrendTrendTypeStrategy","BTC-USDT","Bybit Perpetual","short","45799.1","44744.3","2.4249310467351917","120.75882595532974","111059.65950252971","2437.05844214094","21.943687321366482","79200.0","1649170800000.0","1649250000000.0"
"fbddfed4-da78-4a04-b117-da85341a34ad","SupertrendTrendTypeStrategy","BTC-USDT","Bybit Perpetual","short","44157.0","43631.0","2.570299566199485","124.10280207463623","113496.71794467066","1227.874769746293","10.818592748601581","144000.0","1649253600000.0","1649397600000.0"
"3c95ab58-c24c-40a6-baa8-6b08755cb700","SupertrendTrendTypeStrategy","BTC-USDT","Bybit Perpetual","short","43736.6","42286.0","2.623079816776269","124.10428021564007","114724.59271441697","3680.9353020000117","32.084971625594996","28800.0","1649430000000.0","1649458800000.0"
"bc8ee315-38c2-4204-96ec-064a94d1ca90","SupertrendTrendTypeStrategy","BTC-USDT","Bybit Perpetual","short","42286.0","42727.7","2.800111810443574","130.9263259807288","118405.52801641697","-1367.7357126536472","-11.551282575793337","90000.0","1649458800000.0","1649548800000.0"
"fa7db01b-f602-43a8-97b3-3377e920c843","SupertrendTrendTypeStrategy","BTC-USDT","Bybit Perpetual","short","42087.4","40801.8","2.7808273332104934","126.77530414337319","117037.79230376332","3448.2563154320333","29.462759400675708","57600.0","1649631600000.0","1649689200000.0"
"dfe58c43-7b74-4e77-a46d-70cc92c84c76","SupertrendTrendTypeStrategy","BTC-USDT","Bybit Perpetual","short","40801.8","39368.4","2.9529591493315333","130.2066290765564","120486.04861919537","4102.565015575268","34.05012499448558","25200.0","1649689200000.0","1649714400000.0"
"e47ff12e-d60c-434c-a6ad-fffa3827342a","SupertrendTrendTypeStrategy","BTC-USDT","Bybit Perpetual","short","39368.4","40588.0","3.1646857285226377","139.1702828912261","124588.61363477062","-3998.8209973974303","-32.09619948994621","54000.0","1649714400000.0","1649768400000.0"
"02852e42-64b9-42cc-96e5-5b510b0f394c","SupertrendTrendTypeStrategy","BTC-USDT","Bybit Perpetual","short","39943.2","40434.8","3.0190318411487613","133.46505773032032","120589.79263737319","-1617.621110839069","-13.414245728935233","82800.0","1649952000000.0","1650034800000.0"
"0394f377-481a-42f5-9944-c4ec495e7439","SupertrendTrendTypeStrategy","BTC-USDT","Bybit Perpetual","short","40143.9","40366.1","2.9636425839675296","131.2315754393742","118972.17152653412","-789.7529575969506","-6.6381318207746896","21600.0","1650164400000.0","1650186000000.0"
"c94f14c8-619f-48d6-8335-7870d347df48","SupertrendTrendTypeStrategy","BTC-USDT","Bybit Perpetual","short","40175.2","38798.4","2.941675923677721","127.77310574938518","118182.41856893717","3922.3263059700885","33.18874629124424","43200.0","1650214800000.0","1650258000000.0"
"a588861b-26c8-48c4-9055-d67b1b25a34a","SupertrendTrendTypeStrategy","BTC-USDT","Bybit Perpetual","short","38798.4","40189.5","3.1471592868496443","136.72312666856305","122104.74487490725","-4514.736410605099","-36.974291336756124","46800.0","1650258000000.0","1650304800000.0"
"d2ec0e21-3dc7-4b40-8f72-47f231bad168","SupertrendTrendTypeStrategy","BTC-USDT","Bybit Perpetual","long","40790.6","41512.5","2.882772218704852","130.493599606308","117590.00846430214","1950.579665076729","16.587971125700566","129600.0","1650319200000.0","1650448800000.0"
"54f4e120-85e9-4c51-adec-4a71ac2fc74f","SupertrendTrendTypeStrategy","BTC-USDT","Bybit Perpetual","long","42070.8","40959.9","2.84141466597685","129.75855678847824","119540.58812937887","-3286.2861092221647","-27.490964873498992","25200.0","1650456000000.0","1650481200000.0"
"2b07dd51-2472-4dcc-bea2-3fedecd1c95e","SupertrendTrendTypeStrategy","BTC-USDT","Bybit Perpetual","long","42229.5","41209.9","2.752916847704962","126.33595151231638","116254.3020201567","-2933.209969432292","-25.230980002131176","32400.0","1650538800000.0","1650571200000.0"
"7c7a35fc-84f4-499a-aecc-172763b78a30","SupertrendTrendTypeStrategy","BTC-USDT","Bybit Perpetual","short","40594.3","39359.1","2.7915518201009597","122.75673261129305","113321.0920507244","3325.3680755774244","29.344652574376305","72000.0","1650574800000.0","1650646800000.0"
"9fc8e24c-e294-428a-83d8-43b5e25262e7","SupertrendTrendTypeStrategy","BTC-USDT","Bybit Perpetual","short","39359.1","39798.0","2.963646529679333","129.02651559296396","116646.46012630183","-1429.7709774692275","-12.257302758447258","86400.0","1650646800000.0","1650733200000.0"
"8cda140e-f702-450c-9e76-9241d5d73c49","SupertrendTrendTypeStrategy","BTC-USDT","Bybit Perpetual","short","39729.9","38610.2","2.8999994751769473","124.95243688692028","115216.68914883261","3122.1769754687202","27.0983049290334","57600.0","1650812400000.0","1650870000000.0"
"06ebd750-8bec-4100-ba7e-56be2f407cd3","SupertrendTrendTypeStrategy","BTC-USDT","Bybit Perpetual","short","38610.2","39381.6","3.064963821070633","131.4731249370971","118338.86612430135","-2495.7862165109877","-21.090165034110196","39600.0","1650870000000.0","1650909600000.0"
"64de8d43-5bf7-42bf-bf6b-5301ceeb530e","SupertrendTrendTypeStrategy","BTC-USDT","Bybit Perpetual","long","40204.0","39269.7","2.8813819497510287","125.94674656296058","115843.07990779035","-2818.021902215355","-24.326199756243234","68400.0","1650916800000.0","1650985200000.0"
"fd2726eb-d69d-472e-88c5-a4cd10245964","SupertrendTrendTypeStrategy","BTC-USDT","Bybit Perpetual","short","38546.9","39085.2","2.9321439079556333","125.1956689922414","113025.058005575","-1703.5687346447462","-15.072487152014705","68400.0","1650988800000.0","1651057200000.0"
"b06b1104-0bd2-493a-b29f-06f2fd9d6f50","SupertrendTrendTypeStrategy","BTC-USDT","Bybit Perpetual","long","39882.3","39487.2","2.79125048632928","121.8470855110915","111321.48927093027","-1224.6701526598065","-11.001201660887306","46800.0","1651165200000.0","1651212000000.0"
"dd24644e-0892-4d44-870f-af48f4933819","SupertrendTrendTypeStrategy","BTC-USDT","Bybit Perpetual","short","39250.2","38564.9","2.805000206833862","120.04925437713872","110096.81911827045","1802.2173873660947","16.369386525418868","79200.0","1651240800000.0","1651320000000.0"
"9c151e89-6aff-4f27-9aee-063a748a4778","SupertrendTrendTypeStrategy","BTC-USDT","Bybit Perpetual","short","37614.5","38470.2","2.974890973045941","124.48902796929968","111899.03650563654","-2670.1032336047024","-23.861717821584683","57600.0","1651363200000.0","1651420800000.0"
"2e565bec-42dd-4fed-a070-d2058cb49432","SupertrendTrendTypeStrategy","BTC-USDT","Bybit Perpetual","short","37773.8","38673.1","2.8916585906642127","121.58208431305641","109228.93327203185","-2722.0506548973704","-24.92060091915549","39600.0","1651611600000.0","1651651200000.0"
"58942764-1f3c-492a-86c8-5c410f339725","SupertrendTrendTypeStrategy","BTC-USDT","Bybit Perpetual","long","38957.2","38992.6","2.7339460386561276","117.21080080822057","106506.88261713448","-20.429111039789674","-0.1918102430359097","104400.0","1651654800000.0","1651759200000.0"
"8d269d3b-9139-41fb-8e30-82ab4cd6867f","SupertrendTrendTypeStrategy","BTC-USDT","Bybit Perpetual","short","38214.8","36360.4","2.7865238992771038","114.29306740135343","106486.45350609467","5053.036851418112","47.45239122015558","14400.0","1651762800000.0","1651777200000.0"
"bccaae72-0903-4604-bfc5-6392f8c36a80","SupertrendTrendTypeStrategy","BTC-USDT","Bybit Perpetual","short","36360.4","35773.0","3.067609002032783","121.70238695297735","111539.4903575128","1680.2111408410838","15.063823005247507","180000.0","1651777200000.0","1651957200000.0"
"6d5bb6f7-f7ed-4b08-b2a1-321ef6efa59a","SupertrendTrendTypeStrategy","BTC-USDT","Bybit Perpetual","short","35026.1","33500.0","3.2324381389407866","121.82850853407862","113219.70149835388","4811.195335303451","42.494329799777844","100800.0","1651964400000.0","1652065200000.0"
"df266a03-5aa9-4a00-984c-699bc0c8d918","SupertrendTrendTypeStrategy","BTC-USDT","Bybit Perpetual","short","33500.0","31691.5","3.5233103532435024","126.32943779141058","118030.89683365733","6245.577336049463","52.91476641791044","50400.0","1652065200000.0","1652115600000.0"
"2a8e0239-4722-4e26-ba2b-f2e9c9c8f206","SupertrendTrendTypeStrategy","BTC-USDT","Bybit Perpetual","short","31691.5","32153.2","3.921444998491924","137.69991372236956","124276.47416970681","-1948.2310695260937","-15.676587886341785","72000.0","1652115600000.0","1652187600000.0"
"8e4fdfc8-1dfb-49c6-acc4-a71179ce6a5e","SupertrendTrendTypeStrategy","BTC-USDT","Bybit Perpetual","short","31078.4","31742.2","3.936117789209892","135.99810465386145","122328.24310018071","-2748.793093131385","-22.470633301585643","68400.0","1652194800000.0","1652263200000.0"
"dca648ac-db0e-4194-8874-296682d3ea35","SupertrendTrendTypeStrategy","BTC-USDT","Bybit Perpetual","short","29298.7","31815.3","4.081390983458287","137.1865707096884","119579.45000704932","-10408.415119680807","-87.04183803376935","7200.0","1652274000000.0","1652281200000.0"
"00209a09-69cf-49fc-8269-4b1fdeca8c3b","SupertrendTrendTypeStrategy","BTC-USDT","Bybit Perpetual","short","30971.3","27771.9","3.52490967080389","113.88546057568189","109171.03488736851","11163.710540194275","102.25890550283643","46800.0","1652284800000.0","1652331600000.0"
"b7827c4b-4cc5-4741-a23f-714f8a996dd4","SupertrendTrendTypeStrategy","BTC-USDT","Bybit Perpetual","short","27771.9","29690.8","4.332967691355751","136.9412124069375","120334.7454275628","-8451.472915349479","-70.23302276761754","43200.0","1652331600000.0","1652374800000.0"
"8cf52bb8-73f2-44bd-a84c-b7f7b24a7709","SupertrendTrendTypeStrategy","BTC-USDT","Bybit Perpetual","short","28334.6","29524.3","3.948644855131653","125.65533629471724","111883.27251221333","-4823.358120444847","-43.110627818991645","21600.0","1652382000000.0","1652403600000.0"
"c36a313b-4375-4809-b66b-09e4f0d18b85","SupertrendTrendTypeStrategy","BTC-USDT","Bybit Perpetual","short","29557.4","30139.6","3.6221018896035675","118.9257390770153","107059.91439176849","-2227.7134592042016","-20.808100509516976","64800.0","1652684400000.0","1652749200000.0"
"cbb3165d-d184-4945-9efd-0b908c020243","SupertrendTrendTypeStrategy","BTC-USDT","Bybit Perpetual","short","30081.2","30530.6","3.484974034698226","116.17680205797707","104832.20093256427","-1682.3241332513521","-16.04778034120972","7200.0","1652817600000.0","1652824800000.0"
"595c50ac-9df0-4778-aabe-419f53c72bf5","SupertrendTrendTypeStrategy","BTC-USDT","Bybit Perpetual","short","29815.2","28700.6","3.459640612818727","111.34400099436795","103149.87679931291","3744.771426053393","36.30417739944733","72000.0","1652846400000.0","1652918400000.0"
"9d611eb0-66fc-492c-b20d-d2820a7dad42","SupertrendTrendTypeStrategy","BTC-USDT","Bybit Perpetual","short","28700.6","29482.2","3.7244743393993964","119.18519007692396","106894.64822536631","-3030.2343337515003","-28.347858232929006","46800.0","1652918400000.0","1652965200000.0"
"4f870e9a-7aeb-4897-bf40-fd7675bbdf82","SupertrendTrendTypeStrategy","BTC-USDT","Bybit Perpetual","long","30471.4","29485.7","3.408586868066935","112.40294103905683","103864.41389161481","-3472.247016892637","-33.430574407477195","46800.0","1653012000000.0","1653058800000.0"
"35120329-0c23-4d5b-9089-a152ac2fa939","SupertrendTrendTypeStrategy","BTC-USDT","Bybit Perpetual","short","29485.700000000004","29531.5","3.4047747509715607","110.51714983817135","100392.16687472216","-266.455833432654","-2.654149638638243","90000.0","1653058800000.0","1653148800000.0"
"ec3d8aa8-d7ef-431d-88b5-05ec8fb185ee","SupertrendTrendTypeStrategy","BTC-USDT","Bybit Perpetual","long","30132.5","29866.1","3.3228477903024807","109.65141848718334","100125.7110412895","-994.858069823769","-9.936089936115538","118800.0","1653213600000.0","1653332400000.0"
"a0c33eb5-cfd2-4d06-9959-dfc74b2aa517","SupertrendTrendTypeStrategy","BTC-USDT","Bybit Perpetual","short","29062.8","29572.300000000003","3.410918871253483","109.9997630093093","99130.85297146572","-1847.8629279129714","-18.64064388152565","93600.0","1653336000000.0","1653429600000.0"
"886fc819-fea0-4cb0-a6a0-9e759c7e6655","SupertrendTrendTypeStrategy","BTC-USDT","Bybit Perpetual","long","30108.4","29555.0","3.2310913247981543","106.02784178137921","97282.99004355275","-1894.1137809246825","-19.470143547980015","36000.0","1653447600000.0","1653483600000.0"
"4aaa746f-6e8e-4df0-bdbf-5fe8215d6505","SupertrendTrendTypeStrategy","BTC-USDT","Bybit Perpetual","long","29864.6","28991.0","3.19404499851423","103.39308914800476","95388.87626262807","-2893.7107998500314","-30.335935522324043","50400.0","1653505200000.0","1653555600000.0"
"4c839e65-a3a7-493f-8d9e-ccb428fa1900","SupertrendTrendTypeStrategy","BTC-USDT","Bybit Perpetual","short","28991.0","29567.5","3.190478612768722","102.75630301519948","92495.16546277802","-1942.0672232763677","-20.99641871615329","46800.0","1653555600000.0","1653602400000.0"
"d31d113e-34c6-4082-87c4-cbddfaba935d","SupertrendTrendTypeStrategy","BTC-USDT","Bybit Perpetual","short","29194.0","28970.100000000002","3.1017708515277675","99.22644049194042","90553.09823950165","595.2600531651199","6.5736022812906","133200.0","1653609600000.0","1653742800000.0"
"ff5127cc-00b3-47d9-8779-7fabf692ccba","SupertrendTrendTypeStrategy","BTC-USDT","Bybit Perpetual","long","29415.8","30206.7","3.098619051416816","101.61107791620452","91148.35829266677","2349.08672984936","25.772123314681277","14400.0","1653865200000.0","1653879600000.0"
"9115487b-9b86-471c-8dbb-7607e154083f","SupertrendTrendTypeStrategy","BTC-USDT","Bybit Perpetual","long","30206.700000000004","31268.9","3.0952551924743887","104.65546856076321","93497.44502251613","3183.1245968855237","34.04504364925652","64800.0","1653879600000.0","1653944400000.0"
"5d07ec38-69f3-4494-bae4-591e34005751","SupertrendTrendTypeStrategy","BTC-USDT","Bybit Perpetual","long","31268.9","31575.799999999996","3.091908241716263","106.87052523300233","96680.56961940166","842.0361141497008","8.709465795086944","122400.0","1653944400000.0","1654066800000.0"
"6c4e0169-4c44-4424-a814-79eef7891b81","SupertrendTrendTypeStrategy","BTC-USDT","Bybit Perpetual","short","30163.2","30272.200000000004","3.233165106273584","107.46869455502762","97522.60573355138","-459.88369113886006","-4.7156624628687815","93600.0","1654106400000.0","1654200000000.0"
"f845ce52-3725-4cda-8136-861836095904","SupertrendTrendTypeStrategy","BTC-USDT","Bybit Perpetual","short","29520.2","29839.9","3.288010313019984","107.34714154004367","97062.72204241254","-1158.524038612535","-11.935828856173085","97200.0","1654261200000.0","1654358400000.0"
"c3b12611-9543-4c4c-861c-76db9637010e","SupertrendTrendTypeStrategy","BTC-USDT","Bybit Perpetual","long","30036.3","30833.8","3.192943138928563","106.89512248849255","95904.19800379999","2439.4770308070365","25.43660321011576","21600.0","1654459200000.0","1654480800000.0"
"a9e4e944-37a1-49e1-8267-a1ecda954954","SupertrendTrendTypeStrategy","BTC-USDT","Bybit Perpetual","long","30833.8","30195.0","3.1894763225618323","107.05745192689886","98343.67503460702","-2144.494926779395","-21.806129636956822","82800.0","1654480800000.0","1654563600000.0"
"e17be0e4-db62-49e7-b4a6-19ca53495bf0","SupertrendTrendTypeStrategy","BTC-USDT","Bybit Perpetual","short","30195.0","31050.5","3.1859307868133007","107.31815820207571","96199.18010782762","-2832.8819463208542","-29.448088259645633","68400.0","1654563600000.0","1654632000000.0"
"f5d78104-f605-41a3-bc6b-2b51cbfc5391","SupertrendTrendTypeStrategy","BTC-USDT","Bybit Perpetual","long","31050.5","30374.499999999996","3.006917703789207","101.58495597538862","93366.29816150677","-2134.2613237369037","-22.85901193217513","54000.0","1654632000000.0","1654686000000.0"
"9a4536ae-fb20-40ba-9bc2-9c133d031f79","SupertrendTrendTypeStrategy","BTC-USDT","Bybit Perpetual","short","29737.9","28994.9","3.0678708596696427","99.10155509474288","91232.03683776988","2180.326493639802","23.898693586298965","115200.0","1654822800000.0","1654938000000.0"
"f682e372-1f3d-45a2-9418-a08368729318","SupertrendTrendTypeStrategy","BTC-USDT","Bybit Perpetual","short","28454.8","27409.5","3.2828332418927446","100.86624959128787","93412.36333140967","3330.679338159196","35.65565862350111","50400.0","1654952400000.0","1655002800000.0"
"007244ac-a789-42b8-9098-fc37fd8a0504","SupertrendTrendTypeStrategy","BTC-USDT","Bybit Perpetual","short","27409.5","25758.7","3.5295442335529237","103.21273254511371","96743.04266956887","5723.35888820405","59.16041846804938","82800.0","1655002800000.0","1655085600000.0"
"5a20d0a5-b0cc-47ec-9d6b-babbcc51bb1f","SupertrendTrendTypeStrategy","BTC-USDT","Bybit Perpetual","short","25758.7","24038.4","3.9779337294884023","108.94926004638882","102466.40155777292","6734.290134792506","65.7219345308575","28800.0","1655085600000.0","1655114400000.0"
"a10577bf-2e1e-4213-9a3c-90bacfbb5eb5","SupertrendTrendTypeStrategy","BTC-USDT","Bybit Perpetual","short","24038.4","21740.2","4.542760403877355","114.37866628371695","109200.69169256542","10325.793293907223","94.55794770034613","54000.0","1655114400000.0","1655168400000.0"
"2a3028e6-bc3d-41e7-b0c3-f3db888d3c09","SupertrendTrendTypeStrategy","BTC-USDT","Bybit Perpetual","short","21740.2","21674.2","5.497947810345473","131.2795579796044","119526.48498647266","231.58499750319683","1.937520353998583","158400.0","1655168400000.0","1655326800000.0"
"3cfe37be-e7e3-4c0a-9ce5-0ecc98f7cce5","SupertrendTrendTypeStrategy","BTC-USDT","Bybit Perpetual","short","19419.8","18203.7","6.166802437922937","127.6091803377565","119758.06998397585","7371.839264420318","61.55609609779702","43200.0","1655535600000.0","1655578800000.0"
"80036fd7-6407-4d55-aab8-2fd782bf7cfc","SupertrendTrendTypeStrategy","BTC-USDT","Bybit Perpetual","short","18203.7","19888.2","6.983740077478543","146.31316076151774","127129.90924839616","-11910.423321274124","-93.68702763723859","57600.0","1655578800000.0","1655636400000.0"
"a4bf0bc9-e818-40f5-aca1-2dd5aa3fd6f0","SupertrendTrendTypeStrategy","BTC-USDT","Bybit Perpetual","short","20715.4","20537.6","5.56202081191394","126.19752450463719","115219.48592712205","862.7297758536776","7.487707212991442","61200.0","1655906400000.0","1655967600000.0"
"4c18b810-199b-4a5e-8ce4-a64ecdfc98e8","SupertrendTrendTypeStrategy","BTC-USDT","Bybit Perpetual","long","21164.1","20958.9","5.48486426084623","127.07141549279417","116082.21570297569","-1252.5655618184246","-10.790331268515887","133200.0","1656039600000.0","1656172800000.0"
"47823f78-4def-4ec1-84c6-7edb7df69d23","SupertrendTrendTypeStrategy","BTC-USDT","Bybit Perpetual","long","21447.3","21251.4","5.354037577744392","125.73574437645897","114829.6501411573","-1174.5917058565738","-10.22899315997808","18000.0","1656248400000.0","1656266400000.0"
"b0939035-6a19-4b54-a402-52ac86ca2d5a","SupertrendTrendTypeStrategy","BTC-USDT","Bybit Perpetual","short","21029.1","21476.5","5.404656330289965","126.35048806202524","113655.0584353007","-2544.3937302337636","-22.386981848961746","32400.0","1656288000000.0","1656320400000.0"
"b30904a3-5a72-406a-9819-97ff5dffeb83","SupertrendTrendTypeStrategy","BTC-USDT","Bybit Perpetual","short","20729.9","21050.0","5.359922850812929","123.1653723930735","111110.66470506694","-1838.8766769382842","-16.54995658445041","72000.0","1656338400000.0","1656410400000.0"
"19a85f24-1089-44aa-9492-2e8f639f6ddf","SupertrendTrendTypeStrategy","BTC-USDT","Bybit Perpetual","short","20595.4","19937.8","5.305640484192035","118.28002278061894","109271.78802812865","3370.7091596240753","30.847021179486788","54000.0","1656432000000.0","1656486000000.0"
"604c77dc-5d15-4744-bf5b-2b042b41d3a9","SupertrendTrendTypeStrategy","BTC-USDT","Bybit Perpetual","short","19937.8","19226.0","5.6496954121193275","121.69494764963741","112642.49718775273","3899.7582466968956","34.62066577054636","93600.0","1656486000000.0","1656579600000.0"
"1c136e8a-dcb6-4b2c-8ca5-0838eacea5f5","SupertrendTrendTypeStrategy","BTC-USDT","Bybit Perpetual","short","19226.0","20288.9","6.061700584336296","131.74012083099467","116542.25543444963","-6574.721671922052","-56.41491703942585","57600.0","1656579600000.0","1656637200000.0"
"1ca90fff-fea0-4037-b943-7513f1e259d1","SupertrendTrendTypeStrategy","BTC-USDT","Bybit Perpetual","short","19062.5","19290.7","5.7687886563948885","121.68832780304444","109967.53376252756","-1438.1258991923623","-13.077731672131188","111600.0","1656673200000.0","1656784800000.0"
"3c623a35-4eb1-44dd-b7b2-26a7752a845c","SupertrendTrendTypeStrategy","BTC-USDT","Bybit Perpetual","short","19034.5","19483.3","5.701720973145351","120.7897614546799","108529.40786333517","-2679.7221342023095","-24.69120754419603","50400.0","1656828000000.0","1656878400000.0"
"e6bed278-201e-4b3e-a046-43658f87b8bb","SupertrendTrendTypeStrategy","BTC-USDT","Bybit Perpetual","long","19887.8","19514.3","5.322342628603107","115.34131206756537","105849.68572913288","-2103.236283850826","-19.870028610504935","64800.0","1656957600000.0","1657022400000.0"
"102e7c9b-0d0b-4194-9c0a-a9e6a71afe80","SupertrendTrendTypeStrategy","BTC-USDT","Bybit Perpetual","short","19514.3","20392.8","5.31643202396612","116.68986143299009","103746.44944528204","-4787.175394487226","-46.14302870202878","28800.0","1657022400000.0","1657051200000.0"
"9cfe5b0b-3d6e-49d7-8b15-d00328198006","SupertrendTrendTypeStrategy","BTC-USDT","Bybit Perpetual","long","20392.8","21085.0","4.852657509061768","110.7026566961492","98959.27405079482","3248.30687107641","32.82468371189836","162000.0","1657051200000.0","1657213200000.0"
"c16536c7-55e7-4c79-8dc3-39585d1fef56","SupertrendTrendTypeStrategy","BTC-USDT","Bybit Perpetual","long","21085.0","22133.0","4.847407205210871","115.22238452714188","102207.58092187121","4964.8603665338505","48.576243775195636","32400.0","1657213200000.0","1657245600000.0"
"16fc9144-5a48-46e4-829d-9f3dcfc9b01d","SupertrendTrendTypeStrategy","BTC-USDT","Bybit Perpetual","long","22133.0","21264.7","4.842201296182401","115.57721955523424","107172.44128840507","-4320.0606050304095","-40.309435458365314","43200.0","1657245600000.0","1657288800000.0"
"7b91a066-645f-447f-b5c8-7b1fb5ead465","SupertrendTrendTypeStrategy","BTC-USDT","Bybit Perpetual","long","21264.7","21502.6","4.836766128060808","113.77048541573825","102852.38068337466","1036.8961764499174","10.081401806750051","43200.0","1657288800000.0","1657332000000.0"
"e6bc9143-7e3e-4d7e-aeb7-fcdf68d9a815","SupertrendTrendTypeStrategy","BTC-USDT","Bybit Perpetual","short","20545.1","19805.1","5.056644983953575","112.22015003733794","103889.27685982459","3629.6971380883074","34.93813074650403","82800.0","1657504800000.0","1657587600000.0"
"ea1ca9ac-b763-436a-aafc-cd85122c7cab","SupertrendTrendTypeStrategy","BTC-USDT","Bybit Perpetual","short","19805.1","19797.6","5.4288528711247555","118.24847737961079","107518.9739979129","-77.53208084617512","-0.7211013829771119","118800.0","1657587600000.0","1657706400000.0"
"b2e33dcf-d21c-4410-9517-da9b2277b12f","SupertrendTrendTypeStrategy","BTC-USDT","Bybit Perpetual","short","19153.4","19875.3","5.6095232134799415","120.41281925306953","107441.44191706672","-4169.927627064227","-38.811165902659454","18000.0","1657717200000.0","1657735200000.0"
"d17b1209-c676-4aa7-802f-0f69d614dc87","SupertrendTrendTypeStrategy","BTC-USDT","Bybit Perpetual","long","20723.2","20727.3","4.98337680908366","113.60990323370726","103271.51429000251","-93.1780583164715","-0.9022629227147092","122400.0","1657821600000.0","1657944000000.0"
"0e0e0e05-2722-4462-a63d-cb170dc54f2e","SupertrendTrendTypeStrategy","BTC-USDT","Bybit Perpetual","long","21240.0","21142.6","4.857737110719682","113.2359408778334","103178.33623168604","-586.3795354619374","-5.683165254237356","82800.0","1657994400000.0","1658077200000.0"
"df7fecfb-bf3a-4e49-a5e3-d21d9fe6dcea","SupertrendTrendTypeStrategy","BTC-USDT","Bybit Perpetual","long","21851.9","21655.9","4.6948758092533875","112.34504475360902","102591.95669622411","-1032.540703367273","-10.064538552711662","57600.0","1658124000000.0","1658181600000.0"
"bb40d6d8-6f2e-41c8-8e92-05265579bc8d","SupertrendTrendTypeStrategy","BTC-USDT","Bybit Perpetual","long","22423.9","21761.0","4.529070143590403","110.06408126314017","101559.41599285684","-3112.3846794492247","-30.645948965166692","28800.0","1658188800000.0","1658217600000.0"
"bce54d97-fb71-4bf1-bb3e-e1ebe6fa0d2d","SupertrendTrendTypeStrategy","BTC-USDT","Bybit Perpetual","long","23116.2","23221.5","4.2587895637435045","108.53838224233257","98447.0313134076","339.91215881985534","3.4527415838242987","115200.0","1658246400000.0","1658361600000.0"
"9e5a120d-2158-45f4-8458-9658b99d4e4c","SupertrendTrendTypeStrategy","BTC-USDT","Bybit Perpetual","short","22069.2","22741.8","4.476235816079761","110.3215317348926","98786.94347222746","-3121.0377416301335","-31.593625958349126","39600.0","1658602800000.0","1658642400000.0"
"001f0481-556a-4fa9-add5-06d82eb2a04a","SupertrendTrendTypeStrategy","BTC-USDT","Bybit Perpetual","long","22837.0","22314.8","4.18907499805567","104.0293520734655","95665.90573059733","-2291.5643160581394","-23.953824495336548","32400.0","1658678400000.0","1658710800000.0"
"7264b40c-c191-4861-9e76-74f8053a4e79","SupertrendTrendTypeStrategy","BTC-USDT","Bybit Perpetual","short","21945.7","20985.7","4.254789841041261","100.46524651992335","93374.34141453922","3984.1330008796876","42.66839198567373","79200.0","1658718000000.0","1658797200000.0"
"aed1fe99-ded1-4498-bcd4-20b9d80b9ce3","SupertrendTrendTypeStrategy","BTC-USDT","Bybit Perpetual","short","20985.7","21173.3","4.639276955994743","107.57300245328031","97358.47441541888","-977.9013593978873","-10.044337334470546","93600.0","1658797200000.0","1658890800000.0"
"0a8120ae-1bf4-4f1c-81ad-283cfe83e782","SupertrendTrendTypeStrategy","BTC-USDT","Bybit Perpetual","long","22544.9","23739.4","4.275049925083765","108.827231286155","96380.57305602099","4997.719904226402","51.85401731655496","75600.0","1658948400000.0","1659024000000.0"
"7caf8b98-1303-45af-bfd5-5431e49cf9b9","SupertrendTrendTypeStrategy","BTC-USDT","Bybit Perpetual","long","23739.4","23734.9","4.270465679850687","111.5055528537145","101378.29296024739","-130.7226484130426","-1.2894540300091832","133200.0","1659024000000.0","1659157200000.0"
"164940e0-aa7f-4141-97cf-83044cc9d996","SupertrendTrendTypeStrategy","BTC-USDT","Bybit Perpetual","short","22954.5","23367.2","4.410793975553132","112.37351141355873","101247.57031183435","-1932.7081851243393","-19.088933978087116","82800.0","1659376800000.0","1659459600000.0"
"18948672-5e0e-45df-afc8-783e2033d543","SupertrendTrendTypeStrategy","BTC-USDT","Bybit Perpetual","long","23367.2","22783.4","4.250182397835857","107.88165727325995","99314.86212671005","-2589.1381411298303","-26.069996833167824","28800.0","1659459600000.0","1659488400000.0"
"a364107c-72e9-499b-a2cc-2e3277926007","SupertrendTrendTypeStrategy","BTC-USDT","Bybit Perpetual","short","22801.5","23158.5","4.242077231128663","107.23122824847036","96725.7239855802","-1621.652799761403","-16.76547595552924","100800.0","1659571200000.0","1659672000000.0"
"798e19e2-8c64-434a-abc6-251f27cede2c","SupertrendTrendTypeStrategy","BTC-USDT","Bybit Perpetual","long","23043.2","22819.1","4.127207644156141","104.10577932622022","95104.0711858188","-1029.0130123816205","-10.819862909665419","14400.0","1659708000000.0","1659722400000.0"
"c6a97975-9505-4141-a8b4-683479b80471","SupertrendTrendTypeStrategy","BTC-USDT","Bybit Perpetual","long","23230.9","22943.3","4.049565801300731","102.84200367233112","94075.05817343715","-1267.4971281264302","-13.473253726717527","90000.0","1659740400000.0","1659830400000.0"
"ed505ddd-5003-4e7d-b971-186bf8bd9be5","SupertrendTrendTypeStrategy","BTC-USDT","Bybit Perpetual","long","23235.1","23715.9","3.9942828326674187","103.1445653021124","92807.56104531074","1817.3066206443941","19.58145004755748","46800.0","1659895200000.0","1659942000000.0"
"98eb57c6-f262-4463-95c3-3cfafb0ba1fd","SupertrendTrendTypeStrategy","BTC-USDT","Bybit Perpetual","long","23715.9","23465.1","3.9899336591044463","103.5369829836138","94624.86766595514","-1104.2123446870205","-11.66936738643707","97200.0","1659942000000.0","1660039200000.0"
"9a687739-f653-4752-8ac0-4350d27e0895","SupertrendTrendTypeStrategy","BTC-USDT","Bybit Perpetual","short","23257.8","23968.7","4.021044781590182","104.4449292577728","93520.65532126813","-2963.005664490239","-31.68290100525421","90000.0","1660046400000.0","1660136400000.0"
"3b6434e2-cb71-4f08-88db-7cd438969bb0","SupertrendTrendTypeStrategy","BTC-USDT","Bybit Perpetual","long","23968.7","24851.6","3.7781627562937445","101.44807156609812","90557.64965677788","3234.291825965641","35.715280136177505","86400.0","1660136400000.0","1660222800000.0"
"afba9f04-0c85-44d4-a0c1-f84cd9f82e6e","SupertrendTrendTypeStrategy","BTC-USDT","Bybit Perpetual","long","24851.6","24170.0","3.7740806017617987","101.7563082950294","93791.94148274351","-2674.1696464558663","-28.511720774517485","32400.0","1660222800000.0","1660255200000.0"
"265f4fa3-75ce-43dc-9e90-b23d34bc8e0e","SupertrendTrendTypeStrategy","BTC-USDT","Bybit Perpetual","long","24398.6","24501.9","3.7345491887357327","100.44172743207443","91117.77183628765","285.3372037643376","3.131520865951444","108000.0","1660381200000.0","1660489200000.0"
"12154016-1082-4d21-8048-1582b4e46fe9","SupertrendTrendTypeStrategy","BTC-USDT","Bybit Perpetual","long","24908.1","24119.4","3.6696138621593777","98.9515964948604","91403.10904005199","-2993.176049579951","-32.74698290917401","14400.0","1660532400000.0","1660546800000.0"
"f7410e40-8c07-490f-985b-2a81ecd543d9","SupertrendTrendTypeStrategy","BTC-USDT","Bybit Perpetual","short","23937.6","23996.9","3.693349917722413","97.37138489708576","88409.93299047204","-316.3870350180356","-3.578636747209532","140400.0","1660568400000.0","1660708800000.0"
"79d0135d-5a8b-4c6f-ab7b-349d6b0e487c","SupertrendTrendTypeStrategy","BTC-USDT","Bybit Perpetual","short","23795.3","23555.8","3.7021405889168864","96.41523608192432","88093.54595545398","790.24743496367","8.97054859573109","100800.0","1660726800000.0","1660827600000.0"
"3b17d96e-711e-411c-863b-964263f1cc7a","SupertrendTrendTypeStrategy","BTC-USDT","Bybit Perpetual","short","22923.1","21898.9","3.8774770162158543","95.58795115145486","88883.79339041765","3875.724008856812","43.60439469356226","21600.0","1660870800000.0","1660892400000.0"
"0102309e-5f57-4c20-a653-15d4267f5b49","SupertrendTrendTypeStrategy","BTC-USDT","Bybit Perpetual","short","21898.9","21070.9","4.235807159230576","100.1064825588883","92759.51739927447","3407.1418452840285","36.730913881519164","54000.0","1660892400000.0","1660946400000.0"
"f4a79b04-0929-4f1d-9302-a91658c815ae","SupertrendTrendTypeStrategy","BTC-USDT","Bybit Perpetual","short","21070.9","21343.3","4.563955941348423","106.46709704814717","96166.6592445585","-1349.6886954714478","-14.034892197295692","126000.0","1660946400000.0","1661072400000.0"
"117c4948-71ae-47be-8a96-df0a6cbd282b","SupertrendTrendTypeStrategy","BTC-USDT","Bybit Perpetual","short","21089.1","21333.0","4.496017874119192","104.9017859217195","94816.97054908705","-1201.480545419397","-12.671577023201626","68400.0","1661155200000.0","1661223600000.0"
"c61ec647-33fb-4a84-8f00-9e37597e19d1","SupertrendTrendTypeStrategy","BTC-USDT","Bybit Perpetual","short","21297.3","21444.2","4.3956506225515755","103.33218559608349","93615.49000366767","-749.0532620489163","-8.001381630535393","3600.0","1661241600000.0","1661245200000.0"
"5666ea0a-24ac-4249-8c1a-39f7ae9118d0","SupertrendTrendTypeStrategy","BTC-USDT","Bybit Perpetual","short","21179.7","21747.6","4.384690847444428","103.52261667852567","92866.43674161876","-2593.5885489422067","-27.928158330854437","7200.0","1661515200000.0","1661522400000.0"
"7b44c241-19e4-478e-afbf-e8a746127f4b","SupertrendTrendTypeStrategy","BTC-USDT","Bybit Perpetual","short","20770.1","20134.8","4.346288568311013","97.78147459184783","90272.84819267657","2663.4156528561357","29.50406136706127","46800.0","1661529600000.0","1661576400000.0"
"be10d655-9ed8-4204-9271-0af1846b4e56","SupertrendTrendTypeStrategy","BTC-USDT","Bybit Perpetual","short","19547.5","20066.8","4.7543810638461546","103.5878127776364","92936.26384553271","-2572.537899232941","-27.68066837191453","50400.0","1661731200000.0","1661781600000.0"
"8723a1ac-f8bc-454b-85a6-4401c3aab10d","SupertrendTrendTypeStrategy","BTC-USDT","Bybit Perpetual","short","19820.8","20326.6","4.559035253183512","100.66837655801285","90363.72594629975","-2406.62840761823","-26.63268233371001","43200.0","1661871600000.0","1661914800000.0"
"41d6d29f-ee3f-470f-b2b8-5fc0628304a4","SupertrendTrendTypeStrategy","BTC-USDT","Bybit Perpetual","short","19646.5","20067.3","4.476985597367548","97.78896083920445","87957.09753868154","-1981.7045002114655","-22.5303534980785","21600.0","1662051600000.0","1662073200000.0"
"eda53622-1a2d-4607-a916-8520b48c2d48","SupertrendTrendTypeStrategy","BTC-USDT","Bybit Perpetual","short","19926.4","19618.5","4.314647554925629","93.84226835212819","85975.39303847007","1234.6377138094792","14.360361379878023","133200.0","1662145200000.0","1662278400000.0"
"099d95f6-e4aa-4761-abc9-3abaf11f5d64","SupertrendTrendTypeStrategy","BTC-USDT","Bybit Perpetual","short","19702.4","19881.9","4.426365861635107","96.36802679719742","87210.03075227953","-890.9006989606992","-10.215576021195389","10800.0","1662300000000.0","1662310800000.0"
"1187c7f5-a74b-4754-b07b-d20c5d5ce25b","SupertrendTrendTypeStrategy","BTC-USDT","Bybit Perpetual","long","20093.6","19772.2","4.295851915700464","94.19166531551235","86319.13005331883","-1474.878471021632","-17.08634540351146","18000.0","1662426000000.0","1662444000000.0"
"f0111266-bf5e-472d-a0ad-21519b69b817","SupertrendTrendTypeStrategy","BTC-USDT","Bybit Perpetual","short","19088.2","18982.1","4.444853447800065","93.06929731758055","84844.2515822972","378.52965349401603","4.461464936453001","93600.0","1662487200000.0","1662580800000.0"
"44208c1b-7264-4624-a252-0ee2afb199fb","SupertrendTrendTypeStrategy","BTC-USDT","Bybit Perpetual","long","19936.0","20684.9","4.274818480928532","95.50583571757241","85222.78123579122","3105.9057246498114","36.444547802969566","10800.0","1662696000000.0","1662706800000.0"
"bf160538-3b03-4c2f-8c8e-31e0c989b395","SupertrendTrendTypeStrategy","BTC-USDT","Bybit Perpetual","long","20684.9","21340.1","4.270201304354433","98.70036539852228","88328.68696044103","2699.1355292144904","30.55785863117526","57600.0","1662706800000.0","1662764400000.0"
"352e850b-7242-4607-a3b8-c7274a9f6cca","SupertrendTrendTypeStrategy","BTC-USDT","Bybit Perpetual","long","21352.0","22180.9","4.2631988801824425","102.07417579210185","91027.82248965552","3431.691375991131","37.69936797489703","201600.0","1662768000000.0","1662969600000.0"
"cf62247c-6b8d-412d-af98-5c69c1295c0d","SupertrendTrendTypeStrategy","BTC-USDT","Bybit Perpetual","long","22180.9","21397.2","4.258596985047795","102.06986090076123","94459.51386564664","-3439.5323180827213","-36.412767516196396","104400.0","1662969600000.0","1663074000000.0"
"d18561d3-3b79-4ea7-9fed-0dfbf993db7f","SupertrendTrendTypeStrategy","BTC-USDT","Bybit Perpetual","short","21001.4","20231.9","4.333995902538113","98.28772428646866","91019.98154756395","3236.7221227166096","35.56056667650728","57600.0","1663081200000.0","1663138800000.0"
"6efde580-0d91-47b2-96da-9dff3bcba3c2","SupertrendTrendTypeStrategy","BTC-USDT","Bybit Perpetual","short","20191.4","19679.1","4.6681608838555295","102.36704968586905","94256.70367028055","2289.1317711133324","24.286142862803118","126000.0","1663192800000.0","1663318800000.0"
"63ec8f72-93e6-4b30-8383-ee8cd2073cbf","SupertrendTrendTypeStrategy","BTC-USDT","Bybit Perpetual","short","19526.4","19937.7","4.944374561690525","107.3189106770061","96545.83544139388","-2140.9401679003154","-22.175375645280194","28800.0","1663347600000.0","1663376400000.0"
"14fffeb1-e658-4c4f-8d2a-e4cc7793a881","SupertrendTrendTypeStrategy","BTC-USDT","Bybit Perpetual","short","19739.8","18754.9","4.7824646284913515","101.25474762391232","94404.89527349357","4608.994664977209","48.821564301563235","36000.0","1663520400000.0","1663556400000.0"
"14a575ca-0c55-4f21-b9e0-eb870b4392ee","SupertrendTrendTypeStrategy","BTC-USDT","Bybit Perpetual","short","18754.9","19504.7","5.27936112367812","111.09243466611147","99013.88993847078","-4069.557405199962","-41.10087390495279","61200.0","1663556400000.0","1663617600000.0"
"b40ffc39-f1df-4923-96d0-f630849f32eb","SupertrendTrendTypeStrategy","BTC-USDT","Bybit Perpetual","short","18756.8","19155.6","5.06186196650126","105.54903459033031","94944.33253327083","-2124.219586831029","-22.37331634393923","64800.0","1663696800000.0","1663761600000.0"
"89c48efe-783d-4515-9b8e-f8c834e46749","SupertrendTrendTypeStrategy","BTC-USDT","Bybit Perpetual","long","19846.4","18455.4","4.676924426920741","98.52404320826807","92820.1129464398","-6604.125921055019","-71.14972942196064","14400.0","1663783200000.0","1663797600000.0"
"eb240609-691a-426d-858a-3292eab8e0e0","SupertrendTrendTypeStrategy","BTC-USDT","Bybit Perpetual","short","18455.4","19195.0","4.671585932864351","96.7378934536938","86215.98702538476","-3551.8428494001614","-41.197032846754794","39600.0","1663797600000.0","1663837200000.0"
"324f9a7c-23df-4457-9437-6e4421bd03f5","SupertrendTrendTypeStrategy","BTC-USDT","Bybit Perpetual","short","18757.7","19325.4","4.40694457081543","92.30656093165162","82664.14417598459","-2594.1289937835745","-31.381550243366767","21600.0","1663952400000.0","1663974000000.0"
"a469f166-7854-4655-b43c-86bde9f5e44e","SupertrendTrendTypeStrategy","BTC-USDT","Bybit Perpetual","short","18736.0","19264.6","4.273591758230199","89.31947803229139","80070.01518220101","-2348.340081432769","-29.328582941929902","39600.0","1664143200000.0","1664182800000.0"
"5682d832-e4ee-49e3-925c-b27ff26ad26d","SupertrendTrendTypeStrategy","BTC-USDT","Bybit Perpetual","long","19264.6","20083.9","4.03442973644759","87.31181716653441","77721.67510076825","3218.096465904988","41.40539253345529","64800.0","1664182800000.0","1664247600000.0"
"765543bb-4ccd-4e3d-b877-f5be41e8e31e","SupertrendTrendTypeStrategy","BTC-USDT","Bybit Perpetual","long","20083.9","19102.1","4.030082382738075","86.85754453748582","80939.77156667324","-4043.59242790974","-49.95804101792992","50400.0","1664247600000.0","1664298000000.0"
"f8d2b572-b4c6-44d3-bd67-dc78bedf2b02","SupertrendTrendTypeStrategy","BTC-USDT","Bybit Perpetual","short","18946.9","19372.8","4.058509789926768","85.53648267838125","76896.17913876349","-1814.055802208183","-23.590974512980896","75600.0","1664301600000.0","1664377200000.0"
"eac74a14-2df9-4819-9195-0fd17fc25da7","SupertrendTrendTypeStrategy","BTC-USDT","Bybit Perpetual","long","19372.8","19205.6","3.875646439159817","82.2339312236657","75082.1233365553","-730.24201585119","-9.725910555004994","79200.0","1664377200000.0","1664456400000.0"
"1f1ae192-b67a-4f49-8b21-e6cc54aa9744","SupertrendTrendTypeStrategy","BTC-USDT","Bybit Perpetual","long","19447.5","19290.5","3.823210249168485","81.45693524775884","74351.88132070411","-681.7009443672109","-9.168576937909757","50400.0","1664492400000.0","1664542800000.0"
"23202055-8bcf-4ec6-9f98-1d048720c244","SupertrendTrendTypeStrategy","BTC-USDT","Bybit Perpetual","long","19981.4","19352.0","3.6869378710369087","79.76089113115373","73670.1803763369","-2400.3195871617895","-32.58196973185069","25200.0","1664550000000.0","1664575200000.0"
"66caf0c2-c53e-4edc-87b1-043373e18070","SupertrendTrendTypeStrategy","BTC-USDT","Bybit Perpetual","short","19151.0","19225.5","3.7214694161754007","78.54933407742041","71269.8607891751","-355.7988055824877","-4.992275860268393","79200.0","1664715600000.0","1664794800000.0"
"b5f7f1f2-55ab-4a3d-ba75-2c97e395cb27","SupertrendTrendTypeStrategy","BTC-USDT","Bybit Perpetual","long","19540.0","19957.0","3.629174103561546","78.83781926260372","70914.0619835926","1434.527781922561","20.229101842374618","50400.0","1664820000000.0","1664870400000.0"
"dbca6eeb-454c-4fd1-a3b5-cf0be64ca3b6","SupertrendTrendTypeStrategy","BTC-USDT","Bybit Perpetual","long","19957.0","20017.000000000004","3.6252237192721943","79.7030811248027","72348.58976551518","137.81034203154218","1.9048103422359894","104400.0","1664870400000.0","1664974800000.0"
"5e9b13a4-a03b-4a13-9f67-3dc10004bdff","SupertrendTrendTypeStrategy","BTC-USDT","Bybit Perpetual","long","20156.1","19977.5","3.5962512642597875","79.38178035661313","72486.4001075467","-721.672256153406","-9.955967672317492","10800.0","1664992800000.0","1665003600000.0"
"1c430e86-a991-4ed6-86b0-cca6621e8dc8","SupertrendTrendTypeStrategy","BTC-USDT","Bybit Perpetual","long","20182.7","20125.0","3.5557545745313206","78.82835876510987","71764.72785139328","-283.99539771556965","-3.957311707551553","43200.0","1665010800000.0","1665054000000.0"
"1d84b8a9-9b63-4577-a2f9-e161c628a5cb","SupertrendTrendTypeStrategy","BTC-USDT","Bybit Perpetual","short","19608.8","19309.4","3.64533946257179","78.02852764974381","71480.73245367772","1013.386107444242","14.177052649830573","118800.0","1665147600000.0","1665266400000.0"
"372ada42-d710-4cd7-a39c-97b27b921ccd","SupertrendTrendTypeStrategy","BTC-USDT","Bybit Perpetual","short","19390.3","19484.1","3.738679574896828","79.93640889650308","72494.11856112196","-430.62455302182286","-5.940130890187325","7200.0","1665356400000.0","1665363600000.0"
"458db0c6-4cb5-4ce6-99b8-ae7a968f0c69","SupertrendTrendTypeStrategy","BTC-USDT","Bybit Perpetual","short","19403.5","19039.6","3.713943051928782","78.52651627678185","72063.49400810013","1272.9773603201074","17.664663333934673","68400.0","1665381600000.0","1665450000000.0"
"8d582c34-6d24-4b6b-b4a4-6289a9d2d648","SupertrendTrendTypeStrategy","BTC-USDT","Bybit Perpetual","short","19039.6","19143.4","3.8517863488949478","80.89001698792069","73336.47136842024","-480.7054400032275","-6.554793693144968","108000.0","1665450000000.0","1665558000000.0"
"ac5481d9-91ce-4b30-b85c-c817eae3f9a2","SupertrendTrendTypeStrategy","BTC-USDT","Bybit Perpetual","short","18682.4","19409.0","3.899700569970508","81.69977986003605","72855.76592841702","-2915.222214000601","-40.013610135742645","28800.0","1665658800000.0","1665687600000.0"
"97162dea-e00a-493d-9ded-701704255abb","SupertrendTrendTypeStrategy","BTC-USDT","Bybit Perpetual","long","19409.0","19297.0","3.603510933815056","76.71262181233506","69940.54371441642","-480.3058463996213","-6.867345046112629","79200.0","1665687600000.0","1665766800000.0"
"5398721a-afab-48eb-8e35-11da4e479375","SupertrendTrendTypeStrategy","BTC-USDT","Bybit Perpetual","short","19297.0","19062.1","3.599535568638483","75.94121965702823","69460.2378680168","769.5896854161566","11.079571695082214","104400.0","1665766800000.0","1665871200000.0"
"2d2f9be5-aeee-4e1d-a175-d9f711d11ac9","SupertrendTrendTypeStrategy","BTC-USDT","Bybit Perpetual","long","19369.9","19364.1","3.6257196760661103","77.2412442630096","70229.82755343296","-98.2704183842036","-1.3992689688642126","158400.0","1665950400000.0","1666108800000.0"
"28118a84-af6f-4b8e-afb3-c768ee5950f7","SupertrendTrendTypeStrategy","BTC-USDT","Bybit Perpetual","short","19211.6","19199.0","3.6504797692565307","77.1194150237527","70131.55713504876","-31.123369931125723","-0.44378552541180627","147600.0","1666119600000.0","1666267200000.0"
"6717e9a2-cfe5-43b2-98a6-b165b2f69ec8","SupertrendTrendTypeStrategy","BTC-USDT","Bybit Perpetual","short","19054.7","19116.9","3.6789051396829984","77.23633248645797","70100.43376511763","-306.06423217474315","-4.366081859068929","79200.0","1666292400000.0","1666371600000.0"
"2e3726a3-6bce-417b-8bb3-3070f42e4e18","SupertrendTrendTypeStrategy","BTC-USDT","Bybit Perpetual","long","19468.7","19330.0","3.5849527463540394","76.50032836598156","69794.36953294289","-573.7332742852894","-8.220337516115649","54000.0","1666548000000.0","1666602000000.0"
"7ea4562e-d596-410e-b344-e0c080f6b017","SupertrendTrendTypeStrategy","BTC-USDT","Bybit Perpetual","long","19478.7","19806.0","3.553657906259534","76.78241161251867","69220.63625865759","1086.3298211062242","15.693727764173135","7200.0","1666710000000.0","1666717200000.0"
"7e7ac7df-9ca7-4e1d-9860-7987f762a3ae","SupertrendTrendTypeStrategy","BTC-USDT","Bybit Perpetual","long","19806.0","20261.900000000005","3.549781181448239","78.22775257008246","70306.96607976382","1540.1174880521878","21.905617237201106","7200.0","1666717200000.0","1666724400000.0"
"58f7ee41-b91e-4613-ab8d-a5b9a48828f1","SupertrendTrendTypeStrategy","BTC-USDT","Bybit Perpetual","long","20261.9","20789.0","3.5459203513893565","80.05977196406714","71847.08356781601","1788.9948452532576","24.90003430083055","122400.0","1666724400000.0","1666846800000.0"
"8097f93c-f1c2-4fc1-89c4-377a6fec0ee0","SupertrendTrendTypeStrategy","BTC-USDT","Bybit Perpetual","long","20691.9","20735.099999999995","3.55869100532427","81.0842407526627","73636.07841306926","72.65121067732245","0.9866252011653569","129600.0","1666976400000.0","1667106000000.0"
"d91aef7e-5f1e-40e1-83ba-d2d11cbf902d","SupertrendTrendTypeStrategy","BTC-USDT","Bybit Perpetual","long","20749.0","21426.5","3.5523991336327825","82.40331531329119","73708.7296237466","2324.3470977229185","31.534217311677665","43200.0","1667566800000.0","1667610000000.0"
"cbfda065-0ed7-4fe2-92e6-fe5c214ce5f6","SupertrendTrendTypeStrategy","BTC-USDT","Bybit Perpetual","long","21426.5","21226.9","3.54855327381838","83.24682421521669","76033.07672146952","-791.5380576693601","-10.410443609548855","97200.0","1667610000000.0","1667707200000.0"
"4ee41f1e-9b10-4240-996f-724d65fee524","SupertrendTrendTypeStrategy","BTC-USDT","Bybit Perpetual","short","20628.1","20140.6","3.6475263676150576","81.78769952286339","75241.53866380017","1696.381404689477","22.54580959952686","72000.0","1667808000000.0","1667880000000.0"
"5d347e12-e7fb-41fa-974c-dab2388c169b","SupertrendTrendTypeStrategy","BTC-USDT","Bybit Perpetual","short","20140.6","19547.1","3.820041114390319","83.38475515457375","76937.92006848965","2183.8096462360804","28.384048389819572","36000.0","1667880000000.0","1667916000000.0"
"36307b7a-e554-4b6d-91b9-e32e8e11c1cb","SupertrendTrendTypeStrategy","BTC-USDT","Bybit Perpetual","short","19547.1","18116.8","4.047747733153549","83.84968121569707","79121.72971472572","5705.64390151382","72.11222406392761","46800.0","1667916000000.0","1667962800000.0"
"b28bdfad-e97d-4b99-be44-3901c7154d91","SupertrendTrendTypeStrategy","BTC-USDT","Bybit Perpetual","short","18116.8","16587.3","4.682249272290887","89.3712858337806","84827.37361623954","7072.128976135132","83.37083508125058","57600.0","1667962800000.0","1668020400000.0"
"394b1200-0bb3-4158-a531-6afcf5fc6a27","SupertrendTrendTypeStrategy","BTC-USDT","Bybit Perpetual","short","16587.3","17649.3","5.540353318043002","104.32557322468108","91899.50259237469","-5988.180796986349","-65.16010019713877","68400.0","1668020400000.0","1668088800000.0"
"b2ff5e00-cdcc-4be8-b9de-70ad1279bcd2","SupertrendTrendTypeStrategy","BTC-USDT","Bybit Perpetual","short","16382.9","16754.4","5.243963022138225","95.57392671942557","85911.32179538833","-2043.706189443786","-23.788554834614256","39600.0","1668376800000.0","1668416400000.0"
"b8cbc291-22ba-4093-9037-efbca4a66881","SupertrendTrendTypeStrategy","BTC-USDT","Bybit Perpetual","short","16517.5","16204.3","5.077500566426187","91.37972691896644","83867.61560594455","1498.893450485719","17.87213621916154","50400.0","1668945600000.0","1668996000000.0"
"29a32a58-4c32-427a-903f-8ddd1f4d88be","SupertrendTrendTypeStrategy","BTC-USDT","Bybit Perpetual","short","16204.300000000001","15712.799999999997","5.268139262814825","92.47905021585288","85366.50905643027","2496.8113974576527","29.24813753139621","64800.0","1668996000000.0","1669060800000.0"
"1f74fbde-2d43-446c-9cdc-c3aa6c836564","SupertrendTrendTypeStrategy","BTC-USDT","Bybit Perpetual","short","15712.799999999997","16162.400000000001","5.5918308928954685","98.0324004424719","87863.3204538879","-2612.119569888297","-29.729351865994865","64800.0","1669060800000.0","1669125600000.0"
"d6859175-09d7-47fd-9dc2-575b66419aca","SupertrendTrendTypeStrategy","BTC-USDT","Bybit Perpetual","long","16609.2","16549.0","5.132769843460229","93.60637496288265","85251.20088399964","-402.5991195391922","-4.7225037930785785","68400.0","1669237200000.0","1669305600000.0"
"9694e47b-93cb-4dc4-8501-bca6ca76c5c5","SupertrendTrendTypeStrategy","BTC-USDT","Bybit Perpetual","short","16436.5","16135.1","5.162206173118393","92.47772302358868","84848.60176446046","1463.411217554293","17.247322726857885","3600.0","1669597200000.0","1669600800000.0"
"8e9a354f-e546-4cd6-b81b-3a30bbbafebe","SupertrendTrendTypeStrategy","BTC-USDT","Bybit Perpetual","short","16135.100000000002","16422.9","5.349332386041285","95.7899601036027","86312.01298201474","-1635.3278208062804","-18.946700051440597","97200.0","1669600800000.0","1669698000000.0"
"dbaf46b1-9dc6-4b37-b929-6006e596b01c","SupertrendTrendTypeStrategy","BTC-USDT","Bybit Perpetual","long","16476.9","16839.4","5.139115073903977","94.1689647451889","84676.68516120844","1768.7602495450026","20.888397392713433","68400.0","1669701600000.0","1669770000000.0"
"99e0bf3c-78cc-4c32-8b59-05861c624353","SupertrendTrendTypeStrategy","BTC-USDT","Bybit Perpetual","long","16839.4","17106.1","5.133522893378235","95.84300075744397","86445.44541075345","1273.2675549065161","14.729145634642387","118800.0","1669770000000.0","1669888800000.0"
"4226cd70-8674-459f-9526-1fb1fe4d72f5","SupertrendTrendTypeStrategy","BTC-USDT","Bybit Perpetual","long","17099.7","16974.4","5.129839293418011","96.13706138732007","87718.71296565997","-738.9059248525931","-8.423583747083239","7200.0","1669906800000.0","1669914000000.0"
"4a0e6cd6-4361-45eb-a8f4-9417f293b8fa","SupertrendTrendTypeStrategy","BTC-USDT","Bybit Perpetual","long","17044.3","17346.0","5.103161000499133","96.52458076550593","86979.80704080737","1443.0990930850862","16.591196763727506","39600.0","1670176800000.0","1670216400000.0"
"2ade4f99-73f7-4971-a60a-0bf10d1cea29","SupertrendTrendTypeStrategy","BTC-USDT","Bybit Perpetual","long","17346.0","17073.8","5.097596341167558","96.50203559904553","88422.90613389247","-1484.0677596648586","-16.78374783811834","39600.0","1670216400000.0","1670256000000.0"
"9a5eaa17-1632-474e-8724-770d19a6b1ac","SupertrendTrendTypeStrategy","BTC-USDT","Bybit Perpetual","short","16755.4","16890.6","5.1887056336600486","96.0185543625693","86938.83837422759","-797.5315560333927","-9.173478400992936","111600.0","1670400000000.0","1670511600000.0"
"e3c77019-6aaf-49e5-8d57-8405286dfe28","SupertrendTrendTypeStrategy","BTC-USDT","Bybit Perpetual","long","16956.9","17239.9","5.08001502740443","95.5461418390291","86141.30681819419","1342.0981109164247","15.58019213417547","3600.0","1670522400000.0","1670526000000.0"
"e5cfba75-aad3-4f9a-b5d5-6308a87e0fe2","SupertrendTrendTypeStrategy","BTC-USDT","Bybit Perpetual","long","17239.9","17092.4","5.074472875661147","95.82007880998367","87483.40492911062","-844.3048279700029","-9.651028428239142","93600.0","1670526000000.0","1670619600000.0"
"38a5872d-b3d7-49d7-b6d6-0ad2709da563","SupertrendTrendTypeStrategy","BTC-USDT","Bybit Perpetual","long","17169.5","17093.9","5.046105017684884","95.09319306461933","86639.1001011406","-476.57873240158915","-5.50073502431629","3600.0","1670788800000.0","1670792400000.0"
"1f50527c-4a57-4d4e-a16b-27df3f49ef18","SupertrendTrendTypeStrategy","BTC-USDT","Bybit Perpetual","short","16943.5","17035.7","5.08528470320412","95.0366482929124","86162.52136873902","-563.899897928336","-6.544607666656874","68400.0","1670806800000.0","1670875200000.0"
"683d2d63-f6dc-4efc-9846-e6f4d3ebb1c5","SupertrendTrendTypeStrategy","BTC-USDT","Bybit Perpetual","long","17167.5","17430.6","4.98608542133745","94.8799951087864","85598.62147081069","1216.9590792450895","14.217040629095587","43200.0","1670882400000.0","1670925600000.0"
"64ed10f5-1b83-4188-8701-b3cbfc5a8884","SupertrendTrendTypeStrategy","BTC-USDT","Bybit Perpetual","long","17430.6","17896.0","4.980642120756358","96.77203356871136","86815.58055005578","2221.218809431305","25.585485869677548","14400.0","1670925600000.0","1670940000000.0"
"e886f42c-d28b-4696-8070-ea2b47ed00d5","SupertrendTrendTypeStrategy","BTC-USDT","Bybit Perpetual","long","17896.0","17788.7","4.975234653525206","97.64686582235801","89036.79935948708","-631.489544145609","-7.092455576665135","126000.0","1670940000000.0","1671066000000.0"
"035947f6-9799-4838-ac8a-a127ccfc4dc3","SupertrendTrendTypeStrategy","BTC-USDT","Bybit Perpetual","short","17029.1","16624.1","5.19142584254843","96.08945069044795","88405.30981534146","2006.4380155416661","22.69589937225103","50400.0","1671184800000.0","1671235200000.0"
"cfa0b2ae-ce6a-4885-ab0c-74846875ec7c","SupertrendTrendTypeStrategy","BTC-USDT","Bybit Perpetual","short","16624.1","16756.3","5.438595041589207","99.8483628594454","90411.74783088313","-818.8306273575425","-9.056683970861625","104400.0","1671235200000.0","1671339600000.0"
"d5b55321-6553-4edb-a5b3-62e3f121ac60","SupertrendTrendTypeStrategy","BTC-USDT","Bybit Perpetual","short","16673.6","16747.7","5.373339722886815","98.77119938428442","89592.91720352559","-496.93567285020913","-5.5465955162653655","18000.0","1671422400000.0","1671440400000.0"
"771a50aa-caa7-415f-8efd-cc5b696c33ed","SupertrendTrendTypeStrategy","BTC-USDT","Bybit Perpetual","short","16727.5","16407.4","5.3263178317546185","97.06785479787337","89095.98153067537","1607.8864831467722","18.046677925571576","28800.0","1671462000000.0","1671490800000.0"
"5abcf95c-d460-4675-b9ce-02139131de50","SupertrendTrendTypeStrategy","BTC-USDT","Bybit Perpetual","short","16407.4","16783.6","5.528229214489934","100.91810072197447","90703.86801382215","-2180.6379312130716","-24.041289296292955","21600.0","1671490800000.0","1671512400000.0"
"f6d26eff-d611-4c34-9f64-3a4f134d31ef","SupertrendTrendTypeStrategy","BTC-USDT","Bybit Perpetual","short","16631.5","16815.5","5.32262454274173","97.91420269459546","88523.23008260908","-1077.2771185590736","-12.169428494122597","28800.0","1671724800000.0","1671753600000.0"
"c0d366c4-4793-4cff-8788-6c4f4e63f0cc","SupertrendTrendTypeStrategy","BTC-USDT","Bybit Perpetual","short","16771.4","16822.1","5.21399244929165","96.33594043990348","87445.95296405","-360.685357618975","-4.124666098238494","21600.0","1671994800000.0","1672016400000.0"
"9032a065-34ab-48f5-abac-ae717250c3e4","SupertrendTrendTypeStrategy","BTC-USDT","Bybit Perpetual","long","16881.2","16801.2","5.158713101345344","95.56681099061493","87085.26760643102","-508.2638590982425","-5.836393147406583","46800.0","1672023600000.0","1672070400000.0"
"058fe283-fe6f-4186-aa65-b18169d72ac7","SupertrendTrendTypeStrategy","BTC-USDT","Bybit Perpetual","long","16912.9","16823.7","5.118992233581039","94.98356636308657","86577.00374733277","-551.597673598519","-6.371179986873968","43200.0","1672099200000.0","1672142400000.0"
"ca77cf23-8749-4b21-a9cd-784ad89a7776","SupertrendTrendTypeStrategy","BTC-USDT","Bybit Perpetual","short","16673.0","16612.5","5.159563730206576","94.45626219798505","86025.40607373425","217.69734347951282","2.5306168655910755","154800.0","1672164000000.0","1672318800000.0"
"839b4fb1-a331-41af-91c0-2b89b12cd1b4","SupertrendTrendTypeStrategy","BTC-USDT","Bybit Perpetual","short","16467.5","16578.9","5.2371703912077585","95.18829518880445","86243.10341721376","-678.6090767693563","-7.868560497950597","50400.0","1672387200000.0","1672437600000.0"
"0e564d75-c959-4a3a-b046-933814a98b75","SupertrendTrendTypeStrategy","BTC-USDT","Bybit Perpetual","short","16537.6","16553.1","5.173936625655742","94.16505158422254","85564.49434044439","-174.36106928188653","-2.0377736189047986","57600.0","1672531200000.0","1672588800000.0"
"f02561fd-8c2e-4852-a6c9-62590e48de88","SupertrendTrendTypeStrategy","BTC-USDT","Bybit Perpetual","long","16654.6","16678.0","5.1271200311723195","93.99513263307995","85390.1332711625","25.97947609635979","0.30424447299853835","90000.0","1672632000000.0","1672722000000.0"
"00a57c3b-66d2-4860-9136-04fa94dfecf4","SupertrendTrendTypeStrategy","BTC-USDT","Bybit Perpetual","short","16617.3","16729.0","5.140192013579755","94.27351171833902","85416.11274725886","-668.4329596352014","-7.825607348967687","36000.0","1672765200000.0","1672801200000.0"
"799609de-31a5-4f4b-a1f4-183c5292f0a1","SupertrendTrendTypeStrategy","BTC-USDT","Bybit Perpetual","long","16855.9","16799.9","5.02777542508105","93.06759228329355","84747.67978762367","-374.62301608783235","-4.420451592617422","104400.0","1672804800000.0","1672909200000.0"
"5e17deb9-5934-4ad3-9f08-07b2508b5853","SupertrendTrendTypeStrategy","BTC-USDT","Bybit Perpetual","long","16932.6","16915.3","4.98287662683438","92.76295037758507","84373.05677153582","-178.96671602181624","-2.121135856277198","147600.0","1673035200000.0","1673182800000.0"
"dd075218-eeed-4629-b402-090d091885ee","SupertrendTrendTypeStrategy","BTC-USDT","Bybit Perpetual","long","16991.0","16920.3","4.955216882791714","92.42081545257804","84194.09005551401","-442.7546490659558","-5.2587378612206885","14400.0","1673193600000.0","1673208000000.0"
"756d37ae-4822-4fe8-8714-c50e77a49fa2","SupertrendTrendTypeStrategy","BTC-USDT","Bybit Perpetual","long","16959.4","17124.7","4.938343066762271","92.57543840700757","83751.33540644807","723.7326705287923","8.641446336544881","10800.0","1673211600000.0","1673222400000.0"
"3fe242d8-d19f-4cd6-afee-44201bcf220d","SupertrendTrendTypeStrategy","BTC-USDT","Bybit Perpetual","long","17124.7","17318.4","4.932937107042859","93.44810533937336","84475.06807697685","862.0618122948321","10.20492592570969","61200.0","1673222400000.0","1673283600000.0"
"510475de-f930-4603-93ec-40cbeb454221","SupertrendTrendTypeStrategy","BTC-USDT","Bybit Perpetual","long","17318.4","17177.0","4.92754122143337","93.48762799740797","85337.12988927169","-790.2419567080938","-9.26023593403556","36000.0","1673283600000.0","1673319600000.0"
"5c58114c-f08d-465c-bc75-4480f483665a","SupertrendTrendTypeStrategy","BTC-USDT","Bybit Perpetual","long","17294.1","17325.3","4.8887706172951235","93.08546802961274","84546.8879325636","59.44417522999868","0.7030912276441521","82800.0","1673370000000.0","1673452800000.0"
"9b76cf8c-4b88-4c38-9a44-dc1b3c81c27d","SupertrendTrendTypeStrategy","BTC-USDT","Bybit Perpetual","long","17476.5","17935.7","4.841148519886338","94.28964578875545","84606.33210779358","2128.7657545430543","25.160832546562567","18000.0","1673463600000.0","1673481600000.0"
"49d804cc-a9e6-4eb5-ba03-d125a8918960","SupertrendTrendTypeStrategy","BTC-USDT","Bybit Perpetual","long","17935.7","18263.3","4.835891426726397","96.27993856583785","86735.09786233664","1487.9580928297225","17.155201636958605","46800.0","1673481600000.0","1673528400000.0"
"b97b69f1-0398-43d8-a6ff-b8d5fd5da6a6","SupertrendTrendTypeStrategy","BTC-USDT","Bybit Perpetual","long","18263.3","19042.2","4.830619655547813","99.1147748580214","88223.05595516636","3663.454874848177","41.52491471968382","28800.0","1673528400000.0","1673557200000.0"
"d79c1285-e614-40c6-a6b4-898ab853c52a","SupertrendTrendTypeStrategy","BTC-USDT","Bybit Perpetual","long","19042.2","19808.8","4.825414649043417","103.10970149149219","91886.51083001455","3596.053168465184","39.13581151337548","90000.0","1673557200000.0","1673647200000.0"
"b3fdff32-e6cd-4d6f-be40-c26d353fb3ae","SupertrendTrendTypeStrategy","BTC-USDT","Bybit Perpetual","long","19808.8","20901.9","4.820209401805245","107.92875439174006","95482.56399847975","5161.042142721584","54.05219473163454","10800.0","1673647200000.0","1673658000000.0"
"7e429273-c1a1-49b5-a20b-f640883af9ac","SupertrendTrendTypeStrategy","BTC-USDT","Bybit Perpetual","long","20901.9","20859.7","4.815045815988083","110.59620954193238","100643.60614120132","-313.79114297663295","-3.117844789229722","208800.0","1673658000000.0","1673866800000.0"
"a5eae6be-65ac-4987-91f8-bad62659bfd4","SupertrendTrendTypeStrategy","BTC-USDT","Bybit Perpetual","long","21110.6","21180.1","4.7525799834312945","110.54446386791382","100329.81499822468","219.75984498056118","2.190374266955937","147600.0","1673892000000.0","1674039600000.0"
"04f6b923-f243-488f-ae22-9722f975fc27","SupertrendTrendTypeStrategy","BTC-USDT","Bybit Perpetual","long","21312.0","22287.2","4.717979300075321","113.13506770491416","100549.57484320524","4487.838345728542","44.63309121621625","14400.0","1674234000000.0","1674248400000.0"
"7c6905b2-4797-4f82-84b5-4ac104e4b5b6","SupertrendTrendTypeStrategy","BTC-USDT","Bybit Perpetual","long","22287.2","23027.6","4.712903064940135","117.46034289393208","105037.41318893377","3371.9730863877335","32.10259072472082","46800.0","1674248400000.0","1674295200000.0"
"593fa74c-219e-4ba4-a743-273ce4384636","SupertrendTrendTypeStrategy","BTC-USDT","Bybit Perpetual","long","23027.6","22720.0","4.707802214530455","118.4538589241994","108409.38627532149","-1566.5738201137606","-14.45053674720764","122400.0","1674295200000.0","1674417600000.0"
"0f396074-4ce9-4ef6-9b11-dad6be409e99","SupertrendTrendTypeStrategy","BTC-USDT","Bybit Perpetual","long","23593.3","22964.2","4.528523456032337","115.96020194232405","106842.81245520774","-2964.854308132261","-27.74968423238795","43200.0","1674684000000.0","1674727200000.0"
"09bc73f4-6a6a-4370-8ce7-e49d1135df56","SupertrendTrendTypeStrategy","BTC-USDT","Bybit Perpetual","long","23104.7","22984.3","4.495966541313043","113.96803105741728","103877.95814707548","-655.2824026315143","-6.308194869442212","39600.0","1674853200000.0","1674892800000.0"
"cc616461-e025-4ec1-9677-06ac77abaca8","SupertrendTrendTypeStrategy","BTC-USDT","Bybit Perpetual","long","23232.0","23896.6","4.443124816823517","115.16903873318185","103222.67574444396","2837.731714527721","27.491359762396634","64800.0","1674957600000.0","1675022400000.0"
"ca716dcc-d346-4ac2-b8d4-fc607db35e6b","SupertrendTrendTypeStrategy","BTC-USDT","Bybit Perpetual","long","23896.6","23192.9","4.438305342976478","114.94866869644999","106060.4074589717","-3238.1841385489847","-30.5315076203308","50400.0","1675022400000.0","1675072800000.0"
"ecf827a3-e396-47df-a654-5479ab6ef876","SupertrendTrendTypeStrategy","BTC-USDT","Bybit Perpetual","short","22783.7","23110.1","4.512973016692754","113.91461456842167","102822.22332042271","-1586.949007216927","-15.433910646646412","68400.0","1675108800000.0","1675177200000.0"
"b3958575-6b5e-4468-8325-11a621d3d7de","SupertrendTrendTypeStrategy","BTC-USDT","Bybit Perpetual","long","23379.9","24194.4","4.330013144333627","113.2985393828592","101235.27431320577","3413.4971666768797","33.71845623805063","18000.0","1675281600000.0","1675299600000.0"
"296e508a-1d80-4746-bbfa-21db4c2594d6","SupertrendTrendTypeStrategy","BTC-USDT","Bybit Perpetual","long","24194.4","23611.8","4.325330302875155","113.72768303892065","104648.77147988266","-2633.6651174939952","-25.166708411863986","50400.0","1675299600000.0","1675350000000.0"
"44379b82-81e8-4199-9e3b-af9f2218b873","SupertrendTrendTypeStrategy","BTC-USDT","Bybit Perpetual","long","24058.7","23559.0","4.2402584662674485","111.05124556305093","102015.10636238867","-2229.908401156898","-21.858609775258042","14400.0","1675364400000.0","1675378800000.0"
"ec16a8e3-7d67-4a08-bea9-42383baadde7","SupertrendTrendTypeStrategy","BTC-USDT","Bybit Perpetual","short","23160.2","22776.1","4.30847738625883","108.85353036712084","99785.19796123177","1546.0326336949051","15.493606920493006","64800.0","1675602000000.0","1675666800000.0"
"0067adf2-5afb-4dd8-9083-07f47da9d971","SupertrendTrendTypeStrategy","BTC-USDT","Bybit Perpetual","short","22776.1","23031.3","4.449015880459195","112.08881752340058","101331.23059492666","-1247.4776702165902","-12.310890363143855","39600.0","1675666800000.0","1675706400000.0"
"99a3ef44-80e1-4ecf-bb28-76da6aa4a158","SupertrendTrendTypeStrategy","BTC-USDT","Bybit Perpetual","short","22879.3","23001.6","4.374423733449453","110.38637382961156","100083.75292471008","-645.3783964304765","-6.448383254732412","39600.0","1675724400000.0","1675764000000.0"
"2efb0455-4683-44e8-9c6f-56aaae843696","SupertrendTrendTypeStrategy","BTC-USDT","Bybit Perpetual","long","23278.0","23042.4","4.271774831526746","108.82867539843832","99438.37452827959","-1115.2588257061334","-11.215577798779902","75600.0","1675792800000.0","1675868400000.0"
"376dfb53-00b2-4520-a7ef-71bbe0cf4ec0","SupertrendTrendTypeStrategy","BTC-USDT","Bybit Perpetual","short","22887.6","22027.3","4.295912009235282","106.12275206698098","98323.11570257344","3589.6503494781296","36.50871235953089","90000.0","1675882800000.0","1675972800000.0"
"17c73ca9-e57c-4ae7-ac61-04095acae5f9","SupertrendTrendTypeStrategy","BTC-USDT","Bybit Perpetual","short","22027.3","21521.4","4.626657195936478","110.81669842577341","101912.7660520516","2229.8091769984812","21.879586467701348","93600.0","1675972800000.0","1676066400000.0"
"63be9042-3e5c-4361-896d-fb218d891246","SupertrendTrendTypeStrategy","BTC-USDT","Bybit Perpetual","short","21521.4","21741.6","4.8390241912259455","115.14288697175445","104142.57522905007","-1180.6960138796935","-11.33730379993853","61200.0","1676066400000.0","1676127600000.0"
"2970c91a-d93d-4dc5-86e6-dbff91116e9b","SupertrendTrendTypeStrategy","BTC-USDT","Bybit Perpetual","short","21697.0","21727.6","4.745443112650154","113.33793294427333","102961.8792151704","-258.54849219136116","-2.511108909065703","82800.0","1676253600000.0","1676336400000.0"
"25ab5bef-6466-443c-969c-035906e2c533","SupertrendTrendTypeStrategy","BTC-USDT","Bybit Perpetual","long","22239.9","22763.6","4.617976282401405","114.3038025937784","102703.33072297901","2304.130376499824","22.434816478491225","79200.0","1676386800000.0","1676466000000.0"
"7913655d-48a2-486a-b1b3-a7c01883d8ce","SupertrendTrendTypeStrategy","BTC-USDT","Bybit Perpetual","long","22763.6","24144.8","4.612954941199058","119.01248456005803","105007.46109947887","6252.400880224084","59.54244407738675","28800.0","1676466000000.0","1676494800000.0"
"282ee66b-75d5-44d4-b6ef-127db8e9408a","SupertrendTrendTypeStrategy","BTC-USDT","Bybit Perpetual","long","24144.8","25090.2","4.608025826666733","124.78188336676513","111259.86197970292","4231.64573316397","38.03389342632788","68400.0","1676494800000.0","1676563200000.0"
"5410c496-0d04-4fd3-91c8-3b617b68e00f","SupertrendTrendTypeStrategy","BTC-USDT","Bybit Perpetual","long","25090.2","24012.8","4.60305249511231","124.31302766712489","115491.50771286689","-5083.641785901134","-44.017451036659786","25200.0","1676563200000.0","1676588400000.0"
"f7a8c4c3-2cdc-4a9c-88e9-ab4c7915809f","SupertrendTrendTypeStrategy","BTC-USDT","Bybit Perpetual","long","24362.7","24766.2","4.531840310267981","122.45438118051854","110407.86592696574","1706.1431840126118","15.453094484601463","126000.0","1676660400000.0","1676786400000.0"
"daaccca6-6e20-48bb-a219-86ccd02a5c77","SupertrendTrendTypeStrategy","BTC-USDT","Bybit Perpetual","long","24781.1","24353.4","4.524174032265653","122.2611659435962","112114.00911097835","-2057.2503995436027","-18.349628345795672","3600.0","1676826000000.0","1676829600000.0"
"ca08c0b9-769b-4b9b-9d89-6b410836d263","SupertrendTrendTypeStrategy","BTC-USDT","Bybit Perpetual","long","24884.7","24699.6","4.422667691852213","120.61218489820925","110056.75871143478","-939.2479746600636","-8.53421439679812","90000.0","1676887200000.0","1676977200000.0"
"f211d0f8-ece8-48bd-8b77-5548872f4a10","SupertrendTrendTypeStrategy","BTC-USDT","Bybit Perpetual","short","23948.1","24180.9","4.5564161973924735","120.6126653403663","109117.51073677468","-1181.3463560933474","-10.826368271386997","68400.0","1677049200000.0","1677117600000.0"
"01b2439e-a795-4c64-977b-862055368a48","SupertrendTrendTypeStrategy","BTC-USDT","Bybit Perpetual","short","23767.6","23052.9","4.541315251884135","116.94465791296263","107936.16438068135","3128.7333526086154","28.986886559854476","108000.0","1677153600000.0","1677261600000.0"
"a7a8df86-0f2d-481f-a072-acff06923303","SupertrendTrendTypeStrategy","BTC-USDT","Bybit Perpetual","short","23052.9","23226.4","4.817827593634205","122.63112870474153","111064.89773328998","-958.5242162002761","-8.630307466739541","118800.0","1677261600000.0","1677380400000.0"
"cca8aeb9-1868-44e6-b01d-0c9370e67188","SupertrendTrendTypeStrategy","BTC-USDT","Bybit Perpetual","long","23696.1","23276.7","4.6466031759272495","120.04517891420753","110106.37351708968","-2068.8305508980857","-18.78938053097336","18000.0","1677506400000.0","1677524400000.0"
"d78192fd-28fb-4a64-8ac2-f57986ed1278","SupertrendTrendTypeStrategy","BTC-USDT","Bybit Perpetual","short","23276.7","23431.9","4.641445865014869","119.23749108184845","108037.5429661916","-839.5898893321595","-7.771279004326247","28800.0","1677524400000.0","1677553200000.0"
"7c3ec0d5-92a0-487a-bc80-37c9678150f0","SupertrendTrendTypeStrategy","BTC-USDT","Bybit Perpetual","short","23259.9","23788.2","4.608702233322561","119.25687594897077","107197.95307685946","-2554.0342658132768","-23.825401441966616","28800.0","1677618000000.0","1677646800000.0"
"b88da41b-0f4f-474b-89d7-503ff1d66be5","SupertrendTrendTypeStrategy","BTC-USDT","Bybit Perpetual","long","23788.2","23406.6","4.398984320421308","114.18505186298074","104643.91881104615","-1792.8374685357614","-17.13274396549559","57600.0","1677646800000.0","1677704400000.0"
"9178efcd-4f7c-4a10-81e0-97d521fe5d22","SupertrendTrendTypeStrategy","BTC-USDT","Bybit Perpetual","short","22137.5","22582.7","4.6460115795600405","114.27381187213251","102851.0813425104","-2182.678167092266","-21.22173280632414","172800.0","1677808800000.0","1677981600000.0"
"e9754ade-7ecc-4fa8-9780-9da4c8f64f09","SupertrendTrendTypeStrategy","BTC-USDT","Bybit Perpetual","short","22227.7","21695.4","4.528961753821499","109.40932200510241","100668.40317541815","2301.3570195540783","22.860768095664383","111600.0","1678208400000.0","1678320000000.0"
"df3030b0-6958-4929-b84f-b2d8c434dfe2","SupertrendTrendTypeStrategy","BTC-USDT","Bybit Perpetual","short","21695.4","21001.3","4.746156337056344","111.45486730201648","102969.7601949722","3182.852246248802","30.91055315873421","68400.0","1678320000000.0","1678388400000.0"
"11ef0f0b-3695-476f-a4fa-fe0b6ef50fac","SupertrendTrendTypeStrategy","BTC-USDT","Bybit Perpetual","short","21001.3","20098.0","5.054573404561672","114.25668579935584","106152.61244122103","4451.539470541198","41.935279482698654","7200.0","1678388400000.0","1678395600000.0"
"f6473525-182e-4a24-bbaa-9db0ea43fc0f","SupertrendTrendTypeStrategy","BTC-USDT","Bybit Perpetual","short","20098.0","20571.7","5.503241711203216","123.0983541821668","110604.15191176224","-2729.9839527791346","-24.682472634092985","104400.0","1678395600000.0","1678500000000.0"
"d9f88d40-cf33-4ce6-889f-a197510a958c","SupertrendTrendTypeStrategy","BTC-USDT","Bybit Perpetual","long","21694.4","23472.9","4.972443024881218","123.5255042107446","107874.1679589831","8719.964415540502","80.83459256766723","57600.0","1678662000000.0","1678719600000.0"
"bd40143a-3388-477c-a271-19787e0ac90a","SupertrendTrendTypeStrategy","BTC-USDT","Bybit Perpetual","long","23472.9","24571.5","4.967180551807557","131.25486511679466","116594.13237452361","5325.68968909898","45.677167286530356","72000.0","1678719600000.0","1678791600000.0"
"8178fe88-6641-4dab-87c1-4a655d126fd5","SupertrendTrendTypeStrategy","BTC-USDT","Bybit Perpetual","long","25870.0","24715.7","4.7127878648481865","131.119820202168","121919.82206362259","-5571.090852596426","-45.69470950908385","61200.0","1678798800000.0","1678860000000.0"
"24bafec8-1ea8-46b1-bc6f-2eccfa0fdda2","SupertrendTrendTypeStrategy","BTC-USDT","Bybit Perpetual","long","25654.4","26694.9","4.535234938686001","130.57900590666532","116348.73121102616","4588.332947796118","39.43603767774728","32400.0","1679018400000.0","1679050800000.0"
"4499008e-7b7d-4ba7-99d4-e4f84ccccd4d","SupertrendTrendTypeStrategy","BTC-USDT","Bybit Perpetual","long","26694.9","26901.9","4.530343404875922","133.54655017134962","120937.06415882226","804.2345346379662","6.650025285728733","129600.0","1679050800000.0","1679180400000.0"
"5a87c129-e110-479f-aac4-7f88525f0814","SupertrendTrendTypeStrategy","BTC-USDT","Bybit Perpetual","long","27914.9","27422.4","4.361158330979521","132.7340997999022","121741.29869346024","-2280.604577807316","-18.73320395201129","43200.0","1679245200000.0","1679288400000.0"
"c6839c16-8b46-4a7e-b398-d302b599bdba","SupertrendTrendTypeStrategy","BTC-USDT","Bybit Perpetual","long","28334.9","26654.1","4.21602667084242","127.50929983162462","119460.69411565289","-7213.806928183577","-60.38644745525846","97200.0","1679418000000.0","1679515200000.0"
"a274c8d2-a113-40fb-8bc7-110351441288","SupertrendTrendTypeStrategy","BTC-USDT","Bybit Perpetual","long","28574.5","27558.4","3.9282187680438616","121.27627120660112","112246.88718746933","-4112.739361415964","-36.640119512152395","72000.0","1679587200000.0","1679659200000.0"
"ea47354b-6bf9-42f9-97bc-2da5cc85998e","SupertrendTrendTypeStrategy","BTC-USDT","Bybit Perpetual","long","27782.1","27676.9","3.8922236917314876","118.72235854585512","108134.14782605336","-528.1842909159964","-4.884528167417046","82800.0","1679842800000.0","1679925600000.0"
"e32f22a1-4205-4f2f-9813-12a63af5d7f4","SupertrendTrendTypeStrategy","BTC-USDT","Bybit Perpetual","short","26933.0","27412.1","3.9953203703685944","119.41934678284507","107605.96353513736","-2033.5773362264329","-18.898370214977852","104400.0","1679929200000.0","1680033600000.0"
"cdc88846-4e4b-46d7-9bd0-231149139be9","SupertrendTrendTypeStrategy","BTC-USDT","Bybit Perpetual","long","27412.1","28498.1","3.8513060363456626","118.43000991431128","105572.38619891093","4064.0883455570784","38.495751511193966","46800.0","1680033600000.0","1680080400000.0"
"203d44cf-b91d-4022-8613-0fd1b946a81b","SupertrendTrendTypeStrategy","BTC-USDT","Bybit Perpetual","long","28498.1","28234.8","3.8471503203535677","120.0429969252728","109636.474544468","-1132.9976762743645","-10.334130871882664","115200.0","1680080400000.0","1680195600000.0"
"65cf25be-a2e8-4189-8544-f09ca8434581","SupertrendTrendTypeStrategy","BTC-USDT","Bybit Perpetual","short","27933.7","28318.3","3.8843216927293427","120.17547512267603","108503.47686819364","-1614.0855981463756","-14.875888263996481","50400.0","1680465600000.0","1680516000000.0"
"ee457c3b-c033-4d44-8455-fb47b15a55ae","SupertrendTrendTypeStrategy","BTC-USDT","Bybit Perpetual","long","28318.3","27917.4","3.77456949287377","116.74605669672081","106889.39127004727","-1629.970966389807","-15.249136953842493","25200.0","1680516000000.0","1680541200000.0"
"3440d7fd-3eb5-473f-a453-ec608f30692c","SupertrendTrendTypeStrategy","BTC-USDT","Bybit Perpetual","short","27569.3","28013.2","3.817993939042974","116.71750646427085","105259.42030365746","-1811.5250160054525","-17.210098733011044","39600.0","1680555600000.0","1680595200000.0"
"a3932921-f0d0-4373-9a6a-4c4b786a1131","SupertrendTrendTypeStrategy","BTC-USDT","Bybit Perpetual","long","28655.7","28014.9","3.6100285558423635","112.52036635219615","103447.89528765202","-2425.82666493598","-23.44974402998353","54000.0","1680656400000.0","1680710400000.0"
"c4c0987c-e97f-49a1-956a-bc3fbb20bff7","SupertrendTrendTypeStrategy","BTC-USDT","Bybit Perpetual","short","28014.9","28086.100000000002","3.6060121086534673","111.26548691916251","101022.06862271603","-368.013549055292","-3.6429025268696553","118800.0","1680710400000.0","1680829200000.0"
"b3bd8e71-fd80-4d0a-b029-a0ee14f9b957","SupertrendTrendTypeStrategy","BTC-USDT","Bybit Perpetual","long","28132.4","29033.1","3.57786946985187","112.4918834483494","100654.05507366075","3110.09514804722","30.89885594545781","75600.0","1681070400000.0","1681146000000.0"
"5fb3c3a0-95e6-4c82-852b-a767df40118d","SupertrendTrendTypeStrategy","BTC-USDT","Bybit Perpetual","long","29033.1","29920.6","3.5739948617856165","115.88512148578789","103764.15022170798","3056.035318348947","29.451745249387766","28800.0","1681146000000.0","1681174800000.0"
"30d053e9-6eba-453f-8e3d-015b1c6f6506","SupertrendTrendTypeStrategy","BTC-USDT","Bybit Perpetual","long","29920.6","29908.2","3.5701217736294373","117.47785586356648","106820.18554005693","-161.7473658565637","-1.514202255302294","104400.0","1681174800000.0","1681279200000.0"
"e67c13c7-a2a5-45bc-b9b8-22869705c6e7","SupertrendTrendTypeStrategy","BTC-USDT","Bybit Perpetual","long","30039.6","29948.0","3.5505944877495166","117.1454030413276","106658.43817420038","-442.37985811917815","-4.147631126912427","7200.0","1681308000000.0","1681315200000.0"
"db46ba2a-b9a5-46ea-a9c3-f37fcd55ada2","SupertrendTrendTypeStrategy","BTC-USDT","Bybit Perpetual","long","30422.5","30226.7","3.4913652170624108","116.46167902746387","106216.0583160812","-800.0709885282814","-7.5324861533404315","86400.0","1681401600000.0","1681488000000.0"
"e579d0e0-428f-4d9d-852c-bd9c4445adf8","SupertrendTrendTypeStrategy","BTC-USDT","Bybit Perpetual","long","30306.0","29833.0","3.478386699912655","115.05268376032595","105415.98732755292","-1760.3295928190116","-16.698886359136804","18000.0","1681675200000.0","1681693200000.0"
"867c1fb0-2673-49e0-905d-f422d2738d8d","SupertrendTrendTypeStrategy","BTC-USDT","Bybit Perpetual","short","29558.1","29756.8","3.506844409306888","114.40446899947842","103655.65773473392","-811.2144531287597","-7.826050896370225","72000.0","1681732800000.0","1681804800000.0"
"593930f6-83af-4ec2-8039-f0dd17220485","SupertrendTrendTypeStrategy","BTC-USDT","Bybit Perpetual","long","30369.7","29148.0","3.386416174068402","110.85343605784303","102844.44328160516","-4248.038075917212","-41.305470090254445","75600.0","1681819200000.0","1681894800000.0"
"4aaf45ad-40dc-447f-8c02-442192225623","SupertrendTrendTypeStrategy","BTC-USDT","Bybit Perpetual","short","29148.0","28351.5","3.3826130508332635","106.97420751401299","98596.40520568796","2587.2770874746816","26.241089440098815","122400.0","1681894800000.0","1682017200000.0"
"bccfb07e-0a86-4c90-9a90-d45550d35945","SupertrendTrendTypeStrategy","BTC-USDT","Bybit Perpetual","short","28351.5","27273.6","3.568900491796294","109.18624571041993","101183.68229316264","3737.7315943968106","36.94006295963182","90000.0","1682017200000.0","1682107200000.0"
"d14827a6-96b9-4622-9d34-0342a997574a","SupertrendTrendTypeStrategy","BTC-USDT","Bybit Perpetual","short","27273.6","27654.0","3.846995405357542","116.21842365502431","104921.41388755945","-1579.6154758530388","-15.055224832805402","79200.0","1682107200000.0","1682186400000.0"
"c2c10706-b6c8-411d-9d9a-e0c11f9d0d3b","SupertrendTrendTypeStrategy","BTC-USDT","Bybit Perpetual","short","27173.9","27608.2","3.8029800069811994","114.58437707224464","103341.79841170642","-1766.2185941041769","-17.09103790769817","118800.0","1682326800000.0","1682445600000.0"
"2b003813-ffb0-4fc5-acec-bedaec8265b4","SupertrendTrendTypeStrategy","BTC-USDT","Bybit Perpetual","long","28249.3","28849.5","3.595684842371395","112.92010932267772","101575.57981760225","2045.2099330686362","20.134858562867073","43200.0","1682460000000.0","1682503200000.0"
"08acf337-6e1a-4c95-9954-f74d9953026f","SupertrendTrendTypeStrategy","BTC-USDT","Bybit Perpetual","long","28849.5","29955.0","3.5917707326182735","116.1667551254382","103620.78975067088","3854.535789784063","37.19847917641553","10800.0","1682503200000.0","1682514000000.0"
"627ca44c-d3cf-45ec-b1d1-ec76f42c1c8c","SupertrendTrendTypeStrategy","BTC-USDT","Bybit Perpetual","long","29955.0","27871.9","3.587892690384074","114.11219149966395","107475.32554045494","-7588.051454838723","-70.60273059589377","25200.0","1682514000000.0","1682539200000.0"
"79a38ec3-4e27-441c-b84c-dcf0db93cd16","SupertrendTrendTypeStrategy","BTC-USDT","Bybit Perpetual","short","28282.2","29025.0","3.531807076027191","111.318885957018","99887.27408561623","-2734.745182030013","-27.37831427540995","14400.0","1682550000000.0","1682564400000.0"
"6cd91d2f-1459-497c-8c6d-6134d7dfdfd5","SupertrendTrendTypeStrategy","BTC-USDT","Bybit Perpetual","long","29644.2","29303.299999999996","3.277286244985063","106.25330700944136","97152.52890358621","-1223.4801879248662","-12.59339516667696","32400.0","1682870400000.0","1682902800000.0"
"20f4f020-f2a6-45cc-992d-b0c3f98c48e4","SupertrendTrendTypeStrategy","BTC-USDT","Bybit Perpetual","short","28488.3","27663.7","3.367313904854321","103.99477571195891","95929.04871566135","2672.6922702309093","27.86113597511956","68400.0","1682906400000.0","1682974800000.0"
"e106802f-5833-42e1-9267-360fc83f5b5f","SupertrendTrendTypeStrategy","BTC-USDT","Bybit Perpetual","short","27663.7","28357.9","3.5643005449702057","109.82280067555658","98601.74098589228","-2584.160238993876","-26.2080589364402","64800.0","1682974800000.0","1683039600000.0"
"c6a7d995-3aea-453d-8a8b-1a4c3e6f073f","SupertrendTrendTypeStrategy","BTC-USDT","Bybit Perpetual","long","28707.3","28359.099999999995","3.344709559829674","104.97879349378526","96017.5807468984","-1269.6066622264925","-13.222647897921588","68400.0","1683054000000.0","1683122400000.0"
"37171ff1-029a-4390-a941-360a1ea61361","SupertrendTrendTypeStrategy","BTC-USDT","Bybit Perpetual","long","28915.0","28830.900000000005","3.276775863208435","104.0712042255864","94747.9740846719","-379.64805432139906","-4.006925298287909","72000.0","1683151200000.0","1683223200000.0"
"2cc2c3e3-4d40-428b-878d-774e801b976d","SupertrendTrendTypeStrategy","BTC-USDT","Bybit Perpetual","long","29232.999999999996","29276.1","3.228143742700048","103.88168178080625","94368.3260303505","35.251313529572855","0.373550268532213","111600.0","1683255600000.0","1683367200000.0"
"d300e632-d7b6-4df1-8d74-b1892e208f53","SupertrendTrendTypeStrategy","BTC-USDT","Bybit Perpetual","short","28557.9","29031.9","3.30569045146457","104.70572857896488","94403.57734388005","-1671.6030025731711","-17.706987908774803","82800.0","1683388800000.0","1683471600000.0"
"c6cecb4f-b603-4e20-bb42-49d871844c63","SupertrendTrendTypeStrategy","BTC-USDT","Bybit Perpetual","short","28419.4","27690.9","3.2629814261140937","100.69777669252932","92731.97434130688","2276.384192231588","24.54799661498835","32400.0","1683504000000.0","1683536400000.0"
"e554e663-58c4-4ceb-8c63-5e9d6b9d8678","SupertrendTrendTypeStrategy","BTC-USDT","Bybit Perpetual","short","27690.9","27736.0","3.4310318022721713","104.59430113074768","95008.35853353847","-259.3338354132176","-2.729589684697809","144000.0","1683536400000.0","1683680400000.0"
"dbe1878a-773b-41d7-9127-ba81811a5a1a","SupertrendTrendTypeStrategy","BTC-USDT","Bybit Perpetual","short","27683.6","27848.3","3.422568766277697","104.53396055963104","94749.02469812524","-668.2310363655703","-7.052642900489847","3600.0","1683748800000.0","1683752400000.0"
"89fdfdc3-3db2-49b8-aa8b-f0ac09e1e5e3","SupertrendTrendTypeStrategy","BTC-USDT","Bybit Perpetual","short","27497.5","26631.9","3.4214308086829592","101.85999824853786","94080.79366175967","2859.7305097474264","30.396538958087042","104400.0","1683756000000.0","1683860400000.0"
"8abc563e-ebb1-4989-90a8-adc6041cd0d3","SupertrendTrendTypeStrategy","BTC-USDT","Bybit Perpetual","short","26631.9","26785.1","3.6400153264133275","106.94128428006141","96940.5241715071","-664.5916322865726","-6.85566369654426","75600.0","1683860400000.0","1683936000000.0"
"01ad54b9-2fea-4e61-bee2-a91d12bca183","SupertrendTrendTypeStrategy","BTC-USDT","Bybit Perpetual","long","27463.7","27194.1","3.5055703542938685","105.38371982100787","96275.93253922052","-1050.4854873386425","-10.911195141222857","64800.0","1684134000000.0","1684198800000.0"
"0575d442-0963-4e06-b421-3b4328c7f6eb","SupertrendTrendTypeStrategy","BTC-USDT","Bybit Perpetual","short","26626.5","27081.7","3.576341128270027","105.64336452194375","95225.44705188187","-1733.5938461104627","-18.205153136912504","25200.0","1684324800000.0","1684350000000.0"
"4261d714-81dd-4b41-bee2-328732228b04","SupertrendTrendTypeStrategy","BTC-USDT","Bybit Perpetual","long","27377.1","27075.2","3.4149655444065083","102.2740005725276","93491.85320577142","-1133.2520984288449","-12.121399454288357","72000.0","1684353600000.0","1684425600000.0"
"9c4d9ae6-2bf2-46fa-b710-9f1069613f47","SupertrendTrendTypeStrategy","BTC-USDT","Bybit Perpetual","short","26475.2","26897.2","3.4884949351597934","102.40414089252741","92358.60110734256","-1574.5490035299604","-17.04821191152475","68400.0","1684432800000.0","1684501200000.0"
"ab93a0aa-c3c3-4f94-9251-715126715fb1","SupertrendTrendTypeStrategy","BTC-USDT","Bybit Perpetual","long","27228.9","26946.699999999997","3.33410648626322","99.34497064646095","90784.0521038126","-1040.2298210699562","-11.458288068926924","36000.0","1684630800000.0","1684666800000.0"
"408182b8-5c38-4014-97ce-ea598332c867","SupertrendTrendTypeStrategy","BTC-USDT","Bybit Perpetual","short","26818.1","26819.9","3.346390023258272","98.72151743713997","89743.82228274267","-104.74501947901459","-1.167155764204135","86400.0","1684670400000.0","1684756800000.0"
"7fc0adcc-7baa-46c6-9313-b8f766275fad","SupertrendTrendTypeStrategy","BTC-USDT","Bybit Perpetual","long","27119.3","27125.599999999995","3.305361025663039","98.61443806554394","89639.07726326365","-77.79066360388123","-0.8678208877074397","82800.0","1684810800000.0","1684893600000.0"
"5c8d995f-ea0a-4be9-af05-6b12b1d84537","SupertrendTrendTypeStrategy","BTC-USDT","Bybit Perpetual","short","26770.0","26247.6","3.3455841090646166","97.55616203340932","89561.28659965978","1650.1769765419513","18.42511468061268","39600.0","1684900800000.0","1684940400000.0"
"e9d490d5-f45d-4f86-984b-28339e217307","SupertrendTrendTypeStrategy","BTC-USDT","Bybit Perpetual","short","26247.6","26367.9","3.4750401399061914","100.56253596467883","91211.46357620174","-518.6098647954038","-5.685796987153223","100800.0","1684940400000.0","1685041200000.0"
"d40bca58-93fe-481b-896f-3d38e1479fa1","SupertrendTrendTypeStrategy","BTC-USDT","Bybit Perpetual","long","26778.1","26654.1","3.3868293012352013","99.53115732420274","90692.85371140634","-519.4979906773677","-5.728102815360314","86400.0","1685120400000.0","1685206800000.0"
"78418314-ca9e-4517-a045-b22763121762","SupertrendTrendTypeStrategy","BTC-USDT","Bybit Perpetual","long","27063.3","27577.4","3.33194236182317","100.13281465531921","90173.35572072899","1612.8187535579798","17.88575728015439","64800.0","1685235600000.0","1685300400000.0"
"c8170806-1991-4ef1-a903-c4214ffe9cbd","SupertrendTrendTypeStrategy","BTC-USDT","Bybit Perpetual","long","27577.4","28188.6","3.3283113881035544","102.08363707794055","91786.17447428696","1932.1802833309423","21.050885870313994","21600.0","1685300400000.0","1685322000000.0"
"f13cf587-e975-439e-b321-6c40ff954ad0","SupertrendTrendTypeStrategy","BTC-USDT","Bybit Perpetual","long","28188.6","27622.100000000002","3.3246899369822516","102.05429996626444","93718.3547576179","-1985.4911492666977","-21.18572348396147","54000.0","1685322000000.0","1685376000000.0"
"8ecde1e2-fb71-4110-b0de-1cd29ec89bde","SupertrendTrendTypeStrategy","BTC-USDT","Bybit Perpetual","long","27887.1","27665.0","3.28943718093137","100.50432877034964","91732.8636083512","-831.0883266552021","-9.059875533848933","10800.0","1685451600000.0","1685462400000.0"
"088203d7-c720-40f7-b60b-b4728d1e449d","SupertrendTrendTypeStrategy","BTC-USDT","Bybit Perpetual","short","27080.5","27051.7","3.3567244061851147","99.93878229527164","90901.775281696","-3.2651193971427688","-0.03591920385519945","169200.0","1685512800000.0","1685682000000.0"
"95c44a50-a3f7-400d-be54-dc66dce1a7a3","SupertrendTrendTypeStrategy","BTC-USDT","Bybit Perpetual","short","26990.0","27144.9","3.3678588426194462","100.27528591262572","90898.51016229886","-621.9566206343828","-6.842319192293496","39600.0","1685829600000.0","1685869200000.0"
"cdafef52-8ff5-4855-bb40-372b2927920a","SupertrendTrendTypeStrategy","BTC-USDT","Bybit Perpetual","short","27038.2","26700.8","3.3388521995422953","98.68461809316187","90276.55354166449","1027.8441140324135","11.385504582405687","32400.0","1685930400000.0","1685962800000.0"
"8ebe396d-37fb-461d-a801-bddd32cb168a","SupertrendTrendTypeStrategy","BTC-USDT","Bybit Perpetual","short","26700.8","25991.9","3.4195379035720617","99.10157669035337","91304.3976556969","2325.008843151874","25.46436867060155","18000.0","1685962800000.0","1685980800000.0"
"46f37971-e1c1-43d4-9881-7f7351224330","SupertrendTrendTypeStrategy","BTC-USDT","Bybit Perpetual","short","25991.9","25524.4","3.602253259625067","102.06611777935257","93629.40649884878","1581.9872810953661","16.89626518261458","75600.0","1685980800000.0","1686056400000.0"
"bc2310da-5d85-45fe-beb8-505d423e89d4","SupertrendTrendTypeStrategy","BTC-USDT","Bybit Perpetual","long","27073.2","26430.1","3.516813445767185","103.48861865810349","95211.39377994415","-2365.1513456309876","-24.841053698860943","68400.0","1686081600000.0","1686150000000.0"
"b070c365-cebd-46f5-9c9f-0ce6365a2a1c","SupertrendTrendTypeStrategy","BTC-USDT","Bybit Perpetual","short","26430.1","26635.8","3.51289788666381","102.5282983801522","92846.24243431316","-825.1313936669005","-8.887073639524662","86400.0","1686150000000.0","1686236400000.0"
"95f25770-2eae-4f11-8d6d-01977e092d77","SupertrendTrendTypeStrategy","BTC-USDT","Bybit Perpetual","short","25753.6","25859.9","3.573135835015154","101.43212553130508","92021.11104064627","-481.25646479342635","-5.22984844837238","129600.0","1686373200000.0","1686502800000.0"
"b441b28e-ed30-4b03-8056-90e14c13b55e","SupertrendTrendTypeStrategy","BTC-USDT","Bybit Perpetual","short","25860.5","24920.1","3.539755788784163","98.8630075443632","91539.85457585285","3229.9233362282685","35.284339823282664","3600.0","1686772800000.0","1686776400000.0"
"b91d5eb6-6fed-481e-a54e-9def75304a5a","SupertrendTrendTypeStrategy","BTC-USDT","Bybit Perpetual","short","24920.1","25443.0","3.802945329757149","105.34046376540076","94769.77791208112","-2093.9005766954197","-22.09460254974906","82800.0","1686776400000.0","1686859200000.0"
"74010b11-9626-4c69-93ea-75ae69635360","SupertrendTrendTypeStrategy","BTC-USDT","Bybit Perpetual","long","26304.6","26619.8","3.5231813954740123","102.55424379564366","92675.8773353857","1007.9525320577676","10.876104559658796","172800.0","1686938400000.0","1687111200000.0"
"7cd97dd6-c735-4bb7-a75c-53fc5bd9536b","SupertrendTrendTypeStrategy","BTC-USDT","Bybit Perpetual","long","26655.0","27363.300000000003","3.514681293094859","104.42140967213231","93683.82986744346","2385.0273502269665","25.458260551491392","82800.0","1687197600000.0","1687280400000.0"
"dc97c9ba-682a-4441-a050-b084164eacdb","SupertrendTrendTypeStrategy","BTC-USDT","Bybit Perpetual","long","27363.3","28147.299999999996","3.5108651813805505","107.18962800564876","96068.85721767042","2645.32867419669","27.53575665215805","14400.0","1687280400000.0","1687294800000.0"
"4c4f5f07-3258-4156-aef6-429c0935c82b","SupertrendTrendTypeStrategy","BTC-USDT","Bybit Perpetual","long","28147.3","28969.6","3.5070570140605715","110.17172362151794","98714.18589186712","2773.681259040487","28.098101949387654","32400.0","1687294800000.0","1687327200000.0"
"35b57fc6-4cd9-4718-8807-8fae15e93d3e","SupertrendTrendTypeStrategy","BTC-USDT","Bybit Perpetual","long","28969.6","30163.1","3.5032540025028864","113.93627737459133","101487.86715090761","4067.197374612603","40.07570056196841","39600.0","1687327200000.0","1687366800000.0"
"48ff3066-631e-4ff6-9cc6-ed1b441ed089","SupertrendTrendTypeStrategy","BTC-USDT","Bybit Perpetual","long","30163.100000000002","29923.9","3.4994766627276443","115.65017982832379","105555.06452552021","-952.7249975527789","-9.025857753347658","118800.0","1687366800000.0","1687485600000.0"
"65be1552-e463-440d-aba0-887703a64831","SupertrendTrendTypeStrategy","BTC-USDT","Bybit Perpetual","long","31232.900000000005","30631.2","3.349107496517052","113.95423659140432","104602.33952796744","-2129.112217245729","-20.354346058163163","79200.0","1687536000000.0","1687615200000.0"
"3d4e3975-5561-45d3-bb7e-ac65174cc1b5","SupertrendTrendTypeStrategy","BTC-USDT","Bybit Perpetual","long","30795.5","30404.2","3.3275390011762016","112.00441373565576","102473.22731072172","-1414.0704248959012","-13.799413388319698","43200.0","1687878000000.0","1687921200000.0"
"5b147009-8c3c-4ab3-b079-aeaf7fd9fef2","SupertrendTrendTypeStrategy","BTC-USDT","Bybit Perpetual","long","30552.999999999996","30078.700000000004","3.3076672302499204","110.30221796238926","101059.15688582581","-1679.1287852699","-16.615305698294506","90000.0","1688047200000.0","1688137200000.0"
"f4a1f9cb-25c7-4bc2-bb8c-c5a2e0ad97d5","SupertrendTrendTypeStrategy","BTC-USDT","Bybit Perpetual","long","30746.7","31254.099999999995","3.23221770468232","110.22004590545717","99380.0281005559","1529.8072174503332","15.393507595936933","61200.0","1688353200000.0","1688414400000.0"
"8d1b342d-7594-4e5b-8a03-3b0c5208d4aa","SupertrendTrendTypeStrategy","BTC-USDT","Bybit Perpetual","long","31254.1","30959.3","3.2286911259004816","110.47731887065336","100909.83531800624","-1062.295462786113","-10.527174674682657","72000.0","1688414400000.0","1688486400000.0"
"4d5a6e92-5781-4f0b-bd82-9c5cf2e480f3","SupertrendTrendTypeStrategy","BTC-USDT","Bybit Perpetual","short","30310.0","30679.9","3.294211146658533","110.5024846274741","99847.53985522014","-1329.0311877764702","-13.310605245793516","64800.0","1688562000000.0","1688626800000.0"
"da762339-8d29-4e2a-af6c-a10bd2e030a0","SupertrendTrendTypeStrategy","BTC-USDT","Bybit Perpetual","long","30792.3","31325.5","3.1994527419986056","109.30863104530656","98518.50866744366","1596.6395709883523","16.20649350649353","3600.0","1688630400000.0","1688634000000.0"
"11e45c02-42dd-46f7-8bc5-91f4a1a7ed9d","SupertrendTrendTypeStrategy","BTC-USDT","Bybit Perpetual","long","31325.500000000004","30588.6","3.195963296305949","108.83135511809888","100115.14823843201","-2463.9367081659693","-24.61102791655377","14400.0","1688634000000.0","1688648400000.0"
"06ef2d26-d1a5-4e11-a5d4-a190ba075fd4","SupertrendTrendTypeStrategy","BTC-USDT","Bybit Perpetual","long","30588.6","30196.6","3.192405390579041","106.72805008108382","97651.21153026605","-1358.150963188068","-13.908183440889745","7200.0","1688648400000.0","1688655600000.0"
"0edde24f-1a46-48f1-be44-b03618c10646","SupertrendTrendTypeStrategy","BTC-USDT","Bybit Perpetual","short","30196.6","30395.6","3.188870951268619","106.27138854940213","96293.06056707798","-740.8567078518573","-7.693770490717498","86400.0","1688655600000.0","1688742000000.0"
"77380ad3-72b5-491b-bb18-60837e7f6abf","SupertrendTrendTypeStrategy","BTC-USDT","Bybit Perpetual","short","30176.4","30296.8","3.166454708289462","105.31710687593167","95552.20385922612","-486.55825375397603","-5.092067310878629","64800.0","1688936400000.0","1689001200000.0"
"5b8d9747-43a3-48ec-a6d6-b4c56d99f004","SupertrendTrendTypeStrategy","BTC-USDT","Bybit Perpetual","long","30519.3","30474.1","3.1149353230733383","104.49477287388774","95065.64560547213","-245.2898494768049","-2.5802154702106774","165600.0","1689015600000.0","1689181200000.0"
"f0e606c1-9f49-4f9c-93bc-6a3f27fa8253","SupertrendTrendTypeStrategy","BTC-USDT","Bybit Perpetual","short","30268.099999999995","30560.1","3.132682783392262","104.80550018660766","94820.35575599532","-1019.5488729371596","-10.7524261516251","54000.0","1689192000000.0","1689246000000.0"
"52103282-3085-4e9d-bd9c-464348dd7ac1","SupertrendTrendTypeStrategy","BTC-USDT","Bybit Perpetual","long","30915.4","30674.9","3.03411267145365","102.77955031774746","93800.80688305818","-832.4836478023503","-8.875015849705973","93600.0","1689264000000.0","1689357600000.0"
"d3f6bbf8-ba4e-466b-b59f-df47b719a8ae","SupertrendTrendTypeStrategy","BTC-USDT","Bybit Perpetual","short","30074.7","30388.599999999995","3.0912469030532583","102.79884388035904","92968.32323525583","-1073.1412467487587","-11.543084885302068","158400.0","1689361200000.0","1689519600000.0"
"089c0445-f193-488c-9332-2b1515dc699d","SupertrendTrendTypeStrategy","BTC-USDT","Bybit Perpetual","short","30255.0","29783.899999999998","3.0373552136343434","100.29770626472904","91895.18198850706","1330.6003348784168","14.479544042307127","79200.0","1689541200000.0","1689620400000.0"
"51f113eb-4240-4898-b830-7c7935af608e","SupertrendTrendTypeStrategy","BTC-USDT","Bybit Perpetual","short","29783.9","30010.0","3.1300730368885694","102.93760078822629","93225.78232338547","-810.6471144287273","-8.695524931254756","115200.0","1689620400000.0","1689735600000.0"
"49167879-0771-4571-ab45-daabc72b2f5c","SupertrendTrendTypeStrategy","BTC-USDT","Bybit Perpetual","short","29810.900000000005","30067.300000000003","3.100045124734803","102.09381709334252","92415.13520895675","-896.9453870753392","-9.705611370337621","14400.0","1689778800000.0","1689793200000.0"
"e8e3747c-192b-489c-9551-c7f243d2b7cc","SupertrendTrendTypeStrategy","BTC-USDT","Bybit Perpetual","short","29792.8","29912.2","3.0718223806383227","100.87173537980608","91518.18982188142","-467.6473276280263","-5.109883931688241","93600.0","1689868800000.0","1689962400000.0"
"4af0e5f1-342a-45e4-88a1-0ebcbbcaef34","SupertrendTrendTypeStrategy","BTC-USDT","Bybit Perpetual","short","29874.1","29910.6","3.0478087204050803","100.21678150374089","91050.5424942534","-211.46179979852633","-2.3224661161340427","10800.0","1690081200000.0","1690092000000.0"
"96a2489c-d863-4430-8c34-0efa4da3b737","SupertrendTrendTypeStrategy","BTC-USDT","Bybit Perpetual","long","30110.100000000002","29785.0","3.0168973432321673","99.38355243444374","90839.08069445488","-1080.176878719228","-11.89110315143431","32400.0","1690135200000.0","1690167600000.0"
"33edcc53-c71f-43ae-856f-5c4442dcb3ca","SupertrendTrendTypeStrategy","BTC-USDT","Bybit Perpetual","short","29785.0","29162.000000000004","3.013560645148083","97.70219764224925","89758.90381573566","1779.7460842849955","19.828072855464036","25200.0","1690167600000.0","1690192800000.0"
"6c28615e-bf1b-4a7b-9598-f02279881f0f","SupertrendTrendTypeStrategy","BTC-USDT","Bybit Perpetual","short","29162.0","29260.400000000005","3.138970231809226","100.86239595896825","91538.64990002065","-409.7370667690121","-4.476110006172592","115200.0","1690192800000.0","1690308000000.0"
"d3a9f44f-6c2d-473f-9f37-eb6e21b50da3","SupertrendTrendTypeStrategy","BTC-USDT","Bybit Perpetual","short","29187.2","29449.7","3.1222218244042477","100.69257489247519","91128.91283325166","-920.2758037985902","-10.09861497505756","18000.0","1690747200000.0","1690765200000.0"
"52fd5a2c-cd0b-4e19-9c36-dc948df64fe9","SupertrendTrendTypeStrategy","BTC-USDT","Bybit Perpetual","short","29215.1","28820.1","3.0877401422364823","98.55868918649749","90208.63702945305","1121.098666996913","12.4278417667576","39600.0","1690822800000.0","1690862400000.0"
"f1bb113d-109b-47d3-adb3-747c932d5714","SupertrendTrendTypeStrategy","BTC-USDT","Bybit Perpetual","short","28820.1","29261.5","3.1689597085523635","101.23203761454022","91329.73569644996","-1500.010852969558","-16.42412344162586","54000.0","1690862400000.0","1690916400000.0"
"76490bfc-9162-40b4-bd0a-8638c3119eca","SupertrendTrendTypeStrategy","BTC-USDT","Bybit Perpetual","long","29701.2","29262.999999999996","3.024447660144385","98.08377519725705","89829.7248434804","-1423.3967398725397","-15.845498161690585","54000.0","1690934400000.0","1690988400000.0"
"51ea22f1-115b-4ecb-91fe-7814a4484416","SupertrendTrendTypeStrategy","BTC-USDT","Bybit Perpetual","short","29014.2","29380.1","3.047002092203399","97.86015485001414","88406.32810360787","-1212.7582203872312","-13.71800239193215","79200.0","1690995600000.0","1691074800000.0"
"82743e31-a234-402a-be63-57a456c72f33","SupertrendTrendTypeStrategy","BTC-USDT","Bybit Perpetual","short","29048.1","29091.9","3.0016961482238305","95.98523773175343","87193.56988322064","-227.45952902396596","-2.608673200656942","126000.0","1691175600000.0","1691301600000.0"
"ac2ddbc6-3d35-478e-84d9-74ce44d1d17c","SupertrendTrendTypeStrategy","BTC-USDT","Bybit Perpetual","short","29078.6","29076.0","2.9907254941502237","95.65844465215973","86966.11035419669","-87.8825583673735","-1.010537990137127","7200.0","1691341200000.0","1691348400000.0"
"a5e5b907-cc31-4403-bf85-f127ac3f6caa","SupertrendTrendTypeStrategy","BTC-USDT","Bybit Perpetual","short","28853.2","29186.499999999996","3.0110430661357945","96.11801993508092","86878.22779582931","-1099.6986738781281","-12.657931702549305","18000.0","1691424000000.0","1691442000000.0"
"a04b6128-8b03-40d2-a621-ffc19bac2ed8","SupertrendTrendTypeStrategy","BTC-USDT","Bybit Perpetual","long","29253.900000000005","29561.1","2.9322083251105377","94.85180795275696","85778.52912195117","805.9225895211811","9.39538830719984","43200.0","1691456400000.0","1691499600000.0"
"4cf53bd5-ac14-42e4-88d1-f86777be9a44","SupertrendTrendTypeStrategy","BTC-USDT","Bybit Perpetual","long","29561.1","30064.600000000002","2.9289996553400366","96.05401011217464","86584.45171147236","1378.6973163515445","15.92315120208665","86400.0","1691499600000.0","1691586000000.0"
"980c1a20-e97f-4619-babc-5cf6a05f4808","SupertrendTrendTypeStrategy","BTC-USDT","Bybit Perpetual","long","29745.0","29501.400000000005","2.9572415205185374","96.36325271168722","87963.14902782389","-816.7472871099878","-9.285107413010419","10800.0","1691593200000.0","1691604000000.0"
"67373485-b74a-408f-a95e-eb73f8993ebf","SupertrendTrendTypeStrategy","BTC-USDT","Bybit Perpetual","short","29347.799999999996","29423.0","2.969435587700403","95.98385777069255","87146.40174071387","-319.28541396577583","-3.6637819529915148","64800.0","1691773200000.0","1691838000000.0"
"929fac40-6ac0-40e7-b932-5f86e7f19888","SupertrendTrendTypeStrategy","BTC-USDT","Bybit Perpetual","long","29426.1","29359.999999999996","2.950683791829298","95.40255585017096","86827.1163267481","-290.442754490094","-3.345069683036562","7200.0","1691956800000.0","1691964000000.0"
"fbbe8793-e456-4351-8f80-81dc70c81f35","SupertrendTrendTypeStrategy","BTC-USDT","Bybit Perpetual","short","29307.0","29436.0","2.952764649136999","95.3998395813401","86536.67357225803","-476.30647932001295","-5.504099703142593","25200.0","1691967600000.0","1691992800000.0"
"ccc8d4b4-72df-4337-8864-3274ffc0017f","SupertrendTrendTypeStrategy","BTC-USDT","Bybit Perpetual","long","29523.700000000004","29390.3","2.914958731220613","94.45253328012217","86060.36709293802","-483.30802802496675","-5.615918736472904","25200.0","1692025200000.0","1692050400000.0"
"3979ad55-cfbb-410c-bb5f-2f4572c16bab","SupertrendTrendTypeStrategy","BTC-USDT","Bybit Perpetual","short","29372.3","29130.0","2.9135293819317205","93.74649347832127","85577.05906491308","612.2016757637325","7.1538059668462886","97200.0","1692068400000.0","1692165600000.0"
"730ce100-fa7c-45bd-94a4-dc1523c8759b","SupertrendTrendTypeStrategy","BTC-USDT","Bybit Perpetual","short","29077.6","28714.4","2.964111919163783","94.21607581777234","86189.26074067681","982.349373222505","11.397584394860552","36000.0","1692194400000.0","1692230400000.0"
"b2f8ad0c-0884-4495-8122-1b6a4d082c81","SupertrendTrendTypeStrategy","BTC-USDT","Bybit Perpetual","short","28714.4","27920.9","3.035815135050682","94.56386550497476","87171.61011389931","2314.3554441577417","26.549417191374364","57600.0","1692230400000.0","1692288000000.0"
"50f22543-1b65-4d73-ba48-2afae074283e","SupertrendTrendTypeStrategy","BTC-USDT","Bybit Perpetual","short","27920.9","26249.9","3.204981413853316","95.48902394546087","89485.96555805705","5260.034918603431","58.78055721699516","21600.0","1692288000000.0","1692309600000.0"
"baa07aa1-6967-4366-939f-b78956e3826c","SupertrendTrendTypeStrategy","BTC-USDT","Bybit Perpetual","short","26249.9","26240.1","3.6093851967687685","104.20114593811596","94746.0004766605","-68.82917100977153","-0.726459910323357","154800.0","1692309600000.0","1692464400000.0"
"a0d525bf-d643-4b99-b296-38c4d44efa88","SupertrendTrendTypeStrategy","BTC-USDT","Bybit Perpetual","short","26020.7","26182.0","3.63853283369205","104.4676808765568","94677.17130565073","-691.3630269510818","-7.302320268094219","36000.0","1692619200000.0","1692655200000.0"
"4d2a79a5-ee89-44e0-b19f-24c4b4d41e1b","SupertrendTrendTypeStrategy","BTC-USDT","Bybit Perpetual","short","26008.2","26027.8","3.613699074857147","103.42334478259659","93985.80827869965","-174.25184664979142","-1.8540229619888553","36000.0","1692723600000.0","1692759600000.0"
"40d433c0-f81e-49fd-b1e9-db3c280b987e","SupertrendTrendTypeStrategy","BTC-USDT","Bybit Perpetual","short","26046.4","26063.2","3.6017091203410017","103.22599186752682","93811.55643204987","-163.73470508925303","-1.7453575158178969","118800.0","1692900000000.0","1693018800000.0"
"d809e3b5-0d22-46ef-8751-c79507cd69e2","SupertrendTrendTypeStrategy","BTC-USDT","Bybit Perpetual","short","26009.3","26087.0","3.600551407648826","103.16647346406256","93647.82172696061","-382.92931783837895","-4.089036037109831","46800.0","1693184400000.0","1693231200000.0"
"a948362e-4b95-4294-973a-95a64de4d3ec","SupertrendTrendTypeStrategy","BTC-USDT","Bybit Perpetual","long","27484.8","27192.0","3.393326217004389","102.04492039604807","93264.89240912223","-1095.6108367349307","-11.74730178134821","90000.0","1693321200000.0","1693411200000.0"
"233275ba-d079-4c9d-b2b2-19932a5f8d40","SupertrendTrendTypeStrategy","BTC-USDT","Bybit Perpetual","short","26223.3","25705.0","3.5147857658032096","100.38426732529734","92169.2815723873","1721.3291950905036","18.675736272704018","79200.0","1693501200000.0","1693580400000.0"
"ee19b9c7-8083-4c89-9505-d0d33bd4a8b7","SupertrendTrendTypeStrategy","BTC-USDT","Bybit Perpetual","short","25467.2","25819.999999999996","3.6867268787883165","103.99504432778568","93890.61076747782","-1404.6722871642878","-14.960732235973948","61200.0","1693591200000.0","1693652400000.0"
"e8a51197-23ac-434f-9248-65b9efa652b9","SupertrendTrendTypeStrategy","BTC-USDT","Bybit Perpetual","short","25664.1","25793.0","3.603708623342082","101.99001725119672","92485.93848031352","-566.5080587999963","-6.125342599195041","97200.0","1693864800000.0","1693962000000.0"
"5007119e-6356-473f-98d2-c49326a79103","SupertrendTrendTypeStrategy","BTC-USDT","Bybit Perpetual","short","25576.3","25747.4","3.593929943796152","101.44958024102581","91919.43042151352","-716.3709936245554","-7.793466412264566","28800.0","1694016000000.0","1694044800000.0"
"f51f7c65-a7c2-4cf9-83a3-d648e20ed37e","SupertrendTrendTypeStrategy","BTC-USDT","Bybit Perpetual","long","25991.5","25828.9","3.508957137059768","100.0095593339106","91203.05942788896","-670.5659898198238","-7.3524506088528385","54000.0","1694120400000.0","1694174400000.0"
"6e675396-d351-4fae-88a5-7daee9e97eac","SupertrendTrendTypeStrategy","BTC-USDT","Bybit Perpetual","short","25828.9","25899.1","3.50508513479355","99.72107411893042","90532.49343806913","-345.7780505814274","-3.819380616286295","126000.0","1694174400000.0","1694300400000.0"
"1b15afd5-0a82-4929-8222-b6cc81b6e73c","SupertrendTrendTypeStrategy","BTC-USDT","Bybit Perpetual","short","25764.1","25838.3","3.5004799464172125","99.34824151284977","90186.7153874877","-359.0838535370095","-3.981560388292265","25200.0","1694361600000.0","1694386800000.0"
"8b04964a-68bc-432d-9f42-7059fbd849e7","SupertrendTrendTypeStrategy","BTC-USDT","Bybit Perpetual","short","25715.6","25829.6","3.49311824472113","99.02941320128977","89827.63153395068","-497.24489309949854","-5.535544961035325","21600.0","1694394000000.0","1694415600000.0"
"3a4b01c8-2853-4661-8e13-24420edefd08","SupertrendTrendTypeStrategy","BTC-USDT","Bybit Perpetual","short","25727.3","25138.9","3.4722021603841515","97.1397512417928","89330.38664085118","1945.9039999282345","21.783225989513003","18000.0","1694426400000.0","1694444400000.0"
"1bafff36-32db-486e-973b-da5ad668d53e","SupertrendTrendTypeStrategy","BTC-USDT","Bybit Perpetual","short","25138.9","25788.200000000004","3.630878464880302","101.70056086784311","91276.29064077942","-2459.2299481146338","-26.942702544661973","46800.0","1694444400000.0","1694491200000.0"
"f2477de5-9e1b-454b-a426-2c683843402f","SupertrendTrendTypeStrategy","BTC-USDT","Bybit Perpetual","long","25810.2","26514.0","3.4411612731658336","99.03080587916105","88817.0606926648","2322.85849817495","26.15329172187737","147600.0","1694505600000.0","1694653200000.0"
"066bf918-f08e-417d-a35f-bf9c0f0a9448","SupertrendTrendTypeStrategy","BTC-USDT","Bybit Perpetual","long","26162.3","26717.9","3.4836355821483496","101.31844047111665","91139.91919083976","1834.189488970514","20.12498480638179","46800.0","1694656800000.0","1694703600000.0"
"016588df-3353-4d4c-8d73-a4728dd97b36","SupertrendTrendTypeStrategy","BTC-USDT","Bybit Perpetual","long","26717.9","26352.399999999998","3.479843426310087","101.57198402301732","92974.10867981028","-1373.454756339367","-14.772443380655053","79200.0","1694703600000.0","1694782800000.0"
"d0d49635-b4d8-43e1-8622-a008c9492725","SupertrendTrendTypeStrategy","BTC-USDT","Bybit Perpetual","long","26764.3","26487.0","3.4224939162791825","100.23873765617671","91600.65392347092","-1049.2963006403916","-11.45511801167971","39600.0","1694818800000.0","1694858400000.0"
"d39ab002-10b8-474c-942e-bd72877f33a5","SupertrendTrendTypeStrategy","BTC-USDT","Bybit Perpetual","long","26648.5","27116.7","3.397990792083251","100.48150999398294","90551.35762283052","1490.4577788593976","16.459805992832646","28800.0","1695006000000.0","1695034800000.0"
"ed01353b-f3c8-44a9-9f4c-40cb58b130ac","SupertrendTrendTypeStrategy","BTC-USDT","Bybit Perpetual","long","27116.7","26749.9","3.3942852707626634","100.56123383133526","92041.81540168992","-1345.5850711470778","-14.619280000885034","46800.0","1695034800000.0","1695081600000.0"
"2a3fe860-ffa4-48a4-b2a5-02f92cbfa5bd","SupertrendTrendTypeStrategy","BTC-USDT","Bybit Perpetual","long","27278.6","27012.1","3.324812502494367","99.27851897104401","90696.23033054284","-985.3410508857929","-10.86418969448579","72000.0","1695117600000.0","1695189600000.0"
"de836d86-7889-4749-8fef-c9499aee7a1f","SupertrendTrendTypeStrategy","BTC-USDT","Bybit Perpetual","short","26408.2","26567.500000000004","3.397084590379391","98.97961377400884","89710.88927965704","-640.1351890214557","-7.13553498534557","180000.0","1695304800000.0","1695484800000.0"
"927920d8-260d-4784-9c36-4b737a340524","SupertrendTrendTypeStrategy","BTC-USDT","Bybit Perpetual","long","26661.3","26432.5","3.34082561955477","97.55742000373438","89070.75409063559","-861.9383217578633","-9.677007122683413","7200.0","1695578400000.0","1695585600000.0"
"9435f707-3645-4776-996e-b2888a182e36","SupertrendTrendTypeStrategy","BTC-USDT","Bybit Perpetual","short","26432.5","26049.9","3.3371348063511856","96.32746406846502","88208.81576887771","1180.4603128414938","13.382566159084405","50400.0","1695585600000.0","1695636000000.0"
"0df888d6-2f46-4187-b6ef-5e50e7d0ebf1","SupertrendTrendTypeStrategy","BTC-USDT","Bybit Perpetual","short","26049.9","26316.2","3.4314633100978966","98.83079296360461","89389.2760817192","-1012.629472442672","-11.328310473360714","32400.0","1695636000000.0","1695668400000.0"
"b41008d6-6977-41e9-b293-4e7b868dff1b","SupertrendTrendTypeStrategy","BTC-USDT","Bybit Perpetual","short","26156.7","26266.9","3.378738396253217","97.41909660440109","88376.64660927653","-469.7560678715081","-5.315386879843433","21600.0","1695765600000.0","1695787200000.0"
"04204e04-f3bd-49b0-897f-a904f5b409ea","SupertrendTrendTypeStrategy","BTC-USDT","Bybit Perpetual","long","26755.8","26184.0","3.285526522899895","95.66431435935873","87906.89054140501","-1974.3283801535163","-22.459313120893388","10800.0","1695816000000.0","1695826800000.0"
"9f497b7a-c6ac-4a13-8248-0bffc5b47445","SupertrendTrendTypeStrategy","BTC-USDT","Bybit Perpetual","short","26220.2","26429.3","3.277341979132557","94.90272909168678","85932.56216125148","-780.1949369282996","-9.079153667782798","25200.0","1695837600000.0","1695862800000.0"
"9a90c32d-c24d-427b-a911-8fe184bb18bf","SupertrendTrendTypeStrategy","BTC-USDT","Bybit Perpetual","long","26780.0","26864.500000000004","3.179700045717819","93.81538050638025","85152.36722432318","174.86927335678703","2.053604368932175","93600.0","1695913200000.0","1696006800000.0"
"a6687597-9a20-4a35-9480-de094f8bc21b","SupertrendTrendTypeStrategy","BTC-USDT","Bybit Perpetual","long","27195.5","27989.7","3.137549833526869","95.23047329023083","85327.23649767996","2396.6116044968107","28.0872990016731","43200.0","1696158000000.0","1696201200000.0"
"2a793665-3f92-4614-84bc-d1c75f3b9154","SupertrendTrendTypeStrategy","BTC-USDT","Bybit Perpetual","long","27989.7","28540.0","3.1341474936200373","97.44482966355095","87723.84810217677","1627.2765360755532","18.54999035359433","54000.0","1696201200000.0","1696255200000.0"
"7e3cef1c-52f6-4dd0-8417-d481b051bef2","SupertrendTrendTypeStrategy","BTC-USDT","Bybit Perpetual","long","28540.0","27789.8","3.130733168824539","96.99446528928888","89351.12463825234","-2445.67048854146","-27.371457252978303","18000.0","1696255200000.0","1696273200000.0"
"05b556bc-c7c2-42f9-9e50-96402ab4edf5","SupertrendTrendTypeStrategy","BTC-USDT","Bybit Perpetual","long","27740.5","27433.500000000004","3.132800567751514","95.06702618881712","86905.45414971087","-1056.8368004885206","-12.16076494655815","64800.0","1696460400000.0","1696525200000.0"
"2b60004e-ec80-4fa1-8f72-9a52d102fad4","SupertrendTrendTypeStrategy","BTC-USDT","Bybit Perpetual","short","27238.6","27654.7","3.1517264965608494","95.15476745151503","85848.61734922235","-1406.5881626704913","-16.384517376076676","7200.0","1696597200000.0","1696604400000.0"
"3a742ffe-0784-4aac-a3d4-4edc2a67bd11","SupertrendTrendTypeStrategy","BTC-USDT","Bybit Perpetual","long","28030.2","27892.4","3.012537519766247","92.65791188658396","84442.02918655185","-507.7855821103706","-6.013422308795489","122400.0","1696629600000.0","1696752000000.0"
"a33732ce-4925-4e01-879a-12aeca44e183","SupertrendTrendTypeStrategy","BTC-USDT","Bybit Perpetual","short","27531.0","27634.9","3.0487175767113976","92.50188693080682","83934.2436044415","-409.2636431511255","-4.876003232719533","79200.0","1696845600000.0","1696924800000.0"
"e6c0d959-476b-4b4a-b3b0-b7a3b4266123","SupertrendTrendTypeStrategy","BTC-USDT","Bybit Perpetual","short","27427.100000000002","27000.7","3.0453449311553302","91.16328366416485","83524.97996129036","1207.3717949804723","14.455218014299778","46800.0","1696950000000.0","1696996800000.0"
"298c5bfc-2317-4e71-bef9-e41281ddb10d","SupertrendTrendTypeStrategy","BTC-USDT","Bybit Perpetual","short","27000.7","26795.3","3.1381538906869384","92.85106968686699","84732.35175627081","551.7257394602348","6.511394149040635","169200.0","1696996800000.0","1697166000000.0"
"26efe2ea-d0de-47c1-8c2d-d587ef1047d4","SupertrendTrendTypeStrategy","BTC-USDT","Bybit Perpetual","long","27193.9","27903.399999999998","3.1361473527420136","95.0362883460279","85284.07749573105","2130.0602584244193","24.976060256160252","32400.0","1697403600000.0","1697436000000.0"
"232d207c-3012-4131-a385-38a738f4fc66","SupertrendTrendTypeStrategy","BTC-USDT","Bybit Perpetual","long","27903.4","28566.7","3.1327414492196457","97.29842260136809","87414.13775415547","1980.6489806660206","22.658222474680475","126000.0","1697436000000.0","1697562000000.0"
"f8769389-70a2-49cb-a62c-29e5475488c3","SupertrendTrendTypeStrategy","BTC-USDT","Bybit Perpetual","long","28246.2","28327.3","3.164842942938218","98.47543322777341","89394.7867348215","158.19332944451145","1.7696035218896182","7200.0","1697623200000.0","1697630400000.0"
"1862dc14-e613-4bd2-a258-bf62a28ecf0e","SupertrendTrendTypeStrategy","BTC-USDT","Bybit Perpetual","long","28665.6","29307.0","3.12405740902915","99.61035180287581","89552.980064266","1904.1600703484257","21.262944783992015","50400.0","1697727600000.0","1697778000000.0"
"f280c7a1-a2f5-4515-9f46-09e15022c708","SupertrendTrendTypeStrategy","BTC-USDT","Bybit Perpetual","long","29307.0","29829.7","3.1206585503331774","101.49999667141842","91457.14013461443","1529.6682275877358","16.725520012283784","104400.0","1697778000000.0","1697882400000.0"
"87b51323-f3e0-4de5-8d07-5f565473283b","SupertrendTrendTypeStrategy","BTC-USDT","Bybit Perpetual","long","30195.0","29882.0","3.0795432476304736","101.75534582834278","92986.80836220215","-1065.652382336681","-11.460253353204171","64800.0","1697914800000.0","1697979600000.0"
"a98af6f7-2b30-42c9-9599-e2756cbeb57f","SupertrendTrendTypeStrategy","BTC-USDT","Bybit Perpetual","long","30336.6","31197.5","3.030041467397977","102.54798106245762","91921.15597986546","2506.0147182204655","27.26265451632686","54000.0","1698026400000.0","1698080400000.0"
"d48dadac-a6f0-4b91-a893-c9c31fa6a75a","SupertrendTrendTypeStrategy","BTC-USDT","Bybit Perpetual","long","31197.5","33358.8","3.0267544097471246","107.46783613607707","94427.17069808592","6434.256469650391","68.13988412533064","21600.0","1698080400000.0","1698102000000.0"
"a1cf18c0-72e1-42c4-aeb8-67d1fcf09f95","SupertrendTrendTypeStrategy","BTC-USDT","Bybit Perpetual","long","33358.8","34765.4","3.023532835945427","113.2866655923824","100861.42716773631","4139.614621448451","41.042594158063196","144000.0","1698102000000.0","1698246000000.0"
"5e67d072-babd-498a-b7d4-b472401cb50a","SupertrendTrendTypeStrategy","BTC-USDT","Bybit Perpetual","long","34393.9","34324.2","3.052897222739636","115.3841131530695","105001.04178918476","-328.1710495780354","-3.125407557735655","54000.0","1698588000000.0","1698642000000.0"
"80282f38-2212-49ff-bf2d-7adb4357baa7","SupertrendTrendTypeStrategy","BTC-USDT","Bybit Perpetual","long","34537.4","34318.9","3.0307107871353005","114.77594214472343","104672.87073960673","-776.9862491337866","-7.422995506320684","32400.0","1698660000000.0","1698692400000.0"
"ca86918c-dad0-4e88-8629-5bee5aedeb34","SupertrendTrendTypeStrategy","BTC-USDT","Bybit Perpetual","long","34541.9","34361.0","3.0078219348233004","113.98620969611503","103895.88449047296","-658.1011977056544","-6.334237404427707","18000.0","1698703200000.0","1698721200000.0"
"bc88760e-a086-471f-adcf-8d6c0d404d4e","SupertrendTrendTypeStrategy","BTC-USDT","Bybit Perpetual","long","34491.6","34364.9","2.993128277399927","113.35298547803345","103237.78329276732","-492.58233822459545","-4.771337803986973","39600.0","1698778800000.0","1698818400000.0"
"8353d9f5-7574-440e-bbb7-c2978f91a3d9","SupertrendTrendTypeStrategy","BTC-USDT","Bybit Perpetual","long","34612.7","34184.6","2.968424912085527","112.32079056232189","102745.2009545427","-1383.1034954261315","-13.461490002224574","3600.0","1698847200000.0","1698850800000.0"
"8949be28-12e4-4b9f-867f-9078d87815aa","SupertrendTrendTypeStrategy","BTC-USDT","Bybit Perpetual","long","34579.3","35493.7","2.931294082272243","112.9725136248846","101362.09745911659","2567.4027952048377","25.329021987142426","7200.0","1698865200000.0","1698872400000.0"
"4fabab0f-17ba-4bbd-b0fa-6ee91a492be6","SupertrendTrendTypeStrategy","BTC-USDT","Bybit Perpetual","long","35493.7","34645.2","2.928111193094026","112.95597398871641","103929.50025432142","-2597.4583213289975","-24.99250275400987","68400.0","1698872400000.0","1698940800000.0"
"4ebad7db-339a-434a-a755-726fda19c7d9","SupertrendTrendTypeStrategy","BTC-USDT","Bybit Perpetual","long","35292.1","34893.9","2.871238660578215","110.83641614723845","101332.04193299242","-1254.1636507894755","-12.376772705506252","43200.0","1699156800000.0","1699200000000.0"
"79a2293d-829e-4519-8f43-cdbc35af9a61","SupertrendTrendTypeStrategy","BTC-USDT","Bybit Perpetual","long","35083.9","34652.8","2.8525300289364335","109.40931697791228","100077.87828220295","-1339.1350124524047","-13.38092928665281","14400.0","1699207200000.0","1699221600000.0"
"fd004e17-1f0c-4496-9c10-a5fa7bcea043","SupertrendTrendTypeStrategy","BTC-USDT","Bybit Perpetual","long","35398.8","36455.5","2.7893245892445657","110.2337312081257","98738.74326975054","2837.2455622465986","28.73487618224338","118800.0","1699383600000.0","1699502400000.0"
"db02ad51-76c6-4d35-b028-8ba278ad55d9","SupertrendTrendTypeStrategy","BTC-USDT","Bybit Perpetual","long","36455.5","37922.4","2.786300800482702","113.98156126952232","101575.98883199715","3973.2430829585574","39.11596754947817","39600.0","1699502400000.0","1699542000000.0"
"9af396b5-e00e-44ce-a581-92a0433d2573","SupertrendTrendTypeStrategy","BTC-USDT","Bybit Perpetual","long","37922.4","36513.4","2.783295147853398","113.94724053162227","105549.2319149557","-4035.61010385706","-38.23438627302069","36000.0","1699542000000.0","1699578000000.0"
"548669ee-58b0-4b35-8b8d-12aed0f6c360","SupertrendTrendTypeStrategy","BTC-USDT","Bybit Perpetual","long","37213.6","36941.3","2.7278635179369544","111.25644551244469","101513.62181109864","-854.0536814466655","-8.413192891845874","7200.0","1699840800000.0","1699848000000.0"
"cfcb5991-d273-4055-9a32-b1fb8b9d15fc","SupertrendTrendTypeStrategy","BTC-USDT","Bybit Perpetual","short","36270.3","36254.4","2.7752615260875144","110.70125528057154","100659.56812965198","-66.57459701577602","-0.6613836940967829","126000.0","1699923600000.0","1700049600000.0"
"b751bcc6-4bbd-4173-bee3-5c4d0e36328a","SupertrendTrendTypeStrategy","BTC-USDT","Bybit Perpetual","long","37413.9","36725.5","2.6886529747670305","109.63431509659354","100592.9935326362","-1960.5030229262213","-19.48945899785912","72000.0","1700074800000.0","1700146800000.0"
"f477f294-a0a5-4587-9779-f0e7ec4afeed","SupertrendTrendTypeStrategy","BTC-USDT","Bybit Perpetual","short","36423.1","36554.5","2.7079652887785497","108.69144421210102","98632.49050970998","-464.5180831576064","-4.709584851371834","111600.0","1700150400000.0","1700262000000.0"
"6e46f5f1-4208-4fba-a90d-bd1219092120","SupertrendTrendTypeStrategy","BTC-USDT","Bybit Perpetual","long","36851.8","37189.5","2.6638582763000005","108.47954138615619","98167.97242655237","791.1053985203463","8.058691434339627","147600.0","1700420400000.0","1700568000000.0"
"e9450c08-f0d5-4803-b3a1-2969f5fe8505","SupertrendTrendTypeStrategy","BTC-USDT","Bybit Perpetual","short","36385.4","37201.7","2.719746871686795","110.07605676182685","98959.07782507272","-2330.2054281197456","-23.547161911096087","72000.0","1700607600000.0","1700679600000.0"
"be9b0393-58d3-430c-92fc-9beaf1a5ee06","SupertrendTrendTypeStrategy","BTC-USDT","Bybit Perpetual","long","37629.8","36954.1","2.567881636281696","105.33744494474871","96628.87239695297","-1840.455066580302","-19.046637106761246","68400.0","1700686800000.0","1700755200000.0"
"907ea1db-8388-4771-a88f-1879c939dcd7","SupertrendTrendTypeStrategy","BTC-USDT","Bybit Perpetual","long","37749.7","37645.0","2.510971407199863","104.12266477492632","94788.41733037266","-367.02137110874463","-3.872006532502168","86400.0","1700827200000.0","1700913600000.0"
"4e6d8e18-8ec8-406a-ae93-b4cd8b31c813","SupertrendTrendTypeStrategy","BTC-USDT","Bybit Perpetual","short","37212.1","37190.6","2.5373842368279114","103.83353098658982","94421.39595926391","-49.27976989478972","-0.5219131680286788","118800.0","1701018000000.0","1701136800000.0"
"56748617-6fdf-4a0c-8882-ed1582ba3e63","SupertrendTrendTypeStrategy","BTC-USDT","Bybit Perpetual","long","37868.7","37752.1","2.492087560158366","103.64951023307307","94372.11618936912","-394.2269197475349","-4.1773665322548315","86400.0","1701190800000.0","1701277200000.0"
"c889ea5c-d304-4c8a-bc46-d0c51702cab0","SupertrendTrendTypeStrategy","BTC-USDT","Bybit Perpetual","long","38706.1","39416.4","2.4279865258866584","104.32420755271927","93977.88926962159","1620.274621784581","17.241019503385843","122400.0","1701424800000.0","1701547200000.0"
"dfcaf80d-504f-4469-a0c6-88269c688b9d","SupertrendTrendTypeStrategy","BTC-USDT","Bybit Perpetual","long","39416.4","40079.9","2.425339805040698","106.04304740890126","95598.16389140616","1503.1699132356018","15.723836651749018","97200.0","1701547200000.0","1701644400000.0"
"c8b620f1-2221-4d32-9e4c-48d4de59cd1f","SupertrendTrendTypeStrategy","BTC-USDT","Bybit Perpetual","long","40079.9","40915.1","2.4226940138234316","107.92435590729588","97101.33380464176","1915.509684438027","19.726914238807904","21600.0","1701644400000.0","1701666000000.0"
"93db1dd2-b263-453b-80d8-7cc7a2ea800d","SupertrendTrendTypeStrategy","BTC-USDT","Bybit Perpetual","long","40915.1","41991.3","2.420056250359398","110.35098333313802","99016.8434890798","2494.1135533036563","25.188780670217213","21600.0","1701666000000.0","1701687600000.0"
"a8d5bc15-649c-43c2-a222-cb49bf6ebd34","SupertrendTrendTypeStrategy","BTC-USDT","Bybit Perpetual","long","41991.3","43389.3","2.4174283016335156","113.52081336774782","101510.95704238345","3266.043952315907","32.17429967636153","111600.0","1701687600000.0","1701799200000.0"
"0d4b4af9-dcd3-47e2-8f58-e92b4cb6836e","SupertrendTrendTypeStrategy","BTC-USDT","Bybit Perpetual","long","43389.3","43602.8","2.4148119696491843","115.53826038970536","104777.00099469937","400.0240951303955","3.8178616617460976","140400.0","1701799200000.0","1701939600000.0"
"195bf3d3-42f2-4970-a4f0-288cfb4e8550","SupertrendTrendTypeStrategy","BTC-USDT","Bybit Perpetual","long","43993.7","43838.3","2.390729242819534","115.49039197042893","105177.02508982974","-487.0097163045706","-4.6303811682125895","75600.0","1702047600000.0","1702123200000.0"
"4f315a37-1d78-4edb-b82f-0c59345ec5d4","SupertrendTrendTypeStrategy","BTC-USDT","Bybit Perpetual","short","41962.2","41819.1","2.494864791968133","114.96265857742586","104690.01537352518","242.05249315321035","2.3120876646124024","111600.0","1702263600000.0","1702375200000.0"
"af177ae8-44e9-4804-b0c4-621f41c03d3a","SupertrendTrendTypeStrategy","BTC-USDT","Bybit Perpetual","short","40734.5","41459.6","2.575999898530199","116.45259629287958","104932.0678666784","-1984.3101227171232","-18.91042617437304","75600.0","1702404000000.0","1702479600000.0"
"5d5d49da-faba-4bc3-8ae6-a8061effed65","SupertrendTrendTypeStrategy","BTC-USDT","Bybit Perpetual","long","42746.8","42609.7","2.4083149555981094","113.06093452913052","102947.75774396127","-443.2409149416453","-4.305493627593313","122400.0","1702497600000.0","1702620000000.0"
"79c982a4-90cb-4d2e-8914-87640461db94","SupertrendTrendTypeStrategy","BTC-USDT","Bybit Perpetual","short","41890.8","42136.5","2.446945793086301","113.0856365316703","102504.51682901963","-714.3002178929673","-6.968475536394555","61200.0","1702782000000.0","1702843200000.0"
"5b68c15a-ea70-4625-8869-05d35afd700d","SupertrendTrendTypeStrategy","BTC-USDT","Bybit Perpetual","short","41741.2","41660.9","2.438603025574891","111.86153736961481","101790.21661112664","83.9582855840383","0.8248168476228673","72000.0","1702854000000.0","1702926000000.0"
"2de1a409-65f7-4a82-870d-a7c6d59b14dd","SupertrendTrendTypeStrategy","BTC-USDT","Bybit Perpetual","long","42643.1","41881.7","2.388995520886396","111.06115273210015","101874.17489671068","-1930.0423423350057","-18.945354348065724","72000.0","1702936800000.0","1703008800000.0"
"e87c83d1-e3ca-4576-9b69-131353e31244","SupertrendTrendTypeStrategy","BTC-USDT","Bybit Perpetual","short","41881.7","42841.0","2.3863437385391637","111.1976165614226","99944.13255437568","-2400.4171649420496","-24.01758966326589","39600.0","1703008800000.0","1703048400000.0"
"cd67ac14-9a63-48a3-b487-4ede94cc0768","SupertrendTrendTypeStrategy","BTC-USDT","Bybit Perpetual","long","43816.8","43623.1","2.226171591477096","107.06092173787897","97543.71538943364","-538.2703590070022","-5.518247453031813","108000.0","1703080800000.0","1703188800000.0"
"83009f69-9ea0-40b6-b79d-4f7f6f86c88e","SupertrendTrendTypeStrategy","BTC-USDT","Bybit Perpetual","long","44037.9","43638.4","2.2027718176940003","106.22198549582649","97005.44503042662","-986.2293266645796","-10.166741942735689","39600.0","1703196000000.0","1703235600000.0"
"64ab5dea-5615-426f-bc23-302df46eba45","SupertrendTrendTypeStrategy","BTC-USDT","Bybit Perpetual","short","42994.3","43700.1","2.233301058599908","106.48808241207614","96019.21570376203","-1682.7519695718815","-17.525158451236457","50400.0","1703458800000.0","1703509200000.0"
"70e30058-d1e7-476b-9bc4-d8e7dc30f54a","SupertrendTrendTypeStrategy","BTC-USDT","Bybit Perpetual","long","43723.2","42793.2","2.157583702340866","102.66650604386183","94336.46373419015","-2109.2193492208676","-22.3584737622132","54000.0","1703516400000.0","1703570400000.0"
"4bcbca7f-e427-44c7-9e0e-b2196f43ee66","SupertrendTrendTypeStrategy","BTC-USDT","Bybit Perpetual","short","42793.2","42775.1","2.155184571029259","101.42851396106164","92227.2443849693","-62.41967322543518","-0.6768029733696349","100800.0","1703570400000.0","1703671200000.0"
"cbe1b7a5-6461-4a6e-ae88-44c65ba92508","SupertrendTrendTypeStrategy","BTC-USDT","Bybit Perpetual","long","43120.0","43085.0","2.137403170494987","101.3401621718862","92164.82471174384","-176.14927313921075","-1.9112418831168831","61200.0","1703696400000.0","1703757600000.0"
"a5df4a9e-8803-44d6-9b2d-3e933095b396","SupertrendTrendTypeStrategy","BTC-USDT","Bybit Perpetual","short","42485.8","42908.9","2.1651628411988155","101.69138720142628","91988.67543860464","-1017.771785312642","-11.064098710627986","72000.0","1703779200000.0","1703851200000.0"
"e6a91b1d-be26-4bef-8671-d6b2ce3be242","SupertrendTrendTypeStrategy","BTC-USDT","Bybit Perpetual","short","42002.9","42410.3","2.165824351492206","100.55329028106006","90970.90365329199","-982.910131078988","-10.80466491599393","82800.0","1703869200000.0","1703952000000.0"
"58142246-18ef-4d00-b785-c18d0c931c84","SupertrendTrendTypeStrategy","BTC-USDT","Bybit Perpetual","long","42782.7","42314.0","2.103373408462136","98.44457476033392","89987.99352221302","-1084.295691306531","-12.049337348975103","50400.0","1704016800000.0","1704067200000.0"
"42ef2931-29ba-493e-98aa-f5de362f6bda","SupertrendTrendTypeStrategy","BTC-USDT","Bybit Perpetual","long","43556.2","45179.8","2.0411261274148456","99.61675242325606","88903.69783090649","3214.355628047499","36.15547729140756","18000.0","1704139200000.0","1704157200000.0"
"4cc0e150-cdd5-4537-8bd6-3afe6240b0c9","SupertrendTrendTypeStrategy","BTC-USDT","Bybit Perpetual","long","45179.8","43728.9","2.038921231589206","99.70280985664738","92118.053458954","-3057.973624769429","-33.19624666333188","126000.0","1704157200000.0","1704283200000.0"
"2618c65a-2b34-41f5-bc0a-e82f26fd0c06","SupertrendTrendTypeStrategy","BTC-USDT","Bybit Perpetual","short","42795.8","43674.0","2.0810472016923285","98.97125442649242","89060.07983418455","-1926.5469069526891","-21.631991690773326","93600.0","1704286800000.0","1704380400000.0"
"c21fd90a-5ae6-4847-a4f0-0652ee912741","SupertrendTrendTypeStrategy","BTC-USDT","Bybit Perpetual","long","44116.7","43589.3","1.975069144501558","95.2739779132095","87133.53292723188","-1136.9254447233197","-13.048081565484141","28800.0","1704402000000.0","1704430800000.0"
"5d15920b-6ea3-4db6-a762-ecb122393d75","SupertrendTrendTypeStrategy","BTC-USDT","Bybit Perpetual","long","44035.0","43916.9","1.9529148968436143","94.46941664363493","85996.60748250855","-325.10866596086294","-3.780482457136336","28800.0","1704643200000.0","1704672000000.0"
"fb406543-ea9f-46a7-b0e7-3d3d418507cb","SupertrendTrendTypeStrategy","BTC-USDT","Bybit Perpetual","short","43621.8","44637.2","1.9639606530805165","95.33546180412833","85671.49881654768","-2089.5411089420736","-24.390154693295422","39600.0","1704675600000.0","1704715200000.0"
"c9dde588-6165-4efc-b621-5d22e4da8204","SupertrendTrendTypeStrategy","BTC-USDT","Bybit Perpetual","long","44637.2","46970.2","1.8724731324457091","94.34281737826387","83581.9577076056","4274.137000617576","51.137076922387614","25200.0","1704715200000.0","1704740400000.0"
"b03b3d10-64fa-4b03-b814-ffbc8bfb0cff","SupertrendTrendTypeStrategy","BTC-USDT","Bybit Perpetual","long","46970.2","45450.2","1.8704645649416691","95.07799580275426","87856.09470822319","-2938.1841345140915","-33.443145228251105","97200.0","1704740400000.0","1704837600000.0"
"b9e7ea91-85e5-47ea-a1de-fe0090388ddc","SupertrendTrendTypeStrategy","BTC-USDT","Bybit Perpetual","long","46662.9","46156.5","1.8198163974744195","92.90284636805544","84917.91057370909","-1014.457870049104","-11.946335739956185","79200.0","1704931200000.0","1705010400000.0"
"546dd05c-bc3d-4f9b-9eb7-7d17cd8c1075","SupertrendTrendTypeStrategy","BTC-USDT","Bybit Perpetual","short","43661.2","42691.2","1.9216936937981544","91.26857438838466","83903.45270365998","1772.774308595825","21.128740849999545","115200.0","1705078800000.0","1705194000000.0"
"bbc9c68c-f583-4436-b052-af9cb278e25f","SupertrendTrendTypeStrategy","BTC-USDT","Bybit Perpetual","short","42514.7","42759.8","2.0152141967897177","94.51551066327963","85676.22701225581","-588.4445102964512","-6.868235574989494","46800.0","1705266000000.0","1705312800000.0"
"af4c13d2-1000-4353-9b23-e32a3beebf50","SupertrendTrendTypeStrategy","BTC-USDT","Bybit Perpetual","short","42204.1","43015.5","2.016102286317191","94.49628671947008","85087.78250195936","-1730.3616818372418","-20.33619435078586","14400.0","1705330800000.0","1705345200000.0"
"74a11086-b47f-4d91-be4f-23e2647e67c8","SupertrendTrendTypeStrategy","BTC-USDT","Bybit Perpetual","short","42591.7","42919.5","1.9571282860304267","92.04601356082276","83357.42082012212","-733.5926657216023","-8.80056818582031","7200.0","1705370400000.0","1705377600000.0"
"fd1825e4-a57c-4513-a9e4-3804b7a7fcaf","SupertrendTrendTypeStrategy","BTC-USDT","Bybit Perpetual","short","41953.9","40973.4","1.9693956498537804","89.82416513076568","82623.82815440051","1841.168269550866","22.283744419469944","79200.0","1705597200000.0","1705676400000.0"
"2cca326f-2117-497a-bd86-0f4dddb81bbd","SupertrendTrendTypeStrategy","BTC-USDT","Bybit Perpetual","short","40408.6","41810.6","2.0902727742102267","94.52330540254002","84464.99642395136","-3025.0857348452782","-35.81466717480933","7200.0","1705683600000.0","1705690800000.0"
"3075533a-fc6e-4256-a194-e97551fd7b93","SupertrendTrendTypeStrategy","BTC-USDT","Bybit Perpetual","short","41363.9","39812.5","1.9688644129085042","87.90392882041425","81439.91068910608","2966.592321365842","36.42676295030211","64800.0","1705888800000.0","1705953600000.0"
"784b7326-1121-4194-8df3-dc4f7e541699","SupertrendTrendTypeStrategy","BTC-USDT","Bybit Perpetual","short","39812.5","40166.9","2.1201005465738634","93.26040331005731","84406.50301047193","-844.6240370158375","-10.006622794348544","104400.0","1705953600000.0","1706058000000.0"
"fd3df7cb-7766-4576-aa41-3b7403fc4cc7","SupertrendTrendTypeStrategy","BTC-USDT","Bybit Perpetual","long","41272.0","41896.4","2.02466270046172","92.61337653539428","83561.8789734561","1171.5860136329065","14.02058005427412","115200.0","1706270400000.0","1706385600000.0"
"504912ef-e263-4ce0-9bb9-5e3039b27ab0","SupertrendTrendTypeStrategy","BTC-USDT","Bybit Perpetual","long","42710.4","41952.6","1.9839070808769999","92.3799388535592","84733.46498708901","-1595.7847247421555","-18.832992666891506","50400.0","1706418000000.0","1706468400000.0"
"18f1b49f-f5e6-4298-be10-7ae4a669ceff","SupertrendTrendTypeStrategy","BTC-USDT","Bybit Perpetual","long","42623.2","43598.3","1.9505264800002549","92.49752539243809","83137.68026234685","1809.4608452558218","21.76462994331739","39600.0","1706544000000.0","1706583600000.0"
"c2ebb9a9-62fd-4a6c-8ef3-260faed5494c","SupertrendTrendTypeStrategy","BTC-USDT","Bybit Perpetual","long","43598.3","42918.3","1.9484048944019075","92.71315178785665","84947.14110760269","-1417.6284799811538","-16.68836009660927","75600.0","1706583600000.0","1706659200000.0"
"a2f54c62-0b86-43bb-9f1b-7acd15323c6b","SupertrendTrendTypeStrategy","BTC-USDT","Bybit Perpetual","long","43459.7","42472.8","1.9219992919330218","90.83921228471891","83529.51262762155","-1987.660313493407","-23.795904596672184","18000.0","1706720400000.0","1706738400000.0"
"d4f5e762-f9c2-4dc0-ba22-899019fee232","SupertrendTrendTypeStrategy","BTC-USDT","Bybit Perpetual","short","41969.9","42641.899999999994","1.942865060772795","90.41412047200257","81541.85231412813","-1396.0194413113068","-17.120281201527586","54000.0","1706752800000.0","1706806800000.0"
"73c43668-28c4-41be-88ab-ba7cf0681bda","SupertrendTrendTypeStrategy","BTC-USDT","Bybit Perpetual","long","42909.3","42787.9","1.8677963255708392","88.03570339944014","80145.83287281681","-314.7861773237427","-3.927667428739259","75600.0","1706810400000.0","1706886000000.0"
"8fa5ac1a-ea56-4fd0-a06d-694b731f9693","SupertrendTrendTypeStrategy","BTC-USDT","Bybit Perpetual","long","43193.5","42978.0","1.8482189842335786","87.5950912099361","79831.04669549307","-485.88628231227233","-6.086432565085024","68400.0","1706893200000.0","1706961600000.0"
"c3ad072c-c732-4fbb-bd10-62d4a41ee0c3","SupertrendTrendTypeStrategy","BTC-USDT","Bybit Perpetual","short","42554.2","43059.0","1.8645670794699654","87.79735485844293","79345.1604131808","-1029.0308165748868","-12.969043243675191","32400.0","1707087600000.0","1707120000000.0"
"7fb4ff71-f22c-47f2-bc7b-b89a449918e0","SupertrendTrendTypeStrategy","BTC-USDT","Bybit Perpetual","long","43180.8","42714.899999999994","1.81367945004738","85.68299626558911","78316.12959660591","-930.6762520426794","-11.883583328701846","21600.0","1707134400000.0","1707156000000.0"
"528a45b1-6130-443e-bb8a-4abd7c825f86","SupertrendTrendTypeStrategy","BTC-USDT","Bybit Perpetual","short","42419.6","42870.0","1.8242853149148799","85.57591063723028","77385.45334456324","-907.2340164748949","-11.72357306528118","39600.0","1707166800000.0","1707206400000.0"
"528a936e-6695-4cbe-a405-e89e593fe2f6","SupertrendTrendTypeStrategy","BTC-USDT","Bybit Perpetual","long","43232.0","42783.0","1.769018766841422","83.68918207642571","76478.21932808835","-877.9786083882242","-11.48011311065877","43200.0","1707235200000.0","1707278400000.0"
"df366b8a-f563-4b1e-8033-a5b87c2ca8d6","SupertrendTrendTypeStrategy","BTC-USDT","Bybit Perpetual","long","43057.8","44113.4","1.755785031276566","84.17963846512869","75600.24071970013","1769.2270405504119","23.402399565235534","18000.0","1707321600000.0","1707339600000.0"
"0674125a-0cb8-4931-bfb9-b016ef8d3b81","SupertrendTrendTypeStrategy","BTC-USDT","Bybit Perpetual","long","44113.4","44805.899999999994","1.7538767757699596","85.77442235324698","77369.46776025054","1128.7852448674373","14.589543880090691","50400.0","1707339600000.0","1707390000000.0"
"e83561f2-e924-4ced-813c-18e248fdaede","SupertrendTrendTypeStrategy","BTC-USDT","Bybit Perpetual","long","45406.3","46632.2","1.7287965107290837","87.51371070900632","78498.253005118","2031.8179317937675","25.883607010480798","61200.0","1707408000000.0","1707469200000.0"
"81b29446-33b4-41d4-a08c-9693331844f8","SupertrendTrendTypeStrategy","BTC-USDT","Bybit Perpetual","long","46632.2","47511.2","1.7269198308660487","89.41795742283512","80530.07093691175","1428.5445739084216","17.73926878851952","126000.0","1707469200000.0","1707595200000.0"
"d3587f37-0a66-468e-ad6e-69578c5df89a","SupertrendTrendTypeStrategy","BTC-USDT","Bybit Perpetual","long","47934.2","47887.0","1.7098150279095128","90.11009026377766","81958.61551082016","-170.81335958110168","-2.0841415941018537","129600.0","1707602400000.0","1707732000000.0"
"34f2cb40-cf66-405f-b2bc-a0e8737a9c16","SupertrendTrendTypeStrategy","BTC-USDT","Bybit Perpetual","long","48815.0","50177.6","1.6754645529292032","91.2222257662647","81787.80215123906","2191.765774055065","26.798198709413057","21600.0","1707750000000.0","1707771600000.0"
"5324d968-daee-443c-bf7e-345d5c02a6d9","SupertrendTrendTypeStrategy","BTC-USDT","Bybit Perpetual","long","50177.6","48711.2","1.6736465659037922","91.02769528949081","83979.56792529412","-2545.2630195308143","-30.308122349414912","64800.0","1707771600000.0","1707836400000.0"
"a3a3c16e-d629-4f0c-a5d1-7f94851d21c0","SupertrendTrendTypeStrategy","BTC-USDT","Bybit Perpetual","long","51568.3","51349.09999999999","1.579154342992949","89.3873525487484","81434.3049057633","-435.53798453282127","-5.348335508442427","129600.0","1707904800000.0","1708034400000.0"
"9f19a802-0430-40c8-a666-78bcde15d28a","SupertrendTrendTypeStrategy","BTC-USDT","Bybit Perpetual","long","52175.9","51809.1","1.5524172447668465","88.7854589583943","80998.7669212305","-658.2121043388781","-8.126199068918847","61200.0","1708300800000.0","1708362000000.0"
"0e44b41e-aac1-44e3-9187-130d939009a4","SupertrendTrendTypeStrategy","BTC-USDT","Bybit Perpetual","long","52890.0","51429.0","1.5190121916598907","87.15400805197248","80340.55481689161","-2306.430820067073","-28.708176403857067","10800.0","1708437600000.0","1708448400000.0"
"e13118d0-a5fb-4745-9619-1acd2d7bff94","SupertrendTrendTypeStrategy","BTC-USDT","Bybit Perpetual","short","50969.399999999994","51568.4","1.5309994623602505","86.3419241693816","78034.12399682455","-1003.4106021231828","-12.858613010943964","36000.0","1708527600000.0","1708563600000.0"
"774e6cfa-5313-4b7b-b8dd-daa57276a5ee","SupertrendTrendTypeStrategy","BTC-USDT","Bybit Perpetual","long","51633.1","51459.3","1.4918862782730722","84.59117532483138","77030.71339470136","-343.8810104886848","-4.464206487698698","86400.0","1708830000000.0","1708916400000.0"
"4466df29-3c99-446e-b3d7-556666501550","SupertrendTrendTypeStrategy","BTC-USDT","Bybit Perpetual","short","50984.4","51720.00000000001","1.504123464907161","84.96405389406608","76686.83238421267","-1191.3972746797826","-15.535878033280884","18000.0","1708941600000.0","1708959600000.0"
"9879a896-8ead-429a-8a5c-a735755a72c9","SupertrendTrendTypeStrategy","BTC-USDT","Bybit Perpetual","long","52872.3","54531.299999999996","1.4278825606136465","84.34785006291813","75495.4351095329","2284.509317995111","30.260231160739988","14400.0","1708963200000.0","1708977600000.0"
"906075ee-4238-4e85-8bfe-f9b00c2a921a","SupertrendTrendTypeStrategy","BTC-USDT","Bybit Perpetual","long","54531.3","56428.8","1.426335781973436","87.04649855074287","77779.94442752803","2619.4256477438516","33.677391608122306","25200.0","1708977600000.0","1709002800000.0"
"a47d4e94-1262-494b-9d18-5222728232bc","SupertrendTrendTypeStrategy","BTC-USDT","Bybit Perpetual","long","56428.8","58300.0","1.4247931920450527","89.90564724432414","80399.37007527187","2576.1673737103747","32.042133804014924","104400.0","1709002800000.0","1709107200000.0"
"40c3ba1d-ee78-4cbf-b2a9-a9928479608e","SupertrendTrendTypeStrategy","BTC-USDT","Bybit Perpetual","long","59503.7","62530.3","1.394460133554422","93.59435136599919","82975.53744898226","4126.8786888498225","49.73608868019983","28800.0","1709110800000.0","1709139600000.0"
"b7ac7340-c98e-4769-aacf-5f68f9b2c38d","SupertrendTrendTypeStrategy","BTC-USDT","Bybit Perpetual","long","62530.3","60921.4","1.3929633495734401","94.58003144839452","87102.41613783209","-2335.7187645771046","-26.81577467243883","93600.0","1709139600000.0","1709233200000.0"
"40ee0981-46e2-48a7-998f-223ecdacff0b","SupertrendTrendTypeStrategy","BTC-USDT","Bybit Perpetual","long","62244.09999999999","64120.6","1.361843088312868","94.64889131595099","84766.69737325498","2460.849663903156","29.030854570955444","68400.0","1709470800000.0","1709539200000.0"
"aab77610-a35a-4a1f-a9c7-938a388dd281","SupertrendTrendTypeStrategy","BTC-USDT","Bybit Perpetual","long","64120.6","66505.4","1.3603669809259133","97.7346134877356","87227.54703715812","3146.4685626243763","36.07195971341496","28800.0","1709539200000.0","1709568000000.0"
"542aeefa-348f-4885-b819-1940d92e5c61","SupertrendTrendTypeStrategy","BTC-USDT","Bybit Perpetual","long","66505.4","65621.9","1.3588974068238446","98.75109493734988","90374.0155997825","-1299.3369538662164","-14.377328983811841","90000.0","1709568000000.0","1709658000000.0"
"5dc3c0f2-9bb4-46b6-8087-cf1dd2d2c773","SupertrendTrendTypeStrategy","BTC-USDT","Bybit Perpetual","short","61510.2","66475.9","1.4481285810469857","101.93718116270568","89074.6786459163","-7292.909276067719","-81.8741014498408","36000.0","1709668800000.0","1709704800000.0"
"bcdb2247-9fba-4e23-90d6-173c0094ae12","SupertrendTrendTypeStrategy","BTC-USDT","Bybit Perpetual","long","67685.8","69029.7","1.2082559321135093","90.85302263777547","81781.76936984857","1532.9221245295628","18.74405672977189","122400.0","1709913600000.0","1710036000000.0"
"bc2ad4f5-ed51-45d3-a014-4899fdef26ed","SupertrendTrendTypeStrategy","BTC-USDT","Bybit Perpetual","long","69902.5","68465.2","1.1918699831104487","90.7039695441174","83314.69149437814","-1803.7786962687687","-21.65018754694042","46800.0","1710064800000.0","1710111600000.0"
"0800485f-74ae-4324-a497-469ba2984a58","SupertrendTrendTypeStrategy","BTC-USDT","Bybit Perpetual","long","71223.8","70571.8","1.1444336415370897","89.25161017406512","81510.91279810938","-835.4223444562476","-10.24920855107422","118800.0","1710144000000.0","1710262800000.0"
"29fdd16f-bcd7-4d75-ad74-528075363f05","SupertrendTrendTypeStrategy","BTC-USDT","Bybit Perpetual","short","69500.4","69690.3","1.1607917429777834","88.86427839261378","80675.49045365314","-309.29863038410497","-3.833861172022157","104400.0","1710446400000.0","1710550800000.0"
"79d43f15-e638-4f76-9c25-458f3e564167","SupertrendTrendTypeStrategy","BTC-USDT","Bybit Perpetual","short","65351.00000000001","67652.6","1.2297622350579032","89.95954242371104","80366.19182326904","-2920.3803026329792","-36.33841838686475","54000.0","1710633600000.0","1710687600000.0"
"2b5849cb-7c01-40e2-8d6e-db75602f750a","SupertrendTrendTypeStrategy","BTC-USDT","Bybit Perpetual","short","65899.1","62928.40000000001","1.1752180457796244","83.27022153597102","77445.81152063605","3407.950027061556","44.00431682678514","46800.0","1710813600000.0","1710860400000.0"
"51071829-5302-4668-b9bc-285265c451cc","SupertrendTrendTypeStrategy","BTC-USDT","Bybit Perpetual","short","62928.4","63640.50000000001","1.284853286396883","89.44235691635114","80853.7615476976","-1004.386382159579","-12.42225918663125","82800.0","1710860400000.0","1710943200000.0"
"72c52fe5-243c-4015-affb-d76c7de564ff","SupertrendTrendTypeStrategy","BTC-USDT","Bybit Perpetual","long","67092.2","65194.50000000001","1.1901439387222068","86.59211779820963","79849.37516553803","-2345.1282703113293","-29.369400392295823","79200.0","1710968400000.0","1711047600000.0"
"c932477a-3621-40c8-9810-e40fa8769773","SupertrendTrendTypeStrategy","BTC-USDT","Bybit Perpetual","short","63097.2","64572.9","1.228331001933948","86.25162801750403","77504.2468952267","-1898.8996875714365","-24.500588853388177","68400.0","1711116000000.0","1711184400000.0"
"cced4afa-7af4-4b8f-81f4-92ffcdf3028d","SupertrendTrendTypeStrategy","BTC-USDT","Bybit Perpetual","long","65892.1","68046.6","1.147411407553489","84.52553576108649","75605.34720765526","2387.5723418129055","31.57941111301658","68400.0","1711306800000.0","1711375200000.0"
"704dcea8-d3b8-4457-8509-a4d8fb7d8f2a","SupertrendTrendTypeStrategy","BTC-USDT","Bybit Perpetual","long","69434.7","69523.3","1.1232556567460963","85.84694775256823","77992.91954946816","13.673503435142436","0.17531724051527287","104400.0","1711378800000.0","1711483200000.0"
"f3e71006-c73a-481b-b70b-5ed005510624","SupertrendTrendTypeStrategy","BTC-USDT","Bybit Perpetual","long","70665.0","69798.8","1.1038929180344343","85.28134673311285","78006.5930529033","-1041.4733923345366","-13.35109445977495","25200.0","1711501200000.0","1711526400000.0"
"c4e9becf-29bb-4ded-9391-f720ea6ccf09","SupertrendTrendTypeStrategy","BTC-USDT","Bybit Perpetual","long","70974.9","69212.2","1.0843991278687084","83.61032293814388","76965.11966056879","-1995.080665632313","-25.921880904376017","39600.0","1711911600000.0","1711951200000.0"
"e86e257b-2967-482d-aa39-e91dc0e5a4d4","SupertrendTrendTypeStrategy","BTC-USDT","Bybit Perpetual","short","69212.2","66734.1","1.083191099183908","80.99070216984194","74970.03899493648","2603.2651607177913","34.724073718217184","79200.0","1711951200000.0","1712030400000.0"
"213c7bfa-ec1f-4368-8086-11ae66e168b0","SupertrendTrendTypeStrategy","BTC-USDT","Bybit Perpetual","short","66734.1","66544.5","1.16242377069076","85.20941702041205","77573.30415565426","135.18612990256284","1.7426888202583959","104400.0","1712030400000.0","1712134800000.0"
"8cce576d-d446-4df7-ba9e-006cc7f53e9d","SupertrendTrendTypeStrategy","BTC-USDT","Bybit Perpetual","long","68847.4","66937.4","1.1287062443252296","84.29363340444883","77708.4902855568","-2240.1225600656376","-28.827256221730963","50400.0","1712253600000.0","1712304000000.0"
"ab556dfc-c9a6-4ae4-9e11-8a75e5b7d819","SupertrendTrendTypeStrategy","BTC-USDT","Bybit Perpetual","short","66937.4","68129.1","1.1274469538029739","83.75417269220615","75468.36772549117","-1427.3327075392233","-18.912992960587232","25200.0","1712304000000.0","1712329200000.0"
"ae3bee85-1172-47cd-8340-512803801886","SupertrendTrendTypeStrategy","BTC-USDT","Bybit Perpetual","long","69540.4","72057.3","1.0647197171421499","82.91902470058845","74041.03501795194","2596.874031374498","35.07344313521362","111600.0","1712455200000.0","1712566800000.0"
"9b29f886-da5f-498b-b1e0-565ea9f037a4","SupertrendTrendTypeStrategy","BTC-USDT","Bybit Perpetual","long","72057.3","70819.0","1.0635689798164298","83.5773403470204","76637.90904932644","-1400.5948080537087","-18.275483053070303","79200.0","1712566800000.0","1712646000000.0"
"c5490c81-6cf7-483e-848b-c4829e1f01c6","SupertrendTrendTypeStrategy","BTC-USDT","Bybit Perpetual","short","68662.7","70121.0","1.0957523406634568","83.63991026651425","75237.31424127273","-1681.5755486560365","-22.35028676413836","97200.0","1712682000000.0","1712779200000.0"
"4003b77b-703b-4d26-a1a7-3df89464fa35","SupertrendTrendTypeStrategy","BTC-USDT","Bybit Perpetual","long","70121.0","70045.9","1.0489830249513938","80.86798431803275","73555.7386926167","-159.64660949188854","-2.170416779566832","72000.0","1712779200000.0","1712851200000.0"
"8a969959-a533-4d5a-873b-a85576f933e9","SupertrendTrendTypeStrategy","BTC-USDT","Bybit Perpetual","long","70547.4","70201.5","1.0403798309097827","80.53777423050585","73396.0920831248","-440.40515774219364","-6.000389737963331","7200.0","1712869200000.0","1712876400000.0"
"1d5adccc-7d41-4c51-bd2c-2fc6de1275f9","SupertrendTrendTypeStrategy","BTC-USDT","Bybit Perpetual","short","69374.1","66522.6","1.051627147961308","78.60196247109442","72955.68692538259","2920.1128499405754","40.0258427136352","10800.0","1712937600000.0","1712948400000.0"
"5f62edc0-f554-4836-9492-1f9a8bc143ae","SupertrendTrendTypeStrategy","BTC-USDT","Bybit Perpetual","short","66522.6","61828.3","1.1406018372000366","80.518499790453","75875.79977532316","5273.808704577683","69.50580712419544","93600.0","1712948400000.0","1713042000000.0"
"31d86d61-e777-4846-8ebd-03b9ca981143","SupertrendTrendTypeStrategy","BTC-USDT","Bybit Perpetual","short","61828.30000000001","65298.9","1.3124994295476478","91.76990761399435","81149.60847990084","-4646.930427802049","-57.26374427244467","93600.0","1713042000000.0","1713135600000.0"
"0fbe62a6-92b3-43f5-9827-cf90afe51708","SupertrendTrendTypeStrategy","BTC-USDT","Bybit Perpetual","short","63887.7","63977.3","1.1974555047700697","84.21195646458374","76502.67805209878","-191.50396969198894","-2.5032322340607944","100800.0","1713204000000.0","1713304800000.0"
"0c828ba2-048d-4fda-97da-8ec6db04840f","SupertrendTrendTypeStrategy","BTC-USDT","Bybit Perpetual","short","61263.200000000004","62563.0","1.2456282741092009","84.8327786875254","76311.1740824068","-1703.9004093746591","-22.328321243421755","75600.0","1713366000000.0","1713441600000.0"
"a18a3ba8-ae87-41a0-af1a-8d7a084b9580","SupertrendTrendTypeStrategy","BTC-USDT","Bybit Perpetual","short","61000.0","64596.00000000001","1.2230700602136413","84.48698900542587","74607.27367303212","-4482.646925533689","-60.08324262295094","18000.0","1713492000000.0","1713510000000.0"
"9da9638a-3b0f-4567-a625-8ff768406a38","SupertrendTrendTypeStrategy","BTC-USDT","Bybit Perpetual","long","64744.8","63407.399999999994","1.0830928004642602","76.34039885101078","70124.62674749843","-1524.8687101919218","-21.745124087185513","54000.0","1713520800000.0","1713574800000.0"
"c5a58ccc-8408-4d63-a73d-b550ae2dc019","SupertrendTrendTypeStrategy","BTC-USDT","Bybit Perpetual","long","65677.6","66040.0","1.0444924607066413","75.66792207830521","68599.75803730651","302.8561456817755","4.414828191042215","108000.0","1713758400000.0","1713866400000.0"
"6e08ce92-4a4d-426a-9152-93fdef3812e4","SupertrendTrendTypeStrategy","BTC-USDT","Bybit Perpetual","long","66393.2","66395.3","1.0377962529745257","75.7940742559593","68902.61418298828","-73.61470212470675","-1.068387651144909","68400.0","1713888000000.0","1713956400000.0"
"4fa9243c-4623-4296-b9d0-815bc578d65a","SupertrendTrendTypeStrategy","BTC-USDT","Bybit Perpetual","short","65212.7","63438.299999999996","1.0554539143581478","74.68186084484955","68828.99948086358","1798.1155647922494","26.12438911439032","72000.0","1713970800000.0","1714042800000.0"
"f10ac7ca-3ab6-401f-82de-34fb16bf17ad","SupertrendTrendTypeStrategy","BTC-USDT","Bybit Perpetual","short","63388.899999999994","64689.100000000006","1.1141874215462932","78.48659311724339","70627.11504565582","-1527.1530786117469","-21.622758874187937","21600.0","1714050000000.0","1714071600000.0"
"e88c94aa-2f17-4cfb-95a3-daf386e2c05d","SupertrendTrendTypeStrategy","BTC-USDT","Bybit Perpetual","short","63481.30000000001","63255.2","1.0885089304573803","75.8745966357015","69099.9619670441","170.23727254072645","2.463637716934169","108000.0","1714147200000.0","1714255200000.0"
"474c5e1b-1946-4fed-a315-c9f04f000c79","SupertrendTrendTypeStrategy","BTC-USDT","Bybit Perpetual","short","62678.3","62953.4","1.105170357836521","76.36443696453577","69270.19923958482","-380.3968024053611","-5.491492829256673","61200.0","1714359600000.0","1714420800000.0"
"2eddbfdb-8059-4932-a511-d46f23cb7d59","SupertrendTrendTypeStrategy","BTC-USDT","Bybit Perpetual","long","64565.899999999994","61904.90000000001","1.0669688246764848","74.21722045754214","68889.80243717945","-2913.4212629216527","-42.291038148620025","28800.0","1714438800000.0","1714467600000.0"
"77765e27-c3c7-4aec-a5ef-f17beb6e1bac","SupertrendTrendTypeStrategy","BTC-USDT","Bybit Perpetual","short","61904.9","59276.2","1.0657699337896964","71.03314510795943","65976.38117425778","2730.55627984502","41.3868755946622","39600.0","1714467600000.0","1714507200000.0"
"05a30fd7-e661-4e9d-bfc6-2635d73add70","SupertrendTrendTypeStrategy","BTC-USDT","Bybit Perpetual","short","59276.2","56865.19999999999","1.1590982123365332","74.04060901504423","68706.93745410281","2720.545180928346","39.59636801954254","72000.0","1714507200000.0","1714579200000.0"
"2c0fee08-6368-443c-aeb7-c10b0c4dedf9","SupertrendTrendTypeStrategy","BTC-USDT","Bybit Perpetual","short","56865.200000000004","58538.4","1.2560842595301018","79.72615499920944","71427.48263503115","-2181.406338044972","-30.540154259547087","72000.0","1714579200000.0","1714651200000.0"
"ad133497-7582-43da-9269-409869774cc4","SupertrendTrendTypeStrategy","BTC-USDT","Bybit Perpetual","long","61654.1","64393.6","1.1231382227132691","77.86294436530244","69246.07629698617","2998.9742167576983","43.308940767929464","75600.0","1714744800000.0","1714820400000.0"
"50a20f11-f608-45bc-8b4e-62785f74d436","SupertrendTrendTypeStrategy","BTC-USDT","Bybit Perpetual","long","65108.99999999999","63855.99999999999","1.109601599068391","78.70487362312028","72245.05051374386","-1469.035677255814","-20.33406671888679","18000.0","1714986000000.0","1715004000000.0"
"145cbb11-5001-4f21-a409-6eb790609645","SupertrendTrendTypeStrategy","BTC-USDT","Bybit Perpetual","short","62251.80000000001","60789.90000000001","1.1369312186392688","76.93947245844603","70776.01483648804","1585.1402760703027","22.396574315923413","68400.0","1715184000000.0","1715252400000.0"
"93835310-19a7-42df-b05d-ae16a0875a0a","SupertrendTrendTypeStrategy","BTC-USDT","Bybit Perpetual","short","61165.4","61832.299999999996","1.1830406588129618","80.03120402226347","72361.15511255834","-869.0010193846208","-12.00921983670497","10800.0","1715263200000.0","1715274000000.0"
"3a8b2b8f-fbb9-4597-b385-df44b740b18f","SupertrendTrendTypeStrategy","BTC-USDT","Bybit Perpetual","long","62580.00000000001","61034.799999999996","1.1424121779030634","77.67047908897838","71492.15409317371","-1842.9257763848052","-25.778014381591746","64800.0","1715288400000.0","1715353200000.0"
"5a905102-bee6-44f8-883b-9164e2a24e18","SupertrendTrendTypeStrategy","BTC-USDT","Bybit Perpetual","short","61034.8","61180.0","1.1411396173459882","76.70528255830908","69649.22831678893","-242.39875499694324","-3.480279119453117","100800.0","1715353200000.0","1715454000000.0"
"73abcc41-0f2b-4fb9-abdc-ac4a05f18f8b","SupertrendTrendTypeStrategy","BTC-USDT","Bybit Perpetual","long","62296.600000000006","62014.69999999999","1.1141351143046647","76.17477143917381","69406.82956179198","-390.2494601616766","-5.622637752301345","82800.0","1715587200000.0","1715670000000.0"
"a13917af-0d3a-43fc-b3df-97c0d27e0e72","SupertrendTrendTypeStrategy","BTC-USDT","Bybit Perpetual","short","61536.4","61902.09999999999","1.121556998810953","76.1438224787492","69016.58010163033","-486.2972169439033","-7.046092637853202","61200.0","1715691600000.0","1715752800000.0"
"14235d19-5cdd-478d-9450-9a4503dd1eda","SupertrendTrendTypeStrategy","BTC-USDT","Bybit Perpetual","long","63735.1","65685.0","1.0752361396575265","76.53644279495008","68530.28288468641","2020.0665059232626","29.476990622121907","21600.0","1715778000000.0","1715799600000.0"
"1d072872-ebc3-4c7f-a4c8-25f875b1bb3b","SupertrendTrendTypeStrategy","BTC-USDT","Bybit Perpetual","long","65685.0","64976.59999999999","1.0740709353826547","77.18690481182685","70550.34939060967","-838.0587554369088","-11.878874628910843","82800.0","1715799600000.0","1715882400000.0"
"023fc4e6-5b3c-4d8e-85d5-1db4ea650993","SupertrendTrendTypeStrategy","BTC-USDT","Bybit Perpetual","long","66778.0","66863.0","1.0439409780941742","76.73232393941595","69712.29063517276","12.002659198588859","0.17217421905417946","176400.0","1715958000000.0","1716134400000.0"
"e1464300-c17e-427a-ba4a-24d52f60f60a","SupertrendTrendTypeStrategy","BTC-USDT","Bybit Perpetual","long","67382.1","69996.4","1.034759873829568","78.18456762979243","69724.29329437134","2626.988170522835","37.67679880858549","14400.0","1716220800000.0","1716235200000.0"
"bc375e1a-7323-4871-9469-07ba7271dbaf","SupertrendTrendTypeStrategy","BTC-USDT","Bybit Perpetual","long","69996.4","69914.2","1.0336428939901792","79.53967861614629","72351.28146489417","-164.50512450213603","-2.2737002188683575","79200.0","1716235200000.0","1716314400000.0"
"f511e1e3-07a0-4c48-8e4e-415028e23560","SupertrendTrendTypeStrategy","BTC-USDT","Bybit Perpetual","short","67428.6","68399.9","1.0705661446388035","79.97736646738946","72186.77634039203","-1119.8182627550468","-15.51278945432633","79200.0","1716490800000.0","1716570000000.0"
"6bb6ed69-48f1-424c-ae9d-a53c523daa0a","SupertrendTrendTypeStrategy","BTC-USDT","Bybit Perpetual","long","69548.6","68700.1","1.0218316123924416","77.69679061768743","71066.95807763697","-944.720913732674","-13.293391743327684","43200.0","1716822000000.0","1716865200000.0"
"f6462fe5-8cb7-4d29-8e6e-303de4fda617","SupertrendTrendTypeStrategy","BTC-USDT","Bybit Perpetual","short","68070.0","68440.5","1.0301489226370544","77.3443794770051","70122.2371639043","-459.0145553140337","-6.545920008814454","72000.0","1716868800000.0","1716940800000.0"
"dc5da4c0-0e94-4523-9e57-ca44161ebde9","SupertrendTrendTypeStrategy","BTC-USDT","Bybit Perpetual","short","67315.9","68156.0","1.0348702551490845","77.1077118451922","69663.22260859025","-946.502213195944","-13.58682785196374","28800.0","1717012800000.0","1717041600000.0"
"93551e8f-ccdc-4740-8107-0ed799ea5cf9","SupertrendTrendTypeStrategy","BTC-USDT","Bybit Perpetual","long","68723.2","68226.1","0.9999057144515143","75.31501321307414","68716.72039539431","-572.3681438669132","-8.32938680096374","54000.0","1717088400000.0","1717142400000.0"
"e83207ab-7d6b-4e9a-97ad-7cceed6b800d","SupertrendTrendTypeStrategy","BTC-USDT","Bybit Perpetual","short","67538.5","67809.1","1.0089704724198407","75.10895255209041","68144.35225152741","-348.13636238890524","-5.1088072728888845","97200.0","1717167600000.0","1717264800000.0"
"41b017b2-1583-41b0-86dc-382e2b9c8e2b","SupertrendTrendTypeStrategy","BTC-USDT","Bybit Perpetual","long","68284.1","67848.7","0.9928550846996375","74.33807847091936","67796.21588913852","-506.6271823491502","-7.4727943986961645","36000.0","1717329600000.0","1717365600000.0"
"3c4a9f8c-2509-4ae8-bf74-e75d7762872b","SupertrendTrendTypeStrategy","BTC-USDT","Bybit Perpetual","long","68521.5","69792.7","0.9820215364052068","74.7051377548614","67289.58870678938","1173.6406393234347","17.44163788008139","39600.0","1717380000000.0","1717419600000.0"
"c87834dc-8df8-4ab8-af6d-28ace6a42d92","SupertrendTrendTypeStrategy","BTC-USDT","Bybit Perpetual","long","69792.7","68873.7","0.9809511502795109","74.81373052181533","68463.22934611281","-976.3078376286858","-14.260324074007741","72000.0","1717419600000.0","1717491600000.0"
"efd48490-7b24-4945-abed-e6b877b95362","SupertrendTrendTypeStrategy","BTC-USDT","Bybit Perpetual","long","69691.9","71220.2","0.9683610506885898","75.04958406590461","67486.92150848413","1404.89660970147","20.817316574810025","50400.0","1717513200000.0","1717563600000.0"
"bc76e23e-d140-4650-a3b1-88763b701939","SupertrendTrendTypeStrategy","BTC-USDT","Bybit Perpetual","long","71220.2","70934.4","0.9673072824589877","75.62894889827442","68891.81811818559","-352.0853702250559","-5.110699352150133","93600.0","1717563600000.0","1717657200000.0"
"983756cc-cc8b-49a4-a14c-d3c6d74ee7f6","SupertrendTrendTypeStrategy","BTC-USDT","Bybit Perpetual","short","69186.5","69734.7","0.9906518287232412","75.69239745563493","68539.73274796053","-618.7677299617129","-9.02786902069041","151200.0","1717786800000.0","1717938000000.0"
"8f8675c8-8c91-4619-b919-9f9ee668e40e","SupertrendTrendTypeStrategy","BTC-USDT","Bybit Perpetual","long","69684.8","69325.3","0.9746883828036933","74.52034125930884","67920.96501799881","-424.9208148772366","-6.256106855440498","50400.0","1717956000000.0","1718006400000.0"
"b39396ec-b0ab-4170-8a92-00eec3f739fc","SupertrendTrendTypeStrategy","BTC-USDT","Bybit Perpetual","long","70090.9","69558.7","0.9629787062674551","73.96377512632218","67496.04420312156","-586.4610426018589","-8.688820945372324","28800.0","1718035200000.0","1718064000000.0"
"67b008ea-b2f9-4f5e-b9e0-574015851ec4","SupertrendTrendTypeStrategy","BTC-USDT","Bybit Perpetual","short","68741.4","67104.9","0.9733520580104523","72.72445162295791","66909.5831605197","1520.1661913111473","22.719707992563436","28800.0","1718071200000.0","1718100000000.0"
"90789fec-34b2-4b3f-aa3f-5a747b3dde26","SupertrendTrendTypeStrategy","BTC-USDT","Bybit Perpetual","short","67104.9","67760.1","1.0197429599303607","75.64019886005445","68429.74935183085","-743.7757862064386","-10.869187645015666","86400.0","1718100000000.0","1718186400000.0"
"e2a3f78e-2666-4819-a674-75516b002514","SupertrendTrendTypeStrategy","BTC-USDT","Bybit Perpetual","long","69340.1","67980.2","0.9761447353785817","73.72446834808412","67685.9735656244","-1401.183693989426","-20.701241633629152","46800.0","1718197200000.0","1718244000000.0"
"2eee7a53-21be-4153-b35c-444aaad491eb","SupertrendTrendTypeStrategy","BTC-USDT","Bybit Perpetual","short","67980.2","66380.0","0.9750602362398901","72.05510859428139","66284.78987163497","1488.236281436788","22.452153568244828","136800.0","1718244000000.0","1718380800000.0"
"9112fa14-3aae-4f66-a082-a2c6ac82e8e8","SupertrendTrendTypeStrategy","BTC-USDT","Bybit Perpetual","short","65286.19999999999","66283.9","1.038091145649031","75.11996571318666","67773.02615307175","-1110.8235017272293","-16.390348266555634","64800.0","1718384400000.0","1718449200000.0"
"e75f1af8-8e51-423c-a1cd-9a5cbec3f615","SupertrendTrendTypeStrategy","BTC-USDT","Bybit Perpetual","short","66107.7","67067.7","1.0083878678481408","73.8608517107028","66662.20265134453","-1041.913204844918","-15.629744643967348","43200.0","1718607600000.0","1718650800000.0"
"eb3de596-a956-4b56-96ed-4827e51fdd58","SupertrendTrendTypeStrategy","BTC-USDT","Bybit Perpetual","short","65103.80000000001","65377.100000000006","1.0079333225787066","72.33382588853299","65620.2894464996","-347.8020029492891","-5.3002204940417545","93600.0","1718676000000.0","1718769600000.0"
"afd28072-e06d-498b-9692-88213556ada6","SupertrendTrendTypeStrategy","BTC-USDT","Bybit Perpetual","short","64794.4","63613.6","1.007378530298148","71.14550427518853","65272.487443550315","1118.3670643008675","17.13382020668457","61200.0","1718899200000.0","1718960400000.0"
"4675c7c1-a559-46f2-9ec8-0208bd58266c","SupertrendTrendTypeStrategy","BTC-USDT","Bybit Perpetual","short","63613.59999999999","64297.2","1.0436581879951958","73.42233456415875","66390.85450785118","-786.8670718776807","-11.852040129783662","68400.0","1718960400000.0","1719028800000.0"
"73d6bf7a-11c3-451b-bded-7d3a1d939337","SupertrendTrendTypeStrategy","BTC-USDT","Bybit Perpetual","short","64094.6","63194.9","1.0235493697748876","71.65789812717831","65603.98743597351","849.2294698592851","12.944784350007598","21600.0","1719165600000.0","1719187200000.0"
"ea4ce99c-4ccf-4256-99bf-41283ec4f273","SupertrendTrendTypeStrategy","BTC-USDT","Bybit Perpetual","short","63194.9","61370.0","1.0515598079248927","72.04309327500091","66453.2169058328","1846.9484002071372","27.79321282255374","36000.0","1719187200000.0","1719223200000.0"
"4855b302-8163-45dc-aed1-0137720352f9","SupertrendTrendTypeStrategy","BTC-USDT","Bybit Perpetual","short","61369.99999999999","59294.7","1.1129243165396765","73.8598733278808","68300.16530603994","2235.791960786905","32.73479574710764","36000.0","1719223200000.0","1719259200000.0"
"30767c56-77a7-40b7-94c3-efce6593a194","SupertrendTrendTypeStrategy","BTC-USDT","Bybit Perpetual","short","59294.700000000004","61271.1","1.1895828339940475","78.88265332571774","70535.95726682685","-2429.9741664315466","-34.45014798961786","28800.0","1719259200000.0","1719288000000.0"
"82d80780-95f1-40e7-8799-e844aa21110c","SupertrendTrendTypeStrategy","BTC-USDT","Bybit Perpetual","short","61271.09999999999","61445.1","1.111551499816313","75.02295688896724","68105.98310039529","-268.43291785701376","-3.9413999422241037","21600.0","1719288000000.0","1719309600000.0"
"117588a1-13e8-4767-82a2-675c69abe2e3","SupertrendTrendTypeStrategy","BTC-USDT","Bybit Perpetual","short","60812.299999999996","60970.8","1.1155235072927396","74.71855096254035","67837.55018253827","-251.5290268684477","-3.707814126418624","57600.0","1719597600000.0","1719655200000.0"
"7e389b50-7446-4ac0-bfb8-d11ec568564e","SupertrendTrendTypeStrategy","BTC-USDT","Bybit Perpetual","long","62057.40000000001","63631.9","1.089088829948883","75.28774697075178","67586.02115566982","1639.4826157837565","24.25771761304844","25200.0","1719774000000.0","1719799200000.0"
"595c0640-dd90-4e74-afe9-9f9b1e4fe71c","SupertrendTrendTypeStrategy","BTC-USDT","Bybit Perpetual","long","63631.90000000001","62657.90000000001","1.0879056537908436","75.5652630898632","69225.50377145359","-1135.1853698821449","-16.39836921418345","36000.0","1719799200000.0","1719835200000.0"
"82ca7b0a-6868-4c06-9c22-64627dbaf7fb","SupertrendTrendTypeStrategy","BTC-USDT","Bybit Perpetual","long","62657.899999999994","62859.4","1.086699656413181","75.0197837311506","68090.31840157145","143.95019703611328","2.1141066808815374","68400.0","1719835200000.0","1719903600000.0"
"19bfcd9c-0cf4-451e-ac50-f0f73d62c1c0","SupertrendTrendTypeStrategy","BTC-USDT","Bybit Perpetual","short","62032.7","60867.6","1.0999725725078475","74.35282753414242","68234.26859860755","1207.2252166947492","17.692359594213997","50400.0","1719932400000.0","1719982800000.0"
"fa3d9748-97b2-47b4-8fff-12fb0aadc4cd","SupertrendTrendTypeStrategy","BTC-USDT","Bybit Perpetual","short","60867.6","58561.7","1.1408613747757808","74.93875146258003","69441.49381530231","2555.7734926328944","36.80470209109611","75600.0","1719982800000.0","1720058400000.0"
"47baa4a6-1643-40b0-9cd4-b403a6ef1f58","SupertrendTrendTypeStrategy","BTC-USDT","Bybit Perpetual","short","58561.7","55756.399999999994","1.2294258415984372","77.30009446633886","71997.2673079352","3371.6082189697604","46.8296693060482","90000.0","1720058400000.0","1720148400000.0"
"afa61baf-8784-477b-a626-d62af9e286f0","SupertrendTrendTypeStrategy","BTC-USDT","Bybit Perpetual","short","55756.40000000001","56521.5","1.3517529023915629","83.47458745968632","75368.87552690494","-1117.7007330794593","-14.829738738512372","57600.0","1720148400000.0","1720206000000.0"
"9def057d-feaf-4349-9c62-5517bdd85e92","SupertrendTrendTypeStrategy","BTC-USDT","Bybit Perpetual","short","56565.8","55068.9","1.312651368739158","80.59559296458193","74251.17479382547","1884.3122409010657","25.377541111413638","10800.0","1720389600000.0","1720400400000.0"
"900981b2-85e7-43c5-b7f9-165ef01990d3","SupertrendTrendTypeStrategy","BTC-USDT","Bybit Perpetual","short","55068.9","57767.8","1.3825496248286517","85.80128548854672","76135.48703472654","-3817.164467938597","-50.1364687691238","28800.0","1720400400000.0","1720429200000.0"
"5ff4e87b-073c-4cc1-b9c6-b2a48510ac34","SupertrendTrendTypeStrategy","BTC-USDT","Bybit Perpetual","long","59323.9","57686.0","1.219041947120603","78.45198698061289","72318.32256678795","-2075.1207921694504","-28.694260576260184","36000.0","1720587600000.0","1720623600000.0"
"21a16818-039b-42ff-99f0-48b0e6077f6a","SupertrendTrendTypeStrategy","BTC-USDT","Bybit Perpetual","short","57540.5","57976.7","1.2207610600293446","77.560394737992","70243.2017746185","-610.0563691227885","-8.684916884629036","10800.0","1720670400000.0","1720681200000.0"
"cef2ea18-431d-481a-96c6-d4242e62e7e0","SupertrendTrendTypeStrategy","BTC-USDT","Bybit Perpetual","long","58798.399999999994","57618.50000000001","1.1842693917775946","75.82793424559819","69633.14540549571","-1473.1473896039665","-21.15583578804843","14400.0","1720702800000.0","1720717200000.0"
"fbff8f41-c5ce-44da-9e2a-5bc87871816f","SupertrendTrendTypeStrategy","BTC-USDT","Bybit Perpetual","short","57354.69999999999","57799.9","1.1883942905444844","75.26698804346364","68159.99801589173","-604.340126193882","-8.866492719864489","68400.0","1720728000000.0","1720796400000.0"
"e9ba15a5-8642-449a-987b-a775496c4278","SupertrendTrendTypeStrategy","BTC-USDT","Bybit Perpetual","long","59449.5","61260.100000000006","1.1363536764766375","75.44283876031338","67555.65788969786","1982.0391278682932","29.339350541215754","82800.0","1720911600000.0","1720994400000.0"
"777ca939-8ec7-4181-b131-5cc49f67e5a7","SupertrendTrendTypeStrategy","BTC-USDT","Bybit Perpetual","long","61260.09999999999","62838.90000000001","1.1351221597347403","77.47713869550685","69537.69701756616","1714.6537270937208","24.657902125527343","32400.0","1720994400000.0","1721026800000.0"
"a88bbb56-02e9-47bb-bc37-41121d887371","SupertrendTrendTypeStrategy","BTC-USDT","Bybit Perpetual","long","62838.90000000001","64680.600000000006","1.1338892110565246","79.52614188712738","71252.35074465985","2008.757618115671","28.192159235759966","61200.0","1721026800000.0","1721088000000.0"
"362f2bf5-444f-4c05-9a76-e9561cf0ced7","SupertrendTrendTypeStrategy","BTC-USDT","Bybit Perpetual","long","64680.59999999999","62880.2","1.1326596902746036","79.46563692054934","73261.10836277551","-2118.706143290939","-28.919930241834408","25200.0","1721088000000.0","1721113200000.0"
"da16088f-fc89-4835-8a8f-ab00aaf596e7","SupertrendTrendTypeStrategy","BTC-USDT","Bybit Perpetual","long","64833.9","64221.299999999996","1.0973025256769156","77.88692830145672","71142.40221948457","-750.0944555311415","-10.543563783761362","90000.0","1721145600000.0","1721235600000.0"
"9abe272e-56ec-4f38-9b2a-c99b5869f8e3","SupertrendTrendTypeStrategy","BTC-USDT","Bybit Perpetual","long","65104.0","66746.4","1.0812286151995796","78.40823397303086","70392.30776395343","1697.4016436307525","24.113453551241","18000.0","1721397600000.0","1721415600000.0"
"948728cb-3fa6-4713-a5b6-ee895c6fefdf","SupertrendTrendTypeStrategy","BTC-USDT","Bybit Perpetual","long","66746.4","66760.3","1.0800538966533655","79.30693736038253","72089.70940758419","-64.29418819689133","-0.8918636061269414","136800.0","1721415600000.0","1721552400000.0"
"5448989e-0caf-4165-868d-27aa4371b03d","SupertrendTrendTypeStrategy","BTC-USDT","Bybit Perpetual","long","67130.9","67060.1","1.07291001937092","79.18617762517172","72025.41521938729","-155.1482069966204","-2.1540758428680142","61200.0","1721577600000.0","1721638800000.0"
"c008c73a-a415-41d2-9826-06bb42eb70a9","SupertrendTrendTypeStrategy","BTC-USDT","Bybit Perpetual","long","68193.5","66915.0","1.0539166784574872","78.31620585325538","71870.26701239066","-1425.7486792611526","-19.83780968860668","32400.0","1721678400000.0","1721710800000.0"
"d71ea09b-8d1c-48f9-b9d1-4a1a36cc92d2","SupertrendTrendTypeStrategy","BTC-USDT","Bybit Perpetual","short","65266.600000000006","65274.899999999994","1.0793348869579464","77.49389733020143","70444.51833312951","-86.45237689193982","-1.227240656016835","79200.0","1721862000000.0","1721941200000.0"
"9b903209-ee04-482f-acdf-b75ea269ef22","SupertrendTrendTypeStrategy","BTC-USDT","Bybit Perpetual","long","65815.0","67256.6","1.0690278197407515","78.24148332957736","70358.06595623755","1462.8690216086961","20.791774215604438","43200.0","1721944800000.0","1721988000000.0"
"2ecf2863-eec5-4705-a8bd-13f1519a5e7e","SupertrendTrendTypeStrategy","BTC-USDT","Bybit Perpetual","long","67917.1","69205.9","1.057479412075107","79.7526121820862","71820.93497784625","1283.1268541002992","17.865638403288543","57600.0","1722031200000.0","1722088800000.0"
"44c2f261-78fc-4a52-8c31-e1e81cf2e5bd","SupertrendTrendTypeStrategy","BTC-USDT","Bybit Perpetual","long","68514.5","68050.0","1.066986722984865","80.14187958208663","73104.06183194654","-575.7572124085565","-7.875858030052033","28800.0","1722103200000.0","1722132000000.0"
"aaed3ea9-1bbd-4ece-8e3f-61691056e121","SupertrendTrendTypeStrategy","BTC-USDT","Bybit Perpetual","long","69527.2","68067.2","1.043164468287778","78.94347401345672","72528.304619538","-1601.963597713613","-22.08742650358421","46800.0","1722222000000.0","1722268800000.0"
"0eb1046e-ad6d-49cf-87c6-a2773dee8ea5","SupertrendTrendTypeStrategy","BTC-USDT","Bybit Perpetual","short","66921.0","66409.9","1.059851780783676","77.72104548916963","70926.34102182438","463.9691996693734","6.5415640083083915","165600.0","1722272400000.0","1722438000000.0"
"a0de2443-3a29-4f5d-9f12-b4b5cffaa092","SupertrendTrendTypeStrategy","BTC-USDT","Bybit Perpetual","short","65229.8","62892.6","1.0944431873391267","77.12247830404618","71390.31022149377","2480.8101391449654","34.74995600170481","72000.0","1722456000000.0","1722528000000.0"
"bbc17e2f-edc8-4c0e-8d9e-96b0532ae7d3","SupertrendTrendTypeStrategy","BTC-USDT","Bybit Perpetual","short","62892.6","64879.700000000004","1.174559810862307","82.54191468679308","73871.12036063873","-2416.50971485129","-32.71250934132165","21600.0","1722528000000.0","1722549600000.0"
"e18575d1-1cca-405b-be24-834afe7e6e29","SupertrendTrendTypeStrategy","BTC-USDT","Bybit Perpetual","short","63145.6","60857.7","1.1315849504286513","77.17614744591904","71454.61064578744","2511.777060639794","35.15206419766383","90000.0","1722610800000.0","1722700800000.0"
"a196669b-7fb2-4c5c-b563-61b4df926012","SupertrendTrendTypeStrategy","BTC-USDT","Bybit Perpetual","short","60631.3","59070.0","1.2199373542448742","80.31544797191958","73966.38770642724","1824.372743210606","24.664889009472052","64800.0","1722722400000.0","1722787200000.0"
"4ea81f67-0ad2-432d-be7e-dd0662b298e2","SupertrendTrendTypeStrategy","BTC-USDT","Bybit Perpetual","short","58647.2","54389.49999999999","1.2923167764128183","80.34357306818856","75790.76044963783","5421.953565864674","71.53845051426163","32400.0","1722790800000.0","1722823200000.0"
"10c674f1-42b6-4ca6-a0ab-1c6ddf0caf4f","SupertrendTrendTypeStrategy","BTC-USDT","Bybit Perpetual","short","54389.5","49790.0","1.493168975914515","85.55667852945743","81212.71401550251","6782.274026189354","83.51246610099375","39600.0","1722823200000.0","1722862800000.0"
"830172c9-067f-4b43-8005-9c9d4fb47b2e","SupertrendTrendTypeStrategy","BTC-USDT","Bybit Perpetual","short","49790.0","54676.2","1.767322515398511","101.54400704696816","87994.98804169186","-8737.035281787168","-99.29014681662979","18000.0","1722862800000.0","1722880800000.0"
"95edd916-3b4c-45c6-ad63-eebcdab60011","SupertrendTrendTypeStrategy","BTC-USDT","Bybit Perpetual","short","54676.2","56010.1","1.4495878052956257","88.24723088131128","79257.95275990469","-2021.8524043651485","-25.50977326515013","25200.0","1722880800000.0","1722906000000.0"
"714cf1d2-ab91-46bf-acc1-689ebc356f33","SupertrendTrendTypeStrategy","BTC-USDT","Bybit Perpetual","long","59391.299999999996","62301.9","1.3004615213935296","87.0415282083859","77236.10035553953","3698.081775959629","47.88022387117315","25200.0","1723132800000.0","1723158000000.0"
"e834ef0f-b490-49dc-a87b-647e02107f07","SupertrendTrendTypeStrategy","BTC-USDT","Bybit Perpetual","long","62301.9","59786.4","1.2990644287172486","87.23031223090804","80934.18213149915","-3355.0268826691467","-41.453768905924214","61200.0","1723158000000.0","1723219200000.0"
"f4a433ac-c7d6-49fd-8b8e-17c851818f00","SupertrendTrendTypeStrategy","BTC-USDT","Bybit Perpetual","long","60511.6","60427.50000000001","1.2820542713930885","85.27776935338973","77579.15524883001","-193.0985335775373","-2.489051768586375","21600.0","1723251600000.0","1723273200000.0"
"488e60fc-6f21-4a17-8af2-90b613f86c8e","SupertrendTrendTypeStrategy","BTC-USDT","Bybit Perpetual","long","60637.6","60469.899999999994","1.276205798304228","85.00695154497112","77386.05671525246","-299.02666392059575","-3.8640896902252786","3600.0","1723377600000.0","1723381200000.0"
"81b72047-797d-48d1-8951-cc6df7d0b7b3","SupertrendTrendTypeStrategy","BTC-USDT","Bybit Perpetual","short","59598.0","60265.299999999996","1.2934499488461335","85.27044858944082","77087.03005133187","-948.38959945446","-12.302842628947207","68400.0","1723406400000.0","1723474800000.0"
"15317591-5dac-47a9-a3b8-317cbff772da","SupertrendTrendTypeStrategy","BTC-USDT","Bybit Perpetual","short","59468.5","59385.9","1.2803188318500955","83.69433961253421","76138.6404518774","22.059995898281826","0.28973456535810627","86400.0","1723647600000.0","1723734000000.0"
"8d3fab16-027b-420e-b74e-4cbbc0b40704","SupertrendTrendTypeStrategy","BTC-USDT","Bybit Perpetual","short","57831.9","58423.4","1.316932358227478","84.20520151199361","76160.70044777569","-863.1706914035467","-11.333544548942708","46800.0","1723748400000.0","1723795200000.0"
"a2ae790a-6cdc-49ab-a1fb-966ada6a578e","SupertrendTrendTypeStrategy","BTC-USDT","Bybit Perpetual","long","59431.700000000004","59412.6","1.266959043008565","82.81397332726254","75297.52975637214","-107.01289104873351","-1.4212005545862867","183600.0","1723834800000.0","1724018400000.0"
"225a0b3c-ddaa-4fd8-b751-85f48aa8c896","SupertrendTrendTypeStrategy","BTC-USDT","Bybit Perpetual","short","58390.0","58975.5","1.2877293520349962","83.12424959644486","75190.51686532343","-837.0897852129351","-11.132917023462923","68400.0","1724025600000.0","1724094000000.0"
"eb42ab1f-5753-4a92-a25b-c214f0e86575","SupertrendTrendTypeStrategy","BTC-USDT","Bybit Perpetual","long","59203.100000000006","60588.6","1.2559042867706336","82.74580025224795","74353.4270801105","1657.3095890684556","22.2896193780392","18000.0","1724108400000.0","1724126400000.0"
"c11ee7ac-5fda-460e-b814-f32e093dc5a9","SupertrendTrendTypeStrategy","BTC-USDT","Bybit Perpetual","long","60588.600000000006","58783.7","1.2545385876085429","82.36643615287079","76010.73666917896","-2346.683132927541","-30.87304814767149","43200.0","1724126400000.0","1724169600000.0"
"77f881e5-ccd0-4900-adf9-006d15c32620","SupertrendTrendTypeStrategy","BTC-USDT","Bybit Perpetual","short","58783.7","59904.0","1.2531374094562173","81.80259830177418","73664.05353625143","-1485.6924381155782","-20.168486076922736","79200.0","1724169600000.0","1724248800000.0"
"75325cd1-547f-4d0d-91f4-e36f9c073dc6","SupertrendTrendTypeStrategy","BTC-USDT","Bybit Perpetual","long","60734.49999999999","60301.4","1.1884243897313038","79.11310857619351","72178.36109813587","-593.8197117688109","-8.227115478023057","79200.0","1724266800000.0","1724346000000.0"
"d3591059-e811-4d39-872a-6ff9166c9f62","SupertrendTrendTypeStrategy","BTC-USDT","Bybit Perpetual","long","60951.6","62966.3","1.1744489297469969","80.04438476732247","71584.54138636705","2286.1178739939573","31.935915628137806","10800.0","1724425200000.0","1724436000000.0"
"380b00e3-0342-4168-bd57-98b696db896d","SupertrendTrendTypeStrategy","BTC-USDT","Bybit Perpetual","long","62966.299999999996","64382.80000000001","1.17317770395213","82.17171860610362","73870.659260361","1579.6344990421055","21.383787756307967","54000.0","1724436000000.0","1724490000000.0"
"80c956cf-97b4-40ff-b2f9-faa5ae07b474","SupertrendTrendTypeStrategy","BTC-USDT","Bybit Perpetual","long","64190.2","64000.69999999999","1.1754176456749332","82.87281523122294","75450.2937594031","-305.6144590866313","-4.050540347280539","18000.0","1724630400000.0","1724648400000.0"
"4c647954-6c9e-46a5-8245-254f71fc13e4","SupertrendTrendTypeStrategy","BTC-USDT","Bybit Perpetual","short","61906.1","59467.6","1.2138493508768355","81.03116282718588","75144.67930031646","2878.9404792859777","38.31196707594244","18000.0","1724781600000.0","1724799600000.0"
"5c6534fc-debb-4655-8c4b-ec1373c50b32","SupertrendTrendTypeStrategy","BTC-USDT","Bybit Perpetual","short","59467.6","59518.1","1.3120357939382528","85.86242355173931","78023.61977960244","-152.12023114562106","-1.9496689794106368","122400.0","1724799600000.0","1724922000000.0"
"41c77f2d-1b52-45a0-a9ed-e822698f9bcb","SupertrendTrendTypeStrategy","BTC-USDT","Bybit Perpetual","short","59496.9","59629.9","1.3088328895867987","85.75439062917576","77871.4995484568","-259.82916494422","-3.336640060238433","61200.0","1724965200000.0","1725026400000.0"
"973e32ee-17fe-497d-9e77-14e208ab3813","SupertrendTrendTypeStrategy","BTC-USDT","Bybit Perpetual","short","58430.4","59250.0","1.3282755275252707","85.97159746416169","77611.67038351258","-1174.6262198238717","-15.134659697691589","39600.0","1725030000000.0","1725069600000.0"
"d9697584-14ad-461b-98ec-87e931fd63fe","SupertrendTrendTypeStrategy","BTC-USDT","Bybit Perpetual","short","57951.00000000001","58467.99999999999","1.318994394638379","84.45580463617301","76437.04416368871","-766.3759066641958","-10.026236820762117","104400.0","1725170400000.0","1725274800000.0"
"36b695f0-6456-4390-96bc-39e432eb7e82","SupertrendTrendTypeStrategy","BTC-USDT","Bybit Perpetual","short","57651.6","56223.1","1.3125510524777197","82.20649653457153","75670.6682570245","1792.7726819298512","23.691778111969143","54000.0","1725375600000.0","1725429600000.0"
"4e26e986-9d6b-4aa8-ac1d-f7490acbdca8","SupertrendTrendTypeStrategy","BTC-USDT","Bybit Perpetual","short","56223.1","58096.19999999999","1.3777867271451478","86.62918780808836","77463.44093895436","-2667.361506423653","-34.43381128041661","36000.0","1725429600000.0","1725465600000.0"
"e93b4627-0334-4073-ad53-41961974e545","SupertrendTrendTypeStrategy","BTC-USDT","Bybit Perpetual","short","56528.9","54022.1","1.3231476188733675","80.45141082773833","74796.0794325307","3236.415040164023","43.2698486968613","90000.0","1725548400000.0","1725638400000.0"
"ee8cc8f3-6cde-4497-b344-fdc36f35cb22","SupertrendTrendTypeStrategy","BTC-USDT","Bybit Perpetual","short","54022.1","54521.9","1.444455037340176","86.23281016517865","78032.49447269473","-808.1714378278028","-10.356857656403637","79200.0","1725638400000.0","1725717600000.0"
"0c8c5ebf-559a-4e4d-be23-94c06e5a7c0d","SupertrendTrendTypeStrategy","BTC-USDT","Bybit Perpetual","short","53883.8","54351.0","1.4331640128362686","85.31502116309204","77224.32303486693","-754.8892479601926","-9.775278284011096","14400.0","1725814800000.0","1725829200000.0"
"65d98576-b8e0-4de1-9693-5dc01dbd2918","SupertrendTrendTypeStrategy","BTC-USDT","Bybit Perpetual","long","56391.2","57923.6","1.3560526072668562","85.25928542405407","76469.43378690674","1992.7557299516782","26.05950680247984","97200.0","1725901200000.0","1725998400000.0"
"41bfd3b8-34f5-43d9-ace5-b0b7a05884dd","SupertrendTrendTypeStrategy","BTC-USDT","Bybit Perpetual","long","57923.6","56499.99999999999","1.354580680704556","85.2477988871662","78462.18951685842","-2013.62885593818","-25.66368423233373","32400.0","1725998400000.0","1726030800000.0"
"b653b54d-cd47-4cde-85e2-d6c6c13dfd55","SupertrendTrendTypeStrategy","BTC-USDT","Bybit Perpetual","short","56214.0","57660.9","1.3599558946333696","85.17566282818203","76448.56066092024","-2052.8958467732064","-26.85329624292883","43200.0","1726034400000.0","1726077600000.0"
"ca47fedd-9cb0-40de-8399-61c74edb90f7","SupertrendTrendTypeStrategy","BTC-USDT","Bybit Perpetual","long","57660.90000000001","57734.100000000006","1.2902272564969854","81.88717584490831","74395.66481414704","12.557459330667271","0.168792890849728","133200.0","1726077600000.0","1726210800000.0"
"b6c83769-8aeb-44dc-adf7-dace2a8d9407","SupertrendTrendTypeStrategy","BTC-USDT","Bybit Perpetual","long","59623.5","60304.6","1.2479680373255126","82.31653956744779","74408.2222734777","767.6744906549571","10.317065334976958","172800.0","1726243200000.0","1726416000000.0"
"f2a3c576-21c3-4abe-81d7-07ca8ae6b6f5","SupertrendTrendTypeStrategy","BTC-USDT","Bybit Perpetual","short","58242.1","58458.0","1.2907483892945595","82.8467563580327","75175.89676413266","-361.51933360673","-4.80897932938547","100800.0","1726455600000.0","1726556400000.0"
"dd3b9c14-b111-48b1-a56e-ea84ef88ac58","SupertrendTrendTypeStrategy","BTC-USDT","Bybit Perpetual","long","60247.5","59952.0","1.2417839317901311","82.09399424006435","74814.37743052593","-449.04114608404814","-6.002070210382174","79200.0","1726585200000.0","1726664400000.0"
"5107d4ce-8bbe-4a0c-b597-9bc0d7af2663","SupertrendTrendTypeStrategy","BTC-USDT","Bybit Perpetual","long","60588.0","62244.0","1.2273938120492818","82.91978019690056","74365.33628444189","1949.64437255671","26.21711229946524","54000.0","1726686000000.0","1726740000000.0"
"460ac4d2-5dfb-4e00-8c01-7509d67615bc","SupertrendTrendTypeStrategy","BTC-USDT","Bybit Perpetual","long","63856.600000000006","63152.5","1.1950993422292855","83.48367052692345","76314.9806569986","-924.9531173905704","-12.120203784730252","54000.0","1727046000000.0","1727100000000.0"
"663baade-ba3c-4e4b-81cb-812ef84ce5a4","SupertrendTrendTypeStrategy","BTC-USDT","Bybit Perpetual","long","63589.600000000006","63200.09999999999","1.1855716585669358","82.67505120501232","75390.02753960803","-544.4552122168511","-7.221846575540883","3600.0","1727107200000.0","1727110800000.0"
"70600872-67f0-4913-bf7e-8007bc57047d","SupertrendTrendTypeStrategy","BTC-USDT","Bybit Perpetual","long","63740.0","63588.0","1.174232386686401","82.23196373260335","74845.5723273912","-260.7152865089363","-3.483376215877","57600.0","1727200800000.0","1727258400000.0"
"d55fa564-dc98-473f-8a5e-c13652de330f","SupertrendTrendTypeStrategy","BTC-USDT","Bybit Perpetual","long","64405.200000000004","65699.8","1.1580564463875938","82.86791367649184","74584.85704088226","1416.3519618168855","18.989805947345843","64800.0","1727362800000.0","1727427600000.0"
"2a2aa7c4-dc32-42f6-a851-e709f60698c9","SupertrendTrendTypeStrategy","BTC-USDT","Bybit Perpetual","long","66203.1","65730.6","1.1480007583134197","83.3029932059024","76001.20900269916","-625.7333515089933","-8.233202599274053","72000.0","1727449200000.0","1727521200000.0"
"1ba968b2-7577-4ede-a840-88a6adc7d600","SupertrendTrendTypeStrategy","BTC-USDT","Bybit Perpetual","long","65634.4","65436.3","1.1484141799298873","82.78789774933495","75375.47565119018","-310.2887467934356","-4.116574311641324","7200.0","1727650800000.0","1727658000000.0"
"bf3900a1-f80e-4253-9fc6-e510a0e75357","SupertrendTrendTypeStrategy","BTC-USDT","Bybit Perpetual","short","64322.49999999999","63923.69999999999","1.167012894467671","82.3157329865639","75065.18690439676","383.0890093271467","5.103417777605083","93600.0","1727679600000.0","1727773200000.0"
"742be10e-0bf0-478f-9627-9ffd8df8826a","SupertrendTrendTypeStrategy","BTC-USDT","Bybit Perpetual","short","62838.899999999994","60778.7","1.2006619452874558","81.63262144827164","75448.2759137239","2391.9711182329415","31.703456298566614","25200.0","1727791200000.0","1727816400000.0"
"aa3c5021-5ee3-4e4c-9851-716e00f32270","SupertrendTrendTypeStrategy","BTC-USDT","Bybit Perpetual","short","60778.7","61194.0","1.2807158927709354","85.91680645579982","77840.24703195685","-617.798116723573","-7.936744040264153","190800.0","1727816400000.0","1728007200000.0"
"9496d9ec-2b68-48bd-b854-0fa011f5d5bc","SupertrendTrendTypeStrategy","BTC-USDT","Bybit Perpetual","long","62679.7","63647.899999999994","1.2320168876882516","85.60075511961949","77222.4489152333","1107.2379955401423","14.338291663808175","36000.0","1728226800000.0","1728262800000.0"
"af0d2209-c324-49ef-8a32-34238323b9a2","SupertrendTrendTypeStrategy","BTC-USDT","Bybit Perpetual","long","63647.9","62430.40000000001","1.230671976778078","85.33856687940076","78329.68691077344","-1583.681698606702","-20.218154330307723","79200.0","1728262800000.0","1728342000000.0"
"af823779-a46a-4abe-9dfc-1fd81502abcf","SupertrendTrendTypeStrategy","BTC-USDT","Bybit Perpetual","short","62430.40000000001","61174.2","1.2293050374844101","83.57126658993504","76746.00521216672","1460.6817214979953","19.032674306107467","158400.0","1728342000000.0","1728500400000.0"
"2da7c605-1d1d-4cb9-ac27-9dd7191a199a","SupertrendTrendTypeStrategy","BTC-USDT","Bybit Perpetual","short","61174.200000000004","59589.0","1.2784259856878342","84.91274714714939","78206.6869336647","1941.648125365211","24.827136930274598","82800.0","1728500400000.0","1728583200000.0"
"dc0be672-1007-4f5d-9544-9fccd16e7778","SupertrendTrendTypeStrategy","BTC-USDT","Bybit Perpetual","short","59589.0","60564.99999999999","1.3450189642220862","88.8851747449273","80148.3350590299","-1401.6236838256737","-17.48787024450809","43200.0","1728583200000.0","1728626400000.0"
"7d52fe71-c66e-4c70-b5ec-b5696e32b626","SupertrendTrendTypeStrategy","BTC-USDT","Bybit Perpetual","long","62880.0","62789.00000000001","1.2523331961705506","86.55870323625632","78746.71137520422","-200.52102408776733","-2.546405057251793","126000.0","1728669600000.0","1728795600000.0"
"d28f6624-68ed-4fc5-beb4-76cc7a7c24d9","SupertrendTrendTypeStrategy","BTC-USDT","Bybit Perpetual","long","64281.6","65895.7","1.2219078297851396","87.48556417165898","78546.19035111643","1884.795863884533","23.99601884520607","39600.0","1728878400000.0","1728918000000.0"
"902b4f15-5d47-496d-8f08-f4b6802c3aa0","SupertrendTrendTypeStrategy","BTC-USDT","Bybit Perpetual","long","65895.7","67646.7","1.2205801928654063","89.64956459124008","80430.98621500096","2047.5863531160862","25.457680546682106","82800.0","1728918000000.0","1729000800000.0"
"a228393f-6d94-4118-8022-9cf84a4b393d","SupertrendTrendTypeStrategy","BTC-USDT","Bybit Perpetual","long","67646.7","65342.7","1.2192549314026708","89.1813899758553","82478.57256811704","-2898.3447519276087","-35.14057847611192","3600.0","1729000800000.0","1729004400000.0"
"93cad0d0-0918-40f8-9584-cdedbf66d795","SupertrendTrendTypeStrategy","BTC-USDT","Bybit Perpetual","long","65342.7","67345.4","1.217890105798956","88.87973828099435","79580.22781618944","2350.188776602571","29.532320289795145","39600.0","1729004400000.0","1729044000000.0"
"02c48f39-8989-49d8-aa5c-a7c1b708a6a0","SupertrendTrendTypeStrategy","BTC-USDT","Bybit Perpetual","long","67345.4","67307.7","1.2165703461972461","90.09823266594282","81930.41659279201","-135.96293471757545","-1.6594927790167864","100800.0","1729044000000.0","1729144800000.0"
"43dc5007-3eed-463b-b69c-59c7e59972a1","SupertrendTrendTypeStrategy","BTC-USDT","Bybit Perpetual","long","68080.1","68071.6","1.201444381810168","89.96828227139692","81794.45365807443","-100.18055951678335","-1.224784261480227","122400.0","1729216800000.0","1729339200000.0"
"e7d59a1f-467a-4c54-90fb-6d4f02cdf5f2","SupertrendTrendTypeStrategy","BTC-USDT","Bybit Perpetual","long","68605.0","68304.3","1.1907918241900393","89.66676130256974","81694.27309855765","-447.73786283651106","-5.48065177465195","61200.0","1729440000000.0","1729501200000.0"
"b1ac1824-82f7-40c3-8440-d9d00b55350d","SupertrendTrendTypeStrategy","BTC-USDT","Bybit Perpetual","short","66965.1","67514.1","1.213266839528667","89.73753468148894","81246.53523572114","-755.8210295827271","-9.302809373838015","32400.0","1729602000000.0","1729634400000.0"
"06058515-b47f-4673-8e86-41c2582cd533","SupertrendTrendTypeStrategy","BTC-USDT","Bybit Perpetual","short","66472.8","67423.4","1.2108819578254326","89.17287104076212","80490.71420613842","-1240.237260149608","-15.408451426748856","36000.0","1729695600000.0","1729731600000.0"
"96cbc3c8-a699-49ad-a017-9d8fb6f6ff0d","SupertrendTrendTypeStrategy","BTC-USDT","Bybit Perpetual","long","67423.4","67636.9","1.175415018316917","87.31354774911357","79250.47694598882","163.6375586615482","2.0648148120682137","115200.0","1729731600000.0","1729846800000.0"
"c13d4f39-bbca-4e64-8ba5-8ea04e29d7ea","SupertrendTrendTypeStrategy","BTC-USDT","Bybit Perpetual","long","68288.4","66807.7","1.1629224656698702","86.40845934291085","79414.11450465037","-1808.3477542602843","-22.77111273657015","10800.0","1729868400000.0","1729879200000.0"
"61a5938d-2293-41b6-9739-4563dd5676a7","SupertrendTrendTypeStrategy","BTC-USDT","Bybit Perpetual","short","66807.7","67239.1","1.161629074947799","85.64196315604195","77605.76675039007","-586.7687460885327","-7.560891035015556","97200.0","1729879200000.0","1729976400000.0"
"eba322eb-d723-43e6-aad8-bb78b6794443","SupertrendTrendTypeStrategy","BTC-USDT","Bybit Perpetual","long","67816.8","68731.1","1.1356920114824283","85.2919975680858","77018.99800430154","953.0712085303018","12.374495036628137","57600.0","1730059200000.0","1730116800000.0"
"dd6a8c27-baf9-47f4-b71c-47356105b816","SupertrendTrendTypeStrategy","BTC-USDT","Bybit Perpetual","long","68731.1","69941.2","1.1344510594597184","86.52431570899375","77972.06921283185","1286.2749113432014","16.496611213846297","39600.0","1730116800000.0","1730156400000.0"
"910e5740-87ad-43bd-8f2c-da98804eb045","SupertrendTrendTypeStrategy","BTC-USDT","Bybit Perpetual","long","69941.2","71280.0","1.1332139586420458","88.01860930289905","79258.34412417506","1429.1282385270752","18.031265405798056","39600.0","1730156400000.0","1730196000000.0"
"f4ae4113-41bc-4d98-bc0c-f0fbf7d40cee","SupertrendTrendTypeStrategy","BTC-USDT","Bybit Perpetual","long","71280.0","73168.4","1.1319791296675383","89.93191576262765","80687.47236270213","2047.6974727015452","25.37813383838376","32400.0","1730196000000.0","1730228400000.0"
"c7ed7b56-5d9e-40ad-a342-b80a8fee63f3","SupertrendTrendTypeStrategy","BTC-USDT","Bybit Perpetual","long","73168.4","71909.9","1.1307500209845192","90.2260099231691","82735.16983540368","-1513.2749113321865","-18.290588081740207","82800.0","1730228400000.0","1730311200000.0"
"c09b071d-3692-4e4b-a21e-0fde363ddc66","SupertrendTrendTypeStrategy","BTC-USDT","Bybit Perpetual","long","72868.0","71322.2","1.1146442186429093","88.39642504823067","81221.89492407152","-1811.413458226443","-22.302033951803303","61200.0","1730322000000.0","1730383200000.0"
"f0534844-ca0f-48d3-81d0-7cf5f9819121","SupertrendTrendTypeStrategy","BTC-USDT","Bybit Perpetual","short","69424.9","71213.2","1.1438328534264373","88.47656357290995","79410.48146584506","-2133.992855355411","-26.872936871353115","43200.0","1730426400000.0","1730469600000.0"
"6b3d8389-d623-42d4-83b9-4fa1744aa862","SupertrendTrendTypeStrategy","BTC-USDT","Bybit Perpetual","long","71213.2","69381.0","1.0851427630058703","83.91062825782996","77276.48861048964","-2072.1091986371825","-26.814225593008","7200.0","1730469600000.0","1730476800000.0"
"4c1c1e0e-3f5f-49a1-afa3-3e6eac10a707","SupertrendTrendTypeStrategy","BTC-USDT","Bybit Perpetual","short","69381.0","68200.1","1.083933345034699","82.0208080651044","75204.37941185245","1197.9960790863654","15.929871218344996","126000.0","1730476800000.0","1730602800000.0"
"566394b3-3641-4091-8ef3-06ade4f6b800","SupertrendTrendTypeStrategy","BTC-USDT","Bybit Perpetual","short","68200.1","69139.8","1.120267792729612","84.62160664468811","76402.37549093882","-1137.3372514727014","-14.886150386876224","68400.0","1730602800000.0","1730671200000.0"
"62ff0c84-d14c-42ff-9697-ff2f6ce8c1ac","SupertrendTrendTypeStrategy","BTC-USDT","Bybit Perpetual","short","67736.9","68727.1","1.1111379209775782","83.39667888655634","75265.03823946611","-1183.6454482385673","-15.72636480264098","46800.0","1730739600000.0","1730786400000.0"
"91affa87-f6c1-42f4-af8a-9044c3510402","SupertrendTrendTypeStrategy","BTC-USDT","Bybit Perpetual","long","69615.3","73078.9","1.0641538970776188","83.51672396120523","74081.39279122755","3602.286713956826","48.62606625267709","39600.0","1730822400000.0","1730862000000.0"
"117145e6-2266-4a20-b23b-6f4a0a355e6d","SupertrendTrendTypeStrategy","BTC-USDT","Bybit Perpetual","long","73078.9","75817.9","1.0630110675610112","87.0534204784301","77683.67950518437","2824.5338935711798","36.359424676616655","61200.0","1730862000000.0","1730923200000.0"
"b9c15352-5993-424f-9c4a-c177c9376a49","SupertrendTrendTypeStrategy","BTC-USDT","Bybit Perpetual","long","76533.3","76065.9","1.0519370443814073","88.288613282632","80508.21339875557","-579.963987826511","-7.203786587015178","162000.0","1731009600000.0","1731171600000.0"
"6d50f1b6-8c22-4b93-8f1c-d6c4d22475bf","SupertrendTrendTypeStrategy","BTC-USDT","Bybit Perpetual","long","76880.0","79273.7","1.0396494460318553","89.28980923545348","79928.24941092903","2399.3190697309956","30.018411355358964","14400.0","1731200400000.0","1731214800000.0"
"f784e161-bf81-4d05-8459-3ced34c6d851","SupertrendTrendTypeStrategy","BTC-USDT","Bybit Perpetual","long","79273.7","81718.1","1.0385230975804085","91.95653655157508","82327.56848066003","2446.6093231739846","29.717983517862905","104400.0","1731214800000.0","1731319200000.0"
"56a0d33c-884e-47c4-a00c-c7d2b58a30bc","SupertrendTrendTypeStrategy","BTC-USDT","Bybit Perpetual","long","81718.1","84638.7","1.0373978078765171","94.91799880494372","84774.17780383403","2934.906038879203","34.62028314412585","28800.0","1731319200000.0","1731348000000.0"
"d1929812-6878-4471-9af0-24c710b08c80","SupertrendTrendTypeStrategy","BTC-USDT","Bybit Perpetual","long","84638.7","87989.2","1.03627635871904","98.389616393923","87709.08384271321","3373.6543234942205","38.46413821337048","14400.0","1731348000000.0","1731362400000.0"
"b869c629-8b9f-4741-b65b-d7bcadaf6939","SupertrendTrendTypeStrategy","BTC-USDT","Bybit Perpetual","long","87989.2","86603.5","1.0351581576626159","99.40208172033799","91082.73816620743","-1533.8207407934217","-16.839861994426556","115200.0","1731362400000.0","1731477600000.0"
"53398802-f832-41cd-988a-50831b8c27b7","SupertrendTrendTypeStrategy","BTC-USDT","Bybit Perpetual","long","92608.1","88769.2","0.9669663606683865","96.46216122887199","89548.91742541401","-3808.5493231987493","-42.53037817426347","82800.0","1731513600000.0","1731596400000.0"
"9ad1c948-fd56-4b3c-bb40-bfbe10aecbc3","SupertrendTrendTypeStrategy","BTC-USDT","Bybit Perpetual","long","91479.3","90379.5","0.9372652403572751","93.74746254119711","85740.36810221527","-1124.551773886131","-13.115779635392958","93600.0","1731704400000.0","1731798000000.0"
"b1579c47-06f5-4c27-8161-455574f4268b","SupertrendTrendTypeStrategy","BTC-USDT","Bybit Perpetual","long","92212.6","89553.6","0.9176166416338888","91.73542950360456","84615.81632832914","-2531.678079608115","-29.919679197853654","25200.0","1731913200000.0","1731938400000.0"
"5ae98266-1099-4a9f-9681-284b9ae44a90","SupertrendTrendTypeStrategy","BTC-USDT","Bybit Perpetual","long","93692.3","97591.2","0.8761033537304669","92.17126372481597","82084.13824872102","3323.6681021348963","40.49099098858704","122400.0","1732042800000.0","1732165200000.0"
"4f3bad92-7639-42df-a0d7-232f0c2890dc","SupertrendTrendTypeStrategy","BTC-USDT","Bybit Perpetual","long","97591.2","98495.70000000001","0.875158890871881","94.383956655178","85407.80635085591","697.1972601384512","8.163156155473184","187200.0","1732165200000.0","1732352400000.0"
"c500f154-a3f3-4b6c-a710-13082007cd37","SupertrendTrendTypeStrategy","BTC-USDT","Bybit Perpetual","short","94723.6","91124.2","0.9090132090734975","92.91595779248725","86105.00361099435","3178.986186946667","36.919877517324174","90000.0","1732564800000.0","1732654800000.0"
"0ea41655-3d33-4545-87c5-a9d2fa01f242","SupertrendTrendTypeStrategy","BTC-USDT","Bybit Perpetual","short","91124.2","93651.3","0.9798054720693408","99.57422530239168","89283.98979794102","-2575.6406337688286","-28.84773227090066","39600.0","1732654800000.0","1732694400000.0"
"68e8a7cf-6e96-432c-bb23-e13a6a9253ae","SupertrendTrendTypeStrategy","BTC-USDT","Bybit Perpetual","long","98082.0","96708.1","0.8840393666949307","94.71116415334322","86708.34916417219","-1309.2928500555033","-15.09996283721778","46800.0","1732892400000.0","1732939200000.0"
"ff2051bc-fc79-44fd-a9b5-95099c19bdd0","SupertrendTrendTypeStrategy","BTC-USDT","Bybit Perpetual","long","97185.6","96444.90000000001","0.8787212952753977","93.58098407065259","85399.0563141167","-744.449847481137","-8.717307656689847","39600.0","1733079600000.0","1733119200000.0"
"de45ce00-8ca8-4d7a-b77f-671ed1748322","SupertrendTrendTypeStrategy","BTC-USDT","Bybit Perpetual","short","95123.1","96215.4","0.8899479355344343","93.65471668479046","84654.60646663555","-1065.7448466690428","-12.58933082500453","75600.0","1733130000000.0","1733205600000.0"
"6c87febf-f89b-43e0-91bd-db4cefa0b21b","SupertrendTrendTypeStrategy","BTC-USDT","Bybit Perpetual","short","95298.6","95673.1","0.8771258089832011","92.12841377046847","83588.8616199665","-420.61202923467727","-5.031914792032621","21600.0","1733238000000.0","1733259600000.0"
"fa8c4e48-b2b9-46b6-a2e6-ea002bae441e","SupertrendTrendTypeStrategy","BTC-USDT","Bybit Perpetual","long","96298.9","95812.99999999999","0.8636469325270779","91.2542692253218","83168.24959073182","-510.9003137402365","-6.142973024614079","50400.0","1733277600000.0","1733328000000.0"
"88991cf8-2616-42f5-81d5-35030725a114","SupertrendTrendTypeStrategy","BTC-USDT","Bybit Perpetual","short","94895.3","97283.4","0.8710373356424564","92.06715254837702","82657.3492769916","-2172.19141379612","-26.279471006467038","10800.0","1733331600000.0","1733342400000.0"
"af85cd00-745b-4317-96f3-c06712687577","SupertrendTrendTypeStrategy","BTC-USDT","Bybit Perpetual","long","97283.4","101540.6","0.8273267367628546","90.4708261105758","80485.15786319549","3431.6245576362585","42.63673761402266","25200.0","1733342400000.0","1733367600000.0"
"58b9c0f0-88a7-4ead-a25a-37ef0dc534ef","SupertrendTrendTypeStrategy","BTC-USDT","Bybit Perpetual","long","101540.6","99111.6","0.8264357549672915","91.20438381606638","83916.78242083176","-2098.6168326316174","-25.008309090157038","61200.0","1733367600000.0","1733428800000.0"
"7fcdd9e0-2c7d-4fb2-be59-192f0b54c247","SupertrendTrendTypeStrategy","BTC-USDT","Bybit Perpetual","short","96616.6","99358.5","0.84683341773774","91.27704504847246","81818.16558820014","-2413.2095931435765","-29.494789766975792","61200.0","1733439600000.0","1733500800000.0"
"968ad918-8842-4ded-89a9-c3db56f9b05b","SupertrendTrendTypeStrategy","BTC-USDT","Bybit Perpetual","long","101200.0","99277.1","0.7846339525203218","86.51562664954649","79404.95599505656","-1595.2882539508687","-20.090537598814173","10800.0","1733702400000.0","1733713200000.0"
"2a606f9b-e4c4-4841-8a1d-5927bf9cea97","SupertrendTrendTypeStrategy","BTC-USDT","Bybit Perpetual","short","98459.3","94505.4","0.7902724043447972","83.87207258246987","77809.66774110569","3040.7859869564304","39.079796575844114","115200.0","1733738400000.0","1733853600000.0"
"518003d7-b352-43ce-93db-92ee12fd52bb","SupertrendTrendTypeStrategy","BTC-USDT","Bybit Perpetual","short","94505.4","97550.69999999998","0.8555114705409651","90.36840809554946","80850.45372806212","-2695.6574893339407","-33.34127843488297","39600.0","1733853600000.0","1733893200000.0"
"951caca3-2085-4f04-b5c5-b940175b2d6e","SupertrendTrendTypeStrategy","BTC-USDT","Bybit Perpetual","long","101449.8","99992.8","0.7703790075360244","85.352932644912","78154.79623872817","-1207.7951466248996","-15.453883891343304","14400.0","1734022800000.0","1734037200000.0"
"d79c22b5-2e20-4957-8325-1dce7b61e5ae","SupertrendTrendTypeStrategy","BTC-USDT","Bybit Perpetual","long","101704.10000000002","100952.0","0.756577179210113","84.32873926824743","76947.00109210327","-653.3504357521889","-8.490914869705552","86400.0","1734112800000.0","1734199200000.0"
"904699c6-97ca-4466-bf20-7715b60ab600","SupertrendTrendTypeStrategy","BTC-USDT","Bybit Perpetual","long","102327.0","104460.4","0.7455867039623079","84.79786479281444","76293.65065635108","1505.8368094403688","19.737380456770882","68400.0","1734238800000.0","1734307200000.0"
"7f6808c0-56e9-42fe-b8a8-f778881ef9f0","SupertrendTrendTypeStrategy","BTC-USDT","Bybit Perpetual","long","104460.39999999998","107026.9","0.7447749335230524","86.6307418891584","77799.48746579145","1824.8341249977664","23.45560599997717","64800.0","1734307200000.0","1734372000000.0"
"e94e71b5-32bc-47b6-8740-cd1d9935f413","SupertrendTrendTypeStrategy","BTC-USDT","Bybit Perpetual","long","107026.9","105907.6","0.7439655039134014","87.12875742617649","79624.32159078922","-919.8493459564381","-11.552366507859132","104400.0","1734372000000.0","1734476400000.0"
"7f2d770f-13bb-411b-baaf-53e3786faaeb","SupertrendTrendTypeStrategy","BTC-USDT","Bybit Perpetual","short","102782.1","98815.9","0.7657410409481102","84.90452430518143","78704.47224483277","2952.1775923032224","37.50965489127009","79200.0","1734552000000.0","1734631200000.0"
"4f1d45e0-5207-47da-afd9-501c6194e694","SupertrendTrendTypeStrategy","BTC-USDT","Bybit Perpetual","short","98815.9","94812.0","0.8263513244036232","88.00256938357079","81656.64983713599","3220.625498396091","39.44106823901815","57600.0","1734631200000.0","1734688800000.0"
"fdbf1b2a-e4af-46b3-a3f7-2ac5ca24b443","SupertrendTrendTypeStrategy","BTC-USDT","Bybit Perpetual","short","94812.0","97419.9","0.8952165900469569","94.64905230893619","84877.27533553207","-2429.2843974923894","-28.62114020377161","46800.0","1734688800000.0","1734735600000.0"
"4e79b946-7340-44c6-92f6-57581c7e5958","SupertrendTrendTypeStrategy","BTC-USDT","Bybit Perpetual","short","94795.4","96342.9","0.8697467486612187","91.43305323329794","82447.99093803969","-1437.3661467865338","-17.4336103334128","54000.0","1734897600000.0","1734951600000.0"
"3b4fab7f-8988-4fea-aa57-76b9d8b1f926","SupertrendTrendTypeStrategy","BTC-USDT","Bybit Perpetual","short","94881.7","96069.1","0.8538066327990873","89.66928276806058","81010.62479125315","-1103.4792785537043","-13.621414245318208","86400.0","1734962400000.0","1735048800000.0"
"79219c6e-9779-45f2-a797-2808ef0fa529","SupertrendTrendTypeStrategy","BTC-USDT","Bybit Perpetual","long","98567.1","98073.49999999999","0.8106878006221087","87.6777745398565","79907.14551269946","-487.8332729269458","-6.105001871821534","129600.0","1735066800000.0","1735196400000.0"
"4b5989b9-e68b-4569-85a8-bc4179c7a390","SupertrendTrendTypeStrategy","BTC-USDT","Bybit Perpetual","short","95845.6","96572.4","0.8286171951531685","87.6924749013403","79419.31223977252","-689.9314523386536","-8.687200038394964","93600.0","1735203600000.0","1735297200000.0"
"03f79507-c8f8-496e-9ff9-48b72f229e5e","SupertrendTrendTypeStrategy","BTC-USDT","Bybit Perpetual","short","95649.0","94991.7","0.8231072022439739","86.30475326595803","78729.38078743387","454.7236107690084","5.775780353166294","97200.0","1735311600000.0","1735408800000.0"
"7c6e6b99-7c8b-4df4-91a1-5d86ab9bed69","SupertrendTrendTypeStrategy","BTC-USDT","Bybit Perpetual","short","93850.1","91845.2","0.8437295687293127","86.1721384612332","79184.10439820288","1605.4212738841734","20.27453977140151","79200.0","1735491600000.0","1735570800000.0"
"ba385702-7169-4e21-933d-c83e88c1a2a7","SupertrendTrendTypeStrategy","BTC-USDT","Bybit Perpetual","short","91845.2","94570.4","0.8796270863592986","90.18691609395626","80789.52567208705","-2487.3466518403143","-30.78798434757611","14400.0","1735570800000.0","1735585200000.0"
"db91084e-06c2-491d-9b25-562f07d9c6a5","SupertrendTrendTypeStrategy","BTC-USDT","Bybit Perpetual","long","95389.4","93548.9","0.8208687655048331","85.30145199267","78302.17902024672","-1596.1104149043153","-20.383984646092753","28800.0","1735660800000.0","1735689600000.0"
"4006554a-d8cc-44bb-8115-e4de87f4536c","SupertrendTrendTypeStrategy","BTC-USDT","Bybit Perpetual","long","95698.7","96090.6","0.8015372058903873","84.54944280292031","76706.06860534241","229.5729881855295","2.9928921187018083","100800.0","1735794000000.0","1735894800000.0"
"73adb994-6c9c-45b9-ba60-b51ebe76b207","SupertrendTrendTypeStrategy","BTC-USDT","Bybit Perpetual","long","97822.3","97677.9","0.7864836708350544","84.56674321974302","76935.64159352795","-198.13498528833173","-2.575334151824366","86400.0","1735923600000.0","1736010000000.0"
"02cd2738-93d3-4bc4-8500-45abadd164e7","SupertrendTrendTypeStrategy","BTC-USDT","Bybit Perpetual","long","98244.9","100702.1","0.7810838690684159","85.46686087475479","76737.50660823961","1833.8124222001659","23.897211458304827","64800.0","1736110800000.0","1736175600000.0"
"c6551320-f669-4727-b1a7-6f5028ef95b5","SupertrendTrendTypeStrategy","BTC-USDT","Bybit Perpetual","long","100702.1","100712.3","0.7802351592512944","86.43282805272716","78571.31903043977","-78.47442942836622","-0.9987668578907779","79200.0","1736175600000.0","1736254800000.0"
"e0aea844-3319-4748-bc6c-9acee53c59d8","SupertrendTrendTypeStrategy","BTC-USDT","Bybit Perpetual","short","97915.3","95267.9","0.8016402400953826","85.17488475671688","78492.84460101141","2037.087486871806","25.952524682046718","54000.0","1736265600000.0","1736319600000.0"
"fa1a8123-cc0d-4742-a32f-c89fa623a352","SupertrendTrendTypeStrategy","BTC-USDT","Bybit Perpetual","short","95267.9","91926.8","0.8452997503658968","87.02959824890041","80529.93208788321","2737.20139769859","33.98986347972393","111600.0","1736319600000.0","1736431200000.0"
"a0b4b480-d6ab-411a-a2a0-f49f4bbb4e54","SupertrendTrendTypeStrategy","BTC-USDT","Bybit Perpetual","short","92810.9","93792.9","0.8971697665423114","92.07840822504949","83267.1334855818","-973.0991189695992","-11.68647314054707","50400.0","1736434800000.0","1736485200000.0"
"01a5ddb4-5517-423d-a149-cd143feec287","SupertrendTrendTypeStrategy","BTC-USDT","Bybit Perpetual","short","93913.9","95274.69999999998","0.8762710777277082","91.17927412868795","82294.0343666122","-1283.6089567005429","-15.597837274354362","7200.0","1736722800000.0","1736730000000.0"
"a06d0387-8a71-4955-b632-033d8290d759","SupertrendTrendTypeStrategy","BTC-USDT","Bybit Perpetual","short","93604.0","91607.3","0.8654590125412553","88.16103384521523","81010.42540991167","1639.900976495907","20.24308560531598","14400.0","1736751600000.0","1736766000000.0"
"8202114e-85c2-4128-a83b-3d5b5da39ee1","SupertrendTrendTypeStrategy","BTC-USDT","Bybit Perpetual","short","91607.3","94160.7","0.9022242374396753","92.18241567738148","82650.32638640757","-2395.921783555843","-28.98865483427624","39600.0","1736766000000.0","1736805600000.0"
"c962cc13-bb8a-4529-9eca-f2479300a6cc","SupertrendTrendTypeStrategy","BTC-USDT","Bybit Perpetual","long","95703.8","98916.1","0.838570721359567","89.76140246365975","80254.40460285173","2603.97932575968","32.44655964548955","75600.0","1736874000000.0","1736949600000.0"
"03ba3dd1-fe7a-4828-aa85-79b1e4f9aa36","SupertrendTrendTypeStrategy","BTC-USDT","Bybit Perpetual","long","98916.1","97586.7","0.837663271485748","90.53174806726031","82858.38392861141","-1204.1213011804211","-14.532280791499147","90000.0","1736949600000.0","1737039600000.0"
"38422394-2300-4533-950a-467522c0f4bd","SupertrendTrendTypeStrategy","BTC-USDT","Bybit Perpetual","long","101636.2","103946.2","0.8033974374035137","90.84040533439526","81654.26262743099","1765.0076750677213","21.615621992951333","50400.0","1737079200000.0","1737129600000.0"
"b86e860e-0674-47aa-9e07-a7a728fda415","SupertrendTrendTypeStrategy","BTC-USDT","Bybit Perpetual","long","104923.9","102781.0","0.7950454596378778","90.8241607292467","83419.27030249871","-1794.5270761872503","-21.512140656227935","54000.0","1737133200000.0","1737187200000.0"
"53830536-1f0b-4b6f-baf8-8ff100de9c70","SupertrendTrendTypeStrategy","BTC-USDT","Bybit Perpetual","long","104327.4","103396.7","0.7823902754819103","89.38672370277754","81624.74322631145","-817.5573530937892","-10.016048085162643","118800.0","1737208800000.0","1737327600000.0"
"c480e3e0-cbe0-4c94-977d-a3b61732df87","SupertrendTrendTypeStrategy","BTC-USDT","Bybit Perpetual","short","99769.4","107554.0","0.8099395794022783","92.35568506793767","80807.18587321766","-6397.411334882919","-79.16884204976682","21600.0","1737334800000.0","1737356400000.0"
"e7d847b0-3ada-4d2f-8964-d8a4ab02d499","SupertrendTrendTypeStrategy","BTC-USDT","Bybit Perpetual","long","107178.80000000002","103907.00000000001","0.6942583284971909","80.6014410726208","74409.77453833474","-2352.075840249732","-31.60976974924148","39600.0","1737360000000.0","1737399600000.0"
"c1464283-8bca-4faa-a3c0-c287500d619a","SupertrendTrendTypeStrategy","BTC-USDT","Bybit Perpetual","short","101188.0","104493.0","0.712117036586206","80.55791931114808","72057.698698085","-2434.104725228559","-33.77993981499783","43200.0","1737421200000.0","1737464400000.0"
"143daf8f-e6b6-456e-b47d-3d8781c48d6d","SupertrendTrendTypeStrategy","BTC-USDT","Bybit Perpetual","long","105235.20000000001","103184.8","0.6615998636659258","75.83985397188876","69623.59397285644","-1432.3842144325088","-20.57325875752608","36000.0","1737648000000.0","1737684000000.0"
"4ae239ee-d31f-44ba-acad-3a93f08116cb","SupertrendTrendTypeStrategy","BTC-USDT","Bybit Perpetual","long","104580.1","104370.90000000001","0.6520476625899567","74.93530613020873","68191.20975842394","-211.34367714402578","-3.099280360221467","72000.0","1737694800000.0","1737766800000.0"
"03c70c54-1bba-40d4-b3bb-842a30b7675c","SupertrendTrendTypeStrategy","BTC-USDT","Bybit Perpetual","short","102560.1","100363.5","0.6628295612161055","73.97706841161589","67979.8660812799","1381.9943457556853","20.329465552393238","18000.0","1737936000000.0","1737954000000.0"
"e782c3cf-4350-4769-ac9b-7b74ada3c884","SupertrendTrendTypeStrategy","BTC-USDT","Bybit Perpetual","short","100363.5","102021.3","0.6911064323886232","76.92819040372677","69361.86042703559","-1222.6444340175885","-17.627042101959407","68400.0","1737954000000.0","1738022400000.0"
"70450b20-b4dd-4fbc-ba49-fc5cb5ccdf97","SupertrendTrendTypeStrategy","BTC-USDT","Bybit Perpetual","short","100298.7","102763.3","0.6793629029391008","75.87403438814084","68139.21599301799","-1750.2318449718528","-25.68611656980605","32400.0","1738101600000.0","1738134000000.0"
"c920d440-8a73-4d33-9d46-9338a9288385","SupertrendTrendTypeStrategy","BTC-USDT","Bybit Perpetual","long","103550.5","105879.80000000002","0.641126640122898","73.84923951841182","66388.98414804615","1419.5270433198657","21.38196662498025","68400.0","1738180800000.0","1738249200000.0"
"463a7a0a-3616-458f-819a-a176475921f9","SupertrendTrendTypeStrategy","BTC-USDT","Bybit Perpetual","long","105407.0","102600.1","0.6433017844295541","73.5962362322092","67808.51119136601","-1879.2800149475208","-27.714515212462114","10800.0","1738339200000.0","1738350000000.0"
"b8d501f6-42db-4c01-a5fd-49d73b364adc","SupertrendTrendTypeStrategy","BTC-USDT","Bybit Perpetual","short","102600.10000000002","100615.1","0.6425844728847094","71.82061269578845","65929.23117641849","1203.7095659803692","18.257600528654596","100800.0","1738350000000.0","1738450800000.0"
"71634163-6c7a-4e1e-b4cc-b89540e14418","SupertrendTrendTypeStrategy","BTC-USDT","Bybit Perpetual","short","100615.1","98124.4","0.6672253045755441","72.93221288028025","67132.94074239883","1588.925853226035","23.668348736919324","50400.0","1738450800000.0","1738501200000.0"
"93fbe372-ae97-4b84-8a4f-7e953e0a9b56","SupertrendTrendTypeStrategy","BTC-USDT","Bybit Perpetual","short","98124.4","93408.4","0.7003545152441683","73.77747371354702","68721.86659562486","3229.0944201779507","46.987874167893004","46800.0","1738501200000.0","1738548000000.0"
"fe782e23-4042-4572-8c9b-5bdfb1733cd6","SupertrendTrendTypeStrategy","BTC-USDT","Bybit Perpetual","short","93408.4","98802.70000000001","0.7702836256247063","81.43138464632214","71950.96101580281","-4236.572346353689","-58.881386524124366","50400.0","1738548000000.0","1738598400000.0"
"a60acaf7-9b5a-4a8f-b164-e4341fabddf1","SupertrendTrendTypeStrategy","BTC-USDT","Bybit Perpetual","long","101831.9","98245.0","0.6649624397605185","73.1739929600467","67714.38866944914","-2458.3277681370464","-36.30436331837071","46800.0","1738612800000.0","1738659600000.0"
"810db5f3-7f22-4bef-81bb-7a102e3eb8fe","SupertrendTrendTypeStrategy","BTC-USDT","Bybit Perpetual","short","96456.5","98333.00000000001","0.6765335762889187","72.47990038219169","65256.06090131209","-1341.9951562883577","-20.565065340334915","118800.0","1738706400000.0","1738825200000.0"
"0657b326-5f27-4823-abf9-f2f774bf77a6","SupertrendTrendTypeStrategy","BTC-USDT","Bybit Perpetual","short","96542.5","97703.8","0.6620303570450708","70.72832103902618","63914.065745023756","-839.5441746754689","-13.13551508403038","68400.0","1738861200000.0","1738929600000.0"
"869f37b4-a3bd-4548-898c-f31f66dd433a","SupertrendTrendTypeStrategy","BTC-USDT","Bybit Perpetual","long","99672.7","96840.1","0.6328164238587726","68.39609003616081","63074.521570348275","-1860.9118922585144","-29.503384979036294","18000.0","1738940400000.0","1738958400000.0"
"baaeaac8-88ae-4a05-a170-aaf75dff5b9b","SupertrendTrendTypeStrategy","BTC-USDT","Bybit Perpetual","short","95717.5","96499.4","0.639523699199099","67.60999461512081","61213.60967808976","-567.6535750188926","-9.273323007809378","90000.0","1738962000000.0","1739052000000.0"
"772c67ae-800a-47b2-97f0-1c8ca1ee5d0d","SupertrendTrendTypeStrategy","BTC-USDT","Bybit Perpetual","short","96438.0","96905.2","0.6288595377659312","66.8721434602023","60645.95610307087","-360.67531950444356","-5.947227856239213","46800.0","1739116800000.0","1739163600000.0"
"478fa9c0-7e18-4140-9f38-780015d6a43a","SupertrendTrendTypeStrategy","BTC-USDT","Bybit Perpetual","long","98175.3","96730.8","0.6140575153176658","65.82595551744109","60285.28078356644","-952.8320363938094","-15.805384399130942","86400.0","1739196000000.0","1739282400000.0"
"3ecbc7ae-b84b-4339-92e5-175585cc1094","SupertrendTrendTypeStrategy","BTC-USDT","Bybit Perpetual","short","96963.3","94988.0","0.6119062443952777","64.60090949938521","59332.44874717264","1144.0974950546088","19.282829534473382","14400.0","1739289600000.0","1739304000000.0"
"4793f1fb-5790-4a91-8829-65c307398ee7","SupertrendTrendTypeStrategy","BTC-USDT","Bybit Perpetual","short","94988.0","97320.0","0.6366756457892285","67.34080104973924","60476.54624222724","-1552.0684070302202","-25.663972291236785","79200.0","1739304000000.0","1739383200000.0"
"82e08174-ed3a-4e5d-bd39-4a3292d6a0b5","SupertrendTrendTypeStrategy","BTC-USDT","Bybit Perpetual","long","97610.0","96018.5","0.603672552353212","64.28851594182817","58924.47783519703","-1025.033383011965","-17.39571432230304","36000.0","1739397600000.0","1739433600000.0"
"0a5d1776-0ae1-4f7f-9fc8-c4d11d94d9e8","SupertrendTrendTypeStrategy","BTC-USDT","Bybit Perpetual","short","96219.7","96560.6","0.6017421011724737","63.802212532662914","57899.44445218507","-268.93609482236445","-4.6448821291274935","10800.0","1739480400000.0","1739491200000.0"
"4063e49c-02df-431f-875f-57428b31c171","SupertrendTrendTypeStrategy","BTC-USDT","Bybit Perpetual","long","97626.8","97442.9","0.5903144255200693","63.333851840529746","57630.508357362705","-171.89267469367564","-2.9826680276318465","136800.0","1739552400000.0","1739689200000.0"
"0089ff15-a759-4c8e-a1b0-2856a24f3a88","SupertrendTrendTypeStrategy","BTC-USDT","Bybit Perpetual","short","96828.5","95294.4","0.5934060290376183","62.70378794690529","57458.61568266902","847.6404011997083","14.752189747853222","79200.0","1739732400000.0","1739811600000.0"
"303927f2-1d2d-4124-99e6-150c8aa62de2","SupertrendTrendTypeStrategy","BTC-USDT","Bybit Perpetual","short","95294.4","96194.3","0.6118539608189856","64.43971575089317","58306.256083868735","-615.0470950919035","-10.548560933276336","75600.0","1739811600000.0","1739887200000.0"
"ff023b73-83df-4279-9477-3f035a499923","SupertrendTrendTypeStrategy","BTC-USDT","Bybit Perpetual","short","95495.4","95788.2","0.6041255284419651","63.557618262754815","57691.20898877683","-240.44557299056396","-4.167802637613989","43200.0","1739890800000.0","1739934000000.0"
"9e688c22-b9c9-4340-81f7-39664e04306c","SupertrendTrendTypeStrategy","BTC-USDT","Bybit Perpetual","long","97505.3","98861.4","0.589206570471413","63.63530242398386","57450.76341578627","735.3877277922942","12.800312547112732","72000.0","1740070800000.0","1740142800000.0"
"80142c4e-ec7e-450c-97e5-6b498b7537de","SupertrendTrendTypeStrategy","BTC-USDT","Bybit Perpetual","long","98740.1","96929.5","0.5892859248023706","63.417937655440475","58186.15114357856","-1130.3790331026162","-19.42694285300507","10800.0","1740150000000.0","1740160800000.0"
"e75e938b-eb1d-4b05-b40a-91724eff4121","SupertrendTrendTypeStrategy","BTC-USDT","Bybit Perpetual","short","96929.5","96146.6","0.5886316561054781","62.5078874735628","57055.77211047594","398.3318360914126","6.9814467731701315","147600.0","1740160800000.0","1740308400000.0"
"b415795a-dee6-4a27-abd0-cad26135806b","SupertrendTrendTypeStrategy","BTC-USDT","Bybit Perpetual","short","95600.1","92380.2","0.6009837222614552","62.135205223203776","57454.10394656735","1872.9722820864613","32.599451621912614","104400.0","1740333600000.0","1740438000000.0"
"541bb9f5-f81d-4ce0-8eed-96349ebe36f8","SupertrendTrendTypeStrategy","BTC-USDT","Bybit Perpetual","short","92380.2","89262.9","0.6422055400253931","64.15871282006256","59327.076228653816","1937.788617101097","32.662803230562425","32400.0","1740438000000.0","1740470400000.0"
"08e6cf71-0b36-4d63-9b14-a205dcb2d3e3","SupertrendTrendTypeStrategy","BTC-USDT","Bybit Perpetual","short","89262.9","86010.0","0.6863418603446103","66.16342053969717","61264.86484575491","2166.4380169752817","35.361834591974876","122400.0","1740470400000.0","1740592800000.0"
"007b6a4b-baef-49c4-a498-4fb8d0cdff9c","SupertrendTrendTypeStrategy","BTC-USDT","Bybit Perpetual","short","86010.0","86980.0","0.7374875347370096","70.16788274878542","63431.30286273019","-785.5307914436846","-12.383961167306126","61200.0","1740592800000.0","1740654000000.0"
"9c56ecf8-7468-4800-a071-8ddd17b5658e","SupertrendTrendTypeStrategy","BTC-USDT","Bybit Perpetual","short","81606.8","84310.3","0.7676538238392695","70.05179294042736","62645.7720712865","-2145.4039056898923","-34.24658735546547","54000.0","1740708000000.0","1740762000000.0"
"538b93fa-401f-428e-97d1-28dedfa54acc","SupertrendTrendTypeStrategy","BTC-USDT","Bybit Perpetual","long","91165.4","90009.5","0.6636330029330931","66.12850361870656","60500.36816559661","-833.2218917090651","-13.772178863911025","82800.0","1740934800000.0","1741017600000.0"
"9a19a171-4f76-431c-a09e-9ce7d0a1b9ab","SupertrendTrendTypeStrategy","BTC-USDT","Bybit Perpetual","short","87095.8","82782.4","0.6850748976860829","64.00860976625276","59667.14627388754","2890.993453912903","48.4520147929063","68400.0","1741028400000.0","1741096800000.0"
"d6abe951-fc23-4623-8bb7-3d8e778ea8da","SupertrendTrendTypeStrategy","BTC-USDT","Bybit Perpetual","short","83507.4","88165.3","0.7491328879572403","70.73311604392931","62558.139727800444","-3560.119194859966","-56.90896836687539","10800.0","1741107600000.0","1741118400000.0"
"d13cb458-458e-45ef-9562-a4956745c2e9","SupertrendTrendTypeStrategy","BTC-USDT","Bybit Perpetual","long","88165.3","91776.0","0.6691750669814596","66.226727314127","58998.02053294048","2349.963687035827","39.831229349868906","111600.0","1741118400000.0","1741230000000.0"
"99160571-15cb-4c92-a9ec-b1f961914b7a","SupertrendTrendTypeStrategy","BTC-USDT","Bybit Perpetual","short","88585.0","89104.8","0.692532417677669","67.68077073486381","61347.984219976315","-427.6591214437182","-6.971037873229134","72000.0","1741284000000.0","1741356000000.0"
"dad3d97a-5a90-4be9-bbcd-064b41bc4cff","SupertrendTrendTypeStrategy","BTC-USDT","Bybit Perpetual","short","87220.0","85753.0","0.698467382464258","66.44879920084455","60920.32509853258","958.202850874222","15.728787548727361","144000.0","1741366800000.0","1741510800000.0"
"90a327d8-9deb-47ee-bf5a-df5224c580ee","SupertrendTrendTypeStrategy","BTC-USDT","Bybit Perpetual","short","83425.9","80319.2","0.7417184345557772","66.79901758099857","61878.52794940681","2237.4976430534325","36.15951634923923","32400.0","1741528800000.0","1741561200000.0"
"b4aa04f7-9166-4387-a52b-3c977f4976e4","SupertrendTrendTypeStrategy","BTC-USDT","Bybit Perpetual","short","80319.2","83540.2","0.7982652415918018","71.94179494044823","64116.025592460246","-2643.1541381076418","-41.2245474307513","46800.0","1741561200000.0","1741608000000.0"
"904caa8f-a86c-4237-8875-b7bc80f690bd","SupertrendTrendTypeStrategy","BTC-USDT","Bybit Perpetual","short","79813.7","81083.8","0.770204506924909","68.1581888091228","61472.87145435261","-1046.3949330544542","-17.022060435739803","64800.0","1741618800000.0","1741683600000.0"
"80287d4e-6125-482a-b067-d8a1e34bb9ec","SupertrendTrendTypeStrategy","BTC-USDT","Bybit Perpetual","short","81966.5","82112.7","0.7372094272818548","66.5284031834757","60426.47652129815","-174.30842145208072","-2.8846365283377606","54000.0","1741878000000.0","1741932000000.0"
"88961995-288c-49f4-a326-48d6563975b9","SupertrendTrendTypeStrategy","BTC-USDT","Bybit Perpetual","long","84692.2","83921.9","0.7114252327823114","65.97597893858396","60252.16809984607","-613.9868357508004","-10.190286177475643","126000.0","1741968000000.0","1742094000000.0"
"d92cad2a-a0a3-4192-ae85-c0d6eff90f02","SupertrendTrendTypeStrategy","BTC-USDT","Bybit Perpetual","short","82367.9","83500.1","0.7240463974933836","66.05287032268791","59638.18126409527","-885.8182015647053","-14.853206164051914","75600.0","1742126400000.0","1742202000000.0"
"c5927e13-4c71-4782-a03a-7513f8747d6a","SupertrendTrendTypeStrategy","BTC-USDT","Bybit Perpetual","short","82971.4","84164.5","0.7081037931447531","65.09226061836418","58752.36306253057","-909.9308962193733","-15.487562521543637","14400.0","1742220000000.0","1742234400000.0"
"d55a3c28-9e3d-47e8-aa9d-118f7168ddeb","SupertrendTrendTypeStrategy","BTC-USDT","Bybit Perpetual","long","84164.5","83325.3","0.6872545095178038","63.30946619152928","57842.43216631119","-640.0534505788683","-11.06546572486021","32400.0","1742234400000.0","1742266800000.0"
"a83f2aa4-1bc4-4d05-b7a4-abff9b48720c","SupertrendTrendTypeStrategy","BTC-USDT","Bybit Perpetual","short","81330.4","82562.3","0.7033333011485536","63.39915654883226","57202.378715732324","-929.8354502337417","-16.25518852729126","43200.0","1742306400000.0","1742349600000.0"
"60fc5712-ab0b-4cd9-ad06-1cceca991508","SupertrendTrendTypeStrategy","BTC-USDT","Bybit Perpetual","long","84188.0","86809.8","0.6684152523578014","62.863645701795875","56272.543265498585","1689.5874629298899","30.02507732693499","21600.0","1742407200000.0","1742428800000.0"
"fee50b04-1287-4dc2-a31a-9befee67067e","SupertrendTrendTypeStrategy","BTC-USDT","Bybit Perpetual","long","86809.8","83769.5","0.6676910985675404","62.64185411543513","57962.13072842847","-2092.6231010903302","-36.10328113876547","61200.0","1742428800000.0","1742490000000.0"
"6d22bc5a-8ffc-4f75-b5e9-12f6d9c9e6ee","SupertrendTrendTypeStrategy","BTC-USDT","Bybit Perpetual","short","83769.5","84318.9","0.6669433102422497","61.65798865012786","55869.50762733814","-428.07664329721604","-7.66208011269011","129600.0","1742490000000.0","1742619600000.0"
"b9004bc8-629b-4002-94ff-ebb132850e9f","SupertrendTrendTypeStrategy","BTC-USDT","Bybit Perpetual","long","85036.7","86044.2","0.6519706313161366","61.34684730852307","55441.43098404091","595.5135637424846","10.741309399353458","36000.0","1742738400000.0","1742774400000.0"
"c6f091ae-42bb-48f0-97ff-208aa33232e7","SupertrendTrendTypeStrategy","BTC-USDT","Bybit Perpetual","long","86044.2","87368.5","0.6512576623152218","62.11499228977397","56036.9445477834","800.3455299142761","14.282461978843465","32400.0","1742774400000.0","1742806800000.0"
"91649ba0-69e2-444c-9b08-4d3beb5f41b4","SupertrendTrendTypeStrategy","BTC-USDT","Bybit Perpetual","long","87368.5","86477.4","0.6505467082266225","62.202182891032024","56837.29007769767","-641.9043545917792","-11.29371850266407","68400.0","1742806800000.0","1742875200000.0"
"44e2c562-96b4-4de6-a049-6f1b7bcb8db2","SupertrendTrendTypeStrategy","BTC-USDT","Bybit Perpetual","long","88051.4","87120.6","0.6382111553377448","61.48819847655289","56195.385723105894","-655.5351418649183","-11.665284140853961","28800.0","1742932800000.0","1742961600000.0"
"31a8e637-de3e-4260-ac76-1315f9b0a4be","SupertrendTrendTypeStrategy","BTC-USDT","Bybit Perpetual","short","85680.1","84011.1","0.6482234565697399","60.49879891740689","55539.85058124098","1021.386150097489","18.39014940458753","32400.0","1743145200000.0","1743177600000.0"
"4c1daaba-ff31-462c-a7fa-cfd8c4b4efb4","SupertrendTrendTypeStrategy","BTC-USDT","Bybit Perpetual","short","84011.1","82255.1","0.673259089945715","61.56712677540274","56561.23673133847","1120.675835169273","19.81349595470122","72000.0","1743177600000.0","1743249600000.0"
"42dbff0b-96ac-413e-a308-84105dd83071","SupertrendTrendTypeStrategy","BTC-USDT","Bybit Perpetual","short","82255.1","83148.0","0.7012563666752304","63.79448731855089","57681.912566507744","-689.94629712286","-11.961224349614724","68400.0","1743249600000.0","1743318000000.0"
"2a03e6ed-4e71-4d4a-8c3e-84e3a14b250b","SupertrendTrendTypeStrategy","BTC-USDT","Bybit Perpetual","short","82381.4","82462.1","0.691806236230325","62.72186871611848","56991.966269384895","-118.55063197991376","-2.0801288276238528","72000.0","1743357600000.0","1743429600000.0"
"56728b06-7792-4719-af15-a5fe4ec7d243","SupertrendTrendTypeStrategy","BTC-USDT","Bybit Perpetual","long","85245.4","82784.3","0.6671728402635799","61.65766870870049","56873.41563740497","-1703.636745881391","-29.95488712587414","111600.0","1743523200000.0","1743634800000.0"
"f034a582-aad4-44e2-8a09-bcf72f43f30a","SupertrendTrendTypeStrategy","BTC-USDT","Bybit Perpetual","short","82485.1","83154.1","0.6688453901555987","60.9328584419837","55169.77889152358","-508.39042445607924","-9.215016530258191","108000.0","1743638400000.0","1743746400000.0"
"a6c97ba0-f972-4d15-97ed-d81bf620d524","SupertrendTrendTypeStrategy","BTC-USDT","Bybit Perpetual","short","82534.7","83354.8","0.6622837239011894","60.4262536988585","54661.388467067496","-603.5651356702278","-11.041891774005428","7200.0","1743778800000.0","1743786000000.0"
"4036f013-bfe5-4b1d-8644-7adf08387caf","SupertrendTrendTypeStrategy","BTC-USDT","Bybit Perpetual","short","81932.5","79066.6","0.6597848635327528","58.423623072317824","54057.82333139727","1832.4538173261944","33.89803185549073","7200.0","1743958800000.0","1743966000000.0"
"5bb3a90f-dcf3-47c6-8bba-f111c8053848","SupertrendTrendTypeStrategy","BTC-USDT","Bybit Perpetual","short","79066.6","74781.4","0.7068759393817802","59.813297237104464","55890.277148723464","2969.2914782017083","53.12715609372367","43200.0","1743966000000.0","1744009200000.0"
"776c2d6b-8337-4252-b533-574a69632be6","SupertrendTrendTypeStrategy","BTC-USDT","Bybit Perpetual","short","74781.4","78999.2","0.7870883485321909","66.57140516965919","58859.568626925175","-3386.352641608736","-57.532746511833196","28800.0","1744009200000.0","1744038000000.0"
"e4bcedad-b02d-4b83-9648-852224a9224f","SupertrendTrendTypeStrategy","BTC-USDT","Bybit Perpetual","short","76038.0","78227.9","0.7295459636670669","61.89923557205706","55473.215985316434","-1659.5319414065627","-29.91591368789282","54000.0","1744164000000.0","1744218000000.0"
"91f450b2-ea70-4260-a5c0-d8560593ab6a","SupertrendTrendTypeStrategy","BTC-USDT","Bybit Perpetual","long","82161.9","78731.7","0.6549712706730234","57.959377099336436","53813.68404390988","-2304.6418297619393","-42.82631584712619","79200.0","1744221600000.0","1744300800000.0"
"f1729eb6-6663-4682-8db6-d7a19740491c","SupertrendTrendTypeStrategy","BTC-USDT","Bybit Perpetual","short","78731.7","80832.9","0.6542351075125769","57.41601977991073","51509.04221414794","-1432.0948276853353","-27.802785028139837","46800.0","1744300800000.0","1744347600000.0"
"e56ee83d-cbb0-45a7-8d81-cd1421dfa378","SupertrendTrendTypeStrategy","BTC-USDT","Bybit Perpetual","long","82877.5","84786.2","0.6042284985244801","55.71895213943239","50076.947386462605","1097.5719829942411","21.917709450695266","90000.0","1744380000000.0","1744470000000.0"
"0f7d3ec3-1f14-441c-89d5-6d99033592f0","SupertrendTrendTypeStrategy","BTC-USDT","Bybit Perpetual","long","85475.1","84420.0","0.5987067504975934","55.944538785555025","51174.519369456844","-687.6400312355693","-13.437156610521727","57600.0","1744491600000.0","1744549200000.0"
"1c25dcfb-cf0d-41c3-bee9-b180d7569c68","SupertrendTrendTypeStrategy","BTC-USDT","Bybit Perpetual","long","85000.1","84514.2","0.5939625875525002","55.37683374033294","50486.879338221275","-343.983255032098","-6.813319807859151","147600.0","1744822800000.0","1744970400000.0"
"6b2005e2-c4cf-4f61-93fd-5eab66a663d1","SupertrendTrendTypeStrategy","BTC-USDT","Bybit Perpetual","long","85146.3","84910.0","0.5889028188328697","55.08064893665848","50142.896083189175","-194.23838502686726","-3.873696978024915","54000.0","1745078400000.0","1745132400000.0"
"23df4330-8d65-4b6c-9bc6-98729c1cb871","SupertrendTrendTypeStrategy","BTC-USDT","Bybit Perpetual","short","84084.6","85097.2","0.594028605691914","55.27435581934654","49948.657698162315","-656.7877219429733","-13.149256700989135","32400.0","1745150400000.0","1745182800000.0"
"ea43805f-1c02-48c2-a93d-4c87350ab0e2","SupertrendTrendTypeStrategy","BTC-USDT","Bybit Perpetual","long","84967.9","86600.0","0.5801234345702241","54.74180767550041","49291.86997621934","892.0776498865657","18.09786584110006","10800.0","1745186400000.0","1745197200000.0"
"93bd4ffe-3483-4958-9367-5bacbb4b3d95","SupertrendTrendTypeStrategy","BTC-USDT","Bybit Perpetual","long","86600.0","88434.9","0.5794913120797448","55.78716212341081","50183.9476261059","1007.5214464117096","20.076568187066908","111600.0","1745197200000.0","1745308800000.0"
"9fbf9a91-746e-4f1c-8390-b26a224155af","SupertrendTrendTypeStrategy","BTC-USDT","Bybit Perpetual","long","90180.6","92974.3","0.5676550064261893","57.18283776506843","51191.469072517604","1528.6749536877749","29.86190827073669","28800.0","1745330400000.0","1745359200000.0"
"6e3bb2fa-b818-45c1-8d8a-aac8aaad4638","SupertrendTrendTypeStrategy","BTC-USDT","Bybit Perpetual","long","92974.3","92706.2","0.5670399672404673","57.90854555045648","52720.14402620539","-209.93196076762905","-3.982006586766512","111600.0","1745359200000.0","1745470800000.0"
"da78cb03-9f8f-4580-bde4-f6af70d08a32","SupertrendTrendTypeStrategy","BTC-USDT","Bybit Perpetual","long","94369.0","94228.0","0.5564349740427232","57.71808173974452","52510.21206543775","-136.1754130797685","-2.5933129523466394","75600.0","1745586000000.0","1745661600000.0"
"a5710603-3b3b-4a31-ab8f-5d5fd1c7f2c3","SupertrendTrendTypeStrategy","BTC-USDT","Bybit Perpetual","long","94539.8","93677.5","0.5539892897209215","57.348702587104285","52374.03665235798","-535.0536671134565","-10.21600971231167","36000.0","1745823600000.0","1745859600000.0"
"02fcf22d-4854-46e9-88dd-a5680a296d0a","SupertrendTrendTypeStrategy","BTC-USDT","Bybit Perpetual","long","96768.2","96657.1","0.5357026686994749","56.99014717219811","51838.982985244525","-116.5067136647051","-2.2474729818265846","122400.0","1746111600000.0","1746234000000.0"
"305970aa-9bd5-4f05-b6ea-d49a8f48a647","SupertrendTrendTypeStrategy","BTC-USDT","Bybit Perpetual","short","94230.2","95010.5","0.5488949006961655","57.130290378795074","51722.47627157981","-485.4329813920146","-9.38533914817121","82800.0","1746403200000.0","1746486000000.0"
"5959f17d-d6ea-4ac9-bbde-5543130f298c","SupertrendTrendTypeStrategy","BTC-USDT","Bybit Perpetual","short","94291.3","95027.6","0.5433909946112504","56.580801953339325","51237.043290187794","-456.6795912856046","-8.913074642093205","57600.0","1746500400000.0","1746558000000.0"
"3c69f092-28bd-4276-b193-f2e5eaee90d2","SupertrendTrendTypeStrategy","BTC-USDT","Bybit Perpetual","long","95027.6","96798.9","0.5343748942296994","56.3789961063744","50780.36369890219","890.1592540426859","17.529595875303468","18000.0","1746558000000.0","1746576000000.0"
"095c5f89-3dfd-4327-b2c9-7b6931a8c7a2","SupertrendTrendTypeStrategy","BTC-USDT","Bybit Perpetual","long","96798.9","99097.9","0.5337924599654013","57.51252912424262","51670.52295294488","1169.676336336215","22.637207240991376","100800.0","1746576000000.0","1746676800000.0"
"6d8996be-8912-45b3-8815-29a0bdbee5e5","SupertrendTrendTypeStrategy","BTC-USDT","Bybit Perpetual","long","99097.9","101235.9","0.5332120992400554","58.75122332570558","52840.19928928108","1081.256244849533","20.462758645743254","46800.0","1746676800000.0","1746723600000.0"
"e253c152-0f0c-4df4-9f3b-50280c333130","SupertrendTrendTypeStrategy","BTC-USDT","Bybit Perpetual","long","101235.9","103597.4","0.5326317594265535","60.00539653248089","53921.455534130626","1197.8045033533251","22.213875561930106","54000.0","1746723600000.0","1746777600000.0"
"44a4633c-2177-4c18-afa0-0015fde017a2","SupertrendTrendTypeStrategy","BTC-USDT","Bybit Perpetual","long","103597.4","103148.6","0.5320525422209819","60.49985419171052","55119.260037483946","-299.285035140481","-5.42977236880451","129600.0","1746777600000.0","1746907200000.0"
"367ae124-dbf2-478b-8aa8-7fac72f2f6ec","SupertrendTrendTypeStrategy","BTC-USDT","Bybit Perpetual","long","104788.8","104025.1","0.5231472733950905","60.082232337597304","54819.97500234346","-459.6098050294264","-8.383984213961769","104400.0","1746921600000.0","1747026000000.0"
"323c3a61-5d18-421b-87d3-cca352da6990","SupertrendTrendTypeStrategy","BTC-USDT","Bybit Perpetual","long","104346.2","103828.9","0.520961618126142","59.64818032226428","54360.36519731403","-329.14162537891906","-6.054808943689402","21600.0","1747033200000.0","1747054800000.0"
"4f4c9b6f-1ac8-401f-a40c-6a4863c66d97","SupertrendTrendTypeStrategy","BTC-USDT","Bybit Perpetual","long","104283.2","102757.2","0.518120114955574","58.999487716646414","54031.22357193511","-849.6507831388523","-15.72518123724627","3600.0","1747058400000.0","1747062000000.0"
"d339d1df-046d-4fa1-94fc-a23694d9b493","SupertrendTrendTypeStrategy","BTC-USDT","Bybit Perpetual","short","101779.6","103798.9","0.522517015087466","59.08004530238724","53181.57278879625","-1114.198653868501","-20.9508405908452","25200.0","1747303200000.0","1747328400000.0"
"cf93d0a7-5a61-4347-8973-5beb6c9d5d09","SupertrendTrendTypeStrategy","BTC-USDT","Bybit Perpetual","long","103798.9","103466.0","0.5016177833765845","57.1822678403732","52067.37413492775","-224.17082792643527","-4.305399141994705","108000.0","1747328400000.0","1747436400000.0"
"e5ca7c1b-0a15-46da-b226-02e871cce59f","SupertrendTrendTypeStrategy","BTC-USDT","Bybit Perpetual","long","105233.0","102960.1","0.49265157609306315","56.411662365685395","51843.20330700131","-1176.1594296676055","-22.68685873252681","50400.0","1747580400000.0","1747630800000.0"
"9107fd5d-c293-46fc-a537-8580abfac320","SupertrendTrendTypeStrategy","BTC-USDT","Bybit Perpetual","short","102960.1","105314.4","0.49210367780658437","56.3709560938301","50667.04387733371","-1214.9306447538659","-23.97871578407546","43200.0","1747630800000.0","1747674000000.0"
"174aa862-16ac-4755-b573-75cd7fa31593","SupertrendTrendTypeStrategy","BTC-USDT","Bybit Perpetual","long","105314.4","104718.6","0.46956649074181545","54.24345231248665","49452.113232579846","-334.01116749645485","-6.7542344636629785","72000.0","1747674000000.0","1747746000000.0"
"ac0b81a2-54c4-4636-a458-fd83df37d62e","SupertrendTrendTypeStrategy","BTC-USDT","Bybit Perpetual","long","105242.4","107710.6","0.46671400562020054","54.663481201361215","49118.10206508339","1097.2800274704232","22.339625949237305","43200.0","1747767600000.0","1747810800000.0"
"d24a4651-dc1a-43f1-8cc1-f7ee58c13f52","SupertrendTrendTypeStrategy","BTC-USDT","Bybit Perpetual","long","107710.6","111755.90000000001","0.46620650235495675","56.27419014199627","50215.38209255381","1829.6709738345116","36.436464238431526","75600.0","1747810800000.0","1747886400000.0"
"20abaffb-74a0-4b02-a715-80e1b35b603c","SupertrendTrendTypeStrategy","BTC-USDT","Bybit Perpetual","long","111755.9","110685.2","0.4657029567690683","56.975312887330205","52045.05306638832","-555.6034686999703","-10.675432840682213","100800.0","1747886400000.0","1747987200000.0"
"1741f3e7-3810-4f2f-84f0-23d81b5f2324","SupertrendTrendTypeStrategy","BTC-USDT","Bybit Perpetual","short","106927.9","109122.6","0.4815342824247773","57.2196473667579","51489.44959768834","-1114.0429370044224","-21.636334156006168","25200.0","1748188800000.0","1748214000000.0"
"ac29e0d4-db07-40c2-b6bf-43158f12b952","SupertrendTrendTypeStrategy","BTC-USDT","Bybit Perpetual","long","109122.6","108354.4","0.4616404545042357","55.21789961831972","50375.40666068391","-409.850096768479","-8.135916391288438","97200.0","1748214000000.0","1748311200000.0"
"ba7ec3f2-655f-43c1-b6b5-7caa396e50fb","SupertrendTrendTypeStrategy","BTC-USDT","Bybit Perpetual","short","106894.1","108434.3","0.467430443438089","55.35807722324782","49965.55656391543","-775.2944462065911","-15.516577809252308","46800.0","1748462400000.0","1748509200000.0"
"a2c36724-fa63-4ce8-a280-3eb17b81250e","SupertrendTrendTypeStrategy","BTC-USDT","Bybit Perpetual","short","107571.1","105539.9","0.45728138986873645","53.59843185197397","49190.26211770884","875.2315272494088","17.792780309953248","32400.0","1748530800000.0","1748563200000.0"
"602f14a8-8532-4c2b-bd88-a8b233064983","SupertrendTrendTypeStrategy","BTC-USDT","Bybit Perpetual","short","105539.9","103150.1","0.4743750339441127","54.44852920858828","50065.49364495825","1079.2129269110467","21.556022888026128","97200.0","1748563200000.0","1748660400000.0"
"9c91b123-33c2-4980-a9f3-e014c7964376","SupertrendTrendTypeStrategy","BTC-USDT","Bybit Perpetual","short","103150.1","104432.4","0.49582798826049895","56.608867355196764","51144.7065718693","-692.4090967016289","-13.53823578455075","50400.0","1748660400000.0","1748710800000.0"
"ac2ff221-0dc3-4171-9f5c-6b38d911930d","SupertrendTrendTypeStrategy","BTC-USDT","Bybit Perpetual","short","104000.0","104886.1","0.4851182449535353","55.73395202495377","50452.29747516767","-485.5972288782842","-9.624878413461595","36000.0","1748865600000.0","1748901600000.0"
"3e7d357b-12a7-43e2-ad38-4f81e0654b0f","SupertrendTrendTypeStrategy","BTC-USDT","Bybit Perpetual","long","106231.9","105432.3","0.47035495219693313","54.756517570041154","49966.70024628938","-430.85233734670476","-8.622789482255246","93600.0","1748912400000.0","1749006000000.0"
"47213d37-a70d-439d-808a-3a65d4686873","SupertrendTrendTypeStrategy","BTC-USDT","Bybit Perpetual","short","105254.7","105600.7","0.4706283701244949","54.57899327867163","49535.84790894267","-217.41640934174688","-4.3890721269454005","75600.0","1749052800000.0","1749128400000.0"
"78286b0b-8db1-4de4-8760-9319789d19d7","SupertrendTrendTypeStrategy","BTC-USDT","Bybit Perpetual","short","103208.8","100428.8","0.47785103110975924","53.51964042299419","49318.43149960092","1274.9062260621365","25.85050228275108","14400.0","1749142800000.0","1749157200000.0"
"f80c012a-a84d-4df0-b80d-d1323ca34eba","SupertrendTrendTypeStrategy","BTC-USDT","Bybit Perpetual","short","100428.8","102726.4","0.5037731977845304","56.289279612805714","50593.337725663056","-1213.7585788425386","-23.99048241141974","28800.0","1749157200000.0","1749186000000.0"
"0fffd24c-951d-43e7-8aea-4d9ef05c631e","SupertrendTrendTypeStrategy","BTC-USDT","Bybit Perpetual","short","102726.4","103593.69999999998","0.48069025242606106","54.54683352226358","49379.57914682051","-471.4494894513807","-9.547458637701588","18000.0","1749186000000.0","1749204000000.0"
"62ddf807-d8d5-4ab7-bb96-f263d690b73b","SupertrendTrendTypeStrategy","BTC-USDT","Bybit Perpetual","long","105766.8","105512.8","0.46241476207438553","53.73434328084424","48908.12965736912","-171.18769284773816","-3.5001889061595888","43200.0","1749394800000.0","1749438000000.0"
"e6f6cd05-e2a2-4769-a675-9431b0535353","SupertrendTrendTypeStrategy","BTC-USDT","Bybit Perpetual","long","106562.0","108282.7","0.45735761307521805","54.043472545623715","48736.941964521386","732.9317722729027","15.038526069330505","28800.0","1749463200000.0","1749492000000.0"
"4c9e2bb8-9eb2-4c33-aa3f-5eff6313d534","SupertrendTrendTypeStrategy","BTC-USDT","Bybit Perpetual","long","108282.7","110227.9","0.45685851698188434","54.905635763451954","49469.87373679429","833.7755514697081","16.85420819761603","21600.0","1749492000000.0","1749513600000.0"
"75ee8284-da4a-497f-bd80-f342eec32946","SupertrendTrendTypeStrategy","BTC-USDT","Bybit Perpetual","long","110227.9","108668.0","0.4563604068322449","54.94248208785072","50303.649288264","-766.8190807054668","-15.243806196071905","64800.0","1749513600000.0","1749578400000.0"
"01a2ef46-e94e-455e-84f5-61e5bf2dd086","SupertrendTrendTypeStrategy","BTC-USDT","Bybit Perpetual","long","109230.0","109322.4","0.45350938576909766","54.51356057529918","49536.83020755854","-12.609293330237193","-0.25454380664657894","57600.0","1749582000000.0","1749639600000.0"
"a1ed6ba2-d02b-4651-8298-6800b255ea3a","SupertrendTrendTypeStrategy","BTC-USDT","Bybit Perpetual","short","106960.6","103733.7","0.4630136790016912","53.65488864322732","49524.220914228295","1440.443952127334","29.085645882689587","32400.0","1749744000000.0","1749776400000.0"
"26bf1af6-4e6f-46d0-884f-0ece118dc8f8","SupertrendTrendTypeStrategy","BTC-USDT","Bybit Perpetual","short","103733.7","105559.2","0.4913028732837605","56.554411720339914","50964.664866355626","-953.4278068998447","-18.707624378577066","75600.0","1749776400000.0","1749852000000.0"
"07ccc6e3-1aa0-4156-b587-081431a6fb3e","SupertrendTrendTypeStrategy","BTC-USDT","Bybit Perpetual","short","104688.8","105378.7","0.47771334717234104","55.19362670641917","50011.23705945578","-384.7680649206145","-7.69363222235802","14400.0","1750021200000.0","1750035600000.0"
"3f8001d0-a096-4e66-ab0d-ffb65927543d","SupertrendTrendTypeStrategy","BTC-USDT","Bybit Perpetual","long","106349.3","108207.1","0.46663653634330615","55.065920440458925","49626.46899453517","811.8514367781365","16.359242420965657","50400.0","1750050000000.0","1750100400000.0"
"a931b611-46db-43f5-9883-d42cdaac5d28","SupertrendTrendTypeStrategy","BTC-USDT","Bybit Perpetual","long","108207.1","106793.4","0.46612764256054645","55.119721917886324","50438.32043131331","-714.0843702057363","-14.157576305066963","43200.0","1750100400000.0","1750143600000.0"
"078a2814-77ce-4b58-9fc0-6defd751e1b9","SupertrendTrendTypeStrategy","BTC-USDT","Bybit Perpetual","short","106112.2","104199.2","0.46860055734503264","54.20362159080776","49724.23606110757","842.2292446102397","16.938002699029898","21600.0","1750154400000.0","1750176000000.0"
"120be872-be01-459b-b421-7d1cca1a0592","SupertrendTrendTypeStrategy","BTC-USDT","Bybit Perpetual","short","104199.2","104899.9","0.4852865022545068","55.81013397496094","50566.46530571781","-395.85038610469246","-7.828318307626134","118800.0","1750176000000.0","1750294800000.0"
"680721d4-f58f-4f05-b245-b5c61a03f00f","SupertrendTrendTypeStrategy","BTC-USDT","Bybit Perpetual","long","105910.1","103872.7","0.4737094471595543","54.656851816370846","50170.614919613115","-1019.7924794592509","-20.326489541601873","21600.0","1750410000000.0","1750431600000.0"
"15688083-2a87-4176-900c-f82121fcb21a","SupertrendTrendTypeStrategy","BTC-USDT","Bybit Perpetual","short","104168.5","102620.8","0.4718395910486747","53.66425830988294","49150.82244015387","676.6018767561495","13.765830217388148","97200.0","1750435200000.0","1750532400000.0"
"fb5ea9f8-f898-4e96-b1aa-de6c33fed1b6","SupertrendTrendTypeStrategy","BTC-USDT","Bybit Perpetual","short","102724.5","99584.2","0.485058815734416","53.97239013912309","49827.424316910015","1469.257808911665","29.486930722466433","64800.0","1750539600000.0","1750604400000.0"
"08511da8-3fd3-4e0a-9c48-53c9fe985100","SupertrendTrendTypeStrategy","BTC-USDT","Bybit Perpetual","short","99584.2","101710.9","0.5151086429957933","57.02886519148638","51296.68212582167","-1152.5104162506384","-22.467543094185597","54000.0","1750604400000.0","1750658400000.0"
"f7afda36-c187-4c6b-a6dc-cf81c2d54122","SupertrendTrendTypeStrategy","BTC-USDT","Bybit Perpetual","long","103687.1","106160.1","0.4836105138399188","55.81637172092752","50144.17170957105","1140.1524290051918","22.737486534004713","72000.0","1750712400000.0","1750784400000.0"
"a4f05b61-4b28-4aea-b946-d61822c31295","SupertrendTrendTypeStrategy","BTC-USDT","Bybit Perpetual","long","106982.6","107059.9","0.4793707026990954","56.43313699785912","51284.324138576245","-19.377781679224633","-0.37784999616771","75600.0","1750867200000.0","1750942800000.0"
"f45cc577-8594-4a67-80f4-5465b8fe2796","SupertrendTrendTypeStrategy","BTC-USDT","Bybit Perpetual","long","107727.7","106969.6","0.4758752517402397","56.19302242699737","51264.94635689702","-416.95405077126895","-8.133316825663144","3600.0","1750971600000.0","1750975200000.0"
"dba33044-7d28-4e7c-9251-aff6b725013f","SupertrendTrendTypeStrategy","BTC-USDT","Bybit Perpetual","long","108448.3","107494.4","0.4688685051413968","55.686802019858405","50847.99230612574","-502.9404690742409","-9.891058550479896","18000.0","1751198400000.0","1751216400000.0"
"04fde206-70d1-40e6-a73c-326827466c31","SupertrendTrendTypeStrategy","BTC-USDT","Bybit Perpetual","long","107494.4","107346.5","0.4683504613919563","55.34145905247473","50345.051837051506","-124.61049229234234","-2.475128890435169","10800.0","1751216400000.0","1751227200000.0"
"b96fc4fb-4d00-4f5b-b942-ae64e702f8f3","SupertrendTrendTypeStrategy","BTC-USDT","Bybit Perpetual","long","108309.8","107454.9","0.4636740289868429","55.02446826917561","50220.44134475916","-451.4193956500316","-8.988758034822414","32400.0","1751241600000.0","1751274000000.0"
"12620d0e-8077-4f53-adc5-622dfe06b405","SupertrendTrendTypeStrategy","BTC-USDT","Bybit Perpetual","short","105862.6","106964.4","0.4701284679302145","55.03081729430107","49769.02194910913","-573.0183632598059","-11.513554834285085","57600.0","1751382000000.0","1751439600000.0"
"0d6e8b9a-63dd-417b-b022-c419913dbe26","SupertrendTrendTypeStrategy","BTC-USDT","Bybit Perpetual","long","108695.3","108938.2","0.4526046994290399","54.176069669254474","49196.00358584932","55.76161182205669","1.133458162404393","133200.0","1751472000000.0","1751605200000.0"
"1c606aba-11b8-423b-906f-30a1afc408b4","SupertrendTrendTypeStrategy","BTC-USDT","Bybit Perpetual","long","108713.2","108300.3","0.45304310054042546","54.074057894521296","49251.76519767138","-241.13555410766034","-4.895977903327233","82800.0","1751810400000.0","1751893200000.0"
"bce5b1d3-ecbc-4ee1-b322-492c22e34f13","SupertrendTrendTypeStrategy","BTC-USDT","Bybit Perpetual","short","107932.6","108405.7","0.454085509323075","54.02984792787351","49010.62964356373","-268.85770238861636","-5.4857018639409345","61200.0","1751907600000.0","1751968800000.0"
"00088df4-64a3-451a-b1b5-28dad670850e","SupertrendTrendTypeStrategy","BTC-USDT","Bybit Perpetual","long","108336.8","108500.0","0.4499096515789197","53.656333025618345","48741.77194117511","19.768922112060046","0.40558480590156887","50400.0","1751986800000.0","1752037200000.0"
"bf233397-48c1-4235-a503-a58e48854a79","SupertrendTrendTypeStrategy","BTC-USDT","Bybit Perpetual","long","108840.0","111718.80000000002","0.4480112170460049","54.347049030013515","48761.54086328717","1235.387642602033","25.3352872105845","18000.0","1752073200000.0","1752091200000.0"
"15a177e2-3e19-46af-a6e7-de241e2b0456","SupertrendTrendTypeStrategy","BTC-USDT","Bybit Perpetual","long","111718.8","113682.2","0.44752475416750975","55.47988991276098","49996.92850588919","823.1902124197251","16.464815680082438","79200.0","1752091200000.0","1752170400000.0"
"fb2988cb-8698-48a9-b03d-1a6621290e30","SupertrendTrendTypeStrategy","BTC-USDT","Bybit Perpetual","long","113682.2","116459.4","0.4470367279865178","56.58496131067009","50820.11871830891","1184.925439653486","23.316069886050737","14400.0","1752170400000.0","1752184800000.0"
"d22ff7f6-c0c4-4b1f-8907-616576750301","SupertrendTrendTypeStrategy","BTC-USDT","Bybit Perpetual","long","116459.4","118119.8","0.44655085083696466","57.61334774175998","52005.0441579624","683.83968498794","13.149487632599932","129600.0","1752184800000.0","1752314400000.0"
"796335ff-7c53-40d4-b606-4b5a41028d41","SupertrendTrendTypeStrategy","BTC-USDT","Bybit Perpetual","long","118713.3","120733.2","0.44383303170706523","58.45084631465519","52688.883842950345","838.0474944304433","15.90558450485324","46800.0","1752418800000.0","1752465600000.0"
"5687f743-55d6-4a50-99a7-4c85556d540b","SupertrendTrendTypeStrategy","BTC-USDT","Bybit Perpetual","long","120733.2","119605.6","0.44334889936969113","58.60466835070778","53526.93133738079","-558.5248872799676","-10.434464919342744","54000.0","1752465600000.0","1752519600000.0"
"2ae6f15d-4e6c-4a52-a3af-96e0042a4880","SupertrendTrendTypeStrategy","BTC-USDT","Bybit Perpetual","long","119471.0","118302.0","0.4433578563006991","57.980190161402376","52968.406450100825","-576.2655241769196","-10.879419691808053","28800.0","1752692400000.0","1752721200000.0"
"222f7e3c-af5e-4790-a06b-5e395079dd14","SupertrendTrendTypeStrategy","BTC-USDT","Bybit Perpetual","long","118948.8","118885.0","0.44045960048292965","57.61589929113535","52392.1409259239","-85.71722180194755","-1.6360702251725356","50400.0","1752782400000.0","1752832800000.0"
"1bf0efb0-4f4d-4010-8602-63c5b937c13e","SupertrendTrendTypeStrategy","BTC-USDT","Bybit Perpetual","short","117438.6","118306.7","0.445393794749954","57.74972156880649","52306.42370412195","-444.39607479123765","-8.49601336357885","21600.0","1753052400000.0","1753074000000.0"
"d52508f8-9d0f-4b22-8526-82e4bd7e9db6","SupertrendTrendTypeStrategy","BTC-USDT","Bybit Perpetual","long","119158.6","117726.7","0.43523528834117475","56.705463017107135","51862.02762933071","-679.918872392839","-13.110148281366248","36000.0","1753081200000.0","1753117200000.0"
"9c3948d3-8f81-4838-9278-c7c108c8b498","SupertrendTrendTypeStrategy","BTC-USDT","Bybit Perpetual","short","117116.3","118257.9","0.43701951613001666","56.574715446419376","51182.10875693787","-555.4761950604426","-10.852936867028683","50400.0","1753124400000.0","1753174800000.0"
"648a5c93-bda8-40d2-9a25-39d027e93c95","SupertrendTrendTypeStrategy","BTC-USDT","Bybit Perpetual","long","119768.0","118400.1","0.4227058359651779","55.37127519590595","50626.63256187743","-633.5905882126704","-12.514966059381422","43200.0","1753210800000.0","1753254000000.0"
"d459ab1a-14af-4a49-8844-16bb3968585c","SupertrendTrendTypeStrategy","BTC-USDT","Bybit Perpetual","short","117671.2","119024.0","0.4248536768016707","55.30845430071875","49993.04197366475","-630.0505082780201","-12.6027639728328","28800.0","1753290000000.0","1753318800000.0"
"f0344a3f-3403-4596-81c2-3847a59e683c","SupertrendTrendTypeStrategy","BTC-USDT","Bybit Perpetual","short","115384.6","117183.29999999999","0.427812649741705","54.722519249125135","49362.99146538674","-824.2291323395225","-16.697309216307744","64800.0","1753416000000.0","1753480800000.0"
"8e759073-91da-453d-81d9-66a104eb0231","SupertrendTrendTypeStrategy","BTC-USDT","Bybit Perpetual","long","119081.3","118828.6","0.40761028249647263","53.335986851239156","48538.762333047205","-156.3391052380966","-3.220912477441858","72000.0","1753635600000.0","1753707600000.0"
"b3414c21-c163-40f2-9741-eb116eba6517","SupertrendTrendTypeStrategy","BTC-USDT","Bybit Perpetual","short","117968.3","118765.99999999999","0.41013071501250004","53.400604249841024","48382.42322780911","-380.56187561530515","-7.865705151298973","54000.0","1753714800000.0","1753768800000.0"
"17f0a22a-a1a9-41cf-8294-49132d3b955e","SupertrendTrendTypeStrategy","BTC-USDT","Bybit Perpetual","short","117781.7","118237.4","0.40754940158100794","52.90419363167844","48001.8613521938","-238.62445593214255","-4.971150059814021","57600.0","1753801200000.0","1753858800000.0"
"de904039-260d-40f6-98ec-b9abfcd8de6a","SupertrendTrendTypeStrategy","BTC-USDT","Bybit Perpetual","short","117697.0","118025.2","0.40581524504670186","52.612814295771216","47763.23689626167","-185.80137772009758","-3.890049958792468","32400.0","1753894800000.0","1753927200000.0"
"40ed61ab-5d97-48b7-aa55-862ea1ebdd62","SupertrendTrendTypeStrategy","BTC-USDT","Bybit Perpetual","short","117712.1","115934.9","0.4041847483694672","51.9401046462545","47577.43551854156","666.3770301559673","14.006156971118616","18000.0","1753984800000.0","1754002800000.0"
"e83c32a8-ca51-4732-af69-b96d0b5f2c8c","SupertrendTrendTypeStrategy","BTC-USDT","Bybit Perpetual","short","115934.9","113278.5","0.4161284699318112","52.46022178642752","48243.81254869753","1052.9434457404332","21.825460926778682","75600.0","1754002800000.0","1754078400000.0"
"75913a4d-bf88-4940-a243-bb16d2d493c0","SupertrendTrendTypeStrategy","BTC-USDT","Bybit Perpetual","short","113278.5","113424.2","0.43518192767769664","54.26130489765621","49296.75599443796","-117.66731176029535","-2.38691795000814","118800.0","1754078400000.0","1754197200000.0"
"db5b0f80-2354-4eb1-ad75-79c617a6c45f","SupertrendTrendTypeStrategy","BTC-USDT","Bybit Perpetual","short","112975.6","114179.2","0.4353071697134395","54.38516219115233","49179.08868267766","-578.3208716582443","-11.759487358332162","61200.0","1754406000000.0","1754467200000.0"
"841c6a7c-ef3a-4820-9866-514256273b16","SupertrendTrendTypeStrategy","BTC-USDT","Bybit Perpetual","long","115142.7","114308.5","0.4220916116351225","53.267184739787055","48600.76781101942","-405.376007165805","-8.34093833130539","50400.0","1754492400000.0","1754542800000.0"
"677545e0-f6d1-4753-88cb-4951638b0965","SupertrendTrendTypeStrategy","BTC-USDT","Bybit Perpetual","long","116323.8","116162.0","0.414320988515279","52.978060559471004","48195.391803853614","-120.01519650124435","-2.4901799115916337","97200.0","1754571600000.0","1754668800000.0"
"45510432-c4f5-4cfe-a01a-e727f564225f","SupertrendTrendTypeStrategy","BTC-USDT","Bybit Perpetual","long","116850.1","116355.4","0.41142777462195035","52.770970942029585","48075.376607352366","-256.30429104751323","-5.331300743431214","21600.0","1754686800000.0","1754708400000.0"
"5d95a8aa-8d76-4a8f-a3b6-a17b81ad1db2","SupertrendTrendTypeStrategy","BTC-USDT","Bybit Perpetual","long","118480.1","120050.10000000002","0.4036042535101241","52.94949182084133","47819.07231630485","580.7091861900593","12.143882305973868","79200.0","1754798400000.0","1754877600000.0"
"80ef51f8-a799-4429-9309-35b3555475f8","SupertrendTrendTypeStrategy","BTC-USDT","Bybit Perpetual","long","120050.1","122069.7","0.4031631918881775","53.687585263029945","48399.7815024949","760.5407970743298","15.713723770325815","10800.0","1754877600000.0","1754888400000.0"
"fe955172-d5f8-4301-b6e8-a71c991564ae","SupertrendTrendTypeStrategy","BTC-USDT","Bybit Perpetual","long","122069.7","119632.80000000002","0.40272338098290755","53.536586395611664","49160.32229956923","-1034.933193512851","-21.052205215544724","28800.0","1754888400000.0","1754917200000.0"
"cac8e9c9-b04d-4510-81f9-5bec5991f575","SupertrendTrendTypeStrategy","BTC-USDT","Bybit Perpetual","long","119608.3","119029.9","0.4023582736821472","52.80992980263824","48125.38910605637","-285.5339553003957","-5.933125125931968","46800.0","1755018000000.0","1755064800000.0"
"5f2da3e6-bb8e-4767-b277-4c092468e35e","SupertrendTrendTypeStrategy","BTC-USDT","Bybit Perpetual","long","121777.3","120952.89999999998","0.3928470671525479","52.44571594864326","47839.855150755975","-376.30883810921296","-7.86601123526325","75600.0","1755093600000.0","1755169200000.0"
"926adf83-dc92-4250-ac2e-e2aed09eaf2b","SupertrendTrendTypeStrategy","BTC-USDT","Bybit Perpetual","short","118364.7","117658.2","0.4009940996990384","52.05408466162089","47463.546312646766","231.24824677574975","4.872123234376466","187200.0","1755180000000.0","1755367200000.0"
"5f309529-542e-4034-b8c3-da39eea7e6b2","SupertrendTrendTypeStrategy","BTC-USDT","Bybit Perpetual","short","117353.79999999999","115394.8","0.40641883398255974","52.02637804269027","47694.79455942252","744.1481177291383","15.60229212858881","10800.0","1755475200000.0","1755486000000.0"
"8d79eeed-58f2-4912-8c50-2a9ac57ba894","SupertrendTrendTypeStrategy","BTC-USDT","Bybit Perpetual","short","115394.8","116273.4","0.4197671184243281","53.48568100950301","48438.94267715166","-422.29307125711404","-8.718048906883077","61200.0","1755486000000.0","1755547200000.0"
"09397255-2422-4836-a48f-041ea9fc78ac","SupertrendTrendTypeStrategy","BTC-USDT","Bybit Perpetual","short","114756.6","112824.2","0.41842168211583947","52.37360763429764","48016.64960589455","756.1844508863542","15.748380136741666","72000.0","1755576000000.0","1755648000000.0"
"c4abc6d5-723f-478d-8e0b-fa812c7f3f04","SupertrendTrendTypeStrategy","BTC-USDT","Bybit Perpetual","short","113413.4","114216.3","0.4300447218475146","53.84002306140326","48772.83405678091","-399.12293023277647","-8.183304045201087","18000.0","1755702000000.0","1755720000000.0"
"6fab234f-f59a-4851-9644-dc1040330a34","SupertrendTrendTypeStrategy","BTC-USDT","Bybit Perpetual","short","112400.0","113040.1","0.4303710954319229","53.36259653520524","48373.711126548136","-328.84313472118157","-6.797972019573005","39600.0","1755810000000.0","1755849600000.0"
"3d6a9e9f-6039-4cb6-9123-99b720859471","SupertrendTrendTypeStrategy","BTC-USDT","Bybit Perpetual","short","112434.1","115744.50000000001","0.42731580536355923","53.62737722415119","48044.867991826955","-1468.2136192996813","-30.559218511110135","3600.0","1755871200000.0","1755874800000.0"
"2c9ae16d-bd3e-450d-9f96-8f80e34afcdc","SupertrendTrendTypeStrategy","BTC-USDT","Bybit Perpetual","long","115744.5","115175.8","0.4024092235270556","51.10845224079911","46576.654372527286","-279.9585776606345","-6.010706037867866","79200.0","1755874800000.0","1755954000000.0"
"76f3ba5b-2638-481e-9cd9-332e1b618e9e","SupertrendTrendTypeStrategy","BTC-USDT","Bybit Perpetual","short","112556.4","109501.1","0.41131997642840973","50.23517711616338","46296.69579486665","1206.470746865552","26.059543260089946","90000.0","1756065600000.0","1756155600000.0"
"ce701941-e3c0-41b5-b217-8c4ec516e2f9","SupertrendTrendTypeStrategy","BTC-USDT","Bybit Perpetual","short","109501.1","111053.5","0.4338145145732071","52.62388270473832","47503.16654173221","-726.0775351281825","-15.284823896746188","82800.0","1756155600000.0","1756238400000.0"
"19b99c10-4be1-4da3-9328-4ff9c5aa8edc","SupertrendTrendTypeStrategy","BTC-USDT","Bybit Perpetual","long","113160.3","111864.7","0.41337013958609176","51.16023861319817","46777.08900660402","-586.7225914609411","-12.542947924316266","46800.0","1756364400000.0","1756411200000.0"
"7d05ffa6-9d68-48b9-9692-6acc157d3b25","SupertrendTrendTypeStrategy","BTC-USDT","Bybit Perpetual","short","109969.0","107742.60000000002","0.42003079427059514","50.29506694845716","46190.36641514308","884.8614934155873","19.15684074602824","46800.0","1756454400000.0","1756501200000.0"
"3884ee62-337f-4f1c-a8ed-d10a60e7fe60","SupertrendTrendTypeStrategy","BTC-USDT","Bybit Perpetual","short","107742.6","108762.1","0.436923073218566","52.02774438964502","47075.22790855867","-497.470817535973","-10.5675710907292","72000.0","1756501200000.0","1756573200000.0"
"519409c4-9d5b-484d-b376-367493dc8811","SupertrendTrendTypeStrategy","BTC-USDT","Bybit Perpetual","short","108208.4","109552.2","0.4304449293310195","51.55367034294423","46577.75709102269","-629.9855663779695","-13.525459483736963","32400.0","1756684800000.0","1756717200000.0"
"73c89dab-a941-4130-b0ab-da0400f4b604","SupertrendTrendTypeStrategy","BTC-USDT","Bybit Perpetual","short","107744.5","109187.90000000001","0.4264512019142018","50.88109549277282","45947.77152464472","-666.4207603357355","-14.50387555745313","7200.0","1756764000000.0","1756771200000.0"
"f53dea12-5198-4088-b06f-d7b111e60b07","SupertrendTrendTypeStrategy","BTC-USDT","Bybit Perpetual","long","111113.4","110870.80000000002","0.40752376188928596","49.755109945191","45281.35076430898","-148.6203745795223","-3.282154177623732","140400.0","1756821600000.0","1756962000000.0"
"89789e6c-31ff-40f2-838c-aedd999ac437","SupertrendTrendTypeStrategy","BTC-USDT","Bybit Perpetual","short","109799.9","111079.9","0.4110452777254756","49.93537930422113","45132.73038972945","-576.0733347928299","-12.763981479035955","39600.0","1756998000000.0","1757037600000.0"
"47e72a92-7ebe-4e50-8595-59e06c094c2f","SupertrendTrendTypeStrategy","BTC-USDT","Bybit Perpetual","long","111079.9","112900.1","0.40112258882963187","49.41389059533353","44556.65705493662","680.709445592367","15.277390418968793","21600.0","1757037600000.0","1757059200000.0"
"83998313-d313-4e3c-8530-209610597a10","SupertrendTrendTypeStrategy","BTC-USDT","Bybit Perpetual","long","112900.1","110527.4","0.40068491082407354","49.23821535223013","45237.36650052899","-999.943303264514","-22.10436593944568","25200.0","1757059200000.0","1757084400000.0"
"5e6b33a6-ac88-4f74-98db-d632be114310","SupertrendTrendTypeStrategy","BTC-USDT","Bybit Perpetual","short","110767.3","110607.0","0.399372587372487","48.62595483282523","44237.42319726448","15.3934709229856","0.3479739507959742","133200.0","1757091600000.0","1757224800000.0"
"520ef8c6-cf24-42c7-a1e4-57de4c5924d4","SupertrendTrendTypeStrategy","BTC-USDT","Bybit Perpetual","long","111076.0","112586.19999999998","0.39840124480704614","49.00901439295538","44252.81666818746","552.6565455146388","12.488618513450092","54000.0","1757289600000.0","1757343600000.0"
"64b7a426-b067-4f24-89c3-5a090a525362","SupertrendTrendTypeStrategy","BTC-USDT","Bybit Perpetual","long","112586.2","111313.1","0.3979659426617303","49.00736279219086","44805.4732137021","-555.6578043948361","-12.401560892897985","39600.0","1757343600000.0","1757383200000.0"
"502d2d2b-d343-4958-bab7-deeb9915dbc9","SupertrendTrendTypeStrategy","BTC-USDT","Bybit Perpetual","long","112152.2","110830.1","0.3945514703171874","48.3878968758395","44249.815409307266","-570.0243957821895","-12.881960986944446","36000.0","1757397600000.0","1757433600000.0"
"10b76078-610e-4df8-a0d8-045d9e8f55cf","SupertrendTrendTypeStrategy","BTC-USDT","Bybit Perpetual","short","110830.1","112500.1","0.39411487505222026","48.40976462761305","43679.79101352508","-706.5816059648209","-16.176396213663978","57600.0","1757433600000.0","1757491200000.0"
"7df49280-fb41-4473-9bb2-8769087587a3","SupertrendTrendTypeStrategy","BTC-USDT","Bybit Perpetual","long","113388.0","115037.3","0.37899256894521693","47.61432019249503","42973.20940756026","577.4581237688524","13.437630833950706","122400.0","1757509200000.0","1757631600000.0"
"11822167-9611-4dc4-9f71-b3db001d9636","SupertrendTrendTypeStrategy","BTC-USDT","Bybit Perpetual","long","115037.3","116423.9","0.3785786656269671","48.19444973222912","43550.667531329105","476.7427280261202","10.946852368753362","72000.0","1757631600000.0","1757703600000.0"
"481be8e6-fb2f-44f0-8ff4-712bee3a1721","SupertrendTrendTypeStrategy","BTC-USDT","Bybit Perpetual","long","116088.29999999999","115286.6","0.37925794640248184","48.26292318269378","44027.41025935523","-352.31401881355686","-8.002151767232208","72000.0","1757710800000.0","1757782800000.0"
"83274b1b-a8cd-4f86-8371-44c9f1fe4da1","SupertrendTrendTypeStrategy","BTC-USDT","Bybit Perpetual","long","116474.2","114696.99999999999","0.3749765719836811","47.67608126454467","43675.09624054167","-714.0844449939472","-16.349922643813066","10800.0","1757916000000.0","1757926800000.0"
"91f80e15-1f5c-488d-acbc-56d8cbc0457b","SupertrendTrendTypeStrategy","BTC-USDT","Bybit Perpetual","long","116414.8","116066.9","0.369033935509469","47.18650017671245","42961.01179554773","-175.57340634045994","-4.086807991767445","72000.0","1758045600000.0","1758117600000.0"
"08e0be39-ec32-40c2-9366-2db6da6b1342","SupertrendTrendTypeStrategy","BTC-USDT","Bybit Perpetual","long","117531.2","116914.2","0.3640347277081088","46.94044704328026","42785.43838920727","-271.5498740391834","-6.346782556461604","86400.0","1758168000000.0","1758254400000.0"
"0c6f13eb-590f-480b-9334-696c4b31a8ec","SupertrendTrendTypeStrategy","BTC-USDT","Bybit Perpetual","short","115490.9","115899.1","0.368114617819829","46.84792277953163","42513.88851516809","-197.11230977359014","-4.636421570877114","75600.0","1758304800000.0","1758380400000.0"
"869ca9fe-3b24-49f4-80b9-6ff0cb85a7cc","SupertrendTrendTypeStrategy","BTC-USDT","Bybit Perpetual","short","115465.09999999999","114335.9","0.3664897549596762","46.320841698718695","42316.776205394504","367.5193896017466","8.684957186197362","50400.0","1758452400000.0","1758502800000.0"
"28850b63-79c3-4117-aa58-340c83378c99","SupertrendTrendTypeStrategy","BTC-USDT","Bybit Perpetual","short","114335.9","112748.8","0.3733236507081001","46.62684907317453","42684.295594996256","545.8751169656479","12.788664059144953","21600.0","1758502800000.0","1758524400000.0"
"445bfd4b-9936-42f2-a765-f865931c53ac","SupertrendTrendTypeStrategy","BTC-USDT","Bybit Perpetual","short","112748.8","112892.5","0.3834202289688396","47.58349140095464","43230.1707119619","-102.68097830377577","-2.3752156563972044","97200.0","1758524400000.0","1758621600000.0"
"b6cdc4f4-3f2f-4c6b-9ab8-7771224ba8fd","SupertrendTrendTypeStrategy","BTC-USDT","Bybit Perpetual","short","111919.19999999998","112544.70000000001","0.38534487142204493","47.57280697641492","43127.48973365813","-288.60602405091527","-6.691927256449556","50400.0","1758650400000.0","1758700800000.0"
"db287ade-9d5e-481e-b6aa-6eab7843aa74","SupertrendTrendTypeStrategy","BTC-USDT","Bybit Perpetual","short","111684.3","108793.9","0.3835712245105823","46.513001233538986","42838.883709607224","1062.1612660918515","24.794326418305968","46800.0","1758776400000.0","1758823200000.0"
"827dbce0-e258-496d-8ace-02fc69911ac1","SupertrendTrendTypeStrategy","BTC-USDT","Bybit Perpetual","short","108793.9","109598.1","0.4035248757117732","48.46963256104506","43901.04497569908","-372.98433760845774","-8.496024133706133","126000.0","1758823200000.0","1758949200000.0"
"0bdbe377-4095-4ea6-abaf-a27dd2e95041","SupertrendTrendTypeStrategy","BTC-USDT","Bybit Perpetual","long","111881.5","113956.7","0.389055032673772","48.32491855399223","43528.060638090625","759.0420852506184","17.437994574616866","57600.0","1759100400000.0","1759158000000.0"
"9c2dbfb0-75bf-43fe-ab69-ec4756424087","SupertrendTrendTypeStrategy","BTC-USDT","Bybit Perpetual","long","113956.7","112743.1","0.3886309688095675","48.45640959661436","44287.10272334124","-520.098953343902","-11.74380172469009","68400.0","1759158000000.0","1759226400000.0"
"a84139b4-8314-4c05-a499-129ea6f99dee","SupertrendTrendTypeStrategy","BTC-USDT","Bybit Perpetual","long","114309.1","116372.40000000001","0.38288293556678626","48.578205445522286","43767.00376999733","741.4241555094289","16.940253881799457","50400.0","1759262400000.0","1759312800000.0"
"491106af-bb1f-4bf7-aeea-eb1fa13946ab","SupertrendTrendTypeStrategy","BTC-USDT","Bybit Perpetual","long","116372.4","118552.4","0.3824654980520017","49.41784685022179","44508.42792550676","784.356938903142","17.622661043340177","50400.0","1759312800000.0","1759363200000.0"
"0523370b-07a3-435f-8809-657799f4f242","SupertrendTrendTypeStrategy","BTC-USDT","Bybit Perpetual","long","118552.4","120787.9","0.3820486541344579","50.29180172232556","45292.7848644099","803.7779645952551","17.746269455531905","72000.0","1759363200000.0","1759435200000.0"
"3d2ed23b-f420-4065-9184-befe450a5367","SupertrendTrendTypeStrategy","BTC-USDT","Bybit Perpetual","long","120787.9","122335.5","0.38163228956712686","51.03105688413943","46096.56282900516","539.5830744499484","11.70549475568336","151200.0","1759435200000.0","1759586400000.0"
"15c9d57a-162c-4ccc-b9e6-6acd1b1b0e78","SupertrendTrendTypeStrategy","BTC-USDT","Bybit Perpetual","long","124012.2","122753.00000000001","0.37606095128910794","51.03931572137584","46636.14590345511","-524.575265584614","-11.248255091031227","46800.0","1759633200000.0","1759680000000.0"
"0ea97f24-5a10-49c0-8cec-08fc91e1318f","SupertrendTrendTypeStrategy","BTC-USDT","Bybit Perpetual","long","124475.9","124349.0","0.3704457701279564","50.696872439131454","46111.570637870485","-97.70644066836695","-2.1189137415354633","54000.0","1759762800000.0","1759816800000.0"
"01943805-3165-4773-a3e6-bd1df3ece72b","SupertrendTrendTypeStrategy","BTC-USDT","Bybit Perpetual","long","123985.49999999999","121573.2","0.3711229474188685","50.12285767959014","46013.864197202114","-945.3827437381221","-20.545606421718578","32400.0","1759946400000.0","1759978800000.0"
"9ffa2b32-1a00-4087-84ff-6d9ce078d461","SupertrendTrendTypeStrategy","BTC-USDT","Bybit Perpetual","long","122357.0","121235.1","0.36833594688872723","49.34804974446244","45068.481453463995","-462.5841485589234","-10.264027844749336","3600.0","1760018400000.0","1760022000000.0"
"9259d4eb-c87c-4802-9281-7ba010e122e1","SupertrendTrendTypeStrategy","BTC-USDT","Bybit Perpetual","short","119752.1","121534.8","0.37248530343021186","49.431703288129356","44605.89730490508","-713.4612537131669","-15.994774162624262","72000.0","1760029200000.0","1760101200000.0"
"3f661c09-8135-4995-bbb8-69c5ebbacd48","SupertrendTrendTypeStrategy","BTC-USDT","Bybit Perpetual","short","118965.3","114198.00000000001","0.3689515854723344","47.31428306492886","43892.43605119191","1711.5886103573268","38.99506986491009","18000.0","1760112000000.0","1760130000000.0"
"5c062cac-c814-4654-a2fa-e8f7c2c15dd1","SupertrendTrendTypeStrategy","BTC-USDT","Bybit Perpetual","short","114198.0","110184.8","0.399341710551404","49.28297614367247","45604.024661549236","1553.3551766412209","34.06180020665858","86400.0","1760130000000.0","1760216400000.0"
"688e7579-a06e-42e2-a0ef-5be954584669","SupertrendTrendTypeStrategy","BTC-USDT","Bybit Perpetual","short","110573.9","113060.1","0.4264783989548208","52.456288649524325","47157.379838190456","-1112.7668841310049","-23.59687683983302","39600.0","1760439600000.0","1760479200000.0"
"04f3ff7a-3d3e-487a-83e4-b6198e8ad8fb","SupertrendTrendTypeStrategy","BTC-USDT","Bybit Perpetual","short","111000.4","111470.9","0.4148148380912092","50.75641795919246","46044.612954059456","-245.9267992811064","-5.3410547619648225","79200.0","1760540400000.0","1760619600000.0"
"f5d6a4cc-1015-48b9-a7ca-e59543b433d0","SupertrendTrendTypeStrategy","BTC-USDT","Bybit Perpetual","short","110794.7","106699.1","0.4133653158028168","49.44741632718508","45798.68615477835","1643.531571074828","35.8859982472085","61200.0","1760623200000.0","1760684400000.0"
"3e11104a-839b-42e1-ac21-dfbfe45a6f4f","SupertrendTrendTypeStrategy","BTC-USDT","Bybit Perpetual","short","104845.1","106859.7","0.4524981875724585","52.68782106521441","47442.217725853174","-964.2906697486853","-20.32558164377726","93600.0","1760691600000.0","1760785200000.0"
"af244ca1-c366-4b2b-bcde-fdf78cc853ed","SupertrendTrendTypeStrategy","BTC-USDT","Bybit Perpetual","long","110973.6","109459.3","0.4188196747343917","50.77689951331728","46477.92705610449","-684.9955329636078","-14.738082706157165","75600.0","1760940000000.0","1761015600000.0"
"1f2f5eb0-4cad-4537-ae88-9900d0d953d7","SupertrendTrendTypeStrategy","BTC-USDT","Bybit Perpetual","short","107743.4","112127.5","0.4250184375390129","51.397052508063105","45792.931523140884","-1914.720384522852","-41.81257501619594","36000.0","1761022800000.0","1761058800000.0"
"746a2060-245d-447e-bd78-2ba406b2a323","SupertrendTrendTypeStrategy","BTC-USDT","Bybit Perpetual","long","112127.5","108253.7","0.3913242615648974","47.432280694032286","43878.21113861803","-1563.344205144133","-35.62916911551584","32400.0","1761058800000.0","1761091200000.0"
"e2c56ef0-65f5-47c1-9638-d978e1a93dfd","SupertrendTrendTypeStrategy","BTC-USDT","Bybit Perpetual","short","108253.70000000001","108581.89999999998","0.3908861030475069","46.6169124772824","42314.8669334739","-174.90573149746166","-4.133434515401949","104400.0","1761091200000.0","1761195600000.0"
"512eb0fc-7acb-4061-bd05-234e4649b618","SupertrendTrendTypeStrategy","BTC-USDT","Bybit Perpetual","long","111175.2","110222.3","0.37904101995747636","46.15530381881946","42139.961201976424","-407.34349173629647","-9.666442021242096","82800.0","1761242400000.0","1761325200000.0"
"d0d187fd-8282-4ce7-b2d1-8008828af132","SupertrendTrendTypeStrategy","BTC-USDT","Bybit Perpetual","long","113235.19999999998","115217.8","0.36854809909144975","46.30775538495644","41732.61771024013","684.3757058737593","16.399060097920263","50400.0","1761480000000.0","1761530400000.0"
"9463bee9-fd67-495e-9b28-ebe6713e28b1","SupertrendTrendTypeStrategy","BTC-USDT","Bybit Perpetual","long","115217.8","114258.1","0.36814618414961825","46.464372316614664","42416.99341611389","-399.77426524500225","-9.424860958983743","72000.0","1761530400000.0","1761602400000.0"
"b5459c79-aba2-4cee-8221-2cb9c6aa59eb","SupertrendTrendTypeStrategy","BTC-USDT","Bybit Perpetual","long","115021.8","112744.6","0.36529787527989377","45.76142008908272","42017.219150868885","-877.6177416764558","-20.88709722852535","21600.0","1761663600000.0","1761685200000.0"
"2ac9369b-862a-4434-940a-d3468302853e","SupertrendTrendTypeStrategy","BTC-USDT","Bybit Perpetual","short","111819.3","108503.7","0.36791145543919895","44.58264557820185","41139.60140919242","1175.2645760760083","28.567719078906823","39600.0","1761760800000.0","1761800400000.0"
"86daa8fa-17e1-48c7-9588-ff62daf18932","SupertrendTrendTypeStrategy","BTC-USDT","Bybit Perpetual","short","108503.7","110052.5","0.3899854657976496","46.878557802980346","42314.86598526843","-650.8880472303812","-15.382018401215841","86400.0","1761800400000.0","1761886800000.0"
"e4b9e93e-027c-482c-add9-e7cb1fcfb338","SupertrendTrendTypeStrategy","BTC-USDT","Bybit Perpetual","long","111145.4","110068.09999999999","0.37486011960943094","45.60826548807147","41663.97793803804","-449.4450723433125","-10.787377840198541","18000.0","1762084800000.0","1762102800000.0"
"a26d790e-d179-4fbd-8802-982dc1cb9ffa","SupertrendTrendTypeStrategy","BTC-USDT","Bybit Perpetual","short","109614.2","107843.8","0.37599629305048743","44.96987104179509","41214.53286569474","620.6939661747857","15.060075245725413","10800.0","1762135200000.0","1762146000000.0"
"642b8db3-3e9b-4378-8b68-73e15c95e923","SupertrendTrendTypeStrategy","BTC-USDT","Bybit Perpetual","short","107843.8","104164.3","0.3879242648336717","45.233697482205955","41835.22683186953","1382.133634973289","33.03755565920339","90000.0","1762146000000.0","1762236000000.0"
"c13cf8f1-988a-45cd-9f40-8c4bc4ba0949","SupertrendTrendTypeStrategy","BTC-USDT","Bybit Perpetual","short","104164.3","100506.99999999999","0.4148960869207859","46.704526811244634","43217.360466842816","1470.6949318841528","34.03018870188747","50400.0","1762236000000.0","1762286400000.0"
"3932552f-ea7f-491b-bf26-f7d617e731a7","SupertrendTrendTypeStrategy","BTC-USDT","Bybit Perpetual","short","100507.0","102926.1","0.4446262986530984","49.748438452089104","44688.05539872696","-1125.343917523802","-25.18220825415151","64800.0","1762286400000.0","1762351200000.0"
"777f6ac0-e841-4338-855c-2c34f97cfcb3","SupertrendTrendTypeStrategy","BTC-USDT","Bybit Perpetual","short","100830.6","102551.3","0.43203860218230533","48.327857481849776","43562.71148120316","-791.7366802569413","-18.17464187458963","93600.0","1762448400000.0","1762542000000.0"
"aacb3896-346a-4465-87b6-680ae6371397","SupertrendTrendTypeStrategy","BTC-USDT","Bybit Perpetual","long","104479.8","106509.4","0.409370756844349","47.50504466949104","42770.97480094621","783.353843421796","18.315080427029827","68400.0","1762714800000.0","1762783200000.0"
"bfba8f64-ce69-46aa-8bba-ed07860e7072","SupertrendTrendTypeStrategy","BTC-USDT","Bybit Perpetual","long","104846.5","105202.0","0.41541042041811604","47.99098463125706","43554.328644368004","99.6874198273832","2.288806254858293","57600.0","1762786800000.0","1762844400000.0"
"c4420ead-7957-4f5c-8edb-b632bbad1166","SupertrendTrendTypeStrategy","BTC-USDT","Bybit Perpetual","short","103417.2","104475.4","0.42211562548778525","48.26509318580507","43654.016064195384","-494.94784807697823","-11.337968248995304","64800.0","1762876800000.0","1762941600000.0"
"ecc96d38-2748-47ba-9b0e-b76049c8b374","SupertrendTrendTypeStrategy","BTC-USDT","Bybit Perpetual","short","102124.9","103555.0","0.422610628907528","47.80738154095061","43159.0682161184","-652.1828419416088","-15.111142777128848","54000.0","1762963200000.0","1763017200000.0"
"750bc010-2ee0-46b2-9416-2151b52126d9","SupertrendTrendTypeStrategy","BTC-USDT","Bybit Perpetual","short","101338.0","98131.6","0.4194565254314946","46.01785393986553","42506.885374176796","1298.9275492036763","30.558050484517103","18000.0","1763049600000.0","1763067600000.0"
"7dd148ac-4e1f-430a-9c0a-124f8df3212a","SupertrendTrendTypeStrategy","BTC-USDT","Bybit Perpetual","short","98131.6","94336.6","0.446398641450669","47.254648651350614","43805.81292338047","1646.828195653938","37.59382798201598","86400.0","1763067600000.0","1763154000000.0"
"4a13776c-c12b-44d2-b6a8-dc599e0d7165","SupertrendTrendTypeStrategy","BTC-USDT","Bybit Perpetual","short","94336.6","96198.0","0.48181343316416325","50.49117136940833","45452.64111903441","-947.338695861179","-20.842324506077112","75600.0","1763154000000.0","1763229600000.0"
"a850e4a5-c9b8-4b56-b3f1-a36b916f9cfa","SupertrendTrendTypeStrategy","BTC-USDT","Bybit Perpetual","short","94531.3","95088.59999999999","0.4707996443841693","49.10013981848897","44505.30242317323","-311.47678163378106","-6.998644311460738","50400.0","1763308800000.0","1763359200000.0"
"01df1261-fa91-48fb-a141-0b04e432a6ac","SupertrendTrendTypeStrategy","BTC-USDT","Bybit Perpetual","short","94730.2","91656.2","0.46652309022401983","47.824457617051635","44193.82564153944","1386.2675217315852","31.367900416129174","18000.0","1763391600000.0","1763409600000.0"
"0c918295-a8c2-4f5f-9fa0-1cfe8ce7909f","SupertrendTrendTypeStrategy","BTC-USDT","Bybit Perpetual","short","91656.2","93447.3","0.49729416191453535","50.62798944497096","45580.093163271034","-941.3315628500981","-20.65225183893731","75600.0","1763409600000.0","1763485200000.0"
"9b66032e-42a3-42e0-a94d-87da15e1115a","SupertrendTrendTypeStrategy","BTC-USDT","Bybit Perpetual","short","89901.0","92556.0","0.49653242567291733","49.82769923505192","44638.76160042094","-1368.1212893966476","-30.64872860146161","36000.0","1763568000000.0","1763604000000.0"
"8ea42578-f8ec-4ff0-9ba8-878cf5040fcb","SupertrendTrendTypeStrategy","BTC-USDT","Bybit Perpetual","short","87855.5","84006.7","0.4925205628677123","46.555117113825844","43270.6403110243","1849.0580252514267","42.73239341873876","54000.0","1763658000000.0","1763712000000.0"
"2052b587-59d4-499b-a271-9d37e51ea36e","SupertrendTrendTypeStrategy","BTC-USDT","Bybit Perpetual","short","84006.7","84624.8","0.5370964260740598","49.81425678542931","45119.698336275724","-381.79355774180885","-8.461793226016566","126000.0","1763712000000.0","1763838000000.0"
"6c2f5255-8c16-42e7-b38c-3dfb1cf9d80b","SupertrendTrendTypeStrategy","BTC-USDT","Bybit Perpetual","long","89792.5","91741.1","0.4982365429020677","49.74567030651174","44737.90477853391","921.1180571924602","20.5892086755576","90000.0","1764180000000.0","1764270000000.0"
"c6146d62-ace8-4127-a1e3-ce249f3bf5c5","SupertrendTrendTypeStrategy","BTC-USDT","Bybit Perpetual","long","92329.2","90787.8","0.4945241899174517","49.8056823468127","45659.02283572638","-812.0652686855698","-17.78542812024792","18000.0","1764338400000.0","1764356400000.0"
"ec765e6b-d218-4b47-ab6f-6bb365d6d3b2","SupertrendTrendTypeStrategy","BTC-USDT","Bybit Perpetual","long","91726.9","90320.6","0.48891827334228904","48.953492151454206","44846.95756704081","-736.5192599527096","-16.422948175507823","36000.0","1764511200000.0","1764547200000.0"
"25f2cb25-3752-44fc-ac31-f9601a58231f","SupertrendTrendTypeStrategy","BTC-USDT","Bybit Perpetual","short","86970.7","86936.0","0.5071873436351334","48.51180246734363","44110.438307088094","-30.912401643205975","-0.7007956127753704","97200.0","1764550800000.0","1764648000000.0"
"b346834f-d2fe-43ed-92ec-4e0cc1cff131","SupertrendTrendTypeStrategy","BTC-USDT","Bybit Perpetual","long","89225.1","91905.0","0.49402607456248165","49.21564575846037","44079.52590544488","1274.7248314615313","28.918750945641914","14400.0","1764687600000.0","1764702000000.0"
"6f4ca514-83d3-48ba-ae1a-ac6a5f5a933c","SupertrendTrendTypeStrategy","BTC-USDT","Bybit Perpetual","long","91905.0","92480.4","0.4934905689234146","50.045850770944256","45354.25073690642","233.90862258758563","5.157369348784007","154800.0","1764702000000.0","1764856800000.0"
"c1c7db08-8303-4e10-b47c-30a964574185","SupertrendTrendTypeStrategy","BTC-USDT","Bybit Perpetual","short","90414.0","89197.1","0.5042157117204636","49.80950624066746","45588.159359494","563.7705933519618","12.366601355984628","115200.0","1764950400000.0","1765065600000.0"
"9902b67b-caf2-43ed-aa6f-8b11a38aa34e","SupertrendTrendTypeStrategy","BTC-USDT","Bybit Perpetual","short","89011.0","90904.2","0.5184969268163032","51.30701305814731","46151.92995284597","-1032.925394906771","-22.38097942950868","14400.0","1765116000000.0","1765130400000.0"
"09c4ab5b-1d99-41d1-b008-c9a0fa88dd51","SupertrendTrendTypeStrategy","BTC-USDT","Bybit Perpetual","long","90904.2","89929.2","0.4963357530008426","49.364744966186414","45119.004557939195","-533.2921041420079","-11.819677968674714","82800.0","1765130400000.0","1765213200000.0"
"e3ee5cf0-6bc5-411f-8f80-2764ba508450","SupertrendTrendTypeStrategy","BTC-USDT","Bybit Perpetual","short","89929.2","92676.9","0.49578682401041246","49.79353410016028","44585.71245379718","-1412.0669904335691","-31.670840561241477","82800.0","1765213200000.0","1765296000000.0"
"30bcaf8c-e4ef-4fac-9062-49fbb070fe9a","SupertrendTrendTypeStrategy","BTC-USDT","Bybit Perpetual","long","92676.9","92054.6","0.46585120416590997","47.33156544730614","43173.64546336362","-337.2307697997465","-7.811033008225225","79200.0","1765296000000.0","1765375200000.0"
"29634c4a-e888-4307-95e9-8f778d74e272","SupertrendTrendTypeStrategy","BTC-USDT","Bybit Perpetual","long","92913.8","91350.1","0.461033933533704","46.72355084389359","42836.414693563864","-767.6423127105452","-17.920321254754377","18000.0","1765396800000.0","1765414800000.0"
"5c5e7f3c-44e4-46ec-a965-4d504b291f99","SupertrendTrendTypeStrategy","BTC-USDT","Bybit Perpetual","short","90637.0","91740.90000000001","0.46414568422226365","46.55745335038577","42068.77238085331","-558.9278741633467","-13.28605144698091","68400.0","1765418400000.0","1765486800000.0"
"896f5ddd-e876-4050-8a10-bb4f47480717","SupertrendTrendTypeStrategy","BTC-USDT","Bybit Perpetual","long","91740.9","89895.0","0.4524682503298961","45.20146282855279","41509.844506689966","-880.4126061125055","-21.209730283875505","68400.0","1765486800000.0","1765555200000.0"
"6c1b560a-a734-4ad8-8cd4-3c287941dfa6","SupertrendTrendTypeStrategy","BTC-USDT","Bybit Perpetual","short","89996.8","88598.7","0.45145418393295605","44.34522713862904","40629.43190057746","586.8328674180394","14.443541048126217","183600.0","1765558800000.0","1765742400000.0"
"b307f46c-5684-47ad-9a85-b5121c3433c6","SupertrendTrendTypeStrategy","BTC-USDT","Bybit Perpetual","short","88598.7","89576.9","0.4652016876996559","45.588174404794344","41216.264767995504","-500.64846531259644","-12.146866489011657","36000.0","1765742400000.0","1765778400000.0"
"df483ee8-64e0-4841-9682-6fd5007fe5b2","SupertrendTrendTypeStrategy","BTC-USDT","Bybit Perpetual","short","88004.3","85734.3","0.46265485098663256","44.20955335149439","40715.61630268291","1006.0169583881616","24.708380954112467","10800.0","1765810800000.0","1765821600000.0"
"66c734e3-5159-4871-9007-d94dacced255","SupertrendTrendTypeStrategy","BTC-USDT","Bybit Perpetual","short","85734.3","87161.9","0.4866387578958604","46.27589560710285","41721.63326107107","-741.001386379229","-17.76060351574564","68400.0","1765821600000.0","1765890000000.0"
"290f6143-1635-4af1-b442-547e17934963","SupertrendTrendTypeStrategy","BTC-USDT","Bybit Perpetual","short","86410.4","87257.2","0.47425578257584555","45.2995749503379","40980.63187469184","-446.8993716355653","-10.90513618731082","3600.0","1765893600000.0","1765897200000.0"
"649c9846-b46a-422b-b18c-f304caa027c0","SupertrendTrendTypeStrategy","BTC-USDT","Bybit Perpetual","long","89633.9","86380.6","0.4522143129224131","43.77795190003515","40533.73250305628","-1514.9667761305163","-37.37545699785448","10800.0","1765983600000.0","1765994400000.0"
"25f7f47a-4c75-495f-9a2b-db6863f3b23b","SupertrendTrendTypeStrategy","BTC-USDT","Bybit Perpetual","short","84447.0","87099.7","0.4620503478741194","43.594766826411465","39018.76572692576","-1269.2757246320866","-32.52987891813797","36000.0","1766088000000.0","1766124000000.0"
"dfeafbfe-813b-4f64-8a37-2d2701391c2c","SupertrendTrendTypeStrategy","BTC-USDT","Bybit Perpetual","long","88588.6","88019.1","0.4261213068306043","41.390967156191024","37749.49000229367","-284.06705139622017","-7.525056666433379","7200.0","1766322000000.0","1766329200000.0"
"5b76df11-9340-4f02-95a8-4b02a6c165d5","SupertrendTrendTypeStrategy","BTC-USDT","Bybit Perpetual","short","88019.1","88406.9","0.4256510569966911","41.302752359934026","37465.42295089745","-206.3702322632459","-5.508285133567468","14400.0","1766329200000.0","1766343600000.0"
"65b6cdde-93b1-4fd5-b8e9-c1d8102a43ce","SupertrendTrendTypeStrategy","BTC-USDT","Bybit Perpetual","long","89297.6","88011.1","0.41724584668159287","40.68972526053191","37259.05271863421","-577.4765070164011","-15.498958370661697","39600.0","1766394000000.0","1766433600000.0"
"6f576da3-c921-4b20-ab32-7362e4017e5a","SupertrendTrendTypeStrategy","BTC-USDT","Bybit Perpetual","short","88011.1","87521.4","0.41678352175598077","40.23747944294743","36681.5762116178","163.8614111609612","4.467131134595655","172800.0","1766433600000.0","1766606400000.0"
"71016081-d4a2-4b96-990d-8b1ff92ad6e1","SupertrendTrendTypeStrategy","BTC-USDT","Bybit Perpetual","short","87182.8","89151.8","0.4226227836543305","40.9876607286151","36845.437622778765","-873.1319217439918","-23.697151617062083","10800.0","1766707200000.0","1766718000000.0"
"3b9310f6-382c-491f-aa6f-29cc0357a9c3","SupertrendTrendTypeStrategy","BTC-USDT","Bybit Perpetual","long","89151.8","87344.4","0.4034950017950818","39.16843399470382","35972.30570103478","-768.4453002391382","-21.362136378626214","43200.0","1766718000000.0","1766761200000.0"
"679de589-d0c0-4b33-b3ea-ff29f8e97fd5","SupertrendTrendTypeStrategy","BTC-USDT","Bybit Perpetual","short","87100.0","87623.50000000001","0.4041775017312932","38.84061924806119","35203.86040079564","-250.42754140439905","-7.113638633754473","108000.0","1766764800000.0","1766872800000.0"
"73215db0-538f-41d6-bebe-cc4a0083fc98","SupertrendTrendTypeStrategy","BTC-USDT","Bybit Perpetual","long","87920.5","89129.1","0.39755725751549686","38.71304438111865","34953.43285939124","441.7746570521132","12.638949050562791","10800.0","1766966400000.0","1766977200000.0"
"8ef97b72-a65a-4449-a116-f3151dd1a814","SupertrendTrendTypeStrategy","BTC-USDT","Bybit Perpetual","long","89129.1","87529.0","0.39712290953732676","38.58523826593482","35395.207516443355","-674.0216058166136","-19.042736379027787","32400.0","1766977200000.0","1767009600000.0"
"f6d6b8d5-f85c-4fb3-93a8-c50c3cc2f024","SupertrendTrendTypeStrategy","BTC-USDT","Bybit Perpetual","short","87529.0","87954.7","0.3966820814887265","38.28618166083878","34721.185910626744","-207.1537437505885","-5.966205886049162","79200.0","1767009600000.0","1767088800000.0"
"5facfcc3-9bfe-480d-8795-5ad6875507a4","SupertrendTrendTypeStrategy","BTC-USDT","Bybit Perpetual","long","88966.8","88455.3","0.38794282998687324","37.856297366917715","34514.03216687615","-236.2890549052034","-6.846173572613605","28800.0","1767110400000.0","1767139200000.0"
