"id","strategy_name","symbol","exchange","type","entry_price","exit_price","qty","fee","size","PNL","PNL_percentage","holding_period","opened_at","closed_at"
"bf9ea60c-a653-4ff8-b78f-a35d3500aa5c","TradeIQ220320Strategy","BTC-USDT","Bybit Perpetual","short","8554.99","8639.09","1.1689084382331247","11.054067859810473","10000.0","-109.35926751521669","-10.935926751521668","7200.0","1583024400000.0","1583031600000.0"
"90bd5525-7304-483c-b7a3-86eff921446e","TradeIQ220320Strategy","BTC-USDT","Bybit Perpetual","short","8551.12","8654.99","1.1566485714718988","10.945782403648597","9890.640732484784","-131.08686952243355","-13.253627653453462","18000.0","1583046000000.0","1583064000000.0"
"dc8364f4-790b-4a1b-a45c-179eb77de45f","TradeIQ220320Strategy","BTC-USDT","Bybit Perpetual","short","8529.03","8630.84","1.1442747725078173","10.799583487282547","9759.55386296235","-127.29819807630284","-13.043444389338468","36000.0","1583082000000.0","1583118000000.0"
"5e1f32d7-e426-4043-aa84-0a31c093c31e","TradeIQ220320Strategy","BTC-USDT","Bybit Perpetual","short","8789.14","8826.99","1.0959269808975678","10.61829569129949","9632.255664886048","-52.09913191827283","-5.4088194635653055","10800.0","1583218800000.0","1583229600000.0"
"2c0885d3-8cde-443f-8263-72038df1f983","TradeIQ220320Strategy","BTC-USDT","Bybit Perpetual","short","8741.59","8783.61","1.0959283760697738","10.5635001869639","9580.156532967774","-56.61441054941627","-5.909549635707055","28800.0","1583247600000.0","1583276400000.0"
"20d917cc-f4e0-4914-80a1-58bb453d2c6f","TradeIQ220320Strategy","BTC-USDT","Bybit Perpetual","short","8737.03","8756.93","1.0900205358592516","10.487826609425174","9523.542122418357","-32.179235273023885","-3.378914573945567","46800.0","1583319600000.0","1583366400000.0"
"7eecc5fd-39c1-4950-9ea0-af2780aed088","TradeIQ220320Strategy","BTC-USDT","Bybit Perpetual","long","8927.51","8878.52","1.0631590317059665","10.411852887330065","9491.362887145333","-62.49601385060513","-6.584514215049861","3600.0","1583377200000.0","1583380800000.0"
"5e4935d3-bf54-47b7-9b14-d5ecf63f68fb","TradeIQ220320Strategy","BTC-USDT","Bybit Perpetual","long","8900.0","9093.3","1.0594232441904188","10.484386142830303","9428.866873294726","194.30212695917686","20.607155617977448","21600.0","1583384400000.0","1583406000000.0"
"4f7b6414-05ae-4be4-82c2-6d29e9db8819","TradeIQ220320Strategy","BTC-USDT","Bybit Perpetual","long","9093.3","9118.21","1.0582702649482485","10.599984732044224","9623.169000253907","15.761527567816493","1.6378728844313788","36000.0","1583406000000.0","1583442000000.0"
"1bcdb4d1-939b-42f0-bb84-63950dd8aee3","TradeIQ220320Strategy","BTC-USDT","Bybit Perpetual","long","9114.99","9072.5","1.0574811961199875","10.578110773791172","9638.930527821725","-55.510486796929214","-5.758988161259616","28800.0","1583474400000.0","1583503200000.0"
"0f6c0243-d9b5-4891-805c-899a4c6c3ff9","TradeIQ220320Strategy","BTC-USDT","Bybit Perpetual","long","9121.6","9080.0","1.0506292800632338","10.517723647199427","9583.420041024794","-54.22390169783033","-5.658095071040207","25200.0","1583532000000.0","1583557200000.0"
"e0c5f5a1-2550-45a3-a030-0b21c493d56a","TradeIQ220320Strategy","BTC-USDT","Bybit Perpetual","long","9119.31","9050.01","1.0449470562276055","10.442287596211546","9529.196139326965","-82.85711859278385","-8.695079561940462","7200.0","1583593200000.0","1583600400000.0"
"4f13de13-be9c-4cdf-996c-e8b9501a8605","TradeIQ220320Strategy","BTC-USDT","Bybit Perpetual","short","8936.0","8730.79","1.0571104544241472","10.271661622813792","9446.33902073418","206.65797472956453","21.877044035362477","32400.0","1583604000000.0","1583636400000.0"
"8971f36b-b9d6-4d11-9850-45fd07b6edae","TradeIQ220320Strategy","BTC-USDT","Bybit Perpetual","short","8730.79","8400.0","1.1056269816893711","10.417145002909955","9652.996995463745","355.3132042701181","36.808589543443475","46800.0","1583636400000.0","1583683200000.0"
"e71cafa8-1498-45dd-9fb8-696c8885f03a","TradeIQ220320Strategy","BTC-USDT","Bybit Perpetual","short","8400.0","8038.460000000001","1.1914654999683172","10.772221879435051","10008.310199733864","419.9902149791092","41.96414845238085","28800.0","1583683200000.0","1583712000000.0"
"e2c771a3-31ac-4a29-a102-502dab9c043f","TradeIQ220320Strategy","BTC-USDT","Bybit Perpetual","short","8038.46","7793.51","1.2973007783472175","11.296354852073389","10428.300414712974","306.4774708040773","29.3890143758879","61200.0","1583712000000.0","1583773200000.0"
"4a9dd39b-6a4f-4227-b16d-f0fddd077751","TradeIQ220320Strategy","BTC-USDT","Bybit Perpetual","short","7774.159999999999","7984.0","1.3808280104238981","11.9676197964078","10734.77788551705","-301.72056950376003","-28.106829290881723","14400.0","1583856000000.0","1583870400000.0"
"d8a263d9-8d9d-4f87-be97-41fbebdfe688","TradeIQ220320Strategy","BTC-USDT","Bybit Perpetual","short","7897.66","7865.07","1.3210314594466326","11.452684219219769","10433.057316013292","31.599731044146182","3.028808343230799","75600.0","1583884800000.0","1583960400000.0"
"d1e9a6a8-8f64-49af-bf0c-d780ed845715","TradeIQ220320Strategy","BTC-USDT","Bybit Perpetual","short","7648.65","5981.07","1.3681704676063668","10.256279212159118","10464.657047057437","2271.277429158866","217.0427008687808","28800.0","1583982000000.0","1584010800000.0"
"6550dd1d-c159-4256-a5a5-65da58a64326","TradeIQ220320Strategy","BTC-USDT","Bybit Perpetual","short","5981.07","4764.65","2.129373920756036","12.584910760260602","12735.934476216304","2577.6281139257967","202.39018336183995","46800.0","1584010800000.0","1584057600000.0"
"20c425e4-cf0f-42d6-8ba6-4bd6de6b4840","TradeIQ220320Strategy","BTC-USDT","Bybit Perpetual","short","4764.65","5154.99","3.2139952756534274","17.534921852900517","15313.5625901421","-1272.0858377514596","-83.06922900947606","14400.0","1584057600000.0","1584072000000.0"
"298ea999-c916-4a54-8507-a4a6e6a08fbd","TradeIQ220320Strategy","BTC-USDT","Bybit Perpetual","short","4966.38","5500.09","2.827306157078323","16.275553290631557","14041.476752390641","-1525.2371223849034","-108.62369744159733","10800.0","1584126000000.0","1584136800000.0"
"4c31981d-2eac-4b1e-9ad4-203a9541fd1c","TradeIQ220320Strategy","BTC-USDT","Bybit Perpetual","short","5444.64","5542.15","2.298818586721204","13.891150383221461","12516.239630005735","-238.04895077440446","-19.019206871344903","7200.0","1584147600000.0","1584154800000.0"
"0a31ef37-df8e-4b65-a9be-e1acedc0e60e","TradeIQ220320Strategy","BTC-USDT","Bybit Perpetual","short","5503.84","5498.99","2.2308407728479267","13.500058979392895","12278.190679231333","-2.6804812310796393","-0.21831239643587685","10800.0","1584162000000.0","1584172800000.0"
"4c3fa78a-781e-42a8-b116-dddd1b121865","TradeIQ220320Strategy","BTC-USDT","Bybit Perpetual","short","5347.87","5434.58","2.2954017577091914","13.612530075326308","12275.510198000253","-212.64681648629036","-17.322849564406024","36000.0","1584176400000.0","1584212400000.0"
"f1d766d1-1afe-4ce8-aff5-ceddbe269115","TradeIQ220320Strategy","BTC-USDT","Bybit Perpetual","short","5330.87","5427.71","2.262832029577529","13.389672679224716","12062.86338151396","-232.52232642351294","-19.275881610318795","50400.0","1584219600000.0","1584270000000.0"
"cb12fb9d-6aed-4f5a-a2c5-dbd8fbe06f71","TradeIQ220320Strategy","BTC-USDT","Bybit Perpetual","short","5251.68","4432.09","2.252677439427088","11.99792561418047","11830.34105509045","1834.2739769658667","155.04827531380434","36000.0","1584320400000.0","1584356400000.0"
"c4c5f0c9-49d6-489f-aeb3-7d6445ce8667","TradeIQ220320Strategy","BTC-USDT","Bybit Perpetual","short","4432.09","5143.88","3.083108653492216","16.23806578492002","13664.615032056316","-2210.763974254144","-161.7875051048151","18000.0","1584356400000.0","1584374400000.0"
"a2802149-28ca-41f3-8515-46a8a70c4334","TradeIQ220320Strategy","BTC-USDT","Bybit Perpetual","short","5087.91","5226.26","2.2511897926264757","12.77053482287782","11453.851057802172","-324.22264263275156","-28.306867358109788","3600.0","1584453600000.0","1584457200000.0"
"7e304531-9679-4981-9b14-dad742974e69","TradeIQ220320Strategy","BTC-USDT","Bybit Perpetual","short","5251.55","5331.69","2.1193035228017285","12.33600379806089","11129.628415169418","-182.17698811539017","-16.368649636773792","25200.0","1584514800000.0","1584540000000.0"
"3df07cfd-f9fc-45e4-9c90-4cbf872e5e03","TradeIQ220320Strategy","BTC-USDT","Bybit Perpetual","long","5842.76","5801.81","1.8736780951218306","11.99999665486205","10947.451427054028","-88.72711465010066","-8.104819212153128","7200.0","1584622800000.0","1584630000000.0"
"bb848b56-baac-4649-9be5-9039068c2687","TradeIQ220320Strategy","BTC-USDT","Bybit Perpetual","long","5887.53","6159.6","1.8443599119501604","12.220583994328674","10858.724312403927","489.5744172499526","45.085813320696566","28800.0","1584633600000.0","1584662400000.0"
"e45df4ab-1bc7-4116-b39b-cd7cfa9548a0","TradeIQ220320Strategy","BTC-USDT","Bybit Perpetual","long","6311.98","6817.03","1.7978983979122052","12.982544324845328","11348.29872965388","895.0460415407142","78.87050410489263","10800.0","1584691200000.0","1584702000000.0"
"a78b64ef-d459-429c-a018-1d2d6c6e6aee","TradeIQ220320Strategy","BTC-USDT","Bybit Perpetual","long","6817.03","6435.15","1.7959939696898197","13.09045945088422","12243.344771194592","-698.9446365960328","-57.08771987214374","21600.0","1584702000000.0","1584723600000.0"
"6085986b-8609-4ca0-a8de-e1cb8c01a64b","TradeIQ220320Strategy","BTC-USDT","Bybit Perpetual","short","5961.21","6237.04","1.936586722259165","12.992632941638824","11544.400134598558","-547.1613485423842","-47.39625638083542","3600.0","1584738000000.0","1584741600000.0"
"0ed44caf-aae3-4482-8bb6-aa99e867da28","TradeIQ220320Strategy","BTC-USDT","Bybit Perpetual","short","5972.53","6112.29","1.8413032309684798","12.238499961419876","10997.238786056174","-269.57903952157506","-24.513338735845657","7200.0","1584784800000.0","1584792000000.0"
"80a92c3d-a284-4d8b-962b-0f53ed43ba61","TradeIQ220320Strategy","BTC-USDT","Bybit Perpetual","long","6177.38","6128.06","1.7366035028660367","11.753318614569315","10727.659746534599","-97.40260337592173","-9.079576130981048","7200.0","1584802800000.0","1584810000000.0"
"4e65dc18-2548-425b-b7be-22064a579514","TradeIQ220320Strategy","BTC-USDT","Bybit Perpetual","long","6211.99","6176.95","1.7112482703865717","11.660303680807658","10630.257143158678","-71.62244307515306","-6.737602121059429","7200.0","1584820800000.0","1584828000000.0"
"8c6ab624-47ad-4200-81fc-a91a011dd424","TradeIQ220320Strategy","BTC-USDT","Bybit Perpetual","long","6250.87","6237.48","1.6891464228313058","11.602058451260936","10558.634700083525","-34.219729052972674","-3.2409236634261034","25200.0","1584842400000.0","1584867600000.0"
"a15871d3-2f8c-4376-b265-cdbaf5fde325","TradeIQ220320Strategy","BTC-USDT","Bybit Perpetual","short","6012.81","6058.17","1.7503322025859043","11.62052375592372","10524.414971030552","-91.01559246521975","-8.648042928347923","3600.0","1584882000000.0","1584885600000.0"
"888d8048-0383-4e85-b879-8495c4bbb107","TradeIQ220320Strategy","BTC-USDT","Bybit Perpetual","short","6011.98","6046.229999999999","1.7354348115870863","11.509430569685136","10433.399378565331","-70.94807286654127","-6.800091733505282","14400.0","1584900000000.0","1584914400000.0"
"0fa277cf-52a9-4f64-83ce-cc6955e39b91","TradeIQ220320Strategy","BTC-USDT","Bybit Perpetual","short","5810.17","6321.04","1.783502256508637","11.899822225049078","10362.451305698787","-923.0376200076163","-89.07521905555258","46800.0","1584921600000.0","1584968400000.0"
"017b086e-52b7-4174-8e7c-1608aad337a5","TradeIQ220320Strategy","BTC-USDT","Bybit Perpetual","long","6321.04","6588.92","1.4933323765853672","10.603373686632116","9439.41368569117","389.4305033530562","41.25579366686497","97200.0","1584968400000.0","1585065600000.0"
"e47c1a7b-d26f-4b3f-9aa8-95171af1ec2d","TradeIQ220320Strategy","BTC-USDT","Bybit Perpetual","long","6756.910000000001","6590.289999999999","1.4546359488352258","10.67842431496144","9828.844189044226","-253.04986610988925","-25.745638168926575","14400.0","1585090800000.0","1585105200000.0"
"5ff58ead-5ae7-434c-97b7-3899348a84dd","TradeIQ220320Strategy","BTC-USDT","Bybit Perpetual","long","6700.889999999999","6594.240000000001","1.429033206474713","10.449550239918985","9575.79432293434","-162.8559417104453","-17.007042571956667","18000.0","1585116000000.0","1585134000000.0"
"1077d660-4b6a-4ac4-ab76-07da37d853f8","TradeIQ220320Strategy","BTC-USDT","Bybit Perpetual","long","6736.82","6626.349999999999","1.3972376256488808","10.269338157068294","9412.938381223892","-164.62217866250052","-17.48892556131829","18000.0","1585184400000.0","1585202400000.0"
"97995e95-aa14-47e7-867e-0b46f5ae0514","TradeIQ220320Strategy","BTC-USDT","Bybit Perpetual","long","6712.83","6650.390000000001","1.3777074948362156","10.125834592029868","9248.316202561393","-96.14989056960135","-10.396475257082137","28800.0","1585260000000.0","1585288800000.0"
"d2d002c7-f644-4f28-b78a-79afdedad2ce","TradeIQ220320Strategy","BTC-USDT","Bybit Perpetual","long","6669.99","6653.7","1.372140934542899","10.055089246487931","9152.16631199179","-32.407265070191706","-3.5409392667755073","3600.0","1585346400000.0","1585350000000.0"
"c2013e17-76d3-4d2a-89d6-3db67a376559","TradeIQ220320Strategy","BTC-USDT","Bybit Perpetual","short","6353.64","6012.32","1.4353597381849772","9.762280609403247","9119.7590469216","480.15470522789406","52.64993326660002","64800.0","1585353600000.0","1585418400000.0"
"20214620-bd03-4b6c-8d9d-40c668c2ecd7","TradeIQ220320Strategy","BTC-USDT","Bybit Perpetual","short","6012.32","6240.89","1.5967070535416432","10.760632759539849","9599.913752149492","-375.71996398755425","-39.13784786904234","10800.0","1585418400000.0","1585429200000.0"
"53728bc9-72c3-43d4-8bcb-0f4877fde984","TradeIQ220320Strategy","BTC-USDT","Bybit Perpetual","short","6083.39","6026.31","1.5162917038299266","10.099010705228096","9224.193788161938","76.450919749384","8.288086905491825","68400.0","1585476000000.0","1585544400000.0"
"63c18f40-4c1e-46d5-ae5e-685606fdb82f","TradeIQ220320Strategy","BTC-USDT","Bybit Perpetual","long","6351.23","6433.45","1.4643848054489166","10.296930123989661","9300.644707911322","110.10478858002062","11.838403899717102","57600.0","1585569600000.0","1585627200000.0"
"2d8e183b-099f-4c83-b1cd-c4863cc6176b","TradeIQ220320Strategy","BTC-USDT","Bybit Perpetual","long","6449.19","6407.1","1.4592141798413976","10.318044367484239","9410.749496491342","-71.73636919700755","-7.622811469347196","28800.0","1585670400000.0","1585699200000.0"
"59c58a6a-3862-4374-82ba-b79a533ba46f","TradeIQ220320Strategy","BTC-USDT","Bybit Perpetual","short","6301.07","6363.9","1.4821313090148713","10.32413171060374","9339.013127294334","-103.446441856008","-11.076806558251207","10800.0","1585702800000.0","1585713600000.0"
"c7eb7c63-15b4-467e-ae99-b11800e1359a","TradeIQ220320Strategy","BTC-USDT","Bybit Perpetual","short","6298.11","6329.66","1.4664028868086343","10.184569110075508","9235.566685438327","-56.449580188888184","-6.112194531375314","54000.0","1585720800000.0","1585774800000.0"
"bedd821a-e42c-40f4-b7b6-49adfab3ca8f","TradeIQ220320Strategy","BTC-USDT","Bybit Perpetual","long","6329.66","6641.51","1.4501753814974956","10.34575927177038","9179.117105249437","441.8914334482242","48.14095172568517","10800.0","1585774800000.0","1585785600000.0"
"73aeb3e2-d19a-449d-a5ed-0c4cba5523c0","TradeIQ220320Strategy","BTC-USDT","Bybit Perpetual","long","6641.51","7082.44","1.4486176394671788","10.934415829241074","9621.008538697663","627.8045599410212","65.25350823833728","64800.0","1585785600000.0","1585850400000.0"
"ebf81436-8610-4ab4-9aaf-be25f1de329a","TradeIQ220320Strategy","BTC-USDT","Bybit Perpetual","long","7082.4400000000005","6786.36","1.4470737625223347","11.038047128718366","10248.813098638684","-439.4876467363324","-42.88180909404115","3600.0","1585850400000.0","1585854000000.0"
"5034ae05-1077-4044-b48e-4c590e6975c1","TradeIQ220320Strategy","BTC-USDT","Bybit Perpetual","long","6922.94","6785.63","1.4169305890131005","10.683250690545027","9809.325451902354","-205.24198986793314","-20.923150207859596","21600.0","1585904400000.0","1585926000000.0"
"1effcee5-5595-4326-80ea-8eec5fae728a","TradeIQ220320Strategy","BTC-USDT","Bybit Perpetual","long","6831.74","6692.68","1.4058034208026682","10.456971745204612","9604.08346203442","-205.94799544202294","-21.443794845822513","7200.0","1585994400000.0","1586001600000.0"
"a86f3473-80f0-40bf-9454-f7235298f8c2","TradeIQ220320Strategy","BTC-USDT","Bybit Perpetual","long","6777.6","6741.19","1.3866465218650255","10.31018072332803","9398.135466592397","-60.79798058443467","-6.469153461402379","10800.0","1586019600000.0","1586030400000.0"
"f387db34-7bca-4a8d-abbc-6cb16471eb0a","TradeIQ220320Strategy","BTC-USDT","Bybit Perpetual","long","6823.35","6771.370000000001","1.3684388879374447","10.231948935241517","9337.337486007964","-81.36340233022929","-8.713769043065293","28800.0","1586034000000.0","1586062800000.0"
"4bcc5b82-4cd3-40ca-9d40-1d010f4d2606","TradeIQ220320Strategy","BTC-USDT","Bybit Perpetual","long","6862.44","7129.9","1.3487876154367446","10.379982196639098","9255.974083677733","350.3667534280727","37.853039589417186","43200.0","1586134800000.0","1586178000000.0"
"79686dd1-49fe-493f-9473-37d94362a5bf","TradeIQ220320Strategy","BTC-USDT","Bybit Perpetual","long","7129.9","7307.3","1.3473317770383606","10.698434082302022","9606.340837105807","228.3182231643039","23.76744975385357","50400.0","1586178000000.0","1586228400000.0"
"215fbb4b-c67b-47c5-898f-a7d9c90b6a5a","TradeIQ220320Strategy","BTC-USDT","Bybit Perpetual","long","7416.96","7117.049999999999","1.325969003509539","10.599405716183721","9834.65906027011","-408.2707695587306","-41.513464478708364","36000.0","1586257200000.0","1586293200000.0"
"ad48f5b5-4262-4299-a196-0be2e748387f","TradeIQ220320Strategy","BTC-USDT","Bybit Perpetual","long","7407.189999999999","7245.93","1.2725997700492877","10.25615642837754","9426.388290711382","-215.47559534652365","-22.85876506475444","18000.0","1586325600000.0","1586343600000.0"
"1bfbe5b6-1821-4a4a-8530-a00057c0419f","TradeIQ220320Strategy","BTC-USDT","Bybit Perpetual","long","7275.14","7217.989999999999","1.2660804734156121","10.092207890420706","9210.912695364857","-82.44870694612479","-8.951198396182267","3600.0","1586350800000.0","1586354400000.0"
"5c4445f8-42bf-4991-80ed-6f334752403e","TradeIQ220320Strategy","BTC-USDT","Bybit Perpetual","long","7273.79","7281.38","1.2549804143945227","10.0465493030005","9128.463988418735","-0.5212479577458904","-0.05710138730975953","43200.0","1586361600000.0","1586404800000.0"
"7960e829-75fa-4c00-b325-e87b144bee11","TradeIQ220320Strategy","BTC-USDT","Bybit Perpetual","long","7322.339999999999","7277.9","1.2465882136668045","10.010267905388645","9127.942740460989","-65.40864812074093","-7.16576012586135","7200.0","1586440800000.0","1586448000000.0"
"cc19aad6-e1d9-44b6-9920-35939899fc0f","TradeIQ220320Strategy","BTC-USDT","Bybit Perpetual","long","7289.82","7278.65","1.243176661747512","9.961150045752827","9062.534092340247","-23.847433357472624","-2.631431022988232","10800.0","1586466000000.0","1586476800000.0"
"33f22752-d931-46d9-b7b4-a00014651c21","TradeIQ220320Strategy","BTC-USDT","Bybit Perpetual","short","6952.11","6911.869999999999","1.3001357370615216","9.913780720748406","9038.686658982775","42.40368133860812","4.6913542794922245","46800.0","1586498400000.0","1586545200000.0"
"80757181-1e35-4a9e-a50b-e5b08959c67b","TradeIQ220320Strategy","BTC-USDT","Bybit Perpetual","short","6853.52","6857.999999999999","1.325025729890827","9.992464237751971","9081.090340321382","-15.928579507661093","-1.75403821685771","46800.0","1586599200000.0","1586646000000.0"
"06ed72ec-1f49-4390-91a9-54b3ec041a72","TradeIQ220320Strategy","BTC-USDT","Bybit Perpetual","short","6814.01","6906.829999999999","1.3303710679634633","10.039594710285694","9065.161760813719","-133.52463723865276","-14.729426871988563","28800.0","1586667600000.0","1586696400000.0"
"8fb5fa2e-a009-4e7e-b769-6659f7e2e28b","TradeIQ220320Strategy","BTC-USDT","Bybit Perpetual","long","6961.46","7138.259999999999","1.2830120583290094","9.949560928484487","8931.637123575067","216.88697098408346","24.283002990751832","7200.0","1586703600000.0","1586710800000.0"
"39beb55b-a595-4f00-8e3d-39af6ecd6eec","TradeIQ220320Strategy","BTC-USDT","Bybit Perpetual","long","7138.260000000001","7024.199999999999","1.281618222726428","9.98297674804877","9148.524094559152","-156.16435123222797","-17.069895604811563","21600.0","1586710800000.0","1586732400000.0"
"3f33fd63-bdd8-48a9-bc36-f38e1333e875","TradeIQ220320Strategy","BTC-USDT","Bybit Perpetual","short","6900.52","6616.41","1.3031423346830278","9.687966044870883","8992.359743326928","360.5478026619249","40.09490422460924","50400.0","1586736000000.0","1586786400000.0"
"43fcc9e5-a389-4e43-bf03-c3b79bc8e1b5","TradeIQ220320Strategy","BTC-USDT","Bybit Perpetual","short","6616.41","6760.5","1.413592498951675","10.400224799333408","9352.907545988852","-214.0847679732805","-22.88964869166212","7200.0","1586786400000.0","1586793600000.0"
"7ab3b212-28e6-4f2a-beca-de269fbac396","TradeIQ220320Strategy","BTC-USDT","Bybit Perpetual","short","6778.5","6841.11","1.3482072402471892","10.099131246238661","9138.822778015572","-94.51038655811473","-10.34163686656335","3600.0","1586854800000.0","1586858400000.0"
"19807882-046e-43e6-9f82-6ba0744ee060","TradeIQ220320Strategy","BTC-USDT","Bybit Perpetual","long","6941.19","6858.999999999999","1.3029916183619032","9.889842545990964","9044.312391457459","-116.98272365915645","-12.934396623633774","14400.0","1586883600000.0","1586898000000.0"
"dcc5f2db-e92c-446e-a8bd-7d3a90d4610d","TradeIQ220320Strategy","BTC-USDT","Bybit Perpetual","short","6829.000000000001","6871.669999999999","1.3072674868645926","9.850742241593615","8927.329667798303","-65.6318459061035","-7.351789207790051","3600.0","1586912400000.0","1586916000000.0"
"d05d443c-d31b-4132-b617-13d78fa226d8","TradeIQ220320Strategy","BTC-USDT","Bybit Perpetual","short","6860.1","6705.08","1.2917738548843598","9.637729673440122","8861.697821892198","190.61305331073387","21.50976676724835","54000.0","1586937600000.0","1586991600000.0"
"d3af00c6-9f78-499b-9d97-67bc623fe3c0","TradeIQ220320Strategy","BTC-USDT","Bybit Perpetual","short","6705.08","6616.56","1.3500675421028434","9.891812574368409","9052.310875202933","109.61616625257466","12.109191538355923","21600.0","1586991600000.0","1587013200000.0"
"7ad98def-cb76-4267-96ca-a8ad6ea57269","TradeIQ220320Strategy","BTC-USDT","Bybit Perpetual","long","6888.35","7040.55","1.330061196288735","10.189459168342388","9161.927041455509","192.24585490680283","20.98312440569945","75600.0","1587024000000.0","1587099600000.0"
"4ec36999-fc49-40b2-8fdc-6643d6e5c583","TradeIQ220320Strategy","BTC-USDT","Bybit Perpetual","long","7071.99","7238.83","1.322707313834198","10.410964454530596","9354.17289636231","210.2695237855672","22.478686904251866","50400.0","1587175200000.0","1587225600000.0"
"aeb81f46-9e9f-4f0d-ae96-8c8c9068f2ad","TradeIQ220320Strategy","BTC-USDT","Bybit Perpetual","long","7238.83","7118.9","1.3212691029003134","10.433733770231704","9564.442420147876","-168.89353728106667","-17.6584823099866","50400.0","1587225600000.0","1587276000000.0"
"d5bb97ff-a058-4bde-aafb-7231d7f97a39","TradeIQ220320Strategy","BTC-USDT","Bybit Perpetual","long","7179.89","7118.03","1.3085923158804396","10.290581534790292","9395.54888286681","-91.24010219515505","-9.71099222968605","7200.0","1587333600000.0","1587340800000.0"
"35c382d5-4d69-4ba3-bd14-e2bc3ffd3b50","TradeIQ220320Strategy","BTC-USDT","Bybit Perpetual","long","7152.61","7146.0","1.300827079999001","10.230010501889483","9304.308780671654","-18.828477500682453","-2.023629905726675","25200.0","1587348000000.0","1587373200000.0"
"ff4768b0-0e4c-40ef-8b75-fde526133885","TradeIQ220320Strategy","BTC-USDT","Bybit Perpetual","short","6964.200000000001","7031.96","1.3333161458848066","10.263718359612904","9285.48030317097","-100.60922040476649","-10.83511214496989","3600.0","1587384000000.0","1587387600000.0"
"472b6943-9220-436d-aff1-694981cb1bac","TradeIQ220320Strategy","BTC-USDT","Bybit Perpetual","short","7018.99","7060.560000000001","1.308574464811348","10.13327678331904","9184.871082766203","-64.53071728552877","-7.025761897367216","3600.0","1587391200000.0","1587394800000.0"
"f6a532ac-8b21-4d68-829b-0faade57d67e","TradeIQ220320Strategy","BTC-USDT","Bybit Perpetual","short","6869.959999999999","6874.61","1.3275681904233323","10.03576965767575","9120.340365480675","-16.208961743144968","-1.7772321090662166","25200.0","1587405600000.0","1587430800000.0"
"a9068fce-7a80-44b3-afd6-6881c31e9c71","TradeIQ220320Strategy","BTC-USDT","Bybit Perpetual","short","6790.73","6894.129999999999","1.340670502838065","10.090788475607688","9104.131403737532","-148.71611846906313","-16.335014497704908","21600.0","1587470400000.0","1587492000000.0"
"1bc5b801-0087-41e7-9193-ab7240acd6fd","TradeIQ220320Strategy","BTC-USDT","Bybit Perpetual","long","7056.18","7108.44","1.269159132174699","9.887436254731412","8955.415285268467","56.43881999271747","6.3022001989744165","50400.0","1587564000000.0","1587614400000.0"
"7a17b770-3674-49ac-8608-1a5cd634b48c","TradeIQ220320Strategy","BTC-USDT","Bybit Perpetual","long","7129.21","7538.61","1.2640747158887427","10.19767121956397","9011.854105261184","507.3145174652868","56.29413343133385","10800.0","1587643200000.0","1587654000000.0"
"9a2e2b63-c1b4-44b6-a3ff-f8644c15c726","TradeIQ220320Strategy","BTC-USDT","Bybit Perpetual","long","7538.61","7483.35","1.2627219902245201","10.432707575550223","9519.168622726469","-80.21072475535634","-8.426232156856413","32400.0","1587654000000.0","1587686400000.0"
"6f95e4d2-3e6c-4256-8963-106ed047f080","TradeIQ220320Strategy","BTC-USDT","Bybit Perpetual","long","7563.01","7546.400000000001","1.2480424986838723","10.371452195521499","9438.957897971113","-31.10143809866021","-3.2950076094041494","39600.0","1587794400000.0","1587834000000.0"
"c1bc0186-63eb-4ab9-b417-ad59fd4d4c0c","TradeIQ220320Strategy","BTC-USDT","Bybit Perpetual","long","7640.43","7543.82","1.2313255222379436","10.283215008572823","9407.856459872452","-129.24157371198126","-13.737621769978988","18000.0","1587898800000.0","1587916800000.0"
"1f2671a0-f6c0-4e22-b46c-787c84f44649","TradeIQ220320Strategy","BTC-USDT","Bybit Perpetual","long","7694.17","7690.12","1.2059279800368943","10.203790170200985","9278.61488616047","-15.087798489350627","-1.6260830602911274","50400.0","1587945600000.0","1587996000000.0"
"d1e0c806-4520-42ea-85bd-bcb83a36d8aa","TradeIQ220320Strategy","BTC-USDT","Bybit Perpetual","long","7761.63","7691.3","1.1935027935718554","10.143713318128682","9263.52708767112","-94.08276479003717","-10.156257319660936","10800.0","1588028400000.0","1588039200000.0"
"9cfbd3a4-5d77-4865-b868-82f79fc64b60","TradeIQ220320Strategy","BTC-USDT","Bybit Perpetual","long","7712.41","7690.579999999999","1.1889207553645467","10.072113978119908","9169.444322881083","-36.026254067728956","-3.9289462697134665","7200.0","1588057200000.0","1588064400000.0"
"ac7d3225-1313-4207-9243-f5885f324352","TradeIQ220320Strategy","BTC-USDT","Bybit Perpetual","long","7741.550000000001","7683.48","1.1797919110272947","10.009079091744345","9133.418068813355","-78.51959536510115","-8.5969562296958","18000.0","1588068000000.0","1588086000000.0"
"7a92cf54-25b2-4e46-92bb-7b794b796c4c","TradeIQ220320Strategy","BTC-USDT","Bybit Perpetual","long","7744.36","7942.99","1.1692248905588396","10.088122047799516","9054.898473448255","222.15501796390294","24.534236205445012","28800.0","1588114800000.0","1588143600000.0"
"5d07bef1-e7e3-40d0-bee4-31f2e07ffc31","TradeIQ220320Strategy","BTC-USDT","Bybit Perpetual","long","7942.989999999999","8238.5","1.1679548244945743","10.39458712215589","9277.053491412158","334.7477430642371","36.08341197710197","21600.0","1588143600000.0","1588165200000.0"
"724d0898-5cbc-40dc-a880-24b868b08b99","TradeIQ220320Strategy","BTC-USDT","Bybit Perpetual","long","8238.5","8593.88","1.1666931157949134","10.80102202764419","9611.801234476394","403.8183774635512","42.012768222370475","14400.0","1588165200000.0","1588179600000.0"
"6320d594-bf2f-4142-b8ee-3c08328cca80","TradeIQ220320Strategy","BTC-USDT","Bybit Perpetual","long","8593.88","8755.64","1.1654362886077005","11.12086810885879","10015.619611939945","177.40010593632311","17.712344598714463","21600.0","1588179600000.0","1588201200000.0"
"be94a171-6101-4179-9ab7-bab1edb9ce6c","TradeIQ220320Strategy","BTC-USDT","Bybit Perpetual","long","8960.55","8644.0","1.1375439808802215","11.014272438732696","10193.019717876268","-371.10381958636594","-36.4076426670237","25200.0","1588215600000.0","1588240800000.0"
"aa43e964-39c8-448e-a60b-4a4bfe5a0f3e","TradeIQ220320Strategy","BTC-USDT","Bybit Perpetual","long","8820.16","8730.0","1.1135757059157547","10.748887496013943","9821.915898289903","-111.14887314137823","-11.316414668214621","36000.0","1588312800000.0","1588348800000.0"
"21e1edd1-cafa-4845-8942-000784f0acc1","TradeIQ220320Strategy","BTC-USDT","Bybit Perpetual","long","8867.35","9139.48","1.0951148905984902","10.845751216011587","9710.767025148523","287.1678639625547","29.57210931112443","54000.0","1588424400000.0","1588478400000.0"
"f5df9f20-debe-4035-b61f-5ceb91c2a9f7","TradeIQ220320Strategy","BTC-USDT","Bybit Perpetual","long","9139.48","9011.68","1.0939281982247435","10.920836164968971","9997.934889111079","-150.7248598980904","-15.075599268229622","10800.0","1588478400000.0","1588489200000.0"
"f746825b-a1a9-441c-8605-3997dfae74d9","TradeIQ220320Strategy","BTC-USDT","Bybit Perpetual","long","8830.0","8854.05","1.1151993238066804","10.846682331189939","9847.210029212987","15.973861406359912","1.6221712910531454","75600.0","1588600800000.0","1588676400000.0"
"09679583-22af-4cbf-83a8-959af1e10612","TradeIQ220320Strategy","BTC-USDT","Bybit Perpetual","long","9022.78","9321.44","1.0931424561631058","11.029065138958003","9863.183890619348","315.448860818715","31.982457623925203","43200.0","1588723200000.0","1588766400000.0"
"d69506c2-3e6d-408b-8f34-3a43152295a1","TradeIQ220320Strategy","BTC-USDT","Bybit Perpetual","long","9321.44","9148.27","1.0919592628862131","11.092494004527166","10178.632751438063","-200.1870795585328","-19.6673840629774","43200.0","1588766400000.0","1588809600000.0"
"ba193ca9-f088-46f2-b679-2053585f7356","TradeIQ220320Strategy","BTC-USDT","Bybit Perpetual","long","9343.57","9839.62","1.0679478691634494","11.267655786341674","9978.44567187953","518.4878847121885","51.960786455284335","32400.0","1588842000000.0","1588874400000.0"
"f0b8cc3e-35eb-4829-9d68-7056607b9413","TradeIQ220320Strategy","BTC-USDT","Bybit Perpetual","long","9839.62","9872.68","1.0668027379707468","11.566024586435415","10496.93355659172","23.70247393087693","2.258037912033136","43200.0","1588874400000.0","1588917600000.0"
"8f30b8c8-a9c8-4b4e-a850-51087825c306","TradeIQ220320Strategy","BTC-USDT","Bybit Perpetual","long","9965.54","9807.49","1.055701550595612","11.480930137035454","10520.636030522595","-178.33456020867308","-16.950929553240574","32400.0","1588950000000.0","1588982400000.0"
"4d9c328a-2dd8-4b71-bf19-c76679ba566b","TradeIQ220320Strategy","BTC-USDT","Bybit Perpetual","long","9767.85","9747.23","1.0588104311915028","11.364523648245168","10342.30147031392","-33.1971947394148","-3.209845974293299","7200.0","1589043600000.0","1589050800000.0"
"ad59c10a-e3cc-4688-bd37-0f253c6494d6","TradeIQ220320Strategy","BTC-USDT","Bybit Perpetual","short","8695.84","8769.0","1.1855213844291648","11.387717712598619","10309.104275574507","-98.12046219743614","-9.517845544536224","46800.0","1589072400000.0","1589119200000.0"
"ace0c335-eedf-4b91-b9d5-b3dda3bec401","TradeIQ220320Strategy","BTC-USDT","Bybit Perpetual","short","8603.55","8747.36","1.1868337852836415","11.325955406378684","10210.983813377074","-182.00452206802072","-17.824386503245908","10800.0","1589216400000.0","1589227200000.0"
"e478f89e-4f7d-4c75-968f-91f580428162","TradeIQ220320Strategy","BTC-USDT","Bybit Perpetual","short","8589.12","8712.55","1.1676375800208927","11.111144049016044","10028.979291309051","-155.23265055099304","-15.478409720669688","21600.0","1589234400000.0","1589256000000.0"
"935f15e1-cee1-4a2a-ba55-ec0bbed54a3c","TradeIQ220320Strategy","BTC-USDT","Bybit Perpetual","long","9034.48","9330.79","1.0928959542506107","11.039231104946063","9873.746640758058","312.79676909905385","31.679643045311","54000.0","1589371200000.0","1589425200000.0"
"50c17f1b-971f-46ab-aeaa-8d5b65136687","TradeIQ220320Strategy","BTC-USDT","Bybit Perpetual","long","9435.68","9800.0","1.0795770320588562","11.421519078218646","10186.54340985711","381.88998524146353","37.489653739847014","14400.0","1589436000000.0","1589450400000.0"
"141ba09a-2fb5-41b1-a539-79099c42f1b6","TradeIQ220320Strategy","BTC-USDT","Bybit Perpetual","long","9800.0","9618.01","1.078411570928426","11.51733366762214","10568.433395098577","-207.7774554608862","-19.660194438775484","28800.0","1589450400000.0","1589479200000.0"
"5164c622-0393-40ec-9d88-10ff84f26651","TradeIQ220320Strategy","BTC-USDT","Bybit Perpetual","long","9491.0","9456.35","1.0916295374183635","11.375917803692108","10360.655939637689","-49.200881275238004","-4.7488191444526","3600.0","1589605200000.0","1589608800000.0"
"3e4bec60-b6c9-431b-9ff2-16a14daf84ae","TradeIQ220320Strategy","BTC-USDT","Bybit Perpetual","long","9469.0","9447.62","1.088969802340527","11.329795368292974","10311.45505836245","-34.61196974233257","-3.3566523392120824","3600.0","1589634000000.0","1589637600000.0"
"da53a70c-2a2b-4835-8dc1-c29bbbcb8daf","TradeIQ220320Strategy","BTC-USDT","Bybit Perpetual","long","9478.0","9767.08","1.084283930008453","11.476922036649894","10276.843088620119","301.9678764501936","29.383330449461898","43200.0","1589677200000.0","1589720400000.0"
"c0e9908e-f7b7-411e-9672-f7b386dc68cd","TradeIQ220320Strategy","BTC-USDT","Bybit Perpetual","long","9767.08","9685.54","1.083108868266699","11.588117878162187","10578.81096507031","-99.9048149966278","-9.443860498736475","36000.0","1589720400000.0","1589756400000.0"
"a1420c97-9f4b-4a44-9f22-84b6b9e8a21d","TradeIQ220320Strategy","BTC-USDT","Bybit Perpetual","long","9901.01","9587.0","1.0583673938389804","11.344010895144393","10478.906150073683","-343.68195623452283","-32.797503032518925","25200.0","1589767200000.0","1589792400000.0"
"eac7a7df-27a6-4d86-ab74-56b6e01f0262","TradeIQ220320Strategy","BTC-USDT","Bybit Perpetual","long","9800.25","9617.49","1.034180168244602","11.044792891071467","10135.22419383916","-200.05156043945513","-19.738247187571766","14400.0","1589878800000.0","1589893200000.0"
"1fe94152-87d9-4887-8483-df16f9847b7f","TradeIQ220320Strategy","BTC-USDT","Bybit Perpetual","long","9693.94","9658.4","1.024884890292255","10.908656471789131","9935.172633399703","-47.33306547277677","-4.76419154647139","10800.0","1589900400000.0","1589911200000.0"
"59dbefd8-9b11-4eac-bee5-fcad4481c48e","TradeIQ220320Strategy","BTC-USDT","Bybit Perpetual","long","9681.0","9722.61","1.0213655167779079","10.89999798525384","9887.839567926927","31.5990211678755","3.1957457390766013","32400.0","1589925600000.0","1589958000000.0"
"19270543-54f7-47dc-8aa9-db3d79b8a577","TradeIQ220320Strategy","BTC-USDT","Bybit Perpetual","short","9410.03","9533.11","1.0541346402822096","10.982741038343546","9919.438589094802","-140.72563256427782","-14.186854558380782","7200.0","1589990400000.0","1589997600000.0"
"ac99ee87-28e7-4030-9508-73f02d8d7b71","TradeIQ220320Strategy","BTC-USDT","Bybit Perpetual","short","9469.06","9078.84","1.0327015518468066","10.534944812424662","9778.712956530522","392.44585474923554","40.132669451877945","43200.0","1590030000000.0","1590073200000.0"
"936f13c5-64ab-44fa-a881-0c5e491cabd1","TradeIQ220320Strategy","BTC-USDT","Bybit Perpetual","short","9078.84","9099.1","1.120314799168149","11.200758360214865","10171.158811279758","-33.89833619136181","-3.332789981980101","25200.0","1590073200000.0","1590098400000.0"
"a87819dd-cb80-40bd-b383-6d53aeee263c","TradeIQ220320Strategy","BTC-USDT","Bybit Perpetual","short","9166.4","9236.0","1.1059151329953305","11.193320953888298","10137.260475088397","-88.16501421036371","-8.697124279979095","3600.0","1590192000000.0","1590195600000.0"
"88cce3a4-2c23-4583-9d41-349c071bd80b","TradeIQ220320Strategy","BTC-USDT","Bybit Perpetual","short","9183.15","9193.79","1.0942972140145848","11.060408834262251","10049.095460878034","-22.703731191378786","-2.259281074576941","21600.0","1590224400000.0","1590246000000.0"
"d9941c45-f046-463f-a6da-268a0629262a","TradeIQ220320Strategy","BTC-USDT","Bybit Perpetual","short","9174.99","9225.83","1.09279592998866","11.059587662449665","10026.391729686657","-66.61733274307329","-6.644198086319454","10800.0","1590256800000.0","1590267600000.0"
"a7997972-4cc3-4157-8cff-577dc3dd3477","TradeIQ220320Strategy","BTC-USDT","Bybit Perpetual","short","9111.31","9050.06","1.0931221083404672","10.918927285613222","9959.774396943581","56.0348018502404","5.626111558052575","36000.0","1590321600000.0","1590357600000.0"
"ac5eba22-15b6-4e6f-b01d-b964b271ec92","TradeIQ220320Strategy","BTC-USDT","Bybit Perpetual","short","8711.37","8889.01","1.1497398456033692","11.129722001068345","10015.809198793822","-215.36950817405017","-21.50295636622017","64800.0","1590364800000.0","1590429600000.0"
"a2e491ea-f8ca-4ac6-bd70-8177b25a3fa3","TradeIQ220320Strategy","BTC-USDT","Bybit Perpetual","short","8858.41","8851.01","1.106342976969882","10.775980843765483","9800.439690619773","-2.5890428141887583","-0.2641761896322663","36000.0","1590490800000.0","1590526800000.0"
"85c47449-aa33-4580-8431-b2411c0f795d","TradeIQ220320Strategy","BTC-USDT","Bybit Perpetual","short","8830.64","8880.83","1.1095289410286895","10.808263704238772","9797.850647805586","-66.49552125446927","-6.786745751157393","7200.0","1590534000000.0","1590541200000.0"
"1739043b-1c28-4ba0-b8fc-9ae50a2dcdd5","TradeIQ220320Strategy","BTC-USDT","Bybit Perpetual","long","9122.65","9064.8","1.0667245949971902","10.670550129404905","9731.355126551116","-72.38056794999275","-7.437871397017355","39600.0","1590577200000.0","1590616800000.0"
"57a4b23c-c5d1-4393-bb43-75926e6eef5e","TradeIQ220320Strategy","BTC-USDT","Bybit Perpetual","long","9197.32","9175.33","1.0501944651921564","10.61217043750197","9658.974558601123","-33.70594672707726","-3.4895988722801627","18000.0","1590624000000.0","1590642000000.0"
"09632acc-fbe5-4a62-9f59-7af480943f83","TradeIQ220320Strategy","BTC-USDT","Bybit Perpetual","long","9258.68","9494.98","1.0395940470859826","10.722906313390979","9625.268611874046","234.93316701302595","24.407959557949866","14400.0","1590667200000.0","1590681600000.0"
"524699e0-6308-4f3d-a9c4-8f98b345c202","TradeIQ220320Strategy","BTC-USDT","Bybit Perpetual","long","9494.98","9510.44","1.0384647233471869","10.855052022318402","9860.201778887073","5.199612600630088","0.5273332855889051","36000.0","1590681600000.0","1590717600000.0"
"19d6e8b4-5784-4391-b754-84415351c958","TradeIQ220320Strategy","BTC-USDT","Bybit Perpetual","long","9422.26","9367.55","1.0470313270370062","10.820435834490265","9865.401391487701","-68.10351973668587","-6.903269014015848","3600.0","1590796800000.0","1590800400000.0"
"4903c8f6-adf2-496d-b463-e78841d430a3","TradeIQ220320Strategy","BTC-USDT","Bybit Perpetual","long","9511.94","9434.82","1.0299999654908478","10.733339180389859","9797.297871751016","-90.16693651904487","-9.203245394735541","57600.0","1590814800000.0","1590872400000.0"
"aa1847fa-86db-40f0-91a7-f69a47351f95","TradeIQ220320Strategy","BTC-USDT","Bybit Perpetual","long","9725.14","9548.81","0.9981481948056246","10.581042119600628","9707.130935231971","-186.58451330967634","-19.22138627310249","28800.0","1590879600000.0","1590908400000.0"
"3d57aada-f649-487e-b1c5-3489f510713e","TradeIQ220320Strategy","BTC-USDT","Bybit Perpetual","long","9597.2","9547.51","0.9920129227193654","10.445489846943065","9520.546421922294","-59.73861197686884","-6.274704132455352","10800.0","1590922800000.0","1590933600000.0"
"5bb1cf66-f347-486c-b43b-fac13fe36dbf","TradeIQ220320Strategy","BTC-USDT","Bybit Perpetual","long","9544.98","9508.21","0.9911815226375985","10.386843431416906","9460.807809945425","-46.832588018801836","-4.950167994066037","25200.0","1590987600000.0","1591012800000.0"
"c9369188-04de-4f3b-9c60-0e88a2ce83ae","TradeIQ220320Strategy","BTC-USDT","Bybit Perpetual","long","9551.01","10232.48","0.9856523259766896","10.724803613940118","9413.975221926623","660.9676869693939","70.21132639375304","39600.0","1591016400000.0","1591056000000.0"
"368bbb29-b07a-4167-9dc3-7a1dcda00b3d","TradeIQ220320Strategy","BTC-USDT","Bybit Perpetual","long","10232.48","9584.47","0.9846042121651857","10.731518843246782","10074.942908896019","-648.764894368409","-64.39390279775776","54000.0","1591056000000.0","1591110000000.0"
"bb3cb32c-5da4-4eca-bd0d-2a6fcfe741e5","TradeIQ220320Strategy","BTC-USDT","Bybit Perpetual","short","9467.9","9527.8","0.9955933221229217","10.40159563797771","9426.17801452761","-70.03763563314035","-7.430120195608279","7200.0","1591113600000.0","1591120800000.0"
"9ad44601-d0ed-4d35-be19-59fc38d665e0","TradeIQ220320Strategy","BTC-USDT","Bybit Perpetual","short","9487.76","9514.9","0.986127429329417","10.306474340921516","9356.14037889447","-37.06997277292132","-3.9621009595520347","3600.0","1591138800000.0","1591142400000.0"
"23029c24-d7f9-4375-a50d-1e036aaf643b","TradeIQ220320Strategy","BTC-USDT","Bybit Perpetual","short","9484.95","9493.23","0.9825112843105708","10.255451803122455","9319.07040612155","-18.390645237212837","-1.9734420318503352","7200.0","1591153200000.0","1591160400000.0"
"270cc89b-b904-4caa-baf7-c6855de33e8f","TradeIQ220320Strategy","BTC-USDT","Bybit Perpetual","long","9607.49","9558.46","0.9680655156429345","10.204642398245186","9300.679760884337","-57.6688946302189","-6.200503201148339","39600.0","1591225200000.0","1591264800000.0"
"c9533cbc-341f-47fa-8073-34bafadada31","TradeIQ220320Strategy","BTC-USDT","Bybit Perpetual","long","9638.34","9795.88","0.9589836907863926","10.2504050127351","9243.010866254119","140.82788563375226","15.23614844464908","54000.0","1591275600000.0","1591329600000.0"
"239e5b03-bc03-427b-8e76-6a2ecc024955","TradeIQ220320Strategy","BTC-USDT","Bybit Perpetual","long","9736.91","9720.5","0.9637388814200676","10.3135244018024","9383.83875188787","-26.12847944590557","-2.7844126627441206","3600.0","1591383600000.0","1591387200000.0"
"34100840-e430-44de-87b3-fba774e3ee3c","TradeIQ220320Strategy","BTC-USDT","Bybit Perpetual","short","9576.93","9597.98","0.9771096032279617","10.304793786117532","9357.710272441964","-30.872950934065415","-3.2991992736711313","3600.0","1591408800000.0","1591412400000.0"
"5ef01d43-c296-47b1-81a1-3424e60f182a","TradeIQ220320Strategy","BTC-USDT","Bybit Perpetual","long","9654.99","9641.9","0.9660121161707986","10.252566249428316","9326.8373215079","-22.89766485010421","-2.4550299378870557","10800.0","1591473600000.0","1591484400000.0"
"274806a8-48dc-4fe4-888c-44b2121977cc","TradeIQ220320Strategy","BTC-USDT","Bybit Perpetual","long","9662.58","9663.3","0.9628835835416413","10.234714924222654","9303.939656657793","-9.541438744073304","-1.02552672267662","18000.0","1591495200000.0","1591513200000.0"
"79db51ab-c405-48e8-94b7-c44a3ef1079d","TradeIQ220320Strategy","BTC-USDT","Bybit Perpetual","short","9573.97","9771.75","0.9707987614243327","10.329440558174069","9294.398217913718","-202.33401959267923","-21.769458855626315","28800.0","1591531200000.0","1591560000000.0"
"e0f95684-f8e6-4f5e-9275-471ef1786dc6","TradeIQ220320Strategy","BTC-USDT","Bybit Perpetual","long","9771.75","9691.54","0.9304437995569922","9.960223624713787","9092.064198321039","-84.59112078717932","-9.303841123647159","64800.0","1591560000000.0","1591624800000.0"
"77f4a767-846d-42c9-95d8-56afc14097a1","TradeIQ220320Strategy","BTC-USDT","Bybit Perpetual","long","9717.0","9693.430000000002","0.9269808662687927","9.89620346882737","9007.47307753386","-31.745142486780857","-3.524311670268384","10800.0","1591635600000.0","1591646400000.0"
"30c7bfff-5f56-4ba0-930e-4d593cffd6ab","TradeIQ220320Strategy","BTC-USDT","Bybit Perpetual","long","9778.87","9702.990000000002","0.9178696449637919","9.834994356788865","8975.727935047076","-79.48294301664066","-8.855319990960018","3600.0","1591660800000.0","1591664400000.0"
"632cfae4-9a7c-47be-ade1-7e4e07a7566c","TradeIQ220320Strategy","BTC-USDT","Bybit Perpetual","long","9809.3","9740.0","0.9069194531750926","9.75130225627571","8896.244992030435","-72.60082036130896","-8.160838693892455","39600.0","1591740000000.0","1591779600000.0"
"a4ce5959-a785-4834-a9e3-622c0e2d8ead","TradeIQ220320Strategy","BTC-USDT","Bybit Perpetual","long","9763.0","9831.1","0.9037841003450915","9.739859822314468","8823.644171669128","51.8078374111866","5.8714785414319755","21600.0","1591794000000.0","1591815600000.0"
"d8b80f10-0ab1-4837-83cb-2ecbd744ca72","TradeIQ220320Strategy","BTC-USDT","Bybit Perpetual","short","9640.01","9083.01","0.9206890873640499","9.48094410807437","8875.452009080314","503.34287755370144","56.71180206244599","10800.0","1591884000000.0","1591894800000.0"
"0da30fce-bb1d-4349-a0f0-4acbd2de5c96","TradeIQ220320Strategy","BTC-USDT","Bybit Perpetual","short","9083.01","9354.59","1.0325646329393026","10.470907521954928","9378.794886634014","-290.89481053561065","-31.01622479772674","36000.0","1591894800000.0","1591930800000.0"
"b4039cec-1f99-42fa-b539-62378ca22dd5","TradeIQ220320Strategy","BTC-USDT","Bybit Perpetual","short","9329.96","9461.3","0.9740556311172186","10.067052940333259","9087.900076098404","-137.9995195312689","-15.18497324747375","10800.0","1591984800000.0","1591995600000.0"
"4c82aed2-79a8-4117-9b24-dd9965a3fa5c","TradeIQ220320Strategy","BTC-USDT","Bybit Perpetual","short","9441.91","9442.45","0.9478908988294883","9.8451721358208","8949.900556567134","-10.357033221189551","-1.1572232736809474","50400.0","1592010000000.0","1592060400000.0"
"49ec3241-4d3d-41d1-a706-af76e9b51c86","TradeIQ220320Strategy","BTC-USDT","Bybit Perpetual","short","9412.65","9160.68","0.9497371647034517","9.701879975315858","8939.543523345945","229.60339341501225","25.68401762521706","72000.0","1592121600000.0","1592193600000.0"
"665e67e7-a77c-4668-a148-84d9cb0016da","TradeIQ220320Strategy","BTC-USDT","Bybit Perpetual","short","9160.68","9131.99","1.0009242672772063","10.070267523961554","9169.146916760958","18.646249704222004","2.0335860984119636","18000.0","1592193600000.0","1592211600000.0"
"e538926b-2f12-4683-a2ae-93c5bb5a5c73","TradeIQ220320Strategy","BTC-USDT","Bybit Perpetual","long","9559.49","9466.73","0.9611175038067074","10.057538190302488","9187.79316646518","-99.21079784341288","-10.798109627187248","10800.0","1592280000000.0","1592290800000.0"
"5cae1956-6031-49f2-ad5a-d999463f52f4","TradeIQ220320Strategy","BTC-USDT","Bybit Perpetual","long","9531.99","9434.81","0.9534821552080696","9.946477937770227","9088.582368621766","-102.6058737808907","-11.289535553436407","3600.0","1592316000000.0","1592319600000.0"
"7e3b1d13-aabc-4821-8fb2-3d6b8b8c1133","TradeIQ220320Strategy","BTC-USDT","Bybit Perpetual","short","9434.81","9449.66","0.952427923279947","9.892353099388352","8985.976494840876","-24.03590776009591","-2.6748242412937158","3600.0","1592319600000.0","1592323200000.0"
"6ea75a32-9b1d-43fd-90d4-61b4a3f82623","TradeIQ220320Strategy","BTC-USDT","Bybit Perpetual","short","9450.63","9477.81","0.948290281926261","9.872310637213372","8961.940587080779","-35.64684049996942","-3.977580542249596","18000.0","1592359200000.0","1592377200000.0"
"69acb8d5-8152-419d-b18d-8354edfb793c","TradeIQ220320Strategy","BTC-USDT","Bybit Perpetual","long","9508.72","9475.02","0.9387481960327793","9.801523423425422","8926.293746580808","-41.43733762972906","-4.642166032862352","14400.0","1592380800000.0","1592395200000.0"
"12530bd8-26ed-4532-ad9d-61d35c6839f7","TradeIQ220320Strategy","BTC-USDT","Bybit Perpetual","long","9494.63","9437.71","0.9357770033114593","9.744046614980519","8884.85640895108","-63.008473643468854","-7.09167044950673","3600.0","1592398800000.0","1592402400000.0"
"33d78e82-81c2-45cd-b012-7036edf18dfd","TradeIQ220320Strategy","BTC-USDT","Bybit Perpetual","short","9406.91","9429.86","0.9378050747065305","9.715870173393853","8821.847935307609","-31.23849663790941","-3.541037758413839","28800.0","1592406000000.0","1592434800000.0"
"262824f4-e0bf-4de9-a22b-b88074fbc802","TradeIQ220320Strategy","BTC-USDT","Bybit Perpetual","short","9391.51","9359.23","0.9360166191240493","9.653052343480741","8790.6094386697","20.561564121844185","2.339037385894351","50400.0","1592510400000.0","1592560800000.0"
"898d2d1e-b02a-40b1-8c99-1932d6deb176","TradeIQ220320Strategy","BTC-USDT","Bybit Perpetual","short","9319.86","9320.01","0.9454188156036188","9.692366100122985","8811.171002791543","-9.834178922463185","-1.1161035144304352","61200.0","1592593200000.0","1592654400000.0"
"6b618e0d-43c9-4003-9607-b3838837c6d4","TradeIQ220320Strategy","BTC-USDT","Bybit Perpetual","short","9344.86","9347.82","0.9418372050377514","9.683003817225792","8801.336823869082","-12.470841944136714","-1.416925882249614","7200.0","1592762400000.0","1592769600000.0"
"b6827f8d-7262-429f-97bb-c9178e7eb511","TradeIQ220320Strategy","BTC-USDT","Bybit Perpetual","short","9323.5","9382.58","0.9426573692202439","9.698383288672881","8788.865981924944","-65.39058066220483","-7.440161312811705","18000.0","1592773200000.0","1592791200000.0"
"3385e9aa-72d0-4dd3-8f17-722fbed45e64","TradeIQ220320Strategy","BTC-USDT","Bybit Perpetual","long","9405.39","9584.749999999998","0.927497467012292","9.687318711514843","8723.47540126274","156.6686269718087","17.959427838717883","43200.0","1592802000000.0","1592845200000.0"
"0dab29af-0b96-4eb2-a4ca-af1cbf37d9d5","TradeIQ220320Strategy","BTC-USDT","Bybit Perpetual","long","9584.75","9652.65","0.9264867657721433","9.802758079325766","8880.14402823455","53.10569331660243","5.980273872557932","32400.0","1592845200000.0","1592877600000.0"
"8d87a7ca-e7e6-4345-859c-e355628253bf","TradeIQ220320Strategy","BTC-USDT","Bybit Perpetual","long","9667.05","9519.0","0.9240926364869482","9.751328140548727","8933.249721551152","-146.56324297244075","-16.406486725526328","18000.0","1592967600000.0","1592985600000.0"
"db7305dd-ca65-4123-a7e0-ae7e3ce3fc05","TradeIQ220320Strategy","BTC-USDT","Bybit Perpetual","short","9384.16","9099.65","0.9363316992228086","9.518837473976347","8786.686478578711","256.8768942719051","29.23478547893474","61200.0","1592996400000.0","1593057600000.0"
"73afc22c-55c3-493c-8990-2f1bae2de2bd","TradeIQ220320Strategy","BTC-USDT","Bybit Perpetual","short","9099.65","9297.9","0.993836397317547","10.056285146308191","9043.563372850616","-207.0843509145119","-22.898534833757346","18000.0","1593057600000.0","1593075600000.0"
"a073624f-464d-44b8-ade1-247a59ec798e","TradeIQ220320Strategy","BTC-USDT","Bybit Perpetual","short","9143.88","9182.99","0.966381779062729","9.740914279388246","8836.479021936106","-47.536105658532136","-5.379530188497726","82800.0","1593158400000.0","1593241200000.0"
"8d86c4ef-1428-48ba-8a3d-ccfa4a1a3d02","TradeIQ220320Strategy","BTC-USDT","Bybit Perpetual","short","9098.82","9015.71","0.9659431570552635","9.623683463224754","8788.942916277572","70.65585231963875","8.039175244702125","50400.0","1593277200000.0","1593327600000.0"
"3b961a7d-6422-4797-8f92-2a06e2154a4e","TradeIQ220320Strategy","BTC-USDT","Bybit Perpetual","short","9093.0","9110.66","0.9743317682389984","9.75502232992184","8859.598768597212","-26.96172135702241","-3.0432214890575007","3600.0","1593403200000.0","1593406800000.0"
"cdaa458a-9eb2-4b5a-b8d7-961d5ba9dbc7","TradeIQ220320Strategy","BTC-USDT","Bybit Perpetual","short","9084.39","9130.88","0.9722873024209869","9.740761652143462","8832.637047240189","-54.94239834169493","-6.220384472705353","10800.0","1593414000000.0","1593424800000.0"
"31ef6d0b-de29-4216-8f3f-1a3b65b06249","TradeIQ220320Strategy","BTC-USDT","Bybit Perpetual","short","9092.6","9121.78","0.9653668531441493","9.670957286414453","8777.694648898492","-37.84036206116101","-4.310968149924146","14400.0","1593432000000.0","1593446400000.0"
"73008003-9e2b-4b68-bb8a-9ea8bba84485","TradeIQ220320Strategy","BTC-USDT","Bybit Perpetual","short","9129.21","9147.92","0.9573505579165483","9.623691331437307","8739.854286837332","-27.53572027005683","-3.1505926033031284","3600.0","1593496800000.0","1593500400000.0"
"e992d946-1d7d-4f32-9678-033f84b87c29","TradeIQ220320Strategy","BTC-USDT","Bybit Perpetual","short","9135.02","9156.23","0.9537273663951774","9.594676129816685","8712.318566567274","-29.823233571057564","-3.4231110057776695","3600.0","1593507600000.0","1593511200000.0"
"1d349b13-a815-4112-95c7-a0054693cd51","TradeIQ220320Strategy","BTC-USDT","Bybit Perpetual","short","9125.01","9180.99","0.95150529511707","9.580040762827196","8682.495332996215","-62.84530718348036","-7.238161930781397","7200.0","1593522000000.0","1593529200000.0"
"3dd863bc-5ba5-4fae-8cba-511ae6ede83b","TradeIQ220320Strategy","BTC-USDT","Bybit Perpetual","long","9212.07","9240.99","0.9356908952941885","9.496498127774558","8619.650025812734","17.56368256413344","2.0376329098671713","32400.0","1593612000000.0","1593644400000.0"
"e17756b9-c019-44bb-94ec-29d8ab850b6b","TradeIQ220320Strategy","BTC-USDT","Bybit Perpetual","short","9205.44","9211.5","0.9382727722278204","9.504062342364389","8637.213708376867","-15.189995342064503","-1.758668461257636","7200.0","1593673200000.0","1593680400000.0"
"6f8137c0-30b3-440c-b757-cf112b348970","TradeIQ220320Strategy","BTC-USDT","Bybit Perpetual","short","9198.52","9242.84","0.9373272779789359","9.507074374066296","8622.023713034801","-51.04941933409246","-5.920816392202192","3600.0","1593691200000.0","1593694800000.0"
"1d4fe08a-d51e-4828-bb9a-0e9d24bebade","TradeIQ220320Strategy","BTC-USDT","Bybit Perpetual","long","9242.84","9200.0","0.9273096032930039","9.40622245419799","8570.974293700709","-49.132165859270415","-5.732389828234628","7200.0","1593694800000.0","1593702000000.0"
"45dfd829-8a56-4650-a700-4218fabfc342","TradeIQ220320Strategy","BTC-USDT","Bybit Perpetual","short","9049.61","9102.09","0.9416805948368423","9.401207009314952","8521.842127841437","-58.82060462635202","-6.902334465242099","61200.0","1593705600000.0","1593766800000.0"
"d834e83f-faaa-4339-bfa8-40297ce642d2","TradeIQ220320Strategy","BTC-USDT","Bybit Perpetual","long","9169.98","9140.46","0.922905123371598","9.294339387953535","8463.021523215086","-36.53849862988351","-4.317429481852789","3600.0","1593885600000.0","1593889200000.0"
"b1c575ae-b02e-49e1-856f-4647b20a5848","TradeIQ220320Strategy","BTC-USDT","Bybit Perpetual","short","9080.75","9031.03","0.9279501169600751","9.243755603145335","8426.483024585203","36.893924212109","4.378330093879839","57600.0","1593928800000.0","1593986400000.0"
"bfaf13c2-1041-44c7-a593-12292728e838","TradeIQ220320Strategy","BTC-USDT","Bybit Perpetual","long","9222.0","9272.9","0.9177376869222849","9.335406710222433","8463.376948797311","37.37744155412153","4.416374430709134","50400.0","1594018800000.0","1594069200000.0"
"7fa1826e-ae65-4b3a-9dd3-c3ef32287bfd","TradeIQ220320Strategy","BTC-USDT","Bybit Perpetual","long","9339.6","9282.49","0.910183989715987","9.322240495177603","8500.754390351432","-61.30284814785815","-7.211459752023703","10800.0","1594080000000.0","1594090800000.0"
"62446ba4-4430-4b33-ba7c-af13d1481958","TradeIQ220320Strategy","BTC-USDT","Bybit Perpetual","long","9272.0","9239.78","0.9102083199097902","9.267266894786811","8439.451542203575","-38.594178962279656","-4.573067191544364","3600.0","1594148400000.0","1594152000000.0"
"65e559bc-814f-46eb-baa7-a4c49501dd96","TradeIQ220320Strategy","BTC-USDT","Bybit Perpetual","long","9301.64","9431.52","0.9031587293467922","9.305459340237586","8400.857363241295","107.9967964273247","12.85544936161806","61200.0","1594177200000.0","1594238400000.0"
"506d767d-65ab-411c-abcf-1515431aa6e9","TradeIQ220320Strategy","BTC-USDT","Bybit Perpetual","long","9431.52","9412.6","0.9021720952368887","9.35035157281245","8508.854159668621","-26.419447614694448","-3.104936001832162","18000.0","1594238400000.0","1594256400000.0"
"2db26313-56c3-42de-9534-1352cf392cad","TradeIQ220320Strategy","BTC-USDT","Bybit Perpetual","long","9423.96","9298.41","0.9000923934369338","9.268524553261516","8482.434712053926","-122.2751245492679","-14.41509763411552","7200.0","1594299600000.0","1594306800000.0"
"91c26997-0108-4244-9a73-e91dfe63a734","TradeIQ220320Strategy","BTC-USDT","Bybit Perpetual","short","9211.0","9249.17","0.9076277914998001","9.215229830295975","8360.159587504659","-43.85938263184341","-5.246237487786351","21600.0","1594310400000.0","1594332000000.0"
"cc07c659-3c34-451b-ab72-c90823ced539","TradeIQ220320Strategy","BTC-USDT","Bybit Perpetual","short","9236.28","9245.55","0.9003949863876816","9.152520889198193","8316.300204872816","-17.499182413010757","-2.1042028284112884","57600.0","1594339200000.0","1594396800000.0"
"bcfd3b87-240b-45ce-9929-578a057f5976","TradeIQ220320Strategy","BTC-USDT","Bybit Perpetual","long","9245.55","9223.78","0.8975994962397917","9.11793371713756","8298.801022459806","-28.658674750276585","-3.4533512338366696","3600.0","1594396800000.0","1594400400000.0"
"17ea39cd-fe59-4112-a238-e1ad35f5705f","TradeIQ220320Strategy","BTC-USDT","Bybit Perpetual","long","9234.43","9216.16","0.8955769167896156","9.088157377832122","8270.14234770953","-25.45034764757879","-3.0773772176518133","7200.0","1594411200000.0","1594418400000.0"
"eaa9f5c6-703c-4cc7-93d8-4cc775c08ae3","TradeIQ220320Strategy","BTC-USDT","Bybit Perpetual","long","9288.39","9206.25","0.8876341325097195","9.029060552863758","8244.692000061952","-81.9393281972116","-9.938434109678795","36000.0","1594425600000.0","1594461600000.0"
"43ac9c23-9d73-4fed-aa48-07b5659f87da","TradeIQ220320Strategy","BTC-USDT","Bybit Perpetual","short","9206.25","9233.5","0.8866533791570663","8.992316656571333","8162.752671864742","-33.15362123860139","-4.061573659198913","50400.0","1594461600000.0","1594512000000.0"
"b4b0c78a-5b45-47d1-aa01-80f17ac0cb97","TradeIQ220320Strategy","BTC-USDT","Bybit Perpetual","long","9268.51","9215.34","0.877120384034342","8.916908885738245","8129.59905062614","-55.553399704844274","-6.833473503292338","43200.0","1594519200000.0","1594562400000.0"
"36b9f4ba-8fe3-4a66-9239-469b487e5ba5","TradeIQ220320Strategy","BTC-USDT","Bybit Perpetual","short","9215.34","9261.09","0.8761527682018564","8.903496410043305","8074.045650921295","-48.987485555278234","-6.067278743920462","28800.0","1594562400000.0","1594591200000.0"
"9421981e-d4d2-4629-81c9-f31950ceae2f","TradeIQ220320Strategy","BTC-USDT","Bybit Perpetual","long","9299.29","9233.45","0.862975363212247","8.796313918049979","8025.058165366017","-65.61461183194444","-8.176216356302485","75600.0","1594594800000.0","1594670400000.0"
"b5d52bde-85d0-404b-9009-7c50acf3a06f","TradeIQ220320Strategy","BTC-USDT","Bybit Perpetual","short","9233.45","9250.47","0.8620227058720275","8.763457303437146","7959.443553534073","-23.43508375737786","-2.9443118227746523","3600.0","1594670400000.0","1594674000000.0"
"db2704dc-30a1-43fd-a9d8-02138fef6b76","TradeIQ220320Strategy","BTC-USDT","Bybit Perpetual","short","9242.0","9234.51","0.8586895119862253","8.726071945309737","7936.008469776694","-2.294487500533097","-0.28912362042850237","46800.0","1594681200000.0","1594728000000.0"
"d221bf64-6800-4528-9e99-09369ae6d64b","TradeIQ220320Strategy","BTC-USDT","Bybit Perpetual","short","9204.54","9227.11","0.861934869344493","8.737785009004385","7933.713982276161","-28.191655010109343","-3.5533994637428603","10800.0","1594735200000.0","1594746000000.0"
"38843fa2-12a2-4aee-8059-feaeea1ad0de","TradeIQ220320Strategy","BTC-USDT","Bybit Perpetual","long","9248.75","9240.03","0.8547665714032763","8.691975099516208","7905.522327266051","-16.14553960215222","-2.0423115556155533","14400.0","1594749600000.0","1594764000000.0"
"c1e986a5-dfbf-4912-9744-f50dfa0e7d32","TradeIQ220320Strategy","BTC-USDT","Bybit Perpetual","long","9254.17","9239.99","0.8525212728601159","8.671665653023254","7889.376787663899","-20.760417302179945","-2.6314394483784382","10800.0","1594771200000.0","1594782000000.0"
"ea76f5cf-ba4d-4129-9427-24718f419a19","TradeIQ220320Strategy","BTC-USDT","Bybit Perpetual","long","9241.88","9231.82","0.8514086279373592","8.650767163459516","7868.61637036172","-17.215937960508917","-2.187924426631756","3600.0","1594792800000.0","1594796400000.0"
"1000fcac-5ad3-432a-9d25-afbb0a565c54","TradeIQ220320Strategy","BTC-USDT","Bybit Perpetual","long","9243.83","9221.55","0.8493665972222781","8.626132337358971","7851.400432401211","-27.550020123471885","-3.5089307137842924","3600.0","1594810800000.0","1594814400000.0"
"d9ae1fea-8285-449b-a791-283e542cf72f","TradeIQ220320Strategy","BTC-USDT","Bybit Perpetual","long","9244.96","9228.58","0.8462827759425395","8.598611291977047","7823.850412277739","-22.46072316191517","-2.8708017125005627","3600.0","1594818000000.0","1594821600000.0"
"e26b42ff-80c9-4132-8854-8d5d51ed34cb","TradeIQ220320Strategy","BTC-USDT","Bybit Perpetual","long","9239.98","9204.21","0.8443080709174505","8.564918163194212","7801.389689115824","-38.765817859911785","-4.969091329202058","3600.0","1594825200000.0","1594828800000.0"
"e0347148-7a82-4b25-aad2-93e1788a9b98","TradeIQ220320Strategy","BTC-USDT","Bybit Perpetual","short","9185.64","9228.84","0.8450825278647881","8.55896541924357","7762.623871255912","-45.06653062300303","-5.805579578559658","10800.0","1594839600000.0","1594850400000.0"
"4d02f407-a065-483a-a643-b6abdc0dfb58","TradeIQ220320Strategy","BTC-USDT","Bybit Perpetual","short","9197.3","9072.75","0.8391111892221531","8.431831860456509","7717.557340632909","96.07946675716205","12.449465875854791","36000.0","1594857600000.0","1594893600000.0"
"680ca26a-625b-40fa-8306-4911c8fa316f","TradeIQ220320Strategy","BTC-USDT","Bybit Perpetual","short","9072.75","9115.48","0.8612203364349366","8.615240457865802","7813.63680739007","-45.415185433730265","-5.812297980215432","25200.0","1594893600000.0","1594918800000.0"
"e637f050-9782-4528-a2dd-af0ed8455ecf","TradeIQ220320Strategy","BTC-USDT","Bybit Perpetual","short","9139.58","9154.57","0.8499538952508037","8.552051229041371","7768.22162195634","-21.292860118850733","-2.7410211957223183","25200.0","1595037600000.0","1595062800000.0"
"662809be-069f-4494-972c-4c198e8efaa5","TradeIQ220320Strategy","BTC-USDT","Bybit Perpetual","short","9156.57","9161.0","0.8460513884388465","8.52368304222917","7746.928761837488","-12.271690693013506","-1.584071710258349","18000.0","1595131200000.0","1595149200000.0"
"897be7e9-4505-4afb-9557-205e9fabb938","TradeIQ220320Strategy","BTC-USDT","Bybit Perpetual","short","9128.0","9150.13","0.8473550691437857","8.518436360483008","7734.657071144476","-27.270404040634308","-3.5257418382996493","21600.0","1595156400000.0","1595178000000.0"
"d19bbcde-5bab-434c-ab95-aaf6e14d9bc4","TradeIQ220320Strategy","BTC-USDT","Bybit Perpetual","long","9187.0","9182.0","0.8389448859370677","8.4758182353779","7707.386667103841","-12.67054266506324","-1.6439479699575492","10800.0","1595199600000.0","1595210400000.0"
"6fcc6cac-c3a2-4a07-b4ff-10c1ff4cfbe0","TradeIQ220320Strategy","BTC-USDT","Bybit Perpetual","long","9194.48","9181.17","0.8368843180298156","8.45806132523252","7694.716124438778","-19.596991598208938","-2.54681151081948","3600.0","1595217600000.0","1595221200000.0"
"2c639af1-620f-4b6c-8da6-eed5ecd1d50d","TradeIQ220320Strategy","BTC-USDT","Bybit Perpetual","short","9157.26","9172.47","0.8381458135774859","8.449642554928108","7675.119132840568","-21.197840379440937","-2.761890729322868","18000.0","1595242800000.0","1595260800000.0"
"c4f6a50b-6c78-43b1-9f25-355c3842eaf1","TradeIQ220320Strategy","BTC-USDT","Bybit Perpetual","short","9160.4","9171.7","0.8355444404677883","8.42450633040475","7653.921292461127","-17.866158507691672","-2.334249050259934","3600.0","1595275200000.0","1595278800000.0"
"6e9a3a6c-8a6a-443e-a30f-2e1247ca2817","TradeIQ220320Strategy","BTC-USDT","Bybit Perpetual","short","9169.01","9178.49","0.8328112995790641","8.404002925464784","7636.055133953435","-16.299054045473948","-2.1344861659000878","14400.0","1595282400000.0","1595296800000.0"
"a29320c2-0871-4769-8a03-ce1e44ad238a","TradeIQ220320Strategy","BTC-USDT","Bybit Perpetual","long","9181.65","9174.01","0.8298896254930171","8.378244491692435","7619.75607990796","-14.718601230458603","-1.9316367973076103","3600.0","1595304000000.0","1595307600000.0"
"42cf56d7-42de-4752-9118-385bf30fba91","TradeIQ220320Strategy","BTC-USDT","Bybit Perpetual","long","9189.14","9314.87","0.8276114498938424","8.422771799722588","7605.037478677503","95.63281579543137","12.574930243744397","7200.0","1595311200000.0","1595318400000.0"
"f6619ed5-e3c0-4961-8b00-b3b039dce606","TradeIQ220320Strategy","BTC-USDT","Bybit Perpetual","long","9314.87","9356.44","0.8267072213002364","8.489638744474426","7700.670294472934","25.876580444976163","3.36030234453081","61200.0","1595318400000.0","1595379600000.0"
"1305709e-5e1f-476b-871a-51001b64c476","TradeIQ220320Strategy","BTC-USDT","Bybit Perpetual","long","9338.53","9500.48","0.8273836326400311","8.57289869102803","7726.54687491791","125.4218806150241","16.232591692696698","25200.0","1595433600000.0","1595458800000.0"
"5f963032-b99a-4301-b18d-c9aebbd1dc44","TradeIQ220320Strategy","BTC-USDT","Bybit Perpetual","long","9500.48","9507.98","0.8264812678446705","8.640574866316086","7851.968755532935","-2.441965357481058","-0.31100039155916315","46800.0","1595458800000.0","1595505600000.0"
"a427d221-9677-427c-bd27-5b3e0f0e3cbf","TradeIQ220320Strategy","BTC-USDT","Bybit Perpetual","long","9496.93","9563.96","0.8265330786028173","8.66495085093531","7849.526790175454","46.737561407810574","5.95418840614797","46800.0","1595516400000.0","1595563200000.0"
"01975df5-57d3-4989-ae6e-e871e93bca9f","TradeIQ220320Strategy","BTC-USDT","Bybit Perpetual","long","9554.14","9537.08","0.8264756798187242","8.678135965437853","7896.264351583265","-22.777811063144867","-2.8846312697950305","25200.0","1595606400000.0","1595631600000.0"
"9f2c61d7-686b-490c-98c7-2edfabddc7df","TradeIQ220320Strategy","BTC-USDT","Bybit Perpetual","long","9617.67","9775.0","0.8186480239517596","8.731674036056713","7873.48654052012","120.06621957227355","15.249434790339023","57600.0","1595696400000.0","1595754000000.0"
"0b635e9f-d846-463e-9fc5-f36f00ebbb78","TradeIQ220320Strategy","BTC-USDT","Bybit Perpetual","long","9775.0","10012.01","0.817754758065718","8.89950686646667","7993.552760092393","184.9165483426893","23.133211713555006","7200.0","1595754000000.0","1595761200000.0"
"da0b5b24-6df8-4a78-83fd-401d53e92cd2","TradeIQ220320Strategy","BTC-USDT","Bybit Perpetual","long","10012.01","9888.88","0.8168658749277201","8.940996856929674","8178.469308435083","-109.52169203678068","-13.391465799574812","7200.0","1595761200000.0","1595768400000.0"
"60d477a3-e30b-4b76-98f4-13e871a3dd5c","TradeIQ220320Strategy","BTC-USDT","Bybit Perpetual","long","10277.22","10726.599999999999","0.7851294042939923","9.069894176474032","8068.947616398303","343.7515575251596","42.60178326434574","46800.0","1595822400000.0","1595869200000.0"
"85a3333c-fcc6-4fd7-a92e-a9ad0bfc8d63","TradeIQ220320Strategy","BTC-USDT","Bybit Perpetual","long","10726.6","10994.99","0.7842838526582014","9.369740760084024","8412.699173923464","201.1242024548502","23.90721435496797","39600.0","1595869200000.0","1595908800000.0"
"c8f8587b-a67d-46da-894a-833dafa4a078","TradeIQ220320Strategy","BTC-USDT","Bybit Perpetual","long","11184.67","10879.01","0.7701455095571274","9.345734241967971","8613.823376378316","-244.7484106931994","-28.413446619345926","36000.0","1595948400000.0","1595984400000.0"
"97f0c762-bce3-42f2-9ec4-eb2d726e933f","TradeIQ220320Strategy","BTC-USDT","Bybit Perpetual","long","10914.14","11113.03","0.766810299820702","9.289863457545867","8369.074965685117","143.22103707379452","17.11312632053476","75600.0","1595991600000.0","1596067200000.0"
"dc6711c6-2686-4bf9-baff-7050c9529965","TradeIQ220320Strategy","BTC-USDT","Bybit Perpetual","long","11055.0","11060.94","0.7699951155819912","9.36604117707741","8512.296002758912","-4.79227019051999","-0.5629820895521928","25200.0","1596132000000.0","1596157200000.0"
"16ae393f-669c-442a-aee8-9047383c337e","TradeIQ220320Strategy","BTC-USDT","Bybit Perpetual","long","11138.15","11256.93","0.7638165882636158","9.408153479719905","8507.503732568392","81.31798087423287","9.558383214447701","57600.0","1596186000000.0","1596243600000.0"
"d6fe3400-5c78-4b63-8d40-d83abde788ad","TradeIQ220320Strategy","BTC-USDT","Bybit Perpetual","long","11396.22","11745.010000000002","0.7536553096941464","9.592280974294411","8588.821713442625","253.27515449392894","29.488929092278205","46800.0","1596258000000.0","1596304800000.0"
"4ea8e5cb-e707-4ea1-b2cc-9ce2d7ce7cd4","TradeIQ220320Strategy","BTC-USDT","Bybit Perpetual","long","11745.01","11185.000000000002","0.7528385985143097","9.49442812577551","8842.096867936552","-431.09157167977287","-48.75445023035301","39600.0","1596304800000.0","1596344400000.0"
"f0796373-0eb2-4291-b505-c9bc63ccff23","TradeIQ220320Strategy","BTC-USDT","Bybit Perpetual","long","11392.33","11201.330000000002","0.7383042183870004","9.174546967740902","8411.005296256777","-150.19065267965664","-17.8564449063535","21600.0","1596470400000.0","1596492000000.0"
"84208fcd-4373-4cca-b1fa-03d63e42c1eb","TradeIQ220320Strategy","BTC-USDT","Bybit Perpetual","long","11378.76","11270.58","0.7259854890670969","9.04370069732083","8260.81464357712","-87.58081090459959","-10.601958121974652","10800.0","1596502800000.0","1596513600000.0"
"cc91578c-410d-4218-8df6-60eefed0d3d0","TradeIQ220320Strategy","BTC-USDT","Bybit Perpetual","long","11298.66","11251.4","0.7233808108813364","8.971754378522535","8173.23383267252","-43.15873150077465","-5.280496359745335","3600.0","1596528000000.0","1596531600000.0"
"069380fb-2c77-4a9c-a997-6ad1640eb766","TradeIQ220320Strategy","BTC-USDT","Bybit Perpetual","long","11401.2","11679.17","0.7130894205146603","9.052102217710173","8130.075101171746","189.16536400274947","23.26735751499836","28800.0","1596621600000.0","1596650400000.0"
"8b219336-af3d-46a1-8d6b-6838a06b5f8b","TradeIQ220320Strategy","BTC-USDT","Bybit Perpetual","long","11679.17","11631.9","0.7123143566858342","9.132645406889647","8319.240465174495","-42.803745047429345","-5.1451505971743225","18000.0","1596650400000.0","1596668400000.0"
"4540ff4e-930c-46a8-b5ad-35d84106bc05","TradeIQ220320Strategy","BTC-USDT","Bybit Perpetual","long","11734.12","11755.54","0.7053308403294891","9.112389894769695","8276.436720127065","5.995796705088013","0.7244417987884962","75600.0","1596675600000.0","1596751200000.0"
"0a58411b-ab93-4883-a55f-5ebc6a159cdf","TradeIQ220320Strategy","BTC-USDT","Bybit Perpetual","long","11867.84","11763.58","0.697888791627807","9.070656731537056","8282.432516832154","-81.83254214665237","-9.880254620891437","32400.0","1596769200000.0","1596801600000.0"
"59c19383-c3bf-49da-8951-c7e589147afe","TradeIQ220320Strategy","BTC-USDT","Bybit Perpetual","long","11744.64","11686.14","0.6982419192657674","8.998194038401676","8200.599974685501","-49.84534631544907","-6.078256038499266","25200.0","1596880800000.0","1596906000000.0"
"81a2ffdf-efcf-40c8-aed9-33cda6a8a6cd","TradeIQ220320Strategy","BTC-USDT","Bybit Perpetual","long","11762.71","11705.69","0.6929316992742364","8.944099060186119","8150.754628370052","-48.45506455280212","-5.944856244861824","3600.0","1596934800000.0","1596938400000.0"
"52c4cc47-65ca-4350-8de0-47c2e301530d","TradeIQ220320Strategy","BTC-USDT","Bybit Perpetual","long","11739.8","11701.13","0.6901565242863805","8.897850926162189","8102.29956381725","-35.586203720316576","-4.392111577710018","3600.0","1596945600000.0","1596949200000.0"
"08dbb83c-71a8-4e05-b18b-16fee8fe6467","TradeIQ220320Strategy","BTC-USDT","Bybit Perpetual","long","11709.0","11692.9","0.6889327320947077","8.867284196763928","8066.713360096933","-19.959101183488972","-2.4742544196772025","3600.0","1596960000000.0","1596963600000.0"
"5822247f-8c33-4abb-bd8e-2d3f685d13b2","TradeIQ220320Strategy","BTC-USDT","Bybit Perpetual","long","11673.81","11656.28","0.6892997452342846","8.844783801311113","8046.754258913444","-20.92820833526732","-2.600826079917254","3600.0","1597006800000.0","1597010400000.0"
"8a5a74b5-7dfb-4437-95ee-3afbd2a11214","TradeIQ220320Strategy","BTC-USDT","Bybit Perpetual","long","11689.27","12018.899999999998","0.68659771316585","8.952886417940967","8025.826050578176","217.3703177729164","27.08385609195419","14400.0","1597014000000.0","1597028400000.0"
"7e15817b-b6d2-4204-afd6-6746ed86755e","TradeIQ220320Strategy","BTC-USDT","Bybit Perpetual","long","12018.9","11692.29","0.6858528125162114","8.944312492283448","8243.196368351093","-232.9506995882024","-28.259753762823447","28800.0","1597028400000.0","1597057200000.0"
"5d4bf081-dd62-4afe-8542-0857dea2e007","TradeIQ220320Strategy","BTC-USDT","Bybit Perpetual","long","11936.05","11846.1","0.6710968594101809","8.778069396262008","8010.24566876289","-69.14323190020706","-8.631849104184292","7200.0","1597111200000.0","1597118400000.0"
"298aaca3-d8c8-4ba2-b5a4-1818937c7946","TradeIQ220320Strategy","BTC-USDT","Bybit Perpetual","short","11493.15","11450.69","0.6909422079119026","8.719077107167585","7941.102436862683","20.618329040771197","2.5964063811921996","57600.0","1597161600000.0","1597219200000.0"
"1b24b3a3-a965-4667-86f4-3fb5432438e7","TradeIQ220320Strategy","BTC-USDT","Bybit Perpetual","long","11564.1","11554.56","0.6884859838555057","8.754280356536508","7961.720765903454","-15.322436642518635","-1.9245131916881448","10800.0","1597240800000.0","1597251600000.0"
"beab862d-633e-4909-bbc6-33bf1d8d1079","TradeIQ220320Strategy","BTC-USDT","Bybit Perpetual","long","11574.18","11503.03","0.6865625322278499","8.714171253894625","7946.398329260936","-57.5630954219059","-7.24392272281921","7200.0","1597262400000.0","1597269600000.0"
"78e35ff3-1224-4878-9a87-f2ae4c261b9b","TradeIQ220320Strategy","BTC-USDT","Bybit Perpetual","short","11503.03","11547.52","0.6858049778048941","8.694500062127332","7888.835233839031","-39.20596352466693","-4.969803825600715","3600.0","1597269600000.0","1597273200000.0"
"968a6ba8-0ba1-4c64-974e-7772de58192e","TradeIQ220320Strategy","BTC-USDT","Bybit Perpetual","long","11640.0","11552.32","0.6743667758002031","8.602071533949612","7849.6292703143645","-67.73055043611161","-8.628503092783529","14400.0","1597280400000.0","1597294800000.0"
"c368a0e6-3b75-4a63-b755-0d739c4b2a5a","TradeIQ220320Strategy","BTC-USDT","Bybit Perpetual","short","11519.82","11561.48","0.6755225966966717","8.57556684112419","7781.898719878252","-36.717838219507435","-4.718364957091331","14400.0","1597305600000.0","1597320000000.0"
"638a0a29-39a6-4a39-87b2-ee445a72dc5e","TradeIQ220320Strategy","BTC-USDT","Bybit Perpetual","long","11561.48","11472.18","0.6699125788098708","8.486796213516373","7745.1808816587445","-68.30998950123734","-8.81967646010712","3600.0","1597320000000.0","1597323600000.0"
"c5f37e95-b983-4276-970d-c66653d77203","TradeIQ220320Strategy","BTC-USDT","Bybit Perpetual","long","11609.26","11706.99","0.6612713378938457","8.48010230769206","7676.870892157508","56.1459455446732","7.313649836423644","39600.0","1597352400000.0","1597392000000.0"
"4e0ee7ad-dc9e-462d-a694-d78693a55ba3","TradeIQ220320Strategy","BTC-USDT","Bybit Perpetual","long","11818.28","11759.55","0.654326758014041","8.48518278569841","7733.016837702182","-46.91379328386394","-6.066687072907509","72000.0","1597424400000.0","1597496400000.0"
"e415e0d8-e84d-4fd4-863c-6ca9bf33b768","TradeIQ220320Strategy","BTC-USDT","Bybit Perpetual","long","11901.76","11820.01","0.6457954995242986","8.425676768712787","7686.103044418316","-61.2194588548242","-7.964954216855322","10800.0","1597528800000.0","1597539600000.0"
"7c89c85e-3656-4a76-8a51-f933c854adb0","TradeIQ220320Strategy","BTC-USDT","Bybit Perpetual","long","11875.48","11857.71","0.6420695067116018","8.381096677795995","7624.8835855634925","-19.79067181206144","-2.595537569849845","21600.0","1597546800000.0","1597568400000.0"
"b865a368-9eb2-4442-98cd-3b76805ff599","TradeIQ220320Strategy","BTC-USDT","Bybit Perpetual","long","11863.87","11855.31","0.6410296904594731","8.362584237343889","7605.0929137514295","-13.849798387677819","-1.8211215227410034","10800.0","1597615200000.0","1597626000000.0"
"46c6a67d-949c-4910-9339-4a37b6c08ee4","TradeIQ220320Strategy","BTC-USDT","Bybit Perpetual","long","11919.01","12179.91","0.6369021517192915","8.44175970116109","7591.2431153637535","157.72601168240183","20.77736271720551","10800.0","1597665600000.0","1597676400000.0"
"9f5cb463-402b-4078-88cc-3a35f5a12a71","TradeIQ220320Strategy","BTC-USDT","Bybit Perpetual","long","12443.99","12188.31","0.6227077590906257","8.43629838383641","7748.969127046155","-167.65021822812776","-21.635164043044096","72000.0","1597680000000.0","1597752000000.0"
"141bc45b-2238-4adf-b33e-6d65c75e24db","TradeIQ220320Strategy","BTC-USDT","Bybit Perpetual","short","11855.34","11850.9","0.6394855743334251","8.337889175927309","7581.318908818028","-5.498573225886576","-0.7252792412532657","28800.0","1597809600000.0","1597838400000.0"
"2804fcd1-2be0-4842-aeba-25e1e4dbe3ef","TradeIQ220320Strategy","BTC-USDT","Bybit Perpetual","short","11757.35","11796.12","0.6443476068665253","8.347142115346376","7575.820335592141","-33.32849883356184","-4.399325400706829","28800.0","1597856400000.0","1597885200000.0"
"9a28667a-e45f-44da-96ad-ef136efb4158","TradeIQ220320Strategy","BTC-USDT","Bybit Perpetual","long","11849.56","11824.2","0.6365208359431557","8.287862827814703","7542.49183675858","-24.430031227332343","-3.238986764065397","10800.0","1597935600000.0","1597946400000.0"
"e421edba-09d6-42cf-a1fd-90491f076de7","TradeIQ220320Strategy","BTC-USDT","Bybit Perpetual","long","11867.46","11833.44","0.63350218206181","8.258014526755815","7518.061805531247","-29.809758760497715","-3.965085620680299","10800.0","1597950000000.0","1597960800000.0"
"131a8aa3-0228-4ba2-ac77-18a011523f95","TradeIQ220320Strategy","BTC-USDT","Bybit Perpetual","long","11857.92","11835.74","0.6314979395012573","8.229373608083849","7488.252046770749","-22.235997906221918","-2.9694510504372005","3600.0","1597968000000.0","1597971600000.0"
"d1b38c50-72fc-4862-bc5c-e475779fa1fe","TradeIQ220320Strategy","BTC-USDT","Bybit Perpetual","short","11810.89","11870.5","0.6321298436328276","8.233342346739406","7466.016048864527","-45.91460232569263","-6.149812969217441","7200.0","1597975200000.0","1597982400000.0"
"e2229061-4741-435e-9548-f927e7c57c2f","TradeIQ220320Strategy","BTC-USDT","Bybit Perpetual","short","11782.58","11702.76","0.6297518409837942","8.134464855621689","7420.101446538834","42.13232709170458","5.6781335666721295","28800.0","1598004000000.0","1598032800000.0"
"5e6fe025-3322-4daa-8657-2e199bc169da","TradeIQ220320Strategy","BTC-USDT","Bybit Perpetual","short","11540.97","11579.28","0.6465863591734957","8.222081048874557","7462.233773630538","-32.992804468812025","-4.421304058497796","39600.0","1598047200000.0","1598086800000.0"
"19b506ab-9bf7-442d-b53e-87f265fe15be","TradeIQ220320Strategy","BTC-USDT","Bybit Perpetual","short","11583.16","11621.61","0.6413829187511635","8.18572871135219","7429.240969161727","-32.84690193733489","-4.421299843911396","7200.0","1598162400000.0","1598169600000.0"
"b3320958-b6cf-4ccd-b3d0-64e6ae6ec190","TradeIQ220320Strategy","BTC-USDT","Bybit Perpetual","short","11578.12","11596.06","0.6388251345835413","8.142336761549767","7396.394067224392","-19.602859675977662","-2.6503265642434775","18000.0","1598173200000.0","1598191200000.0"
"c0ac31b5-1f59-4d50-bffa-8f818a9736e1","TradeIQ220320Strategy","BTC-USDT","Bybit Perpetual","long","11755.1","11738.78","0.62753963875666","8.108837532505776","7376.791207548414","-18.350284437014285","-2.4875699908975433","43200.0","1598252400000.0","1598295600000.0"
"a1633f28-097e-4874-ad6f-1b231ec51487","TradeIQ220320Strategy","BTC-USDT","Bybit Perpetual","short","11685.98","11644.63","0.6296811155856333","8.079964492651333","7358.4409231114","17.957349636814833","2.4403742347668196","28800.0","1598324400000.0","1598353200000.0"
"5e5d0042-73d7-44c9-99c1-8e1be01114c5","TradeIQ220320Strategy","BTC-USDT","Bybit Perpetual","short","11502.75","11243.99","0.6412725889677002","8.02277346770633","7376.3982727482135","157.91292165357595","21.407862728477998","18000.0","1598360400000.0","1598378400000.0"
"e4d9576d-5c23-4d19-ab29-eced18173c04","TradeIQ220320Strategy","BTC-USDT","Bybit Perpetual","short","11243.99","11363.2","0.670074519312254","8.33167608473794","7534.311194401791","-88.21125953195238","-11.707939485894327","18000.0","1598378400000.0","1598396400000.0"
"f700300c-139b-4b1b-b8ec-b7007f80dab8","TradeIQ220320Strategy","BTC-USDT","Bybit Perpetual","short","11405.22","11450.0","0.652867716262364","8.206789407340649","7446.099934869838","-37.44220574156974","-5.028431805787234","3600.0","1598450400000.0","1598454000000.0"
"a4f2646c-69af-4ed5-97a9-15053ce95774","TradeIQ220320Strategy","BTC-USDT","Bybit Perpetual","short","11355.53","11423.23","0.6524272956989474","8.173816632396447","7408.657729128269","-52.34314455121447","-7.065131966539553","14400.0","1598508000000.0","1598522400000.0"
"1caf4b87-663d-4249-9dd2-27fcc936b458","TradeIQ220320Strategy","BTC-USDT","Bybit Perpetual","short","11316.77","11407.79","0.6500365903501665","8.124487524784278","7356.314584577054","-67.29081797845672","-9.147354589693032","7200.0","1598529600000.0","1598536800000.0"
"e781c2a7-1ccd-44f1-bf0b-8e7a34650d17","TradeIQ220320Strategy","BTC-USDT","Bybit Perpetual","short","11319.87","11357.65","0.643914087935515","8.03130603409167","7289.023766598599","-32.35838027629468","-4.439329780288894","36000.0","1598540400000.0","1598576400000.0"
"3b5b8a79-3269-4a06-a4b7-3e3a2da2fa73","TradeIQ220320Strategy","BTC-USDT","Bybit Perpetual","long","11558.99","11533.99","0.6277940707901213","7.973699756481171","7256.665386322304","-23.668551526234204","-3.2616291734831506","3600.0","1598688000000.0","1598691600000.0"
"d4d73f5f-3ff6-4197-81aa-ee89690243ab","TradeIQ220320Strategy","BTC-USDT","Bybit Perpetual","long","11546.28","11458.0","0.6264352531547883","7.925880580993999","7232.996834796069","-63.22758472949912","-8.74154740747675","3600.0","1598695200000.0","1598698800000.0"
"8ad72d5a-4029-4980-88a4-ce35ac676bc7","TradeIQ220320Strategy","BTC-USDT","Bybit Perpetual","short","11458.0","11495.5","0.6257435198172954","7.899652135169459","7169.769250066571","-31.365034128318037","-4.37462253447373","14400.0","1598698800000.0","1598713200000.0"
"f49523be-7854-4862-a8c7-b711c071b68d","TradeIQ220320Strategy","BTC-USDT","Bybit Perpetual","long","11623.4","11618.57","0.6141408035461442","7.850613172487458","7138.4042159382525","-10.81691325361529","-1.5153125161312464","50400.0","1598752800000.0","1598803200000.0"
"52dd9a59-ef83-475d-8cb3-1d12899cab62","TradeIQ220320Strategy","BTC-USDT","Bybit Perpetual","long","11670.73","11625.35","0.610723348298233","7.825102988902927","7127.5873026846375","-35.53972853467626","-4.986221427451342","54000.0","1598806800000.0","1598860800000.0"
"4dd46dbf-a80e-4b39-ab97-aad37b296da9","TradeIQ220320Strategy","BTC-USDT","Bybit Perpetual","long","11688.99","11680.31","0.6067288597346701","7.7983558079885835","7092.04757414996","-13.064762310485696","-1.8421707093598587","32400.0","1598875200000.0","1598907600000.0"
"e60ae764-441d-4397-8102-642180a3fd6d","TradeIQ220320Strategy","BTC-USDT","Bybit Perpetual","long","11702.26","11933.08","0.6049244173210537","7.863676852726748","7078.982811839474","131.7649771533187","18.613546699526392","10800.0","1598936400000.0","1598947200000.0"
"71b8f309-e854-4274-9729-a429194d8fef","TradeIQ220320Strategy","BTC-USDT","Bybit Perpetual","long","11933.08","11930.18","0.6042654359974787","7.930858764521657","7210.747788992793","-9.683228528914126","-1.342888256845646","57600.0","1598947200000.0","1599004800000.0"
"33de6f64-37f1-4105-9a1d-c0c8cd3c3953","TradeIQ220320Strategy","BTC-USDT","Bybit Perpetual","short","11589.87","11399.0","0.6213240148909244","7.8559453534130395","7201.0645604638785","110.7361693688182","15.377749836710919","28800.0","1599044400000.0","1599073200000.0"
"1ea45d24-6e99-4540-b1d3-a628ca429f1e","TradeIQ220320Strategy","BTC-USDT","Bybit Perpetual","short","11290.0","11408.58","0.6476351399320369","8.085218919007193","7311.800729832697","-84.88179381214808","-11.608876793622668","10800.0","1599109200000.0","1599120000000.0"
"bc436863-3055-4324-a9fe-f0dc0e38c8f5","TradeIQ220320Strategy","BTC-USDT","Bybit Perpetual","short","11270.53","10826.3","0.6412226342523863","7.792943147674938","7226.918936020548","277.05738766626354","38.33686113252894","7200.0","1599130800000.0","1599138000000.0"
"4f3af411-3220-42b9-b39d-f3fcaa8044c3","TradeIQ220320Strategy","BTC-USDT","Bybit Perpetual","short","10826.3","10141.08","0.6931247354762765","7.993155343871814","7503.976323686812","466.94977589918193","62.22697883856898","39600.0","1599138000000.0","1599177600000.0"
"5f3069cd-6de2-4af7-8449-2d19f0043906","TradeIQ220320Strategy","BTC-USDT","Bybit Perpetual","short","10141.08","10295.64","0.7860036701797042","8.83483530953923","7970.926099585994","-130.31956257251392","-16.34936278976199","28800.0","1599177600000.0","1599206400000.0"
"01b0677f-942c-4182-9320-83357979f968","TradeIQ220320Strategy","BTC-USDT","Bybit Perpetual","short","10384.13","10520.0","0.7550566621386173","8.681091442491454","7840.60653701348","-111.27064012726599","-14.191585765971807","14400.0","1599231600000.0","1599246000000.0"
"7db54fab-0ca6-4cba-b2d7-cf4124c19f19","TradeIQ220320Strategy","BTC-USDT","Bybit Perpetual","short","10322.28","10168.71","0.7488012238464964","8.439023114404476","7729.335896886213","106.55438083170311","13.785709697857598","54000.0","1599296400000.0","1599350400000.0"
"f26e0238-1e57-4cba-8d29-a8fec2285d48","TradeIQ220320Strategy","BTC-USDT","Bybit Perpetual","short","10176.25","10244.2","0.7700174698654138","8.648256783382255","7835.890277717916","-60.97094386073768","-7.780984891291068","3600.0","1599408000000.0","1599411600000.0"
"0ccfaef3-50df-41e8-bf3d-42044d9c7475","TradeIQ220320Strategy","BTC-USDT","Bybit Perpetual","short","10173.24","10147.19","0.7642520311972567","8.54146144626592","7774.9193338571795","11.36730396642206","1.4620478333352276","39600.0","1599454800000.0","1599494400000.0"
"be81158a-dc93-4757-9baf-db9bb4830837","TradeIQ220320Strategy","BTC-USDT","Bybit Perpetual","short","10180.3","10161.51","0.7648386234024146","8.557011076852408","7786.2866378236","5.814306656878239","0.746736785752783","32400.0","1599555600000.0","1599588000000.0"
"dae53828-386d-430b-ab30-cf434a151938","TradeIQ220320Strategy","BTC-USDT","Bybit Perpetual","short","9985.62","10109.53","0.7803322121691472","8.624491069353962","7792.10094448048","-105.31545547923288","-13.515668781708081","14400.0","1599591600000.0","1599606000000.0"
"80851406-a588-4124-9910-922acd5c4c28","TradeIQ220320Strategy","BTC-USDT","Bybit Perpetual","short","10283.53","10340.8","0.7474851037534044","8.479008697441948","7686.785489001247","-51.287480589398385","-6.672162331417189","10800.0","1599764400000.0","1599775200000.0"
"99c1628b-e263-4c7d-a7c6-a91182c702d0","TradeIQ220320Strategy","BTC-USDT","Bybit Perpetual","short","10305.47","10292.83","0.7409170089682323","8.393896954206687","7635.498008411849","0.9712940391513385","0.12720768679152122","25200.0","1599789600000.0","1599814800000.0"
"bcdda893-5d09-428d-8855-1219b125bfe6","TradeIQ220320Strategy","BTC-USDT","Bybit Perpetual","short","10318.79","10347.41","0.740054725646224","8.411765434132498","7636.469302451001","-29.592131682126674","-3.8751064805077897","7200.0","1599915600000.0","1599922800000.0"
"4d2cb754-50d9-448f-a383-85bf2a5d8d3c","TradeIQ220320Strategy","BTC-USDT","Bybit Perpetual","long","10451.37","10454.47","0.7278354101681285","8.368805847220099","7606.877170768874","-6.1125160756999595","-0.8035513047573148","57600.0","1599937200000.0","1599994800000.0"
"4f6a5411-40fd-4b33-b24e-252cb6e30b18","TradeIQ220320Strategy","BTC-USDT","Bybit Perpetual","short","10322.51","10327.72","0.736329115175783","8.362951071242026","7600.764654693172","-12.199225761307213","-1.6049998014048064","43200.0","1599998400000.0","1600041600000.0"
"69017824-7ba7-458f-8951-245de4a00095","TradeIQ220320Strategy","BTC-USDT","Bybit Perpetual","long","10410.66","10636.8","0.7289226071096229","8.438083178929528","7588.565428931866","156.40047519284016","20.610018673167637","10800.0","1600081200000.0","1600092000000.0"
"1f841dfe-3120-44fe-a8e8-940a70f3ffff","TradeIQ220320Strategy","BTC-USDT","Bybit Perpetual","long","10636.8","10642.79","0.7281293155953583","8.521861316567406","7744.965904124707","-4.160366716150045","-0.5371704365973224","32400.0","1600092000000.0","1600124400000.0"
"a9c45be1-2299-422b-98ba-65df9b10290b","TradeIQ220320Strategy","BTC-USDT","Bybit Perpetual","long","10752.0","10640.03","0.7199409912024327","8.470549605117697","7740.805537408556","-89.08234239005361","-11.508148856026725","21600.0","1600138800000.0","1600160400000.0"
"05a71f56-2394-468b-b554-967f60389d2f","TradeIQ220320Strategy","BTC-USDT","Bybit Perpetual","long","10840.11","10773.27","0.7058713606244312","8.390946271561079","7651.723195018503","-55.57138801569816","-7.262597796516839","43200.0","1600167600000.0","1600210800000.0"
"16968184-789a-4a0d-977e-bd6a95991ff5","TradeIQ220320Strategy","BTC-USDT","Bybit Perpetual","long","10910.7","10990.0","0.696211224486312","8.386132240259055","7596.151807002805","46.82341786150498","6.16409717066726","61200.0","1600243200000.0","1600304400000.0"
"136a1a85-e054-47a4-8e37-a565404db9ad","TradeIQ220320Strategy","BTC-USDT","Bybit Perpetual","long","10898.5","10898.26","0.7012868949730982","8.407180177480605","7642.97522486431","-8.575489032273996","-1.1220092673303466","36000.0","1600369200000.0","1600405200000.0"
"ddfda680-c9f9-4de4-a039-abe01584362c","TradeIQ220320Strategy","BTC-USDT","Bybit Perpetual","long","10960.99","10910.0","0.6965064046068864","8.378306535551243","7634.399735832036","-43.89316810645623","-5.749393485442445","25200.0","1600412400000.0","1600437600000.0"
"b726beb1-2404-4794-a89e-91fd133e2a3e","TradeIQ220320Strategy","BTC-USDT","Bybit Perpetual","long","10963.11","10892.64","0.6923680021203453","8.322722079287956","7590.50656772558","-57.1138951887095","-7.524385188144711","25200.0","1600477200000.0","1600502400000.0"
"b15bcfde-0fb7-4920-9888-c9f3739cddc3","TradeIQ220320Strategy","BTC-USDT","Bybit Perpetual","long","10938.08","11130.7","0.6887308076496853","8.359696770283772","7533.39267253687","124.30363139919915","16.500352072758727","7200.0","1600509600000.0","1600516800000.0"
"23e07360-8baf-4282-b375-315c26693828","TradeIQ220320Strategy","BTC-USDT","Bybit Perpetual","long","11130.7","11042.99","0.6879797590390603","8.390277446763752","7657.696303936069","-68.73298211208038","-8.975673542544579","25200.0","1600516800000.0","1600542000000.0"
"996defbc-8360-4827-8e67-572705ea4e45","TradeIQ220320Strategy","BTC-USDT","Bybit Perpetual","long","10914.28","10896.0","0.6953242286091239","8.340868864211952","7588.96332182399","-21.051395763187195","-2.7739488083502217","28800.0","1600646400000.0","1600675200000.0"
"71edbf81-7edf-47e6-9418-c3ea5f639980","TradeIQ220320Strategy","BTC-USDT","Bybit Perpetual","short","10696.27","10410.72","0.7075281314010212","8.213584056810022","7567.911926060801","193.82107386475235","25.610905063166978","18000.0","1600682400000.0","1600700400000.0"
"1ec3ccdd-deaa-4775-906e-4abdb3b8abae","TradeIQ220320Strategy","BTC-USDT","Bybit Perpetual","short","10410.72","10447.7","0.7455519887121691","8.553070081816525","7761.732999925553","-36.12358262439357","-4.6540614866216155","46800.0","1600700400000.0","1600747200000.0"
"dd2ee2d7-a950-4bf7-8260-74f2197c67b9","TradeIQ220320Strategy","BTC-USDT","Bybit Perpetual","short","10470.21","10499.49","0.7378657560164658","8.510052949166166","7725.60941730116","-30.114762285328766","-3.8980435922489285","32400.0","1600833600000.0","1600866000000.0"
"012b19b4-e882-4c04-8e3f-48e6f0d872a7","TradeIQ220320Strategy","BTC-USDT","Bybit Perpetual","short","10406.24","10334.99","0.7395077045134295","8.436064662346794","7695.49465501583","44.253859284235055","5.750619195790218","46800.0","1600887600000.0","1600934400000.0"
"de21fcad-e568-45a7-9de0-4cf1caac7d95","TradeIQ220320Strategy","BTC-USDT","Bybit Perpetual","long","10664.06","10671.62","0.7257787854063148","8.516741153919792","7739.748514300065","-3.029853536247102","-0.3914666646660551","43200.0","1600966800000.0","1601010000000.0"
"18e58e24-f44f-458a-a950-a0c5270a51f0","TradeIQ220320Strategy","BTC-USDT","Bybit Perpetual","long","10692.13","10685.45","0.7235900293733633","8.507732057072284","7736.718660763818","-13.341313453285245","-1.72441496689607","54000.0","1601056800000.0","1601110800000.0"
"7a275566-8f2a-45a7-a545-c88f7935f6c7","TradeIQ220320Strategy","BTC-USDT","Bybit Perpetual","long","10725.99","10654.74","0.7200619567341133","8.46749765411207","7723.377347310532","-59.771912071417646","-7.73908995812974","43200.0","1601146800000.0","1601190000000.0"
"a23dda11-a197-4cb3-8372-8d4611fdce00","TradeIQ220320Strategy","BTC-USDT","Bybit Perpetual","short","10642.35","10653.0","0.7201046230615527","8.43418399159261","7663.605435239115","-16.103298227197882","-2.101269221553476","7200.0","1601197200000.0","1601204400000.0"
"0a3f79ca-c568-4ef8-b5e0-ec17fdf598a0","TradeIQ220320Strategy","BTC-USDT","Bybit Perpetual","short","10622.43","10663.0","0.7199390475636853","8.428316710650922","7647.502137011918","-37.63624387030943","-4.921377359041172","3600.0","1601208000000.0","1601211600000.0"
"bec3e30b-2355-4e6f-af8d-4212d8ec0c44","TradeIQ220320Strategy","BTC-USDT","Bybit Perpetual","long","10750.0","10852.54","0.7078945016875914","8.410775608667443","7609.865893141608","64.1767265943788","8.433358418604735","64800.0","1601222400000.0","1601287200000.0"
"269a86e8-db0d-41ce-be27-6cde244bb68e","TradeIQ220320Strategy","BTC-USDT","Bybit Perpetual","short","10691.45","10707.76","0.7177737930529522","8.447885671520167","7674.042619735987","-20.15477623621345","-2.626357089075803","3600.0","1601337600000.0","1601341200000.0"
"78e5cd3b-8e63-4354-a333-06dc232daa3d","TradeIQ220320Strategy","BTC-USDT","Bybit Perpetual","short","10678.62","10736.22","0.7167487787279416","8.441983229159852","7653.887843499772","-49.72671288388825","-6.496922074200463","18000.0","1601344800000.0","1601362800000.0"
"a8bf408f-1438-4f5f-82c0-784006cd2679","TradeIQ220320Strategy","BTC-USDT","Bybit Perpetual","short","10670.09","10722.57","0.7126613862315954","8.385147501929662","7604.161130615884","-45.785617051363474","-6.0211266259234515","3600.0","1601402400000.0","1601406000000.0"
"2d460690-f952-4f8c-b52f-a1186261af00","TradeIQ220320Strategy","BTC-USDT","Bybit Perpetual","long","10836.98","10739.49","0.6974614250062766","8.276815532042848","7558.37551356452","-76.2723298559046","-10.09110088788572","14400.0","1601424000000.0","1601438400000.0"
"c03db6a5-c861-4329-9b7d-a119f79cf216","TradeIQ220320Strategy","BTC-USDT","Bybit Perpetual","short","10696.55","10718.11","0.6994875154800955","8.23860802503804","7482.103183708615","-23.319558858789815","-3.1167117435062064","3600.0","1601460000000.0","1601463600000.0"
"ce626af2-a44a-4f75-8d26-38ea59de8333","TradeIQ220320Strategy","BTC-USDT","Bybit Perpetual","short","10677.26","10726.18","0.6985672002788941","8.223457636425511","7458.783624849824","-42.39736507406906","-5.684219734276404","3600.0","1601467200000.0","1601470800000.0"
"99b420dd-7465-4a09-9d7a-035ea7dc932f","TradeIQ220320Strategy","BTC-USDT","Bybit Perpetual","short","10704.65","10741.0","0.6928191262466084","8.171876072134818","7416.386259775756","-33.35585131119929","-4.4975881976524565","10800.0","1601496000000.0","1601506800000.0"
"192dc267-85ba-48c9-9d9d-4599796dc836","TradeIQ220320Strategy","BTC-USDT","Bybit Perpetual","long","10785.98","10710.35","0.6845025123785281","8.09286054055486","7383.030408464556","-59.86178555174239","-8.108023702992144","54000.0","1601514000000.0","1601568000000.0"
"e873fd89-271a-49ac-9c88-41259922ed41","TradeIQ220320Strategy","BTC-USDT","Bybit Perpetual","short","10710.35","10480.38","0.6837469011668913","7.969002784030353","7323.1686229128145","149.27227207732042","20.38356342229723","7200.0","1601568000000.0","1601575200000.0"
"05bc36b7-6bc8-42da-acd6-7d10bdb1a1e8","TradeIQ220320Strategy","BTC-USDT","Bybit Perpetual","short","10480.38","10526.4","0.7129933165581912","8.237731558324555","7472.440894990135","-41.04968398633282","-5.493477240329114","72000.0","1601575200000.0","1601647200000.0"
"40549c6b-e1ca-439e-aa1d-9b1aac0fe9ed","TradeIQ220320Strategy","BTC-USDT","Bybit Perpetual","long","10667.93","10631.27","0.6966104212348415","8.160484576180824","7431.391211003803","-33.698222618650014","-4.5345779359257","39600.0","1601841600000.0","1601881200000.0"
"592f9776-85c3-46ff-b1bb-d0e0d4968c30","TradeIQ220320Strategy","BTC-USDT","Bybit Perpetual","long","10717.47","10705.0","0.6902462044106635","8.132728233630719","7397.6929883851535","-16.74009840263124","-2.2628809317870116","64800.0","1601906400000.0","1601971200000.0"
"4b33b919-f36c-4aad-befc-323fedbb7f2a","TradeIQ220320Strategy","BTC-USDT","Bybit Perpetual","long","10726.87","10705.97","0.6880807626066617","8.11113869061461","7380.952889982522","-22.49202662909484","-3.0473066234606607","7200.0","1602000000000.0","1602007200000.0"
"36e6fc3d-294b-4ab8-a531-877c89a8c5a3","TradeIQ220320Strategy","BTC-USDT","Bybit Perpetual","short","10597.55","10618.09","0.6943549087622543","8.102151077093058","7358.460863353427","-22.36420090307037","-3.0392498266109502","64800.0","1602010800000.0","1602075600000.0"
"0a91dd5b-2eab-498e-b65f-87b86e3a3db8","TradeIQ220320Strategy","BTC-USDT","Bybit Perpetual","long","10660.03","10645.92","0.6881872436053517","8.064365651591395","7336.096662450357","-17.774687658863307","-2.4229080499774","3600.0","1602097200000.0","1602100800000.0"
"f2073955-94a5-4aed-83d1-e31d88097eac","TradeIQ220320Strategy","BTC-USDT","Bybit Perpetual","long","10653.86","10637.33","0.6869174153585174","8.043909062588913","7318.3219747914945","-19.398653938465657","-2.6506969774335927","14400.0","1602104400000.0","1602118800000.0"
"a0d66641-f553-4379-8046-e34bfccaf700","TradeIQ220320Strategy","BTC-USDT","Bybit Perpetual","short","10608.82","10633.53","0.6880051995276598","8.038165987602511","7298.923320853028","-25.038774467931635","-3.430475066972665","25200.0","1602136800000.0","1602162000000.0"
"8b72157a-f61d-4081-83fa-b63215625e05","TradeIQ220320Strategy","BTC-USDT","Bybit Perpetual","long","10731.86","10916.64","0.6777841442569225","8.070155525820294","7273.884546385097","117.17079864997305","16.108421559729518","10800.0","1602165600000.0","1602176400000.0"
"70ab8b6c-1c3a-4f2d-8ab3-2ddd3b8f171f","TradeIQ220320Strategy","BTC-USDT","Bybit Perpetual","long","10916.64","11072.0","0.6770448915632529","8.188013011432872","7391.055345035068","96.9976813418345","13.12365782878254","108000.0","1602176400000.0","1602284400000.0"
"dc98d415-cb1c-47d8-951a-0637e335bca5","TradeIQ220320Strategy","BTC-USDT","Bybit Perpetual","long","11072.0","11390.93","0.6763053672667001","8.355490067944897","7488.053026376903","207.33858071442398","27.689251128974018","14400.0","1602284400000.0","1602298800000.0"
"2f4ac997-64bf-411c-9a4f-9163262f6d7c","TradeIQ220320Strategy","BTC-USDT","Bybit Perpetual","long","11390.93","11320.02","0.6755718459415804","8.438583128022817","7695.3916070913265","-56.34338272374018","-7.32170441746195","25200.0","1602298800000.0","1602324000000.0"
"10625de6-d022-4a71-b4d3-9be916d796ba","TradeIQ220320Strategy","BTC-USDT","Bybit Perpetual","long","11366.84","11335.0","0.6720467803160408","8.39118416358745","7639.048224367585","-29.789153648850288","-3.899589683676391","64800.0","1602381600000.0","1602446400000.0"
"841acf0c-937b-4c63-94ea-023f74296329","TradeIQ220320Strategy","BTC-USDT","Bybit Perpetual","long","11398.51","11342.02","0.6675661179153007","8.34944403229004","7609.259070718735","-46.06025403332523","-6.053185153147191","3600.0","1602482400000.0","1602486000000.0"
"027c0e1b-8a36-42d6-a86c-e0be544777c8","TradeIQ220320Strategy","BTC-USDT","Bybit Perpetual","long","11492.0","11460.52","0.6581272900004708","8.308123882454883","7563.19881668541","-29.025970971669416","-3.837790288896586","50400.0","1602511200000.0","1602561600000.0"
"256e9e2c-cbd9-4958-bb1f-e86d78ab64b4","TradeIQ220320Strategy","BTC-USDT","Bybit Perpetual","long","11507.06","11452.92","0.654743509264203","8.268093832809754","7534.17284571374","-43.71590742437332","-5.802349948640175","7200.0","1602568800000.0","1602576000000.0"
"bab76cf4-aba0-488c-8196-d28bb2d6e645","TradeIQ220320Strategy","BTC-USDT","Bybit Perpetual","long","11475.3","11420.63","0.6527460666204253","8.219875537014126","7490.456938289366","-43.90550299915282","-5.861525319599494","7200.0","1602637200000.0","1602644400000.0"
"bc4d2bc2-4b97-45f0-a940-37ed997625df","TradeIQ220320Strategy","BTC-USDT","Bybit Perpetual","long","11435.17","11418.26","0.6511972655666871","8.185150118650832","7446.551435290214","-19.196895879383415","-2.5779578703246084","3600.0","1602666000000.0","1602669600000.0"
"48d3b924-ea7b-4af6-9dc3-116ccb65d61d","TradeIQ220320Strategy","BTC-USDT","Bybit Perpetual","long","11530.81","11383.83","0.644131204955318","8.118019070874531","7427.35453941083","-102.79242357520687","-13.839708745526078","3600.0","1602684000000.0","1602687600000.0"
"7eef631e-6835-4030-8bff-b5ee6b278ef6","TradeIQ220320Strategy","BTC-USDT","Bybit Perpetual","long","11378.89","11275.17","0.6436974182750359","8.020297964496267","7324.5621158356225","-74.78459418798256","-10.210111267443429","43200.0","1602781200000.0","1602824400000.0"
"d503ab0f-8bc3-4ff7-b240-130323b2bed4","TradeIQ220320Strategy","BTC-USDT","Bybit Perpetual","short","11253.52","11307.4","0.6442230983414647","7.993846181108655","7249.77752164764","-42.70458671974626","-5.89046858227463","3600.0","1602842400000.0","1602846000000.0"
"d150c861-979f-4597-ba10-654dc266744a","TradeIQ220320Strategy","BTC-USDT","Bybit Perpetual","long","11345.0","11340.29","0.6352642516463548","7.926134576376795","7207.072934927895","-10.918229201630572","-1.5149325253414831","3600.0","1602961200000.0","1602964800000.0"
"4baf9e1f-af85-4484-9eae-9d0bdcc7af0b","TradeIQ220320Strategy","BTC-USDT","Bybit Perpetual","long","11344.99","11341.28","0.6343024282724149","7.914475882194002","7196.154705726264","-10.267737891084106","-1.426836735863066","3600.0","1602968400000.0","1602972000000.0"
"cef1059b-c1a7-4d8b-bfb5-6539f72354f7","TradeIQ220320Strategy","BTC-USDT","Bybit Perpetual","long","11356.25","11501.1","0.6327693532491078","7.954886817068672","7185.88696783518","83.70175400106483","11.648075509080936","86400.0","1602979200000.0","1603065600000.0"
"fab6ecf9-731c-41b5-ad67-0d347e7ffb5f","TradeIQ220320Strategy","BTC-USDT","Bybit Perpetual","long","11501.1","11452.0","0.632077690119749","7.979478335998187","7269.588721836246","-39.01449292087809","-5.3668088269817975","10800.0","1603065600000.0","1603076400000.0"
"a54bc918-ea39-4d7c-a834-5f838c59c0b4","TradeIQ220320Strategy","BTC-USDT","Bybit Perpetual","long","11474.34","11635.38","0.6301516452288642","8.009445443328115","7230.574228915366","93.47017550432759","12.927075021308331","7200.0","1603108800000.0","1603116000000.0"
"064e8f63-15c0-4e4c-ad7d-1a0928dc93cf","TradeIQ220320Strategy","BTC-USDT","Bybit Perpetual","long","11635.38","11730.01","0.6294632753223096","8.089210205220727","7324.044404419695","51.47689953853008","7.028479989480449","64800.0","1603116000000.0","1603180800000.0"
"d759a88e-1b70-4670-99ea-642b979f2e5e","TradeIQ220320Strategy","BTC-USDT","Bybit Perpetual","long","11774.2","11889.62","0.6264137949039615","8.152838808468346","7375.521303958224","64.14784139934694","8.6973976151246","32400.0","1603195200000.0","1603227600000.0"
"4a9b2891-3dcd-4082-9671-ea9dd5df13bc","TradeIQ220320Strategy","BTC-USDT","Bybit Perpetual","long","12115.48","12471.06","0.6140630949295919","8.303727765305615","7439.669145357571","210.04482752975863","28.23308717442478","39600.0","1603249200000.0","1603288800000.0"
"0cace0f4-f5c7-4dd7-a6eb-75ce0c635f50","TradeIQ220320Strategy","BTC-USDT","Bybit Perpetual","long","12471.06","12907.61","0.6133972551561239","8.561963584632187","7649.71397288733","259.21660815377436","33.88579090309894","28800.0","1603288800000.0","1603317600000.0"
"5dee50a6-227a-4a04-9f7c-3d0b2dba336f","TradeIQ220320Strategy","BTC-USDT","Bybit Perpetual","long","12907.61","12796.07","0.6127339283601769","8.662234250842102","7908.930581041103","-77.00657662013677","-9.736661085979579","7200.0","1603317600000.0","1603324800000.0"
"501a5bb0-b46d-4a08-bede-06bd8063ca31","TradeIQ220320Strategy","BTC-USDT","Bybit Perpetual","long","13072.17","12877.81","0.599129601620922","8.551070648708993","7831.924004420968","-124.99790001975174","-15.960050167646273","39600.0","1603396800000.0","1603436400000.0"
"26f06201-e21f-425e-8bca-d43513267e9c","TradeIQ220320Strategy","BTC-USDT","Bybit Perpetual","long","12925.82","12909.24","0.5962427222722595","8.472181577456938","7706.926104401217","-18.357885912730957","-2.3819984341418903","3600.0","1603497600000.0","1603501200000.0"
"31e9df77-58f3-4af5-a0bb-d6b80a239b3b","TradeIQ220320Strategy","BTC-USDT","Bybit Perpetual","long","12967.3","12926.21","0.59291974570562","8.444025350544262","7688.568218488486","-32.807097701588276","-4.26699702328165","21600.0","1603504800000.0","1603526400000.0"
"1739d85e-dc54-4d7b-99ef-91f9f5db27b3","TradeIQ220320Strategy","BTC-USDT","Bybit Perpetual","long","12976.09","13058.84","0.589989829046107","8.44818914496005","7655.761120786899","40.3734692086053","5.273606186455241","39600.0","1603537200000.0","1603576800000.0"
"4e1969d5-b937-481d-981d-735eb956edd7","TradeIQ220320Strategy","BTC-USDT","Bybit Perpetual","long","13137.32","12947.65","0.5858222674027507","8.404635948793","7696.134589995504","-119.51754540707276","-15.529555000563287","14400.0","1603591200000.0","1603605600000.0"
"57cf57a3-5768-4d57-bb9b-93675631757d","TradeIQ220320Strategy","BTC-USDT","Bybit Perpetual","long","13103.03","13033.7","0.5782339691345003","8.312229820453222","7576.617044588432","-48.40119090054809","-6.388232454630717","10800.0","1603688400000.0","1603699200000.0"
"15012563-d689-458f-aae6-09170335d19b","TradeIQ220320Strategy","BTC-USDT","Bybit Perpetual","long","13082.5","12974.55","0.5754416857395669","8.2468720275701","7528.215853687884","-70.36580200315677","-9.346942671507797","21600.0","1603706400000.0","1603728000000.0"
"24c85d7b-09a0-4ae4-8df9-e78912a037dc","TradeIQ220320Strategy","BTC-USDT","Bybit Perpetual","long","13086.43","13448.85","0.5698918690341618","8.317232172999649","7457.850051684726","198.2229790023613","26.57910492013483","39600.0","1603760400000.0","1603800000000.0"
"e7d04b34-41d3-4187-a0e0-838e514de3f1","TradeIQ220320Strategy","BTC-USDT","Bybit Perpetual","long","13448.85","13629.38","0.569273434582666","8.478204346985661","7656.073030687087","94.29272879822237","12.316069663948877","43200.0","1603800000000.0","1603843200000.0"
"0fe6565b-1904-4006-b398-cbf3e111e874","TradeIQ220320Strategy","BTC-USDT","Bybit Perpetual","long","13835.97","13657.91","0.5601606363330732","8.470544123835836","7750.365759485311","-108.21274702930256","-13.962276154111311","18000.0","1603854000000.0","1603872000000.0"
"2535ae7c-8c91-44f8-904e-5aadc1edead4","TradeIQ220320Strategy","BTC-USDT","Bybit Perpetual","long","13417.98","13177.72","0.5695457149627596","8.331106834289287","7642.1530124560095","-145.17016031124206","-18.99597666712875","54000.0","1603983600000.0","1604037600000.0"
"a8a077ec-0b8a-40dc-83e8-a31ead14cf2b","TradeIQ220320Strategy","BTC-USDT","Bybit Perpetual","long","13540.01","13464.15","0.553691086797186","8.223579484144805","7496.982852144767","-50.22658532857966","-6.699573190861792","50400.0","1604073600000.0","1604124000000.0"
"ec2dc1c6-a695-4a8c-a64e-65ef02cbbf64","TradeIQ220320Strategy","BTC-USDT","Bybit Perpetual","long","13603.31","13815.0","0.5474223749084736","8.255168006897213","7446.756266816187","107.62867453747783","14.453094835007105","14400.0","1604127600000.0","1604142000000.0"
"c54160e5-f931-4348-bd73-71d0a425d9a4","TradeIQ220320Strategy","BTC-USDT","Bybit Perpetual","long","13812.66","13694.23","0.5469174613256002","8.274199146269396","7554.3849413536645","-73.04563409106038","-9.669302618033042","7200.0","1604264400000.0","1604271600000.0"
"08b1c04f-671f-4690-b588-e96081b55ed2","TradeIQ220320Strategy","BTC-USDT","Bybit Perpetual","long","13795.2","13748.58","0.5423146679470108","8.215567747588036","7481.339307262603","-33.49827756727811","-4.477577635699431","3600.0","1604278800000.0","1604282400000.0"
"3e5b49cc-4625-4896-9cb7-b4dcbc28d120","TradeIQ220320Strategy","BTC-USDT","Bybit Perpetual","short","13295.39","13388.06","0.5601822157676704","8.221176779929214","7447.841029695326","-60.133262715119265","-8.073918666545328","3600.0","1604322000000.0","1604325600000.0"
"835ff021-6d02-423c-b444-ef23de09bda4","TradeIQ220320Strategy","BTC-USDT","Bybit Perpetual","long","13652.3","13571.41","0.5411328323418184","8.102403814533758","7387.707766980207","-51.874638622663134","-7.021750217911958","7200.0","1604350800000.0","1604358000000.0"
"1d25cdba-261b-4d39-9f35-542ebbffca20","TradeIQ220320Strategy","BTC-USDT","Bybit Perpetual","long","13588.0","13422.31","0.5398758557813913","8.02021782439387","7335.833128357545","-97.47224836881287","-13.287140896379196","3600.0","1604368800000.0","1604372400000.0"
"9394f968-800f-403c-a464-be823437b8b5","TradeIQ220320Strategy","BTC-USDT","Bybit Perpetual","short","13386.5","13410.94","0.5407209412459367","7.969465338879834","7238.3608799887315","-21.184685142930803","-2.9267240877003333","3600.0","1604376000000.0","1604379600000.0"
"6ec99842-a9ca-4712-9c83-5c595a7217af","TradeIQ220320Strategy","BTC-USDT","Bybit Perpetual","short","13366.67","13417.0","0.5399382340437671","7.953840114556063","7217.1761948458","-35.12893143397882","-4.8674066540132985","3600.0","1604383200000.0","1604386800000.0"
"e0484ca2-bfd2-4642-b13d-032bc0daf905","TradeIQ220320Strategy","BTC-USDT","Bybit Perpetual","long","13553.89","13505.74","0.5298882655394002","7.886219223760856","7182.0472634118205","-33.40033920948278","-4.6505318030469205","10800.0","1604397600000.0","1604408400000.0"
"886c6223-44f3-4404-800c-622c9e4897c9","TradeIQ220320Strategy","BTC-USDT","Bybit Perpetual","long","13689.65","13794.29","0.5221935494481114","7.89356489978041","7148.646924202338","46.74876811447061","6.539526795791072","61200.0","1604412000000.0","1604473200000.0"
"2242c806-069a-4715-b7ed-fa2a0f747b9e","TradeIQ220320Strategy","BTC-USDT","Bybit Perpetual","long","13899.01","14328.68","0.5176912378879365","8.037275278349309","7195.395692316808","214.3991189049604","29.79671001747607","54000.0","1604505600000.0","1604559600000.0"
"9b892072-14d3-4666-9bdb-ab19ec976d47","TradeIQ220320Strategy","BTC-USDT","Bybit Perpetual","long","14328.68","14866.45","0.5171303156481803","8.303727735759313","7409.794811221769","269.7934421103629","36.41037963720318","21600.0","1604559600000.0","1604581200000.0"
"60a34ba0-b32b-4ccd-a7ed-d6204c2c2185","TradeIQ220320Strategy","BTC-USDT","Bybit Perpetual","long","14866.45","15049.7","0.5165717607991236","8.499611055006888","7679.588253332131","86.1621641114325","11.219633301830632","18000.0","1604581200000.0","1604599200000.0"
"9fa97541-f968-4a8f-b15a-9b5d69399d7c","TradeIQ220320Strategy","BTC-USDT","Bybit Perpetual","long","15546.7","15419.89","0.49951117712720794","8.507486802383596","7765.750417443564","-71.85049917388548","-9.252228736645158","39600.0","1604617200000.0","1604656800000.0"
"fc664349-3a3f-4493-90d7-6ef0dd720ada","TradeIQ220320Strategy","BTC-USDT","Bybit Perpetual","long","15697.77","15459.42","0.4901269363909446","8.399037944687816","7693.899918269679","-125.22079323346965","-16.275334299075624","21600.0","1604714400000.0","1604736000000.0"
"ae24cb08-4d53-4343-b102-cf6ce1c14feb","TradeIQ220320Strategy","BTC-USDT","Bybit Perpetual","long","15566.35","15313.0","0.48622054142661636","8.257795851746092","7568.679125036209","-131.44177002217953","-17.366540165163986","14400.0","1604746800000.0","1604761200000.0"
"d5d3f15b-32bf-4503-8bb1-5a5362ed3893","TradeIQ220320Strategy","BTC-USDT","Bybit Perpetual","long","15162.72","15325.01","0.4904949346168781","8.224742423131868","7437.237355014029","71.3776805158417","9.59733797761885","39600.0","1604833200000.0","1604872800000.0"
"658ba9e6-787d-4533-9f07-d21292bbe9d8","TradeIQ220320Strategy","BTC-USDT","Bybit Perpetual","long","15807.88","15282.6","0.4749919050201463","8.122249477754918","7508.6150355298705","-257.6259973467368","-34.31072123523197","7200.0","1604923200000.0","1604930400000.0"
"25e6ae9d-a506-4c2e-bb55-bbf6c0e898ed","TradeIQ220320Strategy","BTC-USDT","Bybit Perpetual","long","15389.12","15277.48","0.47117632705334245","7.947156773167718","7250.989038183134","-60.549281925403456","-8.350485927720444","18000.0","1604973600000.0","1604991600000.0"
"32c07dfc-6d8d-4e65-afd3-7c5ae4ce4253","TradeIQ220320Strategy","BTC-USDT","Bybit Perpetual","long","15377.65","15308.81","0.4675902856585844","7.891779828487898","7190.439756257731","-40.08069509322492","-5.574164648044412","7200.0","1604998800000.0","1605006000000.0"
"e7e9298d-fcc5-49db-81c4-aaee9a5744de","TradeIQ220320Strategy","BTC-USDT","Bybit Perpetual","long","15369.01","15294.68","0.46524526050568676","7.846375043163593","7150.359061164505","-42.428055256551254","-5.933695761795973","7200.0","1605045600000.0","1605052800000.0"
"6e619daf-7b41-4030-8f86-37fe2e99d56d","TradeIQ220320Strategy","BTC-USDT","Bybit Perpetual","long","15476.99","15723.01","0.45925796979308986","7.880866761649422","7107.9310059079535","105.10577896684674","14.787112998070068","72000.0","1605056400000.0","1605128400000.0"
"0930bc46-436d-4dd9-bb73-38d2f75950e7","TradeIQ220320Strategy","BTC-USDT","Bybit Perpetual","long","15796.51","16391.48","0.4566221769792695","8.083762536512825","7213.0367848748","263.59273410084285","36.543933153588945","64800.0","1605164400000.0","1605229200000.0"
"a0d590a6-68af-4439-bba8-c2affa4a3b9e","TradeIQ220320Strategy","BTC-USDT","Bybit Perpetual","long","16391.48","16232.49","0.45612900842240256","8.184406497796214","7476.629518975643","-80.70435754687391","-10.794216477096626","18000.0","1605229200000.0","1605247200000.0"
"1e87ef27-29d8-4b87-8e3d-8498847b93a5","TradeIQ220320Strategy","BTC-USDT","Bybit Perpetual","long","16248.49","16192.56","0.4551761524565525","8.121515776357853","7395.925161428769","-33.57951798325297","-4.540272819197371","25200.0","1605294000000.0","1605319200000.0"
"e48abdf1-a31e-47c5-a7fd-b8a7902b4b4e","TradeIQ220320Strategy","BTC-USDT","Bybit Perpetual","long","16027.6","15974.36","0.4593542166915518","8.085129397616907","7362.345643445516","-32.54114789427503","-4.419942973370922","10800.0","1605394800000.0","1605405600000.0"
"1f0812a1-acac-4610-8bbc-50015c7ebadf","TradeIQ220320Strategy","BTC-USDT","Bybit Perpetual","long","16014.39","15987.19","0.4577011360127511","8.055937736111614","7329.8044955512405","-20.505408635657943","-2.797538276512493","18000.0","1605420000000.0","1605438000000.0"
"bb2ab08c-f4f9-47c7-9edf-121cc43732f6","TradeIQ220320Strategy","BTC-USDT","Bybit Perpetual","long","15968.4","15944.94","0.4577352199917076","8.03432283806359","7309.299086915583","-18.772791099068648","-2.568343540993408","3600.0","1605488400000.0","1605492000000.0"
"ea37d473-5ed2-4950-8902-d42be062965b","TradeIQ220320Strategy","BTC-USDT","Bybit Perpetual","long","16001.08","16382.51","0.4556271386566728","8.115163348121964","7290.526295816514","165.67469614969286","22.724655179525396","25200.0","1605499200000.0","1605524400000.0"
"9f1a31ef-6de4-4b87-ac06-4e50c1db6e6a","TradeIQ220320Strategy","BTC-USDT","Bybit Perpetual","long","16382.51","16776.35","0.4551317833449336","8.300408097016742","7456.200991966208","170.94869345555114","22.92705006741936","32400.0","1605524400000.0","1605556800000.0"
"aa324be7-1440-45eb-b883-6e81913e589c","TradeIQ220320Strategy","BTC-USDT","Bybit Perpetual","long","16776.35","16694.02","0.4546370149300509","8.36927800797238","7627.1496854217585","-45.799543447162606","-6.004804590986604","7200.0","1605556800000.0","1605564000000.0"
"ab0a118e-6c4e-472f-b754-8f70ccf8342a","TradeIQ220320Strategy","BTC-USDT","Bybit Perpetual","long","16698.53","17322.38","0.4540130264145764","8.495264970762861","7581.350141974596","274.7407615579716","36.239028195895216","25200.0","1605603600000.0","1605628800000.0"
"2b5dc415-74d2-421e-9c27-0b6fb992a835","TradeIQ220320Strategy","BTC-USDT","Bybit Perpetual","long","17322.38","18071.58","0.4535226050653875","8.828578518529069","7856.090903532568","330.95055719645956","42.126620129566525","43200.0","1605628800000.0","1605672000000.0"
"d5b81d88-06f6-4a27-8a14-54b449f0fcd9","TradeIQ220320Strategy","BTC-USDT","Bybit Perpetual","long","18071.58","17649.74","0.45303407121729405","8.900636265870663","8187.041460729028","-200.00852886817407","-24.429890800915036","7200.0","1605672000000.0","1605679200000.0"
"fc8d45d3-1516-473e-aa11-8dbabd1695ae","TradeIQ220320Strategy","BTC-USDT","Bybit Perpetual","long","18023.42","17811.68","0.44314746767599345","8.734128600403796","7987.032931860853","-102.56617340611774","-12.841586391483858","36000.0","1605794400000.0","1605830400000.0"
"ee5281fd-8f28-46fb-8f13-22bfe82b6fad","TradeIQ220320Strategy","BTC-USDT","Bybit Perpetual","long","17974.44","18656.56","0.43864881233878417","8.837479554630102","7884.466758454735","290.3736483179025","36.82857157163187","46800.0","1605837600000.0","1605884400000.0"
"4d41c42f-6ea1-4f64-a304-027f7436a267","TradeIQ220320Strategy","BTC-USDT","Bybit Perpetual","long","18656.56","18623.39","0.4381751194632149","8.984330599657975","8174.840406772638","-23.51859931225364","-2.8769490463409055","28800.0","1605884400000.0","1605913200000.0"
"e5345f80-b204-4f17-bdd4-7f683d09a2aa","TradeIQ220320Strategy","BTC-USDT","Bybit Perpetual","long","18875.09","18589.98","0.43185604982335885","8.898734425105594","8151.321807460382","-132.0252127902437","-16.196785737180626","14400.0","1605920400000.0","1605934800000.0"
"dfed9c1d-e226-4fce-9da9-3eee5212f95e","TradeIQ220320Strategy","BTC-USDT","Bybit Perpetual","long","18812.73","18575.0","0.42626969050585106","8.765490852698978","8019.29659467014","-110.10258437665476","-13.729705975687715","32400.0","1605974400000.0","1606006800000.0"
"1d6b227f-364a-44ca-8899-c1b06b17d402","TradeIQ220320Strategy","BTC-USDT","Bybit Perpetual","long","18571.03","18435.2","0.4258888177065831","8.668296748362838","7909.194010293485","-66.51677485744722","-8.410057304306662","25200.0","1606064400000.0","1606089600000.0"
"00fb5aa5-972c-4e90-9615-dbd390ea0de8","TradeIQ220320Strategy","BTC-USDT","Bybit Perpetual","long","18607.29","18283.32","0.421484119150937","8.551843443434912","7842.677235436038","-145.10005352476443","-18.50134197403282","25200.0","1606122000000.0","1606147200000.0"
"b7595e6a-1abf-4ad5-b8a1-ae5809aa82cd","TradeIQ220320Strategy","BTC-USDT","Bybit Perpetual","long","18643.82","19400.0","0.41287553633918767","8.639049422790332","7697.577181911273","303.56917364617675","39.436976917820516","21600.0","1606208400000.0","1606230000000.0"
"4f58c2e2-c4db-484a-914c-a00080aea46e","TradeIQ220320Strategy","BTC-USDT","Bybit Perpetual","long","19400.0","19082.23","0.4124302245132706","8.729179117269226","8001.14635555745","-139.78713156085138","-17.47088796391754","21600.0","1606230000000.0","1606251600000.0"
"9ba38c56-a94a-43b1-bc6b-6c320d3bff1f","TradeIQ220320Strategy","BTC-USDT","Bybit Perpetual","long","19135.58","19004.17","0.41082419367464157","8.617802622386325","7861.359223996598","-62.60420991317241","-7.963535074453112","28800.0","1606294800000.0","1606323600000.0"
"d9a1833e-48bc-46e7-8e6f-f0db5a953194","TradeIQ220320Strategy","BTC-USDT","Bybit Perpetual","short","17930.0","16686.31","0.4349556616889808","8.281108011704486","7798.7550140834255","532.6688988742634","68.30178636363628","46800.0","1606363200000.0","1606410000000.0"
"4934e4c3-3a5c-475f-bf80-a0062ff2d9d6","TradeIQ220320Strategy","BTC-USDT","Bybit Perpetual","short","16686.31","17144.27","0.4992969633764259","9.290328224794786","8331.423912957689","-237.94836557266234","-28.56034791394857","14400.0","1606410000000.0","1606424400000.0"
"552a67d6-700e-4a02-9c43-778a3f970df5","TradeIQ220320Strategy","BTC-USDT","Bybit Perpetual","short","16857.75","17072.42","0.4801041388907195","8.959508277646147","8093.475547385026","-112.02346377331607","-13.841206181133202","43200.0","1606467600000.0","1606510800000.0"
"0c90410c-9ab1-4c60-984f-a031cbe60592","TradeIQ220320Strategy","BTC-USDT","Bybit Perpetual","long","17750.28","17677.26","0.4496521792113539","8.761538810803575","7981.452083611711","-41.59514093681683","-5.211475368275906","10800.0","1606586400000.0","1606597200000.0"
"00df14c4-49fb-4094-8413-6495564d93e2","TradeIQ220320Strategy","BTC-USDT","Bybit Perpetual","long","17870.0","18427.99","0.4443120840892498","8.870199571832913","7939.8569426748945","239.0515002291283","30.10778430330171","75600.0","1606622400000.0","1606698000000.0"
"8e942b13-e304-49fc-a25b-5a7a6db08025","TradeIQ220320Strategy","BTC-USDT","Bybit Perpetual","long","18427.99","18458.79","0.44383074024372826","9.004317779934155","8178.908442904023","4.665669019572352","0.5704513080373532","28800.0","1606698000000.0","1606726800000.0"
"90d0de22-940e-48a2-9a0c-0a0b2c703fc2","TradeIQ220320Strategy","BTC-USDT","Bybit Perpetual","long","18601.0","19563.7","0.43995344938033415","9.234880275261101","8183.574111923595","414.3083054431869","50.62681656900171","10800.0","1606737600000.0","1606748400000.0"
"0e9cfb91-047d-494e-8460-2acf08608566","TradeIQ220320Strategy","BTC-USDT","Bybit Perpetual","long","19563.7","19433.71","0.4394814077790388","9.426250155595001","8597.882417366782","-66.55443835279296","-7.740794200483631","46800.0","1606748400000.0","1606795200000.0"
"61f76114-d71f-4af5-8b73-948bf011b60b","TradeIQ220320Strategy","BTC-USDT","Bybit Perpetual","long","19770.98","19439.999999999996","0.43150759239117076","9.305909566304091","8531.32797901399","-152.12629249593516","-17.83149034595165","3600.0","1606820400000.0","1606824000000.0"
"c9170ce0-e056-4c3c-ae7e-e1db9a86bb33","TradeIQ220320Strategy","BTC-USDT","Bybit Perpetual","long","19136.0","18950.000000000004","0.43787634231386163","9.172327105351155","8379.201686518056","-90.61732677572783","-10.814553720735596","18000.0","1606896000000.0","1606914000000.0"
"9c3fc6c8-7525-4fc3-b79c-bee0ff69a382","TradeIQ220320Strategy","BTC-USDT","Bybit Perpetual","long","19140.0","18921.62","0.43305038452154265","9.065429547082061","8288.584359742326","-103.63497251889699","-12.503338087774349","3600.0","1606917600000.0","1606921200000.0"
"c02a97cf-45e8-4f9e-a393-d1da69fcb180","TradeIQ220320Strategy","BTC-USDT","Bybit Perpetual","long","19017.24","19022.49","0.43039628185916723","9.004687095209642","8184.94938722343","-6.745106615449014","-0.824086539371644","25200.0","1606935600000.0","1606960800000.0"
"bac42e43-d4fa-408a-94db-f12a845a47d4","TradeIQ220320Strategy","BTC-USDT","Bybit Perpetual","long","19096.0","18929.12","0.42826792420443965","8.956716565513599","8178.20428060798","-80.42606775675092","-9.834196480938468","7200.0","1606968000000.0","1606975200000.0"
"28664ffb-5831-447d-9a8d-ff55a2c9ef97","TradeIQ220320Strategy","BTC-USDT","Bybit Perpetual","long","19405.23","19266.72","0.4172987495047072","8.875766006749709","8097.778212851229","-66.67581580064603","-8.233840696554404","64800.0","1606986000000.0","1607050800000.0"
"bdfba321-919e-437c-a9f0-9529473a1535","TradeIQ220320Strategy","BTC-USDT","Bybit Perpetual","short","18673.97","18776.17","0.4300693637748471","8.858386835693423","8031.102397050582","-52.81147581348154","-6.575868816325456","7200.0","1607122800000.0","1607130000000.0"
"16973bae-3395-48c6-ad5b-85c96d240351","TradeIQ220320Strategy","BTC-USDT","Bybit Perpetual","short","18658.34","18802.41","0.42759918198709534","8.810002331142694","7978.2909212371005","-70.4142164800234","-8.825726859945725","3600.0","1607133600000.0","1607137200000.0"
"9ccfe4a6-fc49-46cb-a6e4-9c18f46fd9a2","TradeIQ220320Strategy","BTC-USDT","Bybit Perpetual","long","18969.54","18919.13","0.41687234929034006","8.687106380912537","7907.876704757078","-29.701641508638517","-3.7559565756470557","3600.0","1607151600000.0","1607155200000.0"
"eb765535-a753-4019-80a4-8813fe9128f2","TradeIQ220320Strategy","BTC-USDT","Bybit Perpetual","long","19161.02","18995.45","0.4111563509274787","8.628551233210597","7878.175063248438","-76.70370825627313","-9.736227951330342","18000.0","1607158800000.0","1607176800000.0"
"dabc05ef-8210-47f0-9876-2035a21d70b9","TradeIQ220320Strategy","BTC-USDT","Bybit Perpetual","long","19112.58","19009.0","0.4081851510885587","8.558364590619018","7801.471354992165","-50.83818254037264","-6.516486471214339","21600.0","1607184000000.0","1607205600000.0"
"e5c29642-9ca5-4b85-a957-39026265e0a9","TradeIQ220320Strategy","BTC-USDT","Bybit Perpetual","long","19147.62","19158.58","0.4047831099871312","8.528136522283976","7750.633172451792","-4.091713636823899","-0.5279199190289572","21600.0","1607212800000.0","1607234400000.0"
"4c153219-9e7e-4b22-83dc-de75da3b4559","TradeIQ220320Strategy","BTC-USDT","Bybit Perpetual","long","19110.5","19221.89","0.4053552475767232","8.546029491261631","7746.541458814969","36.606491536309335","4.7255270924360655","61200.0","1607274000000.0","1607335200000.0"
"57bb8651-69a3-43c3-8711-df3d54e679c6","TradeIQ220320Strategy","BTC-USDT","Bybit Perpetual","long","19172.88","19160.0","0.40594568736419767","8.558587026137118","7783.147950351278","-13.787167479388398","-1.771412745503076","14400.0","1607385600000.0","1607400000000.0"
"59664d23-8f95-4239-984f-1efbd5444854","TradeIQ220320Strategy","BTC-USDT","Bybit Perpetual","long","19311.26","19165.03","0.4023228304560081","8.51393944403541","7769.3607828718905","-67.3456069416173","-8.668101382302325","3600.0","1607407200000.0","1607410800000.0"
"bc9d96b6-f8a9-4ff1-be05-6f2846ddf20f","TradeIQ220320Strategy","BTC-USDT","Bybit Perpetual","short","18792.0","18178.22","0.4098560651303891","8.333857892912647","7702.015175930272","243.22759776281708","31.57973494040011","54000.0","1607421600000.0","1607475600000.0"
"358aa190-f892-41d5-a3ed-e38c83baa1ec","TradeIQ220320Strategy","BTC-USDT","Bybit Perpetual","short","18178.22","18224.99","0.43707484966586874","8.751010145957778","7945.242773693089","-29.19300086483065","-3.674274241372392","36000.0","1607475600000.0","1607511600000.0"
"580a03b2-174a-4d11-8440-3e2761c7597d","TradeIQ220320Strategy","BTC-USDT","Bybit Perpetual","short","18388.86","18417.5","0.4304807243531278","8.714435682481096","7916.049772828258","-21.043403627954426","-2.6583212879971585","7200.0","1607569200000.0","1607576400000.0"
"53330614-6e98-488e-b1c6-9c05d2918ff7","TradeIQ220320Strategy","BTC-USDT","Bybit Perpetual","short","18376.91","18435.75","0.42961555393155343","8.698410224676667","7895.006369200303","-33.97698941800934","-4.3036050674460595","10800.0","1607580000000.0","1607590800000.0"
"5db5c73c-2d4b-4f6c-b8e3-7352a48a4588","TradeIQ220320Strategy","BTC-USDT","Bybit Perpetual","short","18236.64","18267.57","0.4310568931438189","8.65446524209824","7861.029379782293","-21.987054947036683","-2.7969689317769224","32400.0","1607594400000.0","1607626800000.0"
"77b41030-0579-4785-8cc2-dd9c2ca5b968","TradeIQ220320Strategy","BTC-USDT","Bybit Perpetual","short","18010.0","17964.01","0.4352605399686428","8.611936859590546","7839.042324835256","11.405695373568033","1.4549858134370683","46800.0","1607648400000.0","1607695200000.0"
"3103b483-0bee-429a-a3bf-56d38b6467c1","TradeIQ220320Strategy","BTC-USDT","Bybit Perpetual","long","18683.82","19243.57","0.4201736058369661","8.76484851895669","7850.448020208824","226.4273273482851","28.842599398838136","46800.0","1607799600000.0","1607846400000.0"
"659f06ab-664f-4068-b964-33245a7433ff","TradeIQ220320Strategy","BTC-USDT","Bybit Perpetual","long","19243.57","19223.54","0.4197181368923287","8.879939057457747","8076.875347557109","-17.286893339410604","-2.140294680248979","28800.0","1607846400000.0","1607875200000.0"
"9da44c48-8d2f-4b33-b5f9-3736fffec04e","TradeIQ220320Strategy","BTC-USDT","Bybit Perpetual","long","19262.73","19085.54","0.41840323018687897","8.824772022043224","8059.588454217699","-82.96164037885576","-10.293533081759373","7200.0","1607918400000.0","1607925600000.0"
"4041275f-ebab-419f-bc6b-277615969ea6","TradeIQ220320Strategy","BTC-USDT","Bybit Perpetual","long","19211.99","19090.0","0.415190035693275","8.746432527372905","7976.626813838843","-59.395464981596184","-7.446188265765367","14400.0","1607929200000.0","1607943600000.0"
"a7fa13b3-8d07-430c-9005-4e0c9abb82ad","TradeIQ220320Strategy","BTC-USDT","Bybit Perpetual","long","19285.42","19188.46","0.4105293713518942","8.68706177342752","7917.231348857247","-48.49198961970683","-6.124867075749408","21600.0","1607986800000.0","1608008400000.0"
"d53e931c-0a24-4af3-afcb-0fe23bb9507c","TradeIQ220320Strategy","BTC-USDT","Bybit Perpetual","long","19336.0","19343.8","0.40694762925307926","8.65735910049079","7868.73935923754","-5.483167592317068","-0.6968292304510099","46800.0","1608044400000.0","1608091200000.0"
"32188a17-9ae7-4f76-a400-395cd36f5236","TradeIQ220320Strategy","BTC-USDT","Bybit Perpetual","long","19423.44","20354.12","0.4048333452593991","8.856805474581055","7863.256191645223","367.9134922914366","46.788948919449915","25200.0","1608102000000.0","1608127200000.0"
"2a216d48-c0bb-4426-b265-ad0f9826e505","TradeIQ220320Strategy","BTC-USDT","Bybit Perpetual","long","20354.12","21204.63","0.404398209499436","9.243456248969078","8231.16968393666","334.70126491239705","40.66266129412631","28800.0","1608127200000.0","1608156000000.0"
"ba46a403-d347-4241-9a53-dc69f6cb06e6","TradeIQ220320Strategy","BTC-USDT","Bybit Perpetual","long","21204.63","22303.67","0.403962292614823","9.666641938675427","8565.870948849055","434.30407613671855","50.70168331161625","28800.0","1608156000000.0","1608184800000.0"
"79b3fb35-5860-40bf-bf6c-94c939ffeb0c","TradeIQ220320Strategy","BTC-USDT","Bybit Perpetual","long","22303.67","23265.719999999998","0.40352888224161204","10.11371075612265","9000.175024985774","378.1012504044199","42.0104330587746","46800.0","1608184800000.0","1608231600000.0"
"997c627e-c76d-476f-8e10-1bc4b33841be","TradeIQ220320Strategy","BTC-USDT","Bybit Perpetual","long","23147.49","22595.2","0.40515305440849925","10.193034813698615","9378.276275390193","-233.955015232969","-24.946483592821544","18000.0","1608282000000.0","1608300000000.0"
"0c499d73-0b82-48ea-8fe4-bcecdb28cf21","TradeIQ220320Strategy","BTC-USDT","Bybit Perpetual","long","23124.35","22875.39","0.39544122365200424","10.004606410300724","9144.321260157223","-108.45365345070336","-11.860219076428058","25200.0","1608336000000.0","1608361200000.0"
"ecd65aad-df6b-4b93-8b2d-6609a02a6199","TradeIQ220320Strategy","BTC-USDT","Bybit Perpetual","long","23200.0","23505.0","0.38947705201321203","10.004789142852388","9035.867606706519","108.78571172117728","12.039321120689655","39600.0","1608386400000.0","1608426000000.0"
"336a4dcd-aa83-4286-b6e9-5a29e56bf05a","TradeIQ220320Strategy","BTC-USDT","Bybit Perpetual","long","23557.51","23396.87","0.38818420615878746","10.024821799287926","9144.653318427696","-72.38273267663531","-7.915306371513774","25200.0","1608476400000.0","1608501600000.0"
"1b94b6e2-ec80-444d-abb2-bf8dc66ce08c","TradeIQ220320Strategy","BTC-USDT","Bybit Perpetual","long","23913.51","23677.629999999997","0.37937845952982485","9.930279359257526","9072.270585751061","-99.418070393153","-10.958455157774875","14400.0","1608526800000.0","1608541200000.0"
"e9ff137d-56dd-43b3-9960-b2da7dedea40","TradeIQ220320Strategy","BTC-USDT","Bybit Perpetual","long","23130.41","23643.63","0.38792449054547273","9.979637600764462","8972.852515357908","189.1109694369835","21.075903021174337","54000.0","1608638400000.0","1608692400000.0"
"bc7d795d-c81c-4172-9469-7a1697ddf3ca","TradeIQ220320Strategy","BTC-USDT","Bybit Perpetual","long","23870.36","23471.08","0.383821755716918","9.993871040431923","9161.963484794891","-163.24622166308248","-17.817820594243187","10800.0","1608728400000.0","1608739200000.0"
"620b2061-39ef-4388-b96c-48b23bf96340","TradeIQ220320Strategy","BTC-USDT","Bybit Perpetual","long","23624.78","23327.479999999996","0.380901632232419","9.836305859050505","8998.717263131808","-123.0783611217498","-13.677322836445585","10800.0","1608750000000.0","1608760800000.0"
"da27ebd2-a3ba-4bfa-986b-dd70869ff568","TradeIQ220320Strategy","BTC-USDT","Bybit Perpetual","long","23396.9","24605.23","0.3793510636883544","10.015312491143668","8875.63890201006","448.3659582954049","50.51647134876834","64800.0","1608832800000.0","1608897600000.0"
"6bd7cc7e-5e1e-45cb-8ed3-82c37ae5399a","TradeIQ220320Strategy","BTC-USDT","Bybit Perpetual","long","24605.23","24047.830000000005","0.37894402370168717","10.140232476989786","9324.004860305464","-221.363631288308","-23.74126082137798","10800.0","1608897600000.0","1608908400000.0"
"725afc1d-35f2-4f56-8f02-9d52baf5996e","TradeIQ220320Strategy","BTC-USDT","Bybit Perpetual","long","24608.02","25638.48","0.3699054710219332","10.222550387336963","9102.641229017154","370.950241281924","40.751934735098516","61200.0","1608937200000.0","1608998400000.0"
"b7b66755-bf9d-473d-a92c-98b595574256","TradeIQ220320Strategy","BTC-USDT","Bybit Perpetual","long","25638.48","26720.0","0.36950675197199984","10.640746535645002","9473.591470299078","388.98819585711243","41.06026706731446","21600.0","1608998400000.0","1609020000000.0"
"c2654166-c60a-46fd-9857-16274740785c","TradeIQ220320Strategy","BTC-USDT","Bybit Perpetual","long","26720.0","26590.96","0.3691085204399772","10.822641262859143","9862.57966615619","-58.452404740434126","-5.926685179640751","21600.0","1609020000000.0","1609041600000.0"
"e789de93-0661-441d-b6f9-024a7e4443b2","TradeIQ220320Strategy","BTC-USDT","Bybit Perpetual","long","27652.21","27234.02","0.35455130933172274","10.702991590930145","9804.127261415757","-158.9728036403628","-16.214885772240216","21600.0","1609052400000.0","1609074000000.0"
"f0518783-670f-4599-a665-8268d02b6bc8","TradeIQ220320Strategy","BTC-USDT","Bybit Perpetual","long","26882.76","26757.699999999997","0.3587858708620466","10.584991534997428","9645.154457775392","-55.45475254500545","-5.749493467188685","21600.0","1609131600000.0","1609153200000.0"
"37186e24-10b2-4fb8-9225-044e337be985","TradeIQ220320Strategy","BTC-USDT","Bybit Perpetual","long","27124.02","26885.89","0.35355008974445484","10.502364690174463","9589.699705230389","-94.69324756102185","-9.874474746000075","28800.0","1609160400000.0","1609189200000.0"
"679c6472-dca0-469e-b159-0768c1029a9f","TradeIQ220320Strategy","BTC-USDT","Bybit Perpetual","long","26908.01","26695.819999999996","0.3528691440827236","10.4033256864107","9495.006457669366","-85.27862936932463","-8.981418785707392","10800.0","1609243200000.0","1609254000000.0"
"23a1a5e8-a3bc-44b1-aefb-f1065909fd06","TradeIQ220320Strategy","BTC-USDT","Bybit Perpetual","long","26957.129999999997","28047.22","0.3490626720389019","10.559980961619637","9409.727828300043","369.9497472012682","39.31566926820488","25200.0","1609272000000.0","1609297200000.0"
"459007ff-ea7d-4ce7-817a-d9a939ea6468","TradeIQ220320Strategy","BTC-USDT","Bybit Perpetual","long","28047.220000000005","27775.18","0.34868616481424214","10.705474211699604","9779.67757550131","-105.56205848776762","-10.794022366566258","21600.0","1609297200000.0","1609318800000.0"
"1662212c-7fc1-4d1a-84b2-224218a90fa5","TradeIQ220320Strategy","BTC-USDT","Bybit Perpetual","long","28538.15","28629.49","0.3389888803939128","10.658556853099245","9674.115517013543","20.304687482080798","2.098867586020823","64800.0","1609354800000.0","1609419600000.0"
"a8842664-f536-4b70-b942-377cc205f533","TradeIQ220320Strategy","BTC-USDT","Bybit Perpetual","long","28917.08","29210.84","0.33524893262029304","10.718027724490781","9694.420204495624","87.76469872204596","9.053114768157725","72000.0","1609444800000.0","1609516800000.0"
"c08860df-bbe4-4304-a67e-b5ee6c878f0d","TradeIQ220320Strategy","BTC-USDT","Bybit Perpetual","long","29380.0","30660.12","0.33295387689644895","10.994824897830412","9782.18490321767","415.22609199485146","42.447172702518685","39600.0","1609552800000.0","1609592400000.0"
"1a259148-1635-448a-a873-467a73c93fa4","TradeIQ220320Strategy","BTC-USDT","Bybit Perpetual","long","30660.12","32543.45","0.3325952734435652","11.561664755717734","10197.410995212522","614.8249915787525","60.29226358213868","14400.0","1609592400000.0","1609606800000.0"
"ca4cf36d-5ba4-401c-909c-885490da47c0","TradeIQ220320Strategy","BTC-USDT","Bybit Perpetual","long","32543.449999999997","30912.0","0.33224000487936206","11.595341459692165","10812.235986791275","-553.6282974201264","-51.203867368087806","14400.0","1609606800000.0","1609621200000.0"
"061547b4-594e-4322-bc5f-7f62b16f022d","TradeIQ220320Strategy","BTC-USDT","Bybit Perpetual","long","32765.99","33540.46","0.3130870664787222","11.41783055551494","10258.607689371147","231.05870982026028","22.523398575779265","46800.0","1609642800000.0","1609689600000.0"
"6a6e88c6-840b-476d-abf5-24a10de3e0f2","TradeIQ220320Strategy","BTC-USDT","Bybit Perpetual","long","33502.99","32922.5","0.3130964251009062","11.438670900016795","10489.666399191408","-193.1880147068412","-18.416983663249102","10800.0","1609729200000.0","1609740000000.0"
"42a7af94-4554-41c0-bf07-e3f92665b64b","TradeIQ220320Strategy","BTC-USDT","Bybit Perpetual","long","32031.07","31217.58","0.3214528388993738","11.182301954479087","10296.478384484566","-272.68097187073005","-26.482935396788115","14400.0","1609804800000.0","1609819200000.0"
"133ce2cf-ba2c-4cdf-a8f9-dd8f1b91aec9","TradeIQ220320Strategy","BTC-USDT","Bybit Perpetual","long","32399.949999999997","35470.73","0.3093769407858295","11.548692841099692","10023.797412613836","938.4798293852118","93.62517923638791","50400.0","1609858800000.0","1609909200000.0"
"45fe6cb0-9532-4a3c-a544-3ace0e0389fe","TradeIQ220320Strategy","BTC-USDT","Bybit Perpetual","long","35470.73","34660.7","0.3090513570484466","11.920817487286477","10962.277241999047","-262.2616882372416","-23.924015279640596","14400.0","1609909200000.0","1609923600000.0"
"fcfbbafa-6dd1-4c01-a27a-d4228b82e836","TradeIQ220320Strategy","BTC-USDT","Bybit Perpetual","long","35247.26","37296.56","0.3035701371897221","12.11217556431658","10700.015553761805","609.9941065785796","57.00871213819161","50400.0","1609959600000.0","1610010000000.0"
"1369d722-d924-4ed8-b413-a71c90f28092","TradeIQ220320Strategy","BTC-USDT","Bybit Perpetual","long","37920.0","38994.41","0.29825974842669795","12.617259917343347","11310.009660340385","307.83599638978626","27.218013568038067","25200.0","1610020800000.0","1610046000000.0"
"d5b01d72-b4d1-4e88-aed3-41980ecfc089","TradeIQ220320Strategy","BTC-USDT","Bybit Perpetual","long","39408.55","39111.84","0.29480520487889483","12.731520813616399","11617.845656730171","-100.20317315323517","-8.624935819765161","39600.0","1610100000000.0","1610139600000.0"
"15b3e3f4-03b5-4f9d-8c0c-563b053d29cb","TradeIQ220320Strategy","BTC-USDT","Bybit Perpetual","long","40410.79","40071.32","0.2850140391607523","12.616192188203986","11517.642483576938","-109.3699080621049","-9.495858915403563","25200.0","1610186400000.0","1610211600000.0"
"ac1141f1-102a-4f13-9d28-eebda3f5d23c","TradeIQ220320Strategy","BTC-USDT","Bybit Perpetual","long","40737.87","40327.21","0.2800409686494368","12.485848939764248","11408.272575514831","-127.48747312534294","-11.17500237494016","14400.0","1610218800000.0","1610233200000.0"
"34c3f76f-de24-4585-9b03-d286e64375eb","TradeIQ220320Strategy","BTC-USDT","Bybit Perpetual","short","35473.52","33994.94","0.3180057998864925","12.150255254050546","11280.78510238949","458.0467603421178","40.60415619876445","64800.0","1610337600000.0","1610402400000.0"
"db7d1dde-30bf-4bba-8a01-df3f77030099","TradeIQ220320Strategy","BTC-USDT","Bybit Perpetual","long","35942.45","35814.68","0.3266007704742333","12.889763669760846","11738.831862731606","-54.61954411325259","-4.652894321338606","10800.0","1610431200000.0","1610442000000.0"
"8a55e9c7-b1f9-4209-9653-3b58e60c6a2d","TradeIQ220320Strategy","BTC-USDT","Bybit Perpetual","short","33348.64","35026.82","0.35036548172934046","13.176020539750889","11684.212318618353","-601.1523646682956","-51.44996926411394","10800.0","1610460000000.0","1610470800000.0"
"04273dff-4bbb-4107-b266-3a06c060723a","TradeIQ220320Strategy","BTC-USDT","Bybit Perpetual","short","34722.18","35019.26","0.3191925148118596","12.24352009111023","11083.059953950056","-107.06923239141804","-9.660620156914161","43200.0","1610481600000.0","1610524800000.0"
"4e65a024-7ff8-4263-92e8-61c19120fe85","TradeIQ220320Strategy","BTC-USDT","Bybit Perpetual","long","35776.97","37550.01","0.3067892759380864","12.3727621055096","10975.990721558639","531.5768957037553","48.43088056366989","36000.0","1610564400000.0","1610600400000.0"
"0c1fddb7-743d-4ff3-a37f-981373b979c9","TradeIQ220320Strategy","BTC-USDT","Bybit Perpetual","long","38240.0","38820.5","0.30093011551418397","12.754403841619428","11507.567617262395","161.93552821436438","14.072090088912134","50400.0","1610611200000.0","1610661600000.0"
"8d8e5755-0b50-4fde-b8f3-eaf15a603129","TradeIQ220320Strategy","BTC-USDT","Bybit Perpetual","short","35691.31","36240.96","0.3269564256811185","12.935294839681031","11669.50314547676","-192.6468942153083","-16.508577255920322","21600.0","1610726400000.0","1610748000000.0"
"024b8761-e9ce-4ac2-b216-991c19ac7747","TradeIQ220320Strategy","BTC-USDT","Bybit Perpetual","long","37175.0","37025.4","0.3087251177205501","12.59913997370155","11476.85625126145","-58.784417584695404","-5.12199650302619","3600.0","1610758800000.0","1610762400000.0"
"5625ae6f-fd1d-47a6-addc-128abbe19707","TradeIQ220320Strategy","BTC-USDT","Bybit Perpetual","short","35876.93","36599.68","0.3182566577930931","12.686390016725408","11418.071833676755","-242.70638943668342","-21.256337582396263","7200.0","1610776800000.0","1610784000000.0"
"ba4070da-6cba-40f6-89a1-2c061093f2a6","TradeIQ220320Strategy","BTC-USDT","Bybit Perpetual","long","37515.85","36900.0","0.2978838396101934","12.192003519220915","11175.365444240073","-195.64376614315808","-17.506699634954252","32400.0","1610787600000.0","1610820000000.0"
"97bc9347-cc39-4d60-aae7-f3c88cf00ddb","TradeIQ220320Strategy","BTC-USDT","Bybit Perpetual","short","36528.97","36736.94","0.3005757260086149","12.112074749462511","10979.721678096912","-74.6228084874745","-6.796420772334977","7200.0","1610823600000.0","1610830800000.0"
"ea2a7b44-f50e-4029-9194-5d41a3e3c053","TradeIQ220320Strategy","BTC-USDT","Bybit Perpetual","short","35942.74","36758.02","0.3034019907666872","12.13165542283813","10905.09886960944","-259.48923045510253","-23.79522034213304","14400.0","1610834400000.0","1610848800000.0"
"fd7d5705-c826-4dd8-b8d2-732cf6da83ff","TradeIQ220320Strategy","BTC-USDT","Bybit Perpetual","short","36221.21","35270.41","0.29390541175058305","11.556475707048921","10645.609639154336","267.88878978540413","25.16425069731231","28800.0","1610856000000.0","1610884800000.0"
"25ddbfc1-3166-4807-ae9b-01c001c32613","TradeIQ220320Strategy","BTC-USDT","Bybit Perpetual","long","36610.32","36220.01","0.2980989630503022","11.940855218386226","10913.49842893974","-128.29186148654898","-11.75533788013865","3600.0","1610920800000.0","1610924400000.0"
"1540008c-0872-4ed7-b8e0-279243d8b24a","TradeIQ220320Strategy","BTC-USDT","Bybit Perpetual","short","35148.25","36139.12","0.30684903423223603","12.030953350600843","10785.20656745319","-316.07845590029734","-29.30666686108135","14400.0","1610942400000.0","1610956800000.0"
"a2100324-810e-464f-b7e6-ed3ce1e476fa","TradeIQ220320Strategy","BTC-USDT","Bybit Perpetual","long","36630.2","36289.11","0.28580592275097855","11.462423874503061","10469.128111552893","-108.94796606563334","-10.40659402624055","3600.0","1610964000000.0","1610967600000.0"
"cdb63887-235e-469a-94f7-d9b6a860bc75","TradeIQ220320Strategy","BTC-USDT","Bybit Perpetual","long","37096.81","36243.44","0.27927415175286663","11.265119859451248","10360.18014548726","-249.58930274079376","-24.09121262717725","14400.0","1610974800000.0","1610989200000.0"
"795b08bb-12f3-40d4-96b2-741c91ee2f29","TradeIQ220320Strategy","BTC-USDT","Bybit Perpetual","long","36519.61","36307.88","0.2768537463227692","11.089409892981205","10110.590842746466","-69.70765360190202","-6.894518301263437","25200.0","1611010800000.0","1611036000000.0"
"86390ada-2445-4ca7-bf3e-f53f4f55d369","TradeIQ220320Strategy","BTC-USDT","Bybit Perpetual","long","37225.61","36554.04","0.2697305212498751","10.945342898673342","10040.883189144564","-192.0882690544519","-19.130614850905054","39600.0","1611043200000.0","1611082800000.0"
"6397802a-da0c-4b12-b608-93f743a91363","TradeIQ220320Strategy","BTC-USDT","Bybit Perpetual","short","36346.35","36472.14","0.2709706729861489","10.852421382624335","9848.794920090113","-44.93782233755224","-4.5627736897928095","3600.0","1611086400000.0","1611090000000.0"
"0fd4ee9a-3835-47d7-a93a-a3122d173d13","TradeIQ220320Strategy","BTC-USDT","Bybit Perpetual","short","35891.03","34896.39","0.2731561924456489","10.634812166138037","9803.857097752558","261.05726308800206","26.62801594158762","54000.0","1611100800000.0","1611154800000.0"
"9c34240c-29e9-4d7c-9f54-0cf2dc53037c","TradeIQ220320Strategy","BTC-USDT","Bybit Perpetual","short","34721.52","35283.5","0.28987539603221757","11.161003093208821","10064.914360840563","-174.0651781553954","-17.294253275778342","7200.0","1611162000000.0","1611169200000.0"
"a86a1e85-b6c8-4c8d-893e-6b2eb687d1b0","TradeIQ220320Strategy","BTC-USDT","Bybit Perpetual","short","34282.7","31230.989999999998","0.28850846586427464","10.395689807254218","9890.849182685168","870.0484805554111","87.96499314523066","36000.0","1611205200000.0","1611241200000.0"
"e2318d1e-b362-416e-93af-aa216843d56d","TradeIQ220320Strategy","BTC-USDT","Bybit Perpetual","short","31230.990000000005","32473.640000000003","0.3445583269451457","12.072478402302746","10760.897663240577","-440.2378833806873","-40.91088839963119","18000.0","1611241200000.0","1611259200000.0"
"a2f005e8-2316-4081-8620-c9756ff06bb6","TradeIQ220320Strategy","BTC-USDT","Bybit Perpetual","short","30918.79","31796.55","0.33379895461173903","11.51387321156588","10320.65977985989","-304.50924361156535","-29.504823345286095","25200.0","1611270000000.0","1611295200000.0"
"d9c875ef-b69a-462d-89a5-8c8463fed332","TradeIQ220320Strategy","BTC-USDT","Bybit Perpetual","short","32285.999999999996","32594.02","0.310232005706756","11.070322304191944","10016.150536248324","-106.6279847019882","-10.645605246856348","7200.0","1611370800000.0","1611378000000.0"
"0bd62d11-56e1-4859-8a3a-04be8a453708","TradeIQ220320Strategy","BTC-USDT","Bybit Perpetual","short","31663.37","32356.199999999997","0.31296487239186277","11.019732105597559","9909.522551546335","-227.85118464485126","-22.99315466104834","28800.0","1611403200000.0","1611432000000.0"
"2308333c-33e7-4ba4-ac23-da0c6e041648","TradeIQ220320Strategy","BTC-USDT","Bybit Perpetual","short","32408.7","32131.790000000005","0.29873680113369194","10.60434073941057","9681.671366901483","72.11886686251893","7.449010003486601","36000.0","1611493200000.0","1611529200000.0"
"2d03446a-3462-41c8-8f6a-9d4fc39526b7","TradeIQ220320Strategy","BTC-USDT","Bybit Perpetual","long","34218.09","33704.46","0.28504776957930744","10.648644259901443","9753.790233764003","-157.05773014892037","-16.102225533336238","21600.0","1611579600000.0","1611601200000.0"
"07dd727e-72c0-4c98-905e-ff596d3955cd","TradeIQ220320Strategy","BTC-USDT","Bybit Perpetual","short","32732.549999999996","31813.460000000003","0.2931862168885431","10.408200267932541","9596.732503615081","259.05631981215646","26.99422118044555","43200.0","1611612000000.0","1611655200000.0"
"0c5c248b-1da6-43f2-a5e6-10c1232e9156","TradeIQ220320Strategy","BTC-USDT","Bybit Perpetual","short","31728.81","32238.9","0.31062585780643015","10.928513634864629","9855.78882342724","-169.37565744334663","-17.185398396599183","18000.0","1611669600000.0","1611687600000.0"
"8369d98a-7753-4e96-a286-731892ace1ef","TradeIQ220320Strategy","BTC-USDT","Bybit Perpetual","short","31817.08","29585.219999999998","0.30444067041928086","10.281346557507195","9686.413165983893","669.1876081244703","69.08518113541545","39600.0","1611720000000.0","1611759600000.0"
"6a1a84fe-8837-4462-ad11-121fe3bfe3af","TradeIQ220320Strategy","BTC-USDT","Bybit Perpetual","short","29585.22","30542.810000000005","0.35002615407654103","11.575510701204387","10355.600774108363","-346.7570555833606","-33.48497717779363","7200.0","1611759600000.0","1611766800000.0"
"dde850c6-9489-4c47-abe7-5ba579bbe594","TradeIQ220320Strategy","BTC-USDT","Bybit Perpetual","long","32655.99","32564.080000000005","0.3064933483420654","10.99423469837214","10008.843718525004","-39.16403834449021","-3.912943337500906","3600.0","1611860400000.0","1611864000000.0"
"9f1b4390-51bf-4ba1-8475-4246b380daba","TradeIQ220320Strategy","BTC-USDT","Bybit Perpetual","long","33197.11","33756.0","0.30031769874487607","11.058962155456902","9969.679680180512","156.78559649606672","15.726242118666336","21600.0","1611871200000.0","1611892800000.0"
"7882ae36-443d-4304-b5ba-1f6b6d84f2a4","TradeIQ220320Strategy","BTC-USDT","Bybit Perpetual","short","32545.39","36397.81","0.31114899150621883","11.798383933166349","10126.46527667658","-1210.4749817915533","-119.53578555979811","7200.0","1611903600000.0","1611910800000.0"
"67f8db53-a054-493f-8632-9b8d77b7e112","TradeIQ220320Strategy","BTC-USDT","Bybit Perpetual","long","36397.81","34356.19","0.24495952627053735","9.532526476960081","8915.990294885027","-509.6467945014134","-57.16098578458417","39600.0","1611910800000.0","1611950400000.0"
"d82ac2f5-0b3f-46ec-b5c5-61ebdab1ce71","TradeIQ220320Strategy","BTC-USDT","Bybit Perpetual","short","33332.84","33687.93","0.2521940374832632","9.296231219845438","8406.343500383613","-98.84781198977832","-11.758716734007779","3600.0","1612087200000.0","1612090800000.0"
"d9da494c-79a0-46f9-ba8f-03bbf6dd0238","TradeIQ220320Strategy","BTC-USDT","Bybit Perpetual","long","34015.0","33725.83","0.24423035979402716","9.099402006005317","8307.495688393834","-79.72349514764373","-9.596573761575725","3600.0","1612098000000.0","1612101600000.0"
"fd783d8b-5513-4612-b720-d19511653d6b","TradeIQ220320Strategy","BTC-USDT","Bybit Perpetual","short","32875.93","33455.17","0.2502673595316145","9.130280088505112","8227.772193246192","-154.095145423597","-18.728659691147836","36000.0","1612108800000.0","1612144800000.0"
"0cb5ccf5-68d4-4f32-a258-ab2ffd2cc47b","TradeIQ220320Strategy","BTC-USDT","Bybit Perpetual","long","33455.17","33568.84","0.24132823261165895","8.896132231715386","8073.6770478225935","18.535647969251464","2.295812411056296","46800.0","1612144800000.0","1612191600000.0"
"a3fa0600-217b-4ab6-9e6f-4efb73d4b851","TradeIQ220320Strategy","BTC-USDT","Bybit Perpetual","short","33178.13","33493.03","0.24390201303665535","8.943676574518914","8092.212695791845","-85.74842047976205","-10.59641209435256","3600.0","1612195200000.0","1612198800000.0"
"873a174a-658a-4e5e-a9f6-01eb313bdf6d","TradeIQ220320Strategy","BTC-USDT","Bybit Perpetual","long","33794.57","33690.58","0.23691570199922896","8.793560427725296","8006.4642753120825","-33.43042427862463","-4.175429144386153","7200.0","1612227600000.0","1612234800000.0"
"508193c1-b5c4-4661-8ecd-2d2df6694af2","TradeIQ220320Strategy","BTC-USDT","Bybit Perpetual","long","33909.71","35399.51","0.2351253918430284","8.962996630959065","7973.033851033458","341.3268121367853","42.810154643021214","18000.0","1612242000000.0","1612260000000.0"
"7d07dd05-7ecd-4765-975f-0943b114067c","TradeIQ220320Strategy","BTC-USDT","Bybit Perpetual","long","35399.51","34844.99","0.23487219634312007","9.074163997813365","8314.360663170242","-139.31549431400126","-16.75600806338856","18000.0","1612260000000.0","1612278000000.0"
"5fe7f2cd-6a1e-42f5-81e2-372fb54bf75f","TradeIQ220320Strategy","BTC-USDT","Bybit Perpetual","long","35805.48","36063.73","0.2283182677304212","9.024979441694626","8175.045168856242","49.93821319968664","6.108616181098535","46800.0","1612296000000.0","1612342800000.0"
"d942d62c-243f-4b7d-be5e-08c3d81b83d8","TradeIQ220320Strategy","BTC-USDT","Bybit Perpetual","long","36577.43","38126.59","0.22486498865710164","9.239075235466942","8224.983382055929","339.11277059256776","41.22959948252232","39600.0","1612360800000.0","1612400400000.0"
"8b199aa2-e50e-4de2-863b-e2e9679b4a47","TradeIQ220320Strategy","BTC-USDT","Bybit Perpetual","long","38126.59","37565.17","0.224622662363681","9.351146557606025","8564.096152648495","-135.45880166182343","-15.817057544354174","10800.0","1612400400000.0","1612411200000.0"
"a92a7ae5-ceeb-4b4f-9a33-2e9f0dd18ee8","TradeIQ220320Strategy","BTC-USDT","Bybit Perpetual","long","37311.66","37106.66","0.22589821388238077","9.246031062470102","8428.637350986672","-55.55516490835816","-6.591239199756858","3600.0","1612501200000.0","1612504800000.0"
"db7050cb-1d71-4344-b46a-3b02317bd6c7","TradeIQ220320Strategy","BTC-USDT","Bybit Perpetual","long","37422.39","37453.9","0.22374525480810586","9.214268021824598","8373.082186078313","-2.164055042820726","-0.25845381601757583","43200.0","1612508400000.0","1612551600000.0"
"72a4ae7f-e61b-4073-83da-d4f0167aae7d","TradeIQ220320Strategy","BTC-USDT","Bybit Perpetual","long","38362.65","39957.35","0.21820489802022258","9.399394187119109","8370.918131035492","338.57195668572916","40.44621526406536","36000.0","1612569600000.0","1612605600000.0"
"9a0f14a1-f721-46b6-9772-60fb8941eefc","TradeIQ220320Strategy","BTC-USDT","Bybit Perpetual","long","39957.35","40358.48","0.2179696623455065","9.628527890354507","8709.490087721224","77.80564276629953","8.93343261002055","32400.0","1612605600000.0","1612638000000.0"
"0da90336-f513-453e-8cec-73088268dfe6","TradeIQ220320Strategy","BTC-USDT","Bybit Perpetual","long","39545.48","39125.98","0.22220733521220432","9.614756516119439","8787.295730487522","-102.83073363763916","-11.702204727316499","10800.0","1612688400000.0","1612699200000.0"
"cc33a410-3b83-41c1-b2d0-e8252e8be8b0","TradeIQ220320Strategy","BTC-USDT","Bybit Perpetual","long","38849.25","38774.6","0.2235426680527908","9.543733393441293","8684.464996849883","-26.23119356358245","-3.0204731751578584","3600.0","1612742400000.0","1612746000000.0"
"74f6efd3-deee-415a-adcf-d9e0903e1f6e","TradeIQ220320Strategy","BTC-USDT","Bybit Perpetual","long","38718.52","43506.1","0.22361995766589993","10.11288632392209","8658.233803286299","1060.4855505981875","122.48289601462045","25200.0","1612764000000.0","1612789200000.0"
"ae4d3f56-a3d3-472a-97c6-8593a0375417","TradeIQ220320Strategy","BTC-USDT","Bybit Perpetual","long","43506.1","46877.01","0.2233875101166155","11.104751844722895","9718.719353884486","741.9144398824783","76.33870398633763","43200.0","1612789200000.0","1612832400000.0"
"f82314a7-42d9-4474-98aa-2f1ff5d28523","TradeIQ220320Strategy","BTC-USDT","Bybit Perpetual","long","46877.01","46695.41","0.22315061890182336","11.484408889327746","10460.633793766963","-52.008561281898544","-4.97183653564932","10800.0","1612832400000.0","1612843200000.0"
"6175a473-2980-41e5-938b-c3b32462f01a","TradeIQ220320Strategy","BTC-USDT","Bybit Perpetual","long","48209.97","45798.17","0.21590192303552697","11.163096013846175","10408.625232485065","-531.8753539909308","-51.09948164249018","14400.0","1612854000000.0","1612868400000.0"
"6755410c-eb77-498b-b20f-6606abd8a62f","TradeIQ220320Strategy","BTC-USDT","Bybit Perpetual","long","47110.23","46114.19999999999","0.20965191378802722","10.749574088713889","9876.749878494134","-219.56916977900545","-22.230913253873165","36000.0","1612897200000.0","1612933200000.0"
"62dcc530-8cb8-4cd7-a297-83ed8d35a1c3","TradeIQ220320Strategy","BTC-USDT","Bybit Perpetual","long","46778.49","45695.36","0.20644490039578303","10.499915113855518","9657.180708715132","-234.10658007953944","-24.24171061314714","7200.0","1612954800000.0","1612962000000.0"
"df1444a4-6331-40f8-bec8-1b818792957a","TradeIQ220320Strategy","BTC-USDT","Bybit Perpetual","long","45550.41","46957.719999999994","0.2068713350469423","10.525504195687851","9423.074128635591","280.6065943292225","29.778667820991956","43200.0","1613037600000.0","1613080800000.0"
"0cb068f3-c24d-4149-ad23-0e28f53ab838","TradeIQ220320Strategy","BTC-USDT","Bybit Perpetual","long","48112.92","47460.55","0.2016855498058487","10.601683314091535","9703.680722964815","-142.17528544093213","-14.651686251842444","21600.0","1613091600000.0","1613113200000.0"
"2d9fe53f-7daa-4f38-8d03-356817618d2f","TradeIQ220320Strategy","BTC-USDT","Bybit Perpetual","long","47961.99","47361.03","0.19935589489768632","10.45176327604753","9561.505437523881","-130.25668187376093","-13.623030674915682","7200.0","1613167200000.0","1613174400000.0"
"24ed1044-ff37-4744-a973-d1589c284670","TradeIQ220320Strategy","BTC-USDT","Bybit Perpetual","long","47738.47","47036.2","0.1975607671475462","10.298066081245544","9431.24875565012","-149.03906602595362","-15.802686355469794","21600.0","1613181600000.0","1613203200000.0"
"34f2051d-14c1-4ff6-aa53-afce6b96979f","TradeIQ220320Strategy","BTC-USDT","Bybit Perpetual","long","47221.62","49026.56","0.19656694729287488","10.405566008802325","9282.209689624167","344.38597983799826","37.10172376551238","21600.0","1613260800000.0","1613282400000.0"
"4d13deed-004e-4f3c-813f-37fa06e6b2dd","TradeIQ220320Strategy","BTC-USDT","Bybit Perpetual","long","49026.56","48630.09","0.19635470384750975","10.546438424219453","9626.595669462167","-88.39518785864186","-9.182393329248496","36000.0","1613282400000.0","1613318400000.0"
"75b7e977-0d54-41e6-8c34-7f1d2bc186c8","TradeIQ220320Strategy","BTC-USDT","Bybit Perpetual","long","48011.62","47626.55","0.1986644166891999","10.449945690949896","9538.200481603524","-86.94965262546003","-9.115938881045874","7200.0","1613394000000.0","1613401200000.0"
"fabba98f-61d0-4f91-b532-8feff6f93b77","TradeIQ220320Strategy","BTC-USDT","Bybit Perpetual","long","48555.41","47981.58","0.1946487699100484","10.334943494875255","9451.250828978064","-122.03024713235865","-12.911544655889049","25200.0","1613408400000.0","1613433600000.0"
"f3841fb3-612c-4366-9b47-c6dc046e612a","TradeIQ220320Strategy","BTC-USDT","Bybit Perpetual","long","49716.6","48263.71","0.18764800050376948","10.11219509313172","9329.220581845706","-282.74409854505325","-30.307365557982635","46800.0","1613448000000.0","1613494800000.0"
"0e015c87-6cfd-4c66-9dff-bd1e63e08785","TradeIQ220320Strategy","BTC-USDT","Bybit Perpetual","long","49738.62","52250.270000000004","0.18188032726482262","10.202374979816799","9046.476483300652","446.6173489948752","49.36920466430314","61200.0","1613530800000.0","1613592000000.0"
"d2463afd-b1c4-478a-bb11-9afd58c84733","TradeIQ220320Strategy","BTC-USDT","Bybit Perpetual","long","52250.27","52131.96","0.18168506750865646","10.430580877339757","9493.093832295526","-31.92574121428848","-3.3630491574492853","28800.0","1613592000000.0","1613620800000.0"
"ae3c768d-44e4-4820-9ead-abf341944d05","TradeIQ220320Strategy","BTC-USDT","Bybit Perpetual","long","52301.01","51619.69999999999","0.18089838209780723","10.33949856800048","9461.168091081237","-133.58737527505974","-14.11954359007622","32400.0","1613660400000.0","1613692800000.0"
"27c6d54d-c42b-43bc-8ae3-5efe5a8d5c6d","TradeIQ220320Strategy","BTC-USDT","Bybit Perpetual","long","52320.71","54461.780000000006","0.17827702865282558","10.470275766142535","9327.580715806178","371.23332197156395","39.799529297289865","28800.0","1613725200000.0","1613754000000.0"
"dc7ce7ab-2026-45e4-8bc3-c9aea8af95b0","TradeIQ220320Strategy","BTC-USDT","Bybit Perpetual","long","54461.78","55836.19999999999","0.1780847786792452","10.803315246387296","9698.814037777742","233.95996626593927","24.12253347209715","39600.0","1613754000000.0","1613793600000.0"
"a5cc5219-7020-4f0b-8c94-391f0e7773bf","TradeIQ220320Strategy","BTC-USDT","Bybit Perpetual","long","56446.49","55496.05000000001","0.1759679654845444","10.834065558234728","9932.77400404368","-178.08105867336297","-17.928632887536285","39600.0","1613822400000.0","1613862000000.0"
"0313070b-90b4-4d45-a424-e2bb811731b4","TradeIQ220320Strategy","BTC-USDT","Bybit Perpetual","long","56884.89","56336.86","0.17148126585759974","10.67847495693698","9754.692945370316","-104.65535308487716","-10.728718338033156","54000.0","1613901600000.0","1613955600000.0"
"0d86204c-6202-432e-ae8d-088daf054c63","TradeIQ220320Strategy","BTC-USDT","Bybit Perpetual","short","52191.44","53316.94999999999","0.18489694080648933","10.729498197229894","9650.03759228544","-218.8328540443394","-22.676891354214167","3600.0","1614002400000.0","1614006000000.0"
"88f3cefe-59a1-4cbd-8ffc-94b7da82d094","TradeIQ220320Strategy","BTC-USDT","Bybit Perpetual","long","54899.990000000005","54128.16","0.1717888243375108","10.301399739506579","9431.2047382411","-142.89316802792786","-15.15110444464565","3600.0","1614031200000.0","1614034800000.0"
"90f7c6b6-34ec-41c2-96a7-4824fce9f625","TradeIQ220320Strategy","BTC-USDT","Bybit Perpetual","short","50798.26","47967.29","0.18284704181232142","9.932443757756808","9288.311570213174","507.702046201671","54.660316071849735","61200.0","1614056400000.0","1614117600000.0"
"6aba7124-6999-4c22-8e77-bbff0ad84a9e","TradeIQ220320Strategy","BTC-USDT","Bybit Perpetual","short","49521.69","50103.0","0.1978125870990034","10.83885971730992","9796.013616414846","-125.82929472383113","-12.844948940555092","14400.0","1614175200000.0","1614189600000.0"
"0484d3de-290d-4b47-813d-0f4c2e2e3cb5","TradeIQ220320Strategy","BTC-USDT","Bybit Perpetual","short","49021.21","49702.03","0.197265312743015","10.711068947482051","9670.184321691015","-145.01323916918147","-14.995912626391714","14400.0","1614196800000.0","1614211200000.0"
"36aa00b9-4578-41f4-9cb8-90810d0092f7","TradeIQ220320Strategy","BTC-USDT","Bybit Perpetual","short","49008.9","50333.93","0.19435594519611404","10.619328292708783","9525.171082521834","-268.14678635591554","-28.151387941781973","7200.0","1614247200000.0","1614254400000.0"
"f010bfc6-38f8-4ab1-9ad7-4c3e664b68a9","TradeIQ220320Strategy","BTC-USDT","Bybit Perpetual","long","51557.64","50872.11","0.17954709129754423","10.115030021159047","9257.024296165919","-133.19994751836433","-14.389067507744704","7200.0","1614258000000.0","1614265200000.0"
"de91c61c-efd5-49bd-9fb8-48ec386f5682","TradeIQ220320Strategy","BTC-USDT","Bybit Perpetual","short","49587.5","45561.21","0.18399444111212615","9.628758545444374","9123.824348647555","731.1862197598982","80.14032184522311","39600.0","1614279600000.0","1614319200000.0"
"ad903f6c-cd10-49fc-ae62-bb563737c62c","TradeIQ220320Strategy","BTC-USDT","Bybit Perpetual","short","45561.21","46704.49","0.2163026523748481","10.976523598272113","9855.010568407453","-258.2710200053882","-26.20707691915993","18000.0","1614319200000.0","1614337200000.0"
"dc7e417a-a528-43d6-b1ba-04ab68c0788d","TradeIQ220320Strategy","BTC-USDT","Bybit Perpetual","short","46314.33","47560.09","0.20720886059243576","10.69838638383667","9596.739548402065","-268.83089655546837","-28.01273236598683","14400.0","1614373200000.0","1614387600000.0"
"84fdbbb4-2f0f-4a10-8480-1ca0e47dde55","TradeIQ220320Strategy","BTC-USDT","Bybit Perpetual","short","46573.05","47177.01","0.2002855439325231","10.327229968443675","9327.908651846596","-131.29168708193015","-14.075147172023286","10800.0","1614441600000.0","1614452400000.0"
"f9529d8d-7428-4f6e-a8a8-06fd282ecd8b","TradeIQ220320Strategy","BTC-USDT","Bybit Perpetual","short","46844.0","45086.48","0.19632433107259553","9.926504495150443","9196.616964764666","335.11743385155705","36.439207497224764","43200.0","1614463200000.0","1614506400000.0"
"8d5cbb4e-2244-4f28-8930-cdb8ef2c4763","TradeIQ220320Strategy","BTC-USDT","Bybit Perpetual","short","44597.24","44900.0","0.21372924420022907","10.52049760476358","9531.734398616223","-75.22916357882536","-7.892494737342536","21600.0","1614524400000.0","1614546000000.0"
"764eb5fc-5a12-4d2e-a3dc-cb6b3387ae91","TradeIQ220320Strategy","BTC-USDT","Bybit Perpetual","long","49184.51","48475.6","0.1922659234591825","10.32719117885144","9456.505235037397","-146.6264269783012","-15.505350373522141","10800.0","1614614400000.0","1614625200000.0"
"5299706c-35bc-497a-a934-69ab7332f952","TradeIQ220320Strategy","BTC-USDT","Bybit Perpetual","long","49132.94","48663.26000000001","0.18948344650369175","10.191918567030388","9309.878808059097","-99.188503720883","-10.65411330972649","28800.0","1614639600000.0","1614668400000.0"
"f9e41881-c222-4a6c-84af-d559d98250ce","TradeIQ220320Strategy","BTC-USDT","Bybit Perpetual","long","48920.06","47557.22","0.18828043760245208","9.990631473401866","9210.690304338212","-266.58674305552705","-28.94318821358757","7200.0","1614697200000.0","1614704400000.0"
"83335e66-1a9a-41be-8576-8d58f0347489","TradeIQ220320Strategy","BTC-USDT","Bybit Perpetual","short","47557.22","48450.57","0.18807036158300852","9.930920879047054","8944.103561282685","-177.94357839922745","-19.89507133722279","25200.0","1614704400000.0","1614729600000.0"
"a2f6d627-a2c8-468f-9d7f-4df6bfca142c","TradeIQ220320Strategy","BTC-USDT","Bybit Perpetual","long","48517.29","50921.24","0.18068115475706611","9.881667635259841","8766.159982883457","424.46679434298875","48.42106408869904","28800.0","1614733200000.0","1614762000000.0"
"21d38a19-9954-4172-a7d5-e7f4defba205","TradeIQ220320Strategy","BTC-USDT","Bybit Perpetual","long","50921.24","50846.57","0.1804870968818993","10.102277120610797","9190.626777226445","-23.579248644781902","-2.565575691008276","21600.0","1614762000000.0","1614783600000.0"
"ed7c952d-00ef-4cca-82c2-0d788df4425b","TradeIQ220320Strategy","BTC-USDT","Bybit Perpetual","long","51472.6","49611.69000000001","0.17809567670142298","9.901471267288088","9167.047528581665","-341.3214969977312","-37.2335253999213","7200.0","1614823200000.0","1614830400000.0"
"f0077b76-ebdb-40bf-abea-c1146927e374","TradeIQ220320Strategy","BTC-USDT","Bybit Perpetual","short","48541.69","47492.700000000004","0.18181744458390162","9.603400060085589","8825.726031583932","181.121281133981","20.521969579139043","64800.0","1614880800000.0","1614945600000.0"
"cc0e9438-3573-44ef-ac2d-166e392ccdcc","TradeIQ220320Strategy","BTC-USDT","Bybit Perpetual","long","49298.42","48658.54","0.1827005269685705","9.843233516731551","9006.847312717915","-126.74964671337997","-14.072587478462747","21600.0","1614974400000.0","1614996000000.0"
"a169a77d-87c0-45be-b776-390ecdebef77","TradeIQ220320Strategy","BTC-USDT","Bybit Perpetual","short","48363.45","48248.36","0.18361174949273748","9.756484900667974","8880.097666004534","11.375391348450542","1.2809984502759109","28800.0","1615024800000.0","1615053600000.0"
"3691330e-fe62-41e7-bccf-e112dfb50038","TradeIQ220320Strategy","BTC-USDT","Bybit Perpetual","long","48935.29","50961.29","0.18169858720267082","9.98308709880822","8891.473057352985","358.1382505738029","40.27884336641308","39600.0","1615071600000.0","1615111200000.0"
"72c66ff5-d58c-46bb-8458-4a75c0bd8c4f","TradeIQ220320Strategy","BTC-USDT","Bybit Perpetual","long","50961.29","50679.24999999999","0.18150269170829048","10.146417378176292","9249.611307926787","-61.33743654758402","-6.631352875879087","18000.0","1615111200000.0","1615129200000.0"
"66c4b58b-25e5-4868-841f-96f52195a160","TradeIQ220320Strategy","BTC-USDT","Bybit Perpetual","long","51072.46","50063.79","0.1799066242624539","10.007294730434982","9188.273871379206","-191.47370942524404","-20.838920574806817","14400.0","1615136400000.0","1615150800000.0"
"04fe5057-2fee-48db-a769-b3c738a6af7d","TradeIQ220320Strategy","BTC-USDT","Bybit Perpetual","long","50995.27","50441.14","0.17642420879336385","9.842711107399094","8996.800161953963","-107.60465792606534","-11.9603254478307","18000.0","1615161600000.0","1615179600000.0"
"4b5f9117-cf66-4f73-82c4-c91f1656aef3","TradeIQ220320Strategy","BTC-USDT","Bybit Perpetual","long","51016.21","53638.46","0.17424256925451537","10.029414221905899","8889.195504027899","446.878163005747","50.27205924352279","43200.0","1615212000000.0","1615255200000.0"
"b9d8b12f-4469-4a93-8488-062cb95da38a","TradeIQ220320Strategy","BTC-USDT","Bybit Perpetual","long","53638.46","54079.82","0.17405558748393685","10.311932679487562","9336.073667033646","66.50924141242291","7.123898523559413","25200.0","1615255200000.0","1615280400000.0"
"674d38a2-a07c-48ef-8efd-c1c2f0115ce5","TradeIQ220320Strategy","BTC-USDT","Bybit Perpetual","long","54812.39","54014.98999999999","0.17154119549331948","10.267608377183171","9402.58290844607","-147.0545576635576","-15.639804412834557","46800.0","1615298400000.0","1615345200000.0"
"0b18ebb9-9fb0-41f6-9167-b1346e649e12","TradeIQ220320Strategy","BTC-USDT","Bybit Perpetual","long","55282.48","57002.560000000005","0.16742245193744046","10.33947019198147","9255.528350782513","277.64054093657137","29.99726546276509","43200.0","1615370400000.0","1615413600000.0"
"2a7f3f6c-a55f-4105-8410-53de539e1a90","TradeIQ220320Strategy","BTC-USDT","Bybit Perpetual","long","56284.27","57443.17","0.16937536707359063","10.594444792986863","9533.168891719084","185.69466810859757","19.478797681839023","46800.0","1615464000000.0","1615510800000.0"
"751f64c9-cf47-47cf-9401-2637b6c166b2","TradeIQ220320Strategy","BTC-USDT","Bybit Perpetual","long","57014.47","56735.09","0.17046310453868432","10.66455672563014","9718.863559827681","-58.28853887164856","-5.997464468230691","18000.0","1615564800000.0","1615582800000.0"
"764e7b34-92d6-439b-ab80-0191b5dbca00","TradeIQ220320Strategy","BTC-USDT","Bybit Perpetual","long","57212.9","56750.00000000001","0.16885309119020417","10.583643370300067","9660.575020956032","-88.7457392822446","-9.186382703900591","7200.0","1615590000000.0","1615597200000.0"
"eba66aef-b754-47c3-a449-e9a908250a41","TradeIQ220320Strategy","BTC-USDT","Bybit Perpetual","long","57501.41","59905.91999999999","0.16646251425267286","10.749155638921298","9571.829281673787","389.51162450677106","40.69354070621898","10800.0","1615626000000.0","1615636800000.0"
"90e26a47-0d08-4210-b3b4-210e58051a8f","TradeIQ220320Strategy","BTC-USDT","Bybit Perpetual","long","59905.92","61036.74","0.16628308030626288","11.060894924878177","9961.34090618056","176.97533794704998","17.76621637727957","68400.0","1615636800000.0","1615705200000.0"
"31157cf4-d55a-45a7-a189-5c5a9f92623b","TradeIQ220320Strategy","BTC-USDT","Bybit Perpetual","long","60217.68000000001","60019.15","0.16836112324698674","11.133764264951347","10138.316244127609","-44.55849806317665","-4.395059000944674","3600.0","1615748400000.0","1615752000000.0"
"0f380638-8743-4e68-bf1e-f59056ac62d2","TradeIQ220320Strategy","BTC-USDT","Bybit Perpetual","long","60334.5","60139.80999999999","0.16729661712725613","11.0852194825572","10093.757746064435","-43.6561978710643","-4.3250689157946045","3600.0","1615755600000.0","1615759200000.0"
"5f43d84d-af16-4627-98b9-620692c6137b","TradeIQ220320Strategy","BTC-USDT","Bybit Perpetual","short","55937.33","56382.780000000006","0.1796671658835588","11.099129709486265","10050.10154819337","-91.13186875231831","-9.067756013739023","3600.0","1615802400000.0","1615806000000.0"
"e96e46e9-6bb1-4455-b70c-b0bf1d954d88","TradeIQ220320Strategy","BTC-USDT","Bybit Perpetual","short","56182.03","56475.27","0.17726254603902802","10.983455905335425","9958.969679441054","-62.963924905819646","-6.322333226478253","3600.0","1615809600000.0","1615813200000.0"
"c20e3197-7e8c-4d34-b9b5-bf7bc7c24c34","TradeIQ220320Strategy","BTC-USDT","Bybit Perpetual","short","56093.03","56602.01","0.1764213085749733","10.934993534689927","9896.005754535234","-100.7299111731804","-10.178845250470571","7200.0","1615831200000.0","1615838400000.0"
"f4c15457-59ec-4bd3-80ba-698d3933a380","TradeIQ220320Strategy","BTC-USDT","Bybit Perpetual","short","56191.69999999999","55087.1","0.1743189090802032","10.668899460864765","9795.275843362053","181.88376750912616","18.5685191941157","28800.0","1615849200000.0","1615878000000.0"
"d77c7837-d09d-4211-bc17-5e29d4eb4fd7","TradeIQ220320Strategy","BTC-USDT","Bybit Perpetual","long","56438.35","55819.43","0.17677978911274303","10.914698671065587","9977.15961087118","-120.32724574872418","-12.06027070245672","21600.0","1615928400000.0","1615950000000.0"
"d1d914fa-9a7b-4c14-8e80-b95d9a7c3e15","TradeIQ220320Strategy","BTC-USDT","Bybit Perpetual","short","55819.43","56337.6","0.1765842532810252","10.892840966022149","9856.832365122456","-102.39350348865067","-10.388073946652595","14400.0","1615950000000.0","1615964400000.0"
"8d00624b-3c3a-4bf6-ba01-70fbbd669017","TradeIQ220320Strategy","BTC-USDT","Bybit Perpetual","short","55828.8","55310.02999999999","0.17472055393692512","10.680030867825964","9754.438861633806","79.95975089803467","8.19726813938346","28800.0","1615971600000.0","1616000400000.0"
"21190e87-84e3-481a-b916-1cc5bf0da9cb","TradeIQ220320Strategy","BTC-USDT","Bybit Perpetual","long","57614.18","58398.23","0.1706940654632564","10.891446448899579","9834.398612531839","122.94123557756711","12.501144240879638","46800.0","1616007600000.0","1616054400000.0"
"6a24e4a0-8aa3-43bd-bc1d-5d3cbc22d247","TradeIQ220320Strategy","BTC-USDT","Bybit Perpetual","long","59592.67","57359.68","0.16709001036720467","10.747863155682921","9957.339848109406","-383.8581854055469","-38.55027459753016","14400.0","1616083200000.0","1616097600000.0"
"42b40d76-2852-4031-baa2-65d6119f23d1","TradeIQ220320Strategy","BTC-USDT","Bybit Perpetual","long","58383.7","58415.44999999999","0.1639752475897187","10.533693246735282","9573.48166270386","-5.327479135762906","-0.556482931023681","43200.0","1616144400000.0","1616187600000.0"
"afed16df-aa9f-41fb-9891-94292483cf62","TradeIQ220320Strategy","BTC-USDT","Bybit Perpetual","long","58776.98999999999","58556.56999999999","0.1627874136387062","10.505234720982074","9568.154183568096","-46.386836435225405","-4.84804441329844","36000.0","1616238000000.0","1616274000000.0"
"332cd147-90cc-4d47-8e55-022ff559c040","TradeIQ220320Strategy","BTC-USDT","Bybit Perpetual","short","56964.43","57053.18000000001","0.16715285919885217","10.482103230785803","9521.76734713287","-25.31691948468515","-2.658846678532679","32400.0","1616302800000.0","1616335200000.0"
"d323ae1f-808d-46ef-a380-fa42a46ee035","TradeIQ220320Strategy","BTC-USDT","Bybit Perpetual","long","57567.86000000001","57415.18","0.16496097696958315","10.432243037332963","9496.450427648188","-35.61848500105017","-3.750715625003388","14400.0","1616356800000.0","1616371200000.0"
"be6ba4a4-fd8f-4066-9487-aa7ab0d5a594","TradeIQ220320Strategy","BTC-USDT","Bybit Perpetual","short","56647.53","57614.32","0.16701225883365328","10.495721316856638","9460.831942647139","-171.96150303464444","-18.176150266392916","10800.0","1616374800000.0","1616385600000.0"
"ce5cac26-9b05-4201-aab4-4c0e5921b461","TradeIQ220320Strategy","BTC-USDT","Bybit Perpetual","long","57712.86","57275.950000000004","0.16094975088069616","10.179081177962237","9288.870439612494","-80.49963683524658","-8.66624605850405","7200.0","1616396400000.0","1616403600000.0"
"375ed33b-c4b8-497e-95f0-2f074109a3d9","TradeIQ220320Strategy","BTC-USDT","Bybit Perpetual","long","57988.16","57316.64000000001","0.1587974304198865","10.070558275293413","9208.370802777246","-116.70620875085508","-12.673925849690637","7200.0","1616410800000.0","1616418000000.0"
"5c85aee5-d1eb-4a6f-a039-24ce6992dabb","TradeIQ220320Strategy","BTC-USDT","Bybit Perpetual","short","57011.170000000006","54550.98000000001","0.15947163676918732","9.785049264094276","9091.66459402639","382.54547679909194","42.07650566546863","25200.0","1616421600000.0","1616446800000.0"
"5b91d0b2-389e-4a12-9227-653cde46cc6d","TradeIQ220320Strategy","BTC-USDT","Bybit Perpetual","short","54550.98","54652.72","0.17367625789354255","10.431349480270981","9474.210070825482","-28.101171958359647","-2.9660701787575214","46800.0","1616446800000.0","1616493600000.0"
"8746763b-6cdd-4ac4-8cd4-ec42ed977a2e","TradeIQ220320Strategy","BTC-USDT","Bybit Perpetual","short","54535.9","54695.100000000006","0.17320900358969268","10.405885969108148","9446.108898867122","-37.98075934058798","-4.020783557253192","36000.0","1616533200000.0","1616569200000.0"
"d71e7638-a500-45b8-aedb-852664a6880a","TradeIQ220320Strategy","BTC-USDT","Bybit Perpetual","long","56513.8","56359.57","0.16647488117108625","10.334819471971528","9408.128139526534","-36.01024039498869","-3.8275669570972606","18000.0","1616583600000.0","1616601600000.0"
"c5863374-0ac8-4c75-8c43-27ab81155a45","TradeIQ220320Strategy","BTC-USDT","Bybit Perpetual","short","55447.23","52540.81","0.16902770254044333","10.039133666675024","9372.117899131546","481.22636155092124","51.34659707978207","14400.0","1616612400000.0","1616626800000.0"
"c25f3c0b-62f3-49bd-929c-99ca5e08c569","TradeIQ220320Strategy","BTC-USDT","Bybit Perpetual","short","52540.81","52962.05","0.18753696908522097","10.882127626822319","9853.344260682468","-89.88020048428179","-9.121796428338378","43200.0","1616626800000.0","1616670000000.0"
"f5a2db81-1d70-4a60-89da-4e214d213f58","TradeIQ220320Strategy","BTC-USDT","Bybit Perpetual","short","51101.16","52030.229999999996","0.19106149567246977","10.837440693299436","9763.464060198186","-188.3469444777195","-19.290995830622872","28800.0","1616677200000.0","1616706000000.0"
"03880058-3a0d-4770-a028-33091c4b857b","TradeIQ220320Strategy","BTC-USDT","Bybit Perpetual","long","55030.0","54766.38","0.17399813039651946","10.507400664368191","9575.117115720466","-56.376787799499105","-5.8878431582773505","3600.0","1616803200000.0","1616806800000.0"
"309790e6-8bb4-4f6d-93a5-75e462fc6998","TradeIQ220320Strategy","BTC-USDT","Bybit Perpetual","long","55189.53","54966.6","0.17247366172389883","10.449467106338604","9518.740327920967","-48.89902051444742","-5.1371314722194645","7200.0","1616824800000.0","1616832000000.0"
"6a5d8834-f4bd-4e48-b8d6-11a2a0becc97","TradeIQ220320Strategy","BTC-USDT","Bybit Perpetual","long","56180.01","55542.7","0.16856247101783212","10.357740836524766","9469.84130740652","-117.7842892409002","-12.437831365640642","72000.0","1616864400000.0","1616936400000.0"
"72874b29-fe60-4336-ace7-641b2c134861","TradeIQ220320Strategy","BTC-USDT","Bybit Perpetual","short","54890.64","55610.0","0.17037617011143646","10.35467171093443","9352.057018165619","-132.91647344229747","-14.2125388226481","7200.0","1616965200000.0","1616972400000.0"
"b5a3492b-bc88-411e-b000-ca1d8985c92f","TradeIQ220320Strategy","BTC-USDT","Bybit Perpetual","short","55076.33","55414.73999999999","0.1673884324667842","10.172209854882748","9219.140544723321","-66.81812928596534","-7.247761216115688","3600.0","1616997600000.0","1617001200000.0"
"5c5123a2-5431-436c-a758-779bf4696288","TradeIQ220320Strategy","BTC-USDT","Bybit Perpetual","long","55949.99","57961.11","0.16358041199716664","10.248493567977746","9152.322415437353","318.73134460776447","34.82518754695046","7200.0","1617004800000.0","1617012000000.0"
"f2be5c6c-3d68-43a0-ba6a-ac94375af388","TradeIQ220320Strategy","BTC-USDT","Bybit Perpetual","long","57961.11000000001","57342.31","0.16340359527353976","10.362546356434233","9471.053760045119","-111.47669111170231","-11.770252174259777","39600.0","1617012000000.0","1617051600000.0"
"ae2d4c8b-1aff-4c57-89aa-59573de0e033","TradeIQ220320Strategy","BTC-USDT","Bybit Perpetual","long","58103.92999999999","58710.08999999999","0.16108337368803483","10.349238039613866","9359.577068933417","87.29305975512472","9.326603019795671","50400.0","1617087600000.0","1617138000000.0"
"b4150738-0af1-4609-bc7c-a421ce3ba0de","TradeIQ220320Strategy","BTC-USDT","Bybit Perpetual","long","59774.87","58244.24","0.15804083101625385","10.258511021109271","9446.870128688543","-252.16054819951864","-26.69249653742458","3600.0","1617174000000.0","1617177600000.0"
"a351429b-080b-4a4b-9cb4-99aae5d84975","TradeIQ220320Strategy","BTC-USDT","Bybit Perpetual","long","59367.06999999999","58644.25","0.15487895192552073","10.052608256320983","9194.709580489023","-122.0022122871247","-13.268740161843805","14400.0","1617206400000.0","1617220800000.0"
"01909538-66e1-4e12-8511-576c64dba34a","TradeIQ220320Strategy","BTC-USDT","Bybit Perpetual","long","59041.979999999996","58824.92","0.15366536434248815","9.96163307283079","9072.707368201898","-43.31623705701091","-4.774345220129773","32400.0","1617228000000.0","1617260400000.0"
"3ce2863c-4e3a-464f-898b-601fa3fbecd9","TradeIQ220320Strategy","BTC-USDT","Bybit Perpetual","long","58923.91","58706.8","0.153238152918652","9.914031999800285","9029.391131144888","-43.18356737996891","-4.782555850417947","7200.0","1617267600000.0","1617274800000.0"
"26d95d75-c82c-4b59-b38b-7b850afb7263","TradeIQ220320Strategy","BTC-USDT","Bybit Perpetual","long","59833.18","59298.0","0.15018769792554765","9.840620721444726","8986.20756376492","-90.21807289723935","-10.039615962247037","39600.0","1617332400000.0","1617372000000.0"
"89b00406-34d1-4ede-b495-1cc960057174","TradeIQ220320Strategy","BTC-USDT","Bybit Perpetual","long","59547.65","59243.45","0.14939278864686817","9.760593532485942","8895.98949086768","-55.20587983886389","-6.205704255331728","7200.0","1617379200000.0","1617386400000.0"
"443a62cb-bf29-48a6-98f2-9247f5e6a2a4","TradeIQ220320Strategy","BTC-USDT","Bybit Perpetual","long","59443.97","59241.92","0.14872464963273507","9.708334573629635","8840.783611028815","-39.75815003192419","-4.497129641576814","14400.0","1617447600000.0","1617462000000.0"
"29d5a416-0865-4b6d-88a8-57845cd779e3","TradeIQ220320Strategy","BTC-USDT","Bybit Perpetual","short","57686.0","57600.0","0.15256778873551452","9.67391155068939","8801.02546099689","3.4469182805648586","0.3916496203584925","25200.0","1617487200000.0","1617512400000.0"
"c09fbd0d-35d2-4085-9ca3-730ffe8d995f","TradeIQ220320Strategy","BTC-USDT","Bybit Perpetual","long","58160.01000000001","57957.58","0.15138361185421828","9.668065095703994","8804.472379277455","-40.31264964335455","-4.578655926985012","7200.0","1617544800000.0","1617552000000.0"
"e7047fc9-ae0d-428c-a178-3c3fec36a0c2","TradeIQ220320Strategy","BTC-USDT","Bybit Perpetual","long","58230.35","58027.77","0.1505084501404182","9.623806201591314","8764.1597296341","-40.11380803103749","-4.577028405290398","7200.0","1617559200000.0","1617566400000.0"
"6b21e4d1-7e8a-49df-85c2-45887448de12","TradeIQ220320Strategy","BTC-USDT","Bybit Perpetual","long","58163.18000000001","57978.119999999995","0.14999258846581398","9.581183818131553","8724.045921603063","-37.33881223961692","-4.279988043982675","10800.0","1617573600000.0","1617584400000.0"
"f7671b8b-4665-4369-816d-fcc1aaeb779c","TradeIQ220320Strategy","BTC-USDT","Bybit Perpetual","short","57863.97","57699.9","0.15012290220258737","9.541830954789386","8686.70710936345","15.08883360958908","1.7370026892382207","32400.0","1617588000000.0","1617620400000.0"
"fa3990e7-7a56-48e6-88d4-ebcd5f0dce57","TradeIQ220320Strategy","BTC-USDT","Bybit Perpetual","long","58002.51000000001","59436.87","0.1500244720956565","9.690329543257661","8701.795942973038","205.4987722518672","23.615673545851607","43200.0","1617627600000.0","1617670800000.0"
"e8bceea5-b821-4be9-9033-11f891952125","TradeIQ220320Strategy","BTC-USDT","Bybit Perpetual","long","59436.869999999995","58823.36000000001","0.14986143643204808","9.747456367321412","8907.294715224905","-101.68894623274537","-11.4163670883071","7200.0","1617670800000.0","1617678000000.0"
"207591c9-2e0f-4192-a416-92063ed76685","TradeIQ220320Strategy","BTC-USDT","Bybit Perpetual","short","58014.63999999999","58136.9","0.15178247712977547","9.69637265500101","8805.605768992156","-28.253298308888773","-3.2085581673868755","7200.0","1617721200000.0","1617728400000.0"
"b7626713-f561-49a3-bd1e-3c70912fbd3f","TradeIQ220320Strategy","BTC-USDT","Bybit Perpetual","short","57925.85","58332.30999999999","0.15152738320945258","9.688962118850219","8777.352470683269","-71.27878229816308","-8.120761076445005","28800.0","1617746400000.0","1617775200000.0"
"350372bc-b092-4253-ae5d-160449a92ad8","TradeIQ220320Strategy","BTC-USDT","Bybit Perpetual","short","57540.47","56562.91","0.15130348584891826","9.495331527629059","8706.073688385106","138.41290409883914","15.898430113622597","57600.0","1617789600000.0","1617847200000.0"
"97c4a436-99c3-4a4d-bed0-79c543727f44","TradeIQ220320Strategy","BTC-USDT","Bybit Perpetual","long","57728.76","57725.100000000006","0.15320763155979697","9.72862684477001","8844.486592483945","-10.289366776278287","-1.1633650714132127","21600.0","1617894000000.0","1617915600000.0"
"940b2d7f-e757-4bef-adcc-197406744a03","TradeIQ220320Strategy","BTC-USDT","Bybit Perpetual","long","58341.09","58109.799999999996","0.15142324604678567","9.698354472860446","8834.197225707667","-44.72103705102163","-5.0622638264043545","25200.0","1617930000000.0","1617955200000.0"
"5feb576d-e6d8-44f5-adf1-19051786a72c","TradeIQ220320Strategy","BTC-USDT","Bybit Perpetual","long","58700.009999999995","58247.350000000006","0.14973551433222326","9.631145204667622","8789.476188656648","-77.41042312229014","-8.807171378675898","21600.0","1617966000000.0","1617987600000.0"
"cd253fbe-2ec3-4238-ab95-66d7349aae3b","TradeIQ220320Strategy","BTC-USDT","Bybit Perpetual","long","58766.29000000001","61252.13","0.14824937503344784","9.785960666626023","8712.065765534357","358.7382657665184","41.17717604769655","7200.0","1618023600000.0","1618030800000.0"
"bf88cc16-6a64-4f9b-b97a-75e9c4be55a0","TradeIQ220320Strategy","BTC-USDT","Bybit Perpetual","long","61252.130000000005","60230.00000000001","0.14808960980297134","9.894632676353613","9070.804031300875","-161.26146554426433","-17.77807843580293","46800.0","1618030800000.0","1618077600000.0"
"7007b88a-6179-47e7-8751-4e734764ff81","TradeIQ220320Strategy","BTC-USDT","Bybit Perpetual","long","60343.27","59789.469999999994","0.14764765922954806","9.755524821807544","8909.54256575661","-91.52279850313168","-10.272446405373836","7200.0","1618113600000.0","1618120800000.0"
"bc763dae-3dc6-4b94-a768-a90cd458164e","TradeIQ220320Strategy","BTC-USDT","Bybit Perpetual","long","60052.810000000005","59777.340000000004","0.1468377544240391","9.677574576062675","8818.01976725348","-50.126970787252894","-5.684606307348502","3600.0","1618131600000.0","1618135200000.0"
"5529887d-a320-4d98-8991-2d9c67bbba03","TradeIQ220320Strategy","BTC-USDT","Bybit Perpetual","long","59959.49","59785.85","0.14623027641606404","9.630716792254564","8767.892796466227","-35.02214198913984","-3.9943624770657564","7200.0","1618164000000.0","1618171200000.0"
"e21cf1a7-4136-4a65-a87d-5c523ff80123","TradeIQ220320Strategy","BTC-USDT","Bybit Perpetual","long","60196.509999999995","59786.89","0.14507270694724805","9.573474144703944","8732.870654477087","-68.99815636443502","-7.900970837013564","14400.0","1618182000000.0","1618196400000.0"
"ab30a1e9-fc83-43c1-bfd6-a6272a6c7e36","TradeIQ220320Strategy","BTC-USDT","Bybit Perpetual","long","60449.93","60114.99","0.14332311878793985","9.503857192950157","8663.872498112649","-57.508502599783064","-6.63773648703981","21600.0","1618200000000.0","1618221600000.0"
"cce080c4-ffc0-47b1-9116-02aae9a0921e","TradeIQ220320Strategy","BTC-USDT","Bybit Perpetual","long","60706.189999999995","62826.12","0.14177078145594157","9.632299668066695","8606.363995512866","290.91183306382857","33.801943912144836","25200.0","1618279200000.0","1618304400000.0"
"2e1451d8-c172-435a-ac7b-1045719360c5","TradeIQ220320Strategy","BTC-USDT","Bybit Perpetual","long","62826.119999999995","62768.56","0.14161746465604902","9.782520085738284","8897.275828576694","-17.934021351340135","-2.0156755502328916","36000.0","1618304400000.0","1618340400000.0"
"5b333298-0651-4ac5-a961-dd2fa91328d4","TradeIQ220320Strategy","BTC-USDT","Bybit Perpetual","long","63649.71","63999.99999999999","0.13950325629488888","9.794152615554033","8879.341807225352","39.0724430319817","4.400376050417097","32400.0","1618358400000.0","1618390800000.0"
"ded8081a-9ad3-4218-8572-dffbe99dfb78","TradeIQ220320Strategy","BTC-USDT","Bybit Perpetual","long","64623.03","63101.969999999994","0.13800674852691575","9.694801575580172","8918.414250257332","-219.6113464899313","-24.624483717337377","10800.0","1618401600000.0","1618412400000.0"
"4d3b49a7-d100-49b8-95a6-8f607e20574a","TradeIQ220320Strategy","BTC-USDT","Bybit Perpetual","long","63139.95","63029.98","0.13777018993153153","9.560350370861421","8698.802903767404","-24.7109381576311","-2.840728595762174","10800.0","1618459200000.0","1618470000000.0"
"99ca7ff4-0144-494f-867b-9b2d35e4e4c9","TradeIQ220320Strategy","BTC-USDT","Bybit Perpetual","long","63015.25","62747.46","0.1376506792500192","9.52122735070275","8674.091965609772","-46.382702747065515","-5.347268962671749","3600.0","1618495200000.0","1618498800000.0"
"2e4abcc8-fcff-4200-b6eb-b639a2733d42","TradeIQ220320Strategy","BTC-USDT","Bybit Perpetual","long","63469.69","63120.0","0.1359343217662274","9.46433600901084","8627.709262862707","-56.999208987443225","-6.606528714729855","21600.0","1618516800000.0","1618538400000.0"
"4e2e3a49-7b3c-48c7-897a-85d3c3852aaf","TradeIQ220320Strategy","BTC-USDT","Bybit Perpetual","short","60766.74","61350.28","0.14104278185525937","9.47304831697089","8570.710053875264","-91.77715324078906","-10.708232184250805","18000.0","1618567200000.0","1618585200000.0"
"161a247c-828b-4a00-af7b-b61d270bbd94","TradeIQ220320Strategy","BTC-USDT","Bybit Perpetual","long","61973.89","61788.41000000001","0.13681459886791802","9.312869186209014","8478.932900634476","-34.689240984228896","-4.091227208748534","3600.0","1618606800000.0","1618610400000.0"
"a5db4247-80c8-4ce4-9a10-c61290af41af","TradeIQ220320Strategy","BTC-USDT","Bybit Perpetual","long","62230.99","61794.590000000004","0.13569193836784932","9.25609924656822","8444.243659650247","-68.47206115029688","-8.10872635964805","25200.0","1618628400000.0","1618653600000.0"
"01e0ea12-d0e8-47f8-b454-e8569167a80c","TradeIQ220320Strategy","BTC-USDT","Bybit Perpetual","short","60973.98999999999","60880.079999999994","0.13736630321387774","9.206253720105796","8375.771598499949","3.693815814708943","0.44101200364280274","32400.0","1618660800000.0","1618693200000.0"
"3eb36af3-339e-4291-b98a-80def26ea56d","TradeIQ220320Strategy","BTC-USDT","Bybit Perpetual","short","59496.64","54849.46","0.14083930477947423","8.857433875534332","8379.465414314658","645.6481665095428","77.05123591853254","10800.0","1618707600000.0","1618718400000.0"
"9046c649-97f7-481b-a162-b0bf1ba56c08","TradeIQ220320Strategy","BTC-USDT","Bybit Perpetual","short","54849.46","55179.96000000001","0.16454334428860742","9.957534805314683","9025.113580824202","-64.33911009270064","-7.128897549766347","36000.0","1618718400000.0","1618754400000.0"
"f30f2e9e-8903-43ce-8573-aa99d115c689","TradeIQ220320Strategy","BTC-USDT","Bybit Perpetual","short","56746.05","57160.59","0.1579101007159353","9.892854947037582","8960.774470731501","-75.35290809782039","-8.4091959176012","7200.0","1618826400000.0","1618833600000.0"
"68b6e89e-8d4f-4b9e-906f-4ceaf6c8b0ff","TradeIQ220320Strategy","BTC-USDT","Bybit Perpetual","short","56619.76","56119.39","0.1569314593109134","9.73077563203458","8885.421562633683","68.79301866336758","7.742234645643192","25200.0","1618840800000.0","1618866000000.0"
"9f1f2c2b-dbd9-420e-afe7-463bb9b7e44b","TradeIQ220320Strategy","BTC-USDT","Bybit Perpetual","short","54641.36","55933.0","0.16387246915700945","9.966051369260832","8954.21458129705","-221.63028743122044","-24.75150505038673","36000.0","1618880400000.0","1618916400000.0"
"6ef2a9f0-5e0e-4c1f-a0d2-9880dcac6816","TradeIQ220320Strategy","BTC-USDT","Bybit Perpetual","short","55205.66","56172.15","0.1581827713655779","9.689927859935828","8732.58429386583","-162.5719945570529","-18.61671059634099","39600.0","1618977600000.0","1619017200000.0"
"60320875-3aac-4e2f-a819-b91b969d1b00","TradeIQ220320Strategy","BTC-USDT","Bybit Perpetual","short","53996.61","54882.43","0.15871389517432255","9.504339097682479","8570.012299308777","-150.09628172100082","-17.51412675721679","46800.0","1619046000000.0","1619092800000.0"
"b5aea656-d3e4-48d9-a537-59eccdc6c302","TradeIQ220320Strategy","BTC-USDT","Bybit Perpetual","short","53392.060000000005","49242.18","0.15769977816154268","8.901968283878194","8419.916017587777","645.5331871131452","76.66741399376619","36000.0","1619118000000.0","1619154000000.0"
"876e9e54-0518-4d33-96c3-f073675174e2","TradeIQ220320Strategy","BTC-USDT","Bybit Perpetual","short","49242.18","49494.25","0.18409926621244066","9.997517371289806","9065.44920470092","-56.40341940545967","-6.221800832132122","21600.0","1619154000000.0","1619175600000.0"
"d3a63e0d-dfd3-424d-8c2c-55bc44d60eac","TradeIQ220320Strategy","BTC-USDT","Bybit Perpetual","short","49905.05","50490.49999999999","0.18052373026969135","9.968078553662522","9009.04578529546","-115.65569644005149","-12.837729899078147","18000.0","1619226000000.0","1619244000000.0"
"14db9be7-2f6e-4758-aa7a-b03c9f577540","TradeIQ220320Strategy","BTC-USDT","Bybit Perpetual","short","49852.31","50225.36","0.17839474417244475","9.819331685363393","8893.390088855409","-76.36949099889442","-8.587219298363564","28800.0","1619251200000.0","1619280000000.0"
"0b792d34-0ef2-4155-8410-193057e701de","TradeIQ220320Strategy","BTC-USDT","Bybit Perpetual","short","49680.0","50122.87999999999","0.1774762600212664","9.741953034963188","8817.020597856515","-88.3426390731799","-10.019556843800123","18000.0","1619323200000.0","1619341200000.0"
"8ba4d4ac-b939-4877-bac8-d3f322f09864","TradeIQ220320Strategy","BTC-USDT","Bybit Perpetual","short","49375.4","49890.46","0.17678191890664852","9.651625066995301","8728.677958783333","-100.70492021905326","-11.537247759005448","10800.0","1619348400000.0","1619359200000.0"
"34776e81-dd6b-4dba-8b88-301eb77130e6","TradeIQ220320Strategy","BTC-USDT","Bybit Perpetual","short","49354.08","50911.03","0.17481782739267515","9.640470781418173","8627.973038564282","-281.82308714044325","-32.66388129410977","18000.0","1619380800000.0","1619398800000.0"
"055f5ed2-f8c6-462f-b9dc-977bd350a633","TradeIQ220320Strategy","BTC-USDT","Bybit Perpetual","long","53467.59","53177.16999999999","0.1560973657392046","9.155831358239332","8346.149951423839","-54.48962831622","-6.5287142734506185","39600.0","1619431200000.0","1619470800000.0"
"9d2ae4f9-aab3-4438-be9b-96907b9f264e","TradeIQ220320Strategy","BTC-USDT","Bybit Perpetual","long","53601.4","54884.280000000006","0.1546911148422918","9.229973930993268","8291.66032310762","189.22016347788679","22.820539687396312","68400.0","1619478000000.0","1619546400000.0"
"326d3de0-bbcf-401d-958c-31bbe14d14c1","TradeIQ220320Strategy","BTC-USDT","Bybit Perpetual","long","55274.55","54618.340000000004","0.15343192276708734","9.273592576122613","8480.880486585507","-109.95715461511286","-12.965299391853922","28800.0","1619560800000.0","1619589600000.0"
"0625a969-9436-4850-899d-3943d0796b54","TradeIQ220320Strategy","BTC-USDT","Bybit Perpetual","long","55192.65","54515.29","0.15166735664930733","9.151512294782446","8370.923331970393","-111.88491299475736","-13.365898665854974","7200.0","1619614800000.0","1619622000000.0"
"fe112a8a-af8c-41a1-ae64-ab1f50f3398f","TradeIQ220320Strategy","BTC-USDT","Bybit Perpetual","long","54864.58","54389.65","0.15053497937969515","9.04562079310696","8259.038418975635","-80.53919854990562","-9.751643528484138","10800.0","1619632800000.0","1619643600000.0"
"f1ccad42-d0f8-4c06-980d-9347f1e58cb9","TradeIQ220320Strategy","BTC-USDT","Bybit Perpetual","short","53568.28","53894.87999999999","0.15267429195833296","9.023774025532775","8178.499220425728","-58.887197779122985","-7.200244958396859","3600.0","1619672400000.0","1619676000000.0"
"8389925a-72e7-493e-ad90-21c33ef9ae86","TradeIQ220320Strategy","BTC-USDT","Bybit Perpetual","short","53631.84","53404.21","0.1513953655635646","8.912619055026488","8119.6120226466055","25.54950800820732","3.146641482000195","32400.0","1619704800000.0","1619737200000.0"
"c16692c7-8a0f-4434-a2c9-987e187e14cf","TradeIQ220320Strategy","BTC-USDT","Bybit Perpetual","long","54136.77","55958.79","0.15045525491555578","9.110450549678976","8145.161530654812","265.02203301156254","32.53735754829858","32400.0","1619758800000.0","1619791200000.0"
"7ec4e81d-709f-4044-a6fe-96bbfe7ebf82","TradeIQ220320Strategy","BTC-USDT","Bybit Perpetual","long","55958.79","57820.59999999999","0.15029244849051196","9.40510071097128","8410.183563666376","270.41088281314734","32.15279200104202","39600.0","1619791200000.0","1619830800000.0"
"6c2af88e-7acd-40ac-bd0e-0b5b4b4716f0","TradeIQ220320Strategy","BTC-USDT","Bybit Perpetual","long","57820.6","57770.19000000001","0.15012978845739278","9.544491467677602","8680.594446479525","-17.11253410381311","-1.9713550966262705","25200.0","1619830800000.0","1619856000000.0"
"21b702d2-3d5c-4f32-9757-654896fe5b34","TradeIQ220320Strategy","BTC-USDT","Bybit Perpetual","long","57797.74","56510.01","0.14989309118965052","9.423668096938577","8663.481912375712","-202.44549841458664","-23.367682931893114","28800.0","1619899200000.0","1619928000000.0"
"e6f7d135-048a-4e60-a041-bed2ff30fa92","TradeIQ220320Strategy","BTC-USDT","Bybit Perpetual","long","57056.39","56704.46000000001","0.14829252979308935","9.278436330851694","8461.036413961125","-61.46702634093259","-7.264715967834507","3600.0","1619989200000.0","1619992800000.0"
"86d1cce9-9277-4fbb-883d-b0775f550432","TradeIQ220320Strategy","BTC-USDT","Bybit Perpetual","long","57456.12","57774.52999999999","0.1461910304354034","9.265128103682725","8399.569387620191","37.28355789725246","4.438746342425992","46800.0","1620003600000.0","1620050400000.0"
"113df32d-ab61-4275-8702-ad9a11ebdcc6","TradeIQ220320Strategy","BTC-USDT","Bybit Perpetual","short","55318.69","56014.630000000005","0.1525136069837779","9.338915415873549","8436.852945517445","-115.47923506016429","-13.68747752341934","18000.0","1620090000000.0","1620108000000.0"
"9c58fd14-31c3-45f2-bd2b-b7c5b2d827e7","TradeIQ220320Strategy","BTC-USDT","Bybit Perpetual","short","54899.33","54802.840000000004","0.15157514145358933","9.145467064533639","8321.373710457281","5.480018334322887","0.6585473174262408","39600.0","1620140400000.0","1620180000000.0"
"7e724171-8157-44a1-8447-acfcb3b5be1a","TradeIQ220320Strategy","BTC-USDT","Bybit Perpetual","long","55700.0","55191.59999999999","0.14949468094778467","9.117737398984147","8326.853728791606","-85.12083319283919","-10.222448473967843","3600.0","1620212400000.0","1620216000000.0"
"8e765fba-c80a-46c8-b460-8e568a86c438","TradeIQ220320Strategy","BTC-USDT","Bybit Perpetual","long","56271.729999999996","57024.72","0.1464631155928344","9.12656307893428","8241.732895598767","101.15869833131485","12.273959810725655","39600.0","1620223200000.0","1620262800000.0"
"0cd66216-711c-4ede-b183-3b6756abdceb","TradeIQ220320Strategy","BTC-USDT","Bybit Perpetual","long","58062.53999999999","56794.28","0.14368802318896282","9.07695217856379","8342.89159393008","-191.31072446819704","-22.930985296199495","21600.0","1620298800000.0","1620320400000.0"
"e4287b3d-284f-4f90-a0a4-07d905847b18","TradeIQ220320Strategy","BTC-USDT","Bybit Perpetual","short","55859.8","56186.01","0.14592928849480094","8.99292093266801","8151.580869461882","-56.59651413255689","-6.943010814575044","3600.0","1620327600000.0","1620331200000.0"
"7b49146c-e36c-4f53-9bbb-934086917406","TradeIQ220320Strategy","BTC-USDT","Bybit Perpetual","short","55970.89","56336.51","0.14462847303891943","8.933566275134128","8094.984355329325","-61.812628587624225","-7.635916991850632","3600.0","1620334800000.0","1620338400000.0"
"75cab8b7-e25c-4aa2-b864-657477e01908","TradeIQ220320Strategy","BTC-USDT","Bybit Perpetual","short","55889.0","56164.24","0.14373439722918108","8.85824769993722","8033.171726741702","-48.419703193296726","-6.027470199860401","14400.0","1620356400000.0","1620370800000.0"
"51a6d198-21e7-4432-9e3e-382b797ab675","TradeIQ220320Strategy","BTC-USDT","Bybit Perpetual","long","56450.07","57435.42","0.1414480446799872","8.85988393285723","7984.752023548405","130.51594689256794","16.345648118771123","39600.0","1620385200000.0","1620424800000.0"
"73022c16-5194-4370-b188-40fbab15d469","TradeIQ220320Strategy","BTC-USDT","Bybit Perpetual","long","58172.21","57660.76","0.13950420605373207","8.887552583082671","8115.267970440973","-80.23697876926353","-9.887163191840177","43200.0","1620446400000.0","1620489600000.0"
"ed8179e8-2b5d-4344-b4ad-030ea1cb11ff","TradeIQ220320Strategy","BTC-USDT","Bybit Perpetual","long","59097.42","58213.17","0.13596246657928063","8.772410444748882","8035.030991671711","-128.99722151747778","-16.05435270270682","32400.0","1620504000000.0","1620536400000.0"
"f8000d7e-ec8f-49f1-87fe-f4b72d46c1dc","TradeIQ220320Strategy","BTC-USDT","Bybit Perpetual","short","56523.14","57284.0","0.13987251540084703","8.755170018306995","7906.033770154232","-115.17857208619554","-14.56843917376141","3600.0","1620565200000.0","1620568800000.0"
"c9169254-8a43-421d-a620-1e1dc9a15dd7","TradeIQ220320Strategy","BTC-USDT","Bybit Perpetual","long","58045.87","58465.01","0.13421894095252662","8.600881807675805","7790.855198068037","47.65564510316612","6.116869572288251","36000.0","1620597600000.0","1620633600000.0"
"e35bac83-4a94-492f-992f-fad5fe6ca7c1","TradeIQ220320Strategy","BTC-USDT","Bybit Perpetual","short","56879.14","58359.23","0.13780993951686335","8.734546039847057","7838.510843171202","-212.70565941936187","-27.135978207476484","3600.0","1620658800000.0","1620662400000.0"
"71a2bc95-5bba-4f54-8a12-d5fd2d47acc9","TradeIQ220320Strategy","BTC-USDT","Bybit Perpetual","short","56850.0","55401.39","0.1341390533641485","8.281512356375416","7625.805183751842","186.03366173746383","24.3952811873351","50400.0","1620673200000.0","1620723600000.0"
"a930772d-021d-4ae7-877d-8adc159be6a3","TradeIQ220320Strategy","BTC-USDT","Bybit Perpetual","long","57387.2","57080.01","0.13612510883070278","8.5700237803383","7811.838845489307","-50.38629596204122","-6.449991731605569","21600.0","1620781200000.0","1620802800000.0"
"77987d87-4333-4068-8a32-0b0665380535","TradeIQ220320Strategy","BTC-USDT","Bybit Perpetual","short","56116.47","56788.0","0.1383097074624841","8.588681319298747","7761.452549527266","-101.46779917158054","-13.073300200458062","10800.0","1620817200000.0","1620828000000.0"
"7d2937de-615b-465a-bffb-b5f1be6897bf","TradeIQ220320Strategy","BTC-USDT","Bybit Perpetual","short","56112.06","52944.27","0.13651227116515927","8.188140011280401","7659.984750355687","424.2540674629996","55.38575875667372","28800.0","1620831600000.0","1620860400000.0"
"86dd0fbe-73ed-406b-8d8e-d03026961009","TradeIQ220320Strategy","BTC-USDT","Bybit Perpetual","short","52944.27","50454.41","0.15269336639864306","8.683560891706826","8084.238817818686","371.5015443696176","45.953806257032035","21600.0","1620860400000.0","1620882000000.0"
"646be0eb-c515-432e-9af1-d9dbd996592f","TradeIQ220320Strategy","BTC-USDT","Bybit Perpetual","short","48685.42","50062.53999999999","0.17368116290643693","9.432863290091074","8455.740362188302","-248.6126663518027","-29.40164381862158","28800.0","1620925200000.0","1620954000000.0"
"921a981c-01b7-4d0f-9def-fe847eb1b7dc","TradeIQ220320Strategy","BTC-USDT","Bybit Perpetual","short","50188.78","50650.96","0.16352514836655718","9.069408394609779","8207.127695836498","-84.64746146666522","-10.313895994283987","21600.0","1621022400000.0","1621044000000.0"
"d424b3eb-0bfe-4f94-b18b-94d078984db2","TradeIQ220320Strategy","BTC-USDT","Bybit Perpetual","short","49675.11","49205.76","0.16351207343818328","8.8925188423893","8122.480234369833","67.85187282582177","8.35359038963373","32400.0","1621051200000.0","1621083600000.0"
"a15c34b8-86ae-46c4-950f-8c6b6929d7dd","TradeIQ220320Strategy","BTC-USDT","Bybit Perpetual","short","47923.37","48168.43","0.17090476123018172","9.032400374348107","8190.332107195654","-50.91432116141604","-6.216392753681506","36000.0","1621098000000.0","1621134000000.0"
"670a0c94-2a72-4999-b1ac-be48cb7a6fe3","TradeIQ220320Strategy","BTC-USDT","Bybit Perpetual","short","48338.8","45400.31","0.1683827026329623","8.681224576314698","8139.417786034238","486.1096632836195","59.722903537117276","14400.0","1621177200000.0","1621191600000.0"
"19d1226c-6850-426e-b908-b665ff4f0e9e","TradeIQ220320Strategy","BTC-USDT","Bybit Perpetual","short","45400.31","45577.77","0.1899882941177683","9.506623621720419","8625.527449317857","-43.22194629585941","-5.010933713888718","21600.0","1621191600000.0","1621213200000.0"
"2d2f7908-c3a3-4cab-8d8e-2e766a820032","TradeIQ220320Strategy","BTC-USDT","Bybit Perpetual","short","42990.79","45799.97","0.19963125830025447","9.748976129329748","8582.305503021997","-570.5491143212387","-66.47970223389709","28800.0","1621224000000.0","1621252800000.0"
"91ee108c-5d8a-4ff3-8420-afbddac89e7f","TradeIQ220320Strategy","BTC-USDT","Bybit Perpetual","short","42641.47","45117.45999999999","0.18788649614332614","9.068794824643085","8011.756388700757","-474.2738804105554","-59.1972418282013","28800.0","1621274400000.0","1621303200000.0"
"40f06f76-6642-481d-8a6f-038132c5a60a","TradeIQ220320Strategy","BTC-USDT","Bybit Perpetual","short","43717.95","40337.06","0.1724116183007255","7.970633165211016","7537.482508290202","574.9340830315288","76.27667227077207","46800.0","1621346400000.0","1621393200000.0"
"e5fd0cac-2753-4e1b-a460-98ad27098b10","TradeIQ220320Strategy","BTC-USDT","Bybit Perpetual","short","40337.06","40491.13","0.2011157132255482","8.940700494319067","8112.41659132173","-39.92659843097922","-4.921665200686409","21600.0","1621393200000.0","1621414800000.0"
"dc242bcb-c791-49bb-80eb-efa071483f9b","TradeIQ220320Strategy","BTC-USDT","Bybit Perpetual","short","38708.85","39638.229999999996","0.20854378243969404","8.986338023467917","8072.489992890751","-202.8027585472702","-25.122701759416703","18000.0","1621425600000.0","1621443600000.0"
"1e3ceef5-eb50-4bbd-bf7a-916d295cfa34","TradeIQ220320Strategy","BTC-USDT","Bybit Perpetual","short","39924.45","40538.34","0.1971144808342627","8.723209592529468","7869.687234343479","-129.72981823187487","-16.484748932045388","7200.0","1621573200000.0","1621580400000.0"
"ca7caad6-623c-48f6-b2f8-3c01a070a7be","TradeIQ220320Strategy","BTC-USDT","Bybit Perpetual","short","39822.0","40833.27","0.19436385455556235","8.622058042080788","7739.957416111604","-205.1763932384837","-26.508723783335764","7200.0","1621584000000.0","1621591200000.0"
"96accaa6-4755-4e31-8880-6da9f98a5a29","TradeIQ220320Strategy","BTC-USDT","Bybit Perpetual","short","37802.26","37586.83","0.19932091422240678","8.264642287657418","7534.78102287312","34.675062263275734","4.601999999470939","39600.0","1621609200000.0","1621648800000.0"
"d24a61d6-a7fe-46bc-8c95-ee65ab17ed2c","TradeIQ220320Strategy","BTC-USDT","Bybit Perpetual","short","37443.09","34348.88","0.2021589587060362","7.982364444260245","7569.456085136397","617.5399071735438","81.58312832888524","21600.0","1621738800000.0","1621760400000.0"
"8eee4ff5-d507-4241-884f-a5c702bbee08","TradeIQ220320Strategy","BTC-USDT","Bybit Perpetual","short","34348.88","33593.15","0.23834826615336338","8.906625777191891","8186.9959923099395","171.22030940288843","20.913691610905392","43200.0","1621760400000.0","1621803600000.0"
"9aec8885-208d-4175-bf14-5254dba6bbe3","TradeIQ220320Strategy","BTC-USDT","Bybit Perpetual","short","37135.02","38269.99","0.22507639154934692","9.33453815554833","8358.216301712828","-264.7894902723109","-31.680143312161984","18000.0","1621940400000.0","1621958400000.0"
"a554c936-53d0-412f-a7e2-524249cd7507","TradeIQ220320Strategy","BTC-USDT","Bybit Perpetual","short","37293.26","37943.6","0.21702116713423594","8.980395142793313","8093.426811440517","-150.11794097687158","-18.548131029574687","7200.0","1621972800000.0","1621980000000.0"
"2b74ec21-3ac7-4d2a-8a2a-532389dfe1d1","TradeIQ220320Strategy","BTC-USDT","Bybit Perpetual","long","40546.99","38883.27","0.19590378645772832","8.558378781327011","7943.308870463646","-334.487426386779","-42.109331494150396","25200.0","1622012400000.0","1622037600000.0"
"45c571ab-d098-41ed-bd7c-8c51ba9afd9a","TradeIQ220320Strategy","BTC-USDT","Bybit Perpetual","short","38883.27","39151.71","0.19568368205855288","8.398594718671044","7608.821444076867","-60.927922330469436","-8.007537406190435","3600.0","1622037600000.0","1622041200000.0"
"1f6251ea-dfd7-4914-b1ca-ba04410c6883","TradeIQ220320Strategy","BTC-USDT","Bybit Perpetual","short","38779.56","38982.05","0.19463587316994824","8.324359373798039","7547.893521746398","-47.73617733198188","-6.324437035902554","7200.0","1622044800000.0","1622052000000.0"
"d0d2bd89-46a7-4022-9028-7085662787c6","TradeIQ220320Strategy","BTC-USDT","Bybit Perpetual","short","38629.07","39021.59","0.19415837203469863","8.29208915316094","7500.157344414416","-84.50313334422023","-11.266848075814323","10800.0","1622055600000.0","1622066400000.0"
"4a902ec3-31b3-4d6c-8fa5-000cbc4910e2","TradeIQ220320Strategy","BTC-USDT","Bybit Perpetual","short","37627.69","38822.79","0.19707970941267444","8.286761110572714","7415.654211070197","-243.81672182965966","-32.87865303450726","25200.0","1622080800000.0","1622106000000.0"
"4ffead02-f2e7-4f49-8582-7ec853c4f2d2","TradeIQ220320Strategy","BTC-USDT","Bybit Perpetual","long","39677.21","39324.95","0.18075458151519566","7.854001303278092","7171.837489240536","-71.52661018782129","-9.973261426395709","3600.0","1622116800000.0","1622120400000.0"
"0c5b2314-db91-432d-ad68-facf3836826f","TradeIQ220320Strategy","BTC-USDT","Bybit Perpetual","long","39875.28","38868.96","0.17806297232402418","7.711788385287975","7100.310879052715","-186.90011869439994","-26.32280781476643","10800.0","1622124000000.0","1622134800000.0"
"26510ae5-f835-4e0c-a971-403019018568","TradeIQ220320Strategy","BTC-USDT","Bybit Perpetual","short","38774.19","38972.79","0.17829929549420154","7.624227468440978","6913.410760358314","-43.034467553589145","-6.22478094319955","7200.0","1622145600000.0","1622152800000.0"
"eeb70cc3-780a-4433-a36c-009e5b02188a","TradeIQ220320Strategy","BTC-USDT","Bybit Perpetual","short","38500.02","35953.11","0.17845123957869963","7.307439336457739","6870.376292804726","447.1918072589275","65.08985653773678","36000.0","1622156400000.0","1622192400000.0"
"f08cab46-cf03-44b4-89fc-b18329262ede","TradeIQ220320Strategy","BTC-USDT","Bybit Perpetual","short","35953.11","36567.21","0.20353087952790883","8.118068482284968","7317.568100063654","-133.10638160037348","-18.18997510924642","14400.0","1622192400000.0","1622206800000.0"
"6db5152e-188c-4d2c-8061-30ae66325331","TradeIQ220320Strategy","BTC-USDT","Bybit Perpetual","short","35232.23","36470.03","0.20391731430179924","8.041732758713131","7184.461718463281","-260.4505844014794","-36.25192736877557","25200.0","1622235600000.0","1622260800000.0"
"0e880d64-9086-4ec1-b232-186c3f5f66ae","TradeIQ220320Strategy","BTC-USDT","Bybit Perpetual","short","35392.63","34611.94","0.1956342643669544","7.532410904851232","6924.011134061801","145.19730294378544","20.97011401808781","50400.0","1622282400000.0","1622332800000.0"
"8f90bc30-9b7b-484d-abdb-2cd4f42ec960","TradeIQ220320Strategy","BTC-USDT","Bybit Perpetual","short","33865.8","34769.06","0.2087418114146303","7.8798307514242545","7069.208437005587","-196.42795932980215","-27.786414996840314","14400.0","1622336400000.0","1622350800000.0"
"882e3465-e22b-471b-8693-f4f31875f18c","TradeIQ220320Strategy","BTC-USDT","Bybit Perpetual","short","35327.46","35853.59","0.19454499354541155","7.6163543020430895","6872.780477675785","-109.97231175608997","-16.00113842036754","25200.0","1622422800000.0","1622448000000.0"
"52fd3024-bfa8-4ae4-baf7-d5ae5f1a0cf3","TradeIQ220320Strategy","BTC-USDT","Bybit Perpetual","long","37243.38","37196.69","0.1815841678687513","7.43442599187288","6762.808165919695","-15.91259078966398","-2.352956109246665","7200.0","1622505600000.0","1622512800000.0"
"c8216f97-f5d7-4a41-9c4b-36dc929d30b4","TradeIQ220320Strategy","BTC-USDT","Bybit Perpetual","short","36184.73","36573.31","0.18645698268662034","7.461434532525837","6746.895575130032","-79.91488886489174","-11.844690343136303","10800.0","1622538000000.0","1622548800000.0"
"d804f72a-60d0-470c-ba77-db8cb6151bef","TradeIQ220320Strategy","BTC-USDT","Bybit Perpetual","short","36152.98","37040.38","0.18441026676819283","7.423683873793207","6666.98068626514","-171.06935460388647","-25.659194567086708","3600.0","1622552400000.0","1622556000000.0"
"f44ec320-97e6-43ff-8ae7-6a71781cd4db","TradeIQ220320Strategy","BTC-USDT","Bybit Perpetual","long","37218.19","37518.32","0.17453592804113402","7.174313372273021","6495.911331661254","45.20915471071208","6.959632359875571","54000.0","1622620800000.0","1622674800000.0"
"d635800f-5f22-44d0-910c-5e884fcb0988","TradeIQ220320Strategy","BTC-USDT","Bybit Perpetual","long","37964.43","38612.05","0.17229602779159245","7.256602829444279","6541.120486371966","104.32575068894728","15.949217096108189","54000.0","1622696400000.0","1622750400000.0"
"b62ef903-6cc5-4a4e-b7a5-9c1f55d1c963","TradeIQ220320Strategy","BTC-USDT","Bybit Perpetual","short","36757.0","36944.23","0.18079403207718023","7.328608397411202","6645.4462370609135","-41.17867502322223","-6.196525192480432","36000.0","1622786400000.0","1622822400000.0"
"706e22b6-38c6-43da-aa8d-d76357dee46a","TradeIQ220320Strategy","BTC-USDT","Bybit Perpetual","long","37692.81","36312.98","0.17521292686954595","7.131724089156137","6604.26756203769","-248.89577697156076","-37.68711286051622","32400.0","1622854800000.0","1622887200000.0"
"671cc905-80fb-42cc-aca9-02b000c92eb4","TradeIQ220320Strategy","BTC-USDT","Bybit Perpetual","short","36312.98","36232.02","0.1750165308676437","6.983115827486268","6355.37178506613","7.186222511559288","1.1307320412702675","72000.0","1622887200000.0","1622959200000.0"
"66985fdb-a053-4d0d-92d1-23b1d4037488","TradeIQ220320Strategy","BTC-USDT","Bybit Perpetual","short","35550.01","36290.43","0.17897485844807606","7.071697918916127","6362.558007577689","-139.5882626110403","-21.93901610716842","7200.0","1623020400000.0","1623027600000.0"
"098902b4-0d6c-4e46-8a32-6e6616028911","TradeIQ220320Strategy","BTC-USDT","Bybit Perpetual","short","35740.88","33550.96","0.17411350098169515","6.635554668524905","6222.969744966648","374.65908340130864","60.20583399177632","21600.0","1623088800000.0","1623110400000.0"
"6c9aa030-0814-41da-8632-2985f7cd9604","TradeIQ220320Strategy","BTC-USDT","Bybit Perpetual","short","33550.96","32891.34","0.19664500891682257","7.18605067177481","6597.628828367957","122.52493010994021","18.571055343871016","32400.0","1623110400000.0","1623142800000.0"
"687ccf88-9fda-4957-97e9-ccd88606a3db","TradeIQ220320Strategy","BTC-USDT","Bybit Perpetual","short","31769.1","32838.29","0.21153113429331952","7.516560969736979","6720.153758477897","-233.68353444481178","-34.77353983902604","18000.0","1623164400000.0","1623182400000.0"
"74ef15c8-ef6d-4091-bc2e-fbdd3c1ddc42","TradeIQ220320Strategy","BTC-USDT","Bybit Perpetual","long","36339.26","37100.0","0.1784975870183676","7.209801886327988","6486.470224033085","128.5804524620246","19.822869453037786","39600.0","1623254400000.0","1623294000000.0"
"8dafccd4-8f24-4ed7-8ea0-0472003ef836","TradeIQ220320Strategy","BTC-USDT","Bybit Perpetual","long","37404.26","36436.01","0.17685286853676851","7.182374959666221","6615.05067649511","-178.42016492039232","-26.97185156182745","28800.0","1623319200000.0","1623348000000.0"
"16278367-8925-4568-8a8d-a5b99fd8c931","TradeIQ220320Strategy","BTC-USDT","Bybit Perpetual","long","37036.85","36805.77","0.17378990145151968","7.058205908997109","6436.630511574716","-47.21757633641458","-7.335759952587809","21600.0","1623405600000.0","1623427200000.0"
"b13f6f0a-9558-4302-a6ac-7afaea7e306c","TradeIQ220320Strategy","BTC-USDT","Bybit Perpetual","long","37153.17","36872.37","0.17197490645450447","7.001794424209299","6389.4129352383015","-55.29234815663341","-8.653744673738355","10800.0","1623438000000.0","1623448800000.0"
"e960e329-dcf5-4516-8c41-407d5b2c4434","TradeIQ220320Strategy","BTC-USDT","Bybit Perpetual","long","37320.62","36227.79","0.16972174061099918","6.865520290404281","6334.120587081668","-192.3425300823228","-30.366098566958478","10800.0","1623452400000.0","1623463200000.0"
"868682cb-8826-4318-b79a-7b1cbb1c0d78","TradeIQ220320Strategy","BTC-USDT","Bybit Perpetual","short","35537.54","36010.0","0.17282507615888287","6.800864977214395","6141.7780569993465","-88.45380045924006","-14.4019858155629","36000.0","1623466800000.0","1623502800000.0"
"b6288be7-52e5-4b11-a7e4-f49c9d9d3f88","TradeIQ220320Strategy","BTC-USDT","Bybit Perpetual","short","34864.96","35807.8","0.1736220049166873","6.748690456307725","6053.324256540106","-170.44646157195783","-28.157497326829105","21600.0","1623556800000.0","1623578400000.0"
"0f056d02-baf2-424b-b57c-5c97f4cbf042","TradeIQ220320Strategy","BTC-USDT","Bybit Perpetual","long","36007.59","37610.33","0.16337882637988682","6.615185153570619","5882.877794968148","255.23859503853004","43.386689972864204","14400.0","1623600000000.0","1623614400000.0"
"b7eab05f-0f50-420e-be10-945e38c5288c","TradeIQ220320Strategy","BTC-USDT","Bybit Perpetual","long","37610.33","39384.11","0.16320293892679694","6.911145388962613","6138.116390006679","282.5749636206111","46.03610385763696","36000.0","1623614400000.0","1623650400000.0"
"56486eae-d121-4ca2-9f3c-ace7458d9a9f","TradeIQ220320Strategy","BTC-USDT","Bybit Perpetual","long","39384.11","39004.43","0.16302745837413335","7.028716443022498","6420.691353627289","-68.9269818385135","-10.735133966465165","10800.0","1623650400000.0","1623661200000.0"
"62fb549f-9e54-4c9e-825b-5153650e7937","TradeIQ220320Strategy","BTC-USDT","Bybit Perpetual","long","40520.34","39786.78","0.15675496236677128","6.923696765361083","6351.764371788777","-121.91286695912946","-19.193543686948274","68400.0","1623679200000.0","1623747600000.0"
"4d6276be-890d-4ff5-b2b3-f76eef928122","TradeIQ220320Strategy","BTC-USDT","Bybit Perpetual","long","40682.89","39950.0","0.15313198017224555","6.791110761990971","6229.851504829647","-119.02000771042793","-19.104790478257556","7200.0","1623780000000.0","1623787200000.0"
"cc7e540c-6667-4ab6-bd22-6560d0d023d5","TradeIQ220320Strategy","BTC-USDT","Bybit Perpetual","long","39229.26","38792.83","0.15577228571528542","6.684523612571043","6110.8314971192185","-74.6682222672931","-12.218995451354429","21600.0","1623913200000.0","1623934800000.0"
"27f0d1a9-496e-4dc0-853a-3a21f1b8801e","TradeIQ220320Strategy","BTC-USDT","Bybit Perpetual","short","37691.87","37890.36","0.16014496693456506","6.657262548304881","6036.163274851925","-38.44443703514637","-6.369018743299229","39600.0","1623952800000.0","1623992400000.0"
"3842ad99-b297-44ca-a493-05fbfb6d6e18","TradeIQ220320Strategy","BTC-USDT","Bybit Perpetual","short","37813.38","36225.01","0.15861366632173","6.45892526755196","5997.7188378167775","245.47826390789356","40.92860478222247","25200.0","1624014000000.0","1624039200000.0"
"440975ad-ebfd-44cf-b746-d2fed291ca2e","TradeIQ220320Strategy","BTC-USDT","Bybit Perpetual","short","36225.01","36088.97","0.17234493797861397","6.854621618947703","6243.1971017246715","16.59118374366309","2.6574819717096245","28800.0","1624039200000.0","1624068000000.0"
"211d519a-3519-4cf0-b787-1a51a55dbd25","TradeIQ220320Strategy","BTC-USDT","Bybit Perpetual","short","35080.9","35731.02","0.1784386456866367","6.949570706798754","6259.788285468334","-122.95610304059417","-19.642214310351083","32400.0","1624075200000.0","1624107600000.0"
"f13a4901-4356-46a4-8228-30f12b1e38cc","TradeIQ220320Strategy","BTC-USDT","Bybit Perpetual","short","35320.6","35476.45","0.173746544011929","6.765408520056855","6136.832182427739","-33.84380740431574","-5.514866041346935","39600.0","1624179600000.0","1624219200000.0"
"b00dd8a5-c439-4b72-8132-579c3e8bc329","TradeIQ220320Strategy","BTC-USDT","Bybit Perpetual","short","34246.52","31507.44","0.17820754853408244","6.444818609904463","6102.988375023424","481.6799134288297","78.92525494561194","61200.0","1624251600000.0","1624312800000.0"
"98d0fb2b-7a90-4662-9097-edc7464f99c8","TradeIQ220320Strategy","BTC-USDT","Bybit Perpetual","short","31507.44","32603.78","0.20898772761139126","7.3691520002066895","6584.668288452253","-236.4907572896794","-35.91536383152678","14400.0","1624312800000.0","1624327200000.0"
"a2380a49-f931-41d6-a25f-572317a82dda","TradeIQ220320Strategy","BTC-USDT","Bybit Perpetual","short","31719.950000000004","31635.72","0.20013201569241357","6.973723868453858","6348.177531162574","9.883395813318776","1.5568871167830713","25200.0","1624352400000.0","1624377600000.0"
"3f90b0d5-3f3d-4cde-a4ea-c5ef9bef26cd","TradeIQ220320Strategy","BTC-USDT","Bybit Perpetual","short","33277.78","33447.54","0.19106024881996012","7.011705932985304","6358.0609269758925","-39.446093772662124","-6.204107545635617","14400.0","1624474800000.0","1624489200000.0"
"95efee2d-4148-4b55-aa2f-813b9ec42e95","TradeIQ220320Strategy","BTC-USDT","Bybit Perpetual","short","32646.54","33354.42","0.19354623286888076","7.0258304455513265","6318.614833203231","-144.03333776877412","-22.79508113264062","25200.0","1624500000000.0","1624525200000.0"
"d057e9f5-33e5-4767-9cef-37efae882b7f","TradeIQ220320Strategy","BTC-USDT","Bybit Perpetual","long","34966.36","34644.64","0.17658633885352826","6.760793398663126","6174.581495434456","-63.57215033462044","-10.29578286101273","21600.0","1624557600000.0","1624579200000.0"
"46847d1b-dfb8-46ec-8086-abc901785ff7","TradeIQ220320Strategy","BTC-USDT","Bybit Perpetual","long","35137.83","34456.53","0.17391538820410468","6.6569415749189185","6111.009345099836","-125.14549555837594","-20.478694842567197","10800.0","1624590000000.0","1624600800000.0"
"4738d890-4f8a-466e-880f-0f672f379b63","TradeIQ220320Strategy","BTC-USDT","Bybit Perpetual","short","34262.69","31936.14","0.17470501731012536","6.3608972575830265","5985.86384954146","400.09906076528966","66.8406550536459","32400.0","1624608000000.0","1624640400000.0"
"0c8405e8-03ac-441c-8f45-f4a4e0319442","TradeIQ220320Strategy","BTC-USDT","Bybit Perpetual","short","31936.14","31980.710000000003","0.1999603868941816","7.029460930281555","6385.962910306749","-15.941695374155898","-2.4963651681137216","28800.0","1624640400000.0","1624669200000.0"
"57e8e3dd-39f5-4f92-8910-db955c98cee9","TradeIQ220320Strategy","BTC-USDT","Bybit Perpetual","short","30700.0","31572.63","0.20749254771767406","7.1066086584790344","6370.0212149325935","-188.1708305733532","-29.540063403908835","39600.0","1624694400000.0","1624734000000.0"
"f50a9568-36c1-45c8-8931-d1750cfbf032","TradeIQ220320Strategy","BTC-USDT","Bybit Perpetual","long","34392.99","34412.01","0.17974158060579323","6.801915699469882","6181.85038435924","-3.3832308363469625","-0.5472844902404801","50400.0","1624834800000.0","1624885200000.0"
"f01d6fe3-355b-4cea-ad12-be4d1bae635d","TradeIQ220320Strategy","BTC-USDT","Bybit Perpetual","long","34901.0","36375.62","0.17702837034821048","6.939891135390766","6178.467153522894","254.1096843474878","41.12827308673111","68400.0","1624928400000.0","1624996800000.0"
"7bb02eb4-1b5d-435f-a8b5-44c9455367f0","TradeIQ220320Strategy","BTC-USDT","Bybit Perpetual","long","36375.62","36226.33","0.17683758621489837","7.061314475872107","6432.5768378703815","-33.461397721894436","-5.201865219067081","7200.0","1624996800000.0","1625004000000.0"
"2f980959-f115-4cdf-aa3d-191547409c43","TradeIQ220320Strategy","BTC-USDT","Bybit Perpetual","short","34191.68","34695.03","0.18715416850381397","7.090839212057352","6399.115440148486","-101.29488992845184","-15.829514387710649","7200.0","1625068800000.0","1625076000000.0"
"e353a3aa-f259-4735-a239-87d9bafa2dbd","TradeIQ220320Strategy","BTC-USDT","Bybit Perpetual","long","35031.39","34718.44","0.1797764961715774","6.896659025279746","6297.820550220034","-63.15771350217437","-10.028503193849776","3600.0","1625097600000.0","1625101200000.0"
"09fe60cb-bc30-4df6-a37f-8101a85d24b9","TradeIQ220320Strategy","BTC-USDT","Bybit Perpetual","short","34286.16","33310.64","0.18184196879200995","6.760564357821856","6234.662836717861","170.62991303816042","27.367945550041295","57600.0","1625108400000.0","1625166000000.0"
"b6d2c8ec-c4e4-4551-ad34-3e9dd6d944ba","TradeIQ220320Strategy","BTC-USDT","Bybit Perpetual","short","33072.19","33529.77","0.1936760991563008","7.09456429493019","6405.29274975602","-95.71687374686924","-14.943403445613807","10800.0","1625169600000.0","1625180400000.0"
"c9237f40-1840-4add-98a4-ed8f68cea97d","TradeIQ220320Strategy","BTC-USDT","Bybit Perpetual","short","32896.63","33451.7","0.19180006815315587","6.999087818716442","6309.575876009151","-113.46155164848862","-17.982437152377003","36000.0","1625198400000.0","1625234400000.0"
"e5c46980-8b2c-446c-82c8-d4393a75eeeb","TradeIQ220320Strategy","BTC-USDT","Bybit Perpetual","long","34477.46","34533.19","0.1797149304026649","6.821234288985967","6196.114324360663","3.1942787823551226","0.51552934873982","50400.0","1625299200000.0","1625349600000.0"
"4d535e6c-d617-4b2a-9366-03d06783b1ea","TradeIQ220320Strategy","BTC-USDT","Bybit Perpetual","long","34753.83","35553.72","0.1783777098277519","6.897714863930087","6199.308603143018","135.78483145019027","21.903221817566564","54000.0","1625374800000.0","1625428800000.0"
"5145b49b-7e8d-4b2b-bc67-6a8a9c40c998","TradeIQ220320Strategy","BTC-USDT","Bybit Perpetual","long","35553.72","35357.23","0.17818370158152816","6.949346554514466","6335.093434593209","-41.96066207826857","-6.6235269473911025","10800.0","1625428800000.0","1625439600000.0"
"92f37e73-de69-4b1a-bdc7-1376598d2835","TradeIQ220320Strategy","BTC-USDT","Bybit Perpetual","short","34198.53","34337.84","0.1840176397206237","6.936545573330649","6293.132772514941","-32.57204296281031","-5.175807366573875","3600.0","1625461200000.0","1625464800000.0"
"a58b3eb9-d184-4c82-a8a5-cfa32522bf21","TradeIQ220320Strategy","BTC-USDT","Bybit Perpetual","short","34289.81","34445.55","0.18257787749632126","6.902255875760048","6260.560729552131","-35.336934517038074","-5.644372132712466","14400.0","1625468400000.0","1625482800000.0"
"588c01a1-d75b-4f67-b9a1-dbba092313b8","TradeIQ220320Strategy","BTC-USDT","Bybit Perpetual","short","33363.31","33959.89","0.18658891444029665","6.908969542555839","6225.223795035094","-118.22418411934834","-18.991154055158248","25200.0","1625486400000.0","1625511600000.0"
"c51a9e33-9f47-4f85-a44e-9179c940c3ba","TradeIQ220320Strategy","BTC-USDT","Bybit Perpetual","long","34623.48","34184.12","0.176383183057155","6.6750769285879255","6106.9996109157455","-84.17079223657966","-13.782675225020727","18000.0","1625547600000.0","1625565600000.0"
"f4a3f49e-c041-444a-9933-35ce930fdb05","TradeIQ220320Strategy","BTC-USDT","Bybit Perpetual","short","33890.05","34351.33","0.17771672861737192","6.670199145464225","6022.828818679166","-88.64737172208534","-14.71856072800125","7200.0","1625569200000.0","1625576400000.0"
"4b04db90-8b9c-4a78-984e-9ef911847cbe","TradeIQ220320Strategy","BTC-USDT","Bybit Perpetual","short","34120.21","34206.01","0.17391983950148845","6.535806868878865","5934.181446957081","-21.45812909810708","-3.616021736091393","32400.0","1625583600000.0","1625616000000.0"
"6f08c227-4ec8-4b4d-a947-854e1f9bf20d","TradeIQ220320Strategy","BTC-USDT","Bybit Perpetual","long","34434.87","34534.9","0.17170743835707736","6.513442391927243","5912.723317858973","10.662452666931006","1.8033065465325941","43200.0","1625630400000.0","1625673600000.0"
"73142c4d-8e96-4481-b275-2639c3b41879","TradeIQ220320Strategy","BTC-USDT","Bybit Perpetual","short","34225.06","32839.16","0.17307159638364122","6.383801388593046","5923.385770525903","233.47612403949432","39.41599164471864","28800.0","1625695200000.0","1625724000000.0"
"e9f14986-8535-43cd-8a24-a77017afffd4","TradeIQ220320Strategy","BTC-USDT","Bybit Perpetual","short","32839.16","32583.38","0.18748536486820602","6.746172830377643","6156.861894565397","41.208833795612556","6.693155458300469","25200.0","1625724000000.0","1625749200000.0"
"8811b4b1-7e54-4f5d-a663-fd991b96215c","TradeIQ220320Strategy","BTC-USDT","Bybit Perpetual","short","32374.97","33004.13","0.1914463775058636","6.884125522776484","6198.070728361009","-127.33452839436491","-20.544219963755832","14400.0","1625792400000.0","1625806800000.0"
"ae2d398e-06a0-4011-974f-5e58e636f781","TradeIQ220320Strategy","BTC-USDT","Bybit Perpetual","long","33864.01","33805.01","0.17926808431625918","6.671992570627246","6070.736199966645","-17.248809545286537","-2.8413044113795145","7200.0","1625868000000.0","1625875200000.0"
"05a934b1-03db-4b28-8154-dcbdef5e1911","TradeIQ220320Strategy","BTC-USDT","Bybit Perpetual","long","34018.89","33756.38","0.17794488269374334","6.63314435832773","6053.487390421358","-53.34545551426265","-8.812350976178296","3600.0","1625878800000.0","1625882400000.0"
"c312afb9-ff25-4b88-b5b0-3c674e08ea50","TradeIQ220320Strategy","BTC-USDT","Bybit Perpetual","long","34014.28","33388.26","0.17640067450809177","6.53941943575725","6000.141934907096","-116.9697696913123","-19.494500456866845","3600.0","1625936400000.0","1625940000000.0"
"3a9ed704-25cb-4e3e-9f6f-6c093082a4a3","TradeIQ220320Strategy","BTC-USDT","Bybit Perpetual","short","33388.26","33629.74","0.17620481466287202","6.494891847991997","5883.172165215784","-49.044830492781614","-8.336460180913766","18000.0","1625940000000.0","1625958000000.0"
"a26b9a01-aaaa-4a8a-a90f-447fd58725e2","TradeIQ220320Strategy","BTC-USDT","Bybit Perpetual","short","33520.19","33569.92","0.17404815828081527","6.42230054639652","5834.127334723002","-15.077715457700755","-2.5843994470197194","10800.0","1625972400000.0","1625983200000.0"
"240fd03d-c532-43bf-8ef7-3af1b181ba57","TradeIQ220320Strategy","BTC-USDT","Bybit Perpetual","short","33501.53","33672.66","0.17369504077172893","6.417303018971827","5819.0496192653","-36.141735346238605","-6.2109343812060125","3600.0","1625990400000.0","1625994000000.0"
"d88708b8-2050-49be-8cb2-6e65c21a1510","TradeIQ220320Strategy","BTC-USDT","Bybit Perpetual","long","33792.04","33728.69","0.171132251379883","6.355235996842264","5782.9078839190615","-17.196464121757604","-2.9736707668432727","3600.0","1626004800000.0","1626008400000.0"
"5931f134-fbc2-4414-9a40-3930973d9343","TradeIQ220320Strategy","BTC-USDT","Bybit Perpetual","long","33899.63","34321.89","0.17008183923533396","6.3817828783665655","5765.711419797303","65.4369745571459","11.349332249349096","57600.0","1626012000000.0","1626069600000.0"
"a58d8829-2d64-4628-aba1-49418c4313ff","TradeIQ220320Strategy","BTC-USDT","Bybit Perpetual","short","33764.63","32828.59","0.172699905029448","6.325353523282825","5831.14839435445","155.32866558048184","26.637748703302865","32400.0","1626087600000.0","1626120000000.0"
"e2f38fa1-ebf5-4c35-94ab-ce1617b1bc07","TradeIQ220320Strategy","BTC-USDT","Bybit Perpetual","short","32828.59","33070.87","0.1823555949230513","6.609424378374303","5986.477059934932","-50.79053791633228","-8.484211566808264","14400.0","1626120000000.0","1626134400000.0"
"186afe6a-cba2-4748-94b3-a75d6e80cba1","TradeIQ220320Strategy","BTC-USDT","Bybit Perpetual","short","32344.43","32312.96","0.18351495209588173","6.526078805672109","5935.6865220186","-0.7508632632144971","-0.12649981774292632","75600.0","1626181200000.0","1626256800000.0"
"26a29cbf-1b0b-4eb7-a803-e1faa5dd97ad","TradeIQ220320Strategy","BTC-USDT","Bybit Perpetual","short","32619.719999999998","31591.22","0.18194318218413236","6.425508515048916","5934.935658755386","180.70305436133057","30.447348505750398","46800.0","1626321600000.0","1626368400000.0"
"a88f37b7-1a55-40df-bf2b-7331933542da","TradeIQ220320Strategy","BTC-USDT","Bybit Perpetual","short","31591.219999999998","31513.98","0.1935866583537045","6.718978636008207","6115.638713116717","8.233654855231535","1.3463278721112375","10800.0","1626368400000.0","1626379200000.0"
"c13ca20a-7665-4b52-aa25-49b9f4614f18","TradeIQ220320Strategy","BTC-USDT","Bybit Perpetual","short","31601.259999999995","31754.45","0.19378570246793797","6.752586922237729","6123.872367971949","-36.4386186833023","-5.950257695421195","25200.0","1626418800000.0","1626444000000.0"
"59b09756-9fb8-41ac-8e9b-21adf52b5d93","TradeIQ220320Strategy","BTC-USDT","Bybit Perpetual","short","31382.95","31684.88","0.19397264276585366","6.728388512234174","6087.433749288647","-65.29454854252842","-10.726120600517168","32400.0","1626480000000.0","1626512400000.0"
"fa7c7de3-3e52-47c6-8e17-cd1385674814","TradeIQ220320Strategy","BTC-USDT","Bybit Perpetual","short","31705.0","31790.720000000005","0.18994288600366246","6.633308168124259","6022.139200746118","-22.915212356359117","-3.805161520265094","50400.0","1626595200000.0","1626645600000.0"
"7cf440c1-91d9-434b-b275-4e947593b08f","TradeIQ220320Strategy","BTC-USDT","Bybit Perpetual","short","31376.13","30823.62","0.19120343995227454","6.541043390294319","5999.22398838976","99.10076921773728","16.518931350042276","50400.0","1626688800000.0","1626739200000.0"
"12355ac1-57ac-4328-85a8-1b3885bbd8f9","TradeIQ220320Strategy","BTC-USDT","Bybit Perpetual","short","30173.76","29823.33","0.2021068888202033","6.669203858991152","6098.324757607497","64.15511319027202","10.520120810266825","64800.0","1626750000000.0","1626814800000.0"
"0272b8f7-d236-43b5-9d0d-db3241b705b8","TradeIQ220320Strategy","BTC-USDT","Bybit Perpetual","long","31500.0","31431.38","0.1956342816126276","6.771344424455204","6162.47987079777","-20.19576882871351","-3.277214571428539","3600.0","1626868800000.0","1626872400000.0"
"618f7abb-a834-4cd0-ae5a-71e8b03ea37e","TradeIQ220320Strategy","BTC-USDT","Bybit Perpetual","long","31480.01","31618.46","0.19511696794153038","6.77137018148229","6142.284101969056","20.242574030022734","3.295610182461846","21600.0","1626876000000.0","1626897600000.0"
"1c6a716a-a766-4851-b40e-05a8d93646a4","TradeIQ220320Strategy","BTC-USDT","Bybit Perpetual","long","32065.15","32478.19","0.19218767652729143","6.822439002451045","6162.526675999079","72.55875891038087","11.774189829144637","64800.0","1626962400000.0","1627027200000.0"
"ee58b525-271e-450c-ab18-f89cbce90633","TradeIQ220320Strategy","BTC-USDT","Bybit Perpetual","long","32458.4","33634.46","0.19209466378224005","6.982847146058664","6235.085434909461","218.93200314168212","35.112911511349836","10800.0","1627074000000.0","1627084800000.0"
"b245d1ab-c44c-4d79-9ed6-d40c93ee62b8","TradeIQ220320Strategy","BTC-USDT","Bybit Perpetual","long","33634.46","33828.9","0.19188705387424512","7.1199399671716765","6454.017438051143","30.190578788136996","4.6777962839303004","54000.0","1627084800000.0","1627138800000.0"
"daf1b900-165c-437e-b0b9-d879a3eeba77","TradeIQ220320Strategy","BTC-USDT","Bybit Perpetual","long","34402.06","33828.05","0.188483132022887","7.073123657086357","6484.2080168392795","-115.26432626954274","-17.77616109325996","10800.0","1627146000000.0","1627156800000.0"
"d5fc35c9-21fa-4807-be81-5893d70ac4a6","TradeIQ220320Strategy","BTC-USDT","Bybit Perpetual","long","33987.9","34267.0","0.18738856153424413","7.034603140765025","6368.943690569737","45.26554438344223","7.107229484610656","43200.0","1627174800000.0","1627218000000.0"
"7a4fa02e-d721-4fe3-8ade-7f209c7062fb","TradeIQ220320Strategy","BTC-USDT","Bybit Perpetual","long","34312.9","35370.66","0.18693288048964612","7.164381726465198","6414.209234953179","190.56574194026328","29.709935388731413","14400.0","1627243200000.0","1627257600000.0"
"e1a8e999-02c7-4d83-9950-78dd045e331a","TradeIQ220320Strategy","BTC-USDT","Bybit Perpetual","long","35370.66","36736.4","0.18673032894759217","7.405516268284073","6604.774976893441","247.6195631886001","37.49099160151374","3600.0","1627257600000.0","1627261200000.0"
"8d37be18-a299-437c-bf48-5163db7fd500","TradeIQ220320Strategy","BTC-USDT","Bybit Perpetual","long","36736.4","38157.02","0.18652874370058145","7.683376549222","6852.39454008204","257.30308732669715","37.54936844655425","25200.0","1627261200000.0","1627286400000.0"
"4cee83e8-55bd-4693-9b94-74c8759ec4e2","TradeIQ220320Strategy","BTC-USDT","Bybit Perpetual","long","38030.0","39523.03","0.18694971410488398","7.9741842325571195","7109.697627408737","271.14734741745764","38.13767640021034","68400.0","1627387200000.0","1627455600000.0"
"6a3dc518-6c05-414a-bd91-df32bc749a98","TradeIQ220320Strategy","BTC-USDT","Bybit Perpetual","long","40161.08","39516.34","0.18378103813010493","8.053759429720612","7380.844974826195","-126.54474595372544","-17.145021523325703","14400.0","1627470000000.0","1627484400000.0"
"7d6688e5-97b8-43a4-9ba4-e8bd3dae11dc","TradeIQ220320Strategy","BTC-USDT","Bybit Perpetual","long","40375.3","39388.44","0.17967173566196334","7.882209284779266","7254.300228872469","-185.19305834014452","-25.528728133289423","18000.0","1627502400000.0","1627520400000.0"
"9017ee09-12ff-4e9a-a3e6-44e0b7176acb","TradeIQ220320Strategy","BTC-USDT","Bybit Perpetual","long","39689.55","39748.7","0.17811003577849394","7.781812252324521","7069.107170532325","2.7533963639723584","0.38949704645162697","32400.0","1627527600000.0","1627560000000.0"
"36f1ef91-dfac-4fe2-b993-4f08673daba7","TradeIQ220320Strategy","BTC-USDT","Bybit Perpetual","long","39937.93","39735.09","0.17707128453818957","7.759292196940278","7071.860566896297","-43.676431552667324","-6.176087769195945","7200.0","1627570800000.0","1627578000000.0"
"fa337b43-87e9-41d0-bae7-c166a3e22c21","TradeIQ220320Strategy","BTC-USDT","Bybit Perpetual","long","39857.82","42203.25","0.1763313732498072","7.958467639896706","7028.18413534363","405.61442512139865","57.712549544857204","14400.0","1627675200000.0","1627689600000.0"
"d35094af-cdc1-4f8f-89e5-fe7d6058344d","TradeIQ220320Strategy","BTC-USDT","Bybit Perpetual","long","42203.25","41401.47","0.1761427984921784","8.099503141375248","7433.798560465028","-149.32727611643384","-20.087614010769286","50400.0","1627689600000.0","1627740000000.0"
"88a7eaae-0817-4ba1-941e-98e709590071","TradeIQ220320Strategy","BTC-USDT","Bybit Perpetual","long","42420.62","41503.38","0.17172005699936949","7.926288734988297","7284.471284348594","-165.43479381709088","-22.71061101888669","25200.0","1627790400000.0","1627815600000.0"
"04e3af47-a80c-429d-a1f8-4f0938978f24","TradeIQ220320Strategy","BTC-USDT","Bybit Perpetual","short","38840.0","39189.99","0.18329136175415817","7.86622271861984","7119.036490531503","-72.01636641895728","-10.116027149845468","3600.0","1627938000000.0","1627941600000.0"
"6a82e866-ef05-477d-a0f0-6908ee92ad18","TradeIQ220320Strategy","BTC-USDT","Bybit Perpetual","short","38651.44","38330.54","0.18232231772251034","7.719543159057366","7047.020124112545","50.787688598096466","7.206973685844602","64800.0","1627963200000.0","1628028000000.0"
"5c91ad01-dfcd-4269-a266-e74affa83eda","TradeIQ220320Strategy","BTC-USDT","Bybit Perpetual","short","37966.76","38812.46","0.18694794638021894","7.894544627021269","7097.807812710642","-165.9964228807719","-23.38699881159196","28800.0","1628053200000.0","1628082000000.0"
"97f898b5-8dc8-4211-a22e-cfd9f0928502","TradeIQ220320Strategy","BTC-USDT","Bybit Perpetual","long","38812.46","39513.74","0.17859757896896694","7.693878329411504","6931.811389829871","117.55303184994543","16.958486784913887","46800.0","1628082000000.0","1628128800000.0"
"90441e59-9b13-4a53-84ee-97f9021e7a88","TradeIQ220320Strategy","BTC-USDT","Bybit Perpetual","short","38889.08","38990.9","0.18126848003809337","7.764452079998412","7049.364421679817","-26.221208717477026","-3.719655723406152","25200.0","1628150400000.0","1628175600000.0"
"5717a59f-a232-4021-b881-e5bea407d137","TradeIQ220320Strategy","BTC-USDT","Bybit Perpetual","long","38990.9","38723.29","0.18012262381638636","7.698946095810847","7023.143212962339","-55.9015614553141","-7.959621462956756","3600.0","1628175600000.0","1628179200000.0"
"de417ad9-4766-4e8b-9246-17a9b2ff7f0f","TradeIQ220320Strategy","BTC-USDT","Bybit Perpetual","long","39727.25","40179.49","0.17537689247322744","7.707587661876378","6967.2416515070245","71.60485819021564","10.277361080870131","43200.0","1628182800000.0","1628226000000.0"
"ef8f6e09-d574-41af-a9cc-ac26b3073672","TradeIQ220320Strategy","BTC-USDT","Bybit Perpetual","long","42213.52","43168.83","0.16674388939129553","7.830341818402886","7038.846509697241","151.4617631559965","21.51798067301673","79200.0","1628265600000.0","1628344800000.0"
"549377f4-3c84-4184-b539-2f77b0d1593c","TradeIQ220320Strategy","BTC-USDT","Bybit Perpetual","long","43539.81","43936.99","0.16514330845387792","7.9454144907270035","7190.308272853238","57.646204760984276","8.017209078312476","61200.0","1628373600000.0","1628434800000.0"
"20bdc16d-edc6-45ee-b798-a77eee840f67","TradeIQ220320Strategy","BTC-USDT","Bybit Perpetual","long","44183.83","43787.71","0.1640408827757626","7.937010994408821","7247.954477614223","-72.91688547954433","-10.060339879996882","3600.0","1628463600000.0","1628467200000.0"
"5f4431c4-124b-452d-8623-e989b10d38b9","TradeIQ220320Strategy","BTC-USDT","Bybit Perpetual","long","44861.31","45476.47","0.1599382093865444","7.946654525235571","7175.037592134678","90.44093436099165","12.604942231958976","68400.0","1628503200000.0","1628571600000.0"
"d40cd827-d8e0-4d0a-9c5f-547376f02349","TradeIQ220320Strategy","BTC-USDT","Bybit Perpetual","long","45545.13","45366.0","0.15952262133175757","7.976309971207702","7265.478526495671","-36.55159713036502","-5.030858875581153","3600.0","1628604000000.0","1628607600000.0"
"dc6b9e5e-c486-43b1-9cb8-0965b2c04a3b","TradeIQ220320Strategy","BTC-USDT","Bybit Perpetual","long","45638.38","45450.83","0.1583957828775979","7.935480701308556","7228.926929365306","-37.64260978000135","-5.207219570457927","21600.0","1628629200000.0","1628650800000.0"
"19cd1c0d-fbfd-4412-9c88-f46d8713c7e8","TradeIQ220320Strategy","BTC-USDT","Bybit Perpetual","long","45627.71","45985.1","0.1576078290930074","7.941392855665589","7191.284319585305","48.38606918388424","6.728432229011701","28800.0","1628658000000.0","1628686800000.0"
"95b156a7-5437-49f2-b0f8-7012633de656","TradeIQ220320Strategy","BTC-USDT","Bybit Perpetual","long","46480.8","46336.66","0.15575614853378572","7.951289547458794","7239.670388769187","-30.401980797118576","-4.199359800175544","25200.0","1628694000000.0","1628719200000.0"
"612661a0-25b3-46b7-942c-afb80c315c87","TradeIQ220320Strategy","BTC-USDT","Bybit Perpetual","long","44837.87","46229.43","0.16078525603406382","8.053253530756995","7209.268407972069","215.68907735600447","29.918303099589643","28800.0","1628820000000.0","1628848800000.0"
"12ba7c66-35e5-485a-b933-d5c8a653a84d","TradeIQ220320Strategy","BTC-USDT","Bybit Perpetual","long","46229.43","46371.2","0.16061105415593646","8.179976639892109","7424.957485328074","14.589852507794488","1.9649745519249706","21600.0","1628848800000.0","1628870400000.0"
"c6b2dc3d-7459-40c4-b398-1530501ad36d","TradeIQ220320Strategy","BTC-USDT","Bybit Perpetual","long","47606.39","46356.53","0.15627203276358212","8.076077082041015","7439.547337835868","-203.39423995193187","-27.33959886477426","50400.0","1628888400000.0","1628938800000.0"
"e3c87291-1157-463c-9fbc-6f02dcc36322","TradeIQ220320Strategy","BTC-USDT","Bybit Perpetual","long","47153.85","46900.01","0.15345837291936792","7.938343777312314","7236.153097883937","-46.89221715916413","-6.480268800956794","7200.0","1628992800000.0","1629000000000.0"
"a4b7e5f8-1c1e-457c-aea6-f8428b326c6c","TradeIQ220320Strategy","BTC-USDT","Bybit Perpetual","long","46684.54","47164.23","0.1539966095997684","7.948815817309653","7189.2608807247725","65.92181784160361","9.169484726635464","43200.0","1629061200000.0","1629104400000.0"
"1a6960ce-f36c-400a-b1e5-efef9d0ab427","TradeIQ220320Strategy","BTC-USDT","Bybit Perpetual","long","46857.18","46396.71","0.15483609339201326","7.941487411664693","7255.1826985663765","-79.23886333588523","-10.921690966037675","14400.0","1629194400000.0","1629208800000.0"
"0daf3daf-e73a-48e2-a5c8-47400a33b4f7","TradeIQ220320Strategy","BTC-USDT","Bybit Perpetual","short","45471.21","45087.12","0.15781290700710385","7.860200321054743","7175.943835230491","52.754159131303226","7.351528989441815","32400.0","1629230400000.0","1629262800000.0"
"f8175ebd-9079-4a04-832e-dbeec3732ef4","TradeIQ220320Strategy","BTC-USDT","Bybit Perpetual","short","45020.0","45419.98","0.1605663703767613","7.986890629050787","7228.6979943617935","-72.21022745234829","-9.98938225233237","7200.0","1629291600000.0","1629298800000.0"
"8f025800-e453-49a1-9c07-dfd7d815d672","TradeIQ220320Strategy","BTC-USDT","Bybit Perpetual","long","45827.23","45422.48","0.15616234642393717","7.837372853257094","7156.487766909447","-71.04408256834566","-9.92722755662954","10800.0","1629302400000.0","1629313200000.0"
"2e3759a0-3465-4802-af1f-d45d2804a03b","TradeIQ220320Strategy","BTC-USDT","Bybit Perpetual","short","44922.74","44713.3","0.15772510056913494","7.775819382990452","7085.4436843411","25.25812568020839","3.564790972233552","46800.0","1629316800000.0","1629363600000.0"
"699facee-382c-4967-b96f-b6f1a907991a","TradeIQ220320Strategy","BTC-USDT","Bybit Perpetual","long","45473.82","47162.7","0.1563691330532889","7.967020776810512","7110.70181002131","256.12168065422765","36.01918453299057","36000.0","1629385200000.0","1629421200000.0"
"2e8ce6b0-3a85-4e1c-8dbf-676b213dc0ad","TradeIQ220320Strategy","BTC-USDT","Bybit Perpetual","long","47162.7","46871.29","0.15620020674549034","8.078470773506854","7366.823490675537","-53.5967730212096","-7.275425166498022","25200.0","1629421200000.0","1629446400000.0"
"cf3839d7-1b97-4218-ad4b-b7e0b6db2e86","TradeIQ220320Strategy","BTC-USDT","Bybit Perpetual","long","47835.44","49378.76","0.15288302391813113","8.17432047508009","7313.226717654327","227.77310799825","31.145363981182143","28800.0","1629468000000.0","1629496800000.0"
"9848bac3-5af2-405f-aac5-d79087c22134","TradeIQ220320Strategy","BTC-USDT","Bybit Perpetual","long","49378.76","48675.77","0.1527174806668409","8.236052434264145","7540.999825652577","-115.59491416824744","-15.328857822675282","25200.0","1629496800000.0","1629522000000.0"
"cfb94e37-1478-4dc6-8aea-47b0ab571e81","TradeIQ220320Strategy","BTC-USDT","Bybit Perpetual","long","49169.2","48848.29","0.15101740340465844","8.14129075542314","7425.404911484331","-56.60428568201151","-7.623057106887974","36000.0","1629554400000.0","1629590400000.0"
"9700be01-04b4-4d77-a025-391bc426c4e3","TradeIQ220320Strategy","BTC-USDT","Bybit Perpetual","long","49157.06","48897.4","0.14990320059422432","8.084272562596091","7368.800625802321","-47.00813762889181","-6.379347198550852","7200.0","1629630000000.0","1629637200000.0"
"62d495e9-127f-453c-bef3-ea1b9bbd9e0f","TradeIQ220320Strategy","BTC-USDT","Bybit Perpetual","long","49283.09","49769.26","0.1485660190579249","8.093697324807737","7321.792488173428","64.13464416058444","8.759418443527093","57600.0","1629673200000.0","1629730800000.0"
"02d61134-c97d-47c7-8c4a-393399d5a0f2","TradeIQ220320Strategy","BTC-USDT","Bybit Perpetual","long","49583.37","49330.78","0.14895976478270864","8.103825684724859","7385.927132334013","-45.7295726711898","-6.1914464970816585","18000.0","1629784800000.0","1629802800000.0"
"668ae3a5-0d58-4713-8153-ad6cb92336a2","TradeIQ220320Strategy","BTC-USDT","Bybit Perpetual","short","47719.36","48044.29","0.15382011744631158","8.101706739548113","7340.197559662823","-58.08247750137818","-7.912931093375946","3600.0","1629849600000.0","1629853200000.0"
"e1f182cc-bf7d-4415-86b3-d4891ffcb726","TradeIQ220320Strategy","BTC-USDT","Bybit Perpetual","short","47300.0","48441.04","0.15395592139876205","8.106945015881653","7282.115082161445","-183.77680956872524","-25.23673513742074","21600.0","1629882000000.0","1629903600000.0"
"f4bca251-5088-4a43-b14e-9d6530d1d3b5","TradeIQ220320Strategy","BTC-USDT","Bybit Perpetual","long","48441.04","47945.44","0.1465356291399342","7.768229418061027","7098.338272592719","-80.3912872198122","-11.32536716800462","46800.0","1629903600000.0","1629950400000.0"
"2af0a3a2-9fe5-44cf-8cb9-c93484d9d25b","TradeIQ220320Strategy","BTC-USDT","Bybit Perpetual","short","47945.44","47259.74","0.14637360686173503","7.664539073686396","7017.946985372906","92.70384315140595","13.209538821627337","64800.0","1629950400000.0","1630015200000.0"
"fe90cc6f-c077-4b42-bc80-9ab4bb0c3d61","TradeIQ220320Strategy","BTC-USDT","Bybit Perpetual","short","47278.4","47267.19","0.15039956573243407","7.820788622854219","7110.650828524311","-6.1348094909937645","-0.8627634289654659","3600.0","1630026000000.0","1630029600000.0"
"02708c1b-73fb-4b39-89b5-c4c9251375e0","TradeIQ220320Strategy","BTC-USDT","Bybit Perpetual","long","48150.01","49039.34","0.14754962707242048","7.887138791351022","7104.516019033317","123.33317105296388","17.359827287678538","57600.0","1630076400000.0","1630134000000.0"
"cd605edd-64ec-4368-a48c-e42ebb35fa67","TradeIQ220320Strategy","BTC-USDT","Bybit Perpetual","long","48985.52","48668.51","0.14755072907435263","7.924907827951788","7227.849190086282","-54.69996445181154","-7.567944904943231","10800.0","1630170000000.0","1630180800000.0"
"2284041e-6940-439e-87ec-5c20e74a26b4","TradeIQ220320Strategy","BTC-USDT","Bybit Perpetual","long","48959.19","48617.69","0.14651282477578714","7.862945376884406","7173.149225634471","-57.89707503781571","-8.071360739423996","18000.0","1630188000000.0","1630206000000.0"
"1f999de1-ccf5-4aea-b09a-abd8ef1bd494","TradeIQ220320Strategy","BTC-USDT","Bybit Perpetual","long","48685.82","48435.13","0.14614629373802587","7.806626787748868","7115.252150596655","-44.444041164934916","-6.246305854558932","28800.0","1630256400000.0","1630285200000.0"
"1535bcb2-18f7-4195-9338-bc9f3520357b","TradeIQ220320Strategy","BTC-USDT","Bybit Perpetual","short","47989.05","48200.53","0.14734211469974334","7.795026871104077","7070.808109431719","-38.9549372878052","-5.5092624046526435","46800.0","1630296000000.0","1630342800000.0"
"52653344-efe5-43f4-8ea8-1ecce5339e38","TradeIQ220320Strategy","BTC-USDT","Bybit Perpetual","long","48353.0","47659.64","0.14542744342944416","7.679580024661375","7031.853172143914","-108.51315220090086","-15.431657849564672","18000.0","1630346400000.0","1630364400000.0"
"2433cd5a-f0a9-406e-b895-0a080b987d8f","TradeIQ220320Strategy","BTC-USDT","Bybit Perpetual","short","47659.64","47789.0","0.14526630960584289","7.626009429333152","6923.340019943013","-26.41765923994507","-3.8157391033587453","32400.0","1630364400000.0","1630396800000.0"
"9035891f-f437-4d4b-9654-f4e2f4fc8218","TradeIQ220320Strategy","BTC-USDT","Bybit Perpetual","short","47145.16","47458.73","0.14629120700201395","7.611844490352168","6896.922360703069","-53.48437826997364","-7.754818087370998","43200.0","1630432800000.0","1630476000000.0"
"2d5db9fe-4e3d-4dfc-98cd-79db738cdfd0","TradeIQ220320Strategy","BTC-USDT","Bybit Perpetual","long","48518.25","49995.54","0.14104873902981033","7.642385221101146","6843.4379824330945","200.7275064602475","29.33138387101763","50400.0","1630515600000.0","1630566000000.0"
"b4fe8993-72c4-4af6-9897-a530ef46b734","TradeIQ220320Strategy","BTC-USDT","Bybit Perpetual","long","49995.54","49591.02","0.14089587769015682","7.717234677538905","7044.1654888933435","-64.71243512076173","-9.186671611107794","28800.0","1630566000000.0","1630594800000.0"
"abbbe87f-171e-4222-93dc-2db2a841e369","TradeIQ220320Strategy","BTC-USDT","Bybit Perpetual","long","49509.88","50504.84","0.1409709143664372","7.754541590676755","6979.4530537725805","132.50587936735346","18.985137996698825","54000.0","1630641600000.0","1630695600000.0"
"552aba6a-d49e-4f56-913d-5bf8ab245bc4","TradeIQ220320Strategy","BTC-USDT","Bybit Perpetual","long","50358.0","49816.29","0.14122798628102654","7.781077289607365","7111.958933139934","-84.28568973790213","-11.851262152984615","21600.0","1630731600000.0","1630753200000.0"
"8f943973-674f-45bf-a7d0-51ed538f2038","TradeIQ220320Strategy","BTC-USDT","Bybit Perpetual","long","50188.31","49694.34","0.1400260985755853","7.692397787189876","7027.673243402032","-76.86108970057191","-10.936918527441973","10800.0","1630803600000.0","1630814400000.0"
"cef50c6f-5514-46af-adc4-8598df262a4e","TradeIQ220320Strategy","BTC-USDT","Bybit Perpetual","long","50039.25","51713.74","0.13890720092130598","7.773822664450502","6950.81215370146","224.82489620626686","32.34512618594399","36000.0","1630839600000.0","1630875600000.0"
"0b1e9390-aa80-4bfe-94ba-b5429ee74a38","TradeIQ220320Strategy","BTC-USDT","Bybit Perpetual","long","51713.74","51444.39","0.13875687679730236","7.872644964277555","7175.637049907727","-45.24680972963075","-6.305615712574619","54000.0","1630875600000.0","1630929600000.0"
"82ec6e8a-b36a-4371-888e-d8513485477c","TradeIQ220320Strategy","BTC-USDT","Bybit Perpetual","long","51756.43","52379.52","0.13776820078545016","7.89064235772098","7130.390240178096","77.95134586968467","10.932269236885087","43200.0","1630958400000.0","1631001600000.0"
"1e69b8e3-3bc5-43cc-9440-9cefd4d32179","TradeIQ220320Strategy","BTC-USDT","Bybit Perpetual","short","47333.32","46864.39","0.152288949645784","7.88989867321599","7208.34158604778","63.52295848418154","8.812423457724924","32400.0","1631026800000.0","1631059200000.0"
"16507fa2-6e1e-4532-99d2-554d44569d89","TradeIQ220320Strategy","BTC-USDT","Bybit Perpetual","short","46352.01","46681.95","0.1568834780742402","8.027520173100857","7271.864544531963","-59.789654928914885","-8.222052894793451","43200.0","1631149200000.0","1631192400000.0"
"1df360c9-6970-4c12-87cf-e0d1279c68a2","TradeIQ220320Strategy","BTC-USDT","Bybit Perpetual","short","46271.18","46580.0","0.15586537645253584","7.959756268619191","7212.074889603047","-56.094101824691265","-7.7778035701704535","14400.0","1631221200000.0","1631235600000.0"
"d4831ea0-edc1-4ad8-9fad-1d138c73465b","TradeIQ220320Strategy","BTC-USDT","Bybit Perpetual","short","46572.97","46703.41","0.1536509436219841","7.882602092553521","7155.980787778356","-27.92483117860548","-3.9023066169068095","3600.0","1631250000000.0","1631253600000.0"
"c2b29563-b1a4-4fd7-be6e-fc1f9ba87f1f","TradeIQ220320Strategy","BTC-USDT","Bybit Perpetual","short","46413.0","45086.62","0.1535788670544837","7.728824386533678","7128.055956599752","195.975113297192","27.493486932540396","50400.0","1631257200000.0","1631307600000.0"
"b9fa43ee-dd59-4057-9511-727cf8ecb629","TradeIQ220320Strategy","BTC-USDT","Bybit Perpetual","short","44605.0","45674.74","0.16419753547577498","8.153040946266557","7324.031069896943","-183.80171254612173","-25.095703553413244","46800.0","1631311200000.0","1631358000000.0"
"feeda0bb-09af-4b3e-809e-a52ee7c896dc","TradeIQ220320Strategy","BTC-USDT","Bybit Perpetual","short","44974.27","46132.14","0.15876254038922302","7.955356803538161","7140.2293573508205","-191.78173944400825","-26.859324798379227","28800.0","1631408400000.0","1631437200000.0"
"1b5ab70c-f25e-49d4-97a4-9c6c79f728b0","TradeIQ220320Strategy","BTC-USDT","Bybit Perpetual","short","45115.83","45790.52","0.15401351627370732","7.700443638309584","6948.447617906813","-111.61182293301641","-16.062842964431663","7200.0","1631480400000.0","1631487600000.0"
"2660a1af-b455-42f4-9b7f-bd8b693fd5cd","TradeIQ220320Strategy","BTC-USDT","Bybit Perpetual","short","44981.76","46169.0","0.15199129146956003","7.619766951957553","6836.8357949737965","-188.0699078362777","-27.508325997026304","39600.0","1631502000000.0","1631541600000.0"
"cfbd094c-3542-4434-9dcb-ca2a149b9393","TradeIQ220320Strategy","BTC-USDT","Bybit Perpetual","short","43949.99","45200.01","0.15128025938430292","7.417649318260834","6648.76588713752","-196.52099915382777","-29.55751525768274","21600.0","1631545200000.0","1631566800000.0"
"6f14e3c2-e0b3-46ad-a076-5aebef9edfea","TradeIQ220320Strategy","BTC-USDT","Bybit Perpetual","short","44975.96","45202.91","0.14345985917774054","7.115376395054275","6452.244887983691","-39.67359143544312","-6.148804350146266","3600.0","1631577600000.0","1631581200000.0"
"f0c163c6-7837-44ee-a4d9-9047666d346d","TradeIQ220320Strategy","BTC-USDT","Bybit Perpetual","long","46533.32","46424.97","0.13780601290748754","7.045616221378884","6412.571296548248","-21.976897719904958","-3.4271584211055335","3600.0","1631624400000.0","1631628000000.0"
"64440cc6-eafb-473a-bb2f-e86c6c3e8966","TradeIQ220320Strategy","BTC-USDT","Bybit Perpetual","long","46566.98","46900.0","0.13723446095985486","7.0547898398150455","6390.5943988283425","38.64703034903538","6.047486029800447","54000.0","1631631600000.0","1631685600000.0"
"6000d560-1352-4de6-bbeb-ff31e8ce888f","TradeIQ220320Strategy","BTC-USDT","Bybit Perpetual","long","47586.93","47915.69","0.1351051944132008","7.096595023138521","6429.2414291773775","37.32058869214565","5.804819915888712","57600.0","1631703600000.0","1631761200000.0"
"79ea23b2-8497-409f-bbce-86fbfcbf6cdd","TradeIQ220320Strategy","BTC-USDT","Bybit Perpetual","long","48271.79","47458.23","0.13396151288090877","7.05327606902581","6466.5620178695235","-116.03900448841763","-17.944466343593174","32400.0","1631768400000.0","1631800800000.0"
"0834b38c-69c1-4f21-b23d-af0e0958bec2","TradeIQ220320Strategy","BTC-USDT","Bybit Perpetual","long","48029.99","47726.77","0.13221995285406277","6.963524860961792","6350.523013381106","-47.055258965370854","-7.409666710319973","21600.0","1631844000000.0","1631865600000.0"
"dd8c908f-b324-4c49-aa40-92b21f7e3a0d","TradeIQ220320Strategy","BTC-USDT","Bybit Perpetual","long","47590.25","48420.21","0.13245292374836728","6.994276375584118","6303.467754415737","102.93635221861068","16.33011482393976","50400.0","1631930400000.0","1631980800000.0"
"8aacf62b-9109-4d07-b149-0839f3445a88","TradeIQ220320Strategy","BTC-USDT","Bybit Perpetual","long","48124.95","48077.69","0.1331202236393876","7.043584323324723","6406.404106634346","-13.334846092521484","-2.081486879466779","14400.0","1632034800000.0","1632049200000.0"
"11941a03-1753-4b2a-a3f7-9a8acd6b6c51","TradeIQ220320Strategy","BTC-USDT","Bybit Perpetual","short","47344.16","47571.66","0.13503395689229306","7.049272310452157","6393.069260541825","-37.769497503448825","-5.90788179576953","10800.0","1632052800000.0","1632063600000.0"
"4d825882-7748-48a9-b851-2cf6267cfd11","TradeIQ220320Strategy","BTC-USDT","Bybit Perpetual","short","47384.0","47662.42","0.13412332776967703","7.011368178646912","6355.299763038376","-44.353985096280155","-6.979054765321591","3600.0","1632074400000.0","1632078000000.0"
"54686a5a-5432-4517-81d4-371b0ebec4e2","TradeIQ220320Strategy","BTC-USDT","Bybit Perpetual","short","47052.45","45552.92","0.13412576343935537","6.831421272408687","6310.945777942096","194.29418477780771","30.786856933060847","18000.0","1632092400000.0","1632110400000.0"
"abede2bb-adf7-45c2-a1e3-c954486bea0a","TradeIQ220320Strategy","BTC-USDT","Bybit Perpetual","short","45552.92","44040.82","0.14280621226300977","7.036998458532301","6505.239962719903","208.90027510436457","32.112616337218306","50400.0","1632110400000.0","1632160800000.0"
"668ecb59-bf9b-4e89-a8b1-4f83d2687f1f","TradeIQ220320Strategy","BTC-USDT","Bybit Perpetual","short","43026.6","43282.03","0.15604626528297072","7.407476655254371","6714.140237824267","-47.266374196483625","-7.03982528249967","28800.0","1632182400000.0","1632211200000.0"
"fab7736a-4e69-4de0-a2f5-16c4e6782044","TradeIQ220320Strategy","BTC-USDT","Bybit Perpetual","short","41687.77","42045.65","0.15992397443249623","7.365039725574008","6666.873863627783","-64.59863169547651","-9.689493609276887","36000.0","1632247200000.0","1632283200000.0"
"cfaea83d-0304-47b4-bd85-e3e6d77da486","TradeIQ220320Strategy","BTC-USDT","Bybit Perpetual","short","44091.78","44785.01","0.1497393671095226","7.319594856929271","6602.275231932306","-111.1234163182641","-16.83107904693354","3600.0","1632466800000.0","1632470400000.0"
"fc0da86b-b886-4fc4-9efe-274dd0a70323","TradeIQ220320Strategy","BTC-USDT","Bybit Perpetual","short","42357.05","42896.89","0.15324843953046874","7.185768297853316","6491.151815614041","-89.91540589398102","-13.851995523767505","43200.0","1632477600000.0","1632520800000.0"
"e7ee0503-3fd5-414e-a1c7-b8b6e0a74c34","TradeIQ220320Strategy","BTC-USDT","Bybit Perpetual","short","42198.98","43234.86","0.1516917330636916","7.127783988537377","6401.236409720062","-164.26221643455384","-25.661013891804902","18000.0","1632632400000.0","1632650400000.0"
"21247157-ee6a-41d8-a417-f156a988c6b5","TradeIQ220320Strategy","BTC-USDT","Bybit Perpetual","long","43851.2","43722.06","0.1422304108732602","6.850569413220963","6236.974193285507","-25.2182046733937","-4.043339589338476","21600.0","1632704400000.0","1632726000000.0"
"8676bce7-c24e-4ba2-a567-cc8fd08ac22e","TradeIQ220320Strategy","BTC-USDT","Bybit Perpetual","short","43181.27","42604.73","0.1438530174914289","6.787316227185846","6211.7559886121135","76.14970247732165","12.258965519077917","50400.0","1632754800000.0","1632805200000.0"
"0cb392f0-a366-4a20-9ca1-c53affaf5fb0","TradeIQ220320Strategy","BTC-USDT","Bybit Perpetual","short","42194.42","41983.96","0.14902220936060825","6.899446492398262","6287.905691089436","24.463767689635223","3.8906066489360236","25200.0","1632812400000.0","1632837600000.0"
"6c992873-750e-414f-980c-2897da888e45","TradeIQ220320Strategy","BTC-USDT","Bybit Perpetual","short","41523.52","41695.39","0.15201913177830473","6.957976545155285","6312.3694587790715","-33.08550472389292","-5.241376465675421","43200.0","1632841200000.0","1632884400000.0"
"ea4e0bb1-bf5b-42a4-b939-7c5844aaf8d4","TradeIQ220320Strategy","BTC-USDT","Bybit Perpetual","short","41694.15","42305.62","0.15060347684399797","6.957861578852886","6279.283954055178","-99.0473695646525","-15.773672649520403","32400.0","1632931200000.0","1632963600000.0"
"bfaffe6a-48fa-4ec4-9b4a-e6384aafb6b4","TradeIQ220320Strategy","BTC-USDT","Bybit Perpetual","long","43382.58","42817.82","0.142458945145506","6.754009930316372","6180.236584490526","-87.20912379069263","-14.110968503947943","28800.0","1632970800000.0","1632999600000.0"
"c8dccfc4-82b7-4e6e-a2f7-7f427784d239","TradeIQ220320Strategy","BTC-USDT","Bybit Perpetual","long","43393.8","43097.7","0.14041239671796046","6.679463345902313","6093.027460699833","-48.25557401409122","-7.9198024833042","7200.0","1633006800000.0","1633014000000.0"
"652fcf13-8ae3-4578-b7e7-c7c925e54c23","TradeIQ220320Strategy","BTC-USDT","Bybit Perpetual","long","43975.01","47086.56","0.13745924984862404","6.884490306230882","6044.771886685741","420.82683856025466","69.61831586848974","57600.0","1633028400000.0","1633086000000.0"
"c2cbe7be-90d2-46f5-a76d-6e66c483892d","TradeIQ220320Strategy","BTC-USDT","Bybit Perpetual","long","47086.56","47510.45","0.13731304060534463","7.144171691400806","6465.598725245996","51.06145309079865","7.897405214991271","61200.0","1633086000000.0","1633147200000.0"
"f8dfc6a9-375b-46de-83ef-791355a7550a","TradeIQ220320Strategy","BTC-USDT","Bybit Perpetual","long","47812.0","47626.61","0.13629758592689692","7.154428680970232","6516.660178336795","-32.42263813595757","-4.975345844139534","36000.0","1633183200000.0","1633219200000.0"
"11a3c43a-b161-43c7-a9b4-a3874b5465cf","TradeIQ220320Strategy","BTC-USDT","Bybit Perpetual","long","47961.48","47760.27","0.13519677750146236","7.117699675240333","6484.237540200837","-34.32064327631044","-5.292934298524699","36000.0","1633262400000.0","1633298400000.0"
"f3baa4fb-1b97-4ded-aa60-4f5c0edb19ef","TradeIQ220320Strategy","BTC-USDT","Bybit Perpetual","long","48101.09","47452.16","0.13409086773136591","7.047050013878678","6449.9168969245275","-94.06263681079302","-14.583542441553677","3600.0","1633356000000.0","1633359600000.0"
"2b506729-0c57-4f6f-9d74-5b8fae0ffdd5","TradeIQ220320Strategy","BTC-USDT","Bybit Perpetual","long","48573.49","50240.03","0.13085026956295984","7.111376650655707","6355.854260113733","210.9558315867995","33.19079119083271","61200.0","1633366800000.0","1633428000000.0"
"ff1233ac-f11c-4e79-a9ca-2da6ee0940d2","TradeIQ220320Strategy","BTC-USDT","Bybit Perpetual","long","50240.03","51265.55","0.13070872154536","7.297215525336146","6566.810091700533","126.74719259386198","19.301181368721394","57600.0","1633428000000.0","1633485600000.0"
"81c89c34-c247-453f-9c96-b3090f4646a7","TradeIQ220320Strategy","BTC-USDT","Bybit Perpetual","long","51513.39","50700.61","0.12993820217023952","7.304826868145875","6693.557284294395","-112.915998828073","-16.86935571508687","10800.0","1633500000000.0","1633510800000.0"
"d508719f-5d28-49d3-9329-7fb01ece70c8","TradeIQ220320Strategy","BTC-USDT","Bybit Perpetual","long","52706.47","55078.56","0.12485452517435376","7.401596807854412","6580.641285466321","288.76457381297797","43.88091696332531","25200.0","1633525200000.0","1633550400000.0"
"d04042b6-2613-4de8-aa9b-1e4cb0088532","TradeIQ220320Strategy","BTC-USDT","Bybit Perpetual","long","55078.56","54035.11","0.12472014263407213","7.484769867149893","6869.4058592793","-137.6240026986721","-20.0343385611388","61200.0","1633550400000.0","1633611600000.0"
"d798b9a0-e110-4654-8259-d001bde0b265","TradeIQ220320Strategy","BTC-USDT","Bybit Perpetual","long","54851.88","54207.97","0.12272654750540232","7.361496374076379","6731.781856580627","-86.38634757827953","-12.832612437349391","21600.0","1633680000000.0","1633701600000.0"
"48543af3-893c-44e8-b7f7-c02f3d5b668e","TradeIQ220320Strategy","BTC-USDT","Bybit Perpetual","long","54531.85","54018.59","0.12186264557322643","7.27553408809578","6645.395509002347","-69.82275555501022","-10.506937542005305","7200.0","1633719600000.0","1633726800000.0"
"8cae951c-4278-4189-ab4c-0c6bc210a310","TradeIQ220320Strategy","BTC-USDT","Bybit Perpetual","long","54820.0","54680.44","0.11994842673198353","7.223923027452978","6575.572753447337","-23.96392546216832","-3.6443860269974038","28800.0","1633780800000.0","1633809600000.0"
"8efdcbac-138b-49c6-be40-ab1c08e352f4","TradeIQ220320Strategy","BTC-USDT","Bybit Perpetual","long","54860.45","54412.74","0.11942316966020457","7.177362889774973","6551.608827985169","-60.64431017834506","-9.256399728766338","14400.0","1633816800000.0","1633831200000.0"
"8734e2de-75f2-47da-b008-a488ca84bbb8","TradeIQ220320Strategy","BTC-USDT","Bybit Perpetual","long","55919.84","55016.869999999995","0.11607623551510207","7.082413622476819","6490.964517806825","-111.89577200554868","-17.238697222667327","18000.0","1633842000000.0","1633860000000.0"
"22daf057-e400-40d9-b70a-2bb89ef681ae","TradeIQ220320Strategy","BTC-USDT","Bybit Perpetual","long","55460.6","54832.87000000001","0.11501982931669107","6.977264851780074","6379.068745801276","-79.17866230874526","-12.412260388455747","3600.0","1633899600000.0","1633903200000.0"
"64d389f4-b549-4aca-bcf2-ab76578c6600","TradeIQ220320Strategy","BTC-USDT","Bybit Perpetual","long","56538.24","56947.94","0.11142706393924767","6.954987509294535","6299.89008349253","38.69668058661573","6.142437419346701","75600.0","1633924800000.0","1634000400000.0"
"493504c3-a37d-4519-a891-d4fc7ca2a674","TradeIQ220320Strategy","BTC-USDT","Bybit Perpetual","long","57423.12","56901.15","0.11038387959552086","6.9407560499892","6338.586764079146","-64.55782968246335","-10.184893271212033","25200.0","1634018400000.0","1634043600000.0"
"ebfa933b-ea72-447f-9f2b-63f0a6261ba2","TradeIQ220320Strategy","BTC-USDT","Bybit Perpetual","long","56470.0","56285.01","0.11110375304403546","6.890127632034762","6274.028934396682","-27.443210907650656","-4.374096962989162","3600.0","1634086800000.0","1634090400000.0"
"0164e63e-451b-4f6e-b292-9e780703ffe4","TradeIQ220320Strategy","BTC-USDT","Bybit Perpetual","long","55773.72","57752.95","0.11199872849594812","6.993163479708505","6246.585723489032","214.67807992132646","34.367267083852326","36000.0","1634137200000.0","1634173200000.0"
"082b099d-9f60-49c1-909c-6443522bae42","TradeIQ220320Strategy","BTC-USDT","Bybit Perpetual","long","57752.95","57725.13","0.11187764094146462","7.10567834396735","6461.263803410358","-10.218114314958862","-1.5814420562066476","21600.0","1634173200000.0","1634194800000.0"
"4261d8da-4ca8-4d1e-8af1-ecaf6dc0f361","TradeIQ220320Strategy","BTC-USDT","Bybit Perpetual","long","58072.58","57860.89","0.11108591505828395","7.083216580457662","6451.0456890954","-30.59899393914605","-4.743261079497455","3600.0","1634238000000.0","1634241600000.0"
"46888c06-d508-4e38-8a1e-a82d87656c7b","TradeIQ220320Strategy","BTC-USDT","Bybit Perpetual","long","59117.92","61489.72","0.10860406954703844","7.204164287355297","6420.4466951562545","250.38296786431079","38.99774887208486","50400.0","1634266800000.0","1634317200000.0"
"680e8eb2-b72e-4f2e-8144-ce31b5d35df8","TradeIQ220320Strategy","BTC-USDT","Bybit Perpetual","long","61489.72","61278.76","0.10848690908042133","7.3253251102358385","6670.829663020565","-30.211723449841426","-4.528930429346549","18000.0","1634317200000.0","1634335200000.0"
"e3868880-2a20-4020-bc4b-4bd781048882","TradeIQ220320Strategy","BTC-USDT","Bybit Perpetual","long","61264.83","60925.38","0.10839200793621272","7.284443216626125","6640.617939570723","-44.078110310574004","-6.63765190403702","10800.0","1634464800000.0","1634475600000.0"
"aab6e63c-88b8-4bad-af8c-d39d81824a2f","TradeIQ220320Strategy","BTC-USDT","Bybit Perpetual","long","61084.51","60820.55","0.10799038625766415","7.240515983890049","6596.5398292601485","-35.74565834046298","-5.418849770588307","3600.0","1634482800000.0","1634486400000.0"
"f4b58b53-389d-49e8-823f-94085d84546a","TradeIQ220320Strategy","BTC-USDT","Bybit Perpetual","long","61071.45","60563.240000000005","0.10742817095254306","7.18684574909377","6560.794170919686","-61.7829165088848","-9.416987471232332","7200.0","1634493600000.0","1634500800000.0"
"a5569a61-acb7-43a1-b672-fe92b5f7c879","TradeIQ220320Strategy","BTC-USDT","Bybit Perpetual","long","61341.8","61295.23","0.10594751465413145","7.146198693185287","6499.011254410801","-12.080174450628157","-1.8587711234427373","39600.0","1634511600000.0","1634551200000.0"
"10230e1f-cae2-42c0-aff7-3de9f62603ca","TradeIQ220320Strategy","BTC-USDT","Bybit Perpetual","long","61856.12","61449.9","0.10487128969550909","7.112193739541131","6486.9310799601735","-49.713009039650956","-7.663563621513945","10800.0","1634576400000.0","1634587200000.0"
"eb2c77b0-c948-4b99-915d-95307b7327e9","TradeIQ220320Strategy","BTC-USDT","Bybit Perpetual","long","61814.23","62557.49","0.10413812597714997","7.123510814945153","6437.218070920523","70.2781926988308","10.917478936484281","61200.0","1634594400000.0","1634655600000.0"
"67f53c4a-bf36-47d7-896b-04c1fddf9cf2","TradeIQ220320Strategy","BTC-USDT","Bybit Perpetual","long","63435.17","63856.83999999999","0.10258498974022383","7.182037246924358","6507.496263619354","36.0749753768349","5.5436029335145","64800.0","1634666400000.0","1634731200000.0"
"b1c12202-38b0-48cf-9698-ee63040d3f6e","TradeIQ220320Strategy","BTC-USDT","Bybit Perpetual","long","64431.920000000006","66792.81","0.10155791165304695","7.329800244819218","6543.571238996189","232.437257797742","35.521468217926646","7200.0","1634734800000.0","1634742000000.0"
"4469cd22-475b-4045-ac83-0f0721c3d931","TradeIQ220320Strategy","BTC-USDT","Bybit Perpetual","long","66792.81","65125.01","0.10144817229270534","7.36055195251095","6776.008496793932","-176.55581370228447","-26.056020116536434","39600.0","1634742000000.0","1634781600000.0"
"5543bd89-e160-4c0c-9547-b49c942750a5","TradeIQ220320Strategy","BTC-USDT","Bybit Perpetual","long","66289.24","64891.94","0.09955541326302197","7.182888122976982","6599.4526830916475","-146.29166707539787","-22.167242360902055","7200.0","1634810400000.0","1634817600000.0"
"7a497e22-5e59-4400-8e47-aac53846e6ee","TradeIQ220320Strategy","BTC-USDT","Bybit Perpetual","long","63614.36","63332.0","0.10144189167377067","7.082723394724722","6453.16101601625","-35.72585592773067","-5.5361792211695695","3600.0","1634893200000.0","1634896800000.0"
"9d31ce83-447a-4b97-b1d3-9724635520e0","TradeIQ220320Strategy","BTC-USDT","Bybit Perpetual","long","63682.13","62485.47","0.10077293520314913","6.992853658745261","6417.435160088519","-127.58379429894532","-19.88080769283308","3600.0","1634907600000.0","1634911200000.0"
"993d5376-67ac-4337-b2b7-09761a46c759","TradeIQ220320Strategy","BTC-USDT","Bybit Perpetual","short","61630.01","61592.68","0.10205825645313985","6.916741093276164","6289.851365789574","-3.106906379880275","-0.49395545287106496","75600.0","1634914800000.0","1634990400000.0"
"b1005b73-1705-4707-9d07-c0c723951514","TradeIQ220320Strategy","BTC-USDT","Bybit Perpetual","short","60761.08","59918.44","0.1034666345530674","6.8674670866337735","6286.744459409692","80.31765785316287","12.775715375697722","32400.0","1635058800000.0","1635091200000.0"
"7742ae72-f019-4d83-8180-9520ff32b938","TradeIQ220320Strategy","BTC-USDT","Bybit Perpetual","short","60414.77","61232.88","0.10538916422694079","7.051189290019277","6367.062117262855","-93.27111843572187","-14.649004001835985","14400.0","1635094800000.0","1635109200000.0"
"1a4a5da2-7aa0-445e-9cf0-793a2df6cc5c","TradeIQ220320Strategy","BTC-USDT","Bybit Perpetual","long","61866.19","63388.6","0.1014090410097524","6.986082474677859","6273.790998827134","147.4000556489789","23.494575397321157","50400.0","1635123600000.0","1635174000000.0"
"717fa7fb-82a4-42cf-a5ed-9646b6dd7124","TradeIQ220320Strategy","BTC-USDT","Bybit Perpetual","long","63388.6","63159.12000000001","0.1012988306174314","7.050524829316176","6421.191054476112","-30.296580479403183","-4.718218196962682","10800.0","1635174000000.0","1635184800000.0"
"05e176a7-1967-4c11-9eb9-569233119097","TradeIQ220320Strategy","BTC-USDT","Bybit Perpetual","long","62888.48","62826.48","0.10162265766316357","7.026518588770067","6390.894473996709","-13.327123363886209","-2.0853299046184612","21600.0","1635199200000.0","1635220800000.0"
"5680dec1-109a-4e1f-8d12-695f0536dd33","TradeIQ220320Strategy","BTC-USDT","Bybit Perpetual","long","62834.4","62556.81","0.10149802259005931","6.99982792584618","6377.567350632823","-35.17466401662113","-5.515373195256162","3600.0","1635249600000.0","1635253200000.0"
"114cd826-ef20-4170-b6c6-e6371d3cf42e","TradeIQ220320Strategy","BTC-USDT","Bybit Perpetual","short","60852.35","58615.659999999996","0.10422592860614589","6.848415354538078","6342.392686616202","226.27267689954263","35.67623262700623","50400.0","1635285600000.0","1635336000000.0"
"d7c2fdd2-ff29-4538-b046-91be739de104","TradeIQ220320Strategy","BTC-USDT","Bybit Perpetual","short","58615.66","58916.12","0.11206331829268396","7.24405069940514","6568.665363515744","-40.91459531362486","-6.228753186435145","32400.0","1635336000000.0","1635368400000.0"
"d5ce54ac-9840-4125-8ec0-55cc6a77fa5d","TradeIQ220320Strategy","BTC-USDT","Bybit Perpetual","long","61144.72","60171.76","0.10675902626101025","7.123396100817329","6527.750768202119","-110.99565829172977","-17.003660561369795","21600.0","1635426000000.0","1635447600000.0"
"83a76986-0867-45e9-94bf-51ebc7864ce1","TradeIQ220320Strategy","BTC-USDT","Bybit Perpetual","short","60171.76","61347.520000000004","0.10664064188766272","7.127391711509638","6416.7551099103885","-132.51119281734816","-20.650810346913598","3600.0","1635447600000.0","1635451200000.0"
"c77a3a43-669b-47cc-b350-a4f81938a659","TradeIQ220320Strategy","BTC-USDT","Bybit Perpetual","long","61435.95","60762.48999999999","0.1022893585448429","6.87478002352926","6284.243917093041","-75.76257142913981","-12.055956520571527","3600.0","1635454800000.0","1635458400000.0"
"22434fd7-b482-4255-82c6-cb0f75763c61","TradeIQ220320Strategy","BTC-USDT","Bybit Perpetual","long","61434.95","61032.54","0.10105780741522379","6.8069628104752145","6208.481345663902","-47.47363509243503","-7.646577713500154","18000.0","1635469200000.0","1635487200000.0"
"b32d977e-9ca2-4b8f-9696-1fadfb3465f1","TradeIQ220320Strategy","BTC-USDT","Bybit Perpetual","long","61324.52","61548.41","0.10046564914933648","6.78947977143204","6161.007710571467","15.703774416613575","2.5488970561857913","54000.0","1635516000000.0","1635570000000.0"
"4b603c65-b12c-44a9-a29d-d9d18ac9358b","TradeIQ220320Strategy","BTC-USDT","Bybit Perpetual","long","61833.62","61635.05000000001","0.09989244499979268","6.783473029944904","6176.711484988081","-26.61911583355298","-4.30959352695172","3600.0","1635577200000.0","1635580800000.0"
"28ac92fa-c267-4c37-979d-9b4c0ec5533f","TradeIQ220320Strategy","BTC-USDT","Bybit Perpetual","short","61224.09","61417.729999999996","0.10045216464882578","6.77579996250941","6150.092369154528","-26.227357125107975","-4.264546863824345","3600.0","1635606000000.0","1635609600000.0"
"352a1e06-841a-4cfd-b501-3438dce577b4","TradeIQ220320Strategy","BTC-USDT","Bybit Perpetual","long","62418.01","61463.12","0.09811054553051947","6.6847248848804615","6123.86501202942","-100.36950370651815","-16.38989486367796","14400.0","1635642000000.0","1635656400000.0"
"43cdc31e-8a8d-4787-89cf-f91cd786a27e","TradeIQ220320Strategy","BTC-USDT","Bybit Perpetual","short","60828.64","60968.91","0.09902400429013213","6.633484612550171","6023.495508322902","-20.523581694327408","-3.4072544199575083","43200.0","1635670800000.0","1635714000000.0"
"0f44432b-843f-4bda-b94d-7d0a4dc55c6e","TradeIQ220320Strategy","BTC-USDT","Bybit Perpetual","long","61481.99","60580.04","0.09763789244018574","6.554833645893899","6002.971926628575","-94.61933073231914","-15.762081163931049","18000.0","1635717600000.0","1635735600000.0"
"16d32de1-1c97-4a49-8b57-c57b8946f026","TradeIQ220320Strategy","BTC-USDT","Bybit Perpetual","short","60580.04000000001","62257.67","0.09752969122992086","6.58917816022981","5908.3525958962555","-170.20791405828098","-28.80801565168973","18000.0","1635735600000.0","1635753600000.0"
"810125f4-14cc-4b41-bf1a-c0749252d715","TradeIQ220320Strategy","BTC-USDT","Bybit Perpetual","long","62257.67","61119.18","0.09216767479152325","6.2542465631814","5738.144681837974","-111.18622263658251","-19.376685113657448","32400.0","1635753600000.0","1635786000000.0"
"bda37859-d09a-49ff-94f6-89c699093b9d","TradeIQ220320Strategy","BTC-USDT","Bybit Perpetual","short","60608.03999999999","61484.92","0.09284178236421094","6.234430411287271","5626.958459201391","-87.64553253081698","-15.57600489968005","3600.0","1635793200000.0","1635796800000.0"
"e4d15d9b-b551-40e3-b5d3-0f3dfc1ae03c","TradeIQ220320Strategy","BTC-USDT","Bybit Perpetual","short","60775.61","61374.81","0.0911436829127766","6.1232815314783675","5539.312926670575","-60.73657633281384","-10.964640766254703","14400.0","1635804000000.0","1635818400000.0"
"9f5e4ed5-579c-4941-ba5e-0e90fcc4d90b","TradeIQ220320Strategy","BTC-USDT","Bybit Perpetual","short","61120.39","61472.67","0.08963582121020107","6.0438012842742985","5478.576350337761","-37.62070838020382","-6.866876716591612","3600.0","1635825600000.0","1635829200000.0"
"8cf2942c-1f72-4698-98bf-e9e1a32698ea","TradeIQ220320Strategy","BTC-USDT","Bybit Perpetual","long","61813.34","64042.66","0.08802235313538401","6.09297770191379","5440.955641957557","190.1370145898611","34.94551823279582","36000.0","1635832800000.0","1635868800000.0"
"6d9e7813-eda1-4ea6-8a1b-6e5cddee4826","TradeIQ220320Strategy","BTC-USDT","Bybit Perpetual","long","64042.66","63100.01","0.08792721377512143","6.148615398766346","5631.092656547418","-89.03320346388469","-15.81099955092436","21600.0","1635868800000.0","1635890400000.0"
"56aed8ea-6bc2-4be9-9f79-bbde3a7d2bf0","TradeIQ220320Strategy","BTC-USDT","Bybit Perpetual","long","63231.77","62400.0","0.08764675499489473","6.056169330620731","5542.059453083534","-78.95811073272404","-14.247070317658306","25200.0","1635966000000.0","1635991200000.0"
"9fb64894-eca1-4b19-9f14-a0fc2c9d516c","TradeIQ220320Strategy","BTC-USDT","Bybit Perpetual","short","61827.61","61961.73","0.08836022195182396","6.01592945671839","5463.10134235081","-17.86680242489725","-3.2704504832064933","3600.0","1636020000000.0","1636023600000.0"
"f58291e1-d500-44d4-b810-ecc14ddc6f7c","TradeIQ220320Strategy","BTC-USDT","Bybit Perpetual","short","61508.560000000005","61927.12","0.08852807706644267","6.0101378654838165","5445.234539925913","-43.06444980241385","-7.908649202647528","3600.0","1636027200000.0","1636030800000.0"
"e44ccae2-b3d1-4309-8e4d-bd2fbddcc6c2","TradeIQ220320Strategy","BTC-USDT","Bybit Perpetual","short","61098.91","61838.579999999994","0.0884167997452573","5.978356688983014","5402.170090123499","-71.37761095655668","-13.21276630794217","36000.0","1636041600000.0","1636077600000.0"
"d8f6f687-effd-4071-9171-b62219297a3e","TradeIQ220320Strategy","BTC-USDT","Bybit Perpetual","long","61838.58","61660.97","0.08620496264899585","5.8554507522047885","5330.792479166942","-21.166314168292992","-3.970575529062935","3600.0","1636077600000.0","1636081200000.0"
"e7021e44-bb69-42a4-a17f-ad2987924ac4","TradeIQ220320Strategy","BTC-USDT","Bybit Perpetual","long","62243.11","61760.0","0.0853046411883765","5.81792244263603","5309.626164998649","-47.02944764715265","-8.857393380568558","21600.0","1636084800000.0","1636106400000.0"
"2166c59b-a50d-45ee-9d2d-5fdb57d468b7","TradeIQ220320Strategy","BTC-USDT","Bybit Perpetual","short","61311.01","61833.41","0.08583444828834978","5.813518342768855","5262.596717351496","-50.65343412860291","-9.6251787566377","7200.0","1636113600000.0","1636120800000.0"
"f8da8503-f816-47ab-bff7-831c1f1e5f95","TradeIQ220320Strategy","BTC-USDT","Bybit Perpetual","short","61310.399999999994","61478.74","0.08500912215909363","5.741008351138528","5211.943283222894","-20.051443975400673","-3.84721070161023","54000.0","1636124400000.0","1636178400000.0"
"7c86bd34-aadb-4069-9428-c7d41ca76ec1","TradeIQ220320Strategy","BTC-USDT","Bybit Perpetual","short","60823.63","61220.0","0.08535978269050194","5.729689754558013","5191.891839247494","-39.563746819592495","-7.620294883748352","43200.0","1636185600000.0","1636228800000.0"
"ade284f5-7eef-4b58-9f0d-8e38635f55e1","TradeIQ220320Strategy","BTC-USDT","Bybit Perpetual","long","61999.17999999999","61752.49","0.08310316511327896","5.656285505779706","5152.328092427902","-26.15700530757408","-5.076735184239454","28800.0","1636246800000.0","1636275600000.0"
"2556cbcb-6c75-43b5-a2ec-9f97a0084065","TradeIQ220320Strategy","BTC-USDT","Bybit Perpetual","long","61977.18","63316.4","0.08271062166946491","5.69971044114606","5126.171087120328","105.06800831103484","20.49639126852821","46800.0","1636282800000.0","1636329600000.0"
"188ffc59-2cb8-46fc-a3d4-49e74b757626","TradeIQ220320Strategy","BTC-USDT","Bybit Perpetual","long","63316.4","65097.19","0.08262060217307621","5.835284473153585","5231.239095431362","141.29465767063886","27.00978775641067","3600.0","1636329600000.0","1636333200000.0"
"308c2ea5-520d-4804-940d-4865b82a85a6","TradeIQ220320Strategy","BTC-USDT","Bybit Perpetual","long","65097.19000000001","65446.47","0.08253096259764824","5.92564165645106","5372.533753102001","22.90077295965482","4.2625647435778955","46800.0","1636333200000.0","1636380000000.0"
"ce1dcfda-66f6-4590-b758-444e7f827f87","TradeIQ220320Strategy","BTC-USDT","Bybit Perpetual","long","66443.67","68563.98","0.08120313832847668","6.029674683093911","5395.4345260616565","166.1461515461583","30.793840745100294","43200.0","1636387200000.0","1636430400000.0"
"32b987ff-cf65-4001-8ccc-4817444438a7","TradeIQ220320Strategy","BTC-USDT","Bybit Perpetual","long","68563.98","67631.13","0.08111519601994831","6.076121174534633","5561.580677607815","-81.7444317817427","-14.698057354605018","32400.0","1636430400000.0","1636462800000.0"
"dd3fed76-993b-42b9-8908-c2018d319543","TradeIQ220320Strategy","BTC-USDT","Bybit Perpetual","long","67766.78","67009.98","0.08086316401378482","5.994161387019583","5479.836245826073","-67.19140391265218","-12.261571495650275","7200.0","1636495200000.0","1636502400000.0"
"92ba9662-5117-4a8e-83f9-06e60af1eb38","TradeIQ220320Strategy","BTC-USDT","Bybit Perpetual","long","68036.3","66740.07","0.0795552497992016","5.897192280308793","5412.64484191342","-109.01909372752756","-20.14155683804081","21600.0","1636552800000.0","1636574400000.0"
"50cc0679-72d6-4f04-b4d9-be34be2e0ed1","TradeIQ220320Strategy","BTC-USDT","Bybit Perpetual","short","64313.65000000001","65176.67","0.08246500934383125","5.873131246804634","5303.625748185893","-77.04208361071701","-14.5263046958148","3600.0","1636581600000.0","1636585200000.0"
"455a1ec7-ef2c-4ed8-8ca2-7b4a39e828e9","TradeIQ220320Strategy","BTC-USDT","Bybit Perpetual","short","63708.00000000001","64162.4","0.08203967577973213","5.769745386803564","5226.583664575175","-43.04857406111337","-8.23646512211958","36000.0","1636714800000.0","1636750800000.0"
"3a30f1c3-d69c-4bff-aad4-15b6436471d6","TradeIQ220320Strategy","BTC-USDT","Bybit Perpetual","long","64759.78","64179.369999999995","0.08004250617457412","5.676336990510636","5183.535090514061","-52.13380799929548","-10.057577905607515","14400.0","1636815600000.0","1636830000000.0"
"d6a69d58-80d3-4e77-8854-554fa66c7899","TradeIQ220320Strategy","BTC-USDT","Bybit Perpetual","short","63974.11","64396.99","0.08021059273063377","5.663197111265903","5131.401282514766","-39.5826525651961","-7.713809617671857","3600.0","1636833600000.0","1636837200000.0"
"1469c3e5-473d-4f54-9a5e-ff86145ba293","TradeIQ220320Strategy","BTC-USDT","Bybit Perpetual","long","65024.01","64341.07","0.07830674592276868","5.571587147961255","5091.81862994957","-59.05039620845707","-11.597113035631027","28800.0","1636851600000.0","1636880400000.0"
"950abe81-1405-442b-bd5e-b9e9cc159618","TradeIQ220320Strategy","BTC-USDT","Bybit Perpetual","long","64624.39","64387.45","0.07787722613306079","5.5258963306372415","5032.768233741112","-23.97812629060485","-4.764401056628966","7200.0","1636894800000.0","1636902000000.0"
"ad5f14d7-d0f8-4131-91d8-c1b674fab7c1","TradeIQ220320Strategy","BTC-USDT","Bybit Perpetual","short","64387.45","64348.81","0.07779140356467772","5.508015895287002","5008.790107450508","-2.5021560615479004","-0.49955298742224735","25200.0","1636902000000.0","1636927200000.0"
"8c67778a-4858-4f67-8361-2d79336f7beb","TradeIQ220320Strategy","BTC-USDT","Bybit Perpetual","long","64566.18","66032.29","0.07753731057635685","5.5694397710528625","5006.28795138896","108.10878663804917","21.594600168385266","39600.0","1636930800000.0","1636970400000.0"
"15715a9f-8531-4f0b-8bd6-96619b73a790","TradeIQ220320Strategy","BTC-USDT","Bybit Perpetual","long","66032.29","64914.96000000001","0.07745296639003448","5.578239124214592","5114.396738027009","-92.11876206079081","-18.01165744062469","18000.0","1636970400000.0","1636988400000.0"
"50748095-bc25-4aa2-9718-15a75180a730","TradeIQ220320Strategy","BTC-USDT","Bybit Perpetual","short","64348.950000000004","62604.71","0.0780475512959608","5.449632260082982","5022.277975966217","130.6840286123841","26.02086727133862","32400.0","1636992000000.0","1637024400000.0"
"a31a29ba-9b02-4837-9296-900141bd44bb","TradeIQ220320Strategy","BTC-USDT","Bybit Perpetual","short","62604.71","60198.98","0.0823094940393239","5.55935027453409","5152.962004578601","192.45506882068827","37.3484354531791","32400.0","1637024400000.0","1637056800000.0"
"26c28f48-7e5f-4034-9ba9-ad84ef4b666f","TradeIQ220320Strategy","BTC-USDT","Bybit Perpetual","short","60198.98","60929.44","0.08879580805853005","5.915632763014157","5345.41707339929","-70.77741871744794","-13.240766388400585","18000.0","1637056800000.0","1637074800000.0"
"d914cc26-34da-4463-ae86-d14f42570201","TradeIQ220320Strategy","BTC-USDT","Bybit Perpetual","short","59079.0","60510.38","0.08928112619851117","5.872390990279939","5274.639654681841","-133.66760940830463","-25.34156229794","25200.0","1637121600000.0","1637146800000.0"
"1a8220e1-d65c-4621-935e-838a10e73e20","TradeIQ220320Strategy","BTC-USDT","Bybit Perpetual","short","60132.21","60407.079999999994","0.08549448033381006","5.667994177096036","5140.972045273536","-29.167861986450006","-5.673608362306913","10800.0","1637157600000.0","1637168400000.0"
"3e7429ec-600e-4272-9137-5fdfe0cc4657","TradeIQ220320Strategy","BTC-USDT","Bybit Perpetual","short","59782.69","57319.11","0.0855064264135168","5.5071260445247","5111.804183287087","205.14479593928715","40.131583406501136","32400.0","1637222400000.0","1637254800000.0"
"6b878d54-552e-4797-b6fa-6d08c04e9beb","TradeIQ220320Strategy","BTC-USDT","Bybit Perpetual","short","57319.11","57043.71","0.09276049434868011","5.834593445070016","5316.948979226374","19.71164669855662","3.707322898070145","57600.0","1637254800000.0","1637312400000.0"
"66c6056f-3080-46bf-9d73-1927c6c64623","TradeIQ220320Strategy","BTC-USDT","Bybit Perpetual","short","57633.69","59451.04","0.09259619895802144","5.962880524714423","5336.660625924931","-174.24258270107455","-32.65011491542531","10800.0","1637424000000.0","1637434800000.0"
"7ef421c1-1b2e-47ad-9d56-f99a28853d1b","TradeIQ220320Strategy","BTC-USDT","Bybit Perpetual","short","58760.02","58945.67","0.08785596130198488","5.687630600114886","5162.418043223857","-21.998089815828507","-4.26119884744766","3600.0","1637485200000.0","1637488800000.0"
"14281c1b-599b-44c2-9509-6b83a58cedbc","TradeIQ220320Strategy","BTC-USDT","Bybit Perpetual","short","58661.39","57178.18","0.08762867626232568","5.582977497843357","5140.419953408029","124.38875142120062","24.19816912793916","46800.0","1637539200000.0","1637586000000.0"
"10a3c8c5-2ca9-4135-b760-d3af12160ade","TradeIQ220320Strategy","BTC-USDT","Bybit Perpetual","short","57734.93","56657.05","0.09118931476714755","5.737229449081486","5264.80870482923","92.55390915213128","17.579728788101022","61200.0","1637600400000.0","1637661600000.0"
"2951eaca-35fb-49e4-b17f-aea5b6751cb7","TradeIQ220320Strategy","BTC-USDT","Bybit Perpetual","short","56284.87","56835.0","0.09518299702888824","5.921898537565024","5357.362613981361","-58.284920693067065","-10.879405575601355","57600.0","1637722800000.0","1637780400000.0"
"193f5a6e-c3a1-41f8-85b1-c90ba81ff054","TradeIQ220320Strategy","BTC-USDT","Bybit Perpetual","long","58672.72000000001","58908.100000000006","0.09031586899820382","5.8406776647017615","5299.077693288294","15.417871580095216","2.909538691916744","25200.0","1637845200000.0","1637870400000.0"
"427674b9-c5ce-4533-b50d-d80685550c6e","TradeIQ220320Strategy","BTC-USDT","Bybit Perpetual","long","58988.21","58242.64","0.09009419958443203","5.809000778543938","5314.495564868389","-72.9805331627089","-13.732353761878851","10800.0","1637884800000.0","1637895600000.0"
"69d9109e-d793-43d7-85de-51dc71df20c2","TradeIQ220320Strategy","BTC-USDT","Bybit Perpetual","short","58242.63999999999","55233.88","0.08999446164709704","5.6167420798423215","5241.51503170568","265.1549943454769","50.5874718934443","21600.0","1637895600000.0","1637917200000.0"
"c9d01500-95a4-4d8b-a9e5-3598bf9848ae","TradeIQ220320Strategy","BTC-USDT","Bybit Perpetual","short","55233.88","54246.01","0.09969732392602434","6.003168631193533","5506.670026051157","92.48482675560767","16.79505514550119","32400.0","1637917200000.0","1637949600000.0"
"ed885eca-57c8-4419-9333-3b6f6287b0a2","TradeIQ220320Strategy","BTC-USDT","Bybit Perpetual","short","53755.65","54116.85","0.10415937399709173","6.179762639325704","5599.154852806764","-43.80212852707493","-7.822989304380043","3600.0","1637971200000.0","1637974800000.0"
"37bf0885-a3e1-4a13-8303-40b3df694891","TradeIQ220320Strategy","BTC-USDT","Bybit Perpetual","short","54270.37","54850.57","0.1023643790208117","6.14355349369699","5555.352724279689","-65.53536620157165","-11.796796612958362","7200.0","1638046800000.0","1638054000000.0"
"1cf1dfc8-bfb2-4781-8d3c-1aa1ad36876c","TradeIQ220320Strategy","BTC-USDT","Bybit Perpetual","short","54690.97","54433.59","0.10037886250834677","6.024589562488111","5489.817358078118","19.81092206991065","3.6086668786456824","28800.0","1638061200000.0","1638090000000.0"
"feceda97-6166-4eb3-a62d-e083378d65d4","TradeIQ220320Strategy","BTC-USDT","Bybit Perpetual","short","54213.61","54644.88","0.10162813876714775","6.084697150236192","5509.628280148029","-49.91386455634368","-9.059388767875758","10800.0","1638118800000.0","1638129600000.0"
"2cf7a3c7-4e5a-407c-8706-140bd8992381","TradeIQ220320Strategy","BTC-USDT","Bybit Perpetual","long","57315.73","56917.76","0.09525682418407103","5.98483571007456","5459.714415591686","-43.89419403060942","-8.039650188525926","36000.0","1638144000000.0","1638180000000.0"
"cae73f37-6706-434e-80e7-944c4548bba5","TradeIQ220320Strategy","BTC-USDT","Bybit Perpetual","long","58656.01000000001","57303.23","0.09233188929081736","5.888704640460027","5415.820221561076","-130.7934378352925","-24.15025471388194","28800.0","1638208800000.0","1638237600000.0"
"0cb9075b-4786-4ca7-8e75-9444c8b85024","TradeIQ220320Strategy","BTC-USDT","Bybit Perpetual","short","56329.32","57158.46","0.09382372774473019","5.85631561519061","5285.026783725785","-83.64932123745615","-15.827605925297863","18000.0","1638252000000.0","1638270000000.0"
"a3aa6475-6b5f-4c5a-a2e1-52c14846181b","TradeIQ220320Strategy","BTC-USDT","Bybit Perpetual","long","57606.8","57260.009999999995","0.09029103269906207","5.704293593760823","5201.377462488329","-37.01632082346929","-7.116638061826176","14400.0","1638273600000.0","1638288000000.0"
"c90c0e2b-9e71-4b56-afb2-c4ce0983d7d1","TradeIQ220320Strategy","BTC-USDT","Bybit Perpetual","short","56814.869999999995","57398.15","0.09089805435909404","5.709957715261963","5164.361141664861","-58.72897486183489","-11.371972883155523","3600.0","1638291600000.0","1638295200000.0"
"479a894c-db65-4447-9d9d-92a5e2f48757","TradeIQ220320Strategy","BTC-USDT","Bybit Perpetual","short","56814.97","56977.78","0.08986420597956889","5.624242318739873","5105.632166803027","-20.255033694273276","-3.967194077546775","3600.0","1638338400000.0","1638342000000.0"
"6e4cc57d-5684-4530-8d83-627170b86728","TradeIQ220320Strategy","BTC-USDT","Bybit Perpetual","long","57677.9","57522.89","0.08816855560117053","5.586397992127574","5085.377133108754","-19.253405795865195","-3.786033029982056","18000.0","1638367200000.0","1638385200000.0"
"a1082708-0005-4f73-b023-8b84252ccea0","TradeIQ220320Strategy","BTC-USDT","Bybit Perpetual","short","56835.21","57093.51","0.08913706357930037","5.58539935698157","5066.123727312888","-28.60950287951512","-5.647217561085864","7200.0","1638392400000.0","1638399600000.0"
"4ffa233e-b118-4175-bae9-5a8d8b77d775","TradeIQ220320Strategy","BTC-USDT","Bybit Perpetual","short","56996.13","57105.48","0.08838344330454319","5.546581248115654","5037.514224433373","-15.211310773467966","-3.0196065153898317","43200.0","1638414000000.0","1638457200000.0"
"392571af-a3ab-4acc-bd4d-cb92ee0b2fee","TradeIQ220320Strategy","BTC-USDT","Bybit Perpetual","long","57105.48","56536.600000000006","0.08794782766312279","5.497015736915348","5022.302913659905","-55.528775937912414","-11.056437035464853","3600.0","1638457200000.0","1638460800000.0"
"e593853d-1da9-4c2b-b838-eb9e046b59cc","TradeIQ220320Strategy","BTC-USDT","Bybit Perpetual","long","57058.950000000004","56904.82000000001","0.0870463641150423","5.456072500638614","4966.774137721993","-18.872528601689854","-3.799755752603183","3600.0","1638478800000.0","1638482400000.0"
"0d177b60-6fb2-4bdd-a80f-5c2f9e1ba6b8","TradeIQ220320Strategy","BTC-USDT","Bybit Perpetual","short","56295.79","56762.79","0.08789114797252695","5.465266611389078","4947.901609120303","-46.510432714559165","-9.400031849628544","10800.0","1638500400000.0","1638511200000.0"
"0a837606-4d0d-4583-af25-3a54a9a53587","TradeIQ220320Strategy","BTC-USDT","Bybit Perpetual","short","56621.23","56853.43","0.08656454789847806","5.402585452458432","4901.391176405743","-25.502873474484787","-5.203190799634645","3600.0","1638522000000.0","1638525600000.0"
"78af15e6-327e-47b0-838e-8b66062c5e41","TradeIQ220320Strategy","BTC-USDT","Bybit Perpetual","long","57011.36","56846.25000000001","0.08552485509784818","5.3557105783705214","4875.888302931258","-19.476719403575665","-3.9944966318992097","3600.0","1638532800000.0","1638536400000.0"
"1225b0db-ee58-481d-833b-d816e00295df","TradeIQ220320Strategy","BTC-USDT","Bybit Perpetual","short","56293.21","53884.34999999999","0.0862699352822069","5.227756033913307","4856.4115835276825","202.5844402699843","41.71484166562909","18000.0","1638543600000.0","1638561600000.0"
"e7a09f21-992d-411e-9c06-149085caa6d0","TradeIQ220320Strategy","BTC-USDT","Bybit Perpetual","short","53884.35","53055.01","0.0938861844635347","5.522070663654789","5058.996023797666","72.34149755933275","14.299575887989677","18000.0","1638561600000.0","1638579600000.0"
"3934c027-3af2-43f7-8eb0-5bdbbb05a6a4","TradeIQ220320Strategy","BTC-USDT","Bybit Perpetual","short","50278.8","48839.05","0.10205767682118505","5.563655626380884","5131.337521356999","141.3738845769203","27.55107883441928","50400.0","1638594000000.0","1638644400000.0"
"6ca804f4-5f9c-4e1f-8b54-1ba9e98e0c60","TradeIQ220320Strategy","BTC-USDT","Bybit Perpetual","short","47954.99","49251.02","0.10995125649977029","5.87835761635608","5272.711405933919","-148.37848457775326","-28.14083175702881","7200.0","1638720000000.0","1638727200000.0"
"fc85add5-d3f1-4ae1-9692-2b8bef881877","TradeIQ220320Strategy","BTC-USDT","Bybit Perpetual","short","48892.4","49197.9","0.10480837351727806","5.654376640452024","5124.3329213561665","-37.67333474998047","-7.351851514754848","10800.0","1638734400000.0","1638745200000.0"
"5f31c240-b87f-4778-9b39-58a9cad63a9c","TradeIQ220320Strategy","BTC-USDT","Bybit Perpetual","short","48393.9","48162.83","0.10510951972472121","5.58196733406927","5086.659586606186","18.705689388722032","3.677401459688095","3600.0","1638777600000.0","1638781200000.0"
"6475e091-93d7-4492-9033-9d6705003bc5","TradeIQ220320Strategy","BTC-USDT","Bybit Perpetual","short","47440.57","48922.12","0.10761601886307245","5.703592985605022","5105.365275994909","-165.14210573219032","-32.346775755434706","21600.0","1638784800000.0","1638806400000.0"
"563994c3-9269-43ef-a375-9aab71701a5f","TradeIQ220320Strategy","BTC-USDT","Bybit Perpetual","short","50442.7","50727.259999999995","0.0979373263180345","5.4495734623563745","4940.223170262719","-33.31861903941605","-6.7443550404716195","14400.0","1638910800000.0","1638925200000.0"
"8516c9a7-b080-4b8c-8b3a-9d084582ed40","TradeIQ220320Strategy","BTC-USDT","Bybit Perpetual","short","50334.09","50603.01","0.09748670436325166","5.4120138748411835","4906.9045512233015","-31.628138412207356","-6.445639625152764","14400.0","1638932400000.0","1638946800000.0"
"cba8204b-f4f3-480b-8101-9bf6812ae938","TradeIQ220320Strategy","BTC-USDT","Bybit Perpetual","short","50411.99","50712.68000000001","0.09670866817221645","5.37879768528019","4875.276412811094","-34.45812711798489","-7.067933015538756","21600.0","1638954000000.0","1638975600000.0"
"6ed26031-8ae7-4e61-98ce-eb2c357b2466","TradeIQ220320Strategy","BTC-USDT","Bybit Perpetual","short","49507.24","47619.5","0.09778000724122593","5.223379337284168","4840.81828569311","179.35985153226747","37.051556358221504","57600.0","1639022400000.0","1639080000000.0"
"f3125486-c17b-4291-97d2-c64062cd3390","TradeIQ220320Strategy","BTC-USDT","Bybit Perpetual","short","47619.5","48007.03","0.10542273936570895","5.544665911750432","5020.178137225377","-46.399140098143505","-9.242528617478111","18000.0","1639080000000.0","1639098000000.0"
"c882bdcc-0eb5-4f01-9644-1a55bb536788","TradeIQ220320Strategy","BTC-USDT","Bybit Perpetual","short","47685.3","48697.41","0.10430424044993392","5.529218947480938","4973.778997127234","-111.09658374926362","-22.336453592616603","14400.0","1639123200000.0","1639137600000.0"
"f446dad7-4dc2-4dc3-ba74-e9305c0565ce","TradeIQ220320Strategy","BTC-USDT","Bybit Perpetual","short","47973.4","48432.47","0.10136205508423357","5.374543407960903","4862.682413377971","-51.906822035479976","-10.674524392684273","18000.0","1639152000000.0","1639170000000.0"
"a8c01a3a-dff7-4b82-81ea-16e2d9b5b2cd","TradeIQ220320Strategy","BTC-USDT","Bybit Perpetual","short","47524.21","48249.99","0.10122789187537239","5.332261199127659","4810.775591342491","-78.80144056443531","-16.38019464184673","14400.0","1639177200000.0","1639191600000.0"
"c26fc093-077f-4cc1-8950-76e61fe26206","TradeIQ220320Strategy","BTC-USDT","Bybit Perpetual","long","50233.47","49952.44","0.09419962727595875","5.1906114591665125","4731.974150778055","-31.66353271252909","-6.691400185971601","14400.0","1639332000000.0","1639346400000.0"
"125a2657-c1b0-43db-a56c-84555b005de7","TradeIQ220320Strategy","BTC-USDT","Bybit Perpetual","long","50057.01","49630.939999999995","0.09389914855213137","5.148337494249095","4700.310618065526","-45.155947717856364","-9.607013533169619","3600.0","1639353600000.0","1639357200000.0"
"b158797a-35d8-44af-9f98-a1536d3f5046","TradeIQ220320Strategy","BTC-USDT","Bybit Perpetual","short","48580.67","46865.73","0.09582318791296354","5.030288077548737","4655.154670347671","159.3007298019085","34.220287204766734","75600.0","1639360800000.0","1639436400000.0"
"364cc391-51f4-4922-bc43-608a0d3a3f79","TradeIQ220320Strategy","BTC-USDT","Bybit Perpetual","short","46725.43","47774.58","0.10303715557351915","5.355356727638014","4814.455400149579","-113.45678849759578","-23.565861362859614","14400.0","1639501200000.0","1639515600000.0"
"345932e9-033c-4343-ace7-ae1591d9a756","TradeIQ220320Strategy","BTC-USDT","Bybit Perpetual","short","47592.53","47819.72","0.09877597622257073","5.183440975538086","4700.998611651984","-27.62435501354416","-5.876273808095564","21600.0","1639573200000.0","1639594800000.0"
"97c52078-8a4f-4081-a231-43c81a20f159","TradeIQ220320Strategy","BTC-USDT","Bybit Perpetual","long","49191.28","48748.27","0.09500411976753685","5.117563405998265","4673.37425663844","-47.205338504214964","-10.100911228575514","7200.0","1639602000000.0","1639609200000.0"
"0013364f-c56e-4ea0-9973-5945bbfb780c","TradeIQ220320Strategy","BTC-USDT","Bybit Perpetual","long","49047.79","48821.44","0.09431962007124532","5.077043724645929","4626.168918134225","-26.42628972777217","-5.712348639969274","10800.0","1639616400000.0","1639627200000.0"
"1cffea7b-c094-41cf-9b90-ed2b81eac83c","TradeIQ220320Strategy","BTC-USDT","Bybit Perpetual","long","48954.59","48685.12","0.09395937395056221","5.0457913133729475","4599.742628406453","-30.365023811830373","-6.601461487063704","10800.0","1639648800000.0","1639659600000.0"
"6dd80acd-102d-4b71-a896-95fc7f730bb2","TradeIQ220320Strategy","BTC-USDT","Bybit Perpetual","short","48542.14","47695.44","0.09413218297740115","4.982479419424255","4569.377604594623","74.71923990754104","16.352170114461316","54000.0","1639666800000.0","1639720800000.0"
"f6e9ce1c-3d32-4905-85dc-5ae03b3724b4","TradeIQ220320Strategy","BTC-USDT","Bybit Perpetual","short","46990.01","46578.92","0.09883157812697131","5.08616075855366","4644.096844502164","35.54251269366335","7.65326690715758","79200.0","1639728000000.0","1639807200000.0"
"b87bf08f-6d06-4bcd-9dbd-32348e6bbd95","TradeIQ220320Strategy","BTC-USDT","Bybit Perpetual","short","46558.13","47121.61","0.10051175502959049","5.178753292963652","4679.639357195828","-61.81511701703762","-13.209376257165037","3600.0","1639879200000.0","1639882800000.0"
"e92a783d-5927-448c-8222-e2338ccbd35d","TradeIQ220320Strategy","BTC-USDT","Bybit Perpetual","short","47129.99","47282.4","0.09798059028187339","5.087819936167342","4617.82424017879","-20.021041701028008","-4.335600633482067","18000.0","1639936800000.0","1639954800000.0"
"86b860c0-a54a-4cc3-95e9-3251fc825121","TradeIQ220320Strategy","BTC-USDT","Bybit Perpetual","short","46866.62","46282.07","0.09810400661446808","5.026042834938971","4597.803198477763","52.32065423154863","11.379489719975599","50400.0","1639962000000.0","1640012400000.0"
"9615b855-175a-47e4-87b7-b083bd2d0397","TradeIQ220320Strategy","BTC-USDT","Bybit Perpetual","long","47927.51","48873.19","0.09702410687952098","5.1656008045468464","4650.123852709311","86.58815658927858","18.620612984066984","36000.0","1640059200000.0","1640095200000.0"
"af19e181-0324-4707-af1e-deb0bfab5b0e","TradeIQ220320Strategy","BTC-USDT","Bybit Perpetual","long","49074.93","48924.99","0.09651999522563944","5.202423495782176","4736.71200929859","-19.674631579914777","-4.153647412232729","43200.0","1640124000000.0","1640167200000.0"
"a17d2581-91bf-4e0c-b6dd-b02f43697653","TradeIQ220320Strategy","BTC-USDT","Bybit Perpetual","long","48591.5","50030.94","0.09707536045848912","5.265594901762644","4717.037377718674","134.46856195660516","28.506995215212584","18000.0","1640264400000.0","1640282400000.0"
"e1059776-0bdb-48cf-9acc-22cebd665ce7","TradeIQ220320Strategy","BTC-USDT","Bybit Perpetual","long","50030.94","51004.649999999994","0.09697011368715597","5.388587956811884","4851.5059396752795","89.03218144150796","18.3514526311117","43200.0","1640282400000.0","1640325600000.0"
"10b71cf4-1b53-40fe-a97b-8b1c0adcdbff","TradeIQ220320Strategy","BTC-USDT","Bybit Perpetual","long","51582.1","50762.590000000004","0.0957800888509151","5.39142092589065","4940.538121116788","-83.88416154010358","-16.978749983036646","14400.0","1640372400000.0","1640386800000.0"
"a2c79175-971e-44ef-9bc4-c19e50490122","TradeIQ220320Strategy","BTC-USDT","Bybit Perpetual","long","50988.4","50605.11","0.09525017375671102","5.322239714029788","4856.653959576684","-41.83067881323964","-8.613065530591289","14400.0","1640458800000.0","1640473200000.0"
"fed81e92-5587-4a2d-9287-edd2ef7baafa","TradeIQ220320Strategy","BTC-USDT","Bybit Perpetual","long","50230.0","50559.87999999999","0.09585553017645719","5.313697061101824","4814.823280763445","26.307125233506927","5.463777941469044","57600.0","1640538000000.0","1640595600000.0"
"f33dcf4b-3375-4612-89a9-8617d7644c99","TradeIQ220320Strategy","BTC-USDT","Bybit Perpetual","long","51293.82","51217.45","0.09438038356271679","5.3212791401556725","4841.130405996953","-12.529109032840601","-2.588054438137043","25200.0","1640613600000.0","1640638800000.0"
"7b7db17a-5296-4f2c-93a7-dbab5fb13d86","TradeIQ220320Strategy","BTC-USDT","Bybit Perpetual","short","49780.66","49826.48000000001","0.09699753472461217","5.313905861533119","4828.601296964112","-9.758332902615525","-2.0209440172148576","3600.0","1640660400000.0","1640664000000.0"
"626afbd0-219c-4482-ac18-051dfe87a556","TradeIQ220320Strategy","BTC-USDT","Bybit Perpetual","short","49040.16","49087.52","0.09826319824530544","5.303286820255542","4818.842964061499","-9.95703188915255","-2.066270256866888","28800.0","1640667600000.0","1640696400000.0"
"850554d1-eecd-41e0-ba70-d9d1a7a5c58e","TradeIQ220320Strategy","BTC-USDT","Bybit Perpetual","short","49060.26","47535.70999999999","0.09801998465096488","5.2075845232097855","4808.885932172347","144.22878307641972","29.992140614420105","25200.0","1640703600000.0","1640728800000.0"
"4dfe9f69-e87f-41e9-9ec9-fa1ece5b45b0","TradeIQ220320Strategy","BTC-USDT","Bybit Perpetual","short","47535.71","47979.43","0.10419776448587316","5.473855234405361","4953.114715248766","-51.70848729207712","-10.439590089219267","21600.0","1640728800000.0","1640750400000.0"
"c30a045c-2f83-4e19-8d53-4a0bea4f9cca","TradeIQ220320Strategy","BTC-USDT","Bybit Perpetual","short","47734.91","47941.37","0.10267969978275204","5.403206438701789","4901.406227956689","-26.602457255848684","-5.427515292267213","14400.0","1640779200000.0","1640793600000.0"
"3a31e883-9344-4cc9-8fbf-98da63b45691","TradeIQ220320Strategy","BTC-USDT","Bybit Perpetual","short","46436.54","47492.99","0.10497775610975407","5.423281210514107","4874.80377070084","-116.32703165266349","-23.86291574479918","43200.0","1640822400000.0","1640865600000.0"
"19130d10-5398-4a16-a637-ece97f287a9b","TradeIQ220320Strategy","BTC-USDT","Bybit Perpetual","short","47068.0","47326.119999999995","0.10109791661103458","5.248676879782595","4758.476739048176","-31.344071115422373","-6.586996813121343","21600.0","1640905200000.0","1640926800000.0"
"2c010567-90dc-444e-9687-ee82782497da","TradeIQ220320Strategy","BTC-USDT","Bybit Perpetual","short","47168.94","48426.51","0.1002170637697763","5.269162419812755","4727.132667932752","-131.2991353047703","-27.77564001862241","3600.0","1640937600000.0","1640941200000.0"
"1565ea4d-7333-4755-a7d0-d3870f7e5227","TradeIQ220320Strategy","BTC-USDT","Bybit Perpetual","short","47000.02","47184.18","0.09778365057351","5.0653211962900695","4595.833532627981","-23.073158285908015","-5.0204512678931525","43200.0","1640973600000.0","1641016800000.0"
"b64e4ac5-dfe6-47e8-898b-e8c3b5672684","TradeIQ220320Strategy","BTC-USDT","Bybit Perpetual","short","47133.07","47329.68","0.09701808887776826","5.040527511326122","4572.760374342073","-24.115253965584195","-5.273675415159686","7200.0","1641132000000.0","1641139200000.0"
"e29445b1-1f16-4d61-900f-1a777ceab036","TradeIQ220320Strategy","BTC-USDT","Bybit Perpetual","short","47046.95","47261.729999999996","0.09668310316346733","5.014930710707736","4548.645120376489","-25.780527608157136","-5.667737738578141","14400.0","1641150000000.0","1641164400000.0"
"8b6ad066-5a01-4864-8ba5-a02c70e52239","TradeIQ220320Strategy","BTC-USDT","Bybit Perpetual","short","47059.43","47116.89","0.09610963398341907","4.978188404807942","4522.864592768331","-10.500647973495118","-2.321680819338422","36000.0","1641171600000.0","1641207600000.0"
"65c75cd8-9e52-4b5d-b644-42820b6a1556","TradeIQ220320Strategy","BTC-USDT","Bybit Perpetual","short","46874.66","46521.68","0.09626446239385707","4.944911652809639","4512.363944794836","29.03451828297434","6.434436281777899","61200.0","1641222000000.0","1641283200000.0"
"28b60428-59fa-4e57-b6d6-ab187435d099","TradeIQ220320Strategy","BTC-USDT","Bybit Perpetual","short","45742.69","46409.759999999995","0.09928140350027095","5.0319635145937","4541.3984630778095","-71.25960934751869","-15.691115837306297","32400.0","1641322800000.0","1641355200000.0"
"7f4ed21c-b040-4d40-98af-2871dc9fbc5f","TradeIQ220320Strategy","BTC-USDT","Bybit Perpetual","short","46302.72","46454.00000000001","0.09654160389994994","4.925185386714212","4470.13885373029","-19.529999224699228","-4.368991627273864","3600.0","1641362400000.0","1641366000000.0"
"2a3f557a-c3bb-446f-b58b-c7c340c95f55","TradeIQ220320Strategy","BTC-USDT","Bybit Perpetual","short","45922.29","43958.56","0.09691609139059902","4.790995370075597","4450.608854505592","185.52604077638574","41.685541650906416","7200.0","1641409200000.0","1641416400000.0"
"b796f40f-3a4c-47ab-8b99-7224e3852c2e","TradeIQ220320Strategy","BTC-USDT","Bybit Perpetual","short","43958.56","43123.15","0.10546603199199378","5.051289327027639","4636.134895281978","83.0560884594035","17.914942152336117","61200.0","1641416400000.0","1641477600000.0"
"e52a072e-7b33-46de-a743-3946281834ac","TradeIQ220320Strategy","BTC-USDT","Bybit Perpetual","short","42787.99","42089.3","0.11029242046054004","5.148726965927155","4719.190983741382","71.91148428564702","15.238095795105009","28800.0","1641517200000.0","1641546000000.0"
"d05c1331-8757-44a7-ad1e-d4b60a5d3389","TradeIQ220320Strategy","BTC-USDT","Bybit Perpetual","short","41471.53","41880.01","0.11552750689514057","5.2961675866388225","4791.102468027029","-52.486843603166214","-10.95506596935303","43200.0","1641564000000.0","1641607200000.0"
"926c0b29-d832-4ac8-a48e-e1be040a18e9","TradeIQ220320Strategy","BTC-USDT","Bybit Perpetual","short","40846.58","41775.18","0.11601009495590237","5.271727022663077","4738.615624423863","-112.99870119871385","-23.84635306064788","14400.0","1641664800000.0","1641679200000.0"
"0749bb84-b4c2-475c-803f-6c0318aef3d8","TradeIQ220320Strategy","BTC-USDT","Bybit Perpetual","short","41611.09","42127.99","0.11116307991992397","5.1197817233534995","4625.616923225149","-62.57997773396236","-13.529001379199668","3600.0","1641744000000.0","1641747600000.0"
"bccfdef1-bb9e-4adc-927a-844226c4e8c3","TradeIQ220320Strategy","BTC-USDT","Bybit Perpetual","short","41790.01","41905.0","0.10918965909534804","5.0262462854349605","4563.036945491186","-17.58196518480881","-3.8531279485216188","3600.0","1641780000000.0","1641783600000.0"
"e32aa1e0-6500-408d-ba6e-16ec37d2377b","TradeIQ220320Strategy","BTC-USDT","Bybit Perpetual","short","41914.84","42034.99","0.1084450037339133","5.007166795296262","4545.454980306378","-18.036833993926102","-3.968103099045623","3600.0","1641798000000.0","1641801600000.0"
"68a48ef9-5067-4048-8d7f-7799afdbac64","TradeIQ220320Strategy","BTC-USDT","Bybit Perpetual","short","41803.54","41892.96","0.10830226689683341","4.98548637473195","4527.418146312451","-14.669875080646605","-3.2402297747989346","28800.0","1641805200000.0","1641834000000.0"
"515bbd9a-d360-4d6e-a1cc-e2b9cc7b1832","TradeIQ220320Strategy","BTC-USDT","Bybit Perpetual","short","41616.57","42684.18","0.10843633368227618","5.027695341166379","4512.748271231804","-120.79540954370131","-26.767593112551097","7200.0","1641913200000.0","1641920400000.0"
"45976f91-8f35-4da6-8a52-e2059a290801","TradeIQ220320Strategy","BTC-USDT","Bybit Perpetual","long","43245.67","43540.96","0.10155821060670589","4.8476421660624425","4391.9528616881025","25.14148184399183","5.724442551127105","46800.0","1641992400000.0","1642039200000.0"
"0dad8a77-ad97-47c7-8b1c-b011a2a4a16c","TradeIQ220320Strategy","BTC-USDT","Bybit Perpetual","long","44120.24","43170.0","0.10011492103243533","4.80648051647628","4417.094343532094","-99.93968307833742","-22.625661873099467","3600.0","1642086000000.0","1642089600000.0"
"e79e0391-ea5b-4e24-b1a7-31abeaff9c39","TradeIQ220320Strategy","BTC-USDT","Bybit Perpetual","short","43170.0","42059.75","0.10000358259100665","4.6878041888347175","4317.154660453757","106.34117338283042","24.63223621728052","68400.0","1642089600000.0","1642158000000.0"
"4cfe7f8a-138b-492e-bd82-442088e364ce","TradeIQ220320Strategy","BTC-USDT","Bybit Perpetual","short","42059.75","42945.090000000004","0.1051717100990041","4.917057414220725","4423.495833836588","-98.0297792332734","-22.16115554657371","14400.0","1642158000000.0","1642172400000.0"
"1a529b2f-ec8c-45f7-a1c0-6c2131e5a783","TradeIQ220320Strategy","BTC-USDT","Bybit Perpetual","long","43183.63","42904.07","0.10016448488937393","4.742611569196026","4325.466054603315","-32.744594964869165","-7.570188865549228","3600.0","1642179600000.0","1642183200000.0"
"0f2fd6be-4fe3-49a8-b56b-930a37306b3c","TradeIQ220320Strategy","BTC-USDT","Bybit Perpetual","long","43268.35","43042.40000000001","0.09921158212962698","4.7096643342620865","4292.721459638446","-27.126521316450294","-6.319189719506056","7200.0","1642197600000.0","1642204800000.0"
"cc7b3fd5-3e27-4777-9616-cf88c19643a9","TradeIQ220320Strategy","BTC-USDT","Bybit Perpetual","short","42895.77","42965.67","0.09944092245743567","4.695977438418071","4265.594938321995","-11.64689791819297","-2.730427545653137","3600.0","1642222800000.0","1642226400000.0"
"9a21536f-fc21-4ab1-964d-4633f57e6249","TradeIQ220320Strategy","BTC-USDT","Bybit Perpetual","short","42700.0","43162.19","0.09962407588767687","4.704667732843172","4253.948040403802","-50.749919367368776","-11.930075046838462","7200.0","1642251600000.0","1642258800000.0"
"ed408cb5-e895-4f28-8842-0c5c9b4881cb","TradeIQ220320Strategy","BTC-USDT","Bybit Perpetual","long","43162.19","43070.51","0.09738148414240412","4.6186075691836805","4203.198121036434","-13.546542035359318","-3.2229130403253468","32400.0","1642258800000.0","1642291200000.0"
"bc713dc6-4720-41fd-8541-b14a05c781fd","TradeIQ220320Strategy","BTC-USDT","Bybit Perpetual","short","43070.51","43171.67","0.09727425050228275","4.614028881650627","4189.651579001074","-14.454292062461182","-3.4499985953265053","25200.0","1642291200000.0","1642316400000.0"
"d61ba212-a47a-4022-9f9c-618fbd9a4459","TradeIQ220320Strategy","BTC-USDT","Bybit Perpetual","short","43064.22","43097.88","0.09695281342466236","4.594511903067406","4175.197286938614","-7.857943602941175","-1.8820532451300924","14400.0","1642327200000.0","1642341600000.0"
"5cfdc879-9f97-49ad-b23b-1f2e964453b4","TradeIQ220320Strategy","BTC-USDT","Bybit Perpetual","long","43280.64","43059.54000000001","0.09628645378940034","4.572364363456179","4167.339343335672","-25.861299296291755","-6.205709966395859","10800.0","1642345200000.0","1642356000000.0"
"e1bef4dd-3817-4b45-b306-499f57488144","TradeIQ220320Strategy","BTC-USDT","Bybit Perpetual","short","43014.28","43157.21","0.0962814684806855","4.563194679102788","4141.478044039381","-18.324704969047193","-4.424677560568265","7200.0","1642366800000.0","1642374000000.0"
"7fc1b0aa-1496-4cb6-87cd-3beefa40a9c7","TradeIQ220320Strategy","BTC-USDT","Bybit Perpetual","short","42873.86","41710.21","0.0961693987681616","4.473919536495252","4123.1533390703335","107.43360134007614","26.056174123346988","75600.0","1642381200000.0","1642456800000.0"
"4c528b2d-138c-4be7-940e-4a921cc35b61","TradeIQ220320Strategy","BTC-USDT","Bybit Perpetual","short","41710.21","42063.78","0.10142809015851058","4.6733696958619895","4230.58694041041","-40.53529953320654","-9.581483634342758","3600.0","1642456800000.0","1642460400000.0"
"cb018614-401c-4bc2-b3e5-8775250606a1","TradeIQ220320Strategy","BTC-USDT","Bybit Perpetual","short","41709.99","42348.55","0.10045678843071418","4.6443380327160995","4190.051640877204","-68.79202485303344","-16.41794200861724","46800.0","1642496400000.0","1642543200000.0"
"d96b65b4-0c21-4676-97a2-3f861163e7d4","TradeIQ220320Strategy","BTC-USDT","Bybit Perpetual","short","41271.21","42023.149999999994","0.09985797886769422","4.574683542372963","4121.25961602417","-79.66189217214647","-19.32950107350851","14400.0","1642579200000.0","1642593600000.0"
"78b7fac3-8643-47ee-8339-ff875dffec44","TradeIQ220320Strategy","BTC-USDT","Bybit Perpetual","long","42941.36","41319.68","0.0941189967865951","4.361810504147339","4041.5977238520236","-156.9927052130329","-38.84421853429887","25200.0","1642690800000.0","1642716000000.0"
"db195ead-8b2e-483d-b995-69ad5d8850a8","TradeIQ220320Strategy","BTC-USDT","Bybit Perpetual","short","41319.68","38447.91","0.09401343424341599","4.1245737924714225","3884.6050186389907","265.860386264743","68.43948998394946","21600.0","1642716000000.0","1642737600000.0"
"f1a1aedb-c9db-47ce-9908-71eddab0a6b3","TradeIQ220320Strategy","BTC-USDT","Bybit Perpetual","short","38447.91","38831.88","0.10795035165510253","4.588309278482862","4150.4654049037335","-46.03800580349192","-11.092251425369906","43200.0","1642737600000.0","1642780800000.0"
"06664d32-4291-46da-83ff-3511a1e151c9","TradeIQ220320Strategy","BTC-USDT","Bybit Perpetual","short","38337.36","35728.06","0.10706077307097414","4.361225617664514","4104.427399100241","274.99244955642865","66.99898008104897","32400.0","1642798800000.0","1642831200000.0"
"21e0772b-1d53-4e95-a5af-1d94a9d0b01e","TradeIQ220320Strategy","BTC-USDT","Bybit Perpetual","short","35728.06","35572.97","0.12257648046540087","4.806906121026879","4379.41984865667","14.203480234351714","3.2432332877854693","28800.0","1642831200000.0","1642860000000.0"
"f91f1371-5bef-4c58-8c2c-6bae8f29379e","TradeIQ220320Strategy","BTC-USDT","Bybit Perpetual","short","34942.06","35490.61","0.12574024911213083","4.870921809287877","4393.623328891022","-73.84573545974762","-16.80747982517353","14400.0","1642964400000.0","1642978800000.0"
"7253437d-6bd8-4a23-9c1b-3510de0015a5","TradeIQ220320Strategy","BTC-USDT","Bybit Perpetual","short","34875.53","34384.59","0.12386270813465126","4.7183103159120074","4319.777593431274","56.090847615713976","12.984660992965624","32400.0","1643011200000.0","1643043600000.0"
"11b41b6e-de86-463a-a83c-511eec9c79d9","TradeIQ220320Strategy","BTC-USDT","Bybit Perpetual","long","37910.63","37737.5","0.11542589614171508","4.802464258182228","4375.868441046988","-24.786149657197058","-5.664281271506102","7200.0","1643194800000.0","1643202000000.0"
"c09957a5-59df-4d52-b97b-381a0e241c11","TradeIQ220320Strategy","BTC-USDT","Bybit Perpetual","long","38170.01","37950.7","0.1139921705912519","4.772440727915969","4351.082291389791","-29.772063660283983","-6.842450146070303","18000.0","1643205600000.0","1643223600000.0"
"ae30dd78-226a-4550-a720-23191dd211aa","TradeIQ220320Strategy","BTC-USDT","Bybit Perpetual","short","36989.1","36301.17","0.11682658479739998","4.709238568638637","4321.3102277295075","75.65927391103676","17.50841062637372","50400.0","1643230800000.0","1643281200000.0"
"79feb715-edea-4b81-b760-8aa24b2c4e12","TradeIQ220320Strategy","BTC-USDT","Bybit Perpetual","short","36191.5","36683.88","0.12149177297543744","4.869567517352303","4396.969501640544","-64.68968669499787","-14.712334636585867","14400.0","1643310000000.0","1643324400000.0"
"d9dce4c7-75fa-4dba-9e32-3f1ac137542d","TradeIQ220320Strategy","BTC-USDT","Bybit Perpetual","short","36473.29","36890.17","0.11877951824322801","4.792742039500981","4332.279814945546","-54.30954760473756","-12.536020276755877","14400.0","1643364000000.0","1643378400000.0"
"2103e898-e549-4cb1-bde2-53e2682f816d","TradeIQ220320Strategy","BTC-USDT","Bybit Perpetual","long","37730.18","37599.38","0.11338324564952532","4.697610503382862","4277.970267340807","-19.528139034341102","-4.564814109023676","64800.0","1643403600000.0","1643468400000.0"
"1343cb16-82f0-4903-860b-17223b22466a","TradeIQ220320Strategy","BTC-USDT","Bybit Perpetual","long","38319.8","37881.93","0.11112902803006453","4.657523304010175","4258.442128306467","-53.31759080753482","-12.520445083220755","46800.0","1643490000000.0","1643536800000.0"
"851a76aa-7a55-4078-99d0-439dc6d00bde","TradeIQ220320Strategy","BTC-USDT","Bybit Perpetual","short","37505.73","37665.0","0.11211952247027139","4.6354584932379375","4205.124537498932","-22.492734837077702","-5.348886730107553","3600.0","1643572800000.0","1643576400000.0"
"2cc0a276-d1a2-4727-abb6-34bdcc975c17","TradeIQ220320Strategy","BTC-USDT","Bybit Perpetual","long","37870.01","36821.39","0.11044707415344898","4.5371956269337055","4182.631802661855","-120.35420652572367","-28.774755274688403","3600.0","1643587200000.0","1643590800000.0"
"4bac411c-1884-4506-959b-fd00ba08dd0e","TradeIQ220320Strategy","BTC-USDT","Bybit Perpetual","short","36821.39","37484.04","0.11032385241665595","4.508713711191888","4062.277596136131","-77.61481451508911","-19.106231092851232","50400.0","1643590800000.0","1643641200000.0"
"b7e44497-1132-4f50-bdd9-3139228d5958","TradeIQ220320Strategy","BTC-USDT","Bybit Perpetual","long","37694.46","38576.82","0.10570950695728343","4.434429672090502","3984.6627816210416","88.83941088673816","22.295339845696173","61200.0","1643644800000.0","1643706000000.0"
"07070b8d-d8b0-40dd-9e5f-8c64db497503","TradeIQ220320Strategy","BTC-USDT","Bybit Perpetual","long","38576.82","38239.32","0.10559455632962438","4.461251422239872","4073.5021925077804","-40.09941418348809","-9.843965287963082","3600.0","1643706000000.0","1643709600000.0"
"a741def5-8f24-4752-8e9d-a4bb8fea543b","TradeIQ220320Strategy","BTC-USDT","Bybit Perpetual","long","38492.1","38356.04","0.1047852099086382","4.428901664543629","4033.4027783242923","-18.685977324712695","-4.632807173419939","18000.0","1643727600000.0","1643745600000.0"
"3a68e097-be6b-4e3e-800d-c2c2697a465e","TradeIQ220320Strategy","BTC-USDT","Bybit Perpetual","long","38763.41","38425.01","0.1035697530480311","4.396912078662238","4014.7168009995794","-39.444916510116116","-9.825080688205745","14400.0","1643752800000.0","1643767200000.0"
"b6014b48-15af-48bd-9097-0f8214c0b130","TradeIQ220320Strategy","BTC-USDT","Bybit Perpetual","short","37695.24","36980.01","0.10545819271848285","4.331314298190488","3975.271884489463","71.09554887984957","17.884449402630043","54000.0","1643814000000.0","1643868000000.0"
"d5150bc9-1e59-4272-9e08-b028ccf6adf0","TradeIQ220320Strategy","BTC-USDT","Bybit Perpetual","short","36594.0","36876.56","0.11057461423646808","4.468188356355505","4046.367433369313","-35.71215135501167","-8.825731212767057","21600.0","1643882400000.0","1643904000000.0"
"b6566f52-402b-4a20-91ee-cfcb0733b467","TradeIQ220320Strategy","BTC-USDT","Bybit Perpetual","short","36359.06","37289.86","0.1103069023790577","4.468191325819667","4010.6552820143015","-107.14185606024691","-26.714301909895443","10800.0","1643922000000.0","1643932800000.0"
"b109ad4f-8b1e-4886-a65a-8a925fd91852","TradeIQ220320Strategy","BTC-USDT","Bybit Perpetual","long","37969.5","37415.8","0.10280655331131709","4.262556574836799","3903.513425954054","-61.18654514331278","-15.674736696559005","25200.0","1643958000000.0","1643983200000.0"
"d1042a47-d64e-4039-b911-2ad6a38990df","TradeIQ220320Strategy","BTC-USDT","Bybit Perpetual","long","39481.72","41550.0","0.09731913606627932","4.337265341400556","3842.3268808107414","196.9459574017635","51.25695015313413","28800.0","1643990400000.0","1644019200000.0"
"95a8966e-d2db-40fc-b601-0ace68124cdc","TradeIQ220320Strategy","BTC-USDT","Bybit Perpetual","long","41550.0","41276.89","0.09721474941546342","4.428597445916684","4039.272838212505","-30.978917658773952","-7.669429350180519","61200.0","1644019200000.0","1644080400000.0"
"98a0da6f-68ab-4e4a-943f-616915169697","TradeIQ220320Strategy","BTC-USDT","Bybit Perpetual","long","41621.19","41300.0","0.09630416431038448","4.392110748614936","4008.293920553732","-35.324045283467555","-8.812738283071733","61200.0","1644098400000.0","1644159600000.0"
"40e47eec-349e-40b9-bfc0-fe39082ced30","TradeIQ220320Strategy","BTC-USDT","Bybit Perpetual","long","42361.35","43805.26000000001","0.09378761241722146","4.444748342092234","3972.969875270264","130.97612310325903","32.966804988509836","57600.0","1644192000000.0","1644249600000.0"
"0f5986d1-1b58-4403-9fb2-78b609b683f2","TradeIQ220320Strategy","BTC-USDT","Bybit Perpetual","long","43805.26","43829.99","0.09368614632976775","4.515614870330179","4103.945998373522","-2.198756471595404","-0.5357664239409622","28800.0","1644249600000.0","1644278400000.0"
"03d98ca4-d410-41c9-a5fa-8a7e38196f33","TradeIQ220320Strategy","BTC-USDT","Bybit Perpetual","long","44867.12","43844.1","0.09141989149073813","4.46048355852605","4101.747241901927","-97.98486095138135","-23.888566304233567","14400.0","1644300000000.0","1644314400000.0"
"cbc6d540-c646-4e7a-9732-47d0ac7d9e0d","TradeIQ220320Strategy","BTC-USDT","Bybit Perpetual","long","44159.9","43317.14","0.09066511429941067","4.362113706595766","4003.7623809505453","-80.77104543356728","-20.17378599136325","18000.0","1644357600000.0","1644375600000.0"
"04f000af-f4d0-4d0c-bd8e-b295ff4b81e8","TradeIQ220320Strategy","BTC-USDT","Bybit Perpetual","long","43679.26","43374.51","0.08981359426686666","4.300236587999622","3922.991335516979","-31.670929440827237","-8.073158141873282","7200.0","1644390000000.0","1644397200000.0"
"78c118d9-b47a-4bb2-b573-50e6542fa891","TradeIQ220320Strategy","BTC-USDT","Bybit Perpetual","long","43686.65","43773.22","0.0890734447726285","4.284693545146448","3891.3204060761514","3.426394568819976","0.880522344926876","54000.0","1644408000000.0","1644462000000.0"
"9cfc40df-eb98-4438-afe1-e11f05c7d074","TradeIQ220320Strategy","BTC-USDT","Bybit Perpetual","long","44377.2","43628.82","0.08776459084045346","4.2480967852382205","3894.7468006449712","-69.92936127841655","-17.954790094913545","14400.0","1644487200000.0","1644501600000.0"
"a453d724-3c31-4289-a7c0-a97a89ea4b37","TradeIQ220320Strategy","BTC-USDT","Bybit Perpetual","long","44936.02","44355.73","0.0851169604999854","4.180133296748515","3824.817439366554","-53.5726543052845","-14.006591204561367","14400.0","1644508800000.0","1644523200000.0"
"0e086638-a28f-484c-8a0e-3ef33e2a4725","TradeIQ220320Strategy","BTC-USDT","Bybit Perpetual","long","43648.87","43564.79","0.08639959717310595","4.144373800595723","3771.2447850612693","-11.408851930910622","-3.0252217984108576","3600.0","1644595200000.0","1644598800000.0"
"269a2882-fedf-4ef1-bb82-7e77a6cb520b","TradeIQ220320Strategy","BTC-USDT","Bybit Perpetual","short","42334.2","42532.99","0.08881320381937911","4.145529873676385","3759.835933130359","-21.800706660930835","-5.798313290436594","3600.0","1644613200000.0","1644616800000.0"
"83927eb6-68d1-4ae3-861d-355f0ac7f699","TradeIQ220320Strategy","BTC-USDT","Bybit Perpetual","short","42144.59","42366.0","0.08869549392862593","4.122639687237278","3738.035226469429","-23.760708997974653","-6.356470059383742","3600.0","1644620400000.0","1644624000000.0"
"cb0a4c9a-0cc5-43da-9794-5cca9f8d716b","TradeIQ220320Strategy","BTC-USDT","Bybit Perpetual","short","42314.89","42439.51","0.08777700987693585","4.091718293252574","3714.2745174714537","-15.03048926411655","-4.04668238532589","3600.0","1644627600000.0","1644631200000.0"
"49fae0d6-2f0d-4bc5-9145-9efa10c535ba","TradeIQ220320Strategy","BTC-USDT","Bybit Perpetual","short","42279.98","42374.84","0.0874939871827597","4.073733254821358","3699.244028207337","-12.373412878977357","-3.344849051489459","21600.0","1644638400000.0","1644660000000.0"
"5889f287-df6a-46ea-b721-3362847294cb","TradeIQ220320Strategy","BTC-USDT","Bybit Perpetual","short","42088.38","42704.38","0.08759830184313011","4.085235981525649","3686.87061532836","-58.045789916893796","-15.74391834515845","10800.0","1644674400000.0","1644685200000.0"
"ce377a80-b1da-4630-b50f-ae6ee657b08d","TradeIQ220320Strategy","BTC-USDT","Bybit Perpetual","long","42704.38","41860.01","0.08497547149522991","3.952244401576078","3628.824825411466","-75.70298326800297","-20.86157004269809","18000.0","1644685200000.0","1644703200000.0"
"f51a1b7f-2ea9-4ec5-bd45-c5fa66b05ccf","TradeIQ220320Strategy","BTC-USDT","Bybit Perpetual","short","41860.01","42372.41","0.08488105574134987","3.932355205486837","3553.1218421434633","-47.42540816735463","-13.347532191225026","10800.0","1644703200000.0","1644714000000.0"
"02bde17c-83ed-48ad-9ec6-fa59f107963b","TradeIQ220320Strategy","BTC-USDT","Bybit Perpetual","short","42208.21","42404.0","0.08305721645092527","3.8652100521986292","3505.6964339761084","-20.126982461125362","-5.741222276424442","14400.0","1644721200000.0","1644735600000.0"
"9bb17943-5170-466f-bb66-1dd5a38e5aaa","TradeIQ220320Strategy","BTC-USDT","Bybit Perpetual","short","42293.02","42552.11","0.08241476847751669","3.845870459967143","3485.5694515149826","-25.198712824807252","-7.229439314099674","3600.0","1644746400000.0","1644750000000.0"
"699c62e2-9d49-486e-8139-cff9f0fe7316","TradeIQ220320Strategy","BTC-USDT","Bybit Perpetual","long","42462.0","42292.33","0.08149335261387064","3.7988029751332952","3460.370738690175","-17.625780113128585","-5.09361032217037","18000.0","1644753600000.0","1644771600000.0"
"c3ab87c9-4de7-429e-8019-4dcf4b1702b6","TradeIQ220320Strategy","BTC-USDT","Bybit Perpetual","long","42421.79","42180.55","0.08115510822567946","3.7762516323651525","3442.744958577047","-23.354109940727902","-6.783572475371689","3600.0","1644786000000.0","1644789600000.0"
"07a9cb03-8523-4020-bcab-e9915d8ad4b6","TradeIQ220320Strategy","BTC-USDT","Bybit Perpetual","long","42353.38","42041.13","0.08073478075743469","3.747464744089621","3419.390848636319","-28.9569000355986","-8.46843818604324","3600.0","1644793200000.0","1644796800000.0"
"f2a2129b-029e-4cdb-9fb6-f296629ca15a","TradeIQ220320Strategy","BTC-USDT","Bybit Perpetual","short","42099.98","42154.26","0.08053291114629318","3.731881572990154","3390.43394860072","-8.103207990010855","-2.3900208978721333","21600.0","1644800400000.0","1644822000000.0"
"cb442532-26ef-47de-8225-dbd49c4662fa","TradeIQ220320Strategy","BTC-USDT","Bybit Perpetual","short","42067.01","42205.42","0.08040340258579608","3.7266845638953257","3382.3307406107097","-14.855319515795056","-4.392036336787335","3600.0","1644832800000.0","1644836400000.0"
"5ce3eb52-a8e7-4856-9151-c809f5d2ae7c","TradeIQ220320Strategy","BTC-USDT","Bybit Perpetual","long","42500.07","42227.85","0.07923458528644577","3.6923598818607344","3367.475421094915","-25.261598688537095","-7.501643079646721","21600.0","1644843600000.0","1644865200000.0"
"4d979abe-06f6-441b-9d1a-a145f56cc5c1","TradeIQ220320Strategy","BTC-USDT","Bybit Perpetual","short","42102.29","42659.99","0.07938318372721241","3.700784805507582","3342.213822406378","-47.972786370173715","-14.35359582578518","10800.0","1644868800000.0","1644879600000.0"
"97d9bf6f-5bc0-4965-81d4-db12c12b5f94","TradeIQ220320Strategy","BTC-USDT","Bybit Perpetual","long","43443.33","43975.0","0.07582846517603979","3.6458387856839054","3294.241036036205","36.669881294461035","11.131511292987858","72000.0","1644890400000.0","1644962400000.0"
"c3cb7cf4-9d36-4e1e-8027-65e379d1e195","TradeIQ220320Strategy","BTC-USDT","Bybit Perpetual","long","44529.6","43987.2","0.07480217467326598","3.641687024315203","3330.9109173306647","-44.214386567094785","-13.27396248787327","7200.0","1644969600000.0","1644976800000.0"
"0ee610c8-2f84-41e1-952b-3a58a307273c","TradeIQ220320Strategy","BTC-USDT","Bybit Perpetual","long","44202.2","43860.7","0.07435594904243614","3.6014002777110328","3286.6965307635705","-28.993956875702974","-8.821610575944185","14400.0","1645041600000.0","1645056000000.0"
"6e5004fd-f65b-4851-b043-fdc3f202155c","TradeIQ220320Strategy","BTC-USDT","Bybit Perpetual","long","44001.9","43574.3","0.07403549787367972","3.566061162886723","3257.702573887868","-35.223640053672064","-10.812417418338722","7200.0","1645063200000.0","1645070400000.0"
"e26e0ca2-71e6-4ae2-b601-63e0762e7ab1","TradeIQ220320Strategy","BTC-USDT","Bybit Perpetual","short","42242.6","40865.6","0.07628505191049309","3.4869523431532032","3222.4789338341952","101.55756413759578","31.51535393181291","25200.0","1645106400000.0","1645131600000.0"
"7b939db6-9c54-4073-b55e-109e9b98dc91","TradeIQ220320Strategy","BTC-USDT","Bybit Perpetual","short","40865.6","40766.5","0.08134069970762184","3.6520066729314067","3324.036497971791","4.408856668093799","1.3263562752045372","18000.0","1645131600000.0","1645149600000.0"
"04cca9ff-53c9-45c7-89b7-a2bf44346eff","TradeIQ220320Strategy","BTC-USDT","Bybit Perpetual","short","40167.2","40194.9","0.08286475917265543","3.6625523347098694","3328.445354639885","-5.957906163792787","-1.7899966888407548","46800.0","1645185600000.0","1645232400000.0"
"cd3366fb-3843-4059-9690-615c6b5797a3","TradeIQ220320Strategy","BTC-USDT","Bybit Perpetual","short","39926.2","39929.5","0.08321571921385186","3.654887229854075","3322.4874484760917","-3.9294991032600284","-1.182697952722847","21600.0","1645268400000.0","1645290000000.0"
"076255f4-1e10-4b61-b28c-9290d6181494","TradeIQ220320Strategy","BTC-USDT","Bybit Perpetual","short","39778.1","38782.8","0.0834267586780875","3.6047446852083507","3318.5579493728324","79.42990822709179","23.935067411464996","10800.0","1645329600000.0","1645340400000.0"
"c2443e8a-3440-47b9-9d8f-fca15e806ccf","TradeIQ220320Strategy","BTC-USDT","Bybit Perpetual","short","38782.8","38795.6","0.08761584665366927","3.738403458920359","3397.9878575999246","-4.859886296086943","-1.430224738801624","57600.0","1645340400000.0","1645398000000.0"
"2c7fc529-63f1-4813-830f-e8583e06c888","TradeIQ220320Strategy","BTC-USDT","Bybit Perpetual","short","38282.2","38652.7","0.08863461272611912","3.750502286642486","3393.1279713038375","-36.589626301669625","-10.783450141318944","14400.0","1645441200000.0","1645455600000.0"
"a9f700e5-139c-4d58-b19c-77247328d662","TradeIQ220320Strategy","BTC-USDT","Bybit Perpetual","short","37029.4","37682.5","0.0906452263607341","3.724752398037292","3356.5383450021677","-62.9251497342326","-18.747037354102375","46800.0","1645480800000.0","1645527600000.0"
"678e17dd-7702-443d-9cc5-4bd7fa664115","TradeIQ220320Strategy","BTC-USDT","Bybit Perpetual","short","38072.4","35896.5","0.0865092086463668","3.519445051893233","3293.613195267935","184.7159420417364","56.08307080719895","32400.0","1645639200000.0","1645671600000.0"
"dacb15ce-48fb-40d3-b975-b164e37c0718","TradeIQ220320Strategy","BTC-USDT","Bybit Perpetual","short","35896.5","35490.3","0.09689883797333086","3.804513881649017","3478.3291373096713","35.5557941031177","10.222090175922363","21600.0","1645671600000.0","1645693200000.0"
"e1452d4e-9b2d-478e-96a1-d771e3ef700f","TradeIQ220320Strategy","BTC-USDT","Bybit Perpetual","long","38899.4","38703.8","0.09033262547527184","3.855555440705439","3513.8849314127892","-21.52461698366848","-6.125589597782962","3600.0","1645761600000.0","1645765200000.0"
"e9c215e2-fbf4-4025-afc2-b07325f972d6","TradeIQ220320Strategy","BTC-USDT","Bybit Perpetual","long","39340.2","38645.2","0.08877332383742637","3.8076627428351766","3492.3603144291205","-65.5051228098465","-18.756690865831896","18000.0","1645797600000.0","1645815600000.0"
"df479321-73d5-411e-a826-d821d9a535ca","TradeIQ220320Strategy","BTC-USDT","Bybit Perpetual","long","39091.7","38772.4","0.08766196383424804","3.75414595500245","3426.8551916192737","-31.744611007277467","-9.263481890017463","43200.0","1645822800000.0","1645866000000.0"
"fb9ed9d8-e6cd-45db-a5f5-a64cc7c1b569","TradeIQ220320Strategy","BTC-USDT","Bybit Perpetual","short","38772.4","38983.1","0.0875651386195334","3.7447691247621213","3395.1105806119967","-22.194743831897554","-6.5372668444562905","7200.0","1645866000000.0","1645873200000.0"
"8541083c-7265-4656-8912-047c5866a570","TradeIQ220320Strategy","BTC-USDT","Bybit Perpetual","long","39420.9","38766.5","0.08556161418892261","3.6794120842792326","3372.915836780099","-59.670932409510314","-17.69120111412985","10800.0","1645912800000.0","1645923600000.0"
"e9285601-81e7-49d2-a39c-0b318ea3423b","TradeIQ220320Strategy","BTC-USDT","Bybit Perpetual","short","38228.3","39053.7","0.086669951433116","3.683914952659739","3313.2449043705883","-75.22129286555317","-22.70320940245823","28800.0","1645927200000.0","1645956000000.0"
"28f1c327-98a5-4a8e-b9db-edcc8f91914c","TradeIQ220320Strategy","BTC-USDT","Bybit Perpetual","long","39349.6","38773.2","0.08228860297194979","3.5357388397413714","3238.023611505035","-50.96688959277335","-15.740122898326831","14400.0","1645959600000.0","1645974000000.0"
"313444c5-f336-4ec1-a221-a5498be9ec4d","TradeIQ220320Strategy","BTC-USDT","Bybit Perpetual","long","39071.5","38956.1","0.08156985838558188","3.5005851551917564","3187.0567219122627","-12.913746812888025","-4.051935042166323","3600.0","1645981200000.0","1645984800000.0"
"b87d2d1f-c3fc-40ca-a7be-5aacf262e90d","TradeIQ220320Strategy","BTC-USDT","Bybit Perpetual","short","37574.7","38317.1","0.0844755373988182","3.526050324039997","3174.1429750993743","-66.24068928892275","-20.868842332739884","43200.0","1645992000000.0","1646035200000.0"
"5998cd5e-0051-4174-85e0-652fa32948f9","TradeIQ220320Strategy","BTC-USDT","Bybit Perpetual","long","39793.5","41882.0","0.07810075227890109","3.5084048960154623","3107.9022858104504","159.60501623846946","51.354579893701235","21600.0","1646060400000.0","1646082000000.0"
"4eb1bbe6-5ba7-4691-ba93-54d93ed62ce8","TradeIQ220320Strategy","BTC-USDT","Bybit Perpetual","long","41882.0","43439.6","0.0780169834785569","3.661093621660222","3267.50730204892","117.85815984453988","36.06974643044742","36000.0","1646082000000.0","1646118000000.0"
"7d86aa80-ba6c-40c1-9598-f51eb77a6c06","TradeIQ220320Strategy","BTC-USDT","Bybit Perpetual","long","44609.6","43963.0","0.07588872040756833","3.696913702444263","3385.36546189346","-52.766560317977834","-15.586665874609915","68400.0","1646139600000.0","1646208000000.0"
"dd00d108-21a8-4ddc-8688-b230e614825c","TradeIQ220320Strategy","BTC-USDT","Bybit Perpetual","long","44818.5","43734.5","0.07435766260752776","3.621526753286423","3332.5989015754826","-84.2252330198465","-25.273138324575783","10800.0","1646233200000.0","1646244000000.0"
"6feeaf75-f63a-4e33-a320-9d9a0ec08b20","TradeIQ220320Strategy","BTC-USDT","Bybit Perpetual","long","43968.1","43409.1","0.07388023745751207","3.5504965564048883","3248.3736685556364","-44.849549295154134","-13.806770363058673","3600.0","1646316000000.0","1646319600000.0"
"5b2da196-772a-4c07-88e7-2fabef150894","TradeIQ220320Strategy","BTC-USDT","Bybit Perpetual","short","41101.0","39457.4","0.07794272935598848","3.4534178627033043","3203.5241192604826","124.65325210679924","38.91128877642876","21600.0","1646406000000.0","1646427600000.0"
"0b05370f-8b95-4fc6-b4fb-19722cb24f3b","TradeIQ220320Strategy","BTC-USDT","Bybit Perpetual","short","39457.4","39106.1","0.08434862336006126","3.644697689241495","3328.177371367281","25.986973697148272","7.808169696939052","54000.0","1646427600000.0","1646481600000.0"
"15712183-da1f-4469-bd35-e89534ede174","TradeIQ220320Strategy","BTC-USDT","Bybit Perpetual","short","39442.1","38240.1","0.08504020691252316","3.633360698781004","3354.1643450644297","98.58496801007183","29.391812048547113","21600.0","1646542800000.0","1646564400000.0"
"602dae66-92d9-44a0-9fed-d1a6e4e8a37b","TradeIQ220320Strategy","BTC-USDT","Bybit Perpetual","short","38240.1","39189.9","0.09029132541689226","3.8451915298664825","3452.7493130745015","-89.60389241083102","-25.951461947013815","21600.0","1646564400000.0","1646586000000.0"
"68d38ceb-2236-479a-ab17-9505d0440606","TradeIQ220320Strategy","BTC-USDT","Bybit Perpetual","short","38401.1","38567.6","0.08757940321146193","3.7074800465791276","3363.145420663671","-18.28945068128754","-5.438197994328288","46800.0","1646611200000.0","1646658000000.0"
"dc26afc0-7930-41ee-a3d7-a1c1ef631c04","TradeIQ220320Strategy","BTC-USDT","Bybit Perpetual","short","37961.5","38596.6","0.08811179668828638","3.710119458122824","3344.855969982383","-59.66992153485338","-17.8393096953492","28800.0","1646679600000.0","1646708400000.0"
"a670531a-0534-4202-840c-c9d3f668a3f2","TradeIQ220320Strategy","BTC-USDT","Bybit Perpetual","short","38485.8","38709.9","0.08536099154616844","3.6242258223053057","3285.1860484475296","-22.75362402780153","-6.926129507506626","7200.0","1646776800000.0","1646784000000.0"
"f3f4f29c-32f7-47c4-baec-0e72762c598c","TradeIQ220320Strategy","BTC-USDT","Bybit Perpetual","long","41198.5","42200.2","0.07918813608310322","3.6323031826146455","3262.4324244197282","75.69045273182962","23.200619318664444","57600.0","1646798400000.0","1646856000000.0"
"3fae98f5-7065-4048-bccc-2053e4640298","TradeIQ220320Strategy","BTC-USDT","Bybit Perpetual","short","39526.3","38837.8","0.08445320905704702","3.6399548459270368","3338.122877151558","54.50607958984984","16.328362255004897","32400.0","1646888400000.0","1646920800000.0"
"61a1b6d5-f55f-4095-afb6-f2f54bf25737","TradeIQ220320Strategy","BTC-USDT","Bybit Perpetual","short","38659.0","39878.4","0.08775780430795954","3.7907483790307683","3392.628956741408","-110.80261495215677","-32.659809358752206","36000.0","1646964000000.0","1647000000000.0"
"277d81a9-01e4-449e-9d89-eaa13b02cbbf","TradeIQ220320Strategy","BTC-USDT","Bybit Perpetual","long","39878.4","39243.8","0.08229583789192273","3.5812852596687588","3281.8263417892513","-55.8062239858828","-17.00462430789597","7200.0","1647000000000.0","1647007200000.0"
"40e64264-da72-4b7d-b8e3-d2f71b6a682f","TradeIQ220320Strategy","BTC-USDT","Bybit Perpetual","short","38776.1","39123.0","0.0831960954764241","3.56449552862013","3226.0201178033685","-32.42522104939177","-10.051152771939455","18000.0","1647028800000.0","1647046800000.0"
"32857904-757c-4f84-9222-c3cbd1f79c55","TradeIQ220320Strategy","BTC-USDT","Bybit Perpetual","short","39054.1","39155.1","0.08177361395484666","3.5174969106845664","3193.5948967539766","-11.776631920124078","-3.687578512883411","3600.0","1647086400000.0","1647090000000.0"
"8da1d3ce-11d8-453a-bd1d-ebe0872f1f67","TradeIQ220320Strategy","BTC-USDT","Bybit Perpetual","short","39056.4","39130.0","0.08146726950855307","3.5032978863869437","3181.818264833852","-9.499288922216332","-2.9854907262317716","10800.0","1647093600000.0","1647104400000.0"
"bc3093ad-b120-42f1-bc23-f8390f34bbda","TradeIQ220320Strategy","BTC-USDT","Bybit Perpetual","short","38727.4","38962.9","0.08191407055241602","3.500160793491102","3172.3189759116362","-22.790924408585074","-7.184310462359983","25200.0","1647172800000.0","1647198000000.0"
"cee775b7-9904-476b-88b6-2789a322bc71","TradeIQ220320Strategy","BTC-USDT","Bybit Perpetual","short","38672.2","38500.3","0.08144165709483948","3.4567809551833255","3149.5280515030513","10.543039899419107","3.347498332135078","28800.0","1647205200000.0","1647234000000.0"
"18b08435-55d8-4a51-ae7c-99e0f8e90e9b","TradeIQ220320Strategy","BTC-USDT","Bybit Perpetual","short","38665.4","38795.0","0.08172865381975798","3.4819038189869898","3160.0710914024703","-14.073937354027505","-4.453677448054295","3600.0","1647284400000.0","1647288000000.0"
"81654283-85cd-43a5-aa79-afcffe37b892","TradeIQ220320Strategy","BTC-USDT","Bybit Perpetual","short","38713.8","39312.0","0.08126293864328593","3.487333188896315","3145.997154048443","-52.098823085309725","-16.56035289741635","3600.0","1647295200000.0","1647298800000.0"
"e2e0066d-b76c-45aa-91bb-94dc67a53298","TradeIQ220320Strategy","BTC-USDT","Bybit Perpetual","long","39312.0","38814.3","0.0787011174949922","3.3817449136619553","3093.8983309631335","-42.55129109091934","-13.753293269230696","10800.0","1647298800000.0","1647309600000.0"
"26858a8a-df4f-4e0c-a4fe-3555d64f357e","TradeIQ220320Strategy","BTC-USDT","Bybit Perpetual","short","38428.0","38838.0","0.07940426355449708","3.3743874052909746","3051.347039872214","-35.93013546263477","-11.775171749765795","18000.0","1647331200000.0","1647349200000.0"
"ceacd08f-48ff-48ff-9034-4a6f3ceba6e6","TradeIQ220320Strategy","BTC-USDT","Bybit Perpetual","long","39730.7","39159.5","0.07589639509018416","3.2931149833690054","3015.4169044095793","-46.64513585888198","-15.468884514997146","18000.0","1647374400000.0","1647392400000.0"
"c3d30952-6cb5-4572-8176-20ec8e6f6702","TradeIQ220320Strategy","BTC-USDT","Bybit Perpetual","long","40867.8","39137.9","0.07264329786655258","3.1965328428671254","2968.7717685506977","-128.86217382221653","-43.40588764259395","3600.0","1647399600000.0","1647403200000.0"
"b3273845-327c-42c2-8453-64be1d844c8c","TradeIQ220320Strategy","BTC-USDT","Bybit Perpetual","short","39090.6","39298.6","0.0726494245350156","3.132211648368135","2839.909594728481","-18.24329195165138","-6.423898840130364","3600.0","1647406800000.0","1647410400000.0"
"9663e65c-3004-4c36-8046-9ab27603fa8f","TradeIQ220320Strategy","BTC-USDT","Bybit Perpetual","long","41227.6","40688.4","0.06844119722653828","3.083536011605011","2821.6663027768295","-39.987029556154255","-14.171423997516158","86400.0","1647464400000.0","1647550800000.0"
"edf294ee-8718-4818-86bc-e19e0bc25499","TradeIQ220320Strategy","BTC-USDT","Bybit Perpetual","long","40983.3","40310.1","0.06787348196022953","3.0347163651121485","2781.6792732206754","-48.727144420738966","-17.51716845642016","10800.0","1647554400000.0","1647565200000.0"
"ec0168d1-2fa0-4e6f-a503-6d119ab0be15","TradeIQ220320Strategy","BTC-USDT","Bybit Perpetual","long","40902.2","42020.3","0.06681675139234408","3.0473366370324086","2732.952128799936","71.66047309474789","26.220903154353696","14400.0","1647619200000.0","1647633600000.0"
"a5113bdc-4505-4777-85b3-7256edea410a","TradeIQ220320Strategy","BTC-USDT","Bybit Perpetual","long","42020.3","41785.0","0.06674423080974395","3.0764361574539096","2804.612601894684","-18.781353666986856","-6.696594622123186","28800.0","1647633600000.0","1647662400000.0"
"fe362228-bdc6-44bd-a165-aeccfff70763","TradeIQ220320Strategy","BTC-USDT","Bybit Perpetual","long","41953.1","41792.4","0.06640346597099372","3.0585453027106206","2785.831248227697","-13.729582284249119","-4.928361074628503","36000.0","1647709200000.0","1647745200000.0"
"3aad34cc-7c2f-4863-b119-29dc3289abb5","TradeIQ220320Strategy","BTC-USDT","Bybit Perpetual","long","41308.4","41218.7","0.06710745673866447","3.04600108615959","2772.1016659434476","-9.065539955618085","-3.2702768686273096","7200.0","1647856800000.0","1647864000000.0"
"a2f44942-f504-4f6d-a8d3-931c098260ab","TradeIQ220320Strategy","BTC-USDT","Bybit Perpetual","long","41815.9","42268.2","0.06607620847543232","3.0557771865880046","2763.0361259878305","26.830491906849744","9.710510714823682","61200.0","1647918000000.0","1647979200000.0"
"148418d0-5c56-4b3a-a1b7-99419fde2e37","TradeIQ220320Strategy","BTC-USDT","Bybit Perpetual","long","42588.7","42149.0","0.06550720303495246","3.0530113452381897","2789.8666178946796","-31.856528519706593","-11.418656474604697","7200.0","1648051200000.0","1648058400000.0"
"1151ad5e-9385-4451-b27d-f479eb79d44a","TradeIQ220320Strategy","BTC-USDT","Bybit Perpetual","long","42332.4","43004.1","0.06515128103710097","3.0578802618224117","2758.010089374973","40.70423521079812","14.758551960200627","46800.0","1648069200000.0","1648116000000.0"
"9f20c7f8-f3da-4a66-99b6-9e6c591487cc","TradeIQ220320Strategy","BTC-USDT","Bybit Perpetual","long","43564.8","43902.4","0.06424256107191521","3.0905143157841826","2798.714324585772","18.597774302094297","6.645113486117197","61200.0","1648134000000.0","1648195200000.0"
"c8845dcd-37aa-4f06-83cc-0388fe6f62ff","TradeIQ220320Strategy","BTC-USDT","Bybit Perpetual","long","44554.5","44290.6","0.06323294165320824","3.0898653634603983","2817.3120988878663","-19.777038665742143","-7.019825270174762","43200.0","1648209600000.0","1648252800000.0"
"2ca6cad1-60f6-49fa-8210-25957fea1839","TradeIQ220320Strategy","BTC-USDT","Bybit Perpetual","long","44404.1","44514.1","0.0630017286742018","3.081100170829126","2797.535060222124","3.849089983333072","1.3758862357304844","57600.0","1648321200000.0","1648378800000.0"
"7d89b8b0-56b6-4793-8c79-3b4be403913b","TradeIQ220320Strategy","BTC-USDT","Bybit Perpetual","long","44836.1","46114.2","0.06248054916028506","3.125443579660971","2801.384150205457","76.73094630209927","27.390369256023572","18000.0","1648396800000.0","1648414800000.0"
"b5b352e6-3e24-46dd-8a8a-83b2e4d98cca","TradeIQ220320Strategy","BTC-USDT","Bybit Perpetual","long","46114.2","47209.0","0.06241277299633424","3.203507833290325","2878.1150965075562","65.12599604309658","22.62800265428009","50400.0","1648414800000.0","1648465200000.0"
"439717ba-e644-44d2-9166-258e64ba6b94","TradeIQ220320Strategy","BTC-USDT","Bybit Perpetual","long","47209.0","47611.5","0.062344915006686284","3.2513668073653235","2943.241092550653","21.842461482825907","7.421227414264229","39600.0","1648465200000.0","1648504800000.0"
"8a7e135a-3e44-45c8-9f7a-67a3759b8257","TradeIQ220320Strategy","BTC-USDT","Bybit Perpetual","long","47873.3","47257.4","0.06193605943257471","3.2406113789843394","2965.083554033479","-41.387030383507195","-13.958132925868941","36000.0","1648555200000.0","1648591200000.0"
"89f22189-f989-4b29-a556-bec35c3dd213","TradeIQ220320Strategy","BTC-USDT","Bybit Perpetual","long","47406.0","47263.5","0.06167355447939019","3.2112325111826467","2923.6965236499714","-11.99971402449575","-4.104295342361727","10800.0","1648623600000.0","1648634400000.0"
"93dd9cda-428f-4f85-9f5a-15964121b46a","TradeIQ220320Strategy","BTC-USDT","Bybit Perpetual","long","47640.1","47109.2","0.06111861246356484","3.1850201613417246","2911.6968096254755","-35.63289151824839","-12.237844064139276","3600.0","1648663200000.0","1648666800000.0"
"89083916-3b73-4cc3-99d4-cb61d294bc32","TradeIQ220320Strategy","BTC-USDT","Bybit Perpetual","long","47383.5","46905.4","0.0606975828739377","3.147709577013334","2876.063918107227","-32.167223949042864","-11.184460730000922","3600.0","1648731600000.0","1648735200000.0"
"c7753eb2-6c1e-43f0-9ca5-2655700de768","TradeIQ220320Strategy","BTC-USDT","Bybit Perpetual","short","45578.1","45741.9","0.06239612213230004","3.1339076302169016","2843.8966941581843","-13.35439243548783","-4.695807855088362","3600.0","1648756800000.0","1648760400000.0"
"49dd1104-f11d-41af-9321-353958cb724b","TradeIQ220320Strategy","BTC-USDT","Bybit Perpetual","short","45506.0","44993.8","0.062201518518935885","3.0960737421129965","2830.5423017226963","28.763544043285783","10.161849206697955","28800.0","1648771200000.0","1648800000000.0"
"6c841bbb-03ec-44d0-b543-fabcb29e4ed3","TradeIQ220320Strategy","BTC-USDT","Bybit Perpetual","long","46096.7","46736.0","0.06202842819043407","3.1670465561207597","2859.3058457659818","36.48772758602392","12.761043957593559","39600.0","1648825200000.0","1648864800000.0"
"717e99a8-2ac3-4e0e-b5a6-00434849268b","TradeIQ220320Strategy","BTC-USDT","Bybit Perpetual","short","45763.9","45930.2","0.06327680930497631","3.1911605440502857","2895.7935733520053","-13.71409393146757","-4.735867244705885","3600.0","1648954800000.0","1648958400000.0"
"5ac95ece-7510-49ab-8657-c0f2b0e671a5","TradeIQ220320Strategy","BTC-USDT","Bybit Perpetual","long","46337.9","46170.1","0.06219702402181666","3.164547264015619","2882.0794794205385","-13.601207894876636","-4.719234147425819","18000.0","1648965600000.0","1648983600000.0"
"e25c11ce-71c8-4360-9372-877d04483bfa","TradeIQ220320Strategy","BTC-USDT","Bybit Perpetual","long","46359.4","46276.6","0.0618747928473117","3.152508320611962","2868.478271525662","-8.27574116836955","-2.8850632234240066","14400.0","1648990800000.0","1649005200000.0"
"c68fd6a7-2d0d-4631-a7cb-2da2111329e2","TradeIQ220320Strategy","BTC-USDT","Bybit Perpetual","long","46577.5","46392.4","0.06140738619198738","3.1399712044417463","2860.2025303572923","-14.50647838857852","-5.071836079652161","18000.0","1649012400000.0","1649030400000.0"
"4606db45-7aa2-43e1-a1b3-6f8c217f0113","TradeIQ220320Strategy","BTC-USDT","Bybit Perpetual","short","45846.9","46022.1","0.0620695412769176","3.1362466781630287","2845.6960519687136","-14.010830309878813","-4.9235160937816325","7200.0","1649034000000.0","1649041200000.0"
"de5137f3-6123-4b9a-8c7b-5f7c9b5e8925","TradeIQ220320Strategy","BTC-USDT","Bybit Perpetual","short","45890.2","45985.2","0.06170566311889761","3.118077864722681","2831.685221658835","-8.980115861017953","-3.1712973576057637","3600.0","1649066400000.0","1649070000000.0"
"c928d68c-5d55-4d2d-b6bd-d3e009d5ea2b","TradeIQ220320Strategy","BTC-USDT","Bybit Perpetual","short","45627.0","45905.6","0.061864797286646435","3.1144551592658316","2822.705105797817","-20.349987683325438","-7.209392026650854","14400.0","1649088000000.0","1649102400000.0"
"aab896a8-ad57-4e57-a37a-058d1a241c5a","TradeIQ220320Strategy","BTC-USDT","Bybit Perpetual","long","46293.6","46410.8","0.0605343960745004","3.0864926770969037","2802.3551181144917","4.008138542834808","1.4302750272176794","61200.0","1649106000000.0","1649167200000.0"
"ba4d6e75-ec51-44ca-9368-4ce83a50fa4c","TradeIQ220320Strategy","BTC-USDT","Bybit Perpetual","short","45799.1","46019.5","0.061275511017843724","3.0944273997686422","2806.3632566573265","-16.599550028101486","-5.914968416409961","18000.0","1649170800000.0","1649188800000.0"
"a95acbfb-9b64-479a-873c-6e002f7926f5","TradeIQ220320Strategy","BTC-USDT","Bybit Perpetual","short","45923.6","45320.7","0.06074793149119897","3.0485963669493232","2789.763706629225","33.576331529094624","12.03554675591638","25200.0","1649196000000.0","1649221200000.0"
"ea7e93dc-5c34-4460-8dc1-025f9966bd9e","TradeIQ220320Strategy","BTC-USDT","Bybit Perpetual","short","44802.5","43159.7","0.06301746639491813","3.0487352403876873","2823.3400381583197","100.47635855318401","35.58776385246365","43200.0","1649246400000.0","1649289600000.0"
"a1e76c71-383d-439d-ba81-faa15ce78ed0","TradeIQ220320Strategy","BTC-USDT","Bybit Perpetual","short","43159.7","43380.1","0.06774413160220075","3.224409980015473","2923.8163967115033","-18.155216585140614","-6.209424300910374","18000.0","1649289600000.0","1649307600000.0"
"e26ee29c-c8cd-4667-a8da-ef1bc85db959","TradeIQ220320Strategy","BTC-USDT","Bybit Perpetual","short","43305.0","43631.0","0.06709759104321354","3.208257896213047","2905.6611801263625","-25.082072576300664","-8.632139475811108","50400.0","1649347200000.0","1649397600000.0"
"9776d21c-f352-44d7-8f0f-25da97213446","TradeIQ220320Strategy","BTC-USDT","Bybit Perpetual","short","43143.9","43736.6","0.06676677601121044","3.1904019857830828","2880.579107550062","-42.763070127627316","-14.845303159890438","7200.0","1649422800000.0","1649430000000.0"
"575b4a84-72e5-4b77-834c-db21655fd45e","TradeIQ220320Strategy","BTC-USDT","Bybit Perpetual","short","42933.6","42452.0","0.06609778908413072","3.1040896587920734","2837.8160374224344","28.728605564125186","10.123491158439977","86400.0","1649444400000.0","1649530800000.0"
"f253e3bc-71f0-49e5-b9b9-fc6188ce520d","TradeIQ220320Strategy","BTC-USDT","Bybit Perpetual","short","42523.9","42666.1","0.0674102009219888","3.158471259099324","2866.544642986559","-12.744201830205935","-4.445841044683039","3600.0","1649588400000.0","1649592000000.0"
"c9b95af2-e728-4da8-868c-ed22098263c3","TradeIQ220320Strategy","BTC-USDT","Bybit Perpetual","short","42556.5","42681.0","0.0670590965224197","3.1437723569063625","2853.8004411563543","-11.492629873947616","-4.027131578019809","3600.0","1649599200000.0","1649602800000.0"
"2eb8d8fe-4d9e-42b3-9fbb-3070e765924d","TradeIQ220320Strategy","BTC-USDT","Bybit Perpetual","short","42087.4","40801.8","0.06753346158903628","3.0787870323902706","2842.3078112824055","83.74223118647468","29.462759400675704","57600.0","1649631600000.0","1649689200000.0"
"90bbdee2-2528-40d9-9d26-fedd63841358","TradeIQ220320Strategy","BTC-USDT","Bybit Perpetual","short","40801.8","39368.4","0.07171374896374377","3.1621180784452223","2926.0500424688807","99.63236968618521","34.05012499448558","25200.0","1649689200000.0","1649714400000.0"
"5289d1f3-df57-4f78-88be-56f1c45b47c1","TradeIQ220320Strategy","BTC-USDT","Bybit Perpetual","short","39368.4","39719.8","0.07685561039196578","3.343104537191028","3025.682412155066","-30.350166028927916","-10.03084986943847","21600.0","1649714400000.0","1649736000000.0"
"b782bfef-32f6-4105-ad42-eb2a9287ca3b","TradeIQ220320Strategy","BTC-USDT","Bybit Perpetual","short","39975.5","40060.7","0.07492920028833006","3.2983766530642633","2995.332246126138","-9.682344517629765","-3.2324776425559927","32400.0","1649775600000.0","1649808000000.0"
"2be1ff90-fc1c-4c81-8e45-f56b403db9fd","TradeIQ220320Strategy","BTC-USDT","Bybit Perpetual","short","40929.9","41125.0","0.07294544823242931","3.2920423030919403","2985.6499016085086","-17.523699253238792","-5.869308134151281","7200.0","1649934000000.0","1649941200000.0"
"76ce5dba-7fea-46de-9b30-f7d91395b477","TradeIQ220320Strategy","BTC-USDT","Bybit Perpetual","short","40586.2","39835.9","0.073131414184015","3.2347600475565503","2968.1262023552695","51.63574001470959","17.396746800636564","39600.0","1649944800000.0","1649984400000.0"
"d2997e1c-d8b1-4189-a347-aada3231b4c1","TradeIQ220320Strategy","BTC-USDT","Bybit Perpetual","short","40376.0","40402.9","0.07479101303670446","3.322844669644856","3019.7619423699794","-5.3347229203323145","-1.7666037992867412","10800.0","1650096000000.0","1650106800000.0"
"b8d72875-d6c3-4f50-a3c4-85bd5acb3975","TradeIQ220320Strategy","BTC-USDT","Bybit Perpetual","short","40039.8","40465.1","0.07528577114395293","3.3334804125517494","3014.427219449647","-35.352518880074605","-11.727773240625467","21600.0","1650124800000.0","1650146400000.0"
"8525c1ec-6f32-4966-9076-d0fd30e2c276","TradeIQ220320Strategy","BTC-USDT","Bybit Perpetual","short","40285.7","40345.1","0.07394868900303514","3.2793980742962594","2979.0747005695725","-7.671950201076655","-2.5752795657020098","3600.0","1650204000000.0","1650207600000.0"
"e1d24722-beb9-480d-bb21-a5ba9711df46","TradeIQ220320Strategy","BTC-USDT","Bybit Perpetual","short","40175.2","40357.8","0.07396111905773951","3.275970940592315","2971.402750368496","-16.781271280535982","-5.647592295744784","10800.0","1650214800000.0","1650225600000.0"
"8ad8a1cb-6f23-4ac1-be46-efa96beebb00","TradeIQ220320Strategy","BTC-USDT","Bybit Perpetual","short","39649.1","39312.4","0.07451925716064073","3.2362837783594633","2954.6214790879603","21.85435010762805","7.3966666330382544","50400.0","1650240000000.0","1650290400000.0"
"e655e765-d90c-4c99-bc78-588a6d73f771","TradeIQ220320Strategy","BTC-USDT","Bybit Perpetual","long","40790.6","40731.0","0.07296965058605631","3.271731466968937","2976.4758291955886","-7.620722641897787","-2.56031732801181","14400.0","1650319200000.0","1650333600000.0"
"0afc80d7-2cdb-428e-a994-49a7c6f8d425","TradeIQ220320Strategy","BTC-USDT","Bybit Perpetual","long","40844.3","40651.9","0.07268713398328998","3.2580488646909487","2968.8551065536913","-17.243053443076047","-5.807980795361934","3600.0","1650344400000.0","1650348000000.0"
"d80a6733-3e7d-4cf7-98b8-83e53de796b8","TradeIQ220320Strategy","BTC-USDT","Bybit Perpetual","long","40778.6","40661.5","0.0723813974268517","3.2421115345204","2951.612053110615","-11.71797317320463","-3.9700248414609263","3600.0","1650366000000.0","1650369600000.0"
"db34e146-fd58-40e5-baaa-cc2ba5775607","TradeIQ220320Strategy","BTC-USDT","Bybit Perpetual","long","40951.1","41284.9","0.07179035678986426","3.2470634795342024","2939.89407993741","20.716557616922696","7.046702042191856","28800.0","1650373200000.0","1650402000000.0"
"ad7e8fd0-b36f-4fbe-8d7c-a12e7ca95056","TradeIQ220320Strategy","BTC-USDT","Bybit Perpetual","long","41512.5","41247.1","0.07131853387664758","3.246261334919792","2960.6106375543327","-22.174200225782165","-7.489738753387569","21600.0","1650448800000.0","1650470400000.0"
"f4f82ef5-a051-4cec-9956-f16cc4f75e6b","TradeIQ220320Strategy","BTC-USDT","Bybit Perpetual","long","41649.3","41805.1","0.07055188051968582","3.2383256717031377","2938.4364373285507","7.753657313263606","2.6387017308813263","54000.0","1650506400000.0","1650560400000.0"
"fcc3215f-9d4e-4f38-9e32-1ca983b1d2d6","TradeIQ220320Strategy","BTC-USDT","Bybit Perpetual","short","40594.3","40652.8","0.07257644779296143","3.243144251313735","2946.1900946418145","-7.488866447201979","-2.5418816188479667","36000.0","1650574800000.0","1650610800000.0"
"684f059b-63c1-450f-8202-64245563104e","TradeIQ220320Strategy","BTC-USDT","Bybit Perpetual","short","39848.7","39583.2","0.07374647675318423","3.2218025217461896","2938.701228194612","16.35788705622422","5.566366154981216","75600.0","1650639600000.0","1650715200000.0"
"b7b3c79b-43ee-445f-bdb8-d52fb373df98","TradeIQ220320Strategy","BTC-USDT","Bybit Perpetual","short","39415.1","39750.1","0.07497276716920258","3.2643787591268456","2955.0591152508364","-28.38025576080971","-9.603955336914026","14400.0","1650758400000.0","1650772800000.0"
"96a90c16-b93e-43e4-9ceb-ec6e6a825f2c","TradeIQ220320Strategy","BTC-USDT","Bybit Perpetual","short","39671.8","39729.9","0.0737722729871099","3.221704138422332","2926.6788594900263","-7.50787319897331","-2.5653218407029312","14400.0","1650798000000.0","1650812400000.0"
"efdc8e84-f2d7-434f-bd33-48d05beedf45","TradeIQ220320Strategy","BTC-USDT","Bybit Perpetual","short","39460.5","39675.9","0.07397703998406137","3.2198521448470707","2919.170986291054","-19.154506557413995","-6.561625422891282","10800.0","1650819600000.0","1650830400000.0"
"ff97f08c-31a3-4317-aa25-255fbea76ae8","TradeIQ220320Strategy","BTC-USDT","Bybit Perpetual","short","39479.1","38437.2","0.0734570058520493","3.1479239577885156","2900.0164797336392","73.38693043946175","25.305694278744994","39600.0","1650834000000.0","1650873600000.0"
"6a28880f-74c4-479d-ad7c-3aac3f218dc4","TradeIQ220320Strategy","BTC-USDT","Bybit Perpetual","short","38437.2","38716.7","0.07735744045281918","3.2826355237240215","2973.4034101731013","-24.904040130286983","-8.375600850218017","21600.0","1650873600000.0","1650895200000.0"
"15c99ff1-5dad-47a6-851d-8be81bbcc923","TradeIQ220320Strategy","BTC-USDT","Bybit Perpetual","long","40204.0","40378.3","0.07333845811468545","3.25037989833426","2948.499370042814","9.532513351055627","3.2330050492489026","50400.0","1650916800000.0","1650967200000.0"
"41e9d774-0f6d-4052-88f8-f68553df7022","TradeIQ220320Strategy","BTC-USDT","Bybit Perpetual","short","39808.1","38546.9","0.07430728629082699","3.2022910795247617","2958.0318833938695","90.51405839046602","30.599419464882704","7200.0","1650981600000.0","1650988800000.0"
"c381d107-9b24-4f6c-9138-57d090ce8b4a","TradeIQ220320Strategy","BTC-USDT","Bybit Perpetual","short","38546.9","38289.0","0.07908666953203332","3.3421824873229977","3048.5459417843354","17.05426958498851","5.594230794175444","36000.0","1650988800000.0","1651024800000.0"
"dfb5314a-f6f1-4c4c-bdd9-16c03fc13776","TradeIQ220320Strategy","BTC-USDT","Bybit Perpetual","short","38657.4","38990.3","0.07930176916629995","3.3866799899317606","3065.600211369324","-29.78623894539313","-9.716282910904548","3600.0","1651071600000.0","1651075200000.0"
"21aa15ba-7141-42a5-9c3b-62b7dcbcbf66","TradeIQ220320Strategy","BTC-USDT","Bybit Perpetual","short","38779.5","39080.0","0.07828398954148276","3.3523337560377926","3035.813972423931","-26.876672613253362","-8.853201433747211","7200.0","1651086000000.0","1651093200000.0"
"80e2fea0-11db-4198-acca-95512a3b814e","TradeIQ220320Strategy","BTC-USDT","Bybit Perpetual","long","39748.6","39700.0","0.0756992019797094","3.3078075901228274","3008.937299810677","-6.986788806336595","-2.3220120960234714","3600.0","1651140000000.0","1651143600000.0"
"8bda6f69-a94c-4a9d-a0bc-2f706dfb6979","TradeIQ220320Strategy","BTC-USDT","Bybit Perpetual","short","39085.7","39428.2","0.0768043174614844","3.316613575406582","3001.9505110043406","-29.62209230596499","-9.86761513801723","7200.0","1651154400000.0","1651161600000.0"
"f19c5dcf-a17a-40e0-8ea5-e98c3ac0e108","TradeIQ220320Strategy","BTC-USDT","Bybit Perpetual","long","39882.3","39516.5","0.07452750765874526","3.2545670713023513","2972.3284186983765","-30.516729372871584","-10.266943982669074","36000.0","1651165200000.0","1651201200000.0"
"6c43d19c-0d2a-4c94-9d45-e3645e4915d0","TradeIQ220320Strategy","BTC-USDT","Bybit Perpetual","short","39528.2","39583.9","0.07442311284919385","3.23827281032019","2941.811689325504","-7.383640196020613","-2.5098955935257456","14400.0","1651204800000.0","1651219200000.0"
"99142a6e-232e-48bf-ba33-785bffd1129a","TradeIQ220320Strategy","BTC-USDT","Bybit Perpetual","short","39401.4","38619.7","0.0744752229395271","3.1958513490679263","2934.4280491294835","55.02143042276073","18.75030823777846","57600.0","1651222800000.0","1651280400000.0"
"b8e8b0a4-f4c6-4a32-9a0a-b4d2ba5fa880","TradeIQ220320Strategy","BTC-USDT","Bybit Perpetual","short","38238.3","38044.1","0.07817945566492872","3.2800440798478974","2989.449479552244","11.902406210281601","3.981470933592873","54000.0","1651330800000.0","1651384800000.0"
"6b64c743-03ac-4824-9d1e-50c8239599c9","TradeIQ220320Strategy","BTC-USDT","Bybit Perpetual","short","38546.5","38551.9","0.07786314933294919","3.3017183278922975","3001.351885762526","-3.7221793342903364","-1.2401675897941826","10800.0","1651510800000.0","1651521600000.0"
"77df7ed5-06e2-407f-ae80-11deee88c31c","TradeIQ220320Strategy","BTC-USDT","Bybit Perpetual","short","38360.6","37996.2","0.07814345204267492","3.281731166412666","2997.6297064282353","25.19374275793819","8.404554673284608","50400.0","1651586400000.0","1651636800000.0"
"66659adc-015a-4baf-ad2c-f2a3fc63d034","TradeIQ220320Strategy","BTC-USDT","Bybit Perpetual","long","38957.2","38711.8","0.07759344740346262","3.314633006508746","3022.8234491861735","-22.356064999318022","-7.395756111835405","18000.0","1651654800000.0","1651672800000.0"
"a08ddb4e-13fb-44b5-806e-ba0c07d1fde8","TradeIQ220320Strategy","BTC-USDT","Bybit Perpetual","long","38969.0","38992.6","0.07699626329099683","3.3015135341030586","3000.4673841868557","-1.4844017204356454","-0.49472349816524575","79200.0","1651680000000.0","1651759200000.0"
"30925178-87ea-426f-a75b-84336af41751","TradeIQ220320Strategy","BTC-USDT","Bybit Perpetual","short","38214.8","36360.4","0.07847700321515276","3.2188410155938634","2998.98298246642","142.30891374658555","47.45239122015559","14400.0","1651762800000.0","1651777200000.0"
"5608e957-71b5-49a8-a8fb-ec08f2d4c8fa","TradeIQ220320Strategy","BTC-USDT","Bybit Perpetual","short","36360.4","35989.1","0.08639321614209429","3.437778295199848","3141.291896213005","28.640022858360012","9.11727524999733","75600.0","1651777200000.0","1651852800000.0"
"e9aa5143-9445-49ec-b38a-ed0f62b90a74","TradeIQ220320Strategy","BTC-USDT","Bybit Perpetual","short","35773.0","34972.2","0.0886124149238634","3.4478966589494355","3169.9319190713654","67.51292521208065","21.29791015570411","3600.0","1651957200000.0","1651960800000.0"
"e0e96189-2207-4399-95bd-504b5fde723e","TradeIQ220320Strategy","BTC-USDT","Bybit Perpetual","short","34972.2","34781.2","0.09257195270195888","3.55146464508045","3237.444844283446","14.129778320993694","4.364484647805971","50400.0","1651960800000.0","1652011200000.0"
"4b94ec7c-e16d-4f06-868b-815a221e681b","TradeIQ220320Strategy","BTC-USDT","Bybit Perpetual","short","34063.7","32454.6","0.0954557086459909","3.4922533054346387","3251.57462260444","150.10552747682917","46.163949747091436","75600.0","1652032800000.0","1652108400000.0"
"650955eb-4dec-4df9-ba69-5adb9f3365ba","TradeIQ220320Strategy","BTC-USDT","Bybit Perpetual","short","32454.6","30056.6","0.10481349793500055","3.603609642662924","3401.680150081269","247.7391584054684","72.82846930789472","32400.0","1652108400000.0","1652140800000.0"
"981f5f8b-695c-4f5a-9cdc-dcdd8c9001d4","TradeIQ220320Strategy","BTC-USDT","Bybit Perpetual","short","30056.6","30880.6","0.12141823454704583","4.069387983232133","3649.4193084867375","-104.11801324999789","-28.530022025112622","7200.0","1652140800000.0","1652148000000.0"
"da1611d3-cdab-4039-9f73-07bbc2116099","TradeIQ220320Strategy","BTC-USDT","Bybit Perpetual","short","31078.4","31462.199999999997","0.11407605588565496","3.923911739397316","3545.3012952367394","-47.706301988311196","-13.456205274402661","43200.0","1652194800000.0","1652238000000.0"
"b9ae132a-9246-4e96-aa81-628eff9dec24","TradeIQ220320Strategy","BTC-USDT","Bybit Perpetual","short","30598.9","31395.0","0.11430459896429046","3.8974033327527797","3497.5949932484277","-94.89529456822424","-27.131584632127247","3600.0","1652256000000.0","1652259600000.0"
"2baeafe4-3502-457d-b332-9d38cb500bc1","TradeIQ220320Strategy","BTC-USDT","Bybit Perpetual","short","29298.7","31223.0","0.11613824840966333","3.8658863258263167","3402.6996986802033","-227.3507177405414","-66.81480526439736","3600.0","1652274000000.0","1652277600000.0"
"1c7bcf54-438d-4f6c-bcfc-1bd4e156aabe","TradeIQ220320Strategy","BTC-USDT","Bybit Perpetual","short","30324.600000000002","27103.1","0.10471198238194936","3.30735257084973","3175.3489809396615","334.0222986726005","105.19231135777567","46800.0","1652288400000.0","1652335200000.0"
"3816f3c0-e778-4fda-bdd6-2b8a185352ec","TradeIQ220320Strategy","BTC-USDT","Bybit Perpetual","short","27103.1","28590.9","0.12948228356211142","3.966262465389528","3509.371279612262","-196.61000394909925","-56.02428135526944","18000.0","1652335200000.0","1652353200000.0"
"b45543e7-5e8d-4232-84c0-bed134fd80f9","TradeIQ220320Strategy","BTC-USDT","Bybit Perpetual","short","28429.7","29020.7","0.11652466525018422","3.6819137456690516","3312.7612756631625","-72.54799090852792","-21.899552932320777","7200.0","1652392800000.0","1652400000000.0"
"b1abc304-37e0-4119-a1f6-ff8abbb9238f","TradeIQ220320Strategy","BTC-USDT","Bybit Perpetual","short","29588.6","30117.7","0.10950884072766658","3.5961022334260537","3240.213284754635","-61.53722986243468","-18.991721980762936","3600.0","1652464800000.0","1652468400000.0"
"6499ebf8-f010-4831-8c43-b6ae61f5887c","TradeIQ220320Strategy","BTC-USDT","Bybit Perpetual","short","29790.5","30028.0","0.10670099712633896","3.510481478131049","3178.6760548922007","-28.85196829563655","-9.07672496265588","3600.0","1652475600000.0","1652479200000.0"
"18db8851-c19a-4919-a182-691491362848","TradeIQ220320Strategy","BTC-USDT","Bybit Perpetual","short","29802.9","29335.4","0.1056885097288037","3.437631337192202","3149.824086596564","45.97174696102353","14.59502045102993","64800.0","1652482800000.0","1652547600000.0"
"5db88806-002d-48a7-be72-d268673684fc","TradeIQ220320Strategy","BTC-USDT","Bybit Perpetual","short","30315.0","30161.8","0.10541962175680646","3.506492759584118","3195.7958335575877","12.643793293558707","3.9563833085931295","25200.0","1652673600000.0","1652698800000.0"
"9dd90b5e-7522-4ee2-8842-2127cf19ea50","TradeIQ220320Strategy","BTC-USDT","Bybit Perpetual","short","29507.0","29895.6","0.10873486382387726","3.552523491981338","3208.4396268511464","-45.806891573939886","-14.27699969498758","18000.0","1652709600000.0","1652727600000.0"
"40c11551-207f-41ac-96d4-125477507984","TradeIQ220320Strategy","BTC-USDT","Bybit Perpetual","short","30052.8","30530.6","0.10523587603408689","3.506550944667925","3162.6327352772064","-53.78825251375457","-17.007429257839515","25200.0","1652799600000.0","1652824800000.0"
"c1740416-9444-4bc9-bcc9-5a5e4313411e","TradeIQ220320Strategy","BTC-USDT","Bybit Perpetual","short","29725.4","29160.0","0.1045854549564834","3.387205992111979","3108.8444827634517","55.74541024028389","17.931231539356965","72000.0","1652857200000.0","1652929200000.0"
"acb7b6c5-3052-4b7b-ae1b-9120d34804f8","TradeIQ220320Strategy","BTC-USDT","Bybit Perpetual","long","30412.5","30247.1","0.10405556573789512","3.471582947488933","3164.5898930037356","-20.682373520536938","-6.535562022194869","3600.0","1653048000000.0","1653051600000.0"
"d1f44804-3449-4cab-a72a-fe67d42f2970","TradeIQ220320Strategy","BTC-USDT","Bybit Perpetual","short","29485.7","29411.1","0.10662482218442154","3.4539234549772915","3143.9075194831985","4.500288279980788","1.4314315074765793","61200.0","1653058800000.0","1653120000000.0"
"dcd900da-47c1-4329-ba83-737108de8884","TradeIQ220320Strategy","BTC-USDT","Bybit Perpetual","long","30132.5","29891.099999999995","0.10448544952337771","3.449376055406278","3148.407807763179","-28.672163570350186","-9.106877291960675","7200.0","1653213600000.0","1653220800000.0"
"0e194958-f546-4ee9-8047-9241eb75f4db","TradeIQ220320Strategy","BTC-USDT","Bybit Perpetual","long","30163.0","29963.7","0.10342922269644363","3.4203718143662414","3119.735644192829","-24.03381589776738","-7.703798859529863","7200.0","1653224400000.0","1653231600000.0"
"e3d6a746-c0b1-4414-af4c-17ac949472a1","TradeIQ220320Strategy","BTC-USDT","Bybit Perpetual","long","30026.1","29932.7","0.1031003636268134","3.3999757454450585","3095.7018282950617","-13.029549708189204","-4.208916242868631","3600.0","1653246000000.0","1653249600000.0"
"98807ba9-8248-4e4c-8b93-607d26e4ae8d","TradeIQ220320Strategy","BTC-USDT","Bybit Perpetual","long","30008.3","30118.6","0.10272732139397675","3.397171459397925","3082.6722785868724","7.9336520903576355","2.5736281295508","18000.0","1653256800000.0","1653274800000.0"
"47fb7301-8f55-4199-8094-477328ed4d57","TradeIQ220320Strategy","BTC-USDT","Bybit Perpetual","long","30472.5","30246.2","0.10142278876617376","3.3870429363411714","3090.60593067723","-26.33902003412622","-8.522283534334212","28800.0","1653289200000.0","1653318000000.0"
"dbcd67a8-9057-40ad-a3eb-f713fb302bc6","TradeIQ220320Strategy","BTC-USDT","Bybit Perpetual","short","29866.1","29280.4","0.10260016910956249","3.337642496231306","3064.266910643104","56.75527655123915","18.521649127271296","61200.0","1653332400000.0","1653393600000.0"
"6c6d45dd-0b9f-4c0f-bae9-0d9924edae4f","TradeIQ220320Strategy","BTC-USDT","Bybit Perpetual","short","29058.4","29373.9","0.1074051629544071","3.451761886815441","3121.022187194343","-37.33809079893088","-11.963417290697356","3600.0","1653404400000.0","1653408000000.0"
"e979ee69-fb03-4fca-b897-68e4ef39baef","TradeIQ220320Strategy","BTC-USDT","Bybit Perpetual","long","30108.4","29866.4","0.10241939446783663","3.3784204846312846","3083.6840963954123","-28.16391394584775","-9.133203358531174","10800.0","1653447600000.0","1653458400000.0"
"ab66b85d-c1e1-4cd0-b651-5a28666356ed","TradeIQ220320Strategy","BTC-USDT","Bybit Perpetual","short","29403.5","29697.1","0.10391688684848963","3.3778526995828155","3055.520182449565","-33.887850678299216","-11.090697706055352","7200.0","1653480000000.0","1653487200000.0"
"b3c44b58-57ba-4c42-9b4b-353bedd6e8e2","TradeIQ220320Strategy","BTC-USDT","Bybit Perpetual","short","29549.8","29698.1","0.10225559332960853","3.3321360424183224","3021.632331771266","-18.49664053319919","-6.121406743869646","3600.0","1653498000000.0","1653501600000.0"
"c67795e4-572d-474a-860b-de37423f9077","TradeIQ220320Strategy","BTC-USDT","Bybit Perpetual","long","29864.6","29584.000000000004","0.10055837651393512","3.287930086114478","3003.1356912380666","-31.50461053592416","-10.490571780636436","3600.0","1653505200000.0","1653508800000.0"
"4ac30811-a6cb-4402-a8eb-9702cfe646a9","TradeIQ220320Strategy","BTC-USDT","Bybit Perpetual","short","28991.0","29575.2","0.10250184818399302","3.301729057612355","2971.631080702142","-63.18330876670115","-21.262164464833937","28800.0","1653555600000.0","1653584400000.0"
"cb38fc05-6757-429a-9729-2614fb6e5b0a","TradeIQ220320Strategy","BTC-USDT","Bybit Perpetual","short","28835.5","28867.8","0.10086344165821437","3.2010843881700426","2908.4477719354404","-6.458973553730294","-2.22076312184631","50400.0","1653667200000.0","1653717600000.0"
"feca7e79-8ca2-4dbc-b0a4-a765a2d23f53","TradeIQ220320Strategy","BTC-USDT","Bybit Perpetual","short","28916.8","28969.9","0.10035649858842301","3.1951185897611563","2901.9887983817102","-8.524048664806637","-2.93731273861569","7200.0","1653789600000.0","1653796800000.0"
"3f56283e-1542-41b3-9521-ad6d1fa86bc0","TradeIQ220320Strategy","BTC-USDT","Bybit Perpetual","long","29415.8","29318.3","0.09836430590760421","3.177536438784299","2893.464749716904","-12.76805626477571","-4.412722244508053","7200.0","1653865200000.0","1653872400000.0"
"6c446ebe-4837-4910-90ba-8bf735386163","TradeIQ220320Strategy","BTC-USDT","Bybit Perpetual","long","29761.500000000004","30453.5","0.09679272528105533","3.205605674039311","2880.6966934521283","63.774960220450616","22.13872788669913","14400.0","1653876000000.0","1653890400000.0"
"9f5576c8-fb3d-453c-9d20-d154af61b5d4","TradeIQ220320Strategy","BTC-USDT","Bybit Perpetual","long","30453.5","30523.8","0.09668746297379871","3.242657239795719","2944.471653672579","3.5544714072622594","1.2071678132234147","25200.0","1653890400000.0","1653915600000.0"
"46c8b544-a6e4-46d8-ac7a-d0b386deb809","TradeIQ220320Strategy","BTC-USDT","Bybit Perpetual","long","30629.4","31789.2","0.09624824923373755","3.3042245332915345","2948.026125079841","108.32449492799721","36.74475405982485","7200.0","1653940800000.0","1653948000000.0"
"70bcbde4-0981-451b-956e-a7caa6f28f44","TradeIQ220320Strategy","BTC-USDT","Bybit Perpetual","long","31789.200000000004","31385.1","0.09614430750090716","3.340617128945008","3056.350620007838","-42.19253179006215","-13.804872881356115","57600.0","1653948000000.0","1654005600000.0"
"7e4858b9-510a-4b5b-a458-a54ab0b53fd8","TradeIQ220320Strategy","BTC-USDT","Bybit Perpetual","long","32148.5","31556.4","0.09375734756575815","3.285041348018027","3014.158088217776","-58.79876684170329","-19.5075258565718","43200.0","1654016400000.0","1654059600000.0"
"90fcf2a0-91dc-42e4-a663-4756a79dca58","TradeIQ220320Strategy","BTC-USDT","Bybit Perpetual","short","30163.2","29898.6","0.0979789717727586","3.23663637375159","2955.3593213760723","22.68859955732055","7.677103556651886","46800.0","1654106400000.0","1654153200000.0"
"58ce98d2-f176-4ef8-b603-a68a5a4d2b65","TradeIQ220320Strategy","BTC-USDT","Bybit Perpetual","long","30275.9","30180.4","0.09836364636339111","3.2706861625014954","2978.047920933393","-12.664414390205348","-4.2525891881001066","3600.0","1654189200000.0","1654192800000.0"
"e518e291-9aaa-4d86-80fb-2ec5b26f0aaf","TradeIQ220320Strategy","BTC-USDT","Bybit Perpetual","long","30272.2","30410.700000000004","0.09795731749074028","3.2693837558573646","2965.383506543188","10.297704716610522","3.4726384273360917","32400.0","1654200000000.0","1654232400000.0"
"5ae41caf-41c6-484e-98d7-effba5886edf","TradeIQ220320Strategy","BTC-USDT","Bybit Perpetual","short","30242.8","29488.3","0.09839304598978264","3.2324186781261686","2975.6812112597986","71.00513452116483","23.861808265107726","28800.0","1654250400000.0","1654279200000.0"
"57e04133-2395-412d-84c2-d6955f75ad01","TradeIQ220320Strategy","BTC-USDT","Bybit Perpetual","short","29555.6","29765.2","0.10308321758925428","3.3632384136827493","3046.6863457809636","-24.96948082039067","-8.195619104332248","43200.0","1654311600000.0","1654354800000.0"
"b7b33cbb-eb60-40fd-abac-600e2f922519","TradeIQ220320Strategy","BTC-USDT","Bybit Perpetual","short","29626.2","29771.4","0.10199475008474164","3.332033852198398","3021.716864960573","-18.141671564502957","-6.003762885554027","18000.0","1654423200000.0","1654441200000.0"
"0adb859b-2185-49d8-8971-15a266cf3db6","TradeIQ220320Strategy","BTC-USDT","Bybit Perpetual","long","30036.3","29929.5","0.09999817532106384","3.2980588199173173","3003.5751933960696","-13.977863944206863","-4.653741972213598","3600.0","1654459200000.0","1654462800000.0"
"cc1403ee-b35f-4530-b0fc-fe95de91a35f","TradeIQ220320Strategy","BTC-USDT","Bybit Perpetual","long","30285.3","31235.0","0.09871446970813771","3.3401190849320495","2989.597329451863","90.4090127968864","30.241200681518777","10800.0","1654477200000.0","1654488000000.0"
"676a6b49-6cb4-4cc4-b8af-b988146aaa25","TradeIQ220320Strategy","BTC-USDT","Bybit Perpetual","long","31235.0","31437.100000000002","0.0986075345685529","3.3989676969785925","3080.0063422487497","16.529615039326163","5.366747078597797","36000.0","1654488000000.0","1654524000000.0"
"ca56bae1-e1fe-46fa-b1c3-5ebdca179dee","TradeIQ220320Strategy","BTC-USDT","Bybit Perpetual","long","31491.4","31529.8","0.09832957433737703","3.4082662736268885","3096.535957288075","0.36758938092817495","0.11870986999618348","3600.0","1654527600000.0","1654531200000.0"
"dda3f685-9596-4c8f-b0e4-364770a1f81f","TradeIQ220320Strategy","BTC-USDT","Bybit Perpetual","short","30195.0","29892.1","0.10256345575986102","3.38950734242359","3096.9035466690034","27.67696340723846","8.936979466799185","50400.0","1654563600000.0","1654614000000.0"
"120ef142-3ef8-4828-9f5d-6945658497ca","TradeIQ220320Strategy","BTC-USDT","Bybit Perpetual","long","31050.5","30006.0","0.10062899180613007","3.3792297210160394","3124.580510076242","-108.4862116625189","-34.72024846620827","28800.0","1654632000000.0","1654660800000.0"
"087c0a08-e6dc-4a73-8288-a680c2c46dc1","TradeIQ220320Strategy","BTC-USDT","Bybit Perpetual","short","30006.0","30534.3","0.10051637333912293","3.346910268274377","3016.0942984137228","-56.44971030333295","-18.716162267546466","7200.0","1654660800000.0","1654668000000.0"
"ff1b8272-9ad1-488d-99ca-0a33ab4828c6","TradeIQ220320Strategy","BTC-USDT","Bybit Perpetual","short","30127.499999999996","30754.5","0.09823731103179455","3.2894861836307436","2959.64458811039","-64.88428020056628","-21.922997261638162","3600.0","1654693200000.0","1654696800000.0"
"ee2fb63e-ff4b-4f44-a700-71a6c2fc75c8","TradeIQ220320Strategy","BTC-USDT","Bybit Perpetual","short","30224.6","30409.1","0.09577497495119287","3.1939551042839787","2894.760307909824","-20.864437982779066","-7.207656511583281","10800.0","1654714800000.0","1654725600000.0"
"ebb8c5bb-baf5-43ab-88fc-93eb798a5145","TradeIQ220320Strategy","BTC-USDT","Bybit Perpetual","short","30192.5","30283.0","0.0951857537443751","3.1660233278123764","2873.895869927045","-11.780334041678323","-4.099081725594105","14400.0","1654732800000.0","1654747200000.0"
"54da0219-35d9-4333-82ab-f774cd4f921e","TradeIQ220320Strategy","BTC-USDT","Bybit Perpetual","short","30102.9","30285.8","0.0950777345666154","3.1578914341826323","2862.115535885367","-20.54760908641638","-7.179168286111895","10800.0","1654779600000.0","1654790400000.0"
"1c3d770b-f1fc-40da-915d-64ee461c8d5e","TradeIQ220320Strategy","BTC-USDT","Bybit Perpetual","short","30138.3","29631.699999999997","0.09428428036083492","3.0994542904419067","2841.567926798951","44.66496214035727","15.718421410630402","64800.0","1654801200000.0","1654866000000.0"
"5418209f-e8ed-463c-9dfa-3b7cbd8773e6","TradeIQ220320Strategy","BTC-USDT","Bybit Perpetual","short","29385.0","29269.3","0.09822129960657845","3.1686058654327742","2886.232888939308","8.195598499048424","2.839548579207103","57600.0","1654869600000.0","1654927200000.0"
"bb815837-aa5c-4c8b-9eb2-a4876c5cf2a8","TradeIQ220320Strategy","BTC-USDT","Bybit Perpetual","short","29063.6","28624.1","0.09958946886959484","3.159798071819689","2894.4284874383566","40.60977349636725","14.030325389834708","46800.0","1654941600000.0","1654988400000.0"
"ca113d0c-58db-43d4-8a69-fec3a406e087","TradeIQ220320Strategy","BTC-USDT","Bybit Perpetual","short","27409.5","28077.8","0.10708105806142848","3.2679013361345453","2935.038260934724","-74.83017243858711","-25.495467447417834","46800.0","1655002800000.0","1655049600000.0"
"dbc2e1a4-f2aa-480d-b0c1-339cbc12ad4b","TradeIQ220320Strategy","BTC-USDT","Bybit Perpetual","short","26982.5","25331.8","0.10600233812642033","3.049990964595845","2860.2080884961365","171.92806858068627","60.11033577318635","14400.0","1655074800000.0","1655089200000.0"
"8451ab77-c132-4148-9718-5f67ca7e64d2","TradeIQ220320Strategy","BTC-USDT","Bybit Perpetual","short","25331.8","22789.7","0.11969682995589823","3.1679950514975164","3032.1361570768227","301.11331637939116","99.30732024569902","43200.0","1655089200000.0","1655132400000.0"
"3b19041d-1582-4c5e-9647-91095b3625e7","TradeIQ220320Strategy","BTC-USDT","Bybit Perpetual","short","22789.7","23722.8","0.14626122649513656","3.741636413545272","3333.2494734562138","-140.21798685615698","-42.06645436315522","7200.0","1655132400000.0","1655139600000.0"
"8a99b7bc-887a-4fff-b4e6-dff1c5b8a9d7","TradeIQ220320Strategy","BTC-USDT","Bybit Perpetual","short","22575.8","22739.3","0.14143602825149304","3.5250532701005777","3193.0314866000563","-26.64984388921969","-8.346251517111245","25200.0","1655161200000.0","1655186400000.0"
"d13cf93f-ba8a-415c-a1ed-d110146ff631","TradeIQ220320Strategy","BTC-USDT","Bybit Perpetual","short","21468.6","21547.0","0.1474889672689806","3.4893795312505587","3166.3816427108363","-15.05251456513885","-4.753853534930152","57600.0","1655244000000.0","1655301600000.0"
"bc1c41a2-e995-4c9b-9c4c-57b035a55c2e","TradeIQ220320Strategy","BTC-USDT","Bybit Perpetual","short","21266.5","20793.8","0.14818278175278948","3.4279367404462686","3151.3291281456977","66.61806419409743","21.139672019373226","72000.0","1655373600000.0","1655445600000.0"
"0cd62cab-635a-4960-a414-125f108e6f96","TradeIQ220320Strategy","BTC-USDT","Bybit Perpetual","short","20645.1","19419.8","0.1558697798673678","3.4346989288744574","3217.9471923397946","187.5525423426112","58.283287801948134","64800.0","1655470800000.0","1655535600000.0"
"c1f8a5e6-1a2d-4ed8-9b69-56bbd8d47054","TradeIQ220320Strategy","BTC-USDT","Bybit Perpetual","short","19419.8","18203.7","0.17536224547536056","3.6287577934532256","3405.4997346824066","209.6292689291325","61.55609609779703","43200.0","1655535600000.0","1655578800000.0"
"f0804213-c835-4a78-a619-369b22dd0f77","TradeIQ220320Strategy","BTC-USDT","Bybit Perpetual","short","18203.7","18503.9","0.1985930884167251","4.0094316088011785","3615.129003611539","-63.6270767515022","-17.600223031581532","10800.0","1655578800000.0","1655589600000.0"
"dbd82403-e966-477a-8d60-7546fa61a21a","TradeIQ220320Strategy","BTC-USDT","Bybit Perpetual","short","18114.9","18994.4","0.19605418339930314","4.001488429410869","3551.5019268600367","-176.43114272909799","-49.6778958205676","14400.0","1655618400000.0","1655632800000.0"
"8ef0ff56-7ed0-4cf9-9760-74d2bb77b298","TradeIQ220320Strategy","BTC-USDT","Bybit Perpetual","short","19968.7","20446.0","0.1690180524586447","3.756947636585214","3375.0707841309386","-84.4292640750962","-25.01555359137046","10800.0","1655748000000.0","1655758800000.0"
"80dcd897-1ddb-4bae-83e1-586fd33079aa","TradeIQ220320Strategy","BTC-USDT","Bybit Perpetual","short","20879.5","20960.1","0.1576015479324621","3.6266921486812724","3290.641520055842","-16.32937691203749","-4.9623688306711635","7200.0","1655841600000.0","1655848800000.0"
"315abd87-550b-4553-aa7c-ba7256148a44","TradeIQ220320Strategy","BTC-USDT","Bybit Perpetual","short","20885.6","20415.7","0.15677366908988993","3.561225986550249","3274.312143143805","70.10672111878868","21.411129438464673","39600.0","1655852400000.0","1655892000000.0"
"db2c1cc7-afd5-497b-ae67-13cceda7493e","TradeIQ220320Strategy","BTC-USDT","Bybit Perpetual","short","20075.4","20407.4","0.1665928880252744","3.709280612042268","3344.4188642625936","-59.018119436433366","-17.64674875718541","32400.0","1655913600000.0","1655946000000.0"
"357a9b05-ab60-45cf-a6af-70ad4e1bbdf5","TradeIQ220320Strategy","BTC-USDT","Bybit Perpetual","short","20339.9","20900.5","0.16152492120542186","3.6637437982640444","3285.4007448261605","-94.2146146260233","-28.67674963987033","14400.0","1656000000000.0","1656014400000.0"
"992a2178-c376-4847-8dec-9f162e040e23","TradeIQ220320Strategy","BTC-USDT","Bybit Perpetual","long","21164.1","21066.3","0.15078298298534487","3.502194126565369","3191.186130200137","-18.248769862531987","-5.718491218620176","3600.0","1656039600000.0","1656043200000.0"
"9f05c5e0-2a0a-4030-bb19-9d086c94e856","TradeIQ220320Strategy","BTC-USDT","Bybit Perpetual","long","21206.4","21118.1","0.14962168780828453","3.4829647191029567","3172.9373603376052","-16.694559752574914","-5.261547221593617","7200.0","1656075600000.0","1656082800000.0"
"8fc248b3-fc7c-4bea-abb8-c42bbbb71f28","TradeIQ220320Strategy","BTC-USDT","Bybit Perpetual","long","21296.8","21142.7","0.14820267836412185","3.459306162638782","3156.24280058503","-26.297338898549743","-8.331849151046098","50400.0","1656111600000.0","1656162000000.0"
"e363926c-d439-4aaa-bab9-40475ce50ca5","TradeIQ220320Strategy","BTC-USDT","Bybit Perpetual","short","21142.7","21226.1","0.1480390613160325","3.449730559597695","3129.9454616864805","-15.796188273354483","-5.046793455897204","21600.0","1656162000000.0","1656183600000.0"
"3c744a52-d21b-4f5c-8212-65e9c3701c97","TradeIQ220320Strategy","BTC-USDT","Bybit Perpetual","long","21508.1","21395.1","0.1447896036104131","3.4165655268900514","3114.1492734131257","-19.77779073486673","-6.350944992816659","57600.0","1656194400000.0","1656252000000.0"
"77504905-eca4-4d88-8ea7-06bb278047d3","TradeIQ220320Strategy","BTC-USDT","Bybit Perpetual","short","21177.3","21273.6","0.14611737486262455","3.4115477377056838","3094.371482678259","-17.48265093697632","-5.649822923602124","3600.0","1656270000000.0","1656273600000.0"
"b55b27f0-ebf5-4911-b0f4-797dd574c490","TradeIQ220320Strategy","BTC-USDT","Bybit Perpetual","short","21136.9","21235.9","0.14556954102736364","3.3925039764243508","3076.8888317412825","-17.80388853813335","-5.786328174897927","21600.0","1656284400000.0","1656306000000.0"
"1eda4510-b0c2-48ac-af11-3294f19267c2","TradeIQ220320Strategy","BTC-USDT","Bybit Perpetual","long","21258.0","21231.6","0.14390276334571217","3.3629039693996843","3059.084943203149","-7.161936921726695","-2.3412023708722107","21600.0","1656313200000.0","1656334800000.0"
"87b41c08-e0e2-4256-b2c4-2db28b6ac54b","TradeIQ220320Strategy","BTC-USDT","Bybit Perpetual","short","20729.9","20868.2","0.1472232382346959","3.368313842525888","3051.923006281423","-23.729287690384226","-7.7751921138065905","64800.0","1656338400000.0","1656403200000.0"
"dbe625f0-36cb-4271-8185-ec5277907716","TradeIQ220320Strategy","BTC-USDT","Bybit Perpetual","short","20840.5","20275.9","0.14530331415230144","3.285892052306428","3028.1937185910383","78.75235911808275","26.006380844989252","46800.0","1656428400000.0","1656475200000.0"
"93030e6e-c200-4638-895c-d22a298f6d92","TradeIQ220320Strategy","BTC-USDT","Bybit Perpetual","short","20275.9","20056.9","0.1532334484638966","3.3991837166125576","3106.9460777091217","30.1589414969808","9.70694075232172","21600.0","1656475200000.0","1656496800000.0"
"c5a502cd-7ed2-4c64-8eb3-482b88b69ccb","TradeIQ220320Strategy","BTC-USDT","Bybit Perpetual","short","20096.9","20214.1","0.15609895154009334","3.4608776595429864","3137.105019206102","-21.755674780041474","-6.934952654389338","28800.0","1656504000000.0","1656532800000.0"
"fed32f52-8c79-4d7a-90f4-6f8848245428","TradeIQ220320Strategy","BTC-USDT","Bybit Perpetual","short","20008.4","19226.0","0.15570207235091563","3.3598825630946205","3115.3493444260603","118.461418844262","38.0250834649448","25200.0","1656554400000.0","1656579600000.0"
"649028aa-16e3-4e60-b884-1e2917529bbb","TradeIQ220320Strategy","BTC-USDT","Bybit Perpetual","short","19226.0","19923.5","0.1681998732586249","3.6217175159761945","3233.8107632703222","-120.94112911386706","-37.39895063975866","54000.0","1656579600000.0","1656633600000.0"
"c74c0c95-1268-48cf-9a98-7f5393d31573","TradeIQ220320Strategy","BTC-USDT","Bybit Perpetual","short","19062.5","19474.0","0.16329807916886324","3.4611150353399944","3112.8696341564555","-70.65827461332722","-22.698758032786888","25200.0","1656673200000.0","1656698400000.0"
"324eed2c-67a8-4a39-b14d-2654440625a8","TradeIQ220320Strategy","BTC-USDT","Bybit Perpetual","short","19380.1","19335.6","0.15697604034773446","3.3425905069099304","3042.2113595431283","3.6428432885642534","1.197432675785987","61200.0","1656705600000.0","1656766800000.0"
"a397fb47-e6e0-468d-b657-b3d8ca24711f","TradeIQ220320Strategy","BTC-USDT","Bybit Perpetual","short","19219.9","19281.5","0.15847398804529123","3.3558087218298365","3045.854202831693","-13.117806385419545","-4.306774228794039","3600.0","1656777600000.0","1656781200000.0"
"bbe7d38c-e5d8-4f4a-9d20-fd07fa640da7","TradeIQ220320Strategy","BTC-USDT","Bybit Perpetual","short","19263.6","19345.0","0.1574335221062664","3.3430583348755984","3032.7363964462734","-16.158147034325914","-5.3279101517889424","7200.0","1656792000000.0","1656799200000.0"
"4793e8a1-b2e1-4db9-a0ff-956199dbd252","TradeIQ220320Strategy","BTC-USDT","Bybit Perpetual","short","19240.9","19234.1","0.15677947754065286","3.3176497191071403","3016.5782494119476","-2.2515492718302443","-0.7463918007991877","18000.0","1656806400000.0","1656824400000.0"
"c0ca9818-f29e-4e05-a163-d0c1b004a0c8","TradeIQ220320Strategy","BTC-USDT","Bybit Perpetual","short","19215.4","19358.1","0.1568703591983574","3.3280713402958115","3014.326700140117","-25.713471597900956","-8.530419611353242","28800.0","1656900000000.0","1656928800000.0"
"04cb799a-49bd-471e-bf73-2a00c99951bf","TradeIQ220320Strategy","BTC-USDT","Bybit Perpetual","long","19887.8","19774.4","0.15027369686653208","3.278101980922873","2988.613228542217","-20.319139205587284","-6.79885206005681","10800.0","1656957600000.0","1656968400000.0"
"f8121035-75b3-4d78-be37-adcb514220a5","TradeIQ220320Strategy","BTC-USDT","Bybit Perpetual","long","19946.7","20207.7","0.14881128654547515","3.2864853584538958","2968.2940893366294","35.55326042991512","11.977674502549293","36000.0","1656972000000.0","1657008000000.0"
"d6db7d2b-1039-45ba-9a9f-6456ad58cf1e","TradeIQ220320Strategy","BTC-USDT","Bybit Perpetual","short","19758.4","20107.1","0.15202887631420278","3.3333889427871184","3003.8473497665445","-56.345858113549184","-18.757896641428307","32400.0","1657015200000.0","1657047600000.0"
"eaa6f30a-e7d7-4371-b1b1-d121c7b404ae","TradeIQ220320Strategy","BTC-USDT","Bybit Perpetual","long","20107.1","19870.1","0.1465900846791927","3.2231436232803623","2947.5014916529954","-37.96499369224904","-12.88039846621343","25200.0","1657047600000.0","1657072800000.0"
"58f2993f-e4b3-47d7-932a-b1141305bf98","TradeIQ220320Strategy","BTC-USDT","Bybit Perpetual","short","19855.2","19940.4","0.14653775826789686","3.2073569071092543","2909.5364979607457","-15.692373911534174","-5.393427414480879","3600.0","1657076400000.0","1657080000000.0"
"0a2a6d3e-be91-40ff-bc4c-d89a242642f2","TradeIQ220320Strategy","BTC-USDT","Bybit Perpetual","long","20256.1","20295.7","0.14286284744097888","3.1863400892713982","2893.844124049212","2.471028669391677","0.8538914203623691","43200.0","1657130400000.0","1657173600000.0"
"f95a1d22-aed7-42d8-9b15-997889c7b63f","TradeIQ220320Strategy","BTC-USDT","Bybit Perpetual","long","20908.7","21797.8","0.13852201010673085","3.2536846235427057","2896.3151527186033","119.90623456235149","41.39958127478028","18000.0","1657206000000.0","1657224000000.0"
"d067b954-e36f-429b-81aa-aacdb64ebd78","TradeIQ220320Strategy","BTC-USDT","Bybit Perpetual","long","21797.8","21791.3","0.13837274345488784","3.3173488434511986","3016.221387280954","-4.216771675907969","-1.3980312233344652","43200.0","1657224000000.0","1657267200000.0"
"0541ddd1-7830-47cd-a2fb-641ce2ae9c30","TradeIQ220320Strategy","BTC-USDT","Bybit Perpetual","long","21947.3","21538.3","0.137238048215728","3.282333378219424","3012.004615605047","-59.412695098452176","-19.725300150815816","32400.0","1657296000000.0","1657328400000.0"
"2af8be63-548f-4db9-a1e9-be2921affdfc","TradeIQ220320Strategy","BTC-USDT","Bybit Perpetual","long","21605.9","21544.8","0.13665674285758028","3.2432587627135243","2952.591920506594","-11.592985751311979","-3.9263758973244434","3600.0","1657339200000.0","1657342800000.0"
"84f0391b-025f-4304-abd9-3e8f7626bb22","TradeIQ220320Strategy","BTC-USDT","Bybit Perpetual","long","21644.7","21437.4","0.13587616990557883","3.219606906719026","2940.998934755282","-31.386736928145417","-10.672134748922337","14400.0","1657353600000.0","1657368000000.0"
"ba78e295-975c-4cdb-825b-73bcf15d4ac7","TradeIQ220320Strategy","BTC-USDT","Bybit Perpetual","short","20545.1","20367.1","0.14162073671226408","3.18670874748572","2909.6121978271367","22.021782387297286","7.568631449834753","43200.0","1657504800000.0","1657548000000.0"
"61a9ae04-f2df-49f3-9de4-ef66c50bbe4f","TradeIQ220320Strategy","BTC-USDT","Bybit Perpetual","short","20230.3","19597.6","0.14491302552183774","3.1743698190496605","2931.633980214434","88.51210142861719","30.19207105183812","43200.0","1657576800000.0","1657620000000.0"
"3435a368-68a9-46a5-8f9d-e7b32b022ceb","TradeIQ220320Strategy","BTC-USDT","Bybit Perpetual","short","19597.6","19778.0","0.15410795616009362","3.33745128121756","3020.1460816430504","-31.138526572498677","-10.310271665918352","14400.0","1657620000000.0","1657634400000.0"
"a380ccce-04ab-4e44-ada4-39d532d57de2","TradeIQ220320Strategy","BTC-USDT","Bybit Perpetual","short","19383.6","19699.5","0.15420291148551105","3.3147002954336573","2989.0075550705515","-52.027400033706826","-17.40624574382476","43200.0","1657656000000.0","1657699200000.0"
"cde355a4-86f9-4d8f-842b-68e3151bdcb9","TradeIQ220320Strategy","BTC-USDT","Bybit Perpetual","short","19153.4","19875.3","0.15333988508760038","3.291561005215136","2936.980155036845","-113.98762404995351","-38.81116590265946","18000.0","1657717200000.0","1657735200000.0"
"2bc5e2c8-0311-46d5-a658-b73ae5c3836a","TradeIQ220320Strategy","BTC-USDT","Bybit Perpetual","short","19759.0","19884.9","0.1428712248082844","3.1151849020474307","2822.9925309868913","-21.102672105410647","-7.475284427349638","21600.0","1657789200000.0","1657810800000.0"
"53f320fb-1769-4640-b085-0288e802cbf4","TradeIQ220320Strategy","BTC-USDT","Bybit Perpetual","long","20379.3","20213.3","0.13748705102145223","3.069526277011371","2801.8898588814814","-25.892376746572438","-9.24104017311684","3600.0","1657814400000.0","1657818000000.0"
"6bb0e293-75fe-469d-92bb-6432bbd67e55","TradeIQ220320Strategy","BTC-USDT","Bybit Perpetual","long","20723.2","20785.1","0.13395602426917216","3.058157763194644","2775.9974821349088","5.233720139066821","1.885347581454496","79200.0","1657821600000.0","1657900800000.0"
"30e923aa-d511-4f8d-88c9-df86b2c61ec9","TradeIQ220320Strategy","BTC-USDT","Bybit Perpetual","long","21156.7","20678.7","0.13145864914064934","3.024793843642297","2781.231202273976","-65.86202813287268","-23.680889269120417","18000.0","1657915200000.0","1657933200000.0"
"379cab3b-6418-48e1-a335-d19da9c1b0ba","TradeIQ220320Strategy","BTC-USDT","Bybit Perpetual","long","20827.8","21454.3","0.13037234725420366","3.031829143110331","2715.369174141103","78.64644641164826","28.96344525105868","10800.0","1657980000000.0","1657990800000.0"
"bf9290cc-fedf-40d7-a95b-9db716598ee0","TradeIQ220320Strategy","BTC-USDT","Bybit Perpetual","long","21454.3","21150.8","0.13023103156722668","3.0516783676636674","2794.0156205527514","-42.57679644831697","-15.238567792936616","32400.0","1657990800000.0","1658023200000.0"
"a62d731b-d74b-40bb-8c42-7fb1eb039417","TradeIQ220320Strategy","BTC-USDT","Bybit Perpetual","long","21566.3","21109.0","0.12758047621077492","2.994494303040726","2751.4388241044353","-61.337046074228006","-22.292716645878023","25200.0","1658041200000.0","1658066400000.0"
"82a2cd3b-ad9a-41d7-b204-111b5b5a1b45","TradeIQ220320Strategy","BTC-USDT","Bybit Perpetual","long","21323.2","22189.3","0.1261584461070668","3.0192081624285594","2690.1017780302072","106.24662201090182","39.49539117018076","14400.0","1658113200000.0","1658127600000.0"
"66b4eee5-b264-485b-85a3-d4360208e082","TradeIQ220320Strategy","BTC-USDT","Bybit Perpetual","long","22189.3","21875.2","0.12602238015805406","3.0542122437610155","2796.348400041109","-42.63784185140561","-15.247685821544552","39600.0","1658127600000.0","1658167200000.0"
"473fb1da-36be-4e56-a0f9-22a6d61f060f","TradeIQ220320Strategy","BTC-USDT","Bybit Perpetual","long","22423.9","21753.7","0.12280248120040238","2.983815391413393","2753.710558189703","-85.28603829192315","-30.971315426843702","25200.0","1658188800000.0","1658214000000.0"
"6eb3554a-b82e-419b-9fc7-c19c967bca60","TradeIQ220320Strategy","BTC-USDT","Bybit Perpetual","long","23116.2","23359.5","0.11543525838579784","2.9507139409884537","2668.42451989778","25.134684424276077","9.41929750564536","61200.0","1658246400000.0","1658307600000.0"
"d44e21c8-bd63-4955-a13f-773b3923e41e","TradeIQ220320Strategy","BTC-USDT","Bybit Perpetual","long","23701.1","23511.0","0.11364701234634918","2.9510327613783898","2693.5592043220563","-24.555329808419202","-9.116313377860038","25200.0","1658314800000.0","1658340000000.0"
"e626ebc8-5297-430d-a161-23374745cfcf","TradeIQ220320Strategy","BTC-USDT","Bybit Perpetual","long","23026.8","22853.8","0.11590858801542712","2.924875559815333","2669.003874513637","-22.977061286484226","-8.60885272812549","3600.0","1658422800000.0","1658426400000.0"
"7bc43cf7-2544-437d-be45-b71d33d54297","TradeIQ220320Strategy","BTC-USDT","Bybit Perpetual","long","23193.0","23011.2","0.11408730277355894","2.8992219051455397","2646.0268132271526","-23.64029354937847","-8.93426076833524","10800.0","1658433600000.0","1658444400000.0"
"161fa54f-e9aa-4d7f-a4bd-49af8cc1239e","TradeIQ220320Strategy","BTC-USDT","Bybit Perpetual","long","23261.3","22977.8","0.11273602591763035","2.8670468068043458","2622.3865196777747","-34.82771015445255","-13.280921745560223","7200.0","1658451600000.0","1658458800000.0"
"6d1084f3-bc4a-4621-be72-f7ccafcd2fcb","TradeIQ220320Strategy","BTC-USDT","Bybit Perpetual","long","23136.8","23286.7","0.11183736772255982","2.855535122257541","2587.558809523322","13.908886299354341","5.375292823553883","36000.0","1658469600000.0","1658505600000.0"
"3b2d7bf2-ed84-45ab-b5ca-1a2781c1e88b","TradeIQ220320Strategy","BTC-USDT","Bybit Perpetual","short","22226.3","22329.4","0.11704456863367617","2.8682514776693173","2601.4676958226764","-14.935546503801586","-5.7412000647882095","7200.0","1658577600000.0","1658584800000.0"
"39dc0940-f985-4c05-81d0-c315147b8bc7","TradeIQ220320Strategy","BTC-USDT","Bybit Perpetual","short","22142.1","22313.5","0.11681512364766101","2.8561975259570276","2586.532149318875","-22.878309719166296","-8.845167350883678","21600.0","1658588400000.0","1658610000000.0"
"d90f4abb-635c-4481-8a03-2eb6f64d7dd9","TradeIQ220320Strategy","BTC-USDT","Bybit Perpetual","long","22540.7","22418.9","0.11373443768825763","2.8124001535789436","2563.6538395997086","-16.66525466400864","-6.500586938293809","3600.0","1658624400000.0","1658628000000.0"
"6feacc05-068f-4def-9d42-1ec134579e72","TradeIQ220320Strategy","BTC-USDT","Bybit Perpetual","long","22741.8","22507.8","0.11199590995152979","2.7872735698185083","2546.9885849357","-28.99431649847648","-11.383763818167427","18000.0","1658642400000.0","1658660400000.0"
"60c5b449-fa5b-4ba7-83eb-a66e62863687","TradeIQ220320Strategy","BTC-USDT","Bybit Perpetual","long","22837.0","22570.6","0.11025941535390918","2.7536384857432914","2517.994268437224","-32.126746736024856","-12.758864124009344","28800.0","1658678400000.0","1658707200000.0"
"8510088a-c7d5-41e6-b79b-7f5af30a9077","TradeIQ220320Strategy","BTC-USDT","Bybit Perpetual","short","22314.8","21940.0","0.11139994630026707","2.7114902889409827","2485.8675217011996","39.04120958439904","15.705265563661754","57600.0","1658710800000.0","1658768400000.0"
"ecee7831-eced-42a8-b15f-78cb907e0053","TradeIQ220320Strategy","BTC-USDT","Bybit Perpetual","short","21879.5","22160.7","0.11540065958022802","2.7952474704248376","2524.908731285599","-35.24591294438505","-13.9592819762792","3600.0","1658779200000.0","1658782800000.0"
"555bef8e-ceea-42cc-ac89-7617475e1597","TradeIQ220320Strategy","BTC-USDT","Bybit Perpetual","short","21647.4","21022.9","0.11500978493219573","2.6991261142957494","2489.662818341214","69.12448457586048","27.764596903092286","50400.0","1658790000000.0","1658840400000.0"
"cb413cbf-d577-4e56-a36b-ba8532d47b1c","TradeIQ220320Strategy","BTC-USDT","Bybit Perpetual","short","21022.9","20935.5","0.12171428789163598","2.8088152273898306","2558.787302917074","7.829013534339332","3.059657801730563","32400.0","1658840400000.0","1658872800000.0"
"022bf883-82b5-488d-8b23-1867b57751c4","TradeIQ220320Strategy","BTC-USDT","Bybit Perpetual","long","22544.9","23126.7","0.11384465295705073","2.8597070985962816","2566.6163164514132","63.37511199181575","24.69208645857818","32400.0","1658948400000.0","1658980800000.0"
"ead880fc-4aec-4557-9bd9-cab30fa88fcf","TradeIQ220320Strategy","BTC-USDT","Bybit Perpetual","long","23739.4","23717.2","0.11078592670594997","2.8916378751224725","2629.991428443229","-5.351085447994643","-2.0346398813786672","72000.0","1659024000000.0","1659096000000.0"
"2bb1c470-326c-44c1-848b-475776f518bc","TradeIQ220320Strategy","BTC-USDT","Bybit Perpetual","long","23771.1","23734.9","0.11041307903274289","2.8849060528912163","2624.6403429952343","-6.881859513876187","-2.62202001590154","18000.0","1659139200000.0","1659157200000.0"
"c2a2d8ff-32c8-41aa-b1fb-d31a13cd107e","TradeIQ220320Strategy","BTC-USDT","Bybit Perpetual","long","23811.3","23804.3","0.10993765495715722","2.8791110718579085","2617.758483481358","-3.648674656558009","-1.393816381297955","14400.0","1659164400000.0","1659178800000.0"
"553efc3c-5e6f-4742-b7f9-0af58f1ba7ea","TradeIQ220320Strategy","BTC-USDT","Bybit Perpetual","long","23956.3","23915.0","0.10911993124250406","2.873042130469107","2614.1098088248","-7.379695290784445","-2.8230242149246454","28800.0","1659182400000.0","1659211200000.0"
"10ef2f2b-6bd6-468c-93ae-13707de785db","TradeIQ220320Strategy","BTC-USDT","Bybit Perpetual","long","23832.8","23791.0","0.10937573904593736","2.8648885766467513","2606.730113534016","-7.436794468766854","-2.8529207646604373","3600.0","1659297600000.0","1659301200000.0"
"54a9f043-3745-410e-8c6b-bc58fd794045","TradeIQ220320Strategy","BTC-USDT","Bybit Perpetual","short","23026.5","23216.2","0.11288269250929359","2.8710002666947307","2599.293319065249","-24.284847035707806","-9.342865177078613","3600.0","1659351600000.0","1659355200000.0"
"bb8610bf-0385-488a-aea3-3f2374710390","TradeIQ220320Strategy","BTC-USDT","Bybit Perpetual","short","22954.5","23113.8","0.11217880903655235","2.8423378655862326","2575.008472029541","-20.71242214510894","-8.043632621054662","10800.0","1659376800000.0","1659387600000.0"
"f01f8bf5-7228-46d9-839e-43e5b426dba1","TradeIQ220320Strategy","BTC-USDT","Bybit Perpetual","short","22908.0","23014.5","0.11150235943270612","2.8162569055766458","2554.296049884432","-14.691258185159848","-5.751587873232059","43200.0","1659409200000.0","1659452400000.0"
"a97b9302-079b-4c7d-9db4-40d1ff82d7a8","TradeIQ220320Strategy","BTC-USDT","Bybit Perpetual","long","23367.2","22973.0","0.10868246053011366","2.770001826601665","2539.604791699272","-45.61262776757255","-17.960522013762912","7200.0","1659459600000.0","1659466800000.0"
"138e24e3-8f7e-4ace-ba29-d1e2d743813f","TradeIQ220320Strategy","BTC-USDT","Bybit Perpetual","long","23079.0","22975.1","0.10806326807624678","2.7372161048706523","2493.9921639316995","-13.96498965799285","-5.599452099311125","7200.0","1659477600000.0","1659484800000.0"
"c19f2ad2-7d3e-4098-ab39-a2b8904b3ebd","TradeIQ220320Strategy","BTC-USDT","Bybit Perpetual","short","22783.4","23028.6","0.10885237384559401","2.742709722837894","2480.027174273707","-29.43331178977723","-11.868140839382932","21600.0","1659488400000.0","1659510000000.0"
"4af4b690-2aeb-4a17-993c-ad86af61807c","TradeIQ220320Strategy","BTC-USDT","Bybit Perpetual","long","23284.5","23308.5","0.10524571549674373","2.6970424921768794","2450.5938624839296","-0.1711453202550297","-0.06983830445145907","43200.0","1659517200000.0","1659560400000.0"
"1400e5c1-ad1e-40c6-9aa4-c1b0fda3f0bd","TradeIQ220320Strategy","BTC-USDT","Bybit Perpetual","short","22920.1","23129.0","0.1069115194594995","2.707748587908341","2450.4227171636744","-25.04156500299794","-10.219283729128644","10800.0","1659567600000.0","1659578400000.0"
"1b181f02-9ece-44f1-abf5-bc5005dcf837","TradeIQ220320Strategy","BTC-USDT","Bybit Perpetual","short","22928.3","23015.5","0.10578111557161571","2.6729925296795587","2425.3811521606763","-11.897105807524525","-4.905252024790356","25200.0","1659596400000.0","1659621600000.0"
"7daf4bbe-dd84-4bd2-b5c2-528da6709b96","TradeIQ220320Strategy","BTC-USDT","Bybit Perpetual","short","22578.9","22875.8","0.10689112606695418","2.6722872374195705","2413.484046353152","-34.408262566698035","-14.256677030324678","32400.0","1659632400000.0","1659664800000.0"
"031548d9-0cdb-4c23-9129-18c33dfdf3c6","TradeIQ220320Strategy","BTC-USDT","Bybit Perpetual","long","23034.2","23011.5","0.10328449799804001","2.6156938552075935","2379.0757837864535","-4.960251959763177","-2.084949119135925","36000.0","1659668400000.0","1659704400000.0"
"5e5951ac-cc3e-43e9-b4d9-7dfd14cdccee","TradeIQ220320Strategy","BTC-USDT","Bybit Perpetual","short","22979.1","23024.8","0.10331629749758216","2.614123940146961","2374.11553182669","-7.335678735786541","-3.089857522705447","3600.0","1659715200000.0","1659718800000.0"
"59bcd9bb-bf1c-415c-9a7c-2bb1c0b28edb","TradeIQ220320Strategy","BTC-USDT","Bybit Perpetual","short","22819.1","23096.8","0.10371924629327639","2.6192993974825973","2366.779853090903","-31.422134093125525","-13.276323124049622","14400.0","1659722400000.0","1659736800000.0"
"7f73cfd7-775c-4b51-a3e6-bfd5017a8a3c","TradeIQ220320Strategy","BTC-USDT","Bybit Perpetual","long","23230.9","23121.1","0.10052807764648712","2.5628226002884844","2335.3577189977777","-13.600805525873064","-5.823863905401982","68400.0","1659740400000.0","1659808800000.0"
"54fab6bf-94d4-488b-927e-909c4dc834c8","TradeIQ220320Strategy","BTC-USDT","Bybit Perpetual","short","22943.3","23103.100000000002","0.10119542147258262","2.5628266704123206","2321.7569134719047","-18.73385502173132","-8.068827064982061","46800.0","1659830400000.0","1659877200000.0"
"dfe94157-5e87-47f4-935f-1fd540266d92","TradeIQ220320Strategy","BTC-USDT","Bybit Perpetual","long","23103.1","23012.1","0.09968459031256298","2.5283361505500475","2303.0230584501737","-11.59963386899328","-5.036698971133744","10800.0","1659877200000.0","1659888000000.0"
"1e9947bf-b864-42cd-b871-58f1af74149f","TradeIQ220320Strategy","BTC-USDT","Bybit Perpetual","long","23235.1","23167.799999999996","0.09861904724236956","2.516915383005623","2291.423424581181","-9.153977262417381","-3.9948868307002297","21600.0","1659895200000.0","1659916800000.0"
"4acaf50f-e41d-49e1-a8d9-1e6eadc2fb48","TradeIQ220320Strategy","BTC-USDT","Bybit Perpetual","long","23416.5","24120.4","0.09746415763751047","2.5482291533592143","2282.269447318764","66.05679140768454","28.943467426814486","10800.0","1659938400000.0","1659949200000.0"
"fd42a2f0-e247-4714-9a62-d25d324dc038","TradeIQ220320Strategy","BTC-USDT","Bybit Perpetual","long","24120.4","23918.7","0.09735851141467175","2.572358396135307","2348.3262387264485","-22.20957014847467","-9.457616996401416","39600.0","1659949200000.0","1659988800000.0"
"cb9c42e2-880c-4e03-9730-f84452a50ece","TradeIQ220320Strategy","BTC-USDT","Bybit Perpetual","short","23257.8","23122.3","0.1000144755126441","2.5512747566481915","2326.116668577974","11.000686675315084","4.729206760742633","32400.0","1660046400000.0","1660078800000.0"
"5869ba9e-609a-4ee6-8601-c4544a85d587","TradeIQ220320Strategy","BTC-USDT","Bybit Perpetual","short","22761.4","23108.3","0.1026789808734651","2.5904197269343703","2337.1173552532887","-38.20975819193919","-16.349096936040745","39600.0","1660093200000.0","1660132800000.0"
"e0d2913f-0403-449e-9191-2b717d6d96ab","TradeIQ220320Strategy","BTC-USDT","Bybit Perpetual","long","23968.7","24851.6","0.09591290295516026","2.5753731828779958","2298.90759706135","82.1061288362328","35.715280136177505","86400.0","1660136400000.0","1660222800000.0"
"7f2194d5-d738-4846-a2c4-de247e863689","TradeIQ220320Strategy","BTC-USDT","Bybit Perpetual","long","24851.6","24550.699999999997","0.0958092728797173","2.603259142872112","2381.0137258975824","-31.432269352379187","-13.201213000370258","7200.0","1660222800000.0","1660230000000.0"
"c131617a-cb56-4be6-8c06-b8176f5ac2ec","TradeIQ220320Strategy","BTC-USDT","Bybit Perpetual","long","23977.2","24676.0","0.09799232006010723","2.6222019704916253","2349.5814565452033","65.85483128751123","28.028324408187743","36000.0","1660323600000.0","1660359600000.0"
"ab25b534-3f02-487b-aaa2-6b5875f96f7e","TradeIQ220320Strategy","BTC-USDT","Bybit Perpetual","long","24676.0","24398.6","0.09788605478330016","2.6420454412376984","2415.4362878327147","-29.795637038125307","-12.335509401848011","21600.0","1660359600000.0","1660381200000.0"
"2fd6d5d7-9c76-49a1-bb0c-957f56023c1e","TradeIQ220320Strategy","BTC-USDT","Bybit Perpetual","long","24573.7","24520.1","0.09708105213275124","2.621342766457175","2385.6406507945894","-7.824887160772853","-3.2799940586888496","39600.0","1660442400000.0","1660482000000.0"
"a596c6f4-a5b3-4195-a4c7-75bed9da139a","TradeIQ220320Strategy","BTC-USDT","Bybit Perpetual","long","24632.7","24119.4","0.0965308619694072","2.5883452297003053","2377.815763633817","-52.13763667859695","-21.92669317614387","18000.0","1660528800000.0","1660546800000.0"
"01d280a8-b6d0-4465-8adf-f565665ce682","TradeIQ220320Strategy","BTC-USDT","Bybit Perpetual","short","23937.6","24142.299999999996","0.09715586052717147","2.5691842322081935","2325.67812695522","-22.456988882119912","-9.656103577635063","3600.0","1660568400000.0","1660572000000.0"
"406837d3-aef0-4e1e-aa6d-69ea41b98bd9","TradeIQ220320Strategy","BTC-USDT","Bybit Perpetual","short","23972.2","24052.1","0.09607883874125442","2.5377654364488937","2303.221138073099","-10.214464651874913","-4.4348605885149395","3600.0","1660593600000.0","1660597200000.0"
"ed45ad9b-ffb3-42f4-92c3-933ff275e50e","TradeIQ220320Strategy","BTC-USDT","Bybit Perpetual","short","24000.7","24085.2","0.09553915816710447","2.5267475231391625","2293.006673421224","-10.59980638825949","-4.622667047211123","3600.0","1660604400000.0","1660608000000.0"
"384d6b65-d00b-438d-84ca-6807721d663e","TradeIQ220320Strategy","BTC-USDT","Bybit Perpetual","short","23946.6","24054.1","0.09531235611873773","2.5162828967917816","2282.406867032965","-12.762361179556088","-5.591624071893296","10800.0","1660626000000.0","1660636800000.0"
"b757f76a-3c15-420c-aec4-593acc767f5a","TradeIQ220320Strategy","BTC-USDT","Bybit Perpetual","short","23710.1","23994.8","0.09572479685254003","2.5115980237539053","2269.644505853409","-29.76444768767212","-13.114145237683553","36000.0","1660662000000.0","1660698000000.0"
"c4555cda-ccfb-411b-a112-2f541bc2ec8a","TradeIQ220320Strategy","BTC-USDT","Bybit Perpetual","long","24051.7","23774.200000000004","0.093127723120018","2.4496544452411184","2239.880058165737","-28.292597611045778","-12.631300282308377","10800.0","1660712400000.0","1660723200000.0"
"7f7056fe-24cf-404b-928d-890392a68d04","TradeIQ220320Strategy","BTC-USDT","Bybit Perpetual","short","23774.2","23460.099999999995","0.09302468476561529","2.4166757271934762","2211.587460554691","26.80237775768683","12.119067518570798","64800.0","1660723200000.0","1660788000000.0"
"b5c656bf-1c26-4eb8-9bd3-bb3507e53599","TradeIQ220320Strategy","BTC-USDT","Bybit Perpetual","short","23414.3","22923.1","0.09559926362574911","2.436401725082483","2238.3898383123774","44.521956567885546","19.89017096389816","36000.0","1660834800000.0","1660870800000.0"
"b53fc1db-cc1f-47d9-8554-f4aef51dcf12","TradeIQ220320Strategy","BTC-USDT","Bybit Perpetual","short","22923.1","21898.899999999998","0.09959001159879176","2.4551029249345744","2282.911794880263","99.54498695454801","43.60439469356242","21600.0","1660870800000.0","1660892400000.0"
"909572ee-840b-4742-8d87-e65843ed9b65","TradeIQ220320Strategy","BTC-USDT","Bybit Perpetual","short","21898.9","21518.200000000004","0.10879344541665613","2.5979227444497255","2382.456781834811","38.81974192567095","16.293996273785307","36000.0","1660892400000.0","1660928400000.0"
"7f2bf1ec-af99-4e87-b7a0-d846f3ea4145","TradeIQ220320Strategy","BTC-USDT","Bybit Perpetual","short","21319.4","21300.1","0.11357151344599203","2.6621986145213015","2421.2765237604826","-0.47026840501332456","-0.19422333649150947","39600.0","1660939200000.0","1660978800000.0"
"9c0161e0-5a67-40a4-8fd1-9b2d095b21d2","TradeIQ220320Strategy","BTC-USDT","Bybit Perpetual","short","20981.7","21155.5","0.11537703119172753","2.6739157713026342","2420.8062553554696","-22.726443792424796","-9.387964750234694","18000.0","1661025600000.0","1661043600000.0"
"839e2138-5720-4c3b-aa02-180528dee34f","TradeIQ220320Strategy","BTC-USDT","Bybit Perpetual","short","21342.4","21388.0","0.11236223721620082","2.6407058376287313","2398.0798115630446","-7.764423854687325","-3.237767073993484","32400.0","1661151600000.0","1661184000000.0"
"91a93376-85e9-4b90-a854-06127dfcfd0c","TradeIQ220320Strategy","BTC-USDT","Bybit Perpetual","short","20955.1","21297.3","0.11406843144190949","2.650815745960875","2390.3153877083573","-41.685032985382385","-17.43913510314915","7200.0","1661234400000.0","1661241600000.0"
"3abc16cf-d767-4caf-b024-c8cfb68229c4","TradeIQ220320Strategy","BTC-USDT","Bybit Perpetual","short","21375.7","21407.3","0.10987384528801279","2.585402997626378","2348.630354722975","-6.057416508727423","-2.5791272332601296","18000.0","1661302800000.0","1661320800000.0"
"66da8719-91aa-494e-9ceb-e71af352091a","TradeIQ220320Strategy","BTC-USDT","Bybit Perpetual","short","21305.6","21426.1","0.10995104283447768","2.5841172373995276","2342.5729382142476","-15.83321789895409","-6.758900711550016","14400.0","1661328000000.0","1661342400000.0"
"61e24aee-2350-4f77-9d8e-abcbefcf279c","TradeIQ220320Strategy","BTC-USDT","Bybit Perpetual","short","21483.4","21543.2","0.10830407292678502","2.562975813305385","2326.7397203152937","-9.03955937432705","-3.8850754536060057","10800.0","1661382000000.0","1661392800000.0"
"8d209cd0-023c-493b-91e9-a916e38fc0e3","TradeIQ220320Strategy","BTC-USDT","Bybit Perpetual","short","21460.8","21528.900000000005","0.10799691348602881","2.5535152014296836","2317.700160940967","-9.908105009828875","-4.274972740997811","3600.0","1661400000000.0","1661403600000.0"
"790937bd-7a1e-4458-b582-40d3cd13a5fb","TradeIQ220320Strategy","BTC-USDT","Bybit Perpetual","short","21557.0","21594.3","0.10705534424693319","2.5407675019114784","2307.7920559311387","-6.5339318423220085","-2.8312480864683987","14400.0","1661443200000.0","1661457600000.0"
"f86cd7f2-e806-495d-a887-868f4eb503ac","TradeIQ220320Strategy","BTC-USDT","Bybit Perpetual","short","21565.4","21587.8","0.10671066263963648","2.5326986118614188","2301.2581240888167","-4.9230174549890435","-2.1392721674533197","14400.0","1661468400000.0","1661482800000.0"
"d88bec23-a1c3-4c43-8643-89c4d2fe0008","TradeIQ220320Strategy","BTC-USDT","Bybit Perpetual","short","21520.0","21626.6","0.10670702168372803","2.532224849978527","2296.3351066338273","-13.90719336146378","-6.0562560408921255","28800.0","1661490000000.0","1661518800000.0"
"4bcfcbea-f87c-438a-aedf-e67d4b4a8a6d","TradeIQ220320Strategy","BTC-USDT","Bybit Perpetual","short","20770.1","20134.8","0.10989007820243346","2.4722734629244965","2282.427913272363","67.34089321908141","29.504061367061276","46800.0","1661529600000.0","1661576400000.0"
"94598fb5-9857-42cb-8318-b593489837e9","TradeIQ220320Strategy","BTC-USDT","Bybit Perpetual","short","20134.8","20011.2","0.11670186972264163","2.576812294036844","2349.7688064914446","11.847538803681491","5.042001907145765","64800.0","1661576400000.0","1661641200000.0"
"61ba968a-4f0f-4a95-8ba6-f73ae5783f46","TradeIQ220320Strategy","BTC-USDT","Bybit Perpetual","short","19911.2","19978.7","0.11860743427292812","2.6021812808220215","2361.6163452951264","-10.60818309424467","-4.491916358632327","14400.0","1661691600000.0","1661706000000.0"
"b0979154-09f2-47af-8e88-c1595a2250eb","TradeIQ220320Strategy","BTC-USDT","Bybit Perpetual","short","19547.5","19882.6","0.12027155197344323","2.608275626807435","2351.0081622008815","-42.91127269310809","-18.25228571428564","46800.0","1661731200000.0","1661778000000.0"
"a447bda0-c35b-43cf-a879-40515b9a4a18","TradeIQ220320Strategy","BTC-USDT","Bybit Perpetual","short","19820.8","19950.0","0.11644822053134957","2.5471813890095087","2308.0968895077735","-17.592291481659956","-7.6219900306748825","36000.0","1661871600000.0","1661907600000.0"
"9a47f88b-0756-4618-b9bc-fea2514438fc","TradeIQ220320Strategy","BTC-USDT","Bybit Perpetual","short","20097.0","20217.7","0.11397246345355595","2.5271211198150896","2290.504598026114","-16.283597458659376","-7.109174752450651","18000.0","1661958000000.0","1661976000000.0"
"3e199f16-fe89-417b-829d-390ce25fd6fa","TradeIQ220320Strategy","BTC-USDT","Bybit Perpetual","short","20041.5","20060.9","0.11347558818289323","2.502853885150112","2274.2210005674547","-4.704280295898405","-2.068523813087915","43200.0","1661990400000.0","1662033600000.0"
"d732b18f-0924-4c00-a34a-aa209c40ed54","TradeIQ220320Strategy","BTC-USDT","Bybit Perpetual","short","19685.3","20060.4","0.11528992295121518","2.5202532798531623","2269.516720271556","-45.76550337885423","-20.16530786932392","21600.0","1662044400000.0","1662066000000.0"
"9a1febd2-ce12-40cd-9e65-9f15482d6c68","TradeIQ220320Strategy","BTC-USDT","Bybit Perpetual","short","19791.3","19820.7","0.11236003783949015","2.447943200393836","2223.7512168927014","-5.75132831287501","-2.586318230737822","108000.0","1662141600000.0","1662249600000.0"
"eea7bfcd-fdc3-4537-801e-6a88a3dc6493","TradeIQ220320Strategy","BTC-USDT","Bybit Perpetual","short","19693.0","19764.7","0.11262884723403375","2.4442413960284837","2217.999888579827","-10.519729742708787","-4.742890113238244","10800.0","1662274800000.0","1662285600000.0"
"6c8ea22d-b1de-4c8a-b322-87eec28c5706","TradeIQ220320Strategy","BTC-USDT","Bybit Perpetual","short","19831.8","19842.100000000002","0.11131012610237691","2.4288587465852007","2207.4801588371183","-3.575353045440007","-1.6196535362399238","3600.0","1662343200000.0","1662346800000.0"
"a586f7db-6ee5-473d-ad69-f79d309d38fd","TradeIQ220320Strategy","BTC-USDT","Bybit Perpetual","short","19712.0","19834.6","0.11180523568342525","2.43183431341298","2203.9048057916784","-16.139156208200752","-7.322982447240187","32400.0","1662357600000.0","1662390000000.0"
"2a559f25-3669-4258-9d2c-05f97ff31892","TradeIQ220320Strategy","BTC-USDT","Bybit Perpetual","short","19731.2","19793.7","0.11087848937639262","2.4103536626141393","2187.765649583478","-9.340259248638677","-4.269314334657801","14400.0","1662404400000.0","1662418800000.0"
"b144a078-6749-442a-99a0-8e31992b8439","TradeIQ220320Strategy","BTC-USDT","Bybit Perpetual","long","20093.6","19763.0","0.10841389249984269","2.3765550312950765","2178.425390334839","-38.218187891742915","-17.543950810208155","3600.0","1662426000000.0","1662429600000.0"
"a721114b-d0b5-410d-8450-07853729ccdf","TradeIQ220320Strategy","BTC-USDT","Bybit Perpetual","short","19780.2","19848.2","0.1081994723229844","2.3582745829522853","2140.207202443096","-9.715838700915224","-4.539671995227551","10800.0","1662436800000.0","1662447600000.0"
"7318b48b-2191-4c70-91bb-11f324152680","TradeIQ220320Strategy","BTC-USDT","Bybit Perpetual","short","19775.2","19088.200000000004","0.10773551537998","2.3028326356300735","2130.4913637421805","71.7114664304158","33.65959029491466","14400.0","1662472800000.0","1662487200000.0"
"137144a7-26e7-4c1a-952c-69e6ea646a29","TradeIQ220320Strategy","BTC-USDT","Bybit Perpetual","short","19088.2","18795.2","0.11536985311200618","2.4038312613608563","2202.2028301725964","31.39953570045695","14.258239645435397","54000.0","1662487200000.0","1662541200000.0"
"e8b276b7-2c7c-450f-98f6-7c8567239937","TradeIQ220320Strategy","BTC-USDT","Bybit Perpetual","short","19178.7","19191.1","0.11646265731634851","2.457756877783256","2233.6023658730533","-3.9018938285057234","-1.7469062032357676","3600.0","1662656400000.0","1662660000000.0"
"cfb620d3-0cec-4790-9e1f-4f5d6667cea4","TradeIQ220320Strategy","BTC-USDT","Bybit Perpetual","long","19936.0","20684.9","0.11184292094926503","2.4987380591734","2229.7004720445475","81.26042543973134","36.44454780296957","10800.0","1662696000000.0","1662706800000.0"
"70cfd5e5-12d6-4a2b-b43f-a36984775124","TradeIQ220320Strategy","BTC-USDT","Bybit Perpetual","long","20684.9","21340.1","0.11172212084584789","2.5823171707007164","2310.960897484279","70.61801640749849","30.55785863117525","57600.0","1662706800000.0","1662764400000.0"
"673e035a-3af0-4978-89b8-a4b1a096f1d1","TradeIQ220320Strategy","BTC-USDT","Bybit Perpetual","long","21340.1","21250.3","0.11160111311061229","2.614224826304422","2381.578913891777","-12.636004783637324","-5.305725840085064","7200.0","1662764400000.0","1662771600000.0"
"d08b4a12-855e-4b03-80f3-66d4dbf2e52e","TradeIQ220320Strategy","BTC-USDT","Bybit Perpetual","long","21532.2","21302.4","0.11001861904998744","2.591931946757226","2368.9429091081397","-27.874210604444258","-11.766518516454392","25200.0","1662789600000.0","1662814800000.0"
"8dbf5abd-1878-4035-af69-bb89858b1b45","TradeIQ220320Strategy","BTC-USDT","Bybit Perpetual","long","21569.4","21437.9","0.10853657025710939","2.5673256609102197","2341.0686985036955","-16.839884649720105","-7.193246682800634","39600.0","1662840000000.0","1662879600000.0"
"35fd42b4-ded5-4dcb-9e16-fa6b093a6ed6","TradeIQ220320Strategy","BTC-USDT","Bybit Perpetual","long","21633.9","21502.7","0.10743457323247196","2.5488992164349176","2324.228813853975","-16.64431522453532","-7.161220584360691","21600.0","1662912000000.0","1662933600000.0"
"43aaeaff-d271-4049-9159-16449340f75f","TradeIQ220320Strategy","BTC-USDT","Bybit Perpetual","long","21820.3","21649.2","0.10575402256749172","2.52839096619867","2307.5844986294396","-20.622904227496353","-8.937009344509406","14400.0","1662940800000.0","1662955200000.0"
"49226c5f-296f-40a5-bf90-362cd3107b26","TradeIQ220320Strategy","BTC-USDT","Bybit Perpetual","long","22222.5","22248.0","0.10291198534827058","2.5171010944366468","2286.961594401943","0.10715453194425306","0.04685453931825853","64800.0","1662973200000.0","1663038000000.0"
"ac1d3051-7ac3-46cd-8dd9-965d50cb76f1","TradeIQ220320Strategy","BTC-USDT","Bybit Perpetual","long","22309.0","21397.2","0.1025177618420318","2.464363991441116","2287.0687489338875","-95.94005923900565","-41.948917925500886","21600.0","1663052400000.0","1663074000000.0"
"101a4c7b-1614-420a-9d32-45d37ccceb34","TradeIQ220320Strategy","BTC-USDT","Bybit Perpetual","short","21001.4","20434.0","0.10433250591364775","2.377682513543898","2191.128689694882","56.820581341859985","25.932105954841173","43200.0","1663081200000.0","1663124400000.0"
"b78a8085-980c-4edd-a004-018e4dff7045","TradeIQ220320Strategy","BTC-USDT","Bybit Perpetual","short","19766.1","20195.2","0.11372750674319883","2.499584458369345","2247.949271036742","-51.30005760187621","-22.8208253019059","46800.0","1663182000000.0","1663228800000.0"
"ecb2ff82-9fc6-4e75-9ae5-5f4f26591045","TradeIQ220320Strategy","BTC-USDT","Bybit Perpetual","short","19697.9","19856.0","0.11151692380583035","2.4260110888878885","2196.649213434866","-20.056836742589507","-9.130650729265483","75600.0","1663254000000.0","1663329600000.0"
"aaf5ff97-3eff-431c-afd0-a83763c5b795","TradeIQ220320Strategy","BTC-USDT","Bybit Perpetual","short","19519.3","19746.600000000002","0.1115097558156428","2.4081920064847973","2176.5923766922765","-27.75435950338073","-12.751289492963524","25200.0","1663336800000.0","1663362000000.0"
"0d003892-2f31-48df-9cd6-95615b08c0a4","TradeIQ220320Strategy","BTC-USDT","Bybit Perpetual","short","19824.5","19976.6","0.10839304987207224","2.372789439494834","2148.838017188896","-18.859372325036865","-8.776544427349924","10800.0","1663495200000.0","1663506000000.0"
"94f36052-9e0a-4ac9-86de-cd4ead6fa327","TradeIQ220320Strategy","BTC-USDT","Bybit Perpetual","short","19800.1","18754.9","0.10757413572981245","2.2811364416846054","2129.9786448638592","110.15535022311505","51.71664537047778","43200.0","1663513200000.0","1663556400000.0"
"382e7b85-3e6d-4660-ba20-b41bcd73d56c","TradeIQ220320Strategy","BTC-USDT","Bybit Perpetual","short","18754.9","18766.000000000004","0.11944259873883487","2.464876591660972","2240.133995086974","-3.7906894376622997","-1.6921708460190235","28800.0","1663556400000.0","1663585200000.0"
"09e7a538-3b45-460b-8acf-1aaa1bee9ca2","TradeIQ220320Strategy","BTC-USDT","Bybit Perpetual","short","19295.0","19003.4","0.11590273675300919","2.4413891552937965","2236.3433056493122","31.35584888188351","14.021035501425164","64800.0","1663664400000.0","1663729200000.0"
"4008efac-814e-43e6-b724-1178890eac75","TradeIQ220320Strategy","BTC-USDT","Bybit Perpetual","long","19846.4","19627.5","0.1142624936780069","2.480712437057952","2267.699154531196","-27.49277230317383","-12.12364181917131","3600.0","1663783200000.0","1663786800000.0"
"fe8d2f96-e9e7-4ec8-bae1-7149e397d6ce","TradeIQ220320Strategy","BTC-USDT","Bybit Perpetual","short","18990.3","18923.8","0.11796582372200663","2.4599124204481924","2240.2063822280224","5.384814857065249","2.4037137380662763","43200.0","1663790400000.0","1663833600000.0"
"ba9c7ae4-a0ae-476c-99dd-77263e868b5a","TradeIQ220320Strategy","BTC-USDT","Bybit Perpetual","short","19061.7","18841.1","0.11780644942922656","2.455856860284349","2245.591197085088","23.532245883803288","10.47930982021552","43200.0","1663923600000.0","1663966800000.0"
"261dd53d-c295-4424-bc4c-f2047ca8dc2d","TradeIQ220320Strategy","BTC-USDT","Bybit Perpetual","short","18985.6","19072.3","0.11951813179298475","2.501735009380329","2269.123442968891","-12.863957035832193","-5.669130551575971","3600.0","1664006400000.0","1664010000000.0"
"d07dab19-7430-45b0-a642-1a2c03036a26","TradeIQ220320Strategy","BTC-USDT","Bybit Perpetual","short","19014.7","19044.7","0.11865869490094814","2.4838433029922307","2256.259485933059","-6.043604150020675","-2.6785944558683545","7200.0","1664013600000.0","1664020800000.0"
"db86bb6b-0274-4e64-95b7-f00b732cc723","TradeIQ220320Strategy","BTC-USDT","Bybit Perpetual","short","18941.4","19044.5","0.11879881538761855","2.481973956787897","2250.215881783038","-14.730131823251197","-6.5460971733873174","21600.0","1664056800000.0","1664078400000.0"
"65849710-d3a8-4acf-b228-df2c130728ee","TradeIQ220320Strategy","BTC-USDT","Bybit Perpetual","short","18983.0","19089.2","0.11776251119210804","2.465912833234497","2235.485749959787","-14.972291521836457","-6.697556234525667","7200.0","1664085600000.0","1664092800000.0"
"5da5714b-c1c8-4ffd-8a41-6537f9a93154","TradeIQ220320Strategy","BTC-USDT","Bybit Perpetual","short","18907.0","18902.3","0.11744398680054743","2.4422612115758664","2220.5134584379502","-1.890274473613208","-0.8512780980588818","61200.0","1664118000000.0","1664179200000.0"
"4d23348f-c7f9-4b3a-86a5-ea7095ff8cbb","TradeIQ220320Strategy","BTC-USDT","Bybit Perpetual","long","19264.6","19076.6","0.11516580588044066","2.428577358032733","2218.623183964337","-24.079748863555576","-10.853464904539933","3600.0","1664182800000.0","1664186400000.0"
"afeed05a-bfbe-428a-8273-ab612ce7a552","TradeIQ220320Strategy","BTC-USDT","Bybit Perpetual","long","19216.3","20083.9","0.11420218434874461","2.468492776938393","2194.543435100781","96.61332236403268","44.024338192055815","10800.0","1664236800000.0","1664247600000.0"
"50afbc82-b381-4fb1-abeb-76d269609e8a","TradeIQ220320Strategy","BTC-USDT","Bybit Perpetual","long","20083.9","20185.2","0.11407927531330138","2.526628360035376","2291.156757464814","9.02960222920197","3.941066974043849","39600.0","1664247600000.0","1664287200000.0"
"8c39d422-213d-4e33-bd53-7ec7699b08a3","TradeIQ220320Strategy","BTC-USDT","Bybit Perpetual","short","19102.1","18996.2","0.12041536583380967","2.5231914026804274","2300.1863596940157","10.228795839119755","4.446942221012235","64800.0","1664298000000.0","1664362800000.0"
"0248afcc-330a-4326-951f-189a5b32d431","TradeIQ220320Strategy","BTC-USDT","Bybit Perpetual","long","19372.8","19429.7","0.11926077570269324","2.545188937062065","2310.4151555331355","4.240749200421354","1.835492288156666","43200.0","1664377200000.0","1664420400000.0"
"35df798b-28ed-4d2b-ab21-395dac1faa3c","TradeIQ220320Strategy","BTC-USDT","Bybit Perpetual","short","19205.6","19441.4","0.12051984341720941","2.5617517136996906","2314.655904733557","-30.980330791478018","-13.384421731161897","14400.0","1664456400000.0","1664470800000.0"
"06bbcb37-3bec-42e3-baae-664d8b08a824","TradeIQ220320Strategy","BTC-USDT","Bybit Perpetual","long","19441.4","19257.4","0.11746456396875117","2.5001557174626496","2283.675573942079","-24.113635487712866","-10.559133601489604","3600.0","1664470800000.0","1664474400000.0"
"e4b51d30-d163-4acb-9d36-d259f5d2e3b6","TradeIQ220320Strategy","BTC-USDT","Bybit Perpetual","long","19399.3","19355.0","0.11647646762792298","2.4826801831660488","2259.561938454366","-7.642587699082952","-3.3823315789744615","25200.0","1664481600000.0","1664506800000.0"
"e72abc49-224e-41ac-9272-26d04a3cc141","TradeIQ220320Strategy","BTC-USDT","Bybit Perpetual","long","19439.9","19430.3","0.11584006866060435","2.4764996502682832","2251.9193507552827","-3.588564309410338","-1.5935580944347545","21600.0","1664517600000.0","1664539200000.0"
"2f617d01-398a-4fc5-b820-db7e677bb879","TradeIQ220320Strategy","BTC-USDT","Bybit Perpetual","short","19290.5","19465.300000000003","0.11655119289006882","2.4843690967749112","2248.3307864458725","-22.85751761395928","-10.16643892071242","3600.0","1664542800000.0","1664546400000.0"
"6a6056e9-956d-4fed-a1b3-26283a20025b","TradeIQ220320Strategy","BTC-USDT","Bybit Perpetual","long","19981.4","19467.0","0.11137724427877496","2.4165097457637548","2225.473268831914","-59.708964202765756","-26.829782697909128","18000.0","1664550000000.0","1664568000000.0"
"cf7f9551-fc7d-4de9-b000-26f3d37b8d62","TradeIQ220320Strategy","BTC-USDT","Bybit Perpetual","short","19312.8","19326.9","0.11214139351254858","2.383210391598753","2165.7643046291482","-3.964404040125933","-1.8304872934013807","82800.0","1664604000000.0","1664686800000.0"
"828d56ec-72b5-4bd6-93cf-a58df039caab","TradeIQ220320Strategy","BTC-USDT","Bybit Perpetual","short","19095.1","19253.6","0.11321228485784429","2.387849171580407","2161.7999005890224","-20.331996321548726","-9.405124089426083","32400.0","1664708400000.0","1664740800000.0"
"2e9bfee1-9e25-4c8c-b8ea-a44dc67898d5","TradeIQ220320Strategy","BTC-USDT","Bybit Perpetual","short","19049.4","19210.900000000005","0.11241655402624091","2.365600095105602","2141.467904267474","-20.52087357034392","-9.582620187512658","7200.0","1664755200000.0","1664762400000.0"
"1926b919-c66f-44ff-978b-cd16f806bd82","TradeIQ220320Strategy","BTC-USDT","Bybit Perpetual","short","19090.0","19235.3","0.11110251601346936","2.3419204913340597","2120.9470306971302","-18.485116068091074","-8.715501047668896","3600.0","1664773200000.0","1664776800000.0"
"7455f122-9d20-4be7-8398-c038a7bdd138","TradeIQ220320Strategy","BTC-USDT","Bybit Perpetual","long","19406.6","19537.6","0.10833746841945727","2.3205138206915654","2102.4619146290393","11.871694542257337","5.646568177836406","43200.0","1664809200000.0","1664852400000.0"
"6c255479-b11e-411b-a020-d5671246d80c","TradeIQ220320Strategy","BTC-USDT","Bybit Perpetual","long","19832.0","20333.000000000004","0.10661222313288102","2.355143968172692","2114.3336091712963","51.057579821401085","24.1483082896331","61200.0","1664866800000.0","1664928000000.0"
"670542d8-a050-494e-85b7-cf427a0ea695","TradeIQ220320Strategy","BTC-USDT","Bybit Perpetual","long","20333.0","20184.9","0.10649639448151757","2.3732556440794745","2165.3911889926967","-18.145371666792073","-8.379719913441134","14400.0","1664928000000.0","1664942400000.0"
"a54d854f-f51f-469b-9af3-2eaa97659516","TradeIQ220320Strategy","BTC-USDT","Bybit Perpetual","long","20227.1","19977.499999999996","0.10615687949957754","2.347397182640793","2147.2458173259047","-28.84415430573558","-13.433093720800422","14400.0","1664989200000.0","1665003600000.0"
"b494ccdf-53b5-47a1-8c9e-5f6f4a19fe7f","TradeIQ220320Strategy","BTC-USDT","Bybit Perpetual","long","20182.7","20169.5","0.10496126202243351","2.329479810559903","2118.401663020169","-3.7149684692561014","-1.7536657632527226","28800.0","1665010800000.0","1665039600000.0"
"9cf03158-3035-400d-89cc-7b7fbb294d1c","TradeIQ220320Strategy","BTC-USDT","Bybit Perpetual","short","19608.8","19594.5","0.10784375864667461","2.3253071728442487","2114.686694550913","-0.7831414241968802","-0.37033449267679464","3600.0","1665147600000.0","1665151200000.0"
"5ebeab28-bf5b-4487-8b54-85aec370e017","TradeIQ220320Strategy","BTC-USDT","Bybit Perpetual","short","19399.7","19480.0","0.10896578571455828","2.3301063823654715","2113.9035531267164","-11.080058975244423","-5.241515848183182","151200.0","1665162000000.0","1665313200000.0"
"f15407ad-666c-486d-8d08-66ee35a085cc","TradeIQ220320Strategy","BTC-USDT","Bybit Perpetual","short","19403.5","19410.000000000004","0.10837341171188043","2.3134932785134894","2102.823494151472","-3.0179204546411063","-1.4351753549619213","25200.0","1665381600000.0","1665406800000.0"
"9c30fbd0-b7d2-49f0-bdfc-cb2b8db2dadb","TradeIQ220320Strategy","BTC-USDT","Bybit Perpetual","short","19136.9","19149.9","0.10972548185426224","2.3105706682617724","2099.8055736968313","-3.7370019323671815","-1.7796895003893","68400.0","1665421200000.0","1665489600000.0"
"880cd7d0-2313-4f3d-ab55-681366f0968a","TradeIQ220320Strategy","BTC-USDT","Bybit Perpetual","short","18982.5","19145.9","0.11042110216064607","2.3155989733920883","2096.068571764464","-20.358407066441817","-9.712662715659235","10800.0","1665496800000.0","1665507600000.0"
"ce9c9756-b979-4f61-8773-aadedaec41a7","TradeIQ220320Strategy","BTC-USDT","Bybit Perpetual","short","18968.0","19089.8","0.10943221028564014","2.2906120449348593","2075.7101646980223","-15.619455257725749","-7.5248729439054864","36000.0","1665514800000.0","1665550800000.0"
"61f4acec-887c-403c-abf8-f717df87c924","TradeIQ220320Strategy","BTC-USDT","Bybit Perpetual","short","19069.0","19110.000000000004","0.10803349464787333","2.268535935688636","2060.0907094402965","-6.697909216251835","-3.251269075462984","3600.0","1665579600000.0","1665583200000.0"
"24ed425c-7eea-4d62-83b8-bdd65c440a09","TradeIQ220320Strategy","BTC-USDT","Bybit Perpetual","short","19084.0","19130.5","0.10759761057556304","2.26148388913692","2053.392800224045","-7.264772780900601","-3.5379362293020336","3600.0","1665586800000.0","1665590400000.0"
"6065dc54-9cea-4067-b0ec-8616195672cb","TradeIQ220320Strategy","BTC-USDT","Bybit Perpetual","short","19083.4","19108.5","0.1072203080920142","2.252221006540669","2046.128027443144","-4.9434507396500695","-2.4160026515190456","3600.0","1665597600000.0","1665601200000.0"
"55b745a4-8f80-42e0-8b91-eff842bc9d02","TradeIQ220320Strategy","BTC-USDT","Bybit Perpetual","short","19000.1","18682.4","0.10743020177280614","2.226531218067072","2041.1845767034938","31.904043885153122","15.630161157046388","10800.0","1665648000000.0","1665658800000.0"
"ce2dfe79-6605-458c-89ff-732d83df43f7","TradeIQ220320Strategy","BTC-USDT","Bybit Perpetual","short","18682.4","18947.700000000004","0.11096479149299054","2.2965889101982113","2073.088620588647","-31.735548093288923","-15.308341273069992","18000.0","1665658800000.0","1665676800000.0"
"77a5dc0c-8491-4337-a36c-a12f88db8f03","TradeIQ220320Strategy","BTC-USDT","Bybit Perpetual","long","19409.0","19456.9","0.10517559237958464","2.248259230726134","2041.3530724953582","2.789651644256123","1.3665698902571723","72000.0","1665687600000.0","1665759600000.0"
"7953e365-ef99-4f89-8088-c636a34145ed","TradeIQ220320Strategy","BTC-USDT","Bybit Perpetual","short","19352.9","19355.1","0.10562462081339821","2.2486848023447603","2044.1427241396145","-2.481058968133929","-1.2137405763475806","7200.0","1665763200000.0","1665770400000.0"
"be67379d-d8f1-471e-b0f3-2712e0c42638","TradeIQ220320Strategy","BTC-USDT","Bybit Perpetual","short","19206.8","19147.1","0.10629889753480437","2.2423375073880734","2041.6616651714805","4.103706675439826","2.0099837036883157","57600.0","1665774000000.0","1665831600000.0"
"06e3280a-a094-42ab-84c9-4cfd45206a99","TradeIQ220320Strategy","BTC-USDT","Bybit Perpetual","short","19091.9","19134.700000000004","0.1071535767444267","2.252864304228176","2045.7653718469203","-6.839037388889951","-3.3430213860329725","21600.0","1665864000000.0","1665885600000.0"
"97c651b6-6641-4047-ae8d-6c90e0eb1f3d","TradeIQ220320Strategy","BTC-USDT","Bybit Perpetual","long","19369.9","19138.5","0.10526261542176421","2.229422194839106","2038.9263344580309","-26.587191403435497","-13.039799895714557","7200.0","1665950400000.0","1665957600000.0"
"2e6f907b-fa92-492b-80f1-7b0f10e05ee1","TradeIQ220320Strategy","BTC-USDT","Bybit Perpetual","short","19138.5","19289.8","0.10514612655404525","2.222322792281249","2012.3391430545948","-18.13093173990822","-9.009878778378624","3600.0","1665957600000.0","1665961200000.0"
"f1ba9bde-4cc3-4135-b102-95c4e6751d4e","TradeIQ220320Strategy","BTC-USDT","Bybit Perpetual","short","19166.9","19193.5","0.10404437918049798","2.1951512017135664","1994.2082113146869","-4.962731687914662","-2.4885724869435615","3600.0","1665972000000.0","1665975600000.0"
"8e0656a0-d50f-4b91-892a-76f90f82fced","TradeIQ220320Strategy","BTC-USDT","Bybit Perpetual","short","19178.4","19220.2","0.103723224024255","2.190554624509767","1989.2454796267723","-6.526185388723551","-3.28073405497848","3600.0","1665979200000.0","1665982800000.0"
"03824ead-0ff2-4d7c-96b8-bc6092e43a55","TradeIQ220320Strategy","BTC-USDT","Bybit Perpetual","long","19327.6","19507.3","0.10258486797316008","2.191130199087981","1982.7192942380486","16.243370575688957","8.192471129369435","46800.0","1666000800000.0","1666047600000.0"
"39da313a-1722-4046-886a-765afe821d80","TradeIQ220320Strategy","BTC-USDT","Bybit Perpetual","long","19634.3","19521.3","0.10180972404484692","2.1925314569457246","1998.9626648137378","-13.697030274013427","-6.852069083186057","10800.0","1666076400000.0","1666087200000.0"
"74e7cb72-118c-4d7b-bfdd-263aa393245a","TradeIQ220320Strategy","BTC-USDT","Bybit Perpetual","short","19211.6","19357.7","0.10333681913738181","2.192095828095481","1985.2656345397243","-17.28960510406719","-8.708963074392669","7200.0","1666119600000.0","1666126800000.0"
"54358d94-b875-40df-9790-ad75f02c4f59","TradeIQ220320Strategy","BTC-USDT","Bybit Perpetual","short","19226.1","19259.9","0.10235960644309855","2.166676497463","1967.976029435657","-5.626431195240029","-2.8589937636859744","32400.0","1666141200000.0","1666173600000.0"
"a1e3f57a-4ffc-446a-b40f-a68f14ad636f","TradeIQ220320Strategy","BTC-USDT","Bybit Perpetual","short","19117.0","19259.8","0.10264945327407109","2.1666466461246046","1962.349598240417","-16.824988573661884","-8.573899670450347","7200.0","1666188000000.0","1666195200000.0"
"b5de4d12-9901-4a42-aa54-27d8fc84452c","TradeIQ220320Strategy","BTC-USDT","Bybit Perpetual","short","19116.7","19173.9","0.10177094423549855","2.1432787845390795","1945.5246096667552","-7.964576794809671","-4.0937939079444","18000.0","1666224000000.0","1666242000000.0"
"bc00a806-7734-4f43-ba25-a7c86bdbe1fd","TradeIQ220320Strategy","BTC-USDT","Bybit Perpetual","long","19316.3","19244.3","0.1003069963125415","2.1273438791051635","1937.5600328719454","-9.349447613608152","-4.825371836221223","3600.0","1666278000000.0","1666281600000.0"
"e36ccaff-5485-4e2c-b49a-c238b02ad466","TradeIQ220320Strategy","BTC-USDT","Bybit Perpetual","short","19054.7","19054.0","0.10119343706583347","2.1209926843109006","1928.2105852583372","-2.0501572783647437","-1.0632434517467748","68400.0","1666292400000.0","1666360800000.0"
"d6a20b59-29c8-4ffb-a034-bc92c64e17a1","TradeIQ220320Strategy","BTC-USDT","Bybit Perpetual","long","19226.4","19185.0","0.10018310385615467","2.116495301503165","1926.1604279799724","-6.264075801148114","-3.2521049182374986","7200.0","1666450800000.0","1666458000000.0"
"2f7442ee-8bde-4637-8a04-48ef052c1f12","TradeIQ220320Strategy","BTC-USDT","Bybit Perpetual","short","19141.9","19160.6","0.10029810792966343","2.1129175534367635","1919.8963521788246","-3.9884921717211776","-2.077451820352059","3600.0","1666461600000.0","1666465200000.0"
"2f5f4722-3c23-4662-beba-4af3dedc5619","TradeIQ220320Strategy","BTC-USDT","Bybit Perpetual","short","19151.6","19173.3","0.10003904947926562","2.108692612063349","1915.9078600071032","-4.279539985763486","-2.233687785876936","3600.0","1666512000000.0","1666515600000.0"
"01a46e7c-c09d-4fc7-9179-107f6adc9185","TradeIQ220320Strategy","BTC-USDT","Bybit Perpetual","short","19160.0","19169.2","0.09977183298649998","2.1032959974983854","1911.6283200213397","-3.021196860974258","-1.5804311064718544","10800.0","1666522800000.0","1666533600000.0"
"eff728ff-dc1f-42ba-8463-2745ae65fd75","TradeIQ220320Strategy","BTC-USDT","Bybit Perpetual","long","19468.7","19384.0","0.09803464654344489","2.0949008914671756","1908.6071231603655","-10.39843545369703","-5.448180155839925","36000.0","1666548000000.0","1666584000000.0"
"985cdcd4-0b8d-43c3-b956-4886e6bb4241","TradeIQ220320Strategy","BTC-USDT","Bybit Perpetual","long","19335.9","19318.1","0.09817017504779547","2.0870684704636178","1898.2086877066686","-3.834497586314663","-2.0200611298156748","14400.0","1666641600000.0","1666656000000.0"
"5f59f29b-41a4-4a94-b691-0ea6b7739028","TradeIQ220320Strategy","BTC-USDT","Bybit Perpetual","long","19332.7","19319.0","0.0979880818571826","2.0830732689355953","1894.374190120354","-3.4255099903790684","-1.808254149704942","10800.0","1666670400000.0","1666681200000.0"
"a7e49885-e195-432c-987d-049703e06264","TradeIQ220320Strategy","BTC-USDT","Bybit Perpetual","long","19315.0","19740.3","0.09790052705824359","2.1029439499298017","1890.948680129975","39.534150207941124","20.907045560445212","10800.0","1666702800000.0","1666713600000.0"
"dd148885-f693-4049-ac35-5ac8e2936d7e","TradeIQ220320Strategy","BTC-USDT","Bybit Perpetual","long","19740.3","20108.6","0.09779399656225671","2.143340754285341","1930.482830337916","33.87418817959374","17.547003085059462","7200.0","1666713600000.0","1666720800000.0"
"1f380f95-3fb3-472e-9cee-0f02dee13a86","TradeIQ220320Strategy","BTC-USDT","Bybit Perpetual","long","20108.6","20180.1","0.09768740829881294","2.164634277700612","1964.3570185175097","4.820015415664512","2.453736958316342","43200.0","1666720800000.0","1666764000000.0"
"1ed67811-422b-4e49-b018-e977e3914c08","TradeIQ220320Strategy","BTC-USDT","Bybit Perpetual","long","20658.7","20602.5","0.09531950383776201","2.1631484114628665","1969.1770339331742","-7.520104527145161","-3.818907288454778","90000.0","1666774800000.0","1666864800000.0"
"5ef729b3-8dda-4840-aaab-575fe80a1757","TradeIQ220320Strategy","BTC-USDT","Bybit Perpetual","long","20460.4","20912.7","0.0958757858793586","2.1816731622209105","1961.656929406029","41.182944791012915","20.993958818009382","68400.0","1666965600000.0","1667034000000.0"
"d0b92526-9a6e-4add-8b1c-e3992c2c044f","TradeIQ220320Strategy","BTC-USDT","Bybit Perpetual","long","20912.7","20800.1","0.09577146299602834","2.1971927349134024","2002.839874197042","-12.981059468266404","-6.481326657963926","32400.0","1667034000000.0","1667066400000.0"
"7b17294b-9d19-4be0-b9be-be5f1b79f891","TradeIQ220320Strategy","BTC-USDT","Bybit Perpetual","long","20882.3","20683.7","0.0952892552414617","2.178436250851629","1989.8588147287755","-21.102882341805785","-10.605215900547286","10800.0","1667113200000.0","1667124000000.0"
"02ab3087-4849-4221-8e68-e939ae2de119","TradeIQ220320Strategy","BTC-USDT","Bybit Perpetual","long","20704.7","20315.4","0.09508739234989977","2.145271888612668","1968.7559323869698","-39.16279373042858","-19.892152747926765","14400.0","1667210400000.0","1667224800000.0"
"d6eeb405-722a-493a-b65a-56ed524e7b6a","TradeIQ220320Strategy","BTC-USDT","Bybit Perpetual","long","20616.9","20511.7","0.09359278740531025","2.117137173842924","1929.5931386565412","-11.963098408881631","-6.1998035592160186","18000.0","1667286000000.0","1667304000000.0"
"6a697266-f111-4591-8e43-0f05f85d8829","TradeIQ220320Strategy","BTC-USDT","Bybit Perpetual","long","20513.2","20431.2","0.09348273503147532","2.1051769729225063","1917.6300402476595","-9.770761245503483","-5.095227463291929","3600.0","1667408400000.0","1667412000000.0"
"ccff0a43-f7e6-4c04-a874-d42a4056cfaf","TradeIQ220320Strategy","BTC-USDT","Bybit Perpetual","short","20241.1","20348.4","0.09425669943837817","2.1042077660197283","1907.8592790021562","-12.217951615757979","-6.404010898617314","32400.0","1667419200000.0","1667451600000.0"
"ed4a3ac8-cd50-4107-a281-b304534c05bb","TradeIQ220320Strategy","BTC-USDT","Bybit Perpetual","short","20293.8","20260.0","0.09340987530114608","2.08346897054319","1895.6413273863984","1.0737848146354794","0.5664493589174658","10800.0","1667462400000.0","1667473200000.0"
"5d36f30c-3caa-40d3-9b48-bec3a35b56ad","TradeIQ220320Strategy","BTC-USDT","Bybit Perpetual","short","20124.3","20308.4","0.094249991910329","2.095929906352018","1896.715112201034","-19.447353417043793","-10.253175762635331","10800.0","1667476800000.0","1667487600000.0"
"e85f4804-b50b-4e58-8242-eeaf603c2d39","TradeIQ220320Strategy","BTC-USDT","Bybit Perpetual","long","20431.9","21209.0","0.0918792554184383","2.1042641878245063","1877.2677587839896","69.29510519784377","36.91274453183495","32400.0","1667541600000.0","1667574000000.0"
"7219f639-e63a-41d9-8d53-d3589eba0236","TradeIQ220320Strategy","BTC-USDT","Bybit Perpetual","long","21209.0","21283.4","0.09178003979357036","2.14497478960837","1946.5628639818337","4.683460171033398","2.4060153708332055","64800.0","1667574000000.0","1667638800000.0"
"5c9ac68d-1335-4689-84b2-c9b0a259b4a2","TradeIQ220320Strategy","BTC-USDT","Bybit Perpetual","long","21243.6","21218.9","0.09185101979668546","2.145123160464216","1951.2463241528671","-4.41384334944208","-2.2620636332823576","14400.0","1667725200000.0","1667739600000.0"
"992a667e-6091-4201-a127-9e19dfb6895f","TradeIQ220320Strategy","BTC-USDT","Bybit Perpetual","long","21233.7","21248.8","0.09168597469133619","2.142277180903579","1946.8324808034251","-0.7578189630645362","-0.38925740685803484","3600.0","1667750400000.0","1667754000000.0"
"9727ac47-e665-44af-bc56-399366e55af9","TradeIQ220320Strategy","BTC-USDT","Bybit Perpetual","short","20628.1","20749.8","0.09434095538805613","2.1469968398732964","1946.0746618403605","-13.628291110599797","-7.0029641605383315","10800.0","1667808000000.0","1667818800000.0"
"1dc099ca-e7fd-4e4e-8218-3adc8187f73a","TradeIQ220320Strategy","BTC-USDT","Bybit Perpetual","short","20673.4","20140.6","0.0934750147885573","2.098299089469098","1932.4463707297605","47.7051887898745","24.686423133108384","21600.0","1667858400000.0","1667880000000.0"
"06cf21b6-2ee3-4d54-aa71-094cb41bc819","TradeIQ220320Strategy","BTC-USDT","Bybit Perpetual","short","20140.6","19547.1","0.09831641358845493","2.1460737801659873","1980.1515595196352","56.204717684582015","28.384048389819572","36000.0","1667880000000.0","1667916000000.0"
"18c3ee49-a6e6-48ab-bb44-c90e1cfc72ad","TradeIQ220320Strategy","BTC-USDT","Bybit Perpetual","short","19547.1","20363.2","0.10417689975516663","2.2867522272642447","2036.3562772042173","-87.30552011745596","-42.87340142527548","10800.0","1667916000000.0","1667926800000.0"
"603587b9-a7c4-48aa-aaa1-69f6c29706cc","TradeIQ220320Strategy","BTC-USDT","Bybit Perpetual","short","18584.5","17098.4","0.10487507100469538","2.058235669134395","1949.0507570867615","153.79660735094325","78.90846700207152","75600.0","1667934000000.0","1668009600000.0"
"c195d11d-7678-4872-9858-2496c06ac2ee","TradeIQ220320Strategy","BTC-USDT","Bybit Perpetual","short","17098.4","16351.7","0.12298503745600199","2.2626239907738572","2102.8473644377045","89.57030347762291","42.59477173302769","43200.0","1668009600000.0","1668052800000.0"
"fbcb8be4-4ca1-42b0-ba5c-75fc935f562e","TradeIQ220320Strategy","BTC-USDT","Bybit Perpetual","short","17259.0","17352.1","0.12703039967062563","2.4181640263219952","2192.417667915328","-14.244694235657057","-6.497253896517674","14400.0","1668132000000.0","1668146400000.0"
"e868b43f-553c-451e-8532-9c98fac6098b","TradeIQ220320Strategy","BTC-USDT","Bybit Perpetual","short","16904.2","16925.4","0.12885395189832533","2.397492708126773","2178.172973679671","-5.129196488371363","-2.3548159628968377","90000.0","1668178800000.0","1668268800000.0"
"b1946673-08e3-4f1d-9545-8e9249551802","TradeIQ220320Strategy","BTC-USDT","Bybit Perpetual","short","16884.5","16887.6","0.1287005109533181","2.3905675892816047","2173.0437771913","-2.7895391732367036","-1.2837013236991646","32400.0","1668276000000.0","1668308400000.0"
"105893aa-5185-4cf0-9066-767e05613606","TradeIQ220320Strategy","BTC-USDT","Bybit Perpetual","short","16546.3","15978.8","0.13116250992778222","2.3463405634086603","2170.254238018063","72.08838382060775","33.21656170865994","39600.0","1668362400000.0","1668402000000.0"
"256299bc-e363-4e1f-b22d-c7aa7063d011","TradeIQ220320Strategy","BTC-USDT","Bybit Perpetual","short","15978.8","16628.1","0.14033235423427734","2.516691672704912","2242.3426218386708","-93.63448927702109","-41.757440796555386","7200.0","1668402000000.0","1668409200000.0"
"bbdbdb28-2fb3-48f2-95b9-3ff954fd643a","TradeIQ220320Strategy","BTC-USDT","Bybit Perpetual","short","16462.4","16573.7","0.13052216764029845","2.371568860309915","2148.7081325616496","-16.898686118675037","-7.864579587423417","3600.0","1668445200000.0","1668448800000.0"
"0ec0324a-0a71-42e5-a9d4-3fc031138d44","TradeIQ220320Strategy","BTC-USDT","Bybit Perpetual","short","16244.999999999998","16605.2","0.1312286516739289","2.3709880992703942","2131.8094464429746","-49.63954843221991","-23.285171437365502","14400.0","1668456000000.0","1668470400000.0"
"596891c2-a2cf-41fc-80db-475101961033","TradeIQ220320Strategy","BTC-USDT","Bybit Perpetual","short","16723.3","16847.4","0.12450711869133217","2.298885121198108","2082.1698980107553","-17.750218550792702","-8.524865606668671","3600.0","1668538800000.0","1668542400000.0"
"026caea9-cbe5-4347-94e8-fce5b8716396","TradeIQ220320Strategy","BTC-USDT","Bybit Perpetual","short","16777.6","16848.8","0.12304618535785587","2.2756801360245724","2064.4196794599625","-11.036568533504001","-5.346087640663786","3600.0","1668560400000.0","1668564000000.0"
"7a7193bf-148b-4b11-9a90-f9ba54cfebab","TradeIQ220320Strategy","BTC-USDT","Bybit Perpetual","short","16695.2","16659.1","0.12299242362633923","2.256279407448004","2053.383110926459","2.183747085463111","1.063487409554973","39600.0","1668600000000.0","1668639600000.0"
"ff8631f3-7465-4fcc-a6cc-3f1a5bfe16a5","TradeIQ220320Strategy","BTC-USDT","Bybit Perpetual","short","16495.3","16526.8","0.12461530605759957","2.2632825039905624","2055.5668580119222","-6.188664644804949","-3.0106851648651434","39600.0","1668661200000.0","1668700800000.0"
"fbc7a61a-e527-4c60-8c2c-cd6b0a413990","TradeIQ220320Strategy","BTC-USDT","Bybit Perpetual","short","16690.5","16689.7","0.12278710604038927","2.254261986377171","2049.378193367117","-2.156032301544949","-1.052042179683097","32400.0","1668783600000.0","1668816000000.0"
"ca8eb107-55de-478a-b08d-93d88205c981","TradeIQ220320Strategy","BTC-USDT","Bybit Perpetual","short","16657.7","16636.0","0.1228994495678018","2.2504775722415378","2047.2221610655722","0.4164404833798505","0.20341733852817157","25200.0","1668823200000.0","1668848400000.0"
"dd051ff8-8077-4f52-810c-ed40a33990d0","TradeIQ220320Strategy","BTC-USDT","Bybit Perpetual","short","16605.5","16277.4","0.1233108669747344","2.2301503992039216","2047.638601548952","38.228145055206475","18.6693809280058","46800.0","1668934800000.0","1668981600000.0"
"afcd4499-2ad8-41c1-8d12-881e52df4b34","TradeIQ220320Strategy","BTC-USDT","Bybit Perpetual","short","16277.4","16142.7","0.12814495844570745","2.284959802018124","2085.8667466041584","14.97616610061853","7.179828781009186","25200.0","1668981600000.0","1669006800000.0"
"d8dea5c0-d8c1-4e5a-a873-665ecec52931","TradeIQ220320Strategy","BTC-USDT","Bybit Perpetual","short","16021.800000000001","15791.1","0.1311240255592241","2.294289531992172","2100.8429127047766","27.95602316452092","13.30705070591324","64800.0","1669050000000.0","1669114800000.0"
"823a1d51-f8d5-4263-a574-fc3f0e251bff","TradeIQ220320Strategy","BTC-USDT","Bybit Perpetual","long","16577.9","16501.7","0.1284118577063016","2.336297088499756","2128.798935869297","-12.12128064572003","-5.693952792573289","3600.0","1669176000000.0","1669179600000.0"
"5ca71f61-5efa-458e-b4c6-96c4b366d743","TradeIQ220320Strategy","BTC-USDT","Bybit Perpetual","long","16572.9","16531.4","0.1277192075752329","2.3254302298330307","2116.6776552235774","-7.625777344205195","-3.602710750683344","3600.0","1669190400000.0","1669194000000.0"
"54072534-3ebb-40f1-b97e-564281f84701","TradeIQ220320Strategy","BTC-USDT","Bybit Perpetual","long","16554.2","16503.9","0.1274028269490143","2.3164324664597657","2109.0518778793726","-8.724794661995093","-4.1368326466998875","10800.0","1669197600000.0","1669208400000.0"
"02ce844b-bdcb-4b57-9083-c2a906d20d7c","TradeIQ220320Strategy","BTC-USDT","Bybit Perpetual","short","16327.100000000002","16384.2","0.12864054750797005","2.314399747933604","2100.327083217378","-9.659775010638507","-4.59917652246869","3600.0","1669222800000.0","1669226400000.0"
"e6cfb2ec-1454-4999-bda0-0459db5bf652","TradeIQ220320Strategy","BTC-USDT","Bybit Perpetual","long","16609.2","16478.4","0.12587405222447434","2.2906786597103848","2090.667308206739","-18.755004690671537","-8.970822194928068","3600.0","1669237200000.0","1669240800000.0"
"05ae325b-ea5c-443a-885c-ac8593de2288","TradeIQ220320Strategy","BTC-USDT","Bybit Perpetual","long","16595.8","16582.5","0.12484558162402945","2.278190288438095","2071.912303516068","-3.9386365240375962","-1.9009668108798177","32400.0","1669248000000.0","1669280400000.0"
"00366a6f-0510-4b3b-9539-280410bd6815","TradeIQ220320Strategy","BTC-USDT","Bybit Perpetual","short","16532.2","16578.4","0.1250876269941103","2.277949510293154","2067.9736669920303","-8.056997877421141","-3.89608340087833","3600.0","1669294800000.0","1669298400000.0"
"98346463-ae0d-4854-acd6-a4ae696825b8","TradeIQ220320Strategy","BTC-USDT","Bybit Perpetual","short","16524.6","16549.0","0.12465758137047853","2.2675812407680622","2059.9166691146092","-5.30922622620792","-2.577398545199367","3600.0","1669302000000.0","1669305600000.0"
"71682ed7-54e8-43f8-8fae-4201a5ed53e1","TradeIQ220320Strategy","BTC-USDT","Bybit Perpetual","short","16519.4","16468.9","0.12437542785382044","2.256613659668602","2054.6074428884017","4.02434544694933","1.9586931123406415","36000.0","1669338000000.0","1669374000000.0"
"3bfeca03-9b9d-484f-8a4e-380cb8f06484","TradeIQ220320Strategy","BTC-USDT","Bybit Perpetual","long","16570.6","16550.6","0.12423399203018304","2.2631283932565536","2058.631788335351","-4.747808233860214","-2.306293073274353","21600.0","1669424400000.0","1669446000000.0"
"354eed1a-e424-4ff2-9ff4-234ab4e81544","TradeIQ220320Strategy","BTC-USDT","Bybit Perpetual","long","16561.8","16506.4","0.12401333068274527","2.2554936919257367","2053.8839801014906","-9.125832211749554","-4.443207260080294","3600.0","1669474800000.0","1669478400000.0"
"bf42f1de-c2b6-488f-9099-3f4184285d74","TradeIQ220320Strategy","BTC-USDT","Bybit Perpetual","short","16506.4","16520.1","0.12387668709650441","2.250167373515987","2044.7581478897407","-3.9472779867377366","-1.9304375878445381","39600.0","1669478400000.0","1669518000000.0"
"1e73a8ee-9713-4ac0-93a7-440b07bdec0a","TradeIQ220320Strategy","BTC-USDT","Bybit Perpetual","long","16556.6","16530.3","0.12326267892580622","2.243108962242642","2040.810869903003","-5.484917417991256","-2.68761672082428","3600.0","1669525200000.0","1669528800000.0"
"840cb8a5-08e5-49e6-8190-0dc914ca2a9b","TradeIQ220320Strategy","BTC-USDT","Bybit Perpetual","long","16547.1","16522.6","0.12300197330559506","2.2372010961432203","2035.3259524850118","-5.250749442130299","-2.579807640009428","7200.0","1669532400000.0","1669539600000.0"
"c145e117-8138-4b2e-8d81-bd527f08b8f4","TradeIQ220320Strategy","BTC-USDT","Bybit Perpetual","long","16535.1","16530.5","0.12277368767306408","2.2327721059173573","2030.0752030428816","-2.7975310692132735","-1.3780430720103627","10800.0","1669546800000.0","1669557600000.0"
"e9a44694-6419-453f-aa68-dbb806fa4679","TradeIQ220320Strategy","BTC-USDT","Bybit Perpetual","long","16566.2","16530.8","0.12237433279651751","2.227622810911487","2027.2776719736685","-6.559674191908385","-3.2357058347720935","3600.0","1669564800000.0","1669568400000.0"
"9ff6bed9-9b21-4805-87cf-aeefcc2c764d","TradeIQ220320Strategy","BTC-USDT","Bybit Perpetual","long","16556.1","16422.6","0.12205277799613196","2.21382807233557","2020.71799778176","-18.507873934819187","-9.159058292713866","18000.0","1669575600000.0","1669593600000.0"
"fc253783-6401-4a18-9d97-34f0244273ef","TradeIQ220320Strategy","BTC-USDT","Bybit Perpetual","short","16422.6","16135.1","0.12191797424567004","2.183152856554038","2002.2101238469406","32.868264739075876","16.41599168219394","7200.0","1669593600000.0","1669600800000.0"
"51b2f576-5ed9-42d5-96d5-6bef5fa5880e","TradeIQ220320Strategy","BTC-USDT","Bybit Perpetual","short","16135.1","16209.5","0.12612741096032973","2.2437473611011147","2035.0783885860162","-11.6276267365496","-5.713601403152111","46800.0","1669600800000.0","1669647600000.0"
"c4a38111-e135-4537-8d3c-b6eed24176d7","TradeIQ220320Strategy","BTC-USDT","Bybit Perpetual","short","16154.0","16255.9","0.12526004468549382","2.2328160372388126","2023.4507618494672","-14.996814590690587","-7.41150458090873","28800.0","1669662000000.0","1669690800000.0"
"7c5087ef-bbc0-48bf-88a3-13560e1d0c1a","TradeIQ220320Strategy","BTC-USDT","Bybit Perpetual","long","16476.9","16407.0","0.12189513484082419","2.2046130835256985","2008.4539472587762","-10.725083008899487","-5.339969593795038","28800.0","1669701600000.0","1669730400000.0"
"a1dc35db-a69d-43f0-979e-9640b628413e","TradeIQ220320Strategy","BTC-USDT","Bybit Perpetual","long","16486.6","16433.2","0.12117288369038352","2.1939429030808784","1997.7288642498768","-8.664574892147094","-4.337212645420998","10800.0","1669755600000.0","1669766400000.0"
"81aaed85-5fbd-4542-9124-253a669f7833","TradeIQ220320Strategy","BTC-USDT","Bybit Perpetual","long","16839.4","16771.2","0.1181196651518302","2.183540049653658","1989.0642893577296","-10.239301213008563","-5.147798021307215","43200.0","1669770000000.0","1669813200000.0"
"4e6e0201-922f-43d3-b8dc-e41b0aba3b39","TradeIQ220320Strategy","BTC-USDT","Bybit Perpetual","long","17051.5","17082.0","0.11604990693749648","2.1786542241480698","1978.8249881447211","1.360867937445573","0.6877151570243089","64800.0","1669838400000.0","1669903200000.0"
"4f2a539b-eb75-4249-86fa-5cb02f3f407d","TradeIQ220320Strategy","BTC-USDT","Bybit Perpetual","long","16987.1","16881.5","0.11656997698737083","2.171434057426957","1980.1858560821668","-14.481223627293147","-7.3130628535770414","7200.0","1669982400000.0","1669989600000.0"
"e2ef6ef3-1e4a-430b-8c9e-8c13053b67b9","TradeIQ220320Strategy","BTC-USDT","Bybit Perpetual","long","17035.4","16970.0","0.11538940279975073","2.158124538881654","1965.7046324548737","-9.70459148198552","-4.936953050706262","28800.0","1670022000000.0","1670050800000.0"
"99fe7ddf-2db4-4b2a-885f-69c93d4eff97","TradeIQ220320Strategy","BTC-USDT","Bybit Perpetual","long","16959.4","16951.8","0.11533427131696215","2.151117947816072","1956.0000409728882","-3.027658409825236","-1.5478825901861022","7200.0","1670119200000.0","1670126400000.0"
"49e9c1e1-7ec7-4675-bd6e-ba628b5a48bf","TradeIQ220320Strategy","BTC-USDT","Bybit Perpetual","long","16999.3","16938.4","0.11488545896378456","2.1444215323713776","1952.9723825630629","-9.140945983265606","-4.680530080650251","25200.0","1670130000000.0","1670155200000.0"
"ace36841-0c51-478a-857a-5915f10a946c","TradeIQ220320Strategy","BTC-USDT","Bybit Perpetual","long","17006.0","17256.9","0.11430268355755599","2.153987779055302","1943.8314365797971","26.52455552553566","13.6455018816889","32400.0","1670173200000.0","1670205600000.0"
"8d9798c5-1d74-4f59-94f5-7da40cb8ea95","TradeIQ220320Strategy","BTC-USDT","Bybit Perpetual","long","17256.9","17247.0","0.11417786462837083","2.1667698928429644","1970.3559921053327","-3.2971307526640015","-1.673368044086797","39600.0","1670205600000.0","1670245200000.0"
"30bc6659-544b-4a20-8404-46bc612907ad","TradeIQ220320Strategy","BTC-USDT","Bybit Perpetual","long","17078.6","16997.4","0.11517682136431961","2.1586209506458056","1967.0588613526688","-11.510978845428223","-5.851873104352646","21600.0","1670371200000.0","1670392800000.0"
"003fbe55-72bb-4695-8a93-87e551ce9a1e","TradeIQ220320Strategy","BTC-USDT","Bybit Perpetual","short","16755.4","16833.9","0.1167115009195388","2.1561416898101657","1955.5478825072405","-11.317994511993962","-5.787633539038161","54000.0","1670400000000.0","1670454000000.0"
"234bfcb3-d2b4-4868-8b57-2fdc064da821","TradeIQ220320Strategy","BTC-USDT","Bybit Perpetual","long","16907.7","17239.9","0.11499079638243205","2.1596628452018054","1944.2298879952464","36.0402797130422","18.537046434464813","10800.0","1670515200000.0","1670526000000.0"
"e353fc77-91ff-4586-b819-af22516340ae","TradeIQ220320Strategy","BTC-USDT","Bybit Perpetual","long","17239.9","17250.4","0.11486552518914195","2.1789605328870847","1980.2701677082885","-0.9728725184010942","-0.49128272205755263","64800.0","1670526000000.0","1670590800000.0"
"aef6792e-c318-4fb3-b93c-9f4e86b37972","TradeIQ220320Strategy","BTC-USDT","Bybit Perpetual","long","17159.9","17116.1","0.11534433739065421","2.1744483796211354","1979.2972951898873","-7.226530357332125","-3.6510585726025737","36000.0","1670673600000.0","1670709600000.0"
"7d5f29ec-fc92-4f5c-8187-808428062705","TradeIQ220320Strategy","BTC-USDT","Bybit Perpetual","long","17164.4","17147.5","0.11489307897931504","2.168209910146698","1972.0707648325554","-4.109902944897289","-2.084054496516129","28800.0","1670738400000.0","1670767200000.0"
"b3461f29-672f-4b77-b8f4-b83a96a12ff6","TradeIQ220320Strategy","BTC-USDT","Bybit Perpetual","long","17153.7","17169.5","0.11472515328399459","2.165753909658462","1967.960861887658","-0.3530964877714309","-0.17942251525914116","10800.0","1670778000000.0","1670788800000.0"
"a0e7217f-82ca-4045-92b0-f519ec908b8a","TradeIQ220320Strategy","BTC-USDT","Bybit Perpetual","short","16943.5","16978.7","0.11612758670876068","2.166616772018557","1967.6077653998866","-6.254307824167017","-3.1786354649275963","36000.0","1670806800000.0","1670842800000.0"
"b1f935d6-b94e-4067-a8b0-b3d7d564ab1d","TradeIQ220320Strategy","BTC-USDT","Bybit Perpetual","long","17035.7","17200.0","0.11513195569161933","2.1678927025093646","1961.3534575757194","16.748287617623603","8.539148083143001","14400.0","1670875200000.0","1670889600000.0"
"47603e3e-57ae-4ec5-93c7-07e93f50fde8","TradeIQ220320Strategy","BTC-USDT","Bybit Perpetual","long","17200.0","17157.0","0.11500591541821761","2.1731920298130367","1978.101745193343","-7.118446392796394","-3.5986249999999997","28800.0","1670889600000.0","1670918400000.0"
"aa87c389-5f6c-4347-8116-2f1865d52ac2","TradeIQ220320Strategy","BTC-USDT","Bybit Perpetual","long","17430.6","17896.0","0.11307604435880272","2.1970257037551244","1970.9832988005467","50.42856534083183","25.585485869677548","14400.0","1670925600000.0","1670940000000.0"
"79bf104e-ae0e-4d08-b006-f0205046c3b9","TradeIQ220320Strategy","BTC-USDT","Bybit Perpetual","long","17896.0","17789.5","0.11295327805886111","2.216936812293219","2021.4118641413786","-14.246460925561927","-7.047777436298613","108000.0","1670940000000.0","1671048000000.0"
"2844448b-5850-4a98-a87b-9116e8021750","TradeIQ220320Strategy","BTC-USDT","Bybit Perpetual","short","17334.7","17351.8","0.11578887452426731","2.208970937902299","2007.1654032158167","-4.188960692267101","-2.0870032362832087","3600.0","1671145200000.0","1671148800000.0"
"a236f62f-cc5b-4b21-9180-86b6998954cf","TradeIQ220320Strategy","BTC-USDT","Bybit Perpetual","long","17496.6","17215.0","0.11447803816304596","2.185543728225212","2002.9764425235496","-34.422559274938784","-17.185703508110066","3600.0","1671177600000.0","1671181200000.0"
"8ede25ca-1427-47f5-8438-bf7a213edf7b","TradeIQ220320Strategy","BTC-USDT","Bybit Perpetual","short","17215.0","16801.7","0.11435108238446767","2.139415555281247","1968.5538832486109","45.12188679421916","22.921336915480644","28800.0","1671181200000.0","1671210000000.0"
"6aa15ce4-ce46-47b0-adc7-cb85fdc82523","TradeIQ220320Strategy","BTC-USDT","Bybit Perpetual","short","16801.7","16681.8","0.1198495253481987","2.2071398700980263","2013.6757700428302","12.162818219151173","6.040107548640998","46800.0","1671210000000.0","1671256800000.0"
"375789b2-a44d-4540-81ee-712024a85f98","TradeIQ220320Strategy","BTC-USDT","Bybit Perpetual","short","16689.6","16740.0","0.12138329188608364","2.2317871919392616","2025.8385882619814","-8.349505102998053","-4.12150560828309","32400.0","1671357600000.0","1671390000000.0"
"84a0133c-85aa-4338-8670-7d9936d1fdbe","TradeIQ220320Strategy","BTC-USDT","Bybit Perpetual","short","16673.6","16729.5","0.12099900940162793","2.222958106018935","2017.4890831589832","-8.986802731570112","-4.454449249112457","10800.0","1671422400000.0","1671433200000.0"
"76666ecc-e6ce-445a-82be-35f9a92025cf","TradeIQ220320Strategy","BTC-USDT","Bybit Perpetual","short","16725.3","16734.4","0.1200876684081848","2.209953547250538","2008.502280427413","-3.3027513297652815","-1.6443851530317652","3600.0","1671451200000.0","1671454800000.0"
"73425d52-9eb3-4489-a551-012ab4c0d50c","TradeIQ220320Strategy","BTC-USDT","Bybit Perpetual","short","16701.8","16407.4","0.12005888761077536","2.1862795469254763","2005.1995290976479","33.15905696568653","16.536537379204507","32400.0","1671458400000.0","1671490800000.0"
"7a65c865-32a0-48d0-88ca-370c97f01974","TradeIQ220320Strategy","BTC-USDT","Bybit Perpetual","short","16407.4","16712.9","0.12423410083641127","2.2630688794627063","2038.3585860633345","-40.21658668498635","-19.72988803832417","14400.0","1671490800000.0","1671505200000.0"
"92520fc0-cdb3-4ae9-acc9-80dab7750310","TradeIQ220320Strategy","BTC-USDT","Bybit Perpetual","short","16789.0","16854.6","0.11901495022802717","2.2022502587204102","1998.1419993783481","-10.00963099367882","-5.009469295371884","3600.0","1671634800000.0","1671638400000.0"
"d3ec0ca3-1651-4365-ad4b-a149c98bd210","TradeIQ220320Strategy","BTC-USDT","Bybit Perpetual","short","16773.7","16819.6","0.11852676322961954","2.189937813360868","1988.1323683846692","-7.630316245600146","-3.8379317026057347","25200.0","1671642000000.0","1671667200000.0"
"8a18fe45-458e-4ae4-8c6c-7fa18b8e84c1","TradeIQ220320Strategy","BTC-USDT","Bybit Perpetual","short","16800.9","16820.0","0.11788071187490368","2.179790594231222","1980.5020521390693","-4.431312191041711","-2.2374691236778115","3600.0","1671692400000.0","1671696000000.0"
"ed1989ed-88c2-410b-b627-6c86bd46e0bc","TradeIQ220320Strategy","BTC-USDT","Bybit Perpetual","short","16667.3","16775.4","0.11855973912679484","2.1807267832326143","1976.0707399480275","-14.997034582839396","-7.58932070581331","21600.0","1671721200000.0","1671742800000.0"
"8a72fe6a-1333-427e-9c88-2ff6b8581e7a","TradeIQ220320Strategy","BTC-USDT","Bybit Perpetual","short","16781.0","16825.9","0.11686274389876573","2.160067001362287","1961.0737053651878","-7.407204202417039","-3.7771166795781816","3600.0","1671807600000.0","1671811200000.0"
"c4a8ec30-935c-4a9b-b256-3711b7d08b14","TradeIQ220320Strategy","BTC-USDT","Bybit Perpetual","short","16802.6","16818.8","0.1162716782618625","2.1500691319323613","1953.6665011627706","-4.033670319774618","-2.0646667777606282","21600.0","1671829200000.0","1671850800000.0"
"cb0d7f54-3b8f-440a-b55f-989094816846","TradeIQ220320Strategy","BTC-USDT","Bybit Perpetual","short","16810.9","16840.3","0.11597432801592988","2.1464714188113128","1949.6328308429959","-5.556116662479399","-2.849827195450441","3600.0","1671865200000.0","1671868800000.0"
"3911476b-27da-4b8e-b01a-20e8349862cf","TradeIQ220320Strategy","BTC-USDT","Bybit Perpetual","short","16809.8","16824.0","0.11565138872446527","2.139387622944506","1944.0767141805163","-3.781637342831997","-1.9452099370605676","3600.0","1671890400000.0","1671894000000.0"
"e8625406-cd61-417b-97f8-8ab19885a001","TradeIQ220320Strategy","BTC-USDT","Bybit Perpetual","short","16805.8","16823.9","0.11545389549070466","2.135473928051063","1940.2950768376843","-4.2251894364330695","-2.177601482821537","18000.0","1671987600000.0","1672005600000.0"
"a4e6873f-2d79-43a0-b215-c89e5fee2424","TradeIQ220320Strategy","BTC-USDT","Bybit Perpetual","long","16881.2","16843.5","0.11468793020645755","2.127298821908546","1936.0698874012514","-6.45103379069208","-3.3320252707153957","10800.0","1672023600000.0","1672034400000.0"
"0d3b34e3-85e0-401a-a80d-e73ea60c6bac","TradeIQ220320Strategy","BTC-USDT","Bybit Perpetual","long","16854.0","16829.9","0.11449026068651712","2.1210631705662157","1929.6188536105594","-4.880278453111112","-2.5291411534353","7200.0","1672056000000.0","1672063200000.0"
"019d5f25-ac16-41df-a26e-448b89693fe7","TradeIQ220320Strategy","BTC-USDT","Bybit Perpetual","short","16829.9","16831.4","0.11436423122879211","2.117306783163957","1924.7385751574484","-2.288853130007145","-1.1891761091866262","10800.0","1672063200000.0","1672074000000.0"
"38b179a4-d8d6-4cd3-bde6-534a46cac3b4","TradeIQ220320Strategy","BTC-USDT","Bybit Perpetual","short","16811.3","16834.9","0.1143546139815149","2.1161790171196655","1922.4497220274413","-4.814947907083667","-2.504589769976277","3600.0","1672081200000.0","1672084800000.0"
"2b5dff18-9c94-404e-bd71-8836f5d66e01","TradeIQ220320Strategy","BTC-USDT","Bybit Perpetual","long","16912.9","16840.4","0.11338296650014826","2.1048771057432","1917.6347741203576","-10.325142177003947","-5.384311087986092","32400.0","1672099200000.0","1672131600000.0"
"09c887f9-6cab-4aec-b203-5abd45521f19","TradeIQ220320Strategy","BTC-USDT","Bybit Perpetual","short","16840.4","16869.7","0.11325797676678427","2.0998657474332862","1907.309631943354","-5.418324466699983","-2.8408205862093103","3600.0","1672131600000.0","1672135200000.0"
"e6e2d8d4-5abb-4476-ae21-2a73948a71df","TradeIQ220320Strategy","BTC-USDT","Bybit Perpetual","short","16823.7","16630.9","0.11304833701722294","2.080092792567013","1901.8913074766538","19.71562658435349","10.36632667011414","25200.0","1672142400000.0","1672167600000.0"
"c5782df9-f725-4ade-a6a2-e35176102ad1","TradeIQ220320Strategy","BTC-USDT","Bybit Perpetual","short","16630.9","16680.7","0.11554437427084566","2.1169323878783866","1921.6069340610072","-7.871042226566416","-4.096072972599154","21600.0","1672167600000.0","1672189200000.0"
"43c5c59d-e1f4-4016-a39c-6bac7ce223f7","TradeIQ220320Strategy","BTC-USDT","Bybit Perpetual","short","16643.3","16729.5","0.114985362988977","2.1105609370771923","1913.735891834441","-12.022299226727094","-6.282109918105228","39600.0","1672200000000.0","1672239600000.0"
"1dbcf78e-5212-4ad6-affd-1b3de1901f81","TradeIQ220320Strategy","BTC-USDT","Bybit Perpetual","short","16591.2","16600.3","0.11462182317178467","2.09245863409346","1901.713592607714","-3.1355172249565335","-1.6487851993827174","50400.0","1672261200000.0","1672311600000.0"
"894a590d-a5e1-49f8-af32-ec69939462be","TradeIQ220320Strategy","BTC-USDT","Bybit Perpetual","short","16548.2","16547.7","0.11473018668995767","2.088404332119694","1898.5780753827576","-2.0310392387747154","-1.0697686153176784","36000.0","1672380000000.0","1672416000000.0"
"ae74dbae-a5a2-496b-96d3-e8a25a1293de","TradeIQ220320Strategy","BTC-USDT","Bybit Perpetual","short","16544.0","16542.8","0.11463654715570495","2.0861260796372583","1896.5470361439827","-1.948562223050329","-1.027426257253341","46800.0","1672524000000.0","1672570800000.0"
"ab26054b-4f8d-4b88-b995-ed6608bdb09b","TradeIQ220320Strategy","BTC-USDT","Bybit Perpetual","short","16533.1","16553.1","0.11459426689011332","2.085318858248817","1894.5984739209323","-4.377204196051084","-2.310359823626544","3600.0","1672585200000.0","1672588800000.0"
"7ad757c3-c598-42c1-b8b8-ec0a2aab6004","TradeIQ220320Strategy","BTC-USDT","Bybit Perpetual","short","16556.5","16580.4","0.11416792617551301","2.080744134086946","1890.221269724881","-4.809357569681874","-2.54433575936952","3600.0","1672624800000.0","1672628400000.0"
"e479d48e-83d2-4f65-a6b7-79ac03c83152","TradeIQ220320Strategy","BTC-USDT","Bybit Perpetual","long","16654.6","16631.8","0.11320667636299878","2.072533491649127","1885.4119121551992","-4.653645712725417","-2.4682382044599858","3600.0","1672632000000.0","1672635600000.0"
"793b142f-2dab-41bb-847e-57d5f863b541","TradeIQ220320Strategy","BTC-USDT","Bybit Perpetual","long","16712.5","16666.0","0.11253602192625124","2.0659559843259574","1880.758266442474","-7.29888100389664","-3.880818249813014","57600.0","1672646400000.0","1672704000000.0"
"fc6c5768-ed97-4958-8417-f331e6695319","TradeIQ220320Strategy","BTC-USDT","Bybit Perpetual","long","16719.8","16653.1","0.11205034662128598","2.0566947570166327","1873.459385438577","-9.53045287665649","-5.08708806325439","28800.0","1672729200000.0","1672758000000.0"
"369b0a08-f702-4d2c-94ed-285f4d778e7f","TradeIQ220320Strategy","BTC-USDT","Bybit Perpetual","short","16653.1","16670.8","0.11192684440506097","2.051411433648396","1863.9289325619206","-4.032516579618057","-2.1634497480949935","3600.0","1672758000000.0","1672761600000.0"
"7ee526a4-db3f-4666-8a25-39829bf25b39","TradeIQ220320Strategy","BTC-USDT","Bybit Perpetual","short","16617.3","16670.1","0.111925307720406","2.0491363685167334","1859.8964159823026","-7.9587926161540885","-4.279159069162816","21600.0","1672765200000.0","1672786800000.0"
"af7224d6-af43-468d-98cc-2be55b757578","TradeIQ220320Strategy","BTC-USDT","Bybit Perpetual","short","16655.6","16696.1","0.11119008762014872","2.0396081449045025","1851.9376233661487","-6.542806693520525","-3.5329519801147966","3600.0","1672794000000.0","1672797600000.0"
"8f961f00-ba35-4875-9e2c-d31187f057af","TradeIQ220320Strategy","BTC-USDT","Bybit Perpetual","long","16696.1","16855.9","0.11052849567699215","2.0396486478249427","1845.3948166726284","15.622804961358725","8.465833338324694","7200.0","1672797600000.0","1672804800000.0"
"aad4f4ca-0287-4c3b-9781-524a6dbf9c81","TradeIQ220320Strategy","BTC-USDT","Bybit Perpetual","long","16855.9","16821.0","0.11040749064920811","2.045000112014374","1861.0176216339871","-5.898221535671897","-3.169352867542015","39600.0","1672804800000.0","1672844400000.0"
"afb63a66-cea4-45c5-97dc-79d573640f4c","TradeIQ220320Strategy","BTC-USDT","Bybit Perpetual","long","16885.4","16801.2","0.10986529191480895","2.035543478439572","1855.1194000983153","-11.286201057666567","-6.083813827330163","10800.0","1672855200000.0","1672866000000.0"
"e33ee78f-a089-40eb-a566-1343a02cc16d","TradeIQ220320Strategy","BTC-USDT","Bybit Perpetual","long","16852.1","16818.1","0.10941266661369496","2.0261705020790375","1843.8331990406487","-5.746201166944666","-3.116443054574801","3600.0","1672966800000.0","1672970400000.0"
"68b5b925-79b9-4c77-a086-e1fc5e4be68d","TradeIQ220320Strategy","BTC-USDT","Bybit Perpetual","long","16825.1","16814.3","0.10924672054690339","2.0212467721410263","1838.0869978737041","-3.2011113540475034","-1.7415450725403874","3600.0","1672977600000.0","1672981200000.0"
"f5e42942-92bd-4eb9-86e6-99711ce0a7e8","TradeIQ220320Strategy","BTC-USDT","Bybit Perpetual","short","16731.4","16766.9","0.10966720576399204","2.0205157273641645","1834.8858865196567","-5.9137015319858826","-3.2229260552015973","7200.0","1673006400000.0","1673013600000.0"
"f92b5e07-e8c3-4c87-9d5f-ba7994978de3","TradeIQ220320Strategy","BTC-USDT","Bybit Perpetual","long","16834.2","16925.1","0.10864621930282821","2.017301171220483","1828.9721849876707","7.858640163406363","4.296752147414062","54000.0","1673020800000.0","1673074800000.0"
"afb4d9d2-aa42-4937-bf73-184b1510aa9c","TradeIQ220320Strategy","BTC-USDT","Bybit Perpetual","long","16939.3","16918.6","0.10843605256126741","2.019279363207775","1836.830825151077","-4.263905651226089","-2.3213382489241425","54000.0","1673125200000.0","1673179200000.0"
"96327d26-acba-4a49-b060-27e3cd8e4394","TradeIQ220320Strategy","BTC-USDT","Bybit Perpetual","long","16991.0","16930.1","0.10785515387557243","2.0122110030707736","1832.566919499851","-8.580589874093292","-4.6822791477842065","3600.0","1673193600000.0","1673197200000.0"
"7c922c58-705d-4420-93f2-80e395a4708b","TradeIQ220320Strategy","BTC-USDT","Bybit Perpetual","long","17124.7","17318.4","0.10651201653902012","2.017732220270318","1823.986329625758","18.613645383337957","10.20492592570969","61200.0","1673222400000.0","1673283600000.0"
"9f0409d7-447f-488e-885f-b9f9f96f2b4e","TradeIQ220320Strategy","BTC-USDT","Bybit Perpetual","long","17318.4","17212.9","0.1063955085348009","2.020686373127274","1842.599975009096","-13.245412523548769","-7.188436287416851","14400.0","1673283600000.0","1673298000000.0"
"49d79815-2d79-4629-a4f7-f1900b4777fb","TradeIQ220320Strategy","BTC-USDT","Bybit Perpetual","long","17250.9","17466.7","0.10604400712342817","2.0248763819395816","1829.3545624855471","20.85942035529614","11.402612037632776","43200.0","1673341200000.0","1673384400000.0"
"d971c313-f181-4959-856f-96569ee4325a","TradeIQ220320Strategy","BTC-USDT","Bybit Perpetual","long","17466.7","17380.0","0.10592807930753051","2.030184200663148","1850.2139828408433","-11.21414867662612","-6.061000933204367","21600.0","1673384400000.0","1673406000000.0"
"18f0c95f-87a9-4a0a-94dc-b5c04224aa83","TradeIQ220320Strategy","BTC-USDT","Bybit Perpetual","long","17476.5","17935.7","0.10522700965091507","2.0494759511380742","1838.9998341642172","46.270766880562206","25.160832546562574","18000.0","1673463600000.0","1673481600000.0"
"74cad9f2-7d14-40db-b1df-2b1f917ac7ac","TradeIQ220320Strategy","BTC-USDT","Bybit Perpetual","long","17935.7","18263.3","0.10511274168528571","2.0927368749461115","1885.2706010447791","32.342197301153334","17.155201636958605","46800.0","1673481600000.0","1673528400000.0"
"839660b6-a5f5-4867-95f0-326a2144bbf5","TradeIQ220320Strategy","BTC-USDT","Bybit Perpetual","long","18263.3","18277.6","0.1049981546788331","2.1101998886670748","1917.6127983459323","-0.6087262767598378","-0.31743961934594117","3600.0","1673528400000.0","1673532000000.0"
"e3aa643b-f0ae-4fdd-b231-eeef42361a57","TradeIQ220320Strategy","BTC-USDT","Bybit Perpetual","long","18840.0","18855.0","0.10175180849624056","2.1095439316961837","1917.0040720691723","-0.5832668042525753","-0.3042595541401275","68400.0","1673546400000.0","1673614800000.0"
"c7c5c93b-25dd-4487-8e25-d452d7edf6d0","TradeIQ220320Strategy","BTC-USDT","Bybit Perpetual","long","18990.1","19808.8","0.10091683589159192","2.153504223240857","1916.4208052649196","80.46710932120553","41.988225707078996","25200.0","1673622000000.0","1673647200000.0"
"630cea45-7032-44b6-807a-66079547d3ae","TradeIQ220320Strategy","BTC-USDT","Bybit Perpetual","long","19808.8","20901.899999999998","0.10080812136959963","2.257183052652748","1996.8879145861251","107.93617441645645","54.05219473163435","10800.0","1673647200000.0","1673658000000.0"
"f25c05ba-582d-469a-b1f2-ea27917c8d3a","TradeIQ220320Strategy","BTC-USDT","Bybit Perpetual","long","20901.9","20542.4","0.10070013199769313","2.295395564303597","2104.8240890025822","-38.49709301747428","-18.289933690238684","32400.0","1673658000000.0","1673690400000.0"
"5606d919-d0d8-4f68-9f57-3bda48a1b0de","TradeIQ220320Strategy","BTC-USDT","Bybit Perpetual","long","21004.4","20626.5","0.09837591152259087","2.2525127542532055","2066.3269959851077","-39.42876971864044","-19.081573146578883","36000.0","1673737200000.0","1673773200000.0"
"da5266ff-f08c-4a92-8396-ab2d2b936fa4","TradeIQ220320Strategy","BTC-USDT","Bybit Perpetual","long","20748.2","20826.9","0.09769031657042382","2.233816574245865","2026.8982262664676","5.45441133984656","2.6910139192797793","28800.0","1673780400000.0","1673809200000.0"
"05a57d4e-d4ea-4f9b-8b5a-de2a24d1fae5","TradeIQ220320Strategy","BTC-USDT","Bybit Perpetual","long","21193.1","20757.1","0.09589690218072458","2.212591824224008","2032.352637606314","-44.023641175019925","-21.661418574913537","25200.0","1673834400000.0","1673859600000.0"
"f55a749a-2e56-4869-ab90-2e83bc7f367f","TradeIQ220320Strategy","BTC-USDT","Bybit Perpetual","long","21286.8","21043.9","0.09340666499573887","2.174683232664318","1988.328996431294","-24.863162160129086","-12.504551412142636","25200.0","1673895600000.0","1673920800000.0"
"871049b7-c94f-421f-a63f-dbdac31734ee","TradeIQ220320Strategy","BTC-USDT","Bybit Perpetual","long","21283.4","21130.9","0.0922533915761187","2.1520746644798345","1963.4658342711648","-16.220716879837937","-8.26126770158903","32400.0","1673967600000.0","1674000000000.0"
"669456fc-34c0-4a0d-9b3f-6668b99d9d15","TradeIQ220320Strategy","BTC-USDT","Bybit Perpetual","long","21243.8","21227.5","0.09166180802828716","2.141147881021486","1947.2451173913266","-3.6352353518825002","-1.866860684058374","28800.0","1674007200000.0","1674036000000.0"
"41e46c63-54a5-47d4-9062-d9cab8078a93","TradeIQ220320Strategy","BTC-USDT","Bybit Perpetual","long","21257.9","21035.5","0.091430004000369","2.1267871521540638","1943.6098820394445","-22.460820041836264","-11.556238857083786","10800.0","1674046800000.0","1674057600000.0"
"4aff9fea-dd88-4928-b35a-b0f5572359b2","TradeIQ220320Strategy","BTC-USDT","Bybit Perpetual","long","20870.7","20838.3","0.09205005399903253","2.111623636235106","1921.1490619976082","-5.094045385803894","-2.6515617588294336","7200.0","1674144000000.0","1674151200000.0"
"16032d04-c7bc-4d7d-8548-19a1954223ed","TradeIQ220320Strategy","BTC-USDT","Bybit Perpetual","long","20977.1","20939.2","0.0913403195204201","2.1057565293125817","1916.0550166118044","-5.567554639136304","-2.905738400446097","43200.0","1674154800000.0","1674198000000.0"
"bd5a79f8-c638-49af-85d3-9957dace9b1b","TradeIQ220320Strategy","BTC-USDT","Bybit Perpetual","long","21139.7","22287.2","0.09037438856618911","2.158573744153771","1910.487461972668","101.54603713554823","53.151899270093715","18000.0","1674230400000.0","1674248400000.0"
"f1d7d42f-2d0e-44d3-9427-b6e79078c7ef","TradeIQ220320Strategy","BTC-USDT","Bybit Perpetual","long","22287.2","23027.6","0.09027753594476723","2.249999667206466","2012.0334991082163","64.591487946299","32.10259072472082","46800.0","1674248400000.0","1674295200000.0"
"596973a5-4d69-4b90-b05f-cc0d1853c68a","TradeIQ220320Strategy","BTC-USDT","Bybit Perpetual","long","23027.6","22776.8","0.09017982712286628","2.271848080406639","2076.6249870545153","-24.888948722821436","-11.985288089075688","3600.0","1674295200000.0","1674298800000.0"
"c06e66fb-6004-4abb-8264-ffa61e268af0","TradeIQ220320Strategy","BTC-USDT","Bybit Perpetual","long","22996.2","22739.6","0.08922065551402815","2.244317931052169","2051.736038331694","-25.138338135951987","-12.252228194223488","25200.0","1674316800000.0","1674342000000.0"
"0016b8dc-2a15-4aec-8208-00d8a8b12745","TradeIQ220320Strategy","BTC-USDT","Bybit Perpetual","long","22993.2","22792.9","0.08813900197431163","2.219547637062816","2026.5977001957422","-19.873789732517373","-9.806479959292282","3600.0","1674399600000.0","1674403200000.0"
"06191777-7d13-4fd3-81ca-0c04b7647c25","TradeIQ220320Strategy","BTC-USDT","Bybit Perpetual","long","22924.4","22720.0","0.08753659465299962","2.1975554375386572","2006.7239104632247","-20.09003538461191","-10.011359948352037","7200.0","1674410400000.0","1674417600000.0"
"40f191b7-6d76-4d99-aa32-d2b84efe0f7b","TradeIQ220320Strategy","BTC-USDT","Bybit Perpetual","long","22909.0","22635.7","0.08671848946172302","2.172262172843035","1986.6338750786126","-25.872425342731873","-13.023247850189849","14400.0","1674471600000.0","1674486000000.0"
"4722c481-d7dd-4ef0-b95d-4b4d2adaef28","TradeIQ220320Strategy","BTC-USDT","Bybit Perpetual","long","22913.3","22789.6","0.08557307108691811","2.1510156308180703","1960.7614497358807","-12.736404524269904","-6.495642050686752","10800.0","1674493200000.0","1674504000000.0"
"46256c10-1424-4d45-aa31-fbfb4fd19a6f","TradeIQ220320Strategy","BTC-USDT","Bybit Perpetual","long","23021.5","22845.2","0.08461764199603027","2.134622600076627","1948.0250452116109","-17.052712883976703","-8.753846838824545","46800.0","1674507600000.0","1674554400000.0"
"220a12a4-2ca5-4cd3-9cb2-68951bef2d59","TradeIQ220320Strategy","BTC-USDT","Bybit Perpetual","long","23015.0","22896.2","0.08390060101358392","2.11858750029017","1930.972332327634","-12.085978900703878","-6.259011948729058","7200.0","1674590400000.0","1674597600000.0"
"3d88e467-f52d-448e-a522-ae1cea1b904a","TradeIQ220320Strategy","BTC-USDT","Bybit Perpetual","long","22720.8","23593.3","0.08445505234969411","2.1513028570159323","1918.8863534269299","71.53573031809218","37.2798160716172","10800.0","1674673200000.0","1674684000000.0"
"f24cc952-d621-4ed7-91ce-5f3fee864376","TradeIQ220320Strategy","BTC-USDT","Bybit Perpetual","long","23593.3","23084.5","0.08436386956233431","2.165855906861201","1990.422083745022","-45.09019274017684","-22.653583432584647","32400.0","1674684000000.0","1674716400000.0"
"f15d0b01-1f4f-45c0-bef7-09dbac139d18","TradeIQ220320Strategy","BTC-USDT","Bybit Perpetual","long","22959.8","22942.7","0.08472773678363249","2.13906821574088","1945.3318910048451","-3.5879125147408724","-1.8443703777906841","3600.0","1674810000000.0","1674813600000.0"
"53d9fb72-2dfc-4306-bfc6-e6e802095c70","TradeIQ220320Strategy","BTC-USDT","Bybit Perpetual","long","22958.4","22928.8","0.08457662461191129","2.1345414688904327","1941.7439784901042","-4.638009557403191","-2.3885793435083538","3600.0","1674831600000.0","1674835200000.0"
"0e512059-afc5-4619-aa38-061d698aefc4","TradeIQ220320Strategy","BTC-USDT","Bybit Perpetual","long","23126.7","23000.7","0.0837605870674459","2.1250119571421973","1937.105968932701","-12.67884592764038","-6.545251592315375","21600.0","1674838800000.0","1674860400000.0"
"b6b13d3e-963e-43d1-acbc-4b913bda9632","TradeIQ220320Strategy","BTC-USDT","Bybit Perpetual","long","23145.6","23057.3","0.08314440424983845","2.1128319273131737","1924.4271230050606","-9.454482822573848","-4.912881714019048","18000.0","1674867600000.0","1674885600000.0"
"f68ce5e7-2f95-44a7-9279-8c6bfd585c03","TradeIQ220320Strategy","BTC-USDT","Bybit Perpetual","long","23015.9","23446.9","0.08320216199160088","2.1261929767008447","1914.9726401824869","33.73393884167914","17.615885539996263","39600.0","1674950400000.0","1674990000000.0"
"5f56ab3a-89c3-453d-b87d-d435b682feaa","TradeIQ220320Strategy","BTC-USDT","Bybit Perpetual","long","23446.9","23672.8","0.08311148079380072","2.153903422857809","1948.7065790241663","16.620980088461593","8.529236914048246","54000.0","1674990000000.0","1675044000000.0"
"bc104e19-7731-4ef4-8d2d-485b2a8b7a13","TradeIQ220320Strategy","BTC-USDT","Bybit Perpetual","short","22783.7","22825.1","0.08626024566302347","2.163824460817638","1965.3275591126278","-5.734998631266621","-2.918087931284112","18000.0","1675108800000.0","1675126800000.0"
"45a518d3-fc53-4b5b-9b73-f4f14c3b5aaf","TradeIQ220320Strategy","BTC-USDT","Bybit Perpetual","long","23112.4","23090.5","0.08478533430026138","2.1545305771778507","1959.592560481361","-4.011329398353698","-2.0470221612641466","25200.0","1675173600000.0","1675198800000.0"
"735b3cd9-5d36-42f2-9555-45d91316366a","TradeIQ220320Strategy","BTC-USDT","Bybit Perpetual","long","23178.6","23059.9","0.08437011860435951","2.145631250998223","1955.5812310830074","-12.160364329335453","-6.218286479770008","28800.0","1675206000000.0","1675234800000.0"
"a0bd994d-0873-4209-99dd-23709d11d2aa","TradeIQ220320Strategy","BTC-USDT","Bybit Perpetual","long","23076.1","22975.7","0.08421790799804438","2.1331124405493873","1943.4208667536718","-10.588590403552859","-5.448428893963791","14400.0","1675252800000.0","1675267200000.0"
"0b3edfdb-47d0-4ebe-a455-7634b354ffa4","TradeIQ220320Strategy","BTC-USDT","Bybit Perpetual","long","23379.9","24194.4","0.0826706819255052","2.1631499027207095","1932.832276350119","65.17212052560328","33.718456238050635","18000.0","1675281600000.0","1675299600000.0"
"a0677caa-db0b-4553-9d25-dfb913c96621","TradeIQ220320Strategy","BTC-USDT","Bybit Perpetual","long","24194.4","23807.5","0.08258127487665419","2.180231954175917","1998.0043968757223","-34.13092720395355","-17.0825085556989","43200.0","1675299600000.0","1675342800000.0"
"bacf478e-83f3-4e2b-b463-cceadeea2443","TradeIQ220320Strategy","BTC-USDT","Bybit Perpetual","long","24058.7","23456.0","0.08162841174592844","2.1332022225713465","1963.8734696717686","-51.33064598184248","-26.13745069351215","10800.0","1675364400000.0","1675375200000.0"
"2c4d920c-a742-4080-a8c7-b99bbd33519f","TradeIQ220320Strategy","BTC-USDT","Bybit Perpetual","long","23601.1","23514.3","0.08103617304659216","2.099928439157675","1912.5428236899263","-9.133868259601815","-4.775771891988055","3600.0","1675440000000.0","1675443600000.0"
"d0814815-dd47-4ed6-8714-2200dcf3adaf","TradeIQ220320Strategy","BTC-USDT","Bybit Perpetual","long","23503.0","23411.0","0.08098578715186676","2.0896519701434726","1903.4089554303243","-9.540344388115214","-5.01224099051185","10800.0","1675519200000.0","1675530000000.0"
"9321f11c-d653-4f24-9ddf-f96906e135d0","TradeIQ220320Strategy","BTC-USDT","Bybit Perpetual","long","23439.1","23411.6","0.08079954482220773","2.082033379030994","1893.868611042209","-4.304020861641707","-2.272607949963949","10800.0","1675533600000.0","1675544400000.0"
"6074e8d7-f2e3-416c-b6c6-11b860745e06","TradeIQ220320Strategy","BTC-USDT","Bybit Perpetual","short","23160.2","23050.0","0.08158671298954963","2.0735760785243276","1889.5645901805674","6.917279692924101","3.6607796996572017","43200.0","1675602000000.0","1675645200000.0"
"0bc489cb-9209-4ffe-8969-624e5a4fcb33","TradeIQ220320Strategy","BTC-USDT","Bybit Perpetual","short","22771.6","23040.5","0.08328276756457569","2.098447161769804","1896.4818698734916","-24.493183359884327","-12.915063280577627","36000.0","1675663200000.0","1675699200000.0"
"b3bd2289-7623-4856-8069-3322874381e1","TradeIQ220320Strategy","BTC-USDT","Bybit Perpetual","short","22757.7","22928.1","0.08225737603156764","2.0668967164466463","1871.988686513607","-16.083553592225595","-8.59169380034001","21600.0","1675728000000.0","1675749600000.0"
"1fa6440e-7f6a-4a18-bad3-393672fd1614","TradeIQ220320Strategy","BTC-USDT","Bybit Perpetual","short","22869.4","23001.6","0.0811523316274752","2.0473962322461534","1855.9051329213817","-12.77573447339814","-6.8838294839391105","3600.0","1675760400000.0","1675764000000.0"
"7270ca51-82af-4158-980e-b1519d81ca6d","TradeIQ220320Strategy","BTC-USDT","Bybit Perpetual","long","23278.0","22926.1","0.0791790273411798","2.0121176334460333","1843.1293984479835","-29.87521735480732","-16.20896361371258","3600.0","1675792800000.0","1675796400000.0"
"08f59f49-8e9a-495c-9a55-aa9b5317d225","TradeIQ220320Strategy","BTC-USDT","Bybit Perpetual","long","23189.8","23118.1","0.0781918852725412","1.991496102206771","1813.254181093176","-7.5978542762480314","-4.190176068788896","57600.0","1675803600000.0","1675861200000.0"
"65f86d30-bae0-4fd9-814f-96d0a88b3324","TradeIQ220320Strategy","BTC-USDT","Bybit Perpetual","short","23118.1","22972.3","0.078105740818533","1.9799586601423824","1805.6563268169275","9.407858351199671","5.210215372370535","43200.0","1675861200000.0","1675904400000.0"
"d1109fda-a130-471e-af4e-8678595f9240","TradeIQ220320Strategy","BTC-USDT","Bybit Perpetual","short","22511.6","22685.8","0.08062795115265585","2.0042955676848764","1815.0641851681273","-16.049684658477585","-8.842488761349736","39600.0","1675915200000.0","1675954800000.0"
"a414da81-501a-4119-ac75-b91e969acf88","TradeIQ220320Strategy","BTC-USDT","Bybit Perpetual","short","22027.3","21835.9","0.08167203881136816","1.9703183350349422","1799.0145005096497","13.661709893460744","7.593996540656269","68400.0","1675972800000.0","1676041200000.0"
"f5548d09-c3b2-45a1-b866-40e00b41ea50","TradeIQ220320Strategy","BTC-USDT","Bybit Perpetual","short","21649.0","21702.1","0.08373025130043468","1.9963891734326507","1812.6762104031104","-6.44246551748561","-3.5541182040740242","75600.0","1676044800000.0","1676120400000.0"
"2161a32f-82dd-4eb4-b340-dae793e0ba06","TradeIQ220320Strategy","BTC-USDT","Bybit Perpetual","short","21728.0","21828.0","0.0831293144737493","1.9914292316702435","1806.2337448856247","-10.304360679045175","-5.704887702503683","25200.0","1676239200000.0","1676264400000.0"
"1a3a47b3-138f-45d3-b7f0-e56cb47fa28b","TradeIQ220320Strategy","BTC-USDT","Bybit Perpetual","short","21711.4","21628.6","0.08271826709500904","1.9717553327437307","1795.9293842065795","4.877317182723258","2.7157622262959964","36000.0","1676278800000.0","1676314800000.0"
"efed5eb3-620f-472b-a364-acbba7dc8fa1","TradeIQ220320Strategy","BTC-USDT","Bybit Perpetual","short","21711.3","22239.9","0.08294329226666772","2.0050014748889216","1800.8067013893028","-45.84882576704966","-25.460159456135845","3600.0","1676383200000.0","1676386800000.0"
"a0c3e727-c9ca-4cce-a7fb-a2e13b2aa52b","TradeIQ220320Strategy","BTC-USDT","Bybit Perpetual","long","22239.9","22033.3","0.07891033123450433","1.9214870822463017","1754.957875622253","-18.22436151529507","-10.384500829590158","3600.0","1676386800000.0","1676390400000.0"
"796420cf-7bb3-4e0d-847c-888676818a38","TradeIQ220320Strategy","BTC-USDT","Bybit Perpetual","long","22196.7","22137.1","0.07824287007108975","1.9078420642367235","1736.733514106958","-6.571117120473843","-3.7836070226656298","18000.0","1676404800000.0","1676422800000.0"
"22a28ad5-515f-41da-a400-03f1248ccdeb","TradeIQ220320Strategy","BTC-USDT","Bybit Perpetual","long","22161.9","22763.6","0.07806922678048742","1.9290144762497332","1730.1623969864843","45.045239277569316","26.035266606202402","10800.0","1676455200000.0","1676466000000.0"
"9f8eb7ec-46a6-468c-83c3-9f02e5e6e1d8","TradeIQ220320Strategy","BTC-USDT","Bybit Perpetual","long","22763.6","24144.8","0.07798448559384516","2.0119700942166796","1775.2076362640535","105.70020140800231","59.54244407738675","28800.0","1676466000000.0","1676494800000.0"
"245ca80d-65aa-4a98-9ae7-d989c31fa841","TradeIQ220320Strategy","BTC-USDT","Bybit Perpetual","long","24144.8","24630.8","0.07790115626023227","2.089821600507622","1880.9078376720558","35.77014034196526","19.01748699512939","39600.0","1676494800000.0","1676534400000.0"
"e7f8bada-5f6d-44bf-8411-dd525202b64d","TradeIQ220320Strategy","BTC-USDT","Bybit Perpetual","long","25090.2","24581.5","0.076391498593635","2.086972580381403","1916.677978014021","-40.94732791496359","-21.363697180572526","18000.0","1676563200000.0","1676581200000.0"
"66c37a60-fbf2-41cb-92d8-892d7517df53","TradeIQ220320Strategy","BTC-USDT","Bybit Perpetual","long","24131.4","24683.3","0.07772987270108893","2.0868982293180154","1875.7306500990576","40.81221851441279","21.75803786767439","25200.0","1676649600000.0","1676674800000.0"
"fd9437ef-5b68-4c72-a782-b4483042d148","TradeIQ220320Strategy","BTC-USDT","Bybit Perpetual","long","24713.8","24576.7","0.07754950143698947","2.102349535318961","1916.54286861347","-12.734386182330104","-6.644456740768258","46800.0","1676746800000.0","1676793600000.0"
"330b7427-fcc0-4864-9282-4778b3a28a75","TradeIQ220320Strategy","BTC-USDT","Bybit Perpetual","long","24654.2","24353.4","0.07722045259757526","2.0814139789965114","1903.8084824311402","-25.309326120347095","-13.294050506607363","25200.0","1676804400000.0","1676829600000.0"
"8cca82b2-23bf-4c77-ab9d-b0d12fcd22ad","TradeIQ220320Strategy","BTC-USDT","Bybit Perpetual","long","24884.7","24704.7","0.07548811745011164","2.0588757483143114","1878.499156310793","-15.646736889334406","-8.329381909365996","46800.0","1676887200000.0","1676934000000.0"
"72aabbe6-79d4-493d-b458-cfcc3b49b16f","TradeIQ220320Strategy","BTC-USDT","Bybit Perpetual","long","24917.7","24684.3","0.07476020737955183","2.0395406935422917","1862.8524194214588","-19.488573095929798","-10.461683863277967","21600.0","1676948400000.0","1676970000000.0"
"5124078c-71d6-4316-9435-5fe5fd67f4c1","TradeIQ220320Strategy","BTC-USDT","Bybit Perpetual","short","23948.1","24059.6","0.07697328165180241","2.032420617455379","1843.363846325529","-10.614941521631348","-5.758462466751017","3600.0","1677049200000.0","1677052800000.0"
"866f1799-646e-4922-b205-5a51dbc5fd08","TradeIQ220320Strategy","BTC-USDT","Bybit Perpetual","short","23963.0","24105.6","0.07648244814104653","2.0220223136919904","1832.748904803898","-12.928419418605113","-7.0541138421732885","3600.0","1677056400000.0","1677060000000.0"
"6cdbe4b1-ea57-4ad8-9a4d-120888e6b60d","TradeIQ220320Strategy","BTC-USDT","Bybit Perpetual","short","23927.7","24092.9","0.07605496915229182","2.008712888421","1819.820485385293","-14.572993792379664","-8.007929303694075","28800.0","1677078000000.0","1677106800000.0"
"d3df1048-53ff-4940-b1b1-63863405faf2","TradeIQ220320Strategy","BTC-USDT","Bybit Perpetual","long","24092.9","23767.6","0.07492860932444467","1.9723663886149214","1805.247491592913","-26.346643001856993","-14.594477003598694","46800.0","1677106800000.0","1677153600000.0"
"e02c9dbb-6bce-497c-80fc-c3ccfd33ebd9","TradeIQ220320Strategy","BTC-USDT","Bybit Perpetual","short","23767.6","23875.9","0.07484562381523824","1.961249113032717","1778.9008485910563","-10.067030172223237","-5.659129445127103","90000.0","1677153600000.0","1677243600000.0"
"a0b896b8-e9a6-4462-adeb-ad17fbd89a04","TradeIQ220320Strategy","BTC-USDT","Bybit Perpetual","short","23337.2","22969.9","0.07579460339795832","1.930405553455278","1768.833818418833","25.90895227461476","14.647476775277207","97200.0","1677254400000.0","1677351600000.0"
"27adff05-b3e9-43f4-9ac8-8ebd80809acc","TradeIQ220320Strategy","BTC-USDT","Bybit Perpetual","short","22969.9","23109.9","0.07813454872217326","1.9802334080144","1794.7427706934477","-12.919070229118656","-7.1982851470837925","14400.0","1677351600000.0","1677366000000.0"
"d3fe0e31-0766-4552-a77e-4ad0c0300c8f","TradeIQ220320Strategy","BTC-USDT","Bybit Perpetual","short","23348.4","23379.0","0.07631459545255044","1.9612904451522284","1781.8237004643288","-4.2965170660001615","-2.411303129978866","3600.0","1677488400000.0","1677492000000.0"
"1c989d6d-bc09-435f-b177-1520d47ffa42","TradeIQ220320Strategy","BTC-USDT","Bybit Perpetual","short","23370.2","23420.0","0.07605956232288678","1.9573631731501857","1777.5271833983288","-5.745129376829892","-3.2320908678573255","3600.0","1677495600000.0","1677499200000.0"
"641fb133-33fe-4841-830d-0a16fe178c91","TradeIQ220320Strategy","BTC-USDT","Bybit Perpetual","long","23696.1","23546.5","0.07477104055188402","1.9428080982070397","1771.7820540214989","-13.12855576476878","-7.409802878954704","7200.0","1677506400000.0","1677513600000.0"
"e79ae5d5-b752-437c-ac17-d85d9ca573c8","TradeIQ220320Strategy","BTC-USDT","Bybit Perpetual","short","23380.3","23470.2","0.07521945818730855","1.9382380741924745","1758.65349825673","-8.700467365231622","-4.947232285300079","21600.0","1677517200000.0","1677538800000.0"
"7ef1c7bf-f1c4-4e0d-a8a9-813550baa1fb","TradeIQ220320Strategy","BTC-USDT","Bybit Perpetual","short","23402.1","23381.6","0.07477760674860369","1.9241052164645578","1749.9530308914982","-0.3911642781181821","-0.2235284440285274","25200.0","1677560400000.0","1677585600000.0"
"593bfb3a-a07b-4302-8a6c-9d6ab157f6db","TradeIQ220320Strategy","BTC-USDT","Bybit Perpetual","short","23251.0","23318.9","0.07524673633879748","1.9273281426432909","1749.5618666133803","-7.03658154004775","-4.021910670508858","25200.0","1677614400000.0","1677639600000.0"
"54a185c7-dd00-447a-bdca-2ce2f1c67774","TradeIQ220320Strategy","BTC-USDT","Bybit Perpetual","long","23788.2","23342.9","0.0732516661652976","1.898837381761792","1742.5252850733325","-34.51780432516876","-19.809069412565865","54000.0","1677646800000.0","1677700800000.0"
"6176ee60-d541-4cba-9e2e-39dce6309f70","TradeIQ220320Strategy","BTC-USDT","Bybit Perpetual","short","23342.9","23619.8","0.07317032077197622","1.8899517028249482","1708.0074807481637","-22.150813524585004","-12.96880357624793","14400.0","1677700800000.0","1677715200000.0"
"6b5305bb-1c4a-42ed-9379-2f9dfd4f1d48","TradeIQ220320Strategy","BTC-USDT","Bybit Perpetual","short","23502.8","23435.1","0.0717300350266172","1.8517714660917206","1685.8566672235788","3.0043519052103167","1.7820921337032496","61200.0","1677722400000.0","1677783600000.0"
"de0c9613-f4eb-45dd-a95f-c1bcb7de7d3b","TradeIQ220320Strategy","BTC-USDT","Bybit Perpetual","short","22137.5","22370.2","0.07628959996064548","1.8675110454926316","1688.8610191287894","-19.620100956334888","-11.617356747600258","169200.0","1677808800000.0","1677978000000.0"
"3399e965-ba8e-48c1-88c7-4d77543a5b78","TradeIQ220320Strategy","BTC-USDT","Bybit Perpetual","short","22340.8","22425.9","0.0747171506021474","1.8396621462236338","1669.2409181724545","-8.19809166246654","-4.911269292057678","7200.0","1678136400000.0","1678143600000.0"
"9eb651f3-f307-403c-a9ce-289bc4d3fc02","TradeIQ220320Strategy","BTC-USDT","Bybit Perpetual","short","22402.7","22474.6","0.07414476052038316","1.8300791637157652","1661.042826509988","-7.161087445131152","-4.311199766099524","3600.0","1678150800000.0","1678154400000.0"
"43abf7e5-caca-475b-a510-a0a6f0bc4317","TradeIQ220320Strategy","BTC-USDT","Bybit Perpetual","short","22426.2","22307.5","0.07374774768194596","1.8144552912639265","1653.8817390648564","6.939402358583112","4.1958274250653576","32400.0","1678172400000.0","1678204800000.0"
"309cf4e4-1e80-47f2-9fbf-7f5e19d3657a","TradeIQ220320Strategy","BTC-USDT","Bybit Perpetual","short","22046.1","22129.5","0.07533401106878042","1.8303588266535091","1660.82114142344","-8.113215349789906","-4.885062664144745","64800.0","1678226400000.0","1678291200000.0"
"fb3f9ab2-489e-4bfc-895c-3b837ab121fd","TradeIQ220320Strategy","BTC-USDT","Bybit Perpetual","short","21792.7","21001.3","0.07583768537508662","1.7849688493678013","1652.7079260736502","58.23297535647586","35.234885993933815","72000.0","1678316400000.0","1678388400000.0"
"0934a3f4-c1d4-4178-9cb6-4d32d650270d","TradeIQ220320Strategy","BTC-USDT","Bybit Perpetual","short","21001.3","20098.0","0.08146833298082147","1.841560301723272","1710.940901430126","71.74878487985269","41.935279482698654","7200.0","1678388400000.0","1678395600000.0"
"4002a98c-4e4c-48e1-b5a8-7823a1c50516","TradeIQ220320Strategy","BTC-USDT","Bybit Perpetual","short","20098.0","19920.7","0.08869985502587215","1.9523090885781285","1782.6896863099785","13.77417520750894","7.726625286098083","57600.0","1678395600000.0","1678453200000.0"
"5025d068-6eb8-4a12-95ff-4b15c14f2f21","TradeIQ220320Strategy","BTC-USDT","Bybit Perpetual","short","19844.3","20236.6","0.09052795319146997","1.995643011489594","1796.4638615174874","-37.5097590485032","-20.879773788946917","36000.0","1678521600000.0","1678557600000.0"
"82474659-3378-4ae0-b8da-ce4d7089fa1a","TradeIQ220320Strategy","BTC-USDT","Bybit Perpetual","long","21694.4","21956.0","0.0810787162801914","1.946515118414277","1758.9541024689845","19.26367706048368","10.951779261007383","39600.0","1678662000000.0","1678701600000.0"
"c6a512a4-3704-4873-a4d6-96e5e18257af","TradeIQ220320Strategy","BTC-USDT","Bybit Perpetual","long","22467.2","24009.0","0.07914728045904555","2.0231556598388813","1778.2177795294683","120.0061213519175","67.48674022575129","7200.0","1678716000000.0","1678723200000.0"
"46d24c72-bf72-4849-adec-933c815890f7","TradeIQ220320Strategy","BTC-USDT","Bybit Perpetual","long","24009.0","25870.0","0.07906301390650948","2.1689712388535325","1898.223900881386","144.9672976411606","76.36996751218292","75600.0","1678723200000.0","1678798800000.0"
"d22f41e4-2247-40d7-87c1-63b1de42a167","TradeIQ220320Strategy","BTC-USDT","Bybit Perpetual","long","25870.0","25007.3","0.07897917272990129","2.210035885602054","2043.1911985225465","-70.34536819968795","-34.42916563587169","21600.0","1678798800000.0","1678820400000.0"
"f178e29d-11a4-4cbb-a09f-1cdeb4b5cb3d","TradeIQ220320Strategy","BTC-USDT","Bybit Perpetual","long","24831.9","24480.1","0.07944804184628879","2.154758011738306","1972.8458303228585","-30.10457913326293","-15.259468667319167","10800.0","1678885200000.0","1678896000000.0"
"78bac191-8f17-42c0-860d-354b75aee418","TradeIQ220320Strategy","BTC-USDT","Bybit Perpetual","long","24655.4","25654.4","0.07879577095441954","2.1803097126594615","1942.7412511895957","76.53666547080566","39.39622192298644","57600.0","1678960800000.0","1679018400000.0"
"9ec33706-7bd7-4044-b501-aaddf7c9a5dc","TradeIQ220320Strategy","BTC-USDT","Bybit Perpetual","long","25654.4","26694.899999999998","0.07871078320523581","2.266249921785218","2019.2779166604016","79.63232000326235","39.436037677747144","32400.0","1679018400000.0","1679050800000.0"
"79612867-4d1e-41de-a763-3d6f8896c033","TradeIQ220320Strategy","BTC-USDT","Bybit Perpetual","long","26694.900000000005","26280.000000000004","0.07862588871521017","2.290859225654663","2098.9102366636644","-34.91274045359548","-16.633746333569388","14400.0","1679050800000.0","1679065200000.0"
"781457d4-acbb-436b-93dd-0170ecb6bf61","TradeIQ220320Strategy","BTC-USDT","Bybit Perpetual","long","27089.4","27343.0","0.07619207129763186","2.2810245159356692","2063.9974962100687","17.04128476514366","8.256446432922049","68400.0","1679090400000.0","1679158800000.0"
"be8f5b4a-ccc7-4a02-aacd-3ecee2ee04e4","TradeIQ220320Strategy","BTC-USDT","Bybit Perpetual","long","27232.0","28307.0","0.07641887415449516","2.334325318416579","2081.0387809752124","79.81596439766572","38.353905331962395","21600.0","1679230800000.0","1679252400000.0"
"7ae9ab73-ba83-409b-af25-5309d8ce8dc6","TradeIQ220320Strategy","BTC-USDT","Bybit Perpetual","long","28307.0","27667.4","0.07633640955851478","2.3500865977556717","2160.854745372878","-51.174854151381616","-23.682690500582844","25200.0","1679252400000.0","1679277600000.0"
"5669fd4e-e52e-4628-8555-978b9ed3b674","TradeIQ220320Strategy","BTC-USDT","Bybit Perpetual","long","28168.5","27679.7","0.07489500297216736","2.3005131077446084","2109.6798912214963","-38.90919056053996","-18.443172692901623","28800.0","1679299200000.0","1679328000000.0"
"9e39debe-bfdc-4a3d-bae9-2d2101fec16f","TradeIQ220320Strategy","BTC-USDT","Bybit Perpetual","long","27916.599999999995","28088.200000000004","0.0741770380583938","2.2848485995790035","2070.770700660956","10.443931131242074","5.043499566566468","79200.0","1679392800000.0","1679472000000.0"
"c07e8ac7-7491-412f-8cc2-a7bcacfa3120","TradeIQ220320Strategy","BTC-USDT","Bybit Perpetual","long","28269.7","28017.8","0.07361997586787965","2.279136415414802","2081.2146317921975","-20.82400833653379","-10.005699565258967","18000.0","1679493600000.0","1679511600000.0"
"b5756322-e87b-4277-b179-3e0d8b5b73d2","TradeIQ220320Strategy","BTC-USDT","Bybit Perpetual","long","28043.6","28022.5","0.07347097460581609","2.26557705514093","2060.390623455664","-3.8158146193235423","-1.8519860146343035","64800.0","1679583600000.0","1679648400000.0"
"7f98ded9-7130-4e4c-b711-6fcf2efcfc5c","TradeIQ220320Strategy","BTC-USDT","Bybit Perpetual","long","27631.4","27468.0","0.07442890366888179","2.2555433641472518","2056.5748088363403","-14.417226223642645","-7.010309647719676","7200.0","1679760000000.0","1679767200000.0"
"1dc3ab8c-0ac6-4f48-9c63-70818916cac3","TradeIQ220320Strategy","BTC-USDT","Bybit Perpetual","long","27643.1","27761.3","0.07387585265808459","2.2511760100552705","2042.1575826126982","6.480949774130383","3.173579663641225","43200.0","1679821200000.0","1679864400000.0"
"e4d0e315-5091-4df3-bcc4-d10022284013","TradeIQ220320Strategy","BTC-USDT","Bybit Perpetual","short","26933.000000000004","27084.899999999998","0.0760642532353183","2.2598571736620556","2048.638532386828","-13.814017240106464","-6.743023242861701","28800.0","1679929200000.0","1679958000000.0"
"4b84b79c-4a23-4a08-b159-bd732dc64e03","TradeIQ220320Strategy","BTC-USDT","Bybit Perpetual","short","26733.6","27333.000000000004","0.0761148709918126","2.263399756181265","2034.8245151467213","-47.88665342867413","-23.53355440344754","28800.0","1680001200000.0","1680030000000.0"
"2bfe20ea-2a3c-4b9b-82a5-10c09114ff00","TradeIQ220320Strategy","BTC-USDT","Bybit Perpetual","long","27333.0","27176.7","0.0726937351084055","2.1793825309512584","1986.9378617180475","-13.541413328394986","-6.815217319723385","10800.0","1680030000000.0","1680040800000.0"
"26b85899-5cca-437c-8eb5-c5021a70c6c3","TradeIQ220320Strategy","BTC-USDT","Bybit Perpetual","long","27312.4","28077.7","0.07225276608389056","2.201148366264819","1973.3964483896525","53.093893517736575","26.904828759098404","21600.0","1680055200000.0","1680076800000.0"
"db7f8e4b-484b-46a1-95e2-2834a909e115","TradeIQ220320Strategy","BTC-USDT","Bybit Perpetual","long","28077.7","28376.5","0.07217437118807414","2.2410005122591765","2026.4903419073894","19.324701598737324","9.536044262884753","54000.0","1680076800000.0","1680130800000.0"
"57a2d157-9859-4182-890e-e140ca0a05ac","TradeIQ220320Strategy","BTC-USDT","Bybit Perpetual","long","28952.0","28470.5","0.07066230462510799","2.231683403034395","2045.8150435061266","-36.25558308002389","-17.721828371096986","3600.0","1680145200000.0","1680148800000.0"
"e77ec24e-e55e-4e9a-a2ae-b31df68b0d32","TradeIQ220320Strategy","BTC-USDT","Bybit Perpetual","long","28361.1","28365.5","0.07085618894986806","2.210686878445972","2009.559460426103","-1.8989196470664493","-0.9449432497328575","79200.0","1680271200000.0","1680350400000.0"
"aade481d-e318-42a9-9d37-c34f55cf0bbd","TradeIQ220320Strategy","BTC-USDT","Bybit Perpetual","long","28463.0","28370.1","0.07053580229698332","2.2048225680385753","2007.6605407790362","-8.757598601428429","-4.362091311527297","3600.0","1680408000000.0","1680411600000.0"
"32fe59fa-bf88-4bfc-8e43-4a563d7c8a32","TradeIQ220320Strategy","BTC-USDT","Bybit Perpetual","long","28445.1","28401.3","0.07027231200374082","2.1971003763991988","1998.9029421776079","-5.275027642162995","-2.6389613676872035","3600.0","1680418800000.0","1680422400000.0"
"edcbb1b0-3499-4baa-9636-81eb606f6657","TradeIQ220320Strategy","BTC-USDT","Bybit Perpetual","short","27933.7","28042.2","0.07136999089040996","2.1972497101953747","1993.627914535445","-9.940893721804855","-4.986333532614727","3600.0","1680465600000.0","1680469200000.0"
"eb177737-2c25-414d-ada2-3837b28639d8","TradeIQ220320Strategy","BTC-USDT","Bybit Perpetual","short","27696.8","28326.3","0.07162152381551805","2.206852884978032","1983.6870208136402","-47.292602126846646","-23.840757957597994","25200.0","1680487200000.0","1680512400000.0"
"886bc4bc-da76-424a-931a-77e133428c1e","TradeIQ220320Strategy","BTC-USDT","Bybit Perpetual","long","28326.3","27982.5","0.06836030186387893","2.1171076110760323","1936.3944186867936","-25.61937939187756","-13.230455089439824","21600.0","1680512400000.0","1680534000000.0"
"dfd4117c-5a84-4b7d-aa56-6c02e8db1b3c","TradeIQ220320Strategy","BTC-USDT","Bybit Perpetual","long","28141.0","28071.8","0.06790004048523209","2.0992682676835397","1910.775039294916","-6.797951069261649","-3.557693045734008","3600.0","1680548400000.0","1680552000000.0"
"56775862-bbf4-4536-acbc-89b573fbfd7b","TradeIQ220320Strategy","BTC-USDT","Bybit Perpetual","short","27569.3","28063.1","0.06906149551224204","2.11313120861439","1903.9770882256544","-36.21569769255946","-19.021078518497","36000.0","1680555600000.0","1680591600000.0"
"125360d9-9334-4639-9432-9a0770fb5015","TradeIQ220320Strategy","BTC-USDT","Bybit Perpetual","long","28063.1","28011.7","0.06655577575296724","2.0526559978058687","1867.761390533095","-5.47362287150824","-2.9305793016451434","32400.0","1680591600000.0","1680624000000.0"
"2506bd98-df34-4977-b29d-9a917e6fe6df","TradeIQ220320Strategy","BTC-USDT","Bybit Perpetual","long","28215.6","28530.0","0.06600206154260717","2.059929620909693","1862.2877676615867","18.691118528086097","10.036643558882373","54000.0","1680631200000.0","1680685200000.0"
"49cb7974-18e0-4663-9b3f-9aa5a8fbc33c","TradeIQ220320Strategy","BTC-USDT","Bybit Perpetual","short","28014.9","28229.1","0.06714208818127755","2.076986784217276","1880.9788861896725","-16.458822072646733","-8.7501365344869","14400.0","1680710400000.0","1680724800000.0"
"a65ce051-266b-4e39-8336-e24349bf9acf","TradeIQ220320Strategy","BTC-USDT","Bybit Perpetual","short","27982.4","28117.4","0.06663188518915553","2.0559194880040232","1864.5200641170256","-11.05122398854002","-5.927114543427297","10800.0","1680742800000.0","1680753600000.0"
"5539a7ec-6bb1-4e46-b89b-7586b1a9eb45","TradeIQ220320Strategy","BTC-USDT","Bybit Perpetual","short","27834.9","28079.3","0.0665879467908448","2.0477664759489604","1853.4688401284861","-18.321860671631285","-9.88517328964709","18000.0","1680778800000.0","1680796800000.0"
"7cbebd20-9fee-491f-80d2-d4c3ba94e103","TradeIQ220320Strategy","BTC-USDT","Bybit Perpetual","long","28079.3","28051.4","0.06535586640182821","2.0176587916326048","1835.1469794568548","-3.8410874642434694","-2.0930680251999814","3600.0","1680796800000.0","1680800400000.0"
"18fa1a7f-711f-432d-a185-3239500267c1","TradeIQ220320Strategy","BTC-USDT","Bybit Perpetual","long","28086.1","28041.3","0.06520328176545022","2.0128298723291715","1831.3058919926114","-4.933936895421294","-2.694217780325473","3600.0","1680829200000.0","1680832800000.0"
"a00da181-70cd-40a4-87dc-84a2eb9967b8","TradeIQ220320Strategy","BTC-USDT","Bybit Perpetual","short","27822.0","27943.7","0.0656448837286029","2.013403090899283","1826.3719550971898","-10.002385440670304","-5.476642045863012","54000.0","1680854400000.0","1680908400000.0"
"12c06b79-27fd-4b66-af22-6822037b8bf5","TradeIQ220320Strategy","BTC-USDT","Bybit Perpetual","short","27870.7","27940.6","0.06517129349662978","2.0005120370006497","1816.3695696565198","-6.55598545241493","-3.609389609876961","7200.0","1680915600000.0","1680922800000.0"
"2f9235a8-efeb-421c-b038-784011e164d6","TradeIQ220320Strategy","BTC-USDT","Bybit Perpetual","long","28132.0","28012.1","0.064332915690463","1.986552508499308","1809.813584204105","-9.700069099785914","-5.359706206455334","10800.0","1680933600000.0","1680944400000.0"
"51db8379-5bb3-4b7c-8233-7aacb06b62a3","TradeIQ220320Strategy","BTC-USDT","Bybit Perpetual","short","27926.1","28021.1","0.06445989648050816","1.9834928962058576","1800.113515104319","-8.107183061854133","-4.503706568407333","25200.0","1680976800000.0","1681002000000.0"
"fcd32aee-d867-47f2-b49b-1b436814ca56","TradeIQ220320Strategy","BTC-USDT","Bybit Perpetual","short","27865.6","27884.8","0.06430890890712795","1.9718860673247705","1792.0063320424647","-3.206617118341674","-1.7894005512172975","36000.0","1681023600000.0","1681059600000.0"
"0ba7ff0d-f09f-4a5b-bae9-086109af4bd5","TradeIQ220320Strategy","BTC-USDT","Bybit Perpetual","long","28014.5","28423.2","0.06385263755998224","1.9820328015504556","1788.7997149241226","24.114540169214333","13.480849738528287","10800.0","1681066800000.0","1681077600000.0"
"484074e2-2024-400d-9c93-169251b575ee","TradeIQ220320Strategy","BTC-USDT","Bybit Perpetual","long","28423.2","28271.7","0.06378290463752628","1.988890970073749","1812.914255093337","-11.65200102265898","-6.427221248838977","28800.0","1681077600000.0","1681106400000.0"
"29c8243a-07f6-4be0-aaf0-4e036d86378c","TradeIQ220320Strategy","BTC-USDT","Bybit Perpetual","long","28427.7","29033.1","0.06336292609218046","2.0024864329786594","1801.2622540706784","36.357429023227255","20.184417311284342","3600.0","1681142400000.0","1681146000000.0"
"113d403a-acc9-45a3-8231-2b0ed168af14","TradeIQ220320Strategy","BTC-USDT","Bybit Perpetual","long","29033.1","29920.6","0.06329395355969242","2.0522770124846215","1837.619683093906","54.1211067717424","29.451745249387766","28800.0","1681146000000.0","1681174800000.0"
"01cc5440-bb3a-4171-aefa-d1737f76761f","TradeIQ220320Strategy","BTC-USDT","Bybit Perpetual","long","29920.6","30088.4","0.0632253627890366","2.0867499375840133","1891.7407898656481","8.522465938416511","4.505091809656321","43200.0","1681174800000.0","1681218000000.0"
"d8246067-cc91-4bdc-987f-8e855c030465","TradeIQ220320Strategy","BTC-USDT","Bybit Perpetual","long","30121.9","30148.4","0.06308577001464265","2.091209056482435","1900.2632558040646","-0.4194361510944047","-0.2207252862535235","3600.0","1681243200000.0","1681246800000.0"
"f68d7427-dbfc-4c08-b2a7-5a68e8c1b337","TradeIQ220320Strategy","BTC-USDT","Bybit Perpetual","long","30132.7","29948.0","0.06304923951896013","2.0834233446217336","1899.84381965297","-13.728617883773715","-7.226182353390194","10800.0","1681304400000.0","1681315200000.0"
"0bd0ea84-31f0-47c1-9273-0db8f726e36b","TradeIQ220320Strategy","BTC-USDT","Bybit Perpetual","long","30179.0","30786.8","0.06249760435300031","2.0956190461052806","1886.1152017691963","35.890424879648265","19.028755425958423","75600.0","1681376400000.0","1681452000000.0"
"d3481840-7707-4c7e-99cf-803de947e45f","TradeIQ220320Strategy","BTC-USDT","Bybit Perpetual","long","30786.8","30722.7","0.06242953560125913","2.1120052360361066","1922.0056266488446","-6.1137384680767255","-3.1809160094585516","10800.0","1681452000000.0","1681462800000.0"
"491c068a-de3c-445d-b75f-39b2fe31b044","TradeIQ220320Strategy","BTC-USDT","Bybit Perpetual","long","30444.2","30400.1","0.06293126073868809","2.1059546792696278","1915.8918881807679","-4.88122327784591","-2.5477550732159884","3600.0","1681552800000.0","1681556400000.0"
"9613951c-2498-4bdb-a14b-cc61a7c3de7c","TradeIQ220320Strategy","BTC-USDT","Bybit Perpetual","long","30487.1","30306.0","0.06268259903050542","2.0958682311167802","1911.0106649029217","-13.44768691554122","-7.036950218288999","3600.0","1681671600000.0","1681675200000.0"
"e982e331-9d50-4e4e-8e20-3f90558937ec","TradeIQ220320Strategy","BTC-USDT","Bybit Perpetual","short","29558.1","29453.2","0.06419773185649215","2.0836153876466588","1897.5629779873805","4.650726684099228","2.4508945094575707","54000.0","1681732800000.0","1681786800000.0"
"ce53fd6f-cf8f-4fee-a427-7df621d1d75c","TradeIQ220320Strategy","BTC-USDT","Bybit Perpetual","long","29756.8","29689.2","0.06392534495212791","2.0900583308133083","1902.21370467148","-6.4114116495770626","-3.3705001881922296","3600.0","1681804800000.0","1681808400000.0"
"a46d5553-be3b-4894-ba4a-2f2da946daa2","TradeIQ220320Strategy","BTC-USDT","Bybit Perpetual","long","29887.0","30170.2","0.06343233824143951","2.09526274332858","1895.8022930219026","15.868775446647138","8.370480141867727","21600.0","1681812000000.0","1681833600000.0"
"4c5ca243-c6d7-418f-a841-2d1778dbce95","TradeIQ220320Strategy","BTC-USDT","Bybit Perpetual","long","30416.6","29989.8","0.06284959753780994","2.088084860789379","1911.6710684685497","-28.912293089926617","-15.124094080206179","36000.0","1681851600000.0","1681887600000.0"
"ad27d888-2c43-4ab1-abc4-6e53f6a505a1","TradeIQ220320Strategy","BTC-USDT","Bybit Perpetual","short","29148.0","28911.2","0.06459306900571646","2.062622051609181","1882.7587753786233","13.233016688944428","7.028524770138578","79200.0","1681894800000.0","1681974000000.0"
"56655ade-4a8f-4b07-9bba-e49846a8049f","TradeIQ220320Strategy","BTC-USDT","Bybit Perpetual","short","28876.3","28225.9","0.06565909732436523","2.0621033989794526","1895.9917920675675","40.64257350078755","21.436049286092672","57600.0","1681995600000.0","1682053200000.0"
"b24b5393-eb01-4814-9b60-053fce649e74","TradeIQ220320Strategy","BTC-USDT","Bybit Perpetual","short","28143.1","28206.7","0.06881382525622107","2.132704909732653","1936.634365568355","-6.509264196028464","-3.3611219091003544","25200.0","1682056800000.0","1682082000000.0"
"73f1c6bc-e77d-41be-b998-c00954a34b5c","TradeIQ220320Strategy","BTC-USDT","Bybit Perpetual","short","27893.4","27216.7","0.06919648022013547","2.0973837195188283","1930.1251013723268","44.72787444544689","23.17356238393314","25200.0","1682100000000.0","1682125200000.0"
"da62a130-fb1b-4428-be22-99e7254b8546","TradeIQ220320Strategy","BTC-USDT","Bybit Perpetual","short","27216.7","27325.1","0.07256033890287117","2.1766643208049405","1974.8529758177738","-10.042205057876018","-5.085039332468588","43200.0","1682125200000.0","1682168400000.0"
"e2844fbd-5072-4c6d-b201-e48b63b45661","TradeIQ220320Strategy","BTC-USDT","Bybit Perpetual","short","27532.8","27580.1","0.07136254833362018","2.1631483445307866","1964.8107707598979","-5.538596880710969","-2.818895826069243","7200.0","1682211600000.0","1682218800000.0"
"987df08b-34b6-4198-a5be-09ac2a0c10e4","TradeIQ220320Strategy","BTC-USDT","Bybit Perpetual","short","27545.2","27592.0","0.07112935008201744","2.157030260738217","1959.272173879187","-5.485883844576581","-2.799960065637544","3600.0","1682222400000.0","1682226000000.0"
"1947f357-5c5e-4953-a476-04f703353567","TradeIQ220320Strategy","BTC-USDT","Bybit Perpetual","short","27517.1","27632.8","0.071002623460852","2.153683170982003","1953.7862900346104","-10.36868670540263","-5.306970756366068","3600.0","1682247600000.0","1682251200000.0"
"7807ef12-f10c-45f5-aed3-6e6efcf28806","TradeIQ220320Strategy","BTC-USDT","Bybit Perpetual","short","27538.9","27579.6","0.07056990668941779","2.139339071023371","1943.4176033292076","-5.01153427328247","-2.578722280120015","28800.0","1682262000000.0","1682290800000.0"
"4be7175a-ede1-4416-8345-71e484d7c5c0","TradeIQ220320Strategy","BTC-USDT","Bybit Perpetual","short","27534.0","27540.0","0.07040045286031543","2.132478997455957","1938.4060690559252","-2.5548817146178493","-1.318032251035084","18000.0","1682319600000.0","1682337600000.0"
"210d0050-9165-4a92-a0ac-4591606c8bef","TradeIQ220320Strategy","BTC-USDT","Bybit Perpetual","short","27256.0","27327.1","0.07102477206271306","2.13221372978695","1935.851187341307","-7.182075023445745","-3.7100346712649888","10800.0","1682352000000.0","1682362800000.0"
"00f6987e-34e1-4b33-83c9-a95e49bbb62f","TradeIQ220320Strategy","BTC-USDT","Bybit Perpetual","short","27280.0","27385.9","0.07069901438115328","2.125653887642278","1928.6691123178614","-9.612679510606513","-4.98409989002938","7200.0","1682434800000.0","1682442000000.0"
"a5c1451a-b6c9-4e90-a914-82c43efee485","TradeIQ220320Strategy","BTC-USDT","Bybit Perpetual","long","28249.3","28849.5","0.0679328844540309","2.133387400575101","1919.0564328072549","38.63992984873429","20.13485856286707","43200.0","1682460000000.0","1682503200000.0"
"e57e34fd-745f-4a40-9711-896df0abe8bd","TradeIQ220320Strategy","BTC-USDT","Bybit Perpetual","long","28849.5","29955.0","0.0678589356022111","2.1947259282411227","1957.696362655989","72.82332738000324","37.19847917641553","10800.0","1682503200000.0","1682514000000.0"
"9d9529c7-e9e2-4b48-9f89-7ade8f091949","TradeIQ220320Strategy","BTC-USDT","Bybit Perpetual","long","29955.0","27871.9","0.06778566817012159","2.1559092800887427","2030.5196900359922","-143.36023464526892","-70.60273059589377","25200.0","1682514000000.0","1682539200000.0"
"68c3b831-304c-458d-adac-bc2ace77d4af","TradeIQ220320Strategy","BTC-USDT","Bybit Perpetual","short","27871.9","28405.3","0.0677083175309442","2.0957389900438494","1887.1594553907237","-38.21135556104934","-20.248079965843655","3600.0","1682539200000.0","1682542800000.0"
"2ba51345-6c70-49f1-a7cf-57cc94596e4d","TradeIQ220320Strategy","BTC-USDT","Bybit Perpetual","short","28282.2","28395.9","0.0653749743594796","2.0379311338342116","1848.948099829674","-9.47106571850709","-5.122407556696464","3600.0","1682550000000.0","1682553600000.0"
"445c25de-af0a-41d4-a6ca-9b84a671af98","TradeIQ220320Strategy","BTC-USDT","Bybit Perpetual","long","29071.9","28778.6","0.06327336823913011","2.013217794124788","1839.4770341111669","-20.571296698661836","-11.183231058169673","3600.0","1682575200000.0","1682578800000.0"
"ae9449d0-155f-4fb0-8883-d7e6112d41b4","TradeIQ220320Strategy","BTC-USDT","Bybit Perpetual","long","28941.9","29242.9","0.06284679780569019","2.0112005985304875","1818.905737412505","16.90568554098226","9.294426419827309","86400.0","1682586000000.0","1682672400000.0"
"c2e68973-d6ac-4550-92be-4715bb79dfe2","TradeIQ220320Strategy","BTC-USDT","Bybit Perpetual","long","29260.7","29210.7","0.06273983270917945","2.0176672198493337","1835.8114229534872","-5.1546588553083055","-2.8078367913276168","7200.0","1682845200000.0","1682852400000.0"
"28b90e1b-1479-44ee-904a-8b4fce06e315","TradeIQ220320Strategy","BTC-USDT","Bybit Perpetual","long","29278.0","29314.9","0.06252670141738434","2.0149914199132626","1830.6567640981787","0.29224386238831057","0.15963880729562993","25200.0","1682863200000.0","1682888400000.0"
"63c50204-963a-49ed-973c-fbb9936de7ba","TradeIQ220320Strategy","BTC-USDT","Bybit Perpetual","short","28488.3","27663.7","0.06427020945302342","1.984895440663394","1830.949007960567","51.01231927429962","27.861135975119556","68400.0","1682906400000.0","1682974800000.0"
"1ea8d2ba-976b-4f40-9e3f-b40c6083bfc4","TradeIQ220320Strategy","BTC-USDT","Bybit Perpetual","short","27663.7","28045.0","0.06802999335717444","2.0844243700152534","1881.9613272348665","-28.024260837105818","-14.890986563619446","39600.0","1682974800000.0","1683014400000.0"
"7451dc21-5e85-442c-9026-9aab9e6935b9","TradeIQ220320Strategy","BTC-USDT","Bybit Perpetual","long","28707.3","28661.5","0.0645806838817221","2.0377039856105563","1853.9370663977606","-4.9954993073933815","-2.694535536257303","7200.0","1683054000000.0","1683061200000.0"
"5026267d-fff0-409a-a0ff-b6f61af7283e","TradeIQ220320Strategy","BTC-USDT","Bybit Perpetual","long","28727.0","28656.5","0.06436250103005421","2.031340067821964","1848.9415670903672","-6.568896390440786","-3.552787447349184","3600.0","1683068400000.0","1683072000000.0"
"8ac26b71-8241-4b15-847a-ce2f23933b2c","TradeIQ220320Strategy","BTC-USDT","Bybit Perpetual","short","28296.4","28464.7","0.06510979031608001","2.032636825510527","1842.3726706999264","-12.990614535706746","-7.051024335251102","14400.0","1683118800000.0","1683133200000.0"
"2223fbf5-9c5d-4ffa-abc6-a49e3c57323a","TradeIQ220320Strategy","BTC-USDT","Bybit Perpetual","long","28915.0","29045.0","0.06326757932437212","2.0168438937023345","1829.3820561642196","6.20794141846604","3.393463600207505","54000.0","1683151200000.0","1683205200000.0"
"2f7a4478-d2c4-4428-96bf-3e978622465f","TradeIQ220320Strategy","BTC-USDT","Bybit Perpetual","long","29314.9","28939.1","0.06261628037560033","2.006206838350122","1835.589997582686","-25.537405003500904","-13.912368795390837","39600.0","1683252000000.0","1683291600000.0"
"6001ea63-67a6-4737-a23e-89d041cf6ab1","TradeIQ220320Strategy","BTC-USDT","Bybit Perpetual","long","29580.0","29320.7","0.061191771216334866","1.9823309873850865","1810.0525925791853","-17.84935726378067","-9.861236815415795","57600.0","1683306000000.0","1683363600000.0"
"e7092b8e-69b4-43df-b38c-57cc70309bbd","TradeIQ220320Strategy","BTC-USDT","Bybit Perpetual","short","28591.0","28901.3","0.0626841745764543","1.982121553501036","1792.2032353154048","-21.433020924574755","-11.959034836137219","14400.0","1683385200000.0","1683399600000.0"
"335b1b26-0efa-48e8-a0de-cbe994bfaf57","TradeIQ220320Strategy","BTC-USDT","Bybit Perpetual","short","28783.5","28929.5","0.061520322906902555","1.9527873177593371","1770.7702143908298","-10.934754462167112","-6.175140271336009","14400.0","1683406800000.0","1683421200000.0"
"2b7a7325-9da3-4da8-a7c6-b905a6f543e3","TradeIQ220320Strategy","BTC-USDT","Bybit Perpetual","long","29031.9","28888.6","0.060617302344271734","1.931041453237265","1759.8354599286627","-10.617500879171581","-6.033234993231684","10800.0","1683471600000.0","1683482400000.0"
"4d4d04f6-7e84-4ead-8273-b3d765bba4ae","TradeIQ220320Strategy","BTC-USDT","Bybit Perpetual","short","28419.4","27690.9","0.061550136844883814","1.8994781538741166","1749.2179590494911","42.93979653762374","24.547996614988353","32400.0","1683504000000.0","1683536400000.0"
"96abca8d-7a59-4536-aa10-7a326b29562e","TradeIQ220320Strategy","BTC-USDT","Bybit Perpetual","short","27690.9","27874.1","0.06472009777894958","1.9778947281980332","1792.157755587115","-13.834616641301407","-7.719530603916705","25200.0","1683536400000.0","1683561600000.0"
"5c1087f5-09e2-41b2-8a90-28679cc58e14","TradeIQ220320Strategy","BTC-USDT","Bybit Perpetual","short","27522.9","27687.3","0.06461249137793668","1.961997714310788","1778.3231389458135","-12.584291296843437","-7.076493029440859","28800.0","1683568800000.0","1683597600000.0"
"ddafb666-bca2-45fe-b27c-6496bac11d8f","TradeIQ220320Strategy","BTC-USDT","Bybit Perpetual","short","27385.8","27704.7","0.06447643843338409","1.9536215773328904","1765.73884764897","-22.51515779373917","-12.75112558333156","14400.0","1683648000000.0","1683662400000.0"
"545c49a9-e225-473b-995b-4ad3fb2b3a7e","TradeIQ220320Strategy","BTC-USDT","Bybit Perpetual","short","27532.4","27660.7","0.06331535535787765","1.9220139068915825","1743.2236898552305","-10.045373999307238","-5.762527240632828","14400.0","1683705600000.0","1683720000000.0"
"e5745eb9-95de-4fcc-bd47-a4d03e307dd9","TradeIQ220320Strategy","BTC-USDT","Bybit Perpetual","short","27481.1","27848.3","0.06306801095501721","1.919233362933991","1733.1783158559233","-25.077806985616355","-14.469259600234368","10800.0","1683741600000.0","1683752400000.0"
"f15244eb-29af-4662-9412-bda6778df3e3","TradeIQ220320Strategy","BTC-USDT","Bybit Perpetual","short","27497.5","26631.9","0.0621183929037297","1.8493372352637305","1708.1005088703073","51.9203436622046","30.396538958087042","104400.0","1683756000000.0","1683860400000.0"
"e394697b-3740-4b86-9979-f10af29a0900","TradeIQ220320Strategy","BTC-USDT","Bybit Perpetual","short","26631.9","26445.2","0.06608694282167295","1.9292368000621198","1760.020852532512","10.409195424744269","5.914245510083798","61200.0","1683860400000.0","1683921600000.0"
"a1b51a7b-34bb-47ec-b425-3cb56d7c9579","TradeIQ220320Strategy","BTC-USDT","Bybit Perpetual","short","26762.7","26799.0","0.066152893689996","1.9487937952755026","1770.430047957256","-4.350143836222309","-2.457111390106352","10800.0","1684022400000.0","1684033200000.0"
"21376666-25a4-48d6-85e8-5399653ad015","TradeIQ220320Strategy","BTC-USDT","Bybit Perpetual","short","26794.8","26861.1","0.06591129264338728","1.945091349819378","1766.0799041210335","-6.315010052075907","-3.5757215952348695","3600.0","1684065600000.0","1684069200000.0"
"fc56abd1-39ed-4eea-bf8e-b54eef98c9c8","TradeIQ220320Strategy","BTC-USDT","Bybit Perpetual","short","26787.8","27191.5","0.06569277410123107","1.9503274785734206","1759.7648940689578","-28.470500383240452","-16.178581854426294","3600.0","1684112400000.0","1684116000000.0"
"13a343cf-45f6-4a02-9951-8fd8eb711047","TradeIQ220320Strategy","BTC-USDT","Bybit Perpetual","long","27463.7","27323.2","0.06303937174108795","1.8995524656029965","1731.2943936857173","-10.756584195225853","-6.2130301088345705","18000.0","1684134000000.0","1684152000000.0"
"249d142c-0b96-4892-9935-d932f0559235","TradeIQ220320Strategy","BTC-USDT","Bybit Perpetual","long","27383.0","27410.1","0.0628323342763938","1.8935281063819303","1720.5378094904913","-0.1907718474917497","-0.11087919512111367","14400.0","1684166400000.0","1684180800000.0"
"d40edd4d-9598-4c48-a912-dc0f84e41544","TradeIQ220320Strategy","BTC-USDT","Bybit Perpetual","short","27152.5","27240.6","0.06335869763900191","1.8954517871013974","1720.3470376429993","-7.477353049097374","-4.346421324003261","28800.0","1684195200000.0","1684224000000.0"
"79bcf3d6-7925-4258-8fa9-74af8fe57b2a","TradeIQ220320Strategy","BTC-USDT","Bybit Perpetual","short","26973.9","27087.4","0.06350100225009739","1.8881207031187548","1712.869684593902","-9.095484458504808","-5.310085490047787","36000.0","1684249200000.0","1684285200000.0"
"f8c59448-d5cd-4e94-a4b0-9103d0f2b8a9","TradeIQ220320Strategy","BTC-USDT","Bybit Perpetual","short","26831.9","27077.0","0.06349808251131665","1.8827114791618753","1703.7742001353975","-17.446091502685494","-10.239673485664397","36000.0","1684310400000.0","1684346400000.0"
"cdf4df54-ac9d-46ac-af9b-b6c921cd4d4c","TradeIQ220320Strategy","BTC-USDT","Bybit Perpetual","long","27377.1","27211.3","0.06159630160362902","1.8493439527527484","1686.328108632712","-12.062010758634395","-7.152825536671132","36000.0","1684353600000.0","1684389600000.0"
"f2879020-2790-4f4b-8b02-0c41458bc76c","TradeIQ220320Strategy","BTC-USDT","Bybit Perpetual","short","27075.2","26864.1","0.06183762623633722","1.8345130500673155","1674.2660978740776","11.219409848423608","6.701091220009536","50400.0","1684425600000.0","1684476000000.0"
"3d6aef7b-0411-4fb2-8b73-bdd2e5c8841b","TradeIQ220320Strategy","BTC-USDT","Bybit Perpetual","short","26822.4","26904.4","0.06283872836593672","1.8568680851440553","1685.4855077225013","-7.009643811150866","-4.158827696253876","3600.0","1684515600000.0","1684519200000.0"
"91217362-b768-44f4-9e90-e4202eca91c4","TradeIQ220320Strategy","BTC-USDT","Bybit Perpetual","short","26826.4","26897.1","0.06256806220407324","1.848756409401291","1678.4758639113504","-6.272318407229086","-3.7369130781617015","7200.0","1684526400000.0","1684533600000.0"
"c3db8429-c2e0-46ef-bdda-bb71d6d82feb","TradeIQ220320Strategy","BTC-USDT","Bybit Perpetual","short","26834.6","26894.5","0.06231520296572789","1.8414768744162395","1672.2035455041214","-5.574157532063431","-3.333420472077149","28800.0","1684544400000.0","1684573200000.0"
"b47a1064-d605-4dce-9a07-865b0d762eb3","TradeIQ220320Strategy","BTC-USDT","Bybit Perpetual","long","27130.0","27019.0","0.061431234352084696","1.8295419499120689","1666.6293879720579","-8.64840896299347","-5.18916144489495","3600.0","1684605600000.0","1684609200000.0"
"a2fb4eb0-5151-4ae8-9e80-3a8bfe315185","TradeIQ220320Strategy","BTC-USDT","Bybit Perpetual","long","27228.9","27086.8","0.06089048690946252","1.8190201809055615","1657.9809790090642","-10.471558370740318","-6.315849520179007","18000.0","1684630800000.0","1684648800000.0"
"cd05ae39-03aa-4418-ac7d-ce0d9b4017ea","TradeIQ220320Strategy","BTC-USDT","Bybit Perpetual","short","26946.7","26573.1","0.06113956145421606","1.7996974056145443","1647.509420638324","21.04204275368071","12.772031825789512","54000.0","1684666800000.0","1684720800000.0"
"bc0fea6b-1196-436b-b07e-886049eed0f0","TradeIQ220320Strategy","BTC-USDT","Bybit Perpetual","short","26573.1","26809.7","0.0627909977906983","1.8435776022737094","1668.551463392005","-16.699927679553063","-10.008638058788858","18000.0","1684720800000.0","1684738800000.0"
"e0612219-7818-48c2-97fb-1e7c4c075185","TradeIQ220320Strategy","BTC-USDT","Bybit Perpetual","long","27119.3","27271.8","0.060910552105417605","1.8221455618415388","1651.8515357124516","7.4667136342346465","4.520208670577781","36000.0","1684810800000.0","1684846800000.0"
"0afca94c-53e9-463a-b77c-ae48e11637a5","TradeIQ220320Strategy","BTC-USDT","Bybit Perpetual","short","26770.0","26247.6","0.061984245399577365","1.8074407608931482","1659.3182493466861","30.57312903584616","18.42511468061268","39600.0","1684900800000.0","1684940400000.0"
"ecb99d78-1bbf-442d-956d-e4904b30fbed","TradeIQ220320Strategy","BTC-USDT","Bybit Perpetual","short","26247.6","26241.6","0.06438270083293453","1.8586680533080369","1689.8913783825321","-1.4723718483104298","-0.8712819457778999","18000.0","1684940400000.0","1684958400000.0"
"c6a0c949-e2d6-4f28-876b-006fe3763d19","TradeIQ220320Strategy","BTC-USDT","Bybit Perpetual","short","26115.7","26392.0","0.06465149341331924","1.8670856713841988","1688.4190065342214","-19.73029330148426","-11.685661690094436","39600.0","1684980000000.0","1685019600000.0"
"f94e358b-b89a-4434-9e5c-68040a91eea3","TradeIQ220320Strategy","BTC-USDT","Bybit Perpetual","long","26778.1","26707.1","0.06231542615916505","1.8331241671644958","1668.6887132327374","-6.2575194244652135","-3.7499620958917923","3600.0","1685120400000.0","1685124000000.0"
"68e4d471-3606-4913-a62d-1dcb2896f463","TradeIQ220320Strategy","BTC-USDT","Bybit Perpetual","short","26617.8","26658.8","0.06245561969089376","1.8300826874131289","1662.431193808272","-4.390763094739773","-2.6411698186927546","3600.0","1685196000000.0","1685199600000.0"
"a3e17c85-07bc-491c-ab87-1b2c8887ca2f","TradeIQ220320Strategy","BTC-USDT","Bybit Perpetual","short","26654.1","26750.0","0.06220583064945102","1.827125520322491","1658.0404307135323","-7.792664679604934","-4.699924401874438","3600.0","1685206800000.0","1685210400000.0"
"19a7fc0c-f87e-4c32-97d1-4303c29752be","TradeIQ220320Strategy","BTC-USDT","Bybit Perpetual","long","26759.4","27089.4","0.06166983437722548","1.8264656175767868","1650.2477660339275","18.52457972690762","11.2253324065562","18000.0","1685224800000.0","1685242800000.0"
"e9a8eb27-87a9-445c-8081-e814840c52f8","TradeIQ220320Strategy","BTC-USDT","Bybit Perpetual","long","27089.4","27132.9","0.061602410749622916","1.8371234180141034","1668.7723457608352","0.8425814495944932","0.5049109614830891","36000.0","1685242800000.0","1685278800000.0"
"824362fd-04a5-41c5-b963-5bf7de6a0505","TradeIQ220320Strategy","BTC-USDT","Bybit Perpetual","long","27338.1","27828.5","0.06107282244232151","1.8530489816006157","1669.6149272104296","28.097063144113942","16.828469059664037","14400.0","1685296800000.0","1685311200000.0"
"50034e15-f175-401e-8bc3-7340a6c2166e","TradeIQ220320Strategy","BTC-USDT","Bybit Perpetual","long","27828.5","27895.0","0.061006234268988394","1.8697144924083862","1697.7119903545436","2.1872000864793417","1.2883222236196703","36000.0","1685311200000.0","1685347200000.0"
"bdfa19cb-58fb-411b-90a7-15a04ffe9768","TradeIQ220320Strategy","BTC-USDT","Bybit Perpetual","long","27815.0","27721.0","0.06111447745608567","1.8667294910006458","1699.899190441023","-7.611490371872699","-4.477612798849542","14400.0","1685419200000.0","1685433600000.0"
"4dd4220e-5911-42c1-b25d-748602722d1a","TradeIQ220320Strategy","BTC-USDT","Bybit Perpetual","long","27840.0","27609.5","0.06078619612317351","1.85381030006255","1692.2877000691503","-15.865028506454044","-9.374900323275863","18000.0","1685440800000.0","1685458800000.0"
"fbd64522-00f6-445e-b67a-1f2edc90767a","TradeIQ220320Strategy","BTC-USDT","Bybit Perpetual","short","27080.5","27170.0","0.06190515948976926","1.84711222019485","1676.4226715626965","-7.387623994529199","-4.406778863019516","61200.0","1685512800000.0","1685574000000.0"
"7a82dff4-eb79-448f-98f6-8683663e6f8a","TradeIQ220320Strategy","BTC-USDT","Bybit Perpetual","short","26705.1","27080.9","0.06249873797769592","1.8488564164775942","1669.0350475681673","-25.335882148495905","-15.179958135337554","50400.0","1685588400000.0","1685638800000.0"
"685ab49c-bf29-4226-9317-3a6204fc21ce","TradeIQ220320Strategy","BTC-USDT","Bybit Perpetual","short","26779.9","26950.8","0.061378091980166895","1.8138383157173146","1643.6991654196715","-12.303354235127703","-7.485161819125456","7200.0","1685667600000.0","1685674800000.0"
"3947aa70-96fa-4732-b057-96f6e22f29ce","TradeIQ220320Strategy","BTC-USDT","Bybit Perpetual","long","27140.3","27061.0","0.06010971916981551","1.7919137069014068","1631.3958111845438","-6.558614437067733","-4.020247196972741","3600.0","1685685600000.0","1685689200000.0"
"7bcfc3d0-303c-49fb-b76e-507563b2d8e6","TradeIQ220320Strategy","BTC-USDT","Bybit Perpetual","long","27159.9","27074.6","0.0598248593237632","1.7845142331470494","1624.8371967474761","-6.887574733464223","-4.238932212563481","3600.0","1685696400000.0","1685700000000.0"
"f3d9bd90-caec-476d-8aab-95bfd1d8efb1","TradeIQ220320Strategy","BTC-USDT","Bybit Perpetual","long","27183.2","27123.0","0.05952020446503766","1.7777738702455756","1617.9496220140118","-5.3608901790408865","-3.3133851055063688","25200.0","1685732400000.0","1685757600000.0"
"01b0ff82-a85e-4717-a5d5-4712cbb04c57","TradeIQ220320Strategy","BTC-USDT","Bybit Perpetual","long","27149.0","27127.1","0.059397721162288517","1.7731321594670684","1612.588731834971","-3.073942252921273","-1.9062158827213325","18000.0","1685772000000.0","1685790000000.0"
"a3ef4bd6-5be8-4ad7-a52e-3ef743f33673","TradeIQ220320Strategy","BTC-USDT","Bybit Perpetual","long","27292.7","27147.6","0.05897235486346347","1.765759979760376","1609.5147895820496","-10.322648670449055","-6.413515885200153","7200.0","1685808000000.0","1685815200000.0"
"52f6ba39-683f-46c5-8d2c-48ae7326a853","TradeIQ220320Strategy","BTC-USDT","Bybit Perpetual","short","27084.9","27119.1","0.05904367898392095","1.760221966604448","1599.1921409116005","-3.779515787854373","-2.363390671554892","39600.0","1685822400000.0","1685862000000.0"
"12f64019-55f4-4922-9920-cb242df93b3a","TradeIQ220320Strategy","BTC-USDT","Bybit Perpetual","long","27141.0","27102.4","0.0587823818254208","1.753705937669967","1595.412625123746","-4.022705876131125","-2.5214203603403913","57600.0","1685865600000.0","1685923200000.0"
"d9e10b7b-4d0b-4304-a84f-c09d89e29e85","TradeIQ220320Strategy","BTC-USDT","Bybit Perpetual","short","27102.4","26758.5","0.05871767515967644","1.7394227565042994","1591.389919247615","18.453585730908515","11.595892061219724","25200.0","1685923200000.0","1685948400000.0"
"6913e986-0925-420c-8974-d62450752a01","TradeIQ220320Strategy","BTC-USDT","Bybit Perpetual","short","26758.5","26789.9","0.060161948725770256","1.77186685233087","1609.8435049785235","-3.660952042320144","-2.2741043033055464","28800.0","1685948400000.0","1685977200000.0"
"36fd0202-c769-4b15-9b58-e550d62c71fa","TradeIQ220320Strategy","BTC-USDT","Bybit Perpetual","short","25991.9","25524.4","0.061795503712164294","1.7509116393378334","1606.1825529362031","27.138486346098976","16.896265182614584","75600.0","1685980800000.0","1686056400000.0"
"c2fa4df6-318d-474e-966f-c0bc0b619eb0","TradeIQ220320Strategy","BTC-USDT","Bybit Perpetual","short","25524.4","26014.2","0.06399057526454302","1.8138915642810474","1633.3210392823019","-33.15647532885417","-20.300035652160258","7200.0","1686056400000.0","1686063600000.0"
"b3334ea8-3ce6-41b1-8ca0-7f2c1f8cebe0","TradeIQ220320Strategy","BTC-USDT","Bybit Perpetual","long","27073.2","26897.0","0.059105113690049484","1.75445314378109","1600.1645639534477","-12.168774175967853","-7.604701697619815","28800.0","1686081600000.0","1686110400000.0"
"a8159467-9c02-40d3-8be4-bcbffada93e3","TradeIQ220320Strategy","BTC-USDT","Bybit Perpetual","short","26476.5","26888.3","0.0599775570705146","1.7603796856561287","1587.9957897774798","-26.459137687294","-16.661969671217847","7200.0","1686132000000.0","1686139200000.0"
"a06e64bc-b10b-4194-a820-d016ac729314","TradeIQ220320Strategy","BTC-USDT","Bybit Perpetual","short","26430.1","26375.700000000004","0.05908175345875294","1.715922591235719","1561.536652090186","1.4981247969200968","0.9593913757418313","36000.0","1686150000000.0","1686186000000.0"
"d2538921-b648-4833-9349-850fc5248b71","TradeIQ220320Strategy","BTC-USDT","Bybit Perpetual","short","26389.9","26635.8","0.059228522157609785","1.727348616055023","1563.0347768871065","-16.29164221461114","-10.423083641847747","3600.0","1686232800000.0","1686236400000.0"
"4808a037-6d01-4681-b239-91ad62fcd3a8","TradeIQ220320Strategy","BTC-USDT","Bybit Perpetual","short","26445.8","26496.0","0.05848728851736364","1.7030322821757093","1546.7431346724954","-4.639094165747407","-2.9992660460262397","18000.0","1686272400000.0","1686290400000.0"
"57a8572e-05cd-413f-b5d4-14934fd52545","TradeIQ220320Strategy","BTC-USDT","Bybit Perpetual","short","26482.7","26632.5","0.05823062000878868","1.701112065339947","1542.104040506748","-10.42405894265645","-6.759634025231538","3600.0","1686297600000.0","1686301200000.0"
"6428bb8b-b291-4db9-97f8-d956a75803f6","TradeIQ220320Strategy","BTC-USDT","Bybit Perpetual","short","26443.5","25753.6","0.057922740241045684","1.6628694855497372","1531.6799815640916","38.29802900674777","25.003936506135776","36000.0","1686337200000.0","1686373200000.0"
"5c927a77-2b06-4da8-8ee8-ad65c6e8e30e","TradeIQ220320Strategy","BTC-USDT","Bybit Perpetual","short","25753.6","26010.0","0.060961497055589876","1.7355726019427027","1569.9780105708394","-17.366100446996036","-11.061365401342007","46800.0","1686373200000.0","1686420000000.0"
"6c861231-00be-440e-b9b2-206878512fba","TradeIQ220320Strategy","BTC-USDT","Bybit Perpetual","short","25738.2","25859.9","0.060323251436535705","1.711910837971132","1552.6119101238432","-9.05325053779757","-5.8309809932318775","75600.0","1686427200000.0","1686502800000.0"
"422c7dfa-4ff7-4113-9861-74105394fd0c","TradeIQ220320Strategy","BTC-USDT","Bybit Perpetual","short","25762.4","25927.1","0.0599151732597136","1.7033419415143816","1543.5586595860457","-11.571370977389037","-7.496554086575672","21600.0","1686538800000.0","1686560400000.0"
"d2db4de4-a237-4ac5-8fb5-be8c741d3dd8","TradeIQ220320Strategy","BTC-USDT","Bybit Perpetual","short","25790.5","25886.0","0.05940122481567464","1.688306066802966","1531.9872886086569","-7.361123036699894","-4.804950466256955","25200.0","1686578400000.0","1686603600000.0"
"bd6a5037-131a-4f82-8268-aba18fdef7d7","TradeIQ220320Strategy","BTC-USDT","Bybit Perpetual","short","25975.7","25978.200000000004","0.05869432452530468","1.6771694868253748","1524.6261655719568","-1.82390529813885","-1.1962967311758157","36000.0","1686668400000.0","1686704400000.0"
"edd774bb-6053-40b3-9fca-b16ee9676b9c","TradeIQ220320Strategy","BTC-USDT","Bybit Perpetual","short","25833.2","25972.1","0.05894748851376594","1.6795857796862093","1522.8022602738183","-9.867391934248168","-6.479759185853777","14400.0","1686722400000.0","1686736800000.0"
"711ec964-ff02-484a-9ef5-562d4d44dcee","TradeIQ220320Strategy","BTC-USDT","Bybit Perpetual","short","25905.1","24920.1","0.05840297348165304","1.6325885442898418","1512.9348683395701","55.89434033513841","36.944313667965","7200.0","1686769200000.0","1686776400000.0"
"d73cbc53-38f3-439c-8df1-a6a26e2788b2","TradeIQ220320Strategy","BTC-USDT","Bybit Perpetual","short","24920.1","25383.3","0.06295437051515478","1.7417503849746203","1568.8292086747085","-30.90221480759436","-19.69762842043173","79200.0","1686776400000.0","1686855600000.0"
"5ff14453-d5de-451f-9a3e-e02f257166e7","TradeIQ220320Strategy","BTC-USDT","Bybit Perpetual","long","25950.2","26679.4","0.05926455263801875","1.7154883347348295","1537.926993867114","41.500223448908486","26.98452112122453","46800.0","1686934800000.0","1686981600000.0"
"100a713b-3730-4cc6-8b01-fec857f5b568","TradeIQ220320Strategy","BTC-USDT","Bybit Perpetual","long","26679.4","26511.3","0.05920025252876836","1.7318965797000776","1579.4272173160225","-11.683459029786167","-7.397275988215708","25200.0","1686981600000.0","1687006800000.0"
"2bbd3a42-550c-4f0f-8afa-8e3987004e27","TradeIQ220320Strategy","BTC-USDT","Bybit Perpetual","long","26524.3","26461.8","0.05910594278779219","1.7224863673315296","1567.7437582862362","-5.416607791568541","-3.4550338745980103","54000.0","1687068000000.0","1687122000000.0"
"1c2edbf3-1b29-422a-9605-693c05d096e4","TradeIQ220320Strategy","BTC-USDT","Bybit Perpetual","long","26521.4","26413.6","0.05890817040181392","1.7150672001210108","1562.3271504946676","-8.065367969436721","-5.162406584871194","7200.0","1687179600000.0","1687186800000.0"
"b5f08597-5c35-4f16-b85a-e08e2b149ce6","TradeIQ220320Strategy","BTC-USDT","Bybit Perpetual","long","26655.0","26771.7","0.05831032761302686","1.7134306091555964","1554.261782525231","5.09138462328468","3.275757456387196","46800.0","1687197600000.0","1687244400000.0"
"06615175-6090-4ddf-8451-4871ff31576b","TradeIQ220320Strategy","BTC-USDT","Bybit Perpetual","long","27054.2","27784.0","0.057638117820838","1.738423847975473","1559.3531671485155","40.32587453767205","25.860642340191138","7200.0","1687276800000.0","1687284000000.0"
"cad5e44a-38f4-4267-b592-b90ca736213e","TradeIQ220320Strategy","BTC-USDT","Bybit Perpetual","long","27784.0","28776.5","0.05757554857782132","1.7910759984347249","1599.6790416861877","55.35265596505293","34.60235117333717","28800.0","1687284000000.0","1687312800000.0"
"631c5674-194d-4925-aa1f-6c5b8e82b54a","TradeIQ220320Strategy","BTC-USDT","Bybit Perpetual","long","28776.5","28913.5","0.05751330765212033","1.8248684951479521","1655.0316976512406","6.054454653192533","3.6582106927527667","36000.0","1687312800000.0","1687348800000.0"
"601101b1-0b0c-4bab-902f-3c5a50ba9c01","TradeIQ220320Strategy","BTC-USDT","Bybit Perpetual","long","29296.7","30455.1","0.056698746012500835","1.8633186725943611","1661.0861523044332","63.81650870828648","38.4185423614263","46800.0","1687356000000.0","1687402800000.0"
"0a813149-446e-4d13-bd43-d057d95b1c54","TradeIQ220320Strategy","BTC-USDT","Bybit Perpetual","long","30455.1","30120.0","0.05663756352836536","1.8869543409678966","1724.9026610127198","-20.866201879323047","-12.097031531664602","14400.0","1687402800000.0","1687417200000.0"
"10a019fd-425e-47a3-976d-0644a1b83edb","TradeIQ220320Strategy","BTC-USDT","Bybit Perpetual","long","30208.8","29917.6","0.05640861136931612","1.8654057018498267","1704.0364591333966","-18.291593332594722","-10.734273456741107","10800.0","1687464000000.0","1687474800000.0"
"45c6eb90-9924-4c93-8695-5317da914769","TradeIQ220320Strategy","BTC-USDT","Bybit Perpetual","long","29923.9","29927.0","0.05633439711403934","1.8544154025279616","1685.744865800802","-1.6797787714745216","-0.9964608557040178","21600.0","1687485600000.0","1687507200000.0"
"2ed94e2f-fc8f-4569-91bd-8bcb42fd3e91","TradeIQ220320Strategy","BTC-USDT","Bybit Perpetual","long","30138.1","31232.899999999998","0.05587827656784361","1.8861181411848218","1684.0650870293275","59.28941904529032","35.206132768820844","21600.0","1687514400000.0","1687536000000.0"
"d5e37cb9-0c81-4cd8-9e72-098e7078e996","TradeIQ220320Strategy","BTC-USDT","Bybit Perpetual","long","31232.9","30631.9","0.0558178877425605","1.8992393538887766","1743.354506074618","-35.445789887167635","-20.33194612091736","25200.0","1687536000000.0","1687561200000.0"
"602fad43-3651-412b-8c98-7feed7067859","TradeIQ220320Strategy","BTC-USDT","Bybit Perpetual","long","30591.099999999995","30609.4","0.05583024854246662","1.8792615192577757","1707.9087161874504","-0.857567970930271","-0.5021158114612897","32400.0","1687658400000.0","1687690800000.0"
"7db5e56d-df89-45ff-bcb9-6c052a6dd147","TradeIQ220320Strategy","BTC-USDT","Bybit Perpetual","long","30474.8","30395.6","0.05601517149305393","1.8753162421679344","1707.0511482165198","-6.311717824417846","-3.6974391956633252","3600.0","1687762800000.0","1687766400000.0"
"e8ab3629-e442-414a-95dd-ecb0093068a8","TradeIQ220320Strategy","BTC-USDT","Bybit Perpetual","long","30631.2","30384.000000000004","0.055523108150908294","1.8632644516471148","1700.7394303921021","-15.588576786551483","-9.165764318733745","3600.0","1687788000000.0","1687791600000.0"
"fceb11b5-7054-42a5-bbe1-a5040e59b881","TradeIQ220320Strategy","BTC-USDT","Bybit Perpetual","long","30473.3","30313.0","0.05529925717285461","1.8487904799574606","1685.1508536055503","-10.713261404766016","-6.357449472160853","10800.0","1687834800000.0","1687845600000.0"
"e9c52c8c-2456-4a6b-a833-d6628f11fc43","TradeIQ220320Strategy","BTC-USDT","Bybit Perpetual","long","30404.5","30683.2","0.05507203184399626","1.85032306782207","1674.4375922007844","13.498252207099728","8.06136476508414","57600.0","1687852800000.0","1687910400000.0"
"283753f1-be48-4dc1-b81c-601194f6a644","TradeIQ220320Strategy","BTC-USDT","Bybit Perpetual","long","30399.8","30242.4","0.055524570701382385","1.8519226667630542","1687.9358444078841","-10.59149009516052","-6.274817926433656","3600.0","1687968000000.0","1687971600000.0"
"0b4c51fe-ece4-4dad-a1de-88375f0e422b","TradeIQ220320Strategy","BTC-USDT","Bybit Perpetual","long","30333.9","30386.4","0.05529603362286826","1.8466754627148563","1677.3443543127235","1.0563663024857275","0.6297849930276028","46800.0","1688025600000.0","1688072400000.0"
"d3d2d284-1a30-42ba-a8b1-fa01c2463480","TradeIQ220320Strategy","BTC-USDT","Bybit Perpetual","long","30734.3","30120.0","0.054610019444568746","1.827789978457091","1678.4007206152091","-35.374724923255634","-21.076447649694295","36000.0","1688097600000.0","1688133600000.0"
"b2b0a6ec-57bb-4797-9f98-3df2143e821c","TradeIQ220320Strategy","BTC-USDT","Bybit Perpetual","long","30550.0","30505.199999999997","0.05378153832052221","1.8060034181569313","1643.0259956919535","-4.215416334916483","-2.5656418985271006","50400.0","1688220000000.0","1688270400000.0"
"a951756a-5f30-4bf5-94fd-7efc470e911b","TradeIQ220320Strategy","BTC-USDT","Bybit Perpetual","long","30537.2","30510.1","0.053666039432463924","1.8018917449750003","1638.8105793570373","-3.25624141359489","-1.986954108431755","7200.0","1688299200000.0","1688306400000.0"
"aa2181b1-f49d-4c5e-9b31-c5d620188a26","TradeIQ220320Strategy","BTC-USDT","Bybit Perpetual","long","30586.5","30491.399999999998","0.05347307923245361","1.7963128623285332","1635.5543379434423","-6.881602697334989","-4.207504781521331","3600.0","1688310000000.0","1688313600000.0"
"1efa0db1-190f-49f8-9725-a6ccc40697b1","TradeIQ220320Strategy","BTC-USDT","Bybit Perpetual","long","30558.4","30434.2","0.053297055318541134","1.7878992869219088","1628.6727352461075","-8.407393557484756","-5.162113526886247","3600.0","1688317200000.0","1688320800000.0"
"f0bb0f09-39eb-4f31-a8ef-3a82cae460eb","TradeIQ220320Strategy","BTC-USDT","Bybit Perpetual","long","30552.8","31068.0","0.0530316482184488","1.7973189236966647","1620.2653416886226","25.524586238448197","15.753337173679686","72000.0","1688328000000.0","1688400000000.0"
"9f792369-f4e5-4f04-bb55-a8cc3c939f84","TradeIQ220320Strategy","BTC-USDT","Bybit Perpetual","long","31068.0","31043.7","0.052973797087906234","1.8096609259216985","1645.789927927071","-3.0969241951577815","-1.8817250869061182","46800.0","1688400000000.0","1688446800000.0"
"1149f17e-a3fc-4dda-b731-23c2d1accc63","TradeIQ220320Strategy","BTC-USDT","Bybit Perpetual","short","30421.0","30507.7","0.053998652369478754","1.8095372298433432","1642.6930037319132","-6.49122039027719","-3.9515724335163447","25200.0","1688554800000.0","1688580000000.0"
"fb340b24-920c-4fa4-b357-711e71608f63","TradeIQ220320Strategy","BTC-USDT","Bybit Perpetual","short","30420.0","30488.4","0.053787040872506124","1.8018454301534237","1636.2017833416362","-5.480879025832921","-3.3497573964497525","14400.0","1688587200000.0","1688601600000.0"
"f6ddd9df-b4f4-4707-834f-fdd6f01a0d83","TradeIQ220320Strategy","BTC-USDT","Bybit Perpetual","long","30575.5","31325.5","0.0533342350678093","1.815793366712855","1630.7209043158032","38.18488293414412","23.415952314761824","10800.0","1688623200000.0","1688634000000.0"
"c7185633-6430-4334-b692-cb902ec204ce","TradeIQ220320Strategy","BTC-USDT","Bybit Perpetual","long","31325.5","30833.0","0.053276269724344294","1.8213651564133602","1668.9057872499473","-28.059927995652924","-16.81336850169989","10800.0","1688634000000.0","1688644800000.0"
"2809fb45-de74-4a6f-85e9-4a91444744d8","TradeIQ220320Strategy","BTC-USDT","Bybit Perpetual","short","30361.5","30196.0","0.054043636159422107","1.8000111231983125","1640.8458592542943","7.1442106611860465","4.353980369876323","57600.0","1688652000000.0","1688709600000.0"
"e4cfc675-1c54-4899-addf-11bd1cc8b815","TradeIQ220320Strategy","BTC-USDT","Bybit Perpetual","short","30227.0","30261.9","0.05452046415176763","1.8138355972164217","1647.9900699154803","-3.7165997961131914","-2.255231911866922","14400.0","1688792400000.0","1688806800000.0"
"8daca844-cd79-4e11-b14c-330bbaf8f1de","TradeIQ220320Strategy","BTC-USDT","Bybit Perpetual","short","30210.5","30245.4","0.05442721802417593","1.809745547581278","1644.273470119367","-3.7092554566250975","-2.2558628622499284","21600.0","1688814000000.0","1688835600000.0"
"68c97bd1-8232-458a-a2db-ad447def0ddb","TradeIQ220320Strategy","BTC-USDT","Bybit Perpetual","short","30100.0","30212.0","0.05450379450706783","1.8079780698706513","1640.5642146627417","-7.912403054662249","-4.822976744186047","10800.0","1688846400000.0","1688857200000.0"
"6b5410f9-c009-4911-8a44-5b3aa29963eb","TradeIQ220320Strategy","BTC-USDT","Bybit Perpetual","short","30246.3","30126.9","0.05397856305095432","1.7923722205333315","1632.6518116080795","4.652668207750496","2.849761458426248","54000.0","1688929200000.0","1688983200000.0"
"4be2e41f-35aa-4623-a621-0515638ab92d","TradeIQ220320Strategy","BTC-USDT","Bybit Perpetual","long","30336.0","30264.4","0.05397232594329608","1.798909497601766","1637.3044798158298","-5.663328035141687","-3.4589339398733703","3600.0","1689008400000.0","1689012000000.0"
"2fe60006-aedd-41a6-9b39-5bd50ff0169a","TradeIQ220320Strategy","BTC-USDT","Bybit Perpetual","long","30519.3","30282.7","0.05346260077330372","1.787848178720127","1631.6411517806882","-14.43709952168371","-8.848207527695543","10800.0","1689015600000.0","1689026400000.0"
"95ee6eed-e650-4267-975a-aee1cf609517","TradeIQ220320Strategy","BTC-USDT","Bybit Perpetual","short","30282.7","30332.1","0.05340356217440995","1.7803754322691834","1617.2040522590044","-4.418511403684919","-2.732191647376153","3600.0","1689026400000.0","1689030000000.0"
"cf1840f4-0165-4702-997b-fb877a68b046","TradeIQ220320Strategy","BTC-USDT","Bybit Perpetual","long","30585.5","30510.2","0.052730396457645594","1.771880265571558","1612.7855408553194","-5.742479118832232","-3.5605968514491924","86400.0","1689091200000.0","1689177600000.0"
"873dd85c-3b7f-49d2-b969-7764a3949c6e","TradeIQ220320Strategy","BTC-USDT","Bybit Perpetual","short","30268.1","30560.200000000004","0.05309362205544739","1.7762771237614539","1607.043061736487","-17.284924126157946","-10.755731777019562","50400.0","1689192000000.0","1689242400000.0"
"9a48030a-0ddd-4b78-87ad-f75e83fe027d","TradeIQ220320Strategy","BTC-USDT","Bybit Perpetual","long","30560.2","31247.7","0.05202054101773971","1.768404218443695","1589.7581376103292","33.995717731252356","21.384207400475123","32400.0","1689242400000.0","1689274800000.0"
"aa531647-3096-404a-8eaa-7d3a2e85f174","TradeIQ220320Strategy","BTC-USDT","Bybit Perpetual","long","31247.7","31378.3","0.05196394791749734","1.7898618112546538","1623.7538553415816","4.996629786770423","3.0772088825737103","36000.0","1689274800000.0","1689310800000.0"
"9b94c36f-1db9-4a61-9c00-532d9a5053dc","TradeIQ220320Strategy","BTC-USDT","Bybit Perpetual","short","30074.7","30323.0","0.05415683232512218","1.7990214614476676","1628.750485128352","-15.246162927775465","-9.360649815293229","25200.0","1689361200000.0","1689386400000.0"
"ddde58e3-6a1c-4f33-882d-bfed9ed7da28","TradeIQ220320Strategy","BTC-USDT","Bybit Perpetual","short","30239.199999999997","30273.4","0.05335803599964869","1.7758584190777877","1613.5043222005766","-3.600703250266006","-2.231604341384837","28800.0","1689476400000.0","1689505200000.0"
"828e4ab7-6025-46f9-b8f0-781317c1819c","TradeIQ220320Strategy","BTC-USDT","Bybit Perpetual","short","30216.8","30295.9","0.05327842852156121","1.7732118588781722","1609.9036189503106","-5.98753555493378","-3.719188828731109","14400.0","1689552000000.0","1689566400000.0"
"8e71f321-5412-4cde-ae62-46ff46e9c12d","TradeIQ220320Strategy","BTC-USDT","Bybit Perpetual","short","30250.6","30276.0","0.053020967630241285","1.7650483946527094","1603.916083395377","-3.111780972460915","-1.9401145762398584","28800.0","1689573600000.0","1689602400000.0"
"edb8e595-6931-4ff2-897f-6d3be75be222","TradeIQ220320Strategy","BTC-USDT","Bybit Perpetual","short","30163.4","30229.9","0.05307108291581573","1.7628258075228538","1600.8043024229162","-5.292052821424599","-3.3058711882612704","21600.0","1689609600000.0","1689631200000.0"
"1b2f672c-6255-4290-92e2-b3cb90f50016","TradeIQ220320Strategy","BTC-USDT","Bybit Perpetual","short","29871.9","29845.6","0.05341181008243504","1.7542908727287982","1595.5122496014915","-0.3495602675606011","-0.21908967959845513","43200.0","1689681600000.0","1689724800000.0"
"166d511f-2c9e-4d6d-9d4e-93b0d48ce538","TradeIQ220320Strategy","BTC-USDT","Bybit Perpetual","short","29939.2","29984.5","0.05328007058752173","1.756006431226012","1595.1626893339308","-4.169593628840708","-2.613898667967056","3600.0","1689771600000.0","1689775200000.0"
"a30fc146-2110-4f6b-8fa6-c379c1b7c98f","TradeIQ220320Strategy","BTC-USDT","Bybit Perpetual","short","29810.9","29980.1","0.05336950899520276","1.7550589717826925","1590.99309570509","-10.785179893770845","-6.778897986977821","10800.0","1689778800000.0","1689789600000.0"
"bd15123b-9ca3-4b17-a1c6-d2d0dd488ef5","TradeIQ220320Strategy","BTC-USDT","Bybit Perpetual","short","29895.5","29985.0","0.05285771824559947","1.7408306285730906","1580.207915811319","-6.471596411554243","-4.0954081717984305","3600.0","1689811200000.0","1689814800000.0"
"5a2690db-0233-4a31-8fb4-cbf3d998d390","TradeIQ220320Strategy","BTC-USDT","Bybit Perpetual","short","29937.0","30112.2","0.052568270681757186","1.7361754299026355","1573.7363193997649","-10.946136453346533","-6.955508567992809","7200.0","1689825600000.0","1689832800000.0"
"f1d71a9c-e30a-4930-af98-5971c0c52d70","TradeIQ220320Strategy","BTC-USDT","Bybit Perpetual","long","30253.0","30210.700000000004","0.051657362342459205","1.717867392706163","1562.7901829464183","-3.9029738197919617","-2.4974394274946494","14400.0","1689843600000.0","1689858000000.0"
"50319ff1-45f3-437d-b31b-7aa452e6a4b2","TradeIQ220320Strategy","BTC-USDT","Bybit Perpetual","short","29766.7","29854.4","0.0523701723444865","1.7173020053023254","1558.8872091266264","-6.310166119913829","-4.0478657358726595","79200.0","1689865200000.0","1689944400000.0"
"71e3b653-99a2-4596-b194-a0d86d69ffd5","TradeIQ220320Strategy","BTC-USDT","Bybit Perpetual","short","29874.1","29883.899999999998","0.05197067168573154","1.70811486922777","1552.5770430067125","-2.217427451747901","-1.428223779126376","14400.0","1690027200000.0","1690041600000.0"
"d8af88ef-c244-426f-89b4-2d31431dc861","TradeIQ220320Strategy","BTC-USDT","Bybit Perpetual","short","29824.0","29817.2","0.05198362444859725","1.705201158355023","1550.3596155549644","-1.3517125121045996","-0.8718703057940157","28800.0","1690048800000.0","1690077600000.0"
"6b66d9a2-14d7-44ec-8204-b83fc548113f","TradeIQ220320Strategy","BTC-USDT","Bybit Perpetual","long","30110.1","29940.9","0.051444794372747356","1.6991212407828185","1549.00790304286","-10.403580448651521","-6.7162862295375","14400.0","1690135200000.0","1690149600000.0"
"64d276ed-8591-4416-8a6b-dab06ca709f2","TradeIQ220320Strategy","BTC-USDT","Bybit Perpetual","short","29940.9","30004.4","0.05138804520218859","1.6942594823323158","1538.6043225942085","-4.957400352671291","-3.2220111953882475","3600.0","1690149600000.0","1690153200000.0"
"efdab496-ab3f-4311-9619-6a766443c63a","TradeIQ220320Strategy","BTC-USDT","Bybit Perpetual","short","29904.8","29162.0","0.05128430627329183","1.6660599239808007","1533.6469222415374","36.42792277582033","23.752483213397156","28800.0","1690164000000.0","1690192800000.0"
"04bac716-2a88-4c91-b7b9-57b1a30cfb96","TradeIQ220320Strategy","BTC-USDT","Bybit Perpetual","short","29162.0","29158.5","0.053839751903756866","1.726978687996679","1570.0748450173578","-1.53853955633353","-0.9799147863658187","43200.0","1690192800000.0","1690236000000.0"
"d5dd767c-cf2d-4f41-99b6-0dc547aa5336","TradeIQ220320Strategy","BTC-USDT","Bybit Perpetual","short","29219.9","29280.1","0.05368041319309869","1.7271672944879506","1568.5363054610245","-4.9587281687123355","-3.1613728999756017","21600.0","1690318800000.0","1690340400000.0"
"55097bb9-51ea-4aed-a68b-758a7752bea9","TradeIQ220320Strategy","BTC-USDT","Bybit Perpetual","short","29198.599999999995","29217.3","0.05354974475804704","1.72048609414638","1563.577577292312","-2.7218663211220937","-1.7407939079272423","21600.0","1690354800000.0","1690376400000.0"
"681f3e87-5497-4378-9574-c21d6839acc6","TradeIQ220320Strategy","BTC-USDT","Bybit Perpetual","short","29336.0","29203.2","0.05320615322372479","1.7130551046368487","1560.8557109711903","5.352722043473765","3.4293509680937846","68400.0","1690470000000.0","1690538400000.0"
"19c20a04-cbe1-4786-9f6d-1017019f6701","TradeIQ220320Strategy","BTC-USDT","Bybit Perpetual","short","29245.4","29297.7","0.05355400962252744","1.7243697574029224","1566.208433014664","-4.525244460661069","-2.889299000868488","3600.0","1690567200000.0","1690570800000.0"
"39f66f2f-17ff-4b54-830d-510eca77f816","TradeIQ220320Strategy","BTC-USDT","Bybit Perpetual","short","29283.0","29296.3","0.05333071026035594","1.7182416215549579","1561.683188554003","-2.4275400680176533","-1.5544382406173987","32400.0","1690617600000.0","1690650000000.0"
"66a76ecf-0b3f-4056-b03b-5e1bf3b90e13","TradeIQ220320Strategy","BTC-USDT","Bybit Perpetual","short","29299.8","29309.499999999996","0.053217279588460856","1.7154651275211883","1559.2556484859854","-2.231672739529104","-1.4312423634290028","7200.0","1690686000000.0","1690693200000.0"
"f4786b00-0646-4f34-814c-f4784b3ce25c","TradeIQ220320Strategy","BTC-USDT","Bybit Perpetual","short","29296.7","29301.299999999996","0.05314673583531442","1.7128608345627652","1557.023975746456","-1.9573358194049408","-1.2571006290809172","21600.0","1690696800000.0","1690718400000.0"
"2df6ff3e-d874-4006-9b55-55a423b626e0","TradeIQ220320Strategy","BTC-USDT","Bybit Perpetual","short","29273.3","29377.2","0.05312235518124199","1.7136089809065884","1555.066639927051","-7.233021684237709","-4.651261559168303","3600.0","1690725600000.0","1690729200000.0"
"a1a04bfc-3fab-47f8-8aa2-7c50d60e11ec","TradeIQ220320Strategy","BTC-USDT","Bybit Perpetual","short","29187.2","29449.7","0.053031247198868446","1.7102733663814311","1547.8336182428131","-15.630975756084398","-10.098614975057558","18000.0","1690747200000.0","1690765200000.0"
"e1fad730-b454-4b27-af4e-d5adeae09f55","TradeIQ220320Strategy","BTC-USDT","Bybit Perpetual","long","29449.7","29411.8","0.052027784408219056","1.6843383875694125","1532.2026424867288","-3.6561914166409903","-2.3862322875955084","10800.0","1690765200000.0","1690776000000.0"
"04d13796-cfda-4155-83a6-efc2b16bdf6e","TradeIQ220320Strategy","BTC-USDT","Bybit Perpetual","long","29456.9","29352.6","0.05189094748836734","1.6784243719744265","1528.5464510700879","-7.090650195011291","-4.638818918487788","3600.0","1690808400000.0","1690812000000.0"
"51a9cde0-16fe-4421-93c1-7f1859164dbc","TradeIQ220320Strategy","BTC-USDT","Bybit Perpetual","short","29204.799999999996","28853.0","0.0520960869745753","1.6635213090938739","1521.4558008750766","16.66388208856149","10.95259032761723","64800.0","1690826400000.0","1690891200000.0"
"6f911707-4c25-4474-883f-08d140163e54","TradeIQ220320Strategy","BTC-USDT","Bybit Perpetual","short","28853.0","28922.099999999995","0.05330883038032919","1.6939576533586065","1538.1196829636383","-5.377597832639083","-3.4962154715279143","18000.0","1690891200000.0","1690909200000.0"
"226a3da0-6b38-414c-a518-8cf6db24232c","TradeIQ220320Strategy","BTC-USDT","Bybit Perpetual","long","29701.199999999997","29481.5","0.0516053925474728","1.6797805560356254","1532.7420851309992","-13.01748529871525","-8.492939174174683","32400.0","1690934400000.0","1690966800000.0"
"b081cfb4-b88d-42a9-a29b-14bd1fc3c778","TradeIQ220320Strategy","BTC-USDT","Bybit Perpetual","short","29263.0","29141.0","0.05193331510208399","1.6682123343721624","1519.7245998322837","4.667652108082084","3.071380241260295","68400.0","1690988400000.0","1691056800000.0"
"48a1845c-ff24-4894-b76b-55d0e7910007","TradeIQ220320Strategy","BTC-USDT","Bybit Perpetual","long","29380.1","29244.4","0.05188519616816709","1.6729590255183915","1524.392251940366","-8.713780145538514","-5.7162322456355525","3600.0","1691074800000.0","1691078400000.0"
"167bcff0-e9da-4f30-97aa-a05975e219ad","TradeIQ220320Strategy","BTC-USDT","Bybit Perpetual","short","29220.8","29222.1","0.051869848593975094","1.6672834059160548","1515.6784717948274","-1.7347142090881846","-1.144513326123832","7200.0","1691103600000.0","1691110800000.0"
"5c296e74-e4b4-4ad6-aabb-0622a0cfd5ea","TradeIQ220320Strategy","BTC-USDT","Bybit Perpetual","short","29184.3","29225.1","0.05187528080460176","1.6665022146455684","1513.9437575857391","-3.7830136714732827","-2.4987808513481315","14400.0","1691114400000.0","1691128800000.0"
"4b7aca36-cf9f-47fd-bab9-dafeb5121b0f","TradeIQ220320Strategy","BTC-USDT","Bybit Perpetual","short","29201.6","29208.7","0.05171499999706406","1.661378765380681","1510.1607439142658","-2.028555265359949","-1.3432710878856704","18000.0","1691136000000.0","1691154000000.0"
"1f9dc234-697b-4a1e-ab90-20c98b8a7436","TradeIQ220320Strategy","BTC-USDT","Bybit Perpetual","short","29048.1","29058.9","0.051918445221852925","1.6592538030784145","1508.1321886489059","-2.2199730114745773","-1.4720016111209655","72000.0","1691175600000.0","1691247600000.0"
"5332d128-46ab-4e64-9532-5b2f220de356","TradeIQ220320Strategy","BTC-USDT","Bybit Perpetual","short","29002.0","29078.599999999995","0.051924426440846536","1.658691013287127","1505.9122156374312","-5.636102078655707","-3.742649817253807","10800.0","1691330400000.0","1691341200000.0"
"180d44a1-9270-49ab-b083-16b9f2724093","TradeIQ220320Strategy","BTC-USDT","Bybit Perpetual","short","29046.4","29133.5","0.05165101746029715","1.6527780669060883","1500.2761135587753","-6.151581687697894","-4.100299692905094","3600.0","1691370000000.0","1691373600000.0"
"1b12a096-6f6e-4b84-9c94-8ab85d630daa","TradeIQ220320Strategy","BTC-USDT","Bybit Perpetual","short","29081.0","29134.5","0.05137803142502244","1.6450487836328667","1494.1245318710776","-4.3937734648715665","-2.9407009731439766","3600.0","1691402400000.0","1691406000000.0"
"03654711-7219-4ae3-8e1e-e7a304751ed2","TradeIQ220320Strategy","BTC-USDT","Bybit Perpetual","short","29070.2","29080.0","0.05124597554905731","1.6389800500550362","1489.730758406206","-2.1411906104357605","-1.4373003969700682","21600.0","1691413200000.0","1691434800000.0"
"bf3e3579-6203-4b14-8879-2c358a360a21","TradeIQ220320Strategy","BTC-USDT","Bybit Perpetual","long","29186.5","29170.6","0.05096841237543968","1.635902805809124","1487.58956779577","-2.4463005625786893","-1.644472787076267","7200.0","1691442000000.0","1691449200000.0"
"46b4bcdc-60fd-4aeb-8156-0dfc0796412b","TradeIQ220320Strategy","BTC-USDT","Bybit Perpetual","long","29202.700000000004","29140.8","0.050856368323243785","1.6319261888969456","1485.1432672331914","-4.779935388105995","-3.2185012002316604","7200.0","1691452800000.0","1691460000000.0"
"aa5080fb-c692-41fa-ae96-225bcf1dfe9c","TradeIQ220320Strategy","BTC-USDT","Bybit Perpetual","long","29216.800000000003","29169.299999999996","0.0506682227980164","1.6270759577089962","1480.3633318450857","-4.033816540615144","-2.724882772925415","14400.0","1691470800000.0","1691485200000.0"
"9580680b-f987-4870-8b9a-6bf65d44803f","TradeIQ220320Strategy","BTC-USDT","Bybit Perpetual","long","29289.1","29732.2","0.05040542438328494","1.6362465207842467","1476.329515304471","20.69839702344942","14.020174228638032","21600.0","1691492400000.0","1691514000000.0"
"163b029b-d5b0-478b-919e-533aab757d0b","TradeIQ220320Strategy","BTC-USDT","Bybit Perpetual","long","29732.2","29756.400000000005","0.05035039157303933","1.6474008672725495","1497.0279123279201","-0.4289213912047778","-0.28651529318367425","21600.0","1691514000000.0","1691535600000.0"
"4bcc3948-a97f-4507-aad0-c5693bdee02e","TradeIQ220320Strategy","BTC-USDT","Bybit Perpetual","long","30064.6","29749.4","0.04977944130095578","1.6376291260864533","1496.5989909367152","-17.32810902414757","-11.578324674201454","10800.0","1691586000000.0","1691596800000.0"
"d295da14-cb9a-42b6-99f8-98f170703a86","TradeIQ220320Strategy","BTC-USDT","Bybit Perpetual","long","29669.8","29483.7","0.04985779755551327","1.6220947752350299","1479.2708819125676","-10.900630900315978","-7.368921428523231","3600.0","1691676000000.0","1691679600000.0"
"0028564c-e682-42a6-90d3-991f094ed0c0","TradeIQ220320Strategy","BTC-USDT","Bybit Perpetual","short","29362.7","29400.7","0.050008011899867914","1.6162524435621841","1468.3702510122516","-3.516556895757165","-2.3948707033072574","3600.0","1691722800000.0","1691726400000.0"
"b20d1ebe-8e5a-4882-93d7-cff3e8b74fd9","TradeIQ220320Strategy","BTC-USDT","Bybit Perpetual","long","29459.800000000003","29383.0","0.04972381666258747","1.6092387295123163","1464.8536941164944","-5.428027849199179","-3.7055085234795526","7200.0","1691762400000.0","1691769600000.0"
"f83170cc-726d-417b-b064-bd17b2d1783c","TradeIQ220320Strategy","BTC-USDT","Bybit Perpetual","short","29347.8","29387.799999999996","0.0497286224612167","1.6064622625881717","1459.4256662672954","-3.595607161036659","-2.463713804782518","10800.0","1691773200000.0","1691784000000.0"
"5fdf5dcb-21dd-4b86-93fa-bd291eb1914b","TradeIQ220320Strategy","BTC-USDT","Bybit Perpetual","short","29378.7","29388.0","0.04955393053832398","1.601666533371588","1455.8300591062587","-2.062518087377965","-1.4167299778410642","3600.0","1691809200000.0","1691812800000.0"
"1c7290a9-1640-483c-b79a-9aecb1ea93bc","TradeIQ220320Strategy","BTC-USDT","Bybit Perpetual","long","29426.0","29407.5","0.04940418476921364","1.598641607540742","1453.7675410188806","-2.512619025771194","-1.7283499286345407","14400.0","1691856000000.0","1691870400000.0"
"2d56fc9f-9066-4678-b2b6-9b795e39dc5d","TradeIQ220320Strategy","BTC-USDT","Bybit Perpetual","long","29419.0","29401.800000000003","0.04933053203688465","1.5959137473593517","1451.2549219931095","-2.444398898393624","-1.6843346136849346","18000.0","1691881200000.0","1691899200000.0"
"407f39d6-ce56-4cb2-9d81-6735b6aa168a","TradeIQ220320Strategy","BTC-USDT","Bybit Perpetual","short","29380.5","29386.300000000003","0.0493119764161507","1.5938488806089548","1448.8105230947156","-1.8798583438227723","-1.297518422082773","18000.0","1691931600000.0","1691949600000.0"
"897b341f-30aa-4ae8-ae1f-4059d960ddfa","TradeIQ220320Strategy","BTC-USDT","Bybit Perpetual","long","29426.1","29360.0","0.04917167632648884","1.589836094933133","1446.9306647508931","-4.840083900113974","-3.345069683036439","7200.0","1691956800000.0","1691964000000.0"
"f7e95288-5363-479c-9523-f5552132af27","TradeIQ220320Strategy","BTC-USDT","Bybit Perpetual","short","29307.0","29390.0","0.04920635277752002","1.5885459089401512","1442.0905808507794","-5.672673189474313","-3.9336455454328316","18000.0","1691967600000.0","1691985600000.0"
"ea752024-25b1-4285-9fc0-677cd9d4effb","TradeIQ220320Strategy","BTC-USDT","Bybit Perpetual","long","29390.0","29372.0","0.04887437589864937","1.5795758421060389","1436.417907661305","-2.459314608281727","-1.7121163661109218","32400.0","1691985600000.0","1692018000000.0"
"3b749f5c-ced2-4c93-afb5-593c6fd9d61c","TradeIQ220320Strategy","BTC-USDT","Bybit Perpetual","long","29523.7","29315.2","0.04856974542665802","1.571784716801524","1433.9585930530234","-11.698576638259722","-8.158238804756856","14400.0","1692025200000.0","1692039600000.0"
"52d5172d-72ef-4ad3-b757-8d0519478dd5","TradeIQ220320Strategy","BTC-USDT","Bybit Perpetual","short","29315.2","29390.3","0.048516128711888845","1.5664899767526848","1422.2600164147639","-5.210051243015466","-3.6632199336862294","10800.0","1692039600000.0","1692050400000.0"
"953f52ba-d883-4112-a514-57fce80b8bc2","TradeIQ220320Strategy","BTC-USDT","Bybit Perpetual","short","29372.3","29396.9","0.04824443319630224","1.559407708870069","1417.0499651717482","-2.7462207654992095","-1.9379844275049","18000.0","1692068400000.0","1692086400000.0"
"1f8cf174-049c-4200-b3e7-66480e75fa48","TradeIQ220320Strategy","BTC-USDT","Bybit Perpetual","short","29357.1","29442.6","0.04817586697617439","1.5579995889914287","1414.303744406249","-5.677036215454339","-4.014014837977865","10800.0","1692100800000.0","1692111600000.0"
"e0420376-1e3a-4d60-8d4e-ad109171e401","TradeIQ220320Strategy","BTC-USDT","Bybit Perpetual","short","29271.9","29161.8","0.04812214814176034","1.5465753423291497","1408.6267081907947","3.751673168078769","2.6633551289804274","93600.0","1692118800000.0","1692212400000.0"
"37534c38-8321-4125-9ae6-f819a335f57f","TradeIQ220320Strategy","BTC-USDT","Bybit Perpetual","short","28961.8","28613.0","0.04876694063762865","1.5442607696028383","1412.3783813588734","15.465648124802","10.95007423571737","39600.0","1692219600000.0","1692259200000.0"
"4ee724bf-e58c-413c-888f-6c379fb2707d","TradeIQ220320Strategy","BTC-USDT","Bybit Perpetual","short","28613.0","27920.9","0.04990193371836841","1.5516330118524775","1427.8440294836753","32.98549531463022","23.101609583056597","28800.0","1692259200000.0","1692288000000.0"
"4f084aaf-7c44-4fb5-b684-09ae40d49673","TradeIQ220320Strategy","BTC-USDT","Bybit Perpetual","short","27920.9","26249.9","0.05232028784166361","1.5588275167372552","1460.8295247983056","85.86837346668264","58.78055721699514","21600.0","1692288000000.0","1692309600000.0"
"3f3e5faf-7ee8-4946-95e7-d7ee52258155","TradeIQ220320Strategy","BTC-USDT","Bybit Perpetual","short","26249.9","26427.7","0.05892204916075826","1.7071296752789178","1546.6978982649882","-12.183470016061692","-7.87708448413134","28800.0","1692309600000.0","1692338400000.0"
"e7b88e7d-6506-4207-9b9a-ac0dbfd58e91","TradeIQ220320Strategy","BTC-USDT","Bybit Perpetual","short","25824.0","26201.0","0.05942202711620688","1.7002870283963647","1534.5144282489264","-24.102391251206356","-15.706852153035936","32400.0","1692428400000.0","1692460800000.0"
"2fef5271-c631-423f-8869-af0844dc81e6","TradeIQ220320Strategy","BTC-USDT","Bybit Perpetual","short","26109.7","26168.9","0.057848693665485236","1.6633367941632402","1510.41203699772","-5.0879794591600085","-3.3686036224085587","21600.0","1692471600000.0","1692493200000.0"
"0371744e-14a7-41c2-83ad-1a29aacfe2e6","TradeIQ220320Strategy","BTC-USDT","Bybit Perpetual","short","26076.7","26117.9","0.05772678511999447","1.657164552243235","1505.3240575385598","-4.035508099187049","-2.6808234937703284","36000.0","1692590400000.0","1692626400000.0"
"698f6f7c-7d68-4bd3-bbee-f5f68609f7ad","TradeIQ220320Strategy","BTC-USDT","Bybit Perpetual","short","25925.1","26086.2","0.057908688855177914","1.6565484037593232","1501.288549439373","-10.985638178328612","-7.317472835206121","14400.0","1692633600000.0","1692648000000.0"
"b84b14f4-30f7-4d7f-b05c-617ff386d2f7","TradeIQ220320Strategy","BTC-USDT","Bybit Perpetual","short","25980.0","26044.4","0.05736346848579848","1.6413650164409161","1490.3029112610445","-5.3355723869264216","-3.5801932255581774","32400.0","1692716400000.0","1692748800000.0"
"09e7663d-c3c6-408d-b246-437fbdc273ba","TradeIQ220320Strategy","BTC-USDT","Bybit Perpetual","short","26100.1","26164.6","0.05689508235118326","1.6354824258079383","1484.9673388741182","-5.305215237459259","-3.5726140896011893","32400.0","1692889200000.0","1692921600000.0"
"4a95e214-4ea9-4806-806c-23806a238e23","TradeIQ220320Strategy","BTC-USDT","Bybit Perpetual","short","25821.6","26068.3","0.05730327027127131","1.6354035302270826","1479.662123636659","-15.772120306149755","-10.65927150137872","25200.0","1692975600000.0","1693000800000.0"
"ae21f76c-2d6b-4bfa-a292-d619d8ff6039","TradeIQ220320Strategy","BTC-USDT","Bybit Perpetual","short","26034.9","26063.2","0.056227986407879786","1.6111541922719992","1463.8900033305094","-3.202406207614956","-2.18760029806142","3600.0","1693015200000.0","1693018800000.0"
"f6cb76ff-535a-4c44-ac04-a7f02a9a1489","TradeIQ220320Strategy","BTC-USDT","Bybit Perpetual","short","26051.1","26066.8","0.0560700928990674","1.6072405220873676","1460.6875971228947","-2.4875409806027666","-1.7029931557592854","3600.0","1693029600000.0","1693033200000.0"
"aa4c9d17-9194-4e7a-83eb-dd6f1d38fb29","TradeIQ220320Strategy","BTC-USDT","Bybit Perpetual","short","26039.7","26057.0","0.055999111208742486","1.6045528932996722","1458.2000561422917","-2.5733375172108763","-1.7647355768307345","25200.0","1693036800000.0","1693062000000.0"
"6a4179a0-c76e-4cca-8d65-33eae6181df2","TradeIQ220320Strategy","BTC-USDT","Bybit Perpetual","short","26027.0","26026.3","0.055927564399472884","1.601167858375295","1455.6267186250807","-1.5620185632956234","-1.0730900603219455","43200.0","1693069200000.0","1693112400000.0"
"d612b39e-dc7d-41c6-9f68-6a8773cb2254","TradeIQ220320Strategy","BTC-USDT","Bybit Perpetual","short","26058.6","26076.7","0.0557998012196275","1.600026657089105","1454.064700061785","-2.6100030591644847","-1.7949703744637928","3600.0","1693173600000.0","1693177200000.0"
"a8e12306-af14-4146-93f2-bc66061b2dc1","TradeIQ220320Strategy","BTC-USDT","Bybit Perpetual","short","26009.3","26126.0","0.055805219556182624","1.6001820247200964","1451.4546970026206","-8.112651146926648","-5.589324395504713","43200.0","1693184400000.0","1693227600000.0"
"8ab7cc7b-abe9-41e0-906d-d1de9be56be6","TradeIQ220320Strategy","BTC-USDT","Bybit Perpetual","short","25981.6","26046.1","0.055552469665289816","1.5896469743026396","1443.3420458556939","-5.172781267713833","-3.583891484743049","10800.0","1693252800000.0","1693263600000.0"
"411d9242-ede6-4a4e-9589-e638eaeb10ce","TradeIQ220320Strategy","BTC-USDT","Bybit Perpetual","short","26046.0","26034.6","0.05521651173262612","1.5816399835182144","1438.16926458798","-0.9521717497661963","-0.6620721032019713","28800.0","1693285200000.0","1693314000000.0"
"2100745b-bfb2-4725-b477-904e6775f35d","TradeIQ220320Strategy","BTC-USDT","Bybit Perpetual","long","27484.8","27363.7","0.05229134259074884","1.5774559372487786","1437.2170928382138","-7.909937524988387","-5.503648380195545","82800.0","1693321200000.0","1693404000000.0"
"49ab084f-de85-4cf8-9b3d-285c29b055ff","TradeIQ220320Strategy","BTC-USDT","Bybit Perpetual","long","27291.8","27178.800000000003","0.05237130402953361","1.5689829942991125","1429.3071553132254","-7.48694034963622","-5.238160546391091","3600.0","1693483200000.0","1693486800000.0"
"7c011337-5669-48c2-860d-897dbc82a377","TradeIQ220320Strategy","BTC-USDT","Bybit Perpetual","short","26223.3","26033.7","0.05421972882755371","1.5583482031378109","1421.820214963589","8.721712382566293","6.134187916852515","68400.0","1693501200000.0","1693569600000.0"
"0d4f1fb0-cfd7-44db-96b8-e95f4d511716","TradeIQ220320Strategy","BTC-USDT","Bybit Perpetual","short","25705.0","25808.8","0.055652282721110884","1.576773308901319","1430.5419273461553","-7.353480255352588","-5.140345847111429","54000.0","1693580400000.0","1693634400000.0"
"3fdefb00-5e71-458f-8654-31bc4d34599d","TradeIQ220320Strategy","BTC-USDT","Bybit Perpetual","short","25858.2","25875.7","0.05503818700028628","1.566037034349761","1423.1884470908028","-2.529205306854771","-1.777140133497305","7200.0","1693756800000.0","1693764000000.0"
"b588ee95-2cbe-44a7-8b6e-82843fabd9bb","TradeIQ220320Strategy","BTC-USDT","Bybit Perpetual","short","25894.1","25900.8","0.05486420620079278","1.562927340562193","1420.6592417839481","-1.9305175221075446","-1.358888511282521","28800.0","1693825200000.0","1693854000000.0"
"ca3349ed-798c-427b-8d97-09ddd1b22a8c","TradeIQ220320Strategy","BTC-USDT","Bybit Perpetual","short","25823.1","25723.8","0.05494029470752313","1.557601032492573","1418.7287242618404","3.8979702319644343","2.7475092068728886","32400.0","1693861200000.0","1693893600000.0"
"88bd0f93-989c-4fdf-99e2-9c42ab71c874","TradeIQ220320Strategy","BTC-USDT","Bybit Perpetual","short","25702.2","25747.9","0.05535038613401984","1.566280595898664","1422.6266944938047","-4.095793242223412","-2.8790358412898795","3600.0","1693926000000.0","1693929600000.0"
"17896c7f-a8c3-42b0-bbf8-1ed0b94acd8f","TradeIQ220320Strategy","BTC-USDT","Bybit Perpetual","short","25700.0","25845.6","0.05519575491251289","1.5648040674301336","1418.5309012515813","-9.60130598269193","-6.768485603112784","18000.0","1694005200000.0","1694023200000.0"
"ae9b01be-3a56-4626-a5f0-2a59b54608d7","TradeIQ220320Strategy","BTC-USDT","Bybit Perpetual","long","25991.5","26032.3","0.054207321442351894","1.5510389670889446","1408.9295952688892","0.660619747758973","0.46888059557929584","46800.0","1694120400000.0","1694167200000.0"
"35c02e11-f80e-4ad3-b918-2608ee6d3fa4","TradeIQ220320Strategy","BTC-USDT","Bybit Perpetual","short","25819.8","25881.9","0.054593382404846215","1.5524138734943507","1409.5902150166482","-4.94266292083542","-3.5064537680385666","104400.0","1694170800000.0","1694275200000.0"
"49b9ce94-a169-4d24-b12f-dc78485bab58","TradeIQ220320Strategy","BTC-USDT","Bybit Perpetual","short","25853.7","25876.700000000004","0.05433062006969265","1.545799589649276","1404.647552095813","-2.795403851252405","-1.9901105064266875","10800.0","1694286000000.0","1694296800000.0"
"2bb817aa-4f4d-49cf-bf22-23b468b5299e","TradeIQ220320Strategy","BTC-USDT","Bybit Perpetual","short","25862.3","25807.1","0.0542044655055645","1.540391715496268","1401.8521482445608","1.4516947804109317","1.0355548423767695","72000.0","1694307600000.0","1694379600000.0"
"7f0d49df-2a5a-4ae2-877c-33bf16e7ce38","TradeIQ220320Strategy","BTC-USDT","Bybit Perpetual","short","25727.3","25138.9","0.05454532123561243","1.5259822704692","1403.3038430249717","30.568484744565033","21.783225989512996","18000.0","1694426400000.0","1694444400000.0"
"d03581f4-5aaa-4808-a2f6-eb0281e5e628","TradeIQ220320Strategy","BTC-USDT","Bybit Perpetual","short","25138.9","25788.2","0.05703799003812963","1.5976286823589574","1433.872327769537","-38.63239561411648","-26.942702544661834","46800.0","1694444400000.0","1694491200000.0"
"14d770f0-f51e-4526-a0ea-a5493f0a925b","TradeIQ220320Strategy","BTC-USDT","Bybit Perpetual","long","25810.2","25758.0","0.05405769549075251","1.5332119289334232","1395.2399321554205","-4.3550236335507435","-3.1213438873003976","3600.0","1694505600000.0","1694509200000.0"
"01aba0d4-99ec-4e30-8b06-bb818779c8f7","TradeIQ220320Strategy","BTC-USDT","Bybit Perpetual","long","25860.9","25957.2","0.053783314135311205","1.5328220326072333","1390.8849085218696","3.6465111186231964","2.6217202417548986","46800.0","1694512800000.0","1694559600000.0"
"672e9877-387e-4bde-b2d9-09534e267797","TradeIQ220320Strategy","BTC-USDT","Bybit Perpetual","short","25825.8","25910.7","0.05399760780461759","1.536505979900979","1394.531419640493","-6.120902882513091","-4.389218339799792","3600.0","1694563200000.0","1694566800000.0"
"0416908e-aed4-406a-ae1c-4bd1d0289e63","TradeIQ220320Strategy","BTC-USDT","Bybit Perpetual","long","26141.6","26129.5","0.05311115298061251","1.526898113710692","1388.4105167579798","-2.1695430647760263","-1.562609212901986","36000.0","1694599200000.0","1694635200000.0"
"c9ac8767-9075-48b4-a3e5-4fe45f1600bb","TradeIQ220320Strategy","BTC-USDT","Bybit Perpetual","long","26514.0","26524.7","0.05228335874229479","1.525172758628723","1386.240973693204","-0.9657408200861306","-0.6966615750169448","75600.0","1694653200000.0","1694728800000.0"
"bc852fd8-8550-44f5-acc0-df3182e8bf3c","TradeIQ220320Strategy","BTC-USDT","Bybit Perpetual","long","26601.1","26415.3","0.05207586276030383","1.5184811237449545","1385.275232873118","-11.194176424609369","-8.080831995669326","7200.0","1694772000000.0","1694779200000.0"
"95b63648-d390-4eb9-a5b7-82d22aa83d30","TradeIQ220320Strategy","BTC-USDT","Bybit Perpetual","long","26764.3","26475.6","0.05134007078266604","1.503337128954134","1374.0810564485087","-16.325215563909858","-11.880824269642797","28800.0","1694818800000.0","1694847600000.0"
"40c48d52-1f2a-4ce0-90f9-af78b9c35b17","TradeIQ220320Strategy","BTC-USDT","Bybit Perpetual","long","26553.9","26526.0","0.05113206876897927","1.4927468033777986","1357.7558408845987","-2.9193315220323948","-2.1501152373098282","10800.0","1694952000000.0","1694962800000.0"
"72b8a037-69dd-4526-ae2e-6dcddfdf2f42","TradeIQ220320Strategy","BTC-USDT","Bybit Perpetual","long","26537.0","26493.3","0.051054622201551284","1.489093062454209","1354.8365093625664","-3.720180052662037","-2.7458516411048994","3600.0","1694966400000.0","1694970000000.0"
"55c196f9-bc00-4595-ae23-baaea9de47ad","TradeIQ220320Strategy","BTC-USDT","Bybit Perpetual","long","26648.5","27116.699999999997","0.05070140267969696","1.4992840804449437","1351.1163293099044","22.239112654189025","16.45980599283251","28800.0","1695006000000.0","1695034800000.0"
"35a33f94-e923-4052-8dc9-ee01026d3d8f","TradeIQ220320Strategy","BTC-USDT","Bybit Perpetual","long","27116.7","26747.800000000003","0.050646112615624087","1.5004151431413562","1373.3554419640936","-20.183766087044972","-14.69668045890532","25200.0","1695034800000.0","1695060000000.0"
"f2b4c578-457b-492a-9c5c-0bb9cfb663f3","TradeIQ220320Strategy","BTC-USDT","Bybit Perpetual","long","27051.5","27145.8","0.05002205703480577","1.4910832374528633","1353.1716758770483","3.2259967409292845","2.384026209267481","46800.0","1695114000000.0","1695160800000.0"
"1bc09191-504c-4958-9e99-a3665918bd21","TradeIQ220320Strategy","BTC-USDT","Bybit Perpetual","long","27149.4","26916.6","0.0499605027226376","1.4856404971111685","1356.3976726179774","-13.116445530941347","-9.670059006828986","10800.0","1695229200000.0","1695240000000.0"
"6aa5f908-ab6a-46ed-83bd-2f2bdbd581d4","TradeIQ220320Strategy","BTC-USDT","Bybit Perpetual","short","26636.8","26722.7","0.05042952708610028","1.4799918928029223","1343.2812270870359","-5.8118882694990095","-4.32663551928165","3600.0","1695294000000.0","1695297600000.0"
"43eb05d7-1322-4aa3-839c-381d7ae8276c","TradeIQ220320Strategy","BTC-USDT","Bybit Perpetual","short","26630.1","26629.2","0.05022396982427918","1.4711914118342277","1337.469338817537","-1.425989838992486","-1.0661850687756405","43200.0","1695301200000.0","1695344400000.0"
"79709bfc-a505-4bf0-ace7-cbd3f9b92e76","TradeIQ220320Strategy","BTC-USDT","Bybit Perpetual","short","26574.6","26666.9","0.05027520071717146","1.4721999044408065","1336.0433489785446","-6.112600930635878","-4.575151648566786","7200.0","1695387600000.0","1695394800000.0"
"9e93eb97-508b-4ccd-acc8-d584e39ca56c","TradeIQ220320Strategy","BTC-USDT","Bybit Perpetual","short","26585.2","26566.5","0.05002523012984325","1.4624093133608143","1329.9307480479088","-0.526937509932709","-0.396214247024633","50400.0","1695402000000.0","1695452400000.0"
"b29b5492-0b7d-4243-82e3-34ff942ec2b6","TradeIQ220320Strategy","BTC-USDT","Bybit Perpetual","short","26553.6","26574.6","0.050064918148122146","1.4629224413963846","1329.4038105379761","-2.5142857225069495","-1.891288186912509","14400.0","1695506400000.0","1695520800000.0"
"3d5ad210-a380-4e56-984a-6931ab03b414","TradeIQ220320Strategy","BTC-USDT","Bybit Perpetual","short","26559.9","26579.099999999995","0.04995837803664431","1.460106037769083","1326.8895248154693","-2.4193068960723267","-1.8232918798637592","18000.0","1695528000000.0","1695546000000.0"
"f39cf239-f6ca-48ff-9a5f-059ed166f2e8","TradeIQ220320Strategy","BTC-USDT","Bybit Perpetual","long","26661.3","26580.5","0.04967763079517491","1.4547095657987992","1324.4702179193969","-5.468662134048896","-4.128943074793775","3600.0","1695578400000.0","1695582000000.0"
"067edd8f-8ede-45ae-8c92-e8a645376cc6","TradeIQ220320Strategy","BTC-USDT","Bybit Perpetual","short","26432.5","26049.900000000005","0.04990074929671231","1.4404010966893759","1319.001555785348","17.6516255842325","13.382566159084272","50400.0","1695585600000.0","1695636000000.0"
"5b7c5166-8443-4a35-b9f7-11bfdf79c8d3","TradeIQ220320Strategy","BTC-USDT","Bybit Perpetual","short","26049.9","26230.9","0.05131125959675779","1.4754265353993963","1336.6531813695808","-10.762764522412557","-8.052024767849396","21600.0","1695636000000.0","1695657600000.0"
"5de69ed4-8f28-494b-8ac5-a942f98ed1de","TradeIQ220320Strategy","BTC-USDT","Bybit Perpetual","short","26258.0","26206.2","0.050494722250253955","1.4570408638949757","1325.8904168471684","1.1585857486681426","0.8738171224007644","28800.0","1695718800000.0","1695747600000.0"
"4c2517eb-6c38-44e8-8c64-494b4616765e","TradeIQ220320Strategy","BTC-USDT","Bybit Perpetual","short","26156.7","26246.2","0.05073457288556417","1.4622513122057121","1327.0490025958363","-6.002995585463705","-4.523567384264834","10800.0","1695765600000.0","1695776400000.0"
"51de6af8-8929-4373-a302-48e68f99e9c2","TradeIQ220320Strategy","BTC-USDT","Bybit Perpetual","long","26755.8","26184.0","0.04937419202604192","1.4376229180611397","1321.0460070103725","-29.669785918551877","-22.45931312089339","10800.0","1695816000000.0","1695826800000.0"
"7fe89283-cd4b-4735-a717-e057a5009cf8","TradeIQ220320Strategy","BTC-USDT","Bybit Perpetual","short","26184.0","26322.3","0.049319287392752084","1.4242653147965325","1291.3762210918205","-8.24512276121411","-6.384756530705749","28800.0","1695826800000.0","1695855600000.0"
"9b8f9f1c-3fbf-4b93-a385-d519248c7caa","TradeIQ220320Strategy","BTC-USDT","Bybit Perpetual","long","26554.7","27012.3","0.048320301051437455","1.4236054615322926","1283.1310983306062","20.687764299605416","16.12287655292654","18000.0","1695898800000.0","1695916800000.0"
"4bfdf5fe-956b-448d-b28a-71a8b1442515","TradeIQ220320Strategy","BTC-USDT","Bybit Perpetual","long","27012.3","27018.9","0.04826759893197586","1.434375960277356","1303.8188626302115","-1.11580980732621","-0.8558012460989186","64800.0","1695916800000.0","1695981600000.0"
"825a9995-187c-4f20-8230-6be706169edb","TradeIQ220320Strategy","BTC-USDT","Bybit Perpetual","long","26898.0","26858.7","0.04843122361598949","1.4319265172067144","1302.7030528228854","-3.3352736053150664","-2.5602715815301984","3600.0","1696021200000.0","1696024800000.0"
"5f392711-d6b2-41f3-87f3-74662d33ad68","TradeIQ220320Strategy","BTC-USDT","Bybit Perpetual","long","26890.9","26882.0","0.04831998107975449","1.429068030831942","1299.3677792175702","-1.8591158624418271","-1.4307849495554799","7200.0","1696032000000.0","1696039200000.0"
"561850d9-287a-4615-bf9b-7abd47a0c512","TradeIQ220320Strategy","BTC-USDT","Bybit Perpetual","long","26904.1","26950.9","0.04822717219141797","1.428500897102848","1297.5086633551282","0.8285307614556534","0.6385550901164846","72000.0","1696046400000.0","1696118400000.0"
"e128f038-39cb-4533-9cb4-e9855f6f1fc5","TradeIQ220320Strategy","BTC-USDT","Bybit Perpetual","long","27113.1","27099.9","0.047885973721801776","1.427823261359022","1298.3371941165838","-2.059918114486666","-1.5865817630590782","36000.0","1696143600000.0","1696179600000.0"
"2195a3ee-bf06-494b-9f27-622d5728b95c","TradeIQ220320Strategy","BTC-USDT","Bybit Perpetual","long","27989.7","28540.0","0.046312653440447625","1.4399222228558597","1296.2772760020969","24.045930965422436","18.549990353594335","54000.0","1696201200000.0","1696255200000.0"
"2e871b9b-d460-467f-a0e8-557d8332b12c","TradeIQ220320Strategy","BTC-USDT","Bybit Perpetual","long","28540.0","27986.7","0.04626220066459423","1.4382772460690254","1320.3232069675194","-27.035152873788977","-20.476162754029406","10800.0","1696255200000.0","1696266000000.0"
"ba821f3a-b4a5-4f17-9e7a-a5f166e684a0","TradeIQ220320Strategy","BTC-USDT","Bybit Perpetual","long","27504.8","27404.6","0.047020449306802097","1.4200255625418055","1293.2880540937304","-6.13147458308341","-4.740996844187222","18000.0","1696410000000.0","1696428000000.0"
"105adb53-3bed-42a4-a959-ab35c4dc0fc2","TradeIQ220320Strategy","BTC-USDT","Bybit Perpetual","long","27613.8","27595.299999999996","0.046612801552508056","1.4153979522059148","1287.156579510647","-2.2777347809274833","-1.7695864024510801","46800.0","1696446000000.0","1696492800000.0"
"384c71ec-4e15-46ce-8cd3-8e0c77146fd8","TradeIQ220320Strategy","BTC-USDT","Bybit Perpetual","long","27976.6","27539.999999999996","0.04592691194533001","1.4023382998372593","1284.8788447297195","-21.454028055168443","-16.697315971204585","7200.0","1696514400000.0","1696521600000.0"
"db5bd0d4-b5aa-4227-88ac-1f28adef83c5","TradeIQ220320Strategy","BTC-USDT","Bybit Perpetual","long","27602.8","27238.6","0.04577161797623978","1.3805987855451858","1263.4248166745513","-18.050622052491747","-14.287056747866187","14400.0","1696582800000.0","1696597200000.0"
"96d742c0-5db5-4205-82b2-b49984ef3b55","TradeIQ220320Strategy","BTC-USDT","Bybit Perpetual","short","27238.6","27513.7","0.04572093259646456","1.3768294197907736","1245.3741946220593","-13.954657977078273","-11.205192814608763","3600.0","1696597200000.0","1696600800000.0"
"71d8d8e5-093a-4c9e-9012-3e3b039db3d6","TradeIQ220320Strategy","BTC-USDT","Bybit Perpetual","long","27926.5","27878.2","0.044095018589690116","1.3533901061406441","1231.419536644981","-3.4831795040226448","-2.8285887955883937","97200.0","1696608000000.0","1696705200000.0"
"1ef3ab50-aff3-486f-9945-406e2d90481e","TradeIQ220320Strategy","BTC-USDT","Bybit Perpetual","long","27892.8","27808.800000000003","0.04402341669323117","1.348696111003827","1227.9363571409583","-5.046663113235085","-4.109873515745869","14400.0","1696798800000.0","1696813200000.0"
"3c79a3d9-6127-44b8-973a-92640fb20833","TradeIQ220320Strategy","BTC-USDT","Bybit Perpetual","long","27948.400000000005","27851.700000000004","0.04375526663521786","1.3428515395745013","1222.889694027723","-5.5739858232001","-4.558044646562977","14400.0","1696816800000.0","1696831200000.0"
"eb6ccb5f-cf09-44f7-a354-daf3dec3a8d7","TradeIQ220320Strategy","BTC-USDT","Bybit Perpetual","short","27531.0","27554.9","0.04421618205675504","1.3396285007381112","1217.315708204523","-2.3963952518946208","-1.9685897715303275","32400.0","1696845600000.0","1696878000000.0"
"e2f2b214-47ea-4160-baa9-f14a168ebc63","TradeIQ220320Strategy","BTC-USDT","Bybit Perpetual","long","27668.2","27621.6","0.04391031266770618","1.3352858229342177","1214.9193129526282","-3.3815063932494214","-2.783317671550812","3600.0","1696906800000.0","1696910400000.0"
"43afbcf2-6c86-405a-a42d-614a2c296a73","TradeIQ220320Strategy","BTC-USDT","Bybit Perpetual","long","27638.0","27596.9","0.043835943503849006","1.3317006757124124","1211.5378065593789","-3.1333579537205427","-2.586265106013407","14400.0","1696921200000.0","1696935600000.0"
"2204410f-6eee-45c8-881b-24d7e93bd250","TradeIQ220320Strategy","BTC-USDT","Bybit Perpetual","short","27411.9","27000.7","0.04408320651270646","1.3192750354813105","1208.4044486056582","16.807739482543617","13.909034762274805","54000.0","1696942800000.0","1696996800000.0"
"03284041-2050-41ce-aeed-a1bbb919e514","TradeIQ220320Strategy","BTC-USDT","Bybit Perpetual","short","27000.7","27275.2","0.04537705274634368","1.3545842074354013","1225.2121880882019","-13.810585186306742","-11.271994614954428","21600.0","1696996800000.0","1697018400000.0"
"16fb2c79-e1e7-4462-852a-e099e72a1c6f","TradeIQ220320Strategy","BTC-USDT","Bybit Perpetual","short","26769.1","26852.5","0.04525372922144918","1.3346175517514727","1211.401602901895","-5.1087785688204","-4.217246003788004","54000.0","1697040000000.0","1697094000000.0"
"5d4ca276-dbb5-476f-91ad-01ea64ffbdc5","TradeIQ220320Strategy","BTC-USDT","Bybit Perpetual","short","26665.1","26818.0","0.0452386386825129","1.330726450086388","1206.2928243330746","-8.247714304642676","-6.837240625386796","28800.0","1697130000000.0","1697158800000.0"
"ae367e7f-bb90-457c-aaf3-f028931b8ece","TradeIQ220320Strategy","BTC-USDT","Bybit Perpetual","short","26745.4","26967.8","0.04479443605361789","1.3233288764493536","1198.045110028432","-11.285611454773875","-9.420022134647372","21600.0","1697209200000.0","1697230800000.0"
"6da23828-abd4-44ff-8be8-10b389b0d2d5","TradeIQ220320Strategy","BTC-USDT","Bybit Perpetual","short","26858.500000000004","26876.5","0.044185620886261635","1.3058728860777982","1186.7594985736582","-2.1012140620303468","-1.7705474989294399","25200.0","1697310000000.0","1697335200000.0"
"cbdabc38-fc71-45b8-a4db-bb3ccf6bbc2c","TradeIQ220320Strategy","BTC-USDT","Bybit Perpetual","long","27193.9","27085.7","0.04356338313046777","1.3005316560326965","1184.6582845116277","-6.0140897107493405","-5.076645129974028","7200.0","1697403600000.0","1697410800000.0"
"c5b664b5-5e0f-4050-b66b-76c0f8a59a1e","TradeIQ220320Strategy","BTC-USDT","Bybit Perpetual","long","27129.0","27903.4","0.04344591377495957","1.315013097875997","1178.6441948008783","32.32950252945276","27.429399535552413","18000.0","1697418000000.0","1697436000000.0"
"9da392ce-a602-40d2-b109-59d3b728ccb8","TradeIQ220320Strategy","BTC-USDT","Bybit Perpetual","long","27903.4","28411.9","0.04339878643213125","1.3442086226587704","1210.973697330331","20.72407427807997","17.11356268411735","57600.0","1697436000000.0","1697493600000.0"
"b8d9f754-d1e5-4741-b13e-435da6276bcd","TradeIQ220320Strategy","BTC-USDT","Bybit Perpetual","long","28716.8","28246.199999999997","0.042891191623314964","1.3437660216413896","1231.6977716084111","-21.528360799573505","-17.478606599621205","18000.0","1697605200000.0","1697623200000.0"
"5fc76095-d806-417f-b861-85adc9743655","TradeIQ220320Strategy","BTC-USDT","Bybit Perpetual","long","28665.6","29307.0","0.042216782861996184","1.346079166379948","1210.1694108088377","25.731765361304465","21.262944783992012","50400.0","1697727600000.0","1697778000000.0"
"bee8fec2-dff9-4e66-8ea1-a3f6d4dffe2b","TradeIQ220320Strategy","BTC-USDT","Bybit Perpetual","long","29307.0","29498.7","0.042170852566627164","1.363937577627519","1235.9011761701422","6.72021485939494","5.4375017913809245","28800.0","1697778000000.0","1697806800000.0"
"2fb5ea7b-a762-44f8-a6ab-b5f0ac389b84","TradeIQ220320Strategy","BTC-USDT","Bybit Perpetual","long","29829.699999999997","29895.4","0.04165718699918328","1.3683888125847066","1242.6213910295373","1.3684883732618167","1.1012914980708612","50400.0","1697882400000.0","1697932800000.0"
"fec147b8-aef1-4528-a7e6-3bc8da7430f2","TradeIQ220320Strategy","BTC-USDT","Bybit Perpetual","long","30023.399999999998","30724.0","0.041434010785014325","1.3843546347188687","1243.989879402799","27.64431332126226","22.22229760786594","18000.0","1698015600000.0","1698033600000.0"
"04000db3-fdfb-4dce-aa91-28d0a953b448","TradeIQ220320Strategy","BTC-USDT","Bybit Perpetual","long","30724.0","30466.9","0.041388953024477974","1.3929450070940412","1271.6341927240612","-12.03404482968727","-9.463448606952173","21600.0","1698033600000.0","1698055200000.0"
"7393f817-8bc3-41e2-8b75-0e220d7d96c6","TradeIQ220320Strategy","BTC-USDT","Bybit Perpetual","long","30864.1","31156.5","0.04081117375508678","1.3921234156471043","1259.6001478943738","10.54106379034033","8.368579352710801","10800.0","1698076800000.0","1698087600000.0"
"9fded82c-97a7-4a95-baf4-81ed285a760d","TradeIQ220320Strategy","BTC-USDT","Bybit Perpetual","long","31339.9","33358.8","0.04052792803055256","1.442157341498671","1270.141211684714","80.37967655938395","63.284047332633534","10800.0","1698091200000.0","1698102000000.0"
"bc870b73-35e0-4c30-9d07-db9e7ab74a7d","TradeIQ220320Strategy","BTC-USDT","Bybit Perpetual","long","33358.8","33674.0","0.04048469633931969","1.492591404025892","1350.520888244098","11.268184882127557","8.343584301593493","61200.0","1698102000000.0","1698163200000.0"
"2f74e88e-8240-4d42-9580-eadb6f0db9b3","TradeIQ220320Strategy","BTC-USDT","Bybit Perpetual","long","34841.4","34428.4","0.039085371802689485","1.4890897382338673","1361.7890731262255","-17.631348292744626","-12.947194716630214","64800.0","1698249600000.0","1698314400000.0"
"d33d39b5-de4d-4798-8461-2ac3f0edb8b9","TradeIQ220320Strategy","BTC-USDT","Bybit Perpetual","long","34242.4","33954.0","0.039254191436157534","1.4723469974712255","1344.1577248334809","-12.793255807659115","-9.517674578884698","3600.0","1698390000000.0","1698393600000.0"
"c5ababd8-3639-4672-a8ce-80f9d55ca14f","TradeIQ220320Strategy","BTC-USDT","Bybit Perpetual","long","34165.4","34080.7","0.038968209622185654","1.4626855818831546","1331.3644690258218","-4.76329293688245","-3.577752784981425","3600.0","1698400800000.0","1698404400000.0"
"97e8fd66-8b90-4453-9c57-962c96dabf30","TradeIQ220320Strategy","BTC-USDT","Bybit Perpetual","long","34167.3","33913.5","0.03882663178211152","1.4538414841673681","1326.6011760889392","-11.308040630467385","-8.52406950505316","3600.0","1698415200000.0","1698418800000.0"
"09e4c645-7ff0-4efe-b8dd-5fde2007ca17","TradeIQ220320Strategy","BTC-USDT","Bybit Perpetual","long","34100.1","34105.9","0.03857153308812795","1.4469454921948701","1315.2931354584719","-1.2232306002836157","-0.9300060703633447","72000.0","1698462000000.0","1698534000000.0"
"55e448fd-b843-48fc-8ea0-a70ddc978ab0","TradeIQ220320Strategy","BTC-USDT","Bybit Perpetual","long","34257.9","34444.8","0.03835815694652002","1.4494199220873245","1314.0699048581882","5.7197196112173225","4.352675295333381","46800.0","1698570000000.0","1698616800000.0"
"5e73b49d-64ec-45c6-bfef-eb805917e5bc","TradeIQ220320Strategy","BTC-USDT","Bybit Perpetual","long","34537.4","34316.3","0.03821334624115902","1.4471216529466902","1319.7896244694055","-9.896092506866893","-7.498234812116678","28800.0","1698660000000.0","1698688800000.0"
"18b1350c-c966-46d1-8af7-145e81c438a0","TradeIQ220320Strategy","BTC-USDT","Bybit Perpetual","long","34445.0","34430.0","0.038028553693207685","1.4405691495908237","1309.8935319625386","-2.010997454988939","-1.5352373348816957","39600.0","1698771600000.0","1698811200000.0"
"367d35b3-c69e-4fc7-a409-606ad3e6cdd9","TradeIQ220320Strategy","BTC-USDT","Bybit Perpetual","long","34825.4","34184.6","0.03755542031125413","1.4254347556238063","1307.8825345075497","-25.490948091075566","-19.490242753852158","7200.0","1698843600000.0","1698850800000.0"
"b973fbc8-d2f3-4f20-9357-20f84d9e26cf","TradeIQ220320Strategy","BTC-USDT","Bybit Perpetual","long","35493.7","34931.4","0.03613011848346254","1.3994569639653336","1282.3915864164742","-21.71542258721616","-16.93353482448986","61200.0","1698872400000.0","1698933600000.0"
"8b57fb0e-a983-484b-a0b0-889437f00deb","TradeIQ220320Strategy","BTC-USDT","Bybit Perpetual","long","34715.0","34407.5","0.03631502704390777","1.3806020012633833","1260.6761638292583","-12.547472817265025","-9.952970617888521","10800.0","1699023600000.0","1699034400000.0"
"094c3549-4bf8-43c9-a09e-118b213020ee","TradeIQ220320Strategy","BTC-USDT","Bybit Perpetual","long","34615.4","34706.2","0.03605703504833089","1.3747422484435061","1248.1286910119932","1.899236533944781","1.521667234814436","46800.0","1699052400000.0","1699099200000.0"
"67693738-758a-4699-8afc-2d171c68d2b9","TradeIQ220320Strategy","BTC-USDT","Bybit Perpetual","long","35171.9","34838.5","0.035540528875208276","1.368513653520685","1250.027927545938","-13.217725980515176","-10.57394454095461","54000.0","1699138800000.0","1699192800000.0"
"2ae9615e-c462-4fb1-ad85-992f9e616194","TradeIQ220320Strategy","BTC-USDT","Bybit Perpetual","long","35025.5","34893.0","0.035311707229459185","1.357917881057618","1236.8102015654226","-6.036719088960959","-4.8808775035331395","7200.0","1699228800000.0","1699236000000.0"
"a8d49a3a-b87f-4863-bddb-c53c9a946c42","TradeIQ220320Strategy","BTC-USDT","Bybit Perpetual","long","34971.2","34980.1","0.0351939162075211","1.354023104943944","1230.7734824764618","-1.040797250696955","-0.8456448449009055","28800.0","1699261200000.0","1699290000000.0"
"c888230a-a1f8-4464-ad67-c56666754eee","TradeIQ220320Strategy","BTC-USDT","Bybit Perpetual","long","35076.7","34939.2","0.03505839161682157","1.3500546628823193","1229.732685225765","-6.170583510195286","-5.017825080466522","18000.0","1699300800000.0","1699318800000.0"
"f32a0592-f59d-4f9a-a4a1-3440185b7fae","TradeIQ220320Strategy","BTC-USDT","Bybit Perpetual","long","35398.8","35293.9","0.03456507287579154","1.3439240800075578","1223.5621017155697","-4.96980022467814","-4.061747432116383","43200.0","1699383600000.0","1699426800000.0"
"9f2d4559-c48b-40fd-adb7-55bd5123718d","TradeIQ220320Strategy","BTC-USDT","Bybit Perpetual","long","35630.9","36715.3","0.0342004356188278","1.3608493554517622","1218.5923014908917","35.726103029605156","29.31751906350952","32400.0","1699473600000.0","1699506000000.0"
"051e71d5-5ff0-4064-b458-1654692c3ec2","TradeIQ220320Strategy","BTC-USDT","Bybit Perpetual","long","36715.3","37922.4","0.03416337070704847","1.4024314776018092","1254.3184045204966","39.83617330287635","31.7592193172873","36000.0","1699506000000.0","1699542000000.0"
"96133e28-d998-4b92-99ae-0deac649ea52","TradeIQ220320Strategy","BTC-USDT","Bybit Perpetual","long","37922.4","36360.1","0.03412638909518841","1.3942464238798333","1294.154577823373","-54.70990410729279","-42.27462858363402","7200.0","1699542000000.0","1699549200000.0"
"6bf177b8-1741-47cc-a563-6a9a84b840d1","TradeIQ220320Strategy","BTC-USDT","Bybit Perpetual","long","37395.7","37030.5","0.033144042596236475","1.3567318286918084","1239.4446737160802","-13.460936184837273","-10.860457485753635","54000.0","1699635600000.0","1699689600000.0"
"0bacb2da-42a2-4222-8de8-c58e6fe7caf9","TradeIQ220320Strategy","BTC-USDT","Bybit Perpetual","long","37125.8","37026.0","0.03302241938305014","1.3467695106844317","1225.983737531243","-4.642406965112931","-3.786679074929103","28800.0","1699707600000.0","1699736400000.0"
"7099609e-74a2-41d1-9162-a121e3d7bde9","TradeIQ220320Strategy","BTC-USDT","Bybit Perpetual","long","37186.4","37085.5","0.032843763595457744","1.3416527989620128","1221.34133056613","-4.655588545743747","-3.8118652249209775","18000.0","1699815600000.0","1699833600000.0"
"d14d4c3a-8704-4ee7-87c4-d53aa19513d9","TradeIQ220320Strategy","BTC-USDT","Bybit Perpetual","long","37213.6","36941.3","0.032694653084366636","1.3334578015032448","1216.6857420203862","-10.236211836376137","-8.413192891845874","7200.0","1699840800000.0","1699848000000.0"
"b7b02633-7755-4a1a-b427-6ae903b48c26","TradeIQ220320Strategy","BTC-USDT","Bybit Perpetual","short","36270.3","36356.8","0.03326273921594279","1.3286769580206095","1206.44953018401","-4.205903900199661","-3.486183047838038","3600.0","1699923600000.0","1699927200000.0"
"957d899a-e576-443a-a4a3-7fbee584d781","TradeIQ220320Strategy","BTC-USDT","Bybit Perpetual","long","36765.1","36507.4","0.032700676083672026","1.3178331585874723","1202.2436262838103","-9.744797385349658","-8.105509708935841","3600.0","1699952400000.0","1699956000000.0"
"f7c663a0-6a58-43fb-b889-4b9a50174d4e","TradeIQ220320Strategy","BTC-USDT","Bybit Perpetual","short","36288.8","36376.9","0.0328613464456929","1.3133410083303327","1192.4988288984605","-4.20842563019583","-3.529081562355288","3600.0","1699963200000.0","1699966800000.0"
"b775efe3-8850-40ef-8522-faf327f88813","TradeIQ220320Strategy","BTC-USDT","Bybit Perpetual","short","36168.7","35597.5","0.03285410875337695","1.2967979967891305","1188.2904032682648","17.469468923139686","14.701346468078674","46800.0","1699977600000.0","1700024400000.0"
"33e195f3-47dd-4a2f-af99-8f8a973c459e","TradeIQ220320Strategy","BTC-USDT","Bybit Perpetual","long","36254.4","36199.9","0.03325830443177668","1.3253389417352026","1205.7598721914044","-3.1379165332670316","-2.602439014298954","3600.0","1700049600000.0","1700053200000.0"
"ddb77799-b9ee-42d9-8519-a95df3f3f6b6","TradeIQ220320Strategy","BTC-USDT","Bybit Perpetual","long","36412.1","37413.9","0.033028085599516026","1.3410822961084286","1202.6219556581375","31.746453857486824","26.39770021503849","10800.0","1700064000000.0","1700074800000.0"
"d59b02c7-65bd-4997-aa11-9a00849855f9","TradeIQ220320Strategy","BTC-USDT","Bybit Perpetual","long","37413.9","37456.3","0.032992241105996016","1.358574629529779","1234.3684095156243","0.040296393364500194","0.03264535373220772","25200.0","1700074800000.0","1700100000000.0"
"6d2ed0f9-14ba-4758-a0d7-bbbaf298c8a7","TradeIQ220320Strategy","BTC-USDT","Bybit Perpetual","short","36423.1","36581.8","0.033890819449991595","1.3608077366755804","1234.4087059089888","-6.739280783389394","-5.459521430081579","3600.0","1700150400000.0","1700154000000.0"
"9b96617d-87e2-4afc-b58f-636a8e20a077","TradeIQ220320Strategy","BTC-USDT","Bybit Perpetual","short","36331.0","36226.4","0.033791236826005315","1.348492357783559","1227.669425125599","2.1860710142165476","1.780667474057927","18000.0","1700157600000.0","1700175600000.0"
"fb75b6e4-b2f8-4d19-9c40-8fbde296f64b","TradeIQ220320Strategy","BTC-USDT","Bybit Perpetual","short","36374.3","36540.8","0.03381111103553376","1.3559372982468765","1229.8554961398158","-6.985487285663249","-5.679925249420608","7200.0","1700218800000.0","1700226000000.0"
"46c8043f-058a-4265-a27d-eecbe0fea549","TradeIQ220320Strategy","BTC-USDT","Bybit Perpetual","short","36030.3","36516.3","0.03394004515238986","1.3542291838088016","1222.8700088541525","-17.849091127870274","-14.596065811275508","10800.0","1700233200000.0","1700244000000.0"
"436fc67b-3a42-4ceb-8931-7a9cd7b45530","TradeIQ220320Strategy","BTC-USDT","Bybit Perpetual","long","36516.3","36336.2","0.03299953493991128","1.3222542405654376","1205.0209177262823","-7.265470483243651","-6.029331421858343","7200.0","1700244000000.0","1700251200000.0"
"652f83fa-8893-4c97-a18f-4d28ddcfd191","TradeIQ220320Strategy","BTC-USDT","Bybit Perpetual","long","36492.8","36405.9","0.03282169214867148","1.3159622791910968","1197.7554472430386","-4.168167326910696","-3.479981941643323","3600.0","1700254800000.0","1700258400000.0"
"1bd82163-e2ae-4d3e-a2ce-0afeb7512416","TradeIQ220320Strategy","BTC-USDT","Bybit Perpetual","long","36554.5","36403.3","0.032652266613306925","1.3102306454161783","1193.587279916128","-6.24725335734809","-5.234014690393717","7200.0","1700262000000.0","1700269200000.0"
"bd4a9730-40cb-43da-b9c0-18a4677fb285","TradeIQ220320Strategy","BTC-USDT","Bybit Perpetual","long","36457.2","36410.0","0.03256805312966383","1.305228562555412","1187.34002655878","-2.84244067027545","-2.3939567492840124","3600.0","1700298000000.0","1700301600000.0"
"5de9df06-a834-4361-949a-d80b193c9a99","TradeIQ220320Strategy","BTC-USDT","Bybit Perpetual","long","36479.0","36417.0","0.03247067041005796","1.301840094616372","1184.4975858885043","-3.3150216600399656","-2.798673209243675","3600.0","1700305200000.0","1700308800000.0"
"36b28e32-c60b-40e4-8ae6-a822e5dfc03c","TradeIQ220320Strategy","BTC-USDT","Bybit Perpetual","long","36518.6","36472.2","0.03234468364692142","1.2984753843246415","1181.1825642284646","-2.7992687055418424","-2.3698865783464163","36000.0","1700319600000.0","1700355600000.0"
"7b090581-0785-4608-a8fc-7a1f6ce1f15e","TradeIQ220320Strategy","BTC-USDT","Bybit Perpetual","long","36851.8","37161.0","0.031976275121511646","1.3016595104223794","1178.383295522923","8.585404757148929","7.285748864370182","61200.0","1700420400000.0","1700481600000.0"
"8206cdac-6f45-4c15-9ab1-0ea50fc25fca","TradeIQ220320Strategy","BTC-USDT","Bybit Perpetual","long","37475.1","37374.1","0.03167352989798751","1.3039061057222456","1186.9687002800717","-4.502932625418984","-3.793640577343356","50400.0","1700496000000.0","1700546400000.0"
"91ffcf82-3641-471d-9286-0e14c596691a","TradeIQ220320Strategy","BTC-USDT","Bybit Perpetual","short","36646.5","36975.9","0.032266813137807236","1.3065581229562948","1182.4657676546528","-11.935246370550045","-10.093523801727354","3600.0","1700578800000.0","1700582400000.0"
"2796e573-8658-41a0-a86a-e37114d5750d","TradeIQ220320Strategy","BTC-USDT","Bybit Perpetual","short","36385.4","36683.5","0.03217033538958216","1.292858060751312","1170.5305212841029","-10.882835040385707","-9.297352646940766","39600.0","1700607600000.0","1700647200000.0"
"b3538c3d-ac51-4338-a662-18e2fc54e007","TradeIQ220320Strategy","BTC-USDT","Bybit Perpetual","long","37201.7","37279.4","0.03117190037669561","1.276944586030687","1159.647686243717","1.145112073238698","0.9874654921684857","43200.0","1700679600000.0","1700722800000.0"
"3c9a4a5e-30b8-4759-9384-e00b585060bc","TradeIQ220320Strategy","BTC-USDT","Bybit Perpetual","long","37294.3","38217.3","0.03112520675591057","1.2926727893582894","1160.7927983169557","27.435893046347168","23.635478343875604","57600.0","1700784000000.0","1700841600000.0"
"92178ce3-e875-488e-badd-5800613bcc86","TradeIQ220320Strategy","BTC-USDT","Bybit Perpetual","long","38217.3","37733.3","0.031091382472422248","1.2987750344854745","1188.228691363303","-16.347004151137842","-13.757456178222949","3600.0","1700841600000.0","1700845200000.0"
"b722dd52-4b6d-4d90-85fa-dfb3f74f1636","TradeIQ220320Strategy","BTC-USDT","Bybit Perpetual","short","37212.1","37264.3","0.031491952542645134","1.289973989890881","1171.881687212165","-2.933853912617095","-2.503541052507232","3600.0","1701018000000.0","1701021600000.0"
"82ffbb70-18ca-48c8-be96-b0fe3b512461","TradeIQ220320Strategy","BTC-USDT","Bybit Perpetual","short","37233.1","37360.0","0.03139539370343989","1.2880338581330342","1168.9478332995477","-5.272109319099602","-4.51013224791923","3600.0","1701025200000.0","1701028800000.0"
"391cf3f5-e06f-4fa3-ba7e-3e40414e3979","TradeIQ220320Strategy","BTC-USDT","Bybit Perpetual","long","37647.5","37437.9","0.030909774194314312","1.2764800176093725","1163.675723980448","-7.755168688737607","-6.664372667507763","3600.0","1701039600000.0","1701043200000.0"
"40203493-2532-418f-a6d3-746e7f49e22f","TradeIQ220320Strategy","BTC-USDT","Bybit Perpetual","short","37258.8","37327.5","0.031024095120930097","1.272684856255026","1155.9205552917103","-3.4040401910628333","-2.944873828464607","7200.0","1701068400000.0","1701075600000.0"
"b89f44b6-b023-4e51-8cf2-8073c13941c1","TradeIQ220320Strategy","BTC-USDT","Bybit Perpetual","short","37100.0","37070.1","0.031065135177915024","1.2672573004627115","1152.5165151006474","-0.33840975864300704","-0.293626819406969","43200.0","1701082800000.0","1701126000000.0"
"97d2d3eb-7a67-442b-ba77-60dce0e4544a","TradeIQ220320Strategy","BTC-USDT","Bybit Perpetual","long","37248.3","37190.6","0.030932367526625495","1.2664142771927476","1152.1781053420045","-3.0512118834791737","-2.6482119989369814","3600.0","1701133200000.0","1701136800000.0"
"3104cb56-6d1f-4c6a-9e20-cd98c2cf0cb0","TradeIQ220320Strategy","BTC-USDT","Bybit Perpetual","short","36894.9","37105.9","0.031145954954709877","1.2676540708768722","1149.1268934585255","-7.8394505663206555","-6.822093026407443","18000.0","1701151200000.0","1701169200000.0"
"6323c118-9fa4-4296-b4ce-85e7c81dc28e","TradeIQ220320Strategy","BTC-USDT","Bybit Perpetual","long","37401.7","38202.5","0.030514320014657217","1.268855914288681","1141.2874428922048","23.167011553448905","20.299015552769067","14400.0","1701180000000.0","1701194400000.0"
"d6d19d73-59c9-4f69-b342-4586d3dcda40","TradeIQ220320Strategy","BTC-USDT","Bybit Perpetual","long","38202.5","37812.1","0.03048110606493433","1.2743549967959564","1164.4544544456537","-13.174178804546363","-11.313605915843244","21600.0","1701194400000.0","1701216000000.0"
"a5feadab-e287-41e5-a2f3-a3e6b9158712","TradeIQ220320Strategy","BTC-USDT","Bybit Perpetual","long","38335.5","37808.9","0.030031701051012955","1.257710221629813","1151.2802756411072","-17.072403995093193","-14.82905974879677","21600.0","1701248400000.0","1701270000000.0"
"d6888c9c-0fb6-43ed-8ab8-abcd334fb22a","TradeIQ220320Strategy","BTC-USDT","Bybit Perpetual","long","37958.3","37783.2","0.029880365338964446","1.2447510302266465","1134.2078716460142","-6.476803001079494","-5.710419723749635","10800.0","1701320400000.0","1701331200000.0"
"7990f4f4-588e-48c1-90a1-5cc9e8b4fd96","TradeIQ220320Strategy","BTC-USDT","Bybit Perpetual","long","37927.3","38706.1","0.02973401925908078","1.2532404453188626","1127.7310686449346","21.90361375365312","19.422727955852263","28800.0","1701396000000.0","1701424800000.0"
"ffdf857a-d23f-4aff-9449-6c92237831a5","TradeIQ220320Strategy","BTC-USDT","Bybit Perpetual","long","38706.1","38315.7","0.029701640888608973","1.2582206143068446","1149.6346823985878","-12.85374121721983","-11.18071802635764","18000.0","1701424800000.0","1701442800000.0"
"8215fb9c-98d7-44e7-835d-05cc2b08c484","TradeIQ220320Strategy","BTC-USDT","Bybit Perpetual","long","38790.0","39416.4","0.029306030966263677","1.260555549088002","1136.780941181368","17.096742248179606","15.039610208816741","97200.0","1701450000000.0","1701547200000.0"
"6324f38a-dea9-4198-9970-57606c21ad68","TradeIQ220320Strategy","BTC-USDT","Bybit Perpetual","long","39416.4","40079.9","0.02927405048227508","1.2799482846447465","1153.8776834295475","18.14338421034477","15.723836651749021","97200.0","1701547200000.0","1701644400000.0"
"510d8577-b5b8-41d6-a580-9e3bb3c287de","TradeIQ220320Strategy","BTC-USDT","Bybit Perpetual","long","40079.9","40915.1","0.02924211556515591","1.3026558326098918","1172.0210676398924","23.12035908740824","19.726914238807908","21600.0","1701644400000.0","1701666000000.0"
"ba234ba8-8959-4f88-b9cb-2920ae5a54db","TradeIQ220320Strategy","BTC-USDT","Bybit Perpetual","long","40915.1","41991.3","0.029210277543677044","1.3319454247809086","1195.1414267273005","30.104155267724455","25.188780670217213","21600.0","1701666000000.0","1701687600000.0"
"d3b3998f-6cfd-4319-a8f0-ab705ac199a2","TradeIQ220320Strategy","BTC-USDT","Bybit Perpetual","long","41991.3","41653.7","0.029178557986893113","1.342352265547521","1225.2455819950248","-11.193033441922807","-9.135338748740951","14400.0","1701687600000.0","1701702000000.0"
"0b96d523-3f7a-45bb-9b59-e124a128a5d6","TradeIQ220320Strategy","BTC-USDT","Bybit Perpetual","long","42001.0","41534.2","0.02890532483876818","1.3280366503093073","1214.0525485531023","-14.821042285046378","-12.207908383133805","43200.0","1701720000000.0","1701763200000.0"
"b0d2b3af-6db8-4ded-a106-0c54e9501ca9","TradeIQ220320Strategy","BTC-USDT","Bybit Perpetual","long","42266.7","43724.2","0.028372962787917108","1.3418991331897256","1199.231506268056","40.01169413019946","33.36444541447523","10800.0","1701792000000.0","1701802800000.0"
"a8ebd93a-07f1-4f93-ab22-c2d772766c7a","TradeIQ220320Strategy","BTC-USDT","Bybit Perpetual","long","43724.2","43685.9","0.02834227270935215","1.3625704904634586","1239.2432003982553","-2.448079535231522","-1.9754633589635862","43200.0","1701802800000.0","1701846000000.0"
"7ffc4f30-e472-4b79-bbd2-4f13e9974944","TradeIQ220320Strategy","BTC-USDT","Bybit Perpetual","long","44071.2","43602.8","0.028063568064019676","1.3532448965446737","1236.7951208630238","-14.498220177731326","-11.722410553830942","64800.0","1701874800000.0","1701939600000.0"
"25a618d6-011e-4877-b318-71ef9bc70766","TradeIQ220320Strategy","BTC-USDT","Bybit Perpetual","long","43486.4","43458.6","0.02810756697922322","1.3440968260547097","1222.2969006852927","-2.125487188077197","-1.7389287225432069","3600.0","1702011600000.0","1702015200000.0"
"3a6e270b-051c-418a-8379-c9622d6260e7","TradeIQ220320Strategy","BTC-USDT","Bybit Perpetual","long","43687.3","44572.0","0.02792965950052339","1.3557787082149992","1220.1714134972156","23.35359105189796","19.139598578991997","36000.0","1702036800000.0","1702072800000.0"
"18757135-488f-4345-807b-83bb29ed3787","TradeIQ220320Strategy","BTC-USDT","Bybit Perpetual","long","44572.0","44220.6","0.0278992417784509","1.3624854185455035","1243.5250045491134","-11.16627897949319","-8.979537153369863","36000.0","1702072800000.0","1702108800000.0"
"92fec314-901d-4507-9f2f-33bde51b3653","TradeIQ220320Strategy","BTC-USDT","Bybit Perpetual","long","43995.8","43799.8","0.028010826614577305","1.352575031017531","1232.3587255696202","-6.842697047474683","-5.552520467862842","3600.0","1702195200000.0","1702198800000.0"
"0129b860-9a3f-4b22-8636-4a10783e34fa","TradeIQ220320Strategy","BTC-USDT","Bybit Perpetual","long","43912.1","43871.4","0.027908390364435896","1.347442902056052","1225.5160285221455","-2.4833143898885117","-2.026341828334265","3600.0","1702213200000.0","1702216800000.0"
"c4f80160-c723-43ed-b1dd-26692e77da51","TradeIQ220320Strategy","BTC-USDT","Bybit Perpetual","long","43945.4","43856.9","0.02783073345861585","1.3439813245943848","1223.032714132257","-3.807001235681888","-3.1127550323810915","3600.0","1702224000000.0","1702227600000.0"
"ffb32e9f-9845-49e4-ac41-3609529865fb","TradeIQ220320Strategy","BTC-USDT","Bybit Perpetual","long","43996.9","43833.4","0.02771162770323762","1.3386563160650193","1219.2257128965753","-5.86950744554437","-4.814127018039907","3600.0","1702242000000.0","1702245600000.0"
"3b31275c-c7e0-409b-a38c-cf2adb9bd861","TradeIQ220320Strategy","BTC-USDT","Bybit Perpetual","short","41962.2","42346.6","0.028915457374757068","1.3408051319943053","1213.356205451031","-12.455906946850964","-10.265663859378238","32400.0","1702263600000.0","1702296000000.0"
"720d9101-b115-4218-be0e-ad0d72b39a64","TradeIQ220320Strategy","BTC-USDT","Bybit Perpetual","short","41078.1","41879.9","0.029234562905883672","1.3338824782504637","1200.90029850418","-24.774155016188075","-20.62965180960178","28800.0","1702321200000.0","1702350000000.0"
"02941de2-d0d8-4485-a5e4-45db5a7fff7a","TradeIQ220320Strategy","BTC-USDT","Bybit Perpetual","short","40734.5","41236.6","0.02887297360929905","1.3017121738638675","1176.126143487992","-15.798832223092878","-13.432940259485168","68400.0","1702404000000.0","1702472400000.0"
"3268c9e8-96d1-4b59-b28d-8a19570d6070","TradeIQ220320Strategy","BTC-USDT","Bybit Perpetual","long","42138.1","42898.0","0.0275362987715369","1.287868700781459","1160.327311264899","19.636964735709473","16.923642617963353","57600.0","1702490400000.0","1702548000000.0"
"6cfa09a2-774b-4002-ae15-74282da038f2","TradeIQ220320Strategy","BTC-USDT","Bybit Perpetual","long","43216.3","42609.7","0.027303685785238632","1.2888513749121402","1179.9642760006084","-17.851267172238053","-15.12865053232243","43200.0","1702576800000.0","1702620000000.0"
"cb6005a0-ca7e-454f-bc39-5abaefb977b1","TradeIQ220320Strategy","BTC-USDT","Bybit Perpetual","long","42882.8","42631.19999999999","0.02709974649109597","1.2745742467917696","1162.1130088283703","-8.09287046395187","-6.9639272622126605","14400.0","1702630800000.0","1702645200000.0"
"55407a03-8ad5-4595-b6c3-758eda488d60","TradeIQ220320Strategy","BTC-USDT","Bybit Perpetual","short","41930.3","42354.5","0.027522343946130092","1.2758433902669322","1154.0201383644187","-12.950821692215237","-11.222353286286936","43200.0","1702656000000.0","1702699200000.0"
"c9498383-ee7c-4974-b087-b0cbb7953763","TradeIQ220320Strategy","BTC-USDT","Bybit Perpetual","short","42232.0","42349.9","0.027019068873655128","1.256928299860536","1141.0693166722033","-4.442476520064515","-3.893257364084142","18000.0","1702710000000.0","1702728000000.0"
"fc127cd2-d243-49d6-9d8f-4f111faeafdd","TradeIQ220320Strategy","BTC-USDT","Bybit Perpetual","long","42417.1","42367.9","0.026796429745365398","1.2495644127784429","1136.6268401521386","-2.5679487562503427","-2.2592716145138896","21600.0","1702735200000.0","1702756800000.0"
"6d2e9b4c-8819-4c58-b4ef-3bf0b35b5f5f","TradeIQ220320Strategy","BTC-USDT","Bybit Perpetual","short","42029.0","42143.0","0.02698277121501554","1.2491566002906584","1134.0588913958882","-4.32519251880243","-3.8139046848604528","54000.0","1702778400000.0","1702832400000.0"
"56d8e0e2-556f-4b9b-a4a2-f0e997178073","TradeIQ220320Strategy","BTC-USDT","Bybit Perpetual","short","41741.2","41381.3","0.027065194553033595","1.2373496488289943","1129.7336988770858","8.50341387080764","7.526918847565336","54000.0","1702854000000.0","1702908000000.0"
"0bb37de0-c312-4ebe-aa44-a07f66014c31","TradeIQ220320Strategy","BTC-USDT","Bybit Perpetual","long","42643.1","43155.0","0.026692175586387798","1.2595758725981525","1138.2371127478934","12.404148810073801","10.89768438504709","46800.0","1702936800000.0","1702983600000.0"
"cf8df330-5b71-40a0-b1b7-8395901115e4","TradeIQ220320Strategy","BTC-USDT","Bybit Perpetual","short","41881.7","42248.6","0.027473604499291274","1.2712494237336984","1150.6412615579673","-11.351314914523707","-9.86520759663532","3600.0","1703008800000.0","1703012400000.0"
"c5bbc1b3-5725-43e4-b316-1f9812b93e3d","TradeIQ220320Strategy","BTC-USDT","Bybit Perpetual","long","42451.7","43816.80000000001","0.026837322101198387","1.2733685369279781","1139.2899466434435","35.362259863418295","31.03885886784306","36000.0","1703044800000.0","1703080800000.0"
"b73ff9af-4e49-4be1-8552-13f82105a552","TradeIQ220320Strategy","BTC-USDT","Bybit Perpetual","long","43816.8","43481.7","0.02680826090693208","1.2871765306310956","1174.6522065068616","-10.270624760544191","-8.74354528400079","25200.0","1703080800000.0","1703106000000.0"
"bed3a677-1413-4d88-aafd-cb27d28fddb9","TradeIQ220320Strategy","BTC-USDT","Bybit Perpetual","long","44040.1","43547.6","0.026439122112491057","1.273658042718728","1164.3815817463174","-14.294925683120573","-12.276839403180283","14400.0","1703156400000.0","1703170800000.0"
"a019e7b8-62b1-40aa-a006-374da13c6ee0","TradeIQ220320Strategy","BTC-USDT","Bybit Perpetual","long","44159.5","43614.1","0.026043923868322712","1.2572829258267357","1150.0866560631969","-15.461639003609982","-13.443890442600154","21600.0","1703210400000.0","1703232000000.0"
"e4c9f289-f5e3-4263-9a98-5738459e4f29","TradeIQ220320Strategy","BTC-USDT","Bybit Perpetual","long","43737.5","43725.19999999999","0.025941698017938535","1.2479120231784542","1134.6250170595868","-1.5669949087993624","-1.381068533867052","39600.0","1703336400000.0","1703376000000.0"
"9db025b7-acd1-4f77-8637-e7780979b28d","TradeIQ220320Strategy","BTC-USDT","Bybit Perpetual","long","43809.9","43528.1","0.0258630588554365","1.2423553088738624","1133.0580221507876","-8.530565294335943","-7.528798285319138","14400.0","1703383200000.0","1703397600000.0"
"b20d1c22-76f3-44d1-9515-f5d3255d0053","TradeIQ220320Strategy","BTC-USDT","Bybit Perpetual","long","43761.9","43707.0","0.025696495281430917","1.2362042968670741","1124.5274568564516","-2.646941887817669","-2.353825930775434","3600.0","1703430000000.0","1703433600000.0"
"85f30be7-9f2a-482d-aa68-025d9ad8e879","TradeIQ220320Strategy","BTC-USDT","Bybit Perpetual","short","42994.3","43267.4","0.026093703466939427","1.237987971194749","1121.8805149686339","-8.364178388015869","-7.455498403276681","25200.0","1703458800000.0","1703484000000.0"
"f0e7ce95-0314-43fe-a0bb-aa70284d00d3","TradeIQ220320Strategy","BTC-USDT","Bybit Perpetual","short","43144.3","43700.09999999999","0.025809118158844114","1.232757559568657","1113.5163365806181","-15.577465432253916","-13.989435916215779","14400.0","1703494800000.0","1703509200000.0"
"8ecb0b98-ba97-4ad1-ac45-534d008d37b6","TradeIQ220320Strategy","BTC-USDT","Bybit Perpetual","long","43700.1","43446.80000000001","0.02512440180110261","1.20423255222628","1097.9388711483641","-7.5682435284452785","-6.8931374298911985","28800.0","1703509200000.0","1703538000000.0"
"2d644206-a801-4377-9710-d11b52966e9e","TradeIQ220320Strategy","BTC-USDT","Bybit Perpetual","long","43716.6","43491.2","0.024941798484326747","1.1963156556238086","1090.3706276199187","-6.818197033991094","-6.253100424095229","7200.0","1703545200000.0","1703552400000.0"
"fbaa8917-9353-432e-a987-98fc7c897ba1","TradeIQ220320Strategy","BTC-USDT","Bybit Perpetual","short","42793.2","42494.9","0.025320668484383673","1.1877534381696297","1083.5524305859274","6.36540197072191","5.874567571483219","61200.0","1703570400000.0","1703631600000.0"
"f8762819-c5a3-407a-8135-8df89fc27212","TradeIQ220320Strategy","BTC-USDT","Bybit Perpetual","long","43238.1","43059.3","0.02520734797682251","1.1964307252122737","1089.9178325566493","-5.7035045434680285","-5.2329674523162595","3600.0","1703674800000.0","1703678400000.0"
"dafeed4b-b326-4f79-a42c-0f43e3eec816","TradeIQ220320Strategy","BTC-USDT","Bybit Perpetual","long","43120.0","43052.2","0.025144117068951328","1.1916981366889983","1084.2143280131813","-2.8964692739639712","-2.671491419295058","3600.0","1703696400000.0","1703700000000.0"
"6968cd3a-e028-4503-8180-7980a9e274f5","TradeIQ220320Strategy","BTC-USDT","Bybit Perpetual","long","43217.6","43259.4","0.025020312528673906","1.1900248615981734","1081.3178587392174","-0.14417579789953128","-0.13333341046233688","39600.0","1703703600000.0","1703743200000.0"
"335af102-17d4-4c73-a516-90bb013e2916","TradeIQ220320Strategy","BTC-USDT","Bybit Perpetual","short","43071.3","43142.200000000004","0.0251019514837332","1.1902699018335579","1081.1736829413178","-2.9699982620302783","-2.7470130922447535","14400.0","1703746800000.0","1703761200000.0"
"775c10f7-d6fb-4c21-b416-28d13c281b76","TradeIQ220320Strategy","BTC-USDT","Bybit Perpetual","short","42827.4","42600.1","0.025175557812972246","1.1828767307872277","1078.2036846792876","4.539527560101438","4.2102690100263604","39600.0","1703768400000.0","1703808000000.0"
"ed0c2df7-c80b-4362-b17b-0c6ef591145e","TradeIQ220320Strategy","BTC-USDT","Bybit Perpetual","short","42374.8","42738.09999999999","0.02555158283317889","1.1961231229871392","1082.7432122393889","-10.479013166280732","-9.67820721277713","7200.0","1703815200000.0","1703822400000.0"
"fed90832-863d-4f9f-8a56-6dfe3347fb50","TradeIQ220320Strategy","BTC-USDT","Bybit Perpetual","long","43065.6","42301.6","0.02489839219871796","1.1690283145785179","1072.264199073108","-20.191399954399042","-18.830620263040572","3600.0","1703862000000.0","1703865600000.0"
"808e6a3b-9ff2-484c-845b-2a22c9734a5c","TradeIQ220320Strategy","BTC-USDT","Bybit Perpetual","short","42301.6","42148.2","0.02487075664085305","1.1551817332927916","1052.0727991187093","2.659992335414102","2.5283348620383497","50400.0","1703865600000.0","1703916000000.0"
"f1bea3c1-c631-4c25-8cef-0c3989d61ab5","TradeIQ220320Strategy","BTC-USDT","Bybit Perpetual","short","42167.2","42395.1","0.0250131095129419","1.1633413388114358","1054.7327914541236","-6.863828996810931","-6.507647294579709","7200.0","1703977200000.0","1703984400000.0"
"45663ea5-12ae-45be-87c2-0188ac9d494c","TradeIQ220320Strategy","BTC-USDT","Bybit Perpetual","short","42119.6","42265.5","0.024878416757455262","1.154652227255746","1047.8689624573126","-4.784413232168505","-4.565850696587847","7200.0","1703991600000.0","1703998800000.0"
"0871825c-a6f9-4a16-a742-518c4ad3de36","TradeIQ220320Strategy","BTC-USDT","Bybit Perpetual","long","42782.7","42694.9","0.024380989260265114","1.1462156461762807","1043.0845492251442","-3.286866503227451","-3.151102665329576","3600.0","1704016800000.0","1704020400000.0"
"d979b425-75a1-43e7-97f6-ef1b8925b39c","TradeIQ220320Strategy","BTC-USDT","Bybit Perpetual","short","42294.8","42503.5","0.024584527713144802","1.146599386007662","1039.7976827219168","-6.27739031974091","-6.037126668053686","7200.0","1704063600000.0","1704070800000.0"
"0849530c-7e39-47f7-ab55-5e4a4a8da068","TradeIQ220320Strategy","BTC-USDT","Bybit Perpetual","short","42369.8","42527.0","0.02439285274894325","1.138981327691067","1033.5202924021758","-4.973537779824875","-4.812230409395303","14400.0","1704081600000.0","1704096000000.0"
"935991eb-4b4d-43cd-a355-6cd1b14600d6","TradeIQ220320Strategy","BTC-USDT","Bybit Perpetual","long","42688.8","42645.6","0.024094065764845837","1.1308289550820136","1028.546754622351","-2.171692596123459","-2.1114184516782943","18000.0","1704103200000.0","1704121200000.0"
"efff3dbf-0614-4d81-9e40-7aac089f10d1","TradeIQ220320Strategy","BTC-USDT","Bybit Perpetual","long","42818.0","43556.200000000004","0.023970644636046232","1.1387448896575316","1026.3750620262276","16.556384980671904","16.13093068335757","14400.0","1704124800000.0","1704139200000.0"
"5a6840b1-63c9-4af2-b3c1-2c4050845270","TradeIQ220320Strategy","BTC-USDT","Bybit Perpetual","long","43556.2","45179.799999999996","0.02394450036979579","1.1686065516478097","1042.9314470068994","37.7076842487526","36.15547729140739","18000.0","1704139200000.0","1704157200000.0"
"21a45ce6-a4ff-4711-bebc-f1c1f81a0c12","TradeIQ220320Strategy","BTC-USDT","Bybit Perpetual","long","45179.8","45486.799999999996","0.02391863468310289","1.1927417058474594","1080.639131255652","6.150279141864954","5.691334844332925","39600.0","1704157200000.0","1704196800000.0"
"beab9ffd-5b1f-4ec3-a455-ff7c6a3a9960","TradeIQ220320Strategy","BTC-USDT","Bybit Perpetual","long","45347.8","43728.9","0.023965647956406197","1.1741294583251245","1086.789410397517","-39.97211693495115","-36.780002227230455","36000.0","1704247200000.0","1704283200000.0"
"9d8dd70c-855d-4f40-bf95-c401df4c7768","TradeIQ220320Strategy","BTC-USDT","Bybit Perpetual","short","42795.8","43191.3","0.024460748331905605","1.1568198470897202","1046.8172934625659","-10.831045812358386","-10.346643946368568","61200.0","1704286800000.0","1704348000000.0"
"c8173efe-2035-4899-b625-dedaf8332df3","TradeIQ220320Strategy","BTC-USDT","Bybit Perpetual","long","43386.2","43344.19999999999","0.023878243488717782","1.1390332849906386","1035.9862476502074","-2.141919511516959","-2.0675173211760254","3600.0","1704373200000.0","1704376800000.0"
"538041b1-a996-41f3-897c-c91e16a6d94d","TradeIQ220320Strategy","BTC-USDT","Bybit Perpetual","long","43674.0","43374.5","0.023671848883516294","1.1333294156452225","1033.8443281386906","-8.223048156258352","-7.953855268580849","39600.0","1704380400000.0","1704420000000.0"
"cb2126e2-5a87-471f-9bdd-a291d877c2c6","TradeIQ220320Strategy","BTC-USDT","Bybit Perpetual","short","43374.5","43506.4","0.02364571995025723","1.129898786734467","1025.6212799824323","-4.24876924817343","-4.1426297709484015","3600.0","1704420000000.0","1704423600000.0"
"0a81334e-f683-41be-a757-cb78b8d25c93","TradeIQ220320Strategy","BTC-USDT","Bybit Perpetual","short","43220.8","43603.5","0.023631504061337568","1.1284838389400353","1021.3725107342589","-10.172260443213853","-9.95940299577974","3600.0","1704474000000.0","1704477600000.0"
"897f0a5d-669c-46b5-be75-dc9c2cdf0419","TradeIQ220320Strategy","BTC-USDT","Bybit Perpetual","long","43951.6","43695.9","0.023007131715137675","1.1090846673513912","1011.200250291045","-6.992008246912028","-6.914563406110292","32400.0","1704488400000.0","1704520800000.0"
"9a738ef5-80f0-4475-96ec-aabd12077ba6","TradeIQ220320Strategy","BTC-USDT","Bybit Perpetual","long","43824.4","43910.7","0.022914363734452336","1.105716696523202","1004.2082420441329","0.8717928937599346","0.8681395523953697","93600.0","1704553200000.0","1704646800000.0"
"f5c469f9-75b8-4431-b111-1f9f77d53c9e","TradeIQ220320Strategy","BTC-USDT","Bybit Perpetual","long","44088.0","43851.3","0.02279713379917195","1.102620193568037","1005.080034937893","-6.4987017638319715","-6.465854994556277","14400.0","1704654000000.0","1704668400000.0"
"648762b5-abb9-4656-8aae-508699767ea7","TradeIQ220320Strategy","BTC-USDT","Bybit Perpetual","short","43621.8","43699.3","0.022891795688716673","1.0994152292826986","998.581333174061","-2.873529395158241","-2.87761176751074","3600.0","1704675600000.0","1704679200000.0"
"dafa7edb-628c-4f56-afec-4381e7f1b71b","TradeIQ220320Strategy","BTC-USDT","Bybit Perpetual","short","43354.8","43900.0","0.022966495146532855","1.1021653173914323","995.7078037789026","-13.623498471281078","-13.682225266867732","14400.0","1704682800000.0","1704697200000.0"
"2b611014-6ac2-40f8-9103-78ccd3f2932f","TradeIQ220320Strategy","BTC-USDT","Bybit Perpetual","long","43900.0","43857.0","0.022370940895390014","1.079763663086208","982.0843053076217","-2.0417141215879786","-2.0789601366742594","7200.0","1704697200000.0","1704704400000.0"
"38487c49-275c-44b1-a8f4-8b6cde14a789","TradeIQ220320Strategy","BTC-USDT","Bybit Perpetual","long","44081.6","45643.0","0.02223246413891587","1.0971394235332141","980.0425911860337","33.616630082970055","34.301193014772636","25200.0","1704711600000.0","1704736800000.0"
"64968a5a-73e7-4b10-8e53-a80d330fd05b","TradeIQ220320Strategy","BTC-USDT","Bybit Perpetual","long","45643.0","46552.2","0.02220842673069263","1.1261306892668543","1013.6592212690038","19.06577089427882","18.808856560699276","54000.0","1704736800000.0","1704790800000.0"
"899cfbb4-7ec0-44a2-aadb-a7a5e74708b0","TradeIQ220320Strategy","BTC-USDT","Bybit Perpetual","long","46835.4","45450.2","0.02205009441924874","1.1191984064453617","1032.7249921632824","-31.662989195988814","-30.659652314275192","28800.0","1704808800000.0","1704837600000.0"
"eea5c9f5-dffe-4751-9e68-d6a06d309fca","TradeIQ220320Strategy","BTC-USDT","Bybit Perpetual","long","46544.2","46073.9","0.02150777117164531","1.0956048956339095","1001.0620029672937","-11.210709677658606","-11.198816501304043","39600.0","1704913200000.0","1704952800000.0"
"f87d405e-cd6c-49c9-a3af-b651d4044a17","TradeIQ220320Strategy","BTC-USDT","Bybit Perpetual","long","47451.1","46038.0","0.020860449879763276","1.0726235766697974","989.8512932896351","-30.55052530176325","-30.86375247359911","14400.0","1704978000000.0","1704992400000.0"
"7a44fb78-633b-4989-834a-3336d2934a9b","TradeIQ220320Strategy","BTC-USDT","Bybit Perpetual","short","44495.1","42544.5","0.021559694617786496","1.0321009576098592","959.300767987872","41.022239363844456","42.76264622396621","39600.0","1705075200000.0","1705114800000.0"
"57f55f5d-154e-41ed-b876-e74b628a62e5","TradeIQ220320Strategy","BTC-USDT","Bybit Perpetual","short","42544.5","42851.7","0.02351239307905173","1.1043279620215245","1000.3230073517163","-8.327335115906148","-8.324646193985053","7200.0","1705114800000.0","1705122000000.0"
"6ca7f730-43ac-4b94-96ce-ae5cee34a2fc","TradeIQ220320Strategy","BTC-USDT","Bybit Perpetual","short","42870.5","43012.8","0.02313935392019711","1.0930062409939556","991.9956722358103","-4.385736303838072","-4.421124432885152","39600.0","1705179600000.0","1705219200000.0"
"5893c667-9fe1-4618-92ae-efbddfe0e29d","TradeIQ220320Strategy","BTC-USDT","Bybit Perpetual","short","42665.8","42571.8","0.02314757805858491","1.0851741997395405","987.6099359319721","1.090698137767441","1.104381495249122","28800.0","1705262400000.0","1705291200000.0"
"44bef233-3f62-4d20-b0d9-0eebb880aab1","TradeIQ220320Strategy","BTC-USDT","Bybit Perpetual","short","42278.7","42704.4","0.023385313031614965","1.093046017743371","988.7006340697395","-11.048173775301963","-11.174437837492741","7200.0","1705334400000.0","1705341600000.0"
"8d1a48a2-996a-46a9-aa33-8bb59b04cc74","TradeIQ220320Strategy","BTC-USDT","Bybit Perpetual","short","42700.1","43251.7","0.022895788541348563","1.082363830651556","977.6524602944378","-13.71168079005939","-14.025107435345552","3600.0","1705417200000.0","1705420800000.0"
"20bb92ce-b488-46f6-bb6b-def76f65feac","TradeIQ220320Strategy","BTC-USDT","Bybit Perpetual","short","42654.0","42722.0","0.022599071118872285","1.0611800627146621","963.9407795043785","-2.5979168987979775","-2.695100107844516","46800.0","1705478400000.0","1705525200000.0"
"45994ddf-a65a-402a-ba4a-45214a08de54","TradeIQ220320Strategy","BTC-USDT","Bybit Perpetual","short","42450.3","42742.6","0.022646314928412296","1.061117883685605","961.3428626055805","-7.68063573726042","-7.98948641116778","14400.0","1705575600000.0","1705590000000.0"
"0d2af02f-4a17-475d-9030-b1c707023ad2","TradeIQ220320Strategy","BTC-USDT","Bybit Perpetual","short","41953.9","41462.5","0.022731193688031864","1.0428848898370877","953.6622268683201","10.127223688461802","10.619298325066357","50400.0","1705597200000.0","1705647600000.0"
"c16b9cd4-66fa-417b-a102-bdcc1412b447","TradeIQ220320Strategy","BTC-USDT","Bybit Perpetual","short","40973.4","41810.6","0.023522320592305787","1.0709994833523933","963.789450556782","-20.763886283230732","-21.544006599403446","14400.0","1705676400000.0","1705690800000.0"
"d4a94fae-6183-469e-8e98-13c4a6a95e25","TradeIQ220320Strategy","BTC-USDT","Bybit Perpetual","short","41630.3","41648.6","0.022652384543795052","1.0375561169513396","943.0255642735513","-1.4520947541026903","-1.5398254396436162","7200.0","1705816800000.0","1705824000000.0"
"44f36871-26fc-4b31-853a-adbf3bef1ee3","TradeIQ220320Strategy","BTC-USDT","Bybit Perpetual","short","41652.8","41680.1","0.02260528630774998","1.0360702348453041","941.5734695194485","-1.6531945510467798","-1.755778603119013","10800.0","1705852800000.0","1705863600000.0"
"34aa5dd3-2e43-450b-9af3-21b5cedf5327","TradeIQ220320Strategy","BTC-USDT","Bybit Perpetual","short","41580.0","40776.7","0.02260510521809528","1.0239250279033092","939.9202749684017","17.13475599379269","18.230009980760048","18000.0","1705881600000.0","1705899600000.0"
"17a64085-ecc8-44d3-b480-cdb0786bae92","TradeIQ220320Strategy","BTC-USDT","Bybit Perpetual","short","40776.7","40941.9","0.023470634724295846","1.0548930759294635","957.0550309621943","-4.93224193238324","-5.153561470153407","32400.0","1705899600000.0","1705932000000.0"
"3980066a-0b1b-43dd-b5c2-a9192717e024","TradeIQ220320Strategy","BTC-USDT","Bybit Perpetual","short","40774.7","39460.7","0.023350822667728057","1.030459428390825","952.1227890298111","29.652521557003844","31.143589775032073","61200.0","1705939200000.0","1706000400000.0"
"c7093ee6-41a5-409a-9fea-c5a8a879b0f6","TradeIQ220320Strategy","BTC-USDT","Bybit Perpetual","short","39460.7","39197.4","0.024879825005304394","1.0763498697873535","981.7753105868151","5.474508054109185","5.5761313154605885","25200.0","1706000400000.0","1706025600000.0"
"ec9be402-e416-430a-a245-d55889440c76","TradeIQ220320Strategy","BTC-USDT","Bybit Perpetual","short","39757.9","39872.5","0.024831538351897966","1.0875399323673367","987.2498186409242","-3.9332342274948076","-3.9840313497442907","14400.0","1706122800000.0","1706137200000.0"
"911467e0-cb71-4dbf-8c03-8134898d63d7","TradeIQ220320Strategy","BTC-USDT","Bybit Perpetual","short","39907.1","40000.0","0.02464014133859462","1.0829072308764678","983.3165844134293","-3.3719763612319436","-3.4291869116022324","3600.0","1706191200000.0","1706194800000.0"
"ad24d6fc-a916-484d-a9fb-3704fe7f80be","TradeIQ220320Strategy","BTC-USDT","Bybit Perpetual","short","39793.6","39982.9","0.02462568372934837","1.080502971918898","979.9446080521972","-5.7421449018846165","-5.859662734711184","14400.0","1706198400000.0","1706212800000.0"
"7331ea20-1184-4d13-b8b8-29208f5ba10b","TradeIQ220320Strategy","BTC-USDT","Bybit Perpetual","long","41272.0","41772.8","0.023604440374837967","1.0781243165221892","974.2024631503126","10.742979423196735","11.027460748207089","46800.0","1706270400000.0","1706317200000.0"
"dc8397ac-25f0-43f2-9916-29374075bfa0","TradeIQ220320Strategy","BTC-USDT","Bybit Perpetual","long","41745.0","42710.4","0.023594333275206835","1.0959678699699968","984.9454425735094","21.682001473914717","22.01340352137984","50400.0","1706367600000.0","1706418000000.0"
"bfe3ce95-9f80-462b-b6e5-27aac168b264","TradeIQ220320Strategy","BTC-USDT","Bybit Perpetual","long","42710.4","42456.6","0.023568672830210535","1.1040002374117974","1006.6274440474241","-7.0857294017193","-7.039078304113352","25200.0","1706418000000.0","1706443200000.0"
"b8bcac4b-4eb4-4e01-bb03-cf2f245a60fe","TradeIQ220320Strategy","BTC-USDT","Bybit Perpetual","long","42144.3","42040.0","0.023717126981482782","1.0981353531209828","999.5417146457049","-3.571831697289706","-3.573469365964149","21600.0","1706493600000.0","1706515200000.0"
"562bc310-ac4e-46cc-aad6-b74fec1a0c1c","TradeIQ220320Strategy","BTC-USDT","Bybit Perpetual","long","42623.2","43598.3","0.023366849109133413","1.1080986292547306","995.9698829484153","21.676915937061395","21.76462994331739","39600.0","1706544000000.0","1706583600000.0"
"608b4174-efab-4b9f-86a0-ea128ed978db","TradeIQ220320Strategy","BTC-USDT","Bybit Perpetual","long","43598.3","43383.2","0.02334143301196323","1.116650070541544","1017.6467988854766","-6.13739231141497","-6.030965083501095","36000.0","1706583600000.0","1706619600000.0"
"0d58ab6b-0668-4fc9-aa60-00c3f3f8552f","TradeIQ220320Strategy","BTC-USDT","Bybit Perpetual","long","43541.2","42918.3","0.02323108702961934","1.1047014929705554","1011.5094065740615","-15.575345603720306","-15.398122353081545","10800.0","1706648400000.0","1706659200000.0"
"9c4a4440-33a3-44ea-ac3c-ab4fc95792f8","TradeIQ220320Strategy","BTC-USDT","Bybit Perpetual","long","43341.8","42534.0","0.022978604048985992","1.0853183030744513","995.9340609703412","-19.6474346538454","-19.72764605992374","18000.0","1706716800000.0","1706734800000.0"
"9c38bc0d-b55b-4f41-aafd-8d152499120b","TradeIQ220320Strategy","BTC-USDT","Bybit Perpetual","short","41969.9","42185.8","0.023261590480713457","1.0766774865097777","976.2866263164958","-6.098854871295846","-6.246992130074206","18000.0","1706752800000.0","1706770800000.0"
"d8e76bef-463b-4f57-aa83-e586b6decc0b","TradeIQ220320Strategy","BTC-USDT","Bybit Perpetual","short","42075.9","42206.0","0.023058039672239926","1.0688564666184672","970.1877714451999","-4.0687074279768485","-4.193731922549454","7200.0","1706788800000.0","1706796000000.0"
"23281034-4813-4eef-8512-074c24e3c19e","TradeIQ220320Strategy","BTC-USDT","Bybit Perpetual","long","42635.3","43003.7","0.02266007425811999","1.0673223546651258","966.1190640172233","7.280649002026146","7.535974884661163","64800.0","1706799600000.0","1706864400000.0"
"855c874a-bf09-453c-af88-b03f56bfd11f","TradeIQ220320Strategy","BTC-USDT","Bybit Perpetual","long","43193.5","42937.0","0.02253579156630626","1.0675604475259577","973.3997130192494","-6.847990984283514","-7.035127391852942","3600.0","1706893200000.0","1706896800000.0"
"1b26a4d7-1282-4e77-9d9b-819a31c5d951","TradeIQ220320Strategy","BTC-USDT","Bybit Perpetual","long","43182.4","43037.1","0.02238300145510592","1.0614181566771779","966.551722034966","-4.313668268104133","-4.462946130831146","32400.0","1706914800000.0","1706947200000.0"
"a9e3c379-4c02-4bf7-a70e-869281cda6e0","TradeIQ220320Strategy","BTC-USDT","Bybit Perpetual","long","43052.7","42978.0","0.022350237122569824","1.0575435996513671","962.2380537668618","-2.727106312707268","-2.8341285215560723","3600.0","1706958000000.0","1706961600000.0"
"a4d6f334-6115-4ad3-ac27-e49c46ee6a52","TradeIQ220320Strategy","BTC-USDT","Bybit Perpetual","long","43050.1","43022.1","0.022288239689435205","1.0551188033083527","959.5109474541545","-1.6791895146125384","-1.7500472705057595","3600.0","1706968800000.0","1706972400000.0"
"e98af87d-9960-472a-8f02-2e3458db85bf","TradeIQ220320Strategy","BTC-USDT","Bybit Perpetual","long","43041.6","42855.3","0.022253628070042514","1.0513347157332993","957.8317579395418","-5.197185625182122","-5.425990088658312","10800.0","1707048000000.0","1707058800000.0"
"081c5435-f434-4908-bbbe-fc7c2a0b1e67","TradeIQ220320Strategy","BTC-USDT","Bybit Perpetual","short","42554.2","42708.0","0.02238638189213661","1.0497916935900515","952.6345723143597","-4.492817228600728","-4.716202161008853","18000.0","1707087600000.0","1707105600000.0"
"329b95b3-5c12-4b33-882d-cbf35dcba471","TradeIQ220320Strategy","BTC-USDT","Bybit Perpetual","long","42767.8","43434.7","0.022169523685711186","1.0510876010346353","948.1417550857589","13.733767744966027","14.484930835815597","28800.0","1707112800000.0","1707141600000.0"
"86d703f8-c7c2-4c76-8bf2-45410efb5191","TradeIQ220320Strategy","BTC-USDT","Bybit Perpetual","long","43434.7","42629.7","0.022145324425648732","1.0482582327243415","961.8755228307249","-18.87524439537157","-19.62337531973284","7200.0","1707141600000.0","1707148800000.0"
"2046e815-640d-4a22-bb0d-ca9576bc09e9","TradeIQ220320Strategy","BTC-USDT","Bybit Perpetual","short","42629.7","42727.5","0.02212073456851335","1.0384901805913294","943.0002784353535","-3.2018980213919996","-3.395436984074552","3600.0","1707148800000.0","1707152400000.0"
"81666ebf-7062-4a18-b704-9b71e25d7ec6","TradeIQ220320Strategy","BTC-USDT","Bybit Perpetual","short","42419.6","42692.9","0.02215481476520197","1.037108419436789","939.7983804139615","-7.092019294766552","-7.546319979443533","10800.0","1707166800000.0","1707177600000.0"
"6e20d047-ae48-4b5c-a9d1-f9934763a22f","TradeIQ220320Strategy","BTC-USDT","Bybit Perpetual","long","42870.0","42784.2","0.021756621439682645","1.0249503022653759","932.706361119195","-2.89166842179021","-3.1002988103569606","10800.0","1707206400000.0","1707217200000.0"
"980f5a5e-fb77-431b-abb1-df08bc5824bc","TradeIQ220320Strategy","BTC-USDT","Bybit Perpetual","long","42862.5","43079.1","0.02169296454237165","1.025380444833078","929.8146926974048","3.6733156750445897","3.9505889763779196","36000.0","1707228000000.0","1707264000000.0"
"951dd2a7-62f0-451a-9018-85190d482c69","TradeIQ220320Strategy","BTC-USDT","Bybit Perpetual","long","43128.9","42882.5","0.021644141361649598","1.0239035951723636","933.4880083724494","-6.357020026682856","-6.8099643162705625","3600.0","1707300000000.0","1707303600000.0"
"96068017-9614-4efb-bb53-e764550da4ff","TradeIQ220320Strategy","BTC-USDT","Bybit Perpetual","long","43056.5","44113.4","0.02153289255619399","1.032361049958796","927.1309883457666","21.725753092682666","23.433315643398824","28800.0","1707310800000.0","1707339600000.0"
"3d68eadc-5e2b-4c69-bd49-43362aef54ec","TradeIQ220320Strategy","BTC-USDT","Bybit Perpetual","long","44113.4","44805.9","0.021509490119520355","1.0519348426315664","948.8567414384493","13.84338706513628","14.589543880090858","50400.0","1707339600000.0","1707390000000.0"
"0655ff08-52fe-4b60-b09f-1a2f799e4631","TradeIQ220320Strategy","BTC-USDT","Bybit Perpetual","long","44805.9","44676.9","0.021486012522984373","1.0574457087654385","962.7001285035856","-3.829141324230423","-3.9775016236700975","7200.0","1707390000000.0","1707397200000.0"
"b0585504-7d41-4423-8c68-c38953beb0c5","TradeIQ220320Strategy","BTC-USDT","Bybit Perpetual","long","44971.7","46272.9","0.021321653110275025","1.0700171401621903","958.8709871793552","26.673717886927765","27.81783810707633","46800.0","1707400800000.0","1707447600000.0"
"904d03ea-046d-47da-93b0-b310f133ad12","TradeIQ220320Strategy","BTC-USDT","Bybit Perpetual","long","46272.9","47446.0","0.02129852905407448","1.0978410930112457","985.5447050662831","23.8874633403235","24.237828296908095","39600.0","1707447600000.0","1707487200000.0"
"71a49e23-bf43-44be-aed9-dfe7dbf5cc15","TradeIQ220320Strategy","BTC-USDT","Bybit Perpetual","long","47446.0","47046.6","0.021275390304906768","1.1057018202589883","1009.4321684066065","-9.603092708038782","-9.51336108417994","3600.0","1707487200000.0","1707490800000.0"
"fad079b1-a977-4534-a078-c2b8d83ada2c","TradeIQ220320Strategy","BTC-USDT","Bybit Perpetual","long","47583.0","47052.1","0.021012316913573498","1.0936764917912456","999.8290756985677","-12.249115541207447","-12.25120957064501","54000.0","1707505200000.0","1707559200000.0"
"5f22d070-0087-48f1-bec5-2085ba72386e","TradeIQ220320Strategy","BTC-USDT","Bybit Perpetual","long","47511.2","48517.1","0.020786255875611653","1.0978378483049993","987.5799601573603","19.811056936972793","20.06020548839014","28800.0","1707595200000.0","1707624000000.0"
"41da91b2-ae3a-4103-97c1-2cd9c35b9b8a","TradeIQ220320Strategy","BTC-USDT","Bybit Perpetual","long","48517.1","48226.9","0.0207636280217559","1.104816036135214","1007.391017094333","-7.1304208880487145","-7.078106482044415","39600.0","1707624000000.0","1707663600000.0"
"158cb2b1-2bee-4297-94e0-9cc5285b9e81","TradeIQ220320Strategy","BTC-USDT","Bybit Perpetual","long","48612.9","48068.0","0.020576032209686818","1.0941201218538308","1000.2605962062843","-12.306000072912207","-12.302794011466121","14400.0","1707699600000.0","1707714000000.0"
"1b1c8204-03b2-4d32-84f0-312a698911ef","TradeIQ220320Strategy","BTC-USDT","Bybit Perpetual","long","48815.0","50177.6","0.02023875030489342","1.1019175823877059","987.9545961333723","26.475403583060036","26.798198709413057","21600.0","1707750000000.0","1707771600000.0"
"0fcab572-1177-4c18-bc5e-cff3e25b6faf","TradeIQ220320Strategy","BTC-USDT","Bybit Perpetual","long","50177.6","49877.4","0.0202167899564035","1.1125350054983738","1014.4299997164322","-7.181615350410645","-7.079458762475628","50400.0","1707771600000.0","1707822000000.0"
"4fdffcf5-2301-463b-b860-5a505184c4fc","TradeIQ220320Strategy","BTC-USDT","Bybit Perpetual","long","49395.4","49396.6","0.02039154221579381","1.1079866812204862","1007.2483843660215","-1.083516830561593","-1.0757196014204342","28800.0","1707858000000.0","1707886800000.0"
"ff723936-df71-4378-b966-b3834cae8bf1","TradeIQ220320Strategy","BTC-USDT","Bybit Perpetual","long","49551.1","50801.7","0.02030560103681775","1.1207481558501602","1006.16486753546","24.27343650079409","24.124710854047613","10800.0","1707890400000.0","1707901200000.0"
"0446f5d3-709f-4262-9d7d-7fe5e1613200","TradeIQ220320Strategy","BTC-USDT","Bybit Perpetual","long","50801.7","51707.50000000001","0.020283539803515514","1.1435871911345932","1030.438304036254","17.22924316288997","16.720305422850227","39600.0","1707901200000.0","1707940800000.0"
"abe8d1d7-4473-47bd-9827-9c544f14c398","TradeIQ220320Strategy","BTC-USDT","Bybit Perpetual","long","52355.19999999999","52022.0","0.02001076392028192","1.1487671293230275","1047.6675471991439","-7.81635366756076","-7.460719470081098","68400.0","1707958800000.0","1708027200000.0"
"a4c141de-6a65-4d61-a53c-b3d9f700b617","TradeIQ220320Strategy","BTC-USDT","Bybit Perpetual","long","52309.899999999994","51930.0","0.01987866911486321","1.1396827643665364","1039.851193531583","-8.691589161102954","-8.358493229770927","10800.0","1708056000000.0","1708066800000.0"
"746f3ab5-649f-441d-9371-b8606778868d","TradeIQ220320Strategy","BTC-USDT","Bybit Perpetual","long","52329.9","51952.1","0.01970497945477595","1.1301810671266201","1031.15960437048","-8.574722305141032","-8.31561115155968","14400.0","1708081200000.0","1708095600000.0"
"c0a3e503-2eae-4855-99ba-61a99c0c1364","TradeIQ220320Strategy","BTC-USDT","Bybit Perpetual","long","51838.2","51561.8","0.019726473567086417","1.1218445517602047","1022.5848820653391","-6.574241845702776","-6.429042675092774","14400.0","1708207200000.0","1708221600000.0"
"9cbce424-4e24-491f-b1bd-3deee4de42d6","TradeIQ220320Strategy","BTC-USDT","Bybit Perpetual","long","51688.6","51547.7","0.019656377619429358","1.1160884332579823","1016.0106402196362","-3.8856720398356073","-3.824440302116936","3600.0","1708236000000.0","1708239600000.0"
"3be53294-7787-42b4-94f9-56a629ee2bd8","TradeIQ220320Strategy","BTC-USDT","Bybit Perpetual","long","51703.7","51592.6","0.01957548431117697","1.1121413050289464","1012.1249681798007","-3.2869776120006793","-3.247600558567347","18000.0","1708243200000.0","1708261200000.0"
"8fbc556a-f576-4d26-88dc-192ba054eaaf","TradeIQ220320Strategy","BTC-USDT","Bybit Perpetual","long","51919.3","52176.1","0.01943088582796378","1.1124662079389216","1008.8379905677999","3.8773852726820923","3.843417187827949","82800.0","1708268400000.0","1708351200000.0"
"928420b9-43c1-478f-bbe1-7ab1258c3262","TradeIQ220320Strategy","BTC-USDT","Bybit Perpetual","long","51941.3","51869.2","0.019497305147165783","1.1132137477889195","1012.7153758404821","-2.5189694488996857","-2.487341961021495","7200.0","1708408800000.0","1708416000000.0"
"bd79fc8e-6669-4d01-93c7-bbb950e5d533","TradeIQ220320Strategy","BTC-USDT","Bybit Perpetual","long","52157.2","52079.2","0.01936830210194532","1.1103851468705672","1010.1964063915824","-2.6211127108223025","-2.594656538311106","14400.0","1708426800000.0","1708441200000.0"
"37e4c1ab-ba85-4d0e-a328-e8a2ce999226","TradeIQ220320Strategy","BTC-USDT","Bybit Perpetual","long","52297.4","51985.9","0.01926625976971628","1.1050320310937898","1007.5752936807603","-7.106471949360412","-7.05304307671127","18000.0","1708473600000.0","1708491600000.0"
"3eaf33fd-fc16-48f9-aa5b-20a0f8e96a41","TradeIQ220320Strategy","BTC-USDT","Bybit Perpetual","short","50988.1","51334.9","0.019621614096846124","1.1042583305773723","1000.4688217313998","-7.909034099363665","-7.905327909845688","3600.0","1708516800000.0","1708520400000.0"
"78eba9ec-a6dd-46cc-81b8-8e31be76b9f4","TradeIQ220320Strategy","BTC-USDT","Bybit Perpetual","short","50969.4","51183.7","0.019473640804718834","1.094111027068688","992.5597876320361","-5.267312251519849","-5.306795940309198","3600.0","1708527600000.0","1708531200000.0"
"0f3e15d5-ca8d-4721-9ac0-9a87d24f4825","TradeIQ220320Strategy","BTC-USDT","Bybit Perpetual","short","50956.5","51082.0","0.019375201895352235","1.0873590962293944","987.2924753805162","-3.5189469340960997","-3.5642395965185987","7200.0","1708538400000.0","1708545600000.0"
"7e1625bd-4c0a-4ec1-b3db-b8183c692440","TradeIQ220320Strategy","BTC-USDT","Bybit Perpetual","long","51533.2","51268.5","0.019090091988202173","1.0793716502489599","983.7735284464202","-6.132518999526019","-6.233669459688067","10800.0","1708556400000.0","1708567200000.0"
"6ef4a846-e6b1-406b-a5f0-8315ea0ae7fd","TradeIQ220320Strategy","BTC-USDT","Bybit Perpetual","long","51612.1","51468.4","0.018942089344298994","1.073908022360257","977.6410094468941","-3.7958862611359674","-3.8826995026359534","3600.0","1708574400000.0","1708578000000.0"
"821ccc03-ccf6-460f-91e2-6efbeff02539","TradeIQ220320Strategy","BTC-USDT","Bybit Perpetual","long","51558.8","51558.8","0.018888048658730578","1.071229635504334","973.8451231857582","-1.071229635504334","-1.1","25200.0","1708581600000.0","1708606800000.0"
"aae63aa0-85bb-4ed1-9468-a42418f40e1b","TradeIQ220320Strategy","BTC-USDT","Bybit Perpetual","long","52024.8","51481.6","0.018698272622869355","1.0644649869764706","972.7738935502537","-11.221366675719187","-11.535431563408306","7200.0","1708635600000.0","1708642800000.0"
"566604b3-aac8-4244-8912-8010e98f9c7c","TradeIQ220320Strategy","BTC-USDT","Bybit Perpetual","short","51124.5","51246.6","0.018808057328179924","1.0589708346518618","961.5525268745345","-3.355434634422603","-3.4896009740926277","7200.0","1708657200000.0","1708664400000.0"
"24d87c35-687b-4fa6-852d-2ad1cdb12488","TradeIQ220320Strategy","BTC-USDT","Bybit Perpetual","short","50952.3","51208.4","0.01880576720266037","1.056665687803454","958.1970922401119","-5.872822668404747","-6.129034116222399","10800.0","1708675200000.0","1708686000000.0"
"bfe6561b-ee67-47b6-89b5-147e0e15b34f","TradeIQ220320Strategy","BTC-USDT","Bybit Perpetual","short","51018.1","51130.9","0.01866640015154832","1.04871475999428","952.3242695717073","-3.1542846970889844","-3.312196063749981","21600.0","1708693200000.0","1708714800000.0"
"51063164-ec3d-4379-8156-7fcdd5858ec4","TradeIQ220320Strategy","BTC-USDT","Bybit Perpetual","short","50771.9","51067.8","0.018694789536625935","1.0471294668852185","949.1699848746183","-6.57891769077286","-6.931232335209073","21600.0","1708732800000.0","1708754400000.0"
"e7e5cb0a-0796-45db-8395-b75e935a0e85","TradeIQ220320Strategy","BTC-USDT","Bybit Perpetual","long","51151.9","51105.4","0.018427293359266135","1.0363788958745668","942.5910671838454","-1.893248037080442","-2.008557160144589","3600.0","1708776000000.0","1708779600000.0"
"a4cdd645-0d7f-4562-9319-d2a3c7535071","TradeIQ220320Strategy","BTC-USDT","Bybit Perpetual","long","51166.6","51124.6","0.01838499761850045","1.034342907616454","940.697819146765","-1.806512807593473","-1.9203965086599464","7200.0","1708783200000.0","1708790400000.0"
"d6aeab59-ec91-4dd5-a700-9dd74cc96700","TradeIQ220320Strategy","BTC-USDT","Bybit Perpetual","long","51245.0","51633.6","0.018321617842505054","1.0366963163545673","938.8913063391715","6.083084377242869","6.47900809835103","57600.0","1708794000000.0","1708851600000.0"
"2440c3b8-9791-4ef9-a5eb-33d60bfca7db","TradeIQ220320Strategy","BTC-USDT","Bybit Perpetual","long","51708.0","51507.9","0.01827520675169054","1.0374605519089986","944.9743907164144","-4.694329422922249","-4.9676789858435555","21600.0","1708891200000.0","1708912800000.0"
"05f8516b-8da1-48e9-9ab4-16c94aca5a72","TradeIQ220320Strategy","BTC-USDT","Bybit Perpetual","short","51287.0","51720.0","0.018333691993945682","1.0386742361711998","940.2800612934922","-8.97716286954968","-9.547328757774874","21600.0","1708938000000.0","1708959600000.0"
"51baf408-dfa2-4b31-bba8-db9495070472","TradeIQ220320Strategy","BTC-USDT","Bybit Perpetual","long","51720.0","52872.3","0.018006629899921547","1.0358451600648606","931.3028984239425","19.71319447361479","21.16732859628776","3600.0","1708959600000.0","1708963200000.0"
"d524b4e8-3827-46df-8727-4420a0ec6fcd","TradeIQ220320Strategy","BTC-USDT","Bybit Perpetual","long","52872.3","54531.3","0.017987038447307136","1.0625299754185584","951.0160928975572","28.77796680866398","30.26023116074012","14400.0","1708963200000.0","1708977600000.0"
"461f03f8-117f-40ec-a129-d9eaccfcc72f","TradeIQ220320Strategy","BTC-USDT","Bybit Perpetual","long","54531.3","56428.8","0.017967553674792663","1.0965248538806989","979.7940597062212","32.99690824403838","33.677391608122306","25200.0","1708977600000.0","1709002800000.0"
"b5af3502-b668-47b3-84c2-554403e3d8c1","TradeIQ220320Strategy","BTC-USDT","Bybit Perpetual","long","56428.8","56775.0","0.017948121667486452","1.1174875665919917","1012.7909679502595","5.096152154691766","5.031790681354151","46800.0","1709002800000.0","1709049600000.0"
"458ca358-194c-4d72-9538-befdb4a93c12","TradeIQ220320Strategy","BTC-USDT","Bybit Perpetual","long","57390.7","59503.7","0.017736098707716606","1.1402878392286193","1017.8871201049514","36.33608873017657","35.697562148571116","46800.0","1709064000000.0","1709110800000.0"
"337573fb-938f-4d74-b65b-5398a6ec2279","TradeIQ220320Strategy","BTC-USDT","Bybit Perpetual","long","59503.7","62530.3","0.01771693539788497","1.189137671890022","1054.223208835128","52.432939003348736","49.73608868019982","28800.0","1709110800000.0","1709139600000.0"
"0a13ddf1-7be8-4807-8630-b2a79373fbcc","TradeIQ220320Strategy","BTC-USDT","Bybit Perpetual","long","62530.3","61467.8","0.017697918414568244","1.2069795415488112","1106.6561478384767","-20.01101785702757","-18.082416924275112","3600.0","1709139600000.0","1709143200000.0"
"a2e88462-e23b-4b7d-8028-39bdd38ebb1c","TradeIQ220320Strategy","BTC-USDT","Bybit Perpetual","long","63053.399999999994","61082.9","0.017233727760619558","1.1766321596758287","1086.6451299814491","-35.13569271197654","-32.33410038158121","39600.0","1709190000000.0","1709229600000.0"
"6716bec0-0bd0-4410-a493-2a959d35c634","TradeIQ220320Strategy","BTC-USDT","Bybit Perpetual","long","61974.59999999999","61435.80000000001","0.01696678054024508","1.1516324452511237","1051.5094372694725","-10.293333800334851","-9.789102632368442","3600.0","1709240400000.0","1709244000000.0"
"bdd9823f-9e5a-4eb6-b647-287159b38c72","TradeIQ220320Strategy","BTC-USDT","Bybit Perpetual","long","61613.1","61385.9","0.01689926498535437","1.1432259816634813","1041.2161034691374","-4.982738986335946","-4.785499349975851","3600.0","1709269200000.0","1709272800000.0"
"caa1297c-62a2-4c01-83a4-fb170d1aa6cf","TradeIQ220320Strategy","BTC-USDT","Bybit Perpetual","long","61625.799999999996","61485.80000000001","0.016814927586867864","1.138561951506893","1036.2333644828016","-3.4926518136681493","-3.3705263055406256","3600.0","1709276400000.0","1709280000000.0"
"9c0f3151-d5ab-4e93-8f96-bd7ff4e60237","TradeIQ220320Strategy","BTC-USDT","Bybit Perpetual","long","61979.99999999999","61335.3","0.016662483263458105","1.1301065173080733","1032.7407126691332","-11.872409477259344","-11.496021539206033","25200.0","1709283600000.0","1709308800000.0"
"11de4a84-bf9d-4d88-b04f-c96fa05935aa","TradeIQ220320Strategy","BTC-USDT","Bybit Perpetual","long","62244.1","64120.6","0.01640104529090908","1.1398822423296764","1020.8683031918739","29.636679246061213","29.030854570955324","68400.0","1709470800000.0","1709539200000.0"
"94c11785-dde7-4bc8-9254-77fed8fb178f","TradeIQ220320Strategy","BTC-USDT","Bybit Perpetual","long","64120.6","66505.4","0.01638326812971081","1.1770444304913825","1050.504982437935","37.89377340524288","36.07195971341496","28800.0","1709539200000.0","1709568000000.0"
"6b58cb5f-f8b4-4895-b169-6edc7f48ddb8","TradeIQ220320Strategy","BTC-USDT","Bybit Perpetual","long","66505.4","67450.1","0.01636556965063255","1.20574193593442","1088.398755843178","14.254811713018341","13.09704888625603","46800.0","1709568000000.0","1709614800000.0"
"91f3d431-d88d-4f19-89c7-001f09bceb82","TradeIQ220320Strategy","BTC-USDT","Bybit Perpetual","long","67851.9","66841.3","0.01625088711673802","1.2038861937257197","1102.6535675561963","-17.62703271390102","-15.986011592895577","7200.0","1709647200000.0","1709654400000.0"
"f6880b4e-23d9-4183-acc1-465b939b2bca","TradeIQ220320Strategy","BTC-USDT","Bybit Perpetual","short","61510.2","61956.59999999999","0.01763978226119075","1.1978601076672923","1085.0265348422952","-9.07225890906274","-8.361324463259658","3600.0","1709668800000.0","1709672400000.0"
"9d269b48-dcc3-4496-8b13-f3f8ed31867a","TradeIQ220320Strategy","BTC-USDT","Bybit Perpetual","long","66475.9","65972.6","0.016185629317289913","1.1790692785470902","1075.9542759332323","-9.325296513938914","-8.667000747639197","61200.0","1709704800000.0","1709766000000.0"
"4350816d-e4b7-4a86-820f-906dca6c47d6","TradeIQ220320Strategy","BTC-USDT","Bybit Perpetual","long","66974.9","66870.0","0.015925801746912552","1.1723730382294346","1066.6289794192935","-2.842989641480469","-2.6653969621454334","43200.0","1709812800000.0","1709856000000.0"
"c3eb906c-8082-4903-a6d0-5bbcdfa33979","TradeIQ220320Strategy","BTC-USDT","Bybit Perpetual","long","67219.9","66961.4","0.0158254622482005","1.1679146036604564","1063.7859897778128","-5.258796594820286","-4.943472319952871","7200.0","1709870400000.0","1709877600000.0"
"0f6e508c-7f81-4a5d-8b11-6029188b2071","TradeIQ220320Strategy","BTC-USDT","Bybit Perpetual","long","67836.9","67863.7","0.015604003030548161","1.1646099155059622","1058.5271931829925","-0.746422634287226","-0.7051520632575647","10800.0","1709906400000.0","1709917200000.0"
"ccd09d82-cd52-4a3a-b325-f80c6ffee719","TradeIQ220320Strategy","BTC-USDT","Bybit Perpetual","long","68360.1","69734.70000000001","0.015473657448551205","1.175257396844404","1057.7807705487053","20.094832131934172","18.997161502104383","32400.0","1710028800000.0","1710061200000.0"
"f8d63297-d839-4545-a4ee-b12c94813c69","TradeIQ220320Strategy","BTC-USDT","Bybit Perpetual","long","69734.7","69332.4","0.01545680418329238","1.1822431131710869","1077.875602680639","-7.400515436109657","-6.865834441103252","21600.0","1710061200000.0","1710082800000.0"
"f46bba18-7e85-4eaf-9479-0c1ed9b46621","TradeIQ220320Strategy","BTC-USDT","Bybit Perpetual","long","69393.3","71894.6","0.015426202345824874","1.1987446539291686","1070.4750872445293","37.386815273682636","34.92544172131896","10800.0","1710140400000.0","1710151200000.0"
"35176fae-627a-47d5-a42e-fe6af61d89f5","TradeIQ220320Strategy","BTC-USDT","Bybit Perpetual","long","71894.6","72068.4","0.015409528706164464","1.220121089619055","1107.8619025182118","1.4580549995121492","1.3160981492349682","54000.0","1710151200000.0","1710205200000.0"
"ca73a76f-b9b9-4f91-bdcd-1e4b33d94e56","TradeIQ220320Strategy","BTC-USDT","Bybit Perpetual","long","72098.7","71730.1","0.015386129812572546","1.217132723172594","1109.319957517724","-6.8884601720867","-6.209624306679473","10800.0","1710244800000.0","1710255600000.0"
"53c4b811-5312-45c1-9cba-6eb74f30633d","TradeIQ220320Strategy","BTC-USDT","Bybit Perpetual","long","72076.7","72240.0","0.015295254879116796","1.2140483903971693","1102.4314973456376","1.283666731362648","1.1643959143523899","43200.0","1710295200000.0","1710338400000.0"
"8f0c43f2-c4e2-4f4c-bbaf-e101ab436d71","TradeIQ220320Strategy","BTC-USDT","Bybit Perpetual","long","73146.0","72939.4","0.015089207394485004","1.2123720938484648","1103.715164077","-4.329802341549154","-3.9229345418752337","54000.0","1710363600000.0","1710417600000.0"
"5cecc7a4-3e2a-45df-93a7-2b7bc7335572","TradeIQ220320Strategy","BTC-USDT","Bybit Perpetual","short","69500.4","70810.8","0.01581840337228924","1.2207245375874725","1099.385361735451","-21.949160316635428","-19.96493775575405","3600.0","1710446400000.0","1710450000000.0"
"a2698ee8-5c25-4706-80f6-50d5b56824fa","TradeIQ220320Strategy","BTC-USDT","Bybit Perpetual","long","71971.0","71700.0","0.014970421439452217","1.1829484802451469","1077.4362014188155","-5.239932690336698","-4.863334537522058","3600.0","1710464400000.0","1710468000000.0"
"a81369d8-4e92-4805-bca6-0714f1f1b63b","TradeIQ220320Strategy","BTC-USDT","Bybit Perpetual","short","69062.4","70276.0","0.015525036325532836","1.1897785468478936","1072.1962687284788","-20.030962631514633","-18.682179014919924","57600.0","1710471600000.0","1710529200000.0"
"1ab93bee-7b36-4f73-856c-21824fac297c","TradeIQ220320Strategy","BTC-USDT","Bybit Perpetual","long","70276.0","69003.0","0.014971900877923673","1.1468992603069823","1052.165306096964","-20.206129077903817","-19.204329358529225","3600.0","1710529200000.0","1710532800000.0"
"91ef614f-081b-469d-996a-6bdbc33aa80d","TradeIQ220320Strategy","BTC-USDT","Bybit Perpetual","long","69552.2","69332.4","0.014837189578748917","1.1333614268727916","1031.9591770190605","-4.394575696281847","-4.2584782364900455","7200.0","1710547200000.0","1710554400000.0"
"294baad1-ba04-4140-9f1e-f481da920fa7","TradeIQ220320Strategy","BTC-USDT","Bybit Perpetual","short","68300.1","65350.99999999999","0.015044847684304686","1.105918243286876","1027.5646013227786","43.262842062496276","42.10230870818656","43200.0","1710590400000.0","1710633600000.0"
"50c3a890-bdfe-4663-9dda-b6b9ecf4e7d2","TradeIQ220320Strategy","BTC-USDT","Bybit Perpetual","short","65351.0","66559.3","0.016385785120124785","1.1887996070121583","1070.8274433852748","-20.987743767658984","-19.599557237073697","32400.0","1710633600000.0","1710666000000.0"
"ba7c9f37-47b6-4c6c-bebf-92cbe72465a6","TradeIQ220320Strategy","BTC-USDT","Bybit Perpetual","short","67360.8","67686.6","0.015585321130651891","1.1576164032727791","1049.839699617616","-6.235314027639211","-5.939301047493541","3600.0","1710723600000.0","1710727200000.0"
"71349a63-1ba0-4480-b8d8-80b68354091d","TradeIQ220320Strategy","BTC-USDT","Bybit Perpetual","short","67045.2","67673.9","0.015565683831056908","1.1533472041324964","1043.6043855899766","-10.939492628717929","-10.482413431535695","25200.0","1710774000000.0","1710799200000.0"
"4e264af0-6e85-40c8-b933-8f5ac33afd20","TradeIQ220320Strategy","BTC-USDT","Bybit Perpetual","short","65899.1","62928.4","0.015670394481279087","1.11032775977034","1032.6648929612588","45.44171312576551","44.00431682678525","46800.0","1710813600000.0","1710860400000.0"
"7cf11bb7-c0d0-476f-a789-ddb917d7cc2b","TradeIQ220320Strategy","BTC-USDT","Bybit Perpetual","short","62928.4","64083.99999999999","0.017132274236863233","1.1968061975551922","1078.1066060870244","-20.994862305674197","-19.473827715308055","3600.0","1710860400000.0","1710864000000.0"
"85abb49b-9c86-4c22-a7a1-fa1c09b1e7b7","TradeIQ220320Strategy","BTC-USDT","Bybit Perpetual","short","62682.6","63431.99999999999","0.01686451652901044","1.169773965937247","1057.1117437813498","-13.808042652777573","-13.062046405222407","46800.0","1710889200000.0","1710936000000.0"
"99cab288-94f6-4d97-a89e-c3ff4dfbf310","TradeIQ220320Strategy","BTC-USDT","Bybit Perpetual","long","67092.2","66707.8","0.01555029796501787","1.1443464272456652","1043.303701128572","-7.121880964998444","-6.826277868366132","25200.0","1710968400000.0","1710993600000.0"
"74cd7cf1-cd44-47cc-853e-31f0a185d270","TradeIQ220320Strategy","BTC-USDT","Bybit Perpetual","short","65785.1","66017.8","0.015751010793683882","1.1418158952963608","1036.1818201635735","-4.807076106986554","-4.639220659389393","36000.0","1711044000000.0","1711080000000.0"
"d939c2c5-f54e-4a64-8a25-dce50803e099","TradeIQ220320Strategy","BTC-USDT","Bybit Perpetual","short","64695.899999999994","63826.0","0.015941887261118358","1.1268849022116","1031.3747440565871","12.740962826235167","12.353378730336765","46800.0","1711105200000.0","1711152000000.0"
"92acb008-9d18-4508-ad93-33009f678020","TradeIQ220320Strategy","BTC-USDT","Bybit Perpetual","short","64020.30000000001","64624.600000000006","0.016309134866328685","1.153947863180952","1044.1157068828225","-11.009558062903306","-10.544385062238003","28800.0","1711238400000.0","1711267200000.0"
"3e9a1c20-9290-487a-bcac-fb5a2050e257","TradeIQ220320Strategy","BTC-USDT","Bybit Perpetual","long","65892.1","68046.6","0.015678755857225966","1.1549956974238276","1033.106148819919","32.62488379696951","31.57941111301658","68400.0","1711306800000.0","1711375200000.0"
"3102ac0b-d211-45ad-85dd-f36eb519a92c","TradeIQ220320Strategy","BTC-USDT","Bybit Perpetual","long","68046.6","70214.7","0.015661782258289004","1.1909801064413856","1065.7310326168886","32.76533000775486","30.744464602198946","10800.0","1711375200000.0","1711386000000.0"
"909ecc8e-5ff5-4824-a722-80144c4d0a1d","TradeIQ220320Strategy","BTC-USDT","Bybit Perpetual","long","70214.7","69904.6","0.015644820281574136","1.205677696563984","1098.4963626246433","-6.057136465879987","-5.514025054582464","18000.0","1711386000000.0","1711404000000.0"
"30e367e8-e492-487f-93a8-9ea133ab3b33","TradeIQ220320Strategy","BTC-USDT","Bybit Perpetual","long","70535.0","70377.59999999999","0.015487902830633917","1.2003423610265918","1092.4392261587634","-3.6381382665685056","-3.3302889345716133","25200.0","1711440000000.0","1711465200000.0"
"f1a1a889-a442-48e8-9a32-070081a07a44","TradeIQ220320Strategy","BTC-USDT","Bybit Perpetual","long","70420.0","70610.4","0.015461532063223449","1.1993003283190755","1088.8010878921953","1.7445753765185792","1.6022902584492218","43200.0","1711609200000.0","1711652400000.0"
"03ff517f-d8bd-4db0-b7c9-4564fa2034a2","TradeIQ220320Strategy","BTC-USDT","Bybit Perpetual","long","70497.8","70121.3","0.015469215539615614","1.1963969417877194","1090.5456632687137","-7.020556592452998","-6.437654862988632","3600.0","1711720800000.0","1711724400000.0"
"87b1eec6-0ff1-4704-bffd-7d480fe6f42e","TradeIQ220320Strategy","BTC-USDT","Bybit Perpetual","long","70075.1","69900.1","0.015462341212160391","1.1903893670022165","1083.5251066762607","-3.8962990791302854","-3.5959472052126933","7200.0","1711778400000.0","1711785600000.0"
"c8ab3cfd-9b08-4bc1-8d7f-249d34be347c","TradeIQ220320Strategy","BTC-USDT","Bybit Perpetual","long","70075.2","69979.8","0.015406717463483953","1.186783297891535","1079.6288075971306","-2.656584143907814","-2.460645849030673","32400.0","1711792800000.0","1711825200000.0"
"fb90bedd-9fe1-4ee8-9233-5ced227a60a4","TradeIQ220320Strategy","BTC-USDT","Bybit Perpetual","long","70095.9","69980.8","0.015364268430153873","1.1836968107855743","1076.9722234532228","-2.952124107096151","-2.7411330049259846","7200.0","1711850400000.0","1711857600000.0"
"7a0e46ac-369f-4271-8d8b-c388f2bb2c81","TradeIQ220320Strategy","BTC-USDT","Bybit Perpetual","long","70172.4","71135.1","0.015305449141630137","1.1895261150194951","1074.0200993461265","13.545029773628016","12.611523547719782","54000.0","1711861200000.0","1711915200000.0"
"e54ef3d3-97e1-4e4c-9d85-d1bf3902c222","TradeIQ220320Strategy","BTC-USDT","Bybit Perpetual","long","71135.1","70930.1","0.015288727071723443","1.1945978380543931","1087.5651291197544","-4.328786887757699","-3.980255316995408","25200.0","1711915200000.0","1711940400000.0"
"802ad2b9-0412-443b-9499-b55704bea67d","TradeIQ220320Strategy","BTC-USDT","Bybit Perpetual","short","69212.2","69651.7","0.01565094509684704","1.1953432011587317","1083.2363422319968","-8.073933571223005","-7.453529074353943","3600.0","1711951200000.0","1711954800000.0"
"f12883a8-df06-4c98-90f1-1849f5d76295","TradeIQ220320Strategy","BTC-USDT","Bybit Perpetual","short","68950.1","69682.1","0.015593340816920837","1.1889565285397432","1075.1624086607735","-12.603282006525795","-11.72221229555867","18000.0","1711983600000.0","1712001600000.0"
"ab441b6c-e564-4a2a-9f9e-5865434764ac","TradeIQ220320Strategy","BTC-USDT","Bybit Perpetual","long","69769.0","69629.1","0.015229674019324454","1.1676431920522559","1062.5591266542478","-3.2982745873556585","-3.104085697086015","3600.0","1712005200000.0","1712008800000.0"
"a397e321-30dd-4aa9-a331-fa175a24587f","TradeIQ220320Strategy","BTC-USDT","Bybit Perpetual","long","69756.0","69700.0","0.015185229257223638","1.1647192322124589","1059.260852066892","-2.0150920706169826","-1.9023567865129882","3600.0","1712012400000.0","1712016000000.0"
"299d481f-f5e0-499d-81d4-14ed02fe6a33","TradeIQ220320Strategy","BTC-USDT","Bybit Perpetual","short","67025.7","65829.9","0.01577373693965561","1.1525961069480604","1057.245759996275","17.709638525492164","16.750730242280245","82800.0","1712026800000.0","1712109600000.0"
"22894a0f-3cc5-483d-8d07-0d51b7abb629","TradeIQ220320Strategy","BTC-USDT","Bybit Perpetual","short","66094.3","66662.4","0.016263965251493203","1.187532695636599","1074.9553985217672","-10.427091355009747","-9.700022316599032","10800.0","1712145600000.0","1712156400000.0"
"2e2397bb-3b6c-4d15-b588-4d0bf66e7659","TradeIQ220320Strategy","BTC-USDT","Bybit Perpetual","short","66026.4","66297.5","0.016122767668186624","1.173385123156598","1064.5283071667573","-5.544267438002086","-5.2081916475834795","21600.0","1712170800000.0","1712192400000.0"
"3a684ba8-0348-4dbf-80c8-e81a48d16ed4","TradeIQ220320Strategy","BTC-USDT","Bybit Perpetual","short","65751.0","66104.8","0.01610597617874641","1.168016505606253","1058.9840397287553","-6.8663108776467805","-6.48386625298479","18000.0","1712199600000.0","1712217600000.0"
"172131e3-4d8d-4bcd-ada7-3575578ccdd5","TradeIQ220320Strategy","BTC-USDT","Bybit Perpetual","long","68847.4","67945.3","0.01528188034480763","1.1497473203937418","1052.1177288511087","-14.935531579444572","-14.195684731739924","10800.0","1712253600000.0","1712264400000.0"
"a0c09be3-0374-4d77-b1c0-5ab0dab66f84","TradeIQ220320Strategy","BTC-USDT","Bybit Perpetual","short","66907.4","67491.7","0.015501756117733826","1.1458821388536062","1037.182197271664","-10.203558238445526","-9.837768393331723","28800.0","1712296800000.0","1712325600000.0"
"78f8d7be-5632-4b7c-8302-db1a28cdeab8","TradeIQ220320Strategy","BTC-USDT","Bybit Perpetual","long","68129.1","67455.8","0.015074008595933584","1.1240943714433376","1026.9786390332188","-11.273424359085464","-10.977272487087058","10800.0","1712329200000.0","1712340000000.0"
"97f83605-17fd-4026-9a30-2c2fcbff0429","TradeIQ220320Strategy","BTC-USDT","Bybit Perpetual","long","67905.6","67699.9","0.014957606068927059","1.1155835073789386","1015.7052146741333","-4.192363075757409","-4.1275391867535465","3600.0","1712365200000.0","1712368800000.0"
"8528b8a8-724a-4a37-8d36-95f18043b311","TradeIQ220320Strategy","BTC-USDT","Bybit Perpetual","long","68028.5","67795.0","0.014868957151758101","1.110754590935999","1011.512851598376","-4.582656085871515","-4.53049714457911","14400.0","1712383200000.0","1712397600000.0"
"d6bf6861-7de8-41fe-a2bd-5bd38f8cabf0","TradeIQ220320Strategy","BTC-USDT","Bybit Perpetual","long","67981.9","69540.4","0.014811739529382152","1.120319467894853","1006.9301955125044","21.96377658864723","21.812610930262323","39600.0","1712415600000.0","1712455200000.0"
"5bebd3ca-fa84-4aad-85f1-9ced9454004d","TradeIQ220320Strategy","BTC-USDT","Bybit Perpetual","long","69540.4","69421.3","0.014795629189667469","1.1308141816211976","1028.8939721011516","-2.8929736181104637","-2.81173152584672","61200.0","1712455200000.0","1712516400000.0"
"eab1e74d-b6cc-4c7b-a8f6-408d3419f563","TradeIQ220320Strategy","BTC-USDT","Bybit Perpetual","long","69800.0","72057.3","0.01469915470606076","1.1468503193862403","1026.000998483041","32.03355159860475","31.221754799426975","7200.0","1712559600000.0","1712566800000.0"
"50d72ded-50ab-472d-be7b-b9941a714558","TradeIQ220320Strategy","BTC-USDT","Bybit Perpetual","long","72057.3","71470.0","0.014683238895735003","1.1590950986779047","1058.0345500816459","-9.782561302143115","-9.245975286334666","57600.0","1712566800000.0","1712624400000.0"
"1e327881-db50-4c81-83f8-3443b884c3a1","TradeIQ220320Strategy","BTC-USDT","Bybit Perpetual","short","68662.7","69220.2","0.015266687572430198","1.1577583357343495","1048.2519887795029","-9.668936657364185","-9.22386674278757","14400.0","1712682000000.0","1712696400000.0"
"5c868374-754a-408a-b96b-6c26cb6480fd","TradeIQ220320Strategy","BTC-USDT","Bybit Perpetual","short","68975.9","69542.00000000001","0.015057187396208514","1.1471294879160991","1038.5830521221387","-9.671003272910045","-9.311728371793922","21600.0","1712746800000.0","1712768400000.0"
"a0a36111-01a0-4740-8967-59ff5469eb9e","TradeIQ220320Strategy","BTC-USDT","Bybit Perpetual","long","69542.0","70521.7","0.014795548716591826","1.1397756132268566","1028.9120488492288","13.355423464418113","12.980140993931686","64800.0","1712768400000.0","1712833200000.0"
"e7c3d696-0ab9-461a-aea7-c747745fb3cb","TradeIQ220320Strategy","BTC-USDT","Bybit Perpetual","long","70547.4","70172.4","0.014774002618291345","1.1434470815049889","1042.2674723136467","-6.683698063364243","-6.412651493889215","3600.0","1712869200000.0","1712872800000.0"
"51b525d0-ef63-4e23-9568-7fec938634c4","TradeIQ220320Strategy","BTC-USDT","Bybit Perpetual","long","70342.0","70584.9","0.014722125817438833","1.1411089540738915","1035.5837742502824","2.4348954069819153","2.3512297773733213","43200.0","1712883600000.0","1712926800000.0"
"6e34a6c2-6a74-4ae8-9565-f75d676c7f3d","TradeIQ220320Strategy","BTC-USDT","Bybit Perpetual","short","69289.7","66522.6","0.014980850972904547","1.1190211046230725","1038.0186696572641","40.33449162250097","38.85719284395792","14400.0","1712934000000.0","1712948400000.0"
"061ecf8f-ef9d-4eea-9c1a-04859a3729fa","TradeIQ220320Strategy","BTC-USDT","Bybit Perpetual","short","66522.6","67188.4","0.016210327937870212","1.1921245373953102","1078.3531612797651","-11.984960878429108","-11.114133392260499","32400.0","1712948400000.0","1712980800000.0"
"b37a324f-7f0d-4851-b50d-07e9c9ca61d4","TradeIQ220320Strategy","BTC-USDT","Bybit Perpetual","short","64779.09999999999","64511.99999999999","0.01646160876581083","1.1705867278057285","1066.3682004013363","3.22630897354232","3.0255112374206887","46800.0","1713038400000.0","1713085200000.0"
"5e06071c-6e2e-4a59-9f66-1c272eacdb9f","TradeIQ220320Strategy","BTC-USDT","Bybit Perpetual","short","64221.3","63487.899999999994","0.0166548249470951","1.1698359035734567","1069.5945093748785","11.044812712626234","10.326168109334578","61200.0","1713193200000.0","1713254400000.0"
"900a6f18-2566-4cc6-b048-f1d60cb58970","TradeIQ220320Strategy","BTC-USDT","Bybit Perpetual","short","62534.200000000004","63977.299999999996","0.0172807731143519","1.2024190903209817","1080.6393220875045","-26.140302771642055","-24.189664615522243","39600.0","1713265200000.0","1713304800000.0"
"2e241cf5-388b-4709-b824-2eac46041086","TradeIQ220320Strategy","BTC-USDT","Bybit Perpetual","short","62576.899999999994","61254.49999999999","0.01685125053040119","1.147692669711677","1054.4990193158621","21.13640103169088","20.044021515926826","43200.0","1713355200000.0","1713398400000.0"
"1efa97f2-7ca8-4d40-9a5f-21f54ada0976","TradeIQ220320Strategy","BTC-USDT","Bybit Perpetual","short","61000.0","64596.0","0.017633367546681197","1.2180742367161346","1075.635420347553","-64.62766393458172","-60.08324262295082","18000.0","1713492000000.0","1713510000000.0"
"fceba263-7499-45b0-92a1-926b009d057c","TradeIQ220320Strategy","BTC-USDT","Bybit Perpetual","long","64744.8","64426.1","0.015615273449187754","1.1093714088477276","1011.0077564129713","-6.085959057103933","-6.019695713014857","18000.0","1713520800000.0","1713538800000.0"
"1ad891eb-7edf-4641-950c-b1cd4610c5ba","TradeIQ220320Strategy","BTC-USDT","Bybit Perpetual","short","63787.4","63803.7","0.015754236688685655","1.1055552138233682","1004.9217973558674","-1.3623492718488757","-1.3556769048432078","10800.0","1713571200000.0","1713582000000.0"
"eaf82f21-18fa-444a-b1a4-cd453003ba84","TradeIQ220320Strategy","BTC-USDT","Bybit Perpetual","short","63706.8","63846.5","0.015752783817175223","1.105125758037013","1003.5594480840185","-3.305789657296346","-3.2940646053482063","18000.0","1713603600000.0","1713621600000.0"
"61981a9c-77bb-4713-8dbf-a31434e5abd3","TradeIQ220320Strategy","BTC-USDT","Bybit Perpetual","long","64771.0","64872.6","0.015442924432643034","1.1011419748866902","1000.253658426722","0.4678591474698197","0.4677405011501838","64800.0","1713628800000.0","1713693600000.0"
"88f5fa47-c3b8-47c6-b94d-b92d73425717","TradeIQ220320Strategy","BTC-USDT","Bybit Perpetual","short","64557.4","64793.0","0.015501267361668715","1.102802323556336","1000.7215175741919","-4.7549009139654625","-4.751472642950281","3600.0","1713718800000.0","1713722400000.0"
"3d779847-5181-4d26-85cd-46942840de8a","TradeIQ220320Strategy","BTC-USDT","Bybit Perpetual","short","64506.9","64621.5","0.015439691206060539","1.096536442062967","995.9666166602266","-2.8659250542774823","-2.87753124084398","3600.0","1713729600000.0","1713733200000.0"
"0fe0f8d3-3b21-459c-90a3-42d518d90aa3","TradeIQ220320Strategy","BTC-USDT","Bybit Perpetual","long","65677.6","66582.8","0.01512084320386173","1.0999388237640189","993.1006916059492","12.587448444371574","12.674896463938953","82800.0","1713758400000.0","1713841200000.0"
"37ff438e-9bf7-40f4-8334-2379990a0dbe","TradeIQ220320Strategy","BTC-USDT","Bybit Perpetual","long","66467.2","66316.2","0.015130592834515682","1.1050003583204462","1005.6881400503207","-3.389719876332314","-3.3705477288045835","25200.0","1713880800000.0","1713906000000.0"
"a53df9a2-967b-4a44-b607-07a0b4f1a708","TradeIQ220320Strategy","BTC-USDT","Bybit Perpetual","long","66978.4","66328.4","0.014964502289902244","1.0971784526227473","1002.2984201739883","-10.824104941059206","-10.799283649654217","18000.0","1713934800000.0","1713952800000.0"
"0428792e-40c6-4fc4-9dc7-86a36a48cb67","TradeIQ220320Strategy","BTC-USDT","Bybit Perpetual","long","66550.7","66317.8","0.014898029851420485","1.0887133836224046","991.4743152329293","-4.558464536018149","-4.597662759369837","3600.0","1713960000000.0","1713963600000.0"
"7ed58e6c-57da-4c08-aef8-ab7046ae5955","TradeIQ220320Strategy","BTC-USDT","Bybit Perpetual","short","65212.7","63438.3","0.01513379833524622","1.0708380592952689","986.9158506969111","25.782573706765536","26.124389114390205","72000.0","1713970800000.0","1714042800000.0"
"90ac5fd2-03d1-4989-b5ae-708fe20e1b2c","TradeIQ220320Strategy","BTC-USDT","Bybit Perpetual","short","63438.3","63388.9","0.015963517692051593","1.1135345380683512","1012.6984244036767","-0.32493676408097927","-0.3208623181894619","7200.0","1714042800000.0","1714050000000.0"
"bba9e00a-eec5-4691-861b-3ed164c520d9","TradeIQ220320Strategy","BTC-USDT","Bybit Perpetual","short","63399.9","64401.59999999999","0.015968061268859975","1.1224082002387146","1012.3734876395955","-17.117615173255587","-16.908399303468773","10800.0","1714053600000.0","1714064400000.0"
"4703c883-892f-401a-abce-ae0123774332","TradeIQ220320Strategy","BTC-USDT","Bybit Perpetual","short","64236.6","64454.1","0.015493595122816898","1.096634881029541","995.25587246634","-4.466491820242216","-4.487782432445055","7200.0","1714118400000.0","1714125600000.0"
"e4a8a11a-018f-488b-b23f-723cffdffa47","TradeIQ220320Strategy","BTC-USDT","Bybit Perpetual","short","64069.1","64465.4","0.01546438736686012","1.0932390139031252","990.7893806460977","-7.2217757273898355","-7.288911113157558","10800.0","1714129200000.0","1714140000000.0"
"6a9830f8-4463-4bfb-aa49-059bb225e58c","TradeIQ220320Strategy","BTC-USDT","Bybit Perpetual","short","63481.3","62944.3","0.015493816366689213","1.0773482667466772","983.567604918708","7.2428311221654305","7.363836594398665","57600.0","1714147200000.0","1714204800000.0"
"7a767943-3190-4d08-b1e8-fa85de63e13d","TradeIQ220320Strategy","BTC-USDT","Bybit Perpetual","short","63459.1","63740.2","0.01561337043924155","1.09230538478172","990.8104360408735","-5.4812238152524975","-5.532061044042519","7200.0","1714305600000.0","1714312800000.0"
"d1626951-aff5-45e2-a2b1-36116b04c35c","TradeIQ220320Strategy","BTC-USDT","Bybit Perpetual","short","63508.6","63676.5","0.015514894238349154","1.0852948563566236","985.3292122256211","-3.690245598975469","-3.74519049388589","3600.0","1714320000000.0","1714323600000.0"
"fae0a549-b24b-4bf4-9c61-07bbbac32de5","TradeIQ220320Strategy","BTC-USDT","Bybit Perpetual","short","63127.9","62508.6","0.01555000192667023","1.0745062993830574","981.6389666266456","8.555609893803862","8.715638014253651","39600.0","1714345200000.0","1714384800000.0"
"2ba68703-6cf5-416c-8b68-f56428643354","TradeIQ220320Strategy","BTC-USDT","Bybit Perpetual","short","61990.1","62810.0","0.015973430862677256","1.0964171729528642","990.1945765204493","-14.19303313726197","-14.33357995873537","3600.0","1714399200000.0","1714402800000.0"
"cb9fff6e-2b95-45e6-8575-b086f811d6c9","TradeIQ220320Strategy","BTC-USDT","Bybit Perpetual","long","64565.9","63580.4","0.01511636240466233","1.0654082513891192","976.0015433831875","-15.962583401183844","-16.355080080971536","3600.0","1714438800000.0","1714442400000.0"
"ee864d63-caf9-410e-9674-b354d2066c2f","TradeIQ220320Strategy","BTC-USDT","Bybit Perpetual","short","63123.8","61182.3","0.015208827098210241","1.0398024901840577","960.0389599820037","28.488135320991127","29.67393669265792","14400.0","1714464000000.0","1714478400000.0"
"8341c47d-1800-48ed-870a-d117b8613040","TradeIQ220320Strategy","BTC-USDT","Bybit Perpetual","short","61182.3","60561.0","0.016157076397961417","1.0818586894719648","988.5270953029948","8.95653287658151","9.060482933789721","39600.0","1714478400000.0","1714518000000.0"
"31391715-0aa1-4e3e-9f9f-72706aa5d13a","TradeIQ220320Strategy","BTC-USDT","Bybit Perpetual","short","57482.0","58538.4","0.017352973594857112","1.107314415715618","997.4836281795765","-19.438995721322694","-19.4880348630876","100800.0","1714550400000.0","1714651200000.0"
"719714de-ad65-4342-89ca-dead1d73c3b5","TradeIQ220320Strategy","BTC-USDT","Bybit Perpetual","short","59009.0","59269.3","0.016574499355322982","1.0782219839042841","978.0446324582539","-5.392564166094905","-5.513617668491297","3600.0","1714734000000.0","1714737600000.0"
"2e320548-998c-4589-9eeb-fe67a7a139d1","TradeIQ220320Strategy","BTC-USDT","Bybit Perpetual","long","61654.1","64393.6","0.01577595112558871","1.0936872950810774","972.6520682921588","42.12453081346919","43.308940767929464","75600.0","1714744800000.0","1714820400000.0"
"3f79f6b1-34af-46fd-8147-0341ff0ac07f","TradeIQ220320Strategy","BTC-USDT","Bybit Perpetual","long","64393.6","63663.9","0.015758966715723736","1.1099296341093359","1014.776599105628","-12.6092476465729","-12.425638961014714","21600.0","1714820400000.0","1714842000000.0"
"5b9aa613-220c-451b-a758-fbf457fb3fb3","TradeIQ220320Strategy","BTC-USDT","Bybit Perpetual","long","63697.1","63830.1","0.01573332775682182","1.1035349795303722","1002.167351459055","0.9889976121269299","0.9868587423917261","72000.0","1714896000000.0","1714968000000.0"
"d013940b-11ae-444f-aafe-53a99422f9e0","TradeIQ220320Strategy","BTC-USDT","Bybit Perpetual","long","65109.0","63982.0","0.01540733768098392","1.0939217457167425","1003.156349071182","-18.45799131218562","-18.39991475832834","7200.0","1714986000000.0","1714993200000.0"
"b0b6d3af-4e2d-4e27-92c8-84788e6363f3","TradeIQ220320Strategy","BTC-USDT","Bybit Perpetual","long","63648.9","63472.4","0.015470783591845207","1.0816663672177178","984.6983577589964","-3.812259671178397","-3.8714999787898927","14400.0","1715068800000.0","1715083200000.0"
"82a2fb88-92c7-4b0c-82b1-929dc8239b6c","TradeIQ220320Strategy","BTC-USDT","Bybit Perpetual","short","62296.0","62864.0","0.015745571113519617","1.0838936243124633","980.886098087818","-10.027378016791605","-10.222775138050597","14400.0","1715126400000.0","1715140800000.0"
"2493fbf2-1479-451b-b6f7-9f75e7a2f2dd","TradeIQ220320Strategy","BTC-USDT","Bybit Perpetual","short","62503.4","62530.0","0.0155328945316739","1.0681718383251275","970.8587200710265","-1.4813468328676307","-1.5258109158861526","36000.0","1715144400000.0","1715180400000.0"
"8af2ddcc-8cb8-455b-8406-6ea5bda5b4e8","TradeIQ220320Strategy","BTC-USDT","Bybit Perpetual","short","61544.0","61480.8","0.015750964728294535","1.0657676070280193","969.3773732381588","-0.07030663619985056","-0.07252762251402113","57600.0","1715202000000.0","1715259600000.0"
"722efdac-c26e-4dfe-9002-be11890e5abf","TradeIQ220320Strategy","BTC-USDT","Bybit Perpetual","long","62580.0","63276.5","0.015489087034227531","1.0721712552777916","969.3070666019589","9.715977864061685","10.02363255033557","54000.0","1715288400000.0","1715342400000.0"
"459464e2-6ade-4f1f-96b3-0b16c83788a6","TradeIQ220320Strategy","BTC-USDT","Bybit Perpetual","long","62990.5","61034.8","0.015542392018892064","1.0602074080733819","979.0230444660206","-31.456463479420545","-32.13046276819516","7200.0","1715346000000.0","1715353200000.0"
"e68d3831-1606-4c3a-80dd-957decb9b573","TradeIQ220320Strategy","BTC-USDT","Bybit Perpetual","short","61034.8","60939.2","0.015525021479329824","1.0415069334558769","947.5665809866","0.44268511996814475","0.4671810180422615","82800.0","1715353200000.0","1715436000000.0"
"6aae725b-241f-4999-9cae-3b8e6b1a3d28","TradeIQ220320Strategy","BTC-USDT","Bybit Perpetual","short","60803.8","61036.3","0.01559128321102576","1.044803928057835","948.0092661065681","-4.669777274621325","-4.925877247803592","3600.0","1715500800000.0","1715504400000.0"
"6fa46755-a59e-44d5-a5f6-8f9f59fa3dc9","TradeIQ220320Strategy","BTC-USDT","Bybit Perpetual","short","61023.3","61479.1","0.015458677076328989","1.0415487734714066","943.3394888319468","-8.087613784862093","-8.573386231160814","14400.0","1715569200000.0","1715583600000.0"
"067af58f-f0a2-4068-a861-afe477939ce5","TradeIQ220320Strategy","BTC-USDT","Bybit Perpetual","long","62296.6","62627.3","0.015012887943275953","1.0315076816753561","935.2518750470847","3.933254361166067","4.205556242234799","64800.0","1715587200000.0","1715652000000.0"
"3b64620f-e090-48de-9998-61c30b4943ee","TradeIQ220320Strategy","BTC-USDT","Bybit Perpetual","short","62002.1","61772.100000000006","0.015147634183491378","1.0311874666248642","939.1851294082508","2.4527683955780426","2.611592026721558","25200.0","1715673600000.0","1715698800000.0"
"1d69026f-e1a6-4925-83cf-af8d8cd5381c","TradeIQ220320Strategy","BTC-USDT","Bybit Perpetual","long","62157.4","63735.1","0.015149248485358605","1.0489472207186545","941.637897803829","22.85202211463157","24.268375527290345","18000.0","1715760000000.0","1715778000000.0"
"50d177ac-8de1-4416-a81c-e988bf781e4a","TradeIQ220320Strategy","BTC-USDT","Bybit Perpetual","long","63735.1","65685.0","0.015132790564672536","1.0771679974874369","964.4899199184606","28.430260324567566","29.476990622121903","21600.0","1715778000000.0","1715799600000.0"
"26f837a4-00f9-4110-85b6-af027c0d5ed7","TradeIQ220320Strategy","BTC-USDT","Bybit Perpetual","long","65685.0","65892.9","0.015116391569506405","1.0939406820613464","992.9201802430282","2.0487571252389474","2.063365380223707","28800.0","1715799600000.0","1715828400000.0"
"3b617ad6-2771-4591-b96d-97f1c2f08fba","TradeIQ220320Strategy","BTC-USDT","Bybit Perpetual","long","66483.8","65577.3","0.014965584659244312","1.0870043647336112","994.968937368267","-14.65330685833858","-14.727401336867024","10800.0","1715860800000.0","1715871600000.0"
"b08371cc-ff80-452b-b29b-591021aecfa2","TradeIQ220320Strategy","BTC-USDT","Bybit Perpetual","long","65545.2","67170.0","0.014956329838186908","1.0917127681575187","980.3156305099285","23.209331952928615","23.675366617235177","43200.0","1715918400000.0","1715961600000.0"
"2b063776-8bd3-44c1-87c8-5373190a5483","TradeIQ220320Strategy","BTC-USDT","Bybit Perpetual","long","67170.0","66785.7","0.014940076856674962","1.1007196493643319","1003.5249624628572","-6.842191185384563","-6.81815743635556","10800.0","1715961600000.0","1715972400000.0"
"3439e2bc-0c7c-4706-b7e6-3ed0c6a11827","TradeIQ220320Strategy","BTC-USDT","Bybit Perpetual","long","66854.1","66994.1","0.01490832680834044","1.0974989895694622","996.6827712774726","0.989666763598199","0.9929606411573856","82800.0","1716019200000.0","1716102000000.0"
"352e6938-b7a5-4e89-8b22-d0a5605602cc","TradeIQ220320Strategy","BTC-USDT","Bybit Perpetual","long","67246.9","66799.0","0.014835961777287444","1.0937849168411522","997.6724380410709","-7.738812196888112","-7.756866784937213","7200.0","1716116400000.0","1716123600000.0"
"ac230fd2-3c44-489b-a9ad-f06405d59937","TradeIQ220320Strategy","BTC-USDT","Bybit Perpetual","long","67100.0","66372.5","0.014753109178005704","1.0830239006187514","989.9336258441828","-11.815910827617902","-11.936063710879285","7200.0","1716181200000.0","1716188400000.0"
"e6aa1b44-2904-42c4-96c7-9a22a2d4ffc9","TradeIQ220320Strategy","BTC-USDT","Bybit Perpetual","long","66734.6","66963.0","0.014656830415055529","1.0777706775549607","978.1177150165648","2.2698493892436367","2.3206300779504803","21600.0","1716195600000.0","1716217200000.0"
"f3f9e5c1-d5a7-4a20-a5b5-256ae17bc8f2","TradeIQ220320Strategy","BTC-USDT","Bybit Perpetual","long","67382.1","69996.4","0.014549673643383162","1.0993467873396328","980.3875644058086","36.9378650185568","37.676798808585495","14400.0","1716220800000.0","1716235200000.0"
"1681368f-22f9-48bf-b2f0-6f9cf5cb2ab0","TradeIQ220320Strategy","BTC-USDT","Bybit Perpetual","long","69996.4","70970.5","0.014533967881553414","1.1268446183291836","1017.3254294243653","13.03069349509208","12.808775951334722","46800.0","1716235200000.0","1716282000000.0"
"c2ddca55-bde9-4084-8ce1-89ec654785ba","TradeIQ220320Strategy","BTC-USDT","Bybit Perpetual","long","70168.8","69647.6","0.014683963854582911","1.1291824301328486","1030.3561229194574","-8.782464391141419","-8.52371737866398","18000.0","1716336000000.0","1716354000000.0"
"a5888e20-dafd-4f5c-9b67-47176412c3f6","TradeIQ220320Strategy","BTC-USDT","Bybit Perpetual","long","70144.8","69891.0","0.014563783181765664","1.1216980658868052","1021.5736585283162","-4.817986237418973","-4.7162396927498955","10800.0","1716390000000.0","1716400800000.0"
"7911f734-dcfc-48bf-b460-0e1f40ac58ed","TradeIQ220320Strategy","BTC-USDT","Bybit Perpetual","long","70019.5","69461.1","0.01452103588701572","1.1139715389783666","1016.7556722908971","-9.22251797828786","-9.070535065231745","3600.0","1716465600000.0","1716469200000.0"
"9f0a7070-b809-486e-b826-1e3d6570dcda","TradeIQ220320Strategy","BTC-USDT","Bybit Perpetual","short","67428.6","67831.5","0.014942222651999437","1.11159759157244","1007.5331543126093","-7.131819098062927","-7.078495697671229","7200.0","1716490800000.0","1716498000000.0"
"1377f0f3-85f6-43ce-9348-02b9e657538a","TradeIQ220320Strategy","BTC-USDT","Bybit Perpetual","long","67885.1","68687.3","0.01473668500472926","1.1069434415269377","1000.4013352145464","10.714825269266832","10.710526757712621","57600.0","1716562800000.0","1716620400000.0"
"78724148-f9a4-4782-826c-8fc79cbc6b26","TradeIQ220320Strategy","BTC-USDT","Bybit Perpetual","long","69397.6","68925.1","0.014569900983374254","1.1084414235141402","1011.1161604838132","-7.9927196381584755","-7.904848078319711","57600.0","1716634800000.0","1716692400000.0"
"5625cb12-6b01-4684-9427-e16a3e40c9ec","TradeIQ220320Strategy","BTC-USDT","Bybit Perpetual","long","69182.2","69001.8","0.014499733180581923","1.101997121404043","1003.1234408456547","-3.7177489871809373","-3.7061729751293573","14400.0","1716714000000.0","1716728400000.0"
"99102f45-1da9-4787-83be-152486abeeb3","TradeIQ220320Strategy","BTC-USDT","Bybit Perpetual","long","69303.9","68864.6","0.014420627004518847","1.0958620212506243","999.4056918584737","-7.430843464335586","-7.435262301255606","3600.0","1716735600000.0","1716739200000.0"
"77c183f6-6c35-490a-a645-81c32cf4df08","TradeIQ220320Strategy","BTC-USDT","Bybit Perpetual","long","69090.6","68900.6","0.01435759493178722","1.0896719645631803","991.9748483941381","-3.8176150016027517","-3.848499795920139","7200.0","1716775200000.0","1716782400000.0"
"92b29016-4049-40a2-9523-de164d30febd","TradeIQ220320Strategy","BTC-USDT","Bybit Perpetual","long","69548.6","69407.2","0.0142081542028529","1.085867988579433","988.1572333925353","-3.094900992862957","-3.1319924484462476","36000.0","1716822000000.0","1716858000000.0"
"7a8b7208-d92f-41b6-a40c-24208cc0524e","TradeIQ220320Strategy","BTC-USDT","Bybit Perpetual","short","68070.0","68607.3","0.01447131382987619","1.0878450559460755","985.0623323996723","-8.863281976738595","-8.997686425738253","25200.0","1716868800000.0","1716894000000.0"
"b20ed63c-8a45-4653-9968-cbcc00bd0752","TradeIQ220320Strategy","BTC-USDT","Bybit Perpetual","short","68232.9","68399.7","0.014306867367837713","1.0751314674775525","976.1990504229337","-3.461516944432925","-3.545913041949015","10800.0","1716901200000.0","1716912000000.0"
"bffc6e52-5b5c-45af-a341-bf10e7656982","TradeIQ220320Strategy","BTC-USDT","Bybit Perpetual","short","67748.7","68466.5","0.014358025076178596","1.0756796915461755","972.7375334785008","-11.381870091227213","-11.700864518433606","10800.0","1716915600000.0","1716926400000.0"
"761123ca-472c-46a5-91df-19cd50f027cb","TradeIQ220320Strategy","BTC-USDT","Bybit Perpetual","long","68466.5","68369.0","0.014041256138217575","1.056738267365589","961.3556633872736","-2.4257607408418025","-2.5232708696953985","3600.0","1716926400000.0","1716930000000.0"
"1e5cc3d3-7e6f-4397-a91c-a27d4631af23","TradeIQ220320Strategy","BTC-USDT","Bybit Perpetual","long","68434.8","67993.6","0.014012313949137453","1.0514226648081775","958.9299026464319","-7.23365557916758","-7.543466481965272","36000.0","1716933600000.0","1716969600000.0"
"116cdf6c-490e-4f74-a018-a00b47057054","TradeIQ220320Strategy","BTC-USDT","Bybit Perpetual","short","67993.6","67737.0","0.013996850395732306","1.0448904962776409","951.6962470672643","2.5467013152673506","2.6759602374341966","50400.0","1716969600000.0","1717020000000.0"
"0d3fba11-ca1f-4f78-a7e6-f6fa6b2930ce","TradeIQ220320Strategy","BTC-USDT","Bybit Perpetual","short","67627.8","67975.7","0.014110217224019287","1.0523671627355147","954.2429483825316","-5.961311734971742","-6.247163518552934","10800.0","1717056000000.0","1717066800000.0"
"8d7c8b7e-ad40-43b0-a90a-b11da38dbcdf","TradeIQ220320Strategy","BTC-USDT","Bybit Perpetual","long","68654.6","68487.9","0.013812353966778044","1.0418434146388718","948.28163664756","-3.3443628209009324","-3.5267611347238437","57600.0","1717077600000.0","1717135200000.0"
"9a83c420-0c61-4475-8027-c3c19090b681","TradeIQ220320Strategy","BTC-USDT","Bybit Perpetual","short","68226.1","68371.1","0.013850084847685256","1.040535545475928","944.9372738266591","-3.04879784839029","-3.2264552715163255","10800.0","1717142400000.0","1717153200000.0"
"4d31c89a-6cc1-4774-9753-dbfc08e36740","TradeIQ220320Strategy","BTC-USDT","Bybit Perpetual","long","68672.5","68118.8","0.013715657300640997","1.0319004258800453","941.8884759782688","-8.626259873244926","-9.158472678291853","3600.0","1717160400000.0","1717164000000.0"
"03005618-ed73-4730-91ac-0bf5164cf2cd","TradeIQ220320Strategy","BTC-USDT","Bybit Perpetual","short","67538.5","67719.6","0.013818225398920969","1.0279648020563859","933.2622161050239","-3.530445421801054","-3.782908341168457","50400.0","1717167600000.0","1717218000000.0"
"acbe2598-655e-46d3-8916-9badfcdfe961","TradeIQ220320Strategy","BTC-USDT","Bybit Perpetual","short","67790.0","68284.1","0.013714880818457337","1.0264320351883651","929.7317706832229","-7.802954647588215","-8.392694423956423","10800.0","1717318800000.0","1717329600000.0"
"80390dc4-3692-473f-bd87-854dcc2e776c","TradeIQ220320Strategy","BTC-USDT","Bybit Perpetual","long","68284.1","67979.4","0.013501368781834052","1.0118590707518944","921.9288160356347","-5.125726138576887","-5.55978514764069","3600.0","1717329600000.0","1717333200000.0"
"efdb4e09-355f-4fed-b332-cdc5ba868bf1","TradeIQ220320Strategy","BTC-USDT","Bybit Perpetual","long","68200.0","67921.8","0.013442860555675333","1.0064265067931397","916.8030898970577","-4.746230313381979","-5.176935337243361","14400.0","1717336800000.0","1717351200000.0"
"6a32c19f-73ee-4e11-840b-1af57a2e45d9","TradeIQ220320Strategy","BTC-USDT","Bybit Perpetual","short","67751.2","67977.8","0.013461855429625982","1.0049402965842378","912.0568595836759","-4.055396736937563","-4.446429731134","14400.0","1717354800000.0","1717369200000.0"
"38d28009-43aa-4de8-834a-35dd29b72d8d","TradeIQ220320Strategy","BTC-USDT","Bybit Perpetual","short","67863.6","68521.5","0.013379800995625609","1.0036430232226743","908.0014628467381","-9.806214098244684","-10.799777863243243","3600.0","1717376400000.0","1717380000000.0"
"7e4c7cef-19c1-43b7-9e24-6b2d9fc34357","TradeIQ220320Strategy","BTC-USDT","Bybit Perpetual","long","68521.5","69792.7","0.01310822513734366","0.9971795203103682","898.1952487484936","15.665996274280854","17.44163788008139","39600.0","1717380000000.0","1717419600000.0"
"8267af86-221f-4e22-ae59-eac6d900c004","TradeIQ220320Strategy","BTC-USDT","Bybit Perpetual","long","69792.7","68820.1","0.01309393740352178","0.9982430295897862","913.8612450227745","-13.733406548254955","-15.027890309444844","7200.0","1717419600000.0","1717426800000.0"
"ccecaf9b-375e-4f2d-8ddd-571384c79995","TradeIQ220320Strategy","BTC-USDT","Bybit Perpetual","long","69566.6","71020.7","0.012939080513846004","1.0004887166583223","900.1278384745195","17.81422825852504","19.790775817705498","43200.0","1717509600000.0","1717552800000.0"
"8ccfbd6a-206f-4006-a6df-bfc3a5d0ed6b","TradeIQ220320Strategy","BTC-USDT","Bybit Perpetual","long","71020.7","70947.9","0.012924993230608042","1.0092187566773956","917.9420667330445","-1.9501582638656987","-2.1244894798277536","28800.0","1717552800000.0","1717581600000.0"
"47f5958b-69bf-4509-bb4d-87aa76971fc0","TradeIQ220320Strategy","BTC-USDT","Bybit Perpetual","long","71625.1","71133.3","0.012788699889692005","1.004131883882934","915.9919084691788","-7.293614489633499","-7.962531570636592","28800.0","1717603200000.0","1717632000000.0"
"ef9cdd25-540e-4647-be67-c25be91515ca","TradeIQ220320Strategy","BTC-USDT","Bybit Perpetual","long","71163.5","70977.6","0.012769162477668261","0.9982625403599708","908.6982939795453","-3.3720498449584264","-3.710857462041555","10800.0","1717682400000.0","1717693200000.0"
"ebf1f1ea-93e8-4847-b8fa-35a1e22678fd","TradeIQ220320Strategy","BTC-USDT","Bybit Perpetual","long","71251.3","71150.0","0.012706101420389339","0.9951509481074086","905.3262441345869","-2.2822790219928857","-2.52094649501136","39600.0","1717736400000.0","1717776000000.0"
"f739f377-f89d-4d93-887d-e12edfea72df","TradeIQ220320Strategy","BTC-USDT","Bybit Perpetual","short","69186.5","69499.9","0.01305231461502741","0.9955981890940456","903.0439651125939","-5.0861935894435595","-5.632276817009014","72000.0","1717786800000.0","1717858800000.0"
"b0174a28-37b7-4734-959a-c7705d3fd0e6","TradeIQ220320Strategy","BTC-USDT","Bybit Perpetual","long","69734.7","69482.2","0.012876771127188477","0.9859652870851771","897.9577715231503","-4.237349996700267","-4.718874462785385","3600.0","1717938000000.0","1717941600000.0"
"1a9329dc-3a95-495b-9480-0d7c443014aa","TradeIQ220320Strategy","BTC-USDT","Bybit Perpetual","long","69684.8","69600.1","0.012825184567171749","0.9824950024560333","893.7204215264499","-2.068788135295443","-2.314804591532115","25200.0","1717956000000.0","1717981200000.0"
"2bc788ff-6483-4a93-a945-aff1e3bb906e","TradeIQ220320Strategy","BTC-USDT","Bybit Perpetual","short","69595.1","69699.9","0.012811988680110447","0.9815552797577916","891.6516333911546","-2.324251693433217","-2.6066813611876167","32400.0","1717999200000.0","1718031600000.0"
"2cab7594-d521-4aa7-a038-42e79e51f5b5","TradeIQ220320Strategy","BTC-USDT","Bybit Perpetual","long","69699.9","69524.2","0.012759378158329086","0.9770271173591635","889.3273816977214","-3.2188498597775466","-3.6194206160984033","18000.0","1718031600000.0","1718049600000.0"
"a1b7d837-19d0-4f11-90c0-881260ea5797","TradeIQ220320Strategy","BTC-USDT","Bybit Perpetual","short","69650.7","68285.8","0.012722176975076258","0.9651689103774335","886.1085318379438","16.399330442904077","18.507135247743303","21600.0","1718053200000.0","1718074800000.0"
"02cf4961-1341-4c27-98e7-a98a4ca0e43a","TradeIQ220320Strategy","BTC-USDT","Bybit Perpetual","short","68285.8","66919.6","0.013216625744749976","0.9828275437580702","902.5078622808479","17.07372654871931","18.91809175553332","32400.0","1718074800000.0","1718107200000.0"
"0636be30-76df-4a3c-abc3-90a11c1ba4b2","TradeIQ220320Strategy","BTC-USDT","Bybit Perpetual","short","66919.6","67130.3","0.013741588246635772","1.0131321916664855","919.5815888295673","-3.9084848352326027","-4.250286089576105","25200.0","1718107200000.0","1718132400000.0"
"afa71596-aa7d-4eaa-9926-baf55219d8c2","TradeIQ220320Strategy","BTC-USDT","Bybit Perpetual","long","69340.1","68837.2","0.013205534805896367","1.0035878294941314","915.6731039943347","-7.64465128337953","-8.348668591478939","21600.0","1718197200000.0","1718218800000.0"
"aaf2b0c3-a4da-41d9-b2a7-aac9aa5f142b","TradeIQ220320Strategy","BTC-USDT","Bybit Perpetual","short","67523.2","68531.7","0.013447651365915051","1.0062903740034397","908.0284527109552","-14.568246776528769","-16.043821901213214","7200.0","1718222400000.0","1718229600000.0"
"cf9605ba-f086-43c0-8b05-e122783ac7e1","TradeIQ220320Strategy","BTC-USDT","Bybit Perpetual","short","68270.3","68331.0","0.013087099455171964","0.9832431393431802","893.4602059344265","-1.7776300762720805","-1.9896018473625734","3600.0","1718236800000.0","1718240400000.0"
"f8f0cb4d-5df8-4283-b0ae-4277dd5a42fa","TradeIQ220320Strategy","BTC-USDT","Bybit Perpetual","short","67980.2","67738.5","0.013116798359789388","0.9791071518540115","891.6825758581546","2.1912230117070455","2.457402523087562","39600.0","1718244000000.0","1718283600000.0"
"916ac935-b8aa-4daf-90a8-f13544feba05","TradeIQ220320Strategy","BTC-USDT","Bybit Perpetual","short","66464.4","67140.3","0.013448910978958084","0.9882607441687207","893.8737988698616","-10.078379674846607","-11.274946964089178","61200.0","1718294400000.0","1718355600000.0"
"11564567-e85b-4b1f-865c-b5885a564ce5","TradeIQ220320Strategy","BTC-USDT","Bybit Perpetual","short","66866.2","67074.1","0.013217371694443755","0.9736863014809178","883.7954191950149","-3.72157787675589","-4.21090423861396","7200.0","1718362800000.0","1718370000000.0"
"c8dc008e-2fd9-4a74-9a94-f8959f2df9cf","TradeIQ220320Strategy","BTC-USDT","Bybit Perpetual","short","66380.0","66241.7","0.013258117525131955","0.967072746740536","880.0738413182592","0.8665249069852519","0.9846047755348433","46800.0","1718380800000.0","1718427600000.0"
"34b638e7-dc29-4245-b4c4-73ce32c0efd9","TradeIQ220320Strategy","BTC-USDT","Bybit Perpetual","short","66035.3","66251.9","0.013340446189011701","0.9706236502022658","880.9403662252444","-3.8601642947420833","-4.381867879755089","32400.0","1718485200000.0","1718517600000.0"
"61c38436-6652-45c4-b227-f2d81a912fcd","TradeIQ220320Strategy","BTC-USDT","Bybit Perpetual","short","66452.1","65180.7","0.013198682990161368","0.9555587790690224","877.0802019305023","15.825246774622254","18.04310112095793","43200.0","1718589600000.0","1718632800000.0"
"a98d351f-9705-44a4-86e5-c625fbd6bdbe","TradeIQ220320Strategy","BTC-USDT","Bybit Perpetual","short","65180.7","65866.0","0.013698923894728418","0.9873593234754185","892.9054487051245","-10.375231868532843","-11.61963104109043","10800.0","1718632800000.0","1718643600000.0"
"3731e493-1724-4749-8590-a7edb1ee5192","TradeIQ220320Strategy","BTC-USDT","Bybit Perpetual","short","65730.1","64908.2","0.013426576512687362","0.9647138217405731","882.5302168365916","10.070589414037286","11.411042049228717","72000.0","1718672400000.0","1718744400000.0"
"7dbd8d00-57a5-4cd0-9202-5a2821af21c7","TradeIQ220320Strategy","BTC-USDT","Bybit Perpetual","short","65270.7","65489.9","0.013675367450488947","0.9835095891755228","892.6008062506289","-3.9811501343227595","-4.460168651477682","3600.0","1718791200000.0","1718794800000.0"
"76e149f0-1d6f-4ee4-9f18-47bb76aaffd0","TradeIQ220320Strategy","BTC-USDT","Bybit Perpetual","short","65181.9","65064.4","0.013632920429080868","0.9766005942452076","888.6196561163063","0.6252675561717944","0.703639123744475","46800.0","1718798400000.0","1718845200000.0"
"29355143-17d1-42ba-9d9e-0989c88846bc","TradeIQ220320Strategy","BTC-USDT","Bybit Perpetual","short","65118.80000000001","63613.600000000006","0.01365573265589166","0.9668643812032194","889.244923672478","19.58774441244497","22.02738963248715","68400.0","1718892000000.0","1718960400000.0"
"d9a0211b-8bf7-4eda-b2b2-dcaeeaa91552","TradeIQ220320Strategy","BTC-USDT","Bybit Perpetual","short","63613.6","64192.6","0.014286766793341722","1.004265555778755","908.832668084923","-9.276303529123611","-10.206833287221599","21600.0","1718960400000.0","1718982000000.0"
"a03ab071-5102-4d99-872d-16582808b958","TradeIQ220320Strategy","BTC-USDT","Bybit Perpetual","short","64239.1","64300.1","0.014003252918484217","0.9899818101467945","899.5563645557994","-1.8441802381743317","-2.0500997056309944","10800.0","1719082800000.0","1719093600000.0"
"eb7f098d-6417-4e3d-b5a1-99a5696b9f91","TradeIQ220320Strategy","BTC-USDT","Bybit Perpetual","short","64240.0","64456.200000000004","0.013974349070946841","0.9891450925974139","897.7121843176251","-4.010399361736182","-4.467355386052372","3600.0","1719100800000.0","1719104400000.0"
"5535e0aa-24ec-4dc1-b680-02476f01273e","TradeIQ220320Strategy","BTC-USDT","Bybit Perpetual","short","64274.99999999999","64350.0","0.01390434515683997","0.9836455176891976","893.701784955889","-2.0264714044522965","-2.267502917152972","7200.0","1719140400000.0","1719147600000.0"
"f5025565-9a44-4911-9723-56196b8243b4","TradeIQ220320Strategy","BTC-USDT","Bybit Perpetual","short","64273.9","63724.5","0.01387305443658214","0.9766508240474785","891.6753135514368","6.645205283410769","7.452494402860281","25200.0","1719151200000.0","1719176400000.0"
"4450199b-1938-4c09-a7d1-67174411d304","TradeIQ220320Strategy","BTC-USDT","Bybit Perpetual","short","63724.5","63056.1","0.014096941032645962","0.9829702532559111","898.3205188348476","8.439425132964672","9.39467033872375","14400.0","1719176400000.0","1719190800000.0"
"e528adb6-476e-41e6-96cb-3a82db5485fa","TradeIQ220320Strategy","BTC-USDT","Bybit Perpetual","short","63056.1","62710.6","0.014380209749220335","0.994703339006998","906.7599439678123","3.9736591293486274","4.382261430694254","28800.0","1719190800000.0","1719219600000.0"
"af2cd7a8-0ac1-4fb6-9246-c4b983f24060","TradeIQ220320Strategy","BTC-USDT","Bybit Perpetual","short","61370.0","59294.7","0.014840045675365178","0.9848683126723301","910.733603097161","29.81267847741307","32.73479574710776","36000.0","1719223200000.0","1719259200000.0"
"230c3c55-668a-4cdd-b20d-19e7e674f84c","TradeIQ220320Strategy","BTC-USDT","Bybit Perpetual","short","59294.7","60386.7","0.015862231895507933","1.0441277662084736","940.5462815745742","-18.365684996103134","-19.526614857651694","18000.0","1719259200000.0","1719277200000.0"
"2e1e553b-969f-445d-8637-3028c7287248","TradeIQ220320Strategy","BTC-USDT","Bybit Perpetual","short","61537.9","61705.3","0.014985571437739521","1.0157783777985907","922.180596578471","-3.5243630364762084","-3.821770973660158","7200.0","1719381600000.0","1719388800000.0"
"472f79b0-e3c0-4a3d-9a07-1beb3b39f0d3","TradeIQ220320Strategy","BTC-USDT","Bybit Perpetual","short","61458.4","61740.0","0.014947610636495495","1.0128369428315747","918.6562335419948","-5.2220840980686845","-5.684481210054257","18000.0","1719392400000.0","1719410400000.0"
"c8984db1-116d-4efa-9d4d-b31ac0552ca3","TradeIQ220320Strategy","BTC-USDT","Bybit Perpetual","short","61453.2","61027.09999999999","0.014863898860334792","1.0012941353709048","913.434149443926","5.332213169017836","5.8375452376768955","43200.0","1719417600000.0","1719460800000.0"
"9e5dd0f4-09ee-4f5b-8695-131c5333167c","TradeIQ220320Strategy","BTC-USDT","Bybit Perpetual","short","60736.7","61276.4","0.015127037896575608","1.015133233168268","918.7663626129437","-9.17919558595019","-9.990783249666254","10800.0","1719471600000.0","1719482400000.0"
"85cb194d-4d44-403e-bd4f-7123ff42002f","TradeIQ220320Strategy","BTC-USDT","Bybit Perpetual","short","61317.9","61530.2","0.014833958224710786","1.0022779708618013","909.5871670269935","-4.151527301967836","-4.564188515914531","7200.0","1719561600000.0","1719568800000.0"
"4aefd180-796c-4854-8874-8720f7ab5606","TradeIQ220320Strategy","BTC-USDT","Bybit Perpetual","short","61367.0","60132.2","0.014754438700360547","0.9859588741985654","905.4356397250257","17.23282203300668","19.03263056691712","25200.0","1719579600000.0","1719604800000.0"
"4dcc6135-26e1-479b-a528-eb39e3971c20","TradeIQ220320Strategy","BTC-USDT","Bybit Perpetual","short","60132.2","60768.9","0.0153439997498517","1.0203085464862376","922.6684617580323","-10.789833187216882","-11.694160616109246","18000.0","1719604800000.0","1719622800000.0"
"c171c5a5-c4d7-4d74-bcbd-4b4f3a568ef5","TradeIQ220320Strategy","BTC-USDT","Bybit Perpetual","short","60971.8","61016.3","0.014955743943442958","1.0034325332609129","911.8786285708154","-1.6689631387441244","-1.830247015833549","7200.0","1719702000000.0","1719709200000.0"
"c05bee0e-7b1e-4b3b-a3fc-96286472690a","TradeIQ220320Strategy","BTC-USDT","Bybit Perpetual","short","60958.7","61045.0","0.014931579338668169","1.0019393593885884","910.2096654320712","-2.2905346563156948","-2.516491247352764","18000.0","1719712800000.0","1719730800000.0"
"754fe6a5-a952-4295-86c9-9c6edb9333f6","TradeIQ220320Strategy","BTC-USDT","Bybit Perpetual","long","62057.4","61981.6","0.014630312110654901","0.998101106141438","907.9191307757555","-2.107078764129122","-2.320778021638079","7200.0","1719774000000.0","1719781200000.0"
"cf73fd11-e91a-49b7-86dd-9bfeb561fdc3","TradeIQ220320Strategy","BTC-USDT","Bybit Perpetual","long","62894.9","62910.0","0.01440199526530174","0.9965128657834674","905.8120520116264","-0.7790427372774321","-0.8600489864838239","36000.0","1719788400000.0","1719824400000.0"
"e83b5d57-b940-42da-a8a2-50055cb49be4","TradeIQ220320Strategy","BTC-USDT","Bybit Perpetual","long","63105.2","62961.7","0.014341655034360863","0.9944043950781971","905.0330092743491","-3.052431892508981","-3.372729901814748","21600.0","1719853200000.0","1719874800000.0"
"3a1c2ef3-b4c5-4940-8f57-2a11af6253be","TradeIQ220320Strategy","BTC-USDT","Bybit Perpetual","short","62032.7","60867.6","0.014540404937747997","0.9828610709338906","901.9805773818401","15.958164722036278","17.692359594213993","50400.0","1719932400000.0","1719982800000.0"
"92cd8937-8b25-4b0c-9919-586cdfde6726","TradeIQ220320Strategy","BTC-USDT","Bybit Perpetual","short","60867.6","60286.8","0.015080909089628577","1.004915170714673","917.9387421038764","7.754076828541539","8.447270469017928","36000.0","1719982800000.0","1720018800000.0"
"9af4f1ca-0560-4e13-bd8d-375e3ab6de14","TradeIQ220320Strategy","BTC-USDT","Bybit Perpetual","short","59595.9","57674.1","0.015532827240337303","1.0018440577608956","925.6928189324179","28.84914333271938","31.164920741191978","43200.0","1720040400000.0","1720083600000.0"
"ea116033-f9f3-4651-a623-c7bc82ce203d","TradeIQ220320Strategy","BTC-USDT","Bybit Perpetual","short","57674.1","58267.0","0.016550617387443192","1.0553932320686095","954.5419622651374","-10.868254281083702","-11.385831855200193","39600.0","1720083600000.0","1720123200000.0"
"9d55fe33-cd9b-4d67-8497-f44129a028bf","TradeIQ220320Strategy","BTC-USDT","Bybit Perpetual","short","57045.9","53923.2","0.01654235813588801","1.0096298268194435","943.6737079840539","50.64719192411812","53.6702373877878","18000.0","1720137600000.0","1720155600000.0"
"c45319e6-d1c4-4806-867f-d67e5d506a11","TradeIQ220320Strategy","BTC-USDT","Bybit Perpetual","short","53923.2","55037.2","0.01843957517187726","1.1050509176067982","994.3208999081718","-21.646737659078067","-21.77037379087295","28800.0","1720155600000.0","1720184400000.0"
"025f9c59-2133-4d3f-aea5-bdc0e44fdc25","TradeIQ220320Strategy","BTC-USDT","Bybit Perpetual","short","57344.4","57624.8","0.016961972960726657","1.0725574539440066","972.6741622490937","-5.828694672131785","-5.992443202823666","3600.0","1720339200000.0","1720342800000.0"
"fbaacc11-27df-472f-9516-45e8be96d422","TradeIQ220320Strategy","BTC-USDT","Bybit Perpetual","short","57436.9","57144.8","0.016833176365315013","1.0608256803856884","966.8454675769618","3.8561451359228025","3.988377941706439","25200.0","1720353600000.0","1720378800000.0"
"a0deefe6-3a20-4137-8dd2-fe23a8cecabd","TradeIQ220320Strategy","BTC-USDT","Bybit Perpetual","short","56565.8","55068.9","0.017160574281860852","1.0536435589807884","970.7016127128846","24.634020083536747","25.37754111141363","10800.0","1720389600000.0","1720400400000.0"
"375d5e6e-ce27-4aff-86ef-635e4a6dbc37","TradeIQ220320Strategy","BTC-USDT","Bybit Perpetual","short","55068.9","57767.8","0.018074369250092547","1.121698699419055","995.3356327964215","-49.90261386849386","-50.1364687691238","28800.0","1720400400000.0","1720429200000.0"
"80f859ee-703a-41ed-bcdd-53706eb16fe0","TradeIQ220320Strategy","BTC-USDT","Bybit Perpetual","short","56169.0","56622.3","0.016831936102261524","1.0441727749700558","945.4330189279276","-8.674089410125255","-9.174726539550338","25200.0","1720450800000.0","1720476000000.0"
"048873df-27b8-45fb-a9bd-e9544634c9ea","TradeIQ220320Strategy","BTC-USDT","Bybit Perpetual","long","59323.9","58127.8","0.015790582370980372","1.0200469089039217","936.7589295178026","-19.90716248283352","-21.251105119521785","28800.0","1720587600000.0","1720616400000.0"
"ba34c031-e764-4243-bc0a-2acc1fa54cca","TradeIQ220320Strategy","BTC-USDT","Bybit Perpetual","short","57718.7","58260.9","0.015884830514806624","1.0132739590462865","916.851767034969","-9.626029064174507","-10.499002576288175","43200.0","1720620000000.0","1720663200000.0"
"7bc1d353-afb3-4a5d-adfb-5368d86fca1d","TradeIQ220320Strategy","BTC-USDT","Bybit Perpetual","long","58260.9","57846.2","0.015571776920212261","0.9943966230290274","907.2257379707945","-7.4520125118411205","-8.214066466532518","3600.0","1720663200000.0","1720666800000.0"
"316d36bc-03ec-4633-9bb7-92ba1e820896","TradeIQ220320Strategy","BTC-USDT","Bybit Perpetual","short","57540.5","57967.1","0.015637224658439766","0.9934200600264584","899.7737254589533","-7.66426009931684","-8.517986114128284","7200.0","1720670400000.0","1720677600000.0"
"9fd51dc4-1c17-4b2c-afe8-0d2874ecd2ae","TradeIQ220320Strategy","BTC-USDT","Bybit Perpetual","long","58145.5","57764.8","0.015342708642279048","0.9781078788465365","892.1094653596364","-6.819077058962125","-7.643767187486514","21600.0","1720688400000.0","1720710000000.0"
"aa8ee5e1-726b-4ad7-aedf-1d1535cc748d","TradeIQ220320Strategy","BTC-USDT","Bybit Perpetual","short","57764.8","57354.1","0.015325776048747233","0.9703575642079704","885.2903883006742","5.323938659012585","6.013776642522857","79200.0","1720710000000.0","1720789200000.0"
"cb7e2b4f-1bb6-40d5-b492-c57baeb0502b","TradeIQ220320Strategy","BTC-USDT","Bybit Perpetual","long","58188.9","57546.1","0.015305570769677493","0.9742646281657436","890.6143269596867","-10.81268551891448","-12.14070467047844","14400.0","1720800000000.0","1720814400000.0"
"9c1450d2-3e81-428b-bd35-6fad5fd2b5e1","TradeIQ220320Strategy","BTC-USDT","Bybit Perpetual","short","57508.4","57759.2","0.015298663176871069","0.9698921031834671","879.8016414407722","-4.806796827942664","-5.463500636428688","7200.0","1720818000000.0","1720825200000.0"
"ac14913b-d3d1-48f6-b436-ba844eb8e2d3","TradeIQ220320Strategy","BTC-USDT","Bybit Perpetual","long","58654.1","59926.1","0.014917880329130098","0.972930878152372","874.9948446128296","18.002612900501113","20.574535965942705","68400.0","1720864800000.0","1720933200000.0"
"09fdd8a9-0745-47f9-a00c-8d959bd34593","TradeIQ220320Strategy","BTC-USDT","Bybit Perpetual","long","59926.1","59566.3","0.014901644817756047","0.9793483167716781","892.9974575133307","-6.340960122200239","-7.10075943537116","28800.0","1720933200000.0","1720962000000.0"
"d63f2113-3a36-4859-af8f-82705aff1c00","TradeIQ220320Strategy","BTC-USDT","Bybit Perpetual","long","60058.6","62451.6","0.014763189574700885","0.9947527190889862","886.6564973911305","34.333559933170235","38.7225041875768","21600.0","1720990800000.0","1721012400000.0"
"ce545d9e-1559-4279-98f1-8fad056d193e","TradeIQ220320Strategy","BTC-USDT","Bybit Perpetual","long","62451.6","62431.9","0.014747261196259196","1.0129292764816693","920.9900573243008","-1.3034503220479325","-1.4152707856963966","32400.0","1721012400000.0","1721044800000.0"
"5cbf26bc-f7a2-4e06-9bdc-972f22d19ce0","TradeIQ220320Strategy","BTC-USDT","Bybit Perpetual","long","63180.9","63632.0","0.014556402441279767","1.015266783930172","919.6866070022529","5.55112635733111","6.035889089898981","54000.0","1721055600000.0","1721109600000.0"
"892da9ee-4b1e-4756-be57-f0713d4226ed","TradeIQ220320Strategy","BTC-USDT","Bybit Perpetual","long","63714.1","65662.8","0.014521710788657206","1.0333256584931636","925.237733359584","27.265132155363197","29.46824494107277","54000.0","1721134800000.0","1721188800000.0"
"5cd03b46-6aa0-4ba0-a86b-9c6c2601a5dc","TradeIQ220320Strategy","BTC-USDT","Bybit Perpetual","long","65662.8","65145.4","0.014505973938286933","1.0436251870628237","952.5028655149472","-8.549016102732503","-8.975317988267351","18000.0","1721188800000.0","1721206800000.0"
"39488ae2-9078-4b43-a861-b4af45ea9f67","TradeIQ220320Strategy","BTC-USDT","Bybit Perpetual","long","64661.7","64544.9","0.014598345688594867","1.037411436626401","943.9538494122147","-2.7424982130542177","-2.9053308218001637","7200.0","1721271600000.0","1721278800000.0"
"f51ba3ca-b74b-4169-97fd-3ffcb56f0db0","TradeIQ220320Strategy","BTC-USDT","Bybit Perpetual","long","64965.4","64591.3","0.014487886647340898","1.0323515312019529","941.2113511991604","-6.452269925972161","-6.855282735117441","14400.0","1721286000000.0","1721300400000.0"
"e3b5eceb-92e3-4b4c-a939-f732acdc9fb5","TradeIQ220320Strategy","BTC-USDT","Bybit Perpetual","long","64811.2","64568.2","0.014422801634180332","1.026307381962099","934.7590812731883","-4.53104817906792","-4.847289820277976","3600.0","1721307600000.0","1721311200000.0"
"aa172778-3393-4faa-8985-3a550fb6ca30","TradeIQ220320Strategy","BTC-USDT","Bybit Perpetual","long","64298.0","64111.0","0.014467448957885477","1.0217628592782138","930.2280330941204","-3.727175814402798","-4.006733490932843","3600.0","1721361600000.0","1721365200000.0"
"f2fe2791-3b89-475f-a784-a3bc34ee480c","TradeIQ220320Strategy","BTC-USDT","Bybit Perpetual","long","64143.2","63673.9","0.014444256870248407","1.0154226636456252","926.5008572797176","-7.79411241285314","-8.412417918033334","7200.0","1721368800000.0","1721376000000.0"
"6e1b35e9-9f26-42b0-87cc-b19b9283d95c","TradeIQ220320Strategy","BTC-USDT","Bybit Perpetual","long","64386.2","66374.0","0.01426869026075253","1.026177235728729","918.7067448668645","27.33712526459519","29.75609509491169","14400.0","1721394000000.0","1721408400000.0"
"3b064258-9df4-42a8-9745-45e1bf2023f0","TradeIQ220320Strategy","BTC-USDT","Bybit Perpetual","long","66374.0","66506.1","0.014253229730488742","1.0416838255506744","946.0438701314597","0.8411678218469714","0.8891425106217167","46800.0","1721408400000.0","1721455200000.0"
"ec230fd1-b0e3-423e-aa98-6846253d0614","TradeIQ220320Strategy","BTC-USDT","Bybit Perpetual","long","67368.8","66690.0","0.014055245721362212","1.036326156311024","946.8850379533067","-10.577026951971733","-11.170339088717668","46800.0","1721498400000.0","1721545200000.0"
"fcfebe34-a812-49d1-b1e0-0d1ac98a8af9","TradeIQ220320Strategy","BTC-USDT","Bybit Perpetual","long","67130.9","66620.9","0.013947496771253403","1.026026539257132","936.308011001335","-8.139249892596368","-8.692919207101351","7200.0","1721577600000.0","1721584800000.0"
"9d73cfc1-3b89-4a9f-9279-dd0a2eed20c5","TradeIQ220320Strategy","BTC-USDT","Bybit Perpetual","long","67708.3","67382.0","0.013708345374329864","1.0185254690170087","928.1687611087387","-5.491558564660883","-5.91655181122555","36000.0","1721595600000.0","1721631600000.0"
"377857ef-95c9-481b-a58b-aefb6d3e5811","TradeIQ220320Strategy","BTC-USDT","Bybit Perpetual","long","68193.5","67458.1","0.013530280782539065","1.009472330130372","922.6772025440778","-10.959640817609522","-11.878087794291158","18000.0","1721678400000.0","1721696400000.0"
"bff08a6c-1e18-4e09-970e-eca889a67493","TradeIQ220320Strategy","BTC-USDT","Bybit Perpetual","long","66412.6","66197.3","0.013728081143133505","1.001263707170551","911.7175617264683","-3.956919577287234","-4.340071688203788","14400.0","1721811600000.0","1721826000000.0"
"01bc1aaf-be9f-4c85-9426-cd8bbd7475e5","TradeIQ220320Strategy","BTC-USDT","Bybit Perpetual","long","66315.7","66155.7","0.01368847259622052","0.9973321207756318","907.7606421491811","-3.187487736170915","-3.51137468201346","7200.0","1721829600000.0","1721836800000.0"
"cae3d7e0-f7d6-4780-a248-34a63b449ca7","TradeIQ220320Strategy","BTC-USDT","Bybit Perpetual","short","65266.6","65482.7","0.013859664122430311","0.9966777602335826","904.5731544130101","-3.9917511770907526","-4.41285611629836","7200.0","1721862000000.0","1721869200000.0"
"b8641ba9-397b-424d-9ea2-f7c92d1033a0","TradeIQ220320Strategy","BTC-USDT","Bybit Perpetual","short","64467.9","64110.3","0.013969454615954906","0.9878920312256454","900.5814032359193","4.007584939439808","4.449997440586687","39600.0","1721872800000.0","1721912400000.0"
"d9ef38c5-886b-44e2-9830-8c2a671aaba5","TradeIQ220320Strategy","BTC-USDT","Bybit Perpetual","short","64034.0","64805.1","0.014126698131857436","1.0010390903041064","904.5889881753591","-11.894136019779355","-13.148663288253093","3600.0","1721916000000.0","1721919600000.0"
"e347a0a5-42b4-427f-a36c-3ab118943732","TradeIQ220320Strategy","BTC-USDT","Bybit Perpetual","long","65815.0","67256.6","0.013563699037538245","0.9927187230640211","892.6948521555796","18.56070980945119","20.79177421560443","43200.0","1721944800000.0","1721988000000.0"
"c87fcf9a-685f-4100-8128-79447c55ea88","TradeIQ220320Strategy","BTC-USDT","Bybit Perpetual","long","67256.6","67282.1","0.013548938869419963","1.0025711420291774","911.2555619650308","-0.6570732008589684","-0.7210635833509276","10800.0","1721988000000.0","1721998800000.0"
"d7d9a083-deae-47af-bc82-f23e9902521a","TradeIQ220320Strategy","BTC-USDT","Bybit Perpetual","long","67862.7","67290.7","0.013418247266380086","0.9974369570505859","910.5984887641719","-8.672674393419996","-9.524147580335","3600.0","1722002400000.0","1722006000000.0"
"7fdad63e-e70e-4222-97ef-d2de5f6b463e","TradeIQ220320Strategy","BTC-USDT","Bybit Perpetual","long","67957.2","69205.9","0.013271968450300363","1.0012333846599666","901.9258143707518","15.571473619230057","17.264694469460146","64800.0","1722024000000.0","1722088800000.0"
"8b82676a-82bc-43d7-bedf-e9b709ac2883","TradeIQ220320Strategy","BTC-USDT","Bybit Perpetual","long","69205.9","68209.2","0.013257500993267654","1.0019794536069857","917.4972879899818","-14.215730693596818","-15.49403020551712","21600.0","1722088800000.0","1722110400000.0"
"2d34427c-87b8-40ce-bb26-0c80d9a8bf48","TradeIQ220320Strategy","BTC-USDT","Bybit Perpetual","long","67950.6","69527.2","0.013293209438862717","1.0051366537267445","903.281557296385","19.9529373475841","22.089388614669943","32400.0","1722189600000.0","1722222000000.0"
"e8927918-79ad-4fac-be39-e5bd6051b83e","TradeIQ220320Strategy","BTC-USDT","Bybit Perpetual","long","69527.2","69249.8","0.013278752698856982","1.0135320048091017","923.2344946439691","-4.697058003471952","-5.087611035680917","39600.0","1722222000000.0","1722261600000.0"
"53defb82-48b1-4e89-8606-93e22c1ed258","TradeIQ220320Strategy","BTC-USDT","Bybit Perpetual","short","66921.0","67389.7","0.01372569801169285","1.0139294593664911","918.5374366404972","-7.44716411744689","-8.107632656415731","7200.0","1722272400000.0","1722279600000.0"
"30ffd8b2-8c4d-4d61-9d22-edec8c0f310a","TradeIQ220320Strategy","BTC-USDT","Bybit Perpetual","short","66750.0","66914.0","0.013649292472255433","1.0034304659563527","911.0902725230502","-3.2419144314062436","-3.5582801498127337","28800.0","1722297600000.0","1722326400000.0"
"5d964523-85df-4031-9f8f-09c9036e0e6c","TradeIQ220320Strategy","BTC-USDT","Bybit Perpetual","short","65779.4","66313.9","0.013801408314634125","1.002690462910103","907.848358091644","-8.379543207082044","-9.230113302948949","36000.0","1722351600000.0","1722387600000.0"
"e34de35b-bc2e-4d33-9e83-dd2f1f983b6a","TradeIQ220320Strategy","BTC-USDT","Bybit Perpetual","short","65229.8","64472.2","0.013789231530444089","0.9836699993789126","899.4688148845619","9.46305180808561","10.520711392645781","46800.0","1722456000000.0","1722502800000.0"
"a44deb66-b885-4e28-9569-9e7c36e64751","TradeIQ220320Strategy","BTC-USDT","Bybit Perpetual","short","62892.6","64744.5","0.014452127383708855","1.014545195447952","908.9318666926475","-27.7784398973384","-30.561630541589974","18000.0","1722528000000.0","1722546000000.0"
"a0d55582-2046-46e4-8ec6-d6cdd3022b57","TradeIQ220320Strategy","BTC-USDT","Bybit Perpetual","short","63145.6","61636.0","0.013954312363732534","0.9576827830054803","881.1534267953091","20.107747161285133","22.819802488217682","61200.0","1722610800000.0","1722672000000.0"
"55a73c41-825d-46db-9a13-6ecd55e2d15c","TradeIQ220320Strategy","BTC-USDT","Bybit Perpetual","short","60857.7","60856.4","0.014809320331800154","0.9913767026882165","901.2611739565942","-0.972124586256941","-1.0786269444951808","39600.0","1722700800000.0","1722740400000.0"
"a558cde4-a95a-4323-810c-800b8d2d99f3","TradeIQ220320Strategy","BTC-USDT","Bybit Perpetual","short","59564.0","56143.9","0.015114650617324848","0.9618864651903991","900.2890493703372","50.731730111122296","56.35049115237389","36000.0","1722783600000.0","1722819600000.0"
"f0c7f998-bf68-449f-8abe-6899e5a7d478","TradeIQ220320Strategy","BTC-USDT","Bybit Perpetual","short","56143.9","52696.4","0.01693898677294345","1.0140044211347583","951.0207794814597","57.38315247858778","60.33848441237605","18000.0","1722819600000.0","1722837600000.0"
"e820f9d4-70b4-43d4-bff1-f452655aa230","TradeIQ220320Strategy","BTC-USDT","Bybit Perpetual","short","52696.4","51927.7","0.019136106678255962","1.1011538662940858","1008.4039319600475","13.608771337281356","13.495357272982677","28800.0","1722837600000.0","1722866400000.0"
"afceb139-4eac-4aba-8970-b9087d366ef4","TradeIQ220320Strategy","BTC-USDT","Bybit Perpetual","short","54969.9","55185.0","0.01859222416808706","1.1264135267072675","1022.0127032973288","-5.125600945262766","-5.015202774609351","3600.0","1722934800000.0","1722938400000.0"
"bdee4bb1-4679-418e-9231-5ec86f95481a","TradeIQ220320Strategy","BTC-USDT","Bybit Perpetual","short","55039.9","55188.0","0.018475453304821886","1.120080730636217","1016.8871023520661","-3.8562953650803116","-3.7922551639810127","3600.0","1722942000000.0","1722945600000.0"
"7e1c5ded-24cb-4d1e-b367-fa6456169920","TradeIQ220320Strategy","BTC-USDT","Bybit Perpetual","short","54752.6","55180.1","0.018501967157486327","1.1186841627135884","1013.0308069869858","-9.028275122538993","-8.912142711031075","3600.0","1722949200000.0","1722952800000.0"
"25695e97-8e59-4e01-bc44-ab875bb32b58","TradeIQ220320Strategy","BTC-USDT","Bybit Perpetual","short","56060.1","56842.1","0.017909396020778536","1.1121056162794285","1004.0025318644468","-15.117253304528244","-15.056987233344216","39600.0","1723042800000.0","1723082400000.0"
"9e71d9a3-b23d-4151-817e-2f31f11353d8","TradeIQ220320Strategy","BTC-USDT","Bybit Perpetual","long","59391.3","62301.899999999994","0.016650338998471466","1.1144281685948334","988.8852785599184","47.348048520356066","47.8802238711729","25200.0","1723132800000.0","1723158000000.0"
"468d1b72-44e1-46fe-8154-6f0f925c0bd9","TradeIQ220320Strategy","BTC-USDT","Bybit Perpetual","long","62301.9","60699.8","0.016632451451404767","1.1252008920296397","1036.2333270802746","-27.772051362325193","-26.800963293254277","21600.0","1723158000000.0","1723179600000.0"
"3ccf18b8-a592-4897-ab52-788705842a6b","TradeIQ220320Strategy","BTC-USDT","Bybit Perpetual","long","60707.2","60399.9","0.016611889128768077","1.1064997448486458","1008.4612757179493","-6.211333274119003","-6.1592184287859695","61200.0","1723237200000.0","1723298400000.0"
"326efdae-f47c-4b2d-8daa-f9cf72c92a61","TradeIQ220320Strategy","BTC-USDT","Bybit Perpetual","long","61059.1","60637.6","0.016414423770475334","1.0986696628976231","1002.2499424438304","-8.017349282152976","-7.999351202359681","39600.0","1723338000000.0","1723377600000.0"
"82b0cddf-76eb-4659-a32c-1024d842334f","TradeIQ220320Strategy","BTC-USDT","Bybit Perpetual","short","59598.0","58640.1","0.016682314728039153","1.0848668583749514","994.2325931616774","14.895122419613777","14.98152698077119","43200.0","1723406400000.0","1723449600000.0"
"c0c4770a-f71c-4b13-9095-49d4e2bd6ca5","TradeIQ220320Strategy","BTC-USDT","Bybit Perpetual","long","59809.2","59700.0","0.016872449649573833","1.1090271278134671","1009.1277155812912","-2.9514986295468804","-2.924801869946381","3600.0","1723464000000.0","1723467600000.0"
"9b6b6853-0909-49fd-a19e-bc8efa8e0921","TradeIQ220320Strategy","BTC-USDT","Bybit Perpetual","short","58133.7","60265.3","0.01730796795923439","1.127085354122966","1006.1762169517442","-38.020749856027095","-37.7873668801402","3600.0","1723471200000.0","1723474800000.0"
"075e80f1-d384-4f5f-85cb-39c266feb173","TradeIQ220320Strategy","BTC-USDT","Bybit Perpetual","long","60265.3","59581.7","0.016064890859179615","1.0589309361400545","968.1554670957173","-12.040890327475333","-12.436938835449352","7200.0","1723474800000.0","1723482000000.0"
"e15e9fd4-1bfe-4981-ae9e-9261b7ad0511","TradeIQ220320Strategy","BTC-USDT","Bybit Perpetual","long","59762.4","59450.0","0.01599859739180893","1.0489771554412055","956.1145767682419","-6.046938980642338","-6.324491988273588","7200.0","1723510800000.0","1723518000000.0"
"ca2ae114-8371-4ba1-9345-b4f8fe82d6d8","TradeIQ220320Strategy","BTC-USDT","Bybit Perpetual","short","58637.7","59362.0","0.01620233463774329","1.0515288446043245","950.0676377875998","-12.786879822721836","-13.458915254179526","10800.0","1723546800000.0","1723557600000.0"
"a371b5f1-12af-4de5-8323-10f48d124cdd","TradeIQ220320Strategy","BTC-USDT","Bybit Perpetual","long","61121.0","59583.00000000001","0.0153348400380373","1.01803709257319","937.2807579648778","-24.603021071074448","-26.24936110338497","75600.0","1723568400000.0","1723644000000.0"
"757b5f37-eef6-4919-842c-e5f6bc0a260a","TradeIQ220320Strategy","BTC-USDT","Bybit Perpetual","short","59583.0","58712.1","0.015317754005233091","0.996608383003447","912.6777368938033","12.343623580154073","13.524624389507094","79200.0","1723644000000.0","1723723200000.0"
"e0f46abc-7ab5-4174-b7a8-87fd40a5ea16","TradeIQ220320Strategy","BTC-USDT","Bybit Perpetual","long","59643.7","59503.0","0.015509121004799457","1.0163233231923967","925.0213604739573","-3.1984566485676353","-3.457711124561305","3600.0","1723737600000.0","1723741200000.0"
"b912803d-e29d-4b38-b067-14dd389bffca","TradeIQ220320Strategy","BTC-USDT","Bybit Perpetual","short","57831.9","58279.2","0.01593969597791858","1.017926598513936","921.8229038253895","-8.147752609436846","-8.838739605650092","36000.0","1723748400000.0","1723784400000.0"
"59a6a954-c723-4dd5-864e-f01a62ea621b","TradeIQ220320Strategy","BTC-USDT","Bybit Perpetual","long","59431.7","59228.5","0.015373532159032179","1.0033245203834547","913.6751512159527","-4.127226255098749","-4.517170298005897","7200.0","1723834800000.0","1723842000000.0"
"d9621c74-ba56-4be6-b957-bf510dd80cd0","TradeIQ220320Strategy","BTC-USDT","Bybit Perpetual","long","59582.5","59429.4","0.015265353500790564","0.9992172983654052","909.5479249608538","-3.3363429193364182","-3.668133176687761","43200.0","1723914000000.0","1723957200000.0"
"842d4d97-de8b-4d4d-b7e7-7c0f20a04aff","TradeIQ220320Strategy","BTC-USDT","Bybit Perpetual","long","59832.2","59496.8","0.01514588435727781","0.9940387789582821","906.2115820415173","-6.073968392389171","-6.702594088133049","25200.0","1723978800000.0","1724004000000.0"
"b3cadf4c-ba94-47ea-af7c-9db80603a182","TradeIQ220320Strategy","BTC-USDT","Bybit Perpetual","short","59315.1","57977.2","0.015175522146116727","0.9789845429204318","900.1376136491282","19.32434653636916","21.46821357462099","39600.0","1724022000000.0","1724061600000.0"
"1c349cc1-2b3f-4ae4-9828-acc6d714492b","TradeIQ220320Strategy","BTC-USDT","Bybit Perpetual","short","57977.2","58176.7","0.015859026655055734","1.013148287903773","919.4619601854972","-4.1770241055873925","-4.542900398777451","14400.0","1724061600000.0","1724076000000.0"
"7dfc889a-6946-4be3-91ce-5632a27eac3b","TradeIQ220320Strategy","BTC-USDT","Bybit Perpetual","long","59203.1","60588.6","0.015460084625296817","1.018594400674493","915.2849360799099","20.401352847674247","22.289619378039326","18000.0","1724108400000.0","1724126400000.0"
"ddfcf5d3-f965-44ce-98b4-6429cab82ed2","TradeIQ220320Strategy","BTC-USDT","Bybit Perpetual","long","60588.6","60494.9","0.01544327297424902","1.0284590487476146","935.6862889275841","-2.475493726434703","-2.6456449728166205","28800.0","1724126400000.0","1724155200000.0"
"84ecfa6b-2891-457f-b507-3e67634eed4b","TradeIQ220320Strategy","BTC-USDT","Bybit Perpetual","short","58783.7","59482.5","0.015875332706194907","1.0326334000935635","933.2107952011495","-12.12631589518261","-12.994187334244067","14400.0","1724169600000.0","1724184000000.0"
"3f347366-bcb5-4638-b876-da850c85b5a3","TradeIQ220320Strategy","BTC-USDT","Bybit Perpetual","short","59255.1","59336.0","0.015544391610274337","1.0138845749412626","921.0844793059669","-2.2714258562124794","-2.4660342316526593","18000.0","1724191200000.0","1724209200000.0"
"9cf762ba-2596-44cf-9446-7b4652b9c643","TradeIQ220320Strategy","BTC-USDT","Bybit Perpetual","long","59600.7","59414.1","0.01541614533805399","1.0091121997986854","918.8130534497544","-3.885764919879538","-4.229113752019667","7200.0","1724223600000.0","1724230800000.0"
"42649c9d-f32e-4715-a4f5-47fc65d36b3f","TradeIQ220320Strategy","BTC-USDT","Bybit Perpetual","long","59480.0","59381.6","0.015382099672660975","1.005587538148578","914.9272885298748","-2.5191861459384404","-2.7534277067922237","7200.0","1724245200000.0","1724252400000.0"
"459fb50c-fecb-49fa-94f4-7ce777041ccc","TradeIQ220320Strategy","BTC-USDT","Bybit Perpetual","long","59853.9","60144.7","0.015243920653189455","1.0060870252916012","912.4081023839364","3.4268451006558256","3.755824933713519","36000.0","1724259600000.0","1724295600000.0"
"03e7cd67-9a37-4e0a-aaf7-e82f2dbfeb66","TradeIQ220320Strategy","BTC-USDT","Bybit Perpetual","long","60829.1","60710.2","0.01505586877801237","1.0064338636943133","915.8349474845922","-2.796576661400006","-3.0535815095078087","21600.0","1724392800000.0","1724414400000.0"
"108a4713-c3e3-4843-8611-2e91dbb1b066","TradeIQ220320Strategy","BTC-USDT","Bybit Perpetual","long","61092.3","62966.3","0.01494522829919961","1.0197462547134966","913.0383708231923","26.98761157798657","29.558025643166157","14400.0","1724421600000.0","1724436000000.0"
"4f2b1e50-98d0-45db-b046-51474698d54b","TradeIQ220320Strategy","BTC-USDT","Bybit Perpetual","long","62966.3","64382.8","0.01492903318761272","1.0456594171719362","940.0259824011789","20.101316093081483","21.383787756307736","54000.0","1724436000000.0","1724490000000.0"
"ac355335-6bfb-4d3c-818e-bde136e891c9","TradeIQ220320Strategy","BTC-USDT","Bybit Perpetual","long","64382.8","64099.9","0.01491279190240655","1.0538196724876316","960.1272984942605","-5.272648501678466","-5.491613986965485","7200.0","1724490000000.0","1724497200000.0"
"59727255-3e29-4adf-b6ba-0fcd1ee81c8b","TradeIQ220320Strategy","BTC-USDT","Bybit Perpetual","long","64143.2","63835.4","0.01488629581923855","1.0478200139726015","954.854649992582","-5.6298218671341616","-5.895998796442891","25200.0","1724547600000.0","1724572800000.0"
"4d833cb0-09d9-490c-81c2-9c83c739b8cc","TradeIQ220320Strategy","BTC-USDT","Bybit Perpetual","long","64048.1","64068.0","0.014820499407873894","1.044309521304012","949.2248281254479","-0.7493815830872999","-0.7894669006574521","39600.0","1724594400000.0","1724634000000.0"
"cbdf879c-6a85-4fcb-a027-025a80b8ba82","TradeIQ220320Strategy","BTC-USDT","Bybit Perpetual","short","61815.1","62061.7","0.015343750095726782","1.04540406402208","948.4754465423606","-4.829172837628282","-5.091510650310338","14400.0","1724770800000.0","1724785200000.0"
"c0752b0c-d943-48b6-8b30-ac5ef7416277","TradeIQ220320Strategy","BTC-USDT","Bybit Perpetual","short","60379.6","58579.0","0.015628561197900157","1.0225334680640892","943.6462737047323","27.11825382487491","28.737732114820215","36000.0","1724796000000.0","1724832000000.0"
"7ef6cf38-a66c-43c9-b233-90a0f0b6c767","TradeIQ220320Strategy","BTC-USDT","Bybit Perpetual","short","58579.0","58871.1","0.016571886299349716","1.0705033366759897","970.764527529607","-5.911151324716018","-6.089171119343084","43200.0","1724832000000.0","1724875200000.0"
"14df32d2-ae1c-4117-8824-a691842d3580","TradeIQ220320Strategy","BTC-USDT","Bybit Perpetual","short","59130.0","59547.6","0.01631749325562136","1.0650865156763314","964.853376204891","-7.8792716992237875","-8.166289193302866","54000.0","1724958000000.0","1725012000000.0"
"25269dc3-9993-4c4b-93c5-24b2e27ae450","TradeIQ220320Strategy","BTC-USDT","Bybit Perpetual","short","58430.4","59339.9","0.016378017342097047","1.0608642086811848","956.9741045056674","-15.95667098131845","-16.674088573756126","14400.0","1725030000000.0","1725044400000.0"
"e9833b16-407d-4dfb-ac83-0a0dbdf992cd","TradeIQ220320Strategy","BTC-USDT","Bybit Perpetual","short","59018.0","59199.9","0.01594458357660966","1.036714352740706","941.017433524349","-3.9370341053260263","-4.183805703344767","7200.0","1725051600000.0","1725058800000.0"
"84fb54a8-6b7b-4770-8940-e2c3700509cf","TradeIQ220320Strategy","BTC-USDT","Bybit Perpetual","short","58513.1","58502.5","0.01601488212757524","1.0306950725981214","937.0803994190227","-0.8609373220458472","-0.9187443495559364","57600.0","1725159600000.0","1725217200000.0"
"1f3e2852-3172-4dda-880a-964a3152605f","TradeIQ220320Strategy","BTC-USDT","Bybit Perpetual","short","57273.0","58026.4","0.016346611179735248","1.0366149535812215","936.2194620969768","-13.35215181639378","-14.261775531227656","36000.0","1725231600000.0","1725267600000.0"
"ed621f21-ffd6-4dc1-9806-6162a0976e36","TradeIQ220320Strategy","BTC-USDT","Bybit Perpetual","short","58371.4","56750.9","0.015810265134647842","1.0010627472507583","922.8673102805831","24.61947190344607","26.677152423961047","43200.0","1725372000000.0","1725415200000.0"
"4454b757-06fe-4590-bbf3-b70eac67c97f","TradeIQ220320Strategy","BTC-USDT","Bybit Perpetual","short","56750.9","56717.0","0.01669553755418908","1.041924172104734","947.486782184029","-0.4759454490177","-0.5023241041110985","21600.0","1725415200000.0","1725436800000.0"
"4cc0518c-a008-43b2-8652-3c28f57c486a","TradeIQ220320Strategy","BTC-USDT","Bybit Perpetual","short","57104.1","56146.9","0.01658393769860678","1.032981140567704","947.0108367350114","14.841164024538656","15.671588379818562","75600.0","1725508800000.0","1725584400000.0"
"058c0c20-043a-4058-8dd3-8c35cf3e037b","TradeIQ220320Strategy","BTC-USDT","Bybit Perpetual","short","55766.3","56831.4","0.017247907800222534","1.0681411114644144","961.8520007595499","-19.43888770948141","-20.209853172973613","18000.0","1725609600000.0","1725627600000.0"
"0cd746d8-105e-4c99-ba42-da69e6d09ae3","TradeIQ220320Strategy","BTC-USDT","Bybit Perpetual","short","54709.3","54024.5","0.017225830216253332","1.0301664876624255","942.4131130500684","10.766082044427906","11.42395186924349","50400.0","1725634800000.0","1725685200000.0"
"b1329303-c091-4fd0-a82a-d5f4f4037cee","TradeIQ220320Strategy","BTC-USDT","Bybit Perpetual","short","54110.3","54371.5","0.017615485316002617","1.051027755224443","953.1791950944964","-5.6521925197642755","-5.929832028282917","36000.0","1725732000000.0","1725768000000.0"
"3996f6a4-1d0d-46d0-9c97-6ee34a3e4996","TradeIQ220320Strategy","BTC-USDT","Bybit Perpetual","short","53663.6","54470.0","0.017656791616192956","1.0501108430498194","947.5270025747323","-15.288547602347844","-16.13521045923124","7200.0","1725811200000.0","1725818400000.0"
"6f0f9b8c-9c20-442c-bacc-2adcf0ed4239","TradeIQ220320Strategy","BTC-USDT","Bybit Perpetual","short","54806.0","55360.3","0.017009788252607093","1.0306479895652538","932.2384549723844","-10.459173617985414","-11.219418768018151","3600.0","1725894000000.0","1725897600000.0"
"2eb551fa-6d7a-4258-888c-722e83f640b3","TradeIQ220320Strategy","BTC-USDT","Bybit Perpetual","long","56391.2","56583.9","0.016346154743193956","1.0156896567002964","921.7792813543989","2.13421436231325","2.3153203868689505","43200.0","1725901200000.0","1725944400000.0"
"099f3f45-c685-4401-b537-5ed00b4c0e73","TradeIQ220320Strategy","BTC-USDT","Bybit Perpetual","long","57550.8","56698.7","0.016053877543261118","1.0087811153083461","923.913495716712","-14.688290169921238","-15.897906284534807","25200.0","1725994800000.0","1726020000000.0"
"80d819dc-0ebf-432b-9e43-f63c05af3d46","TradeIQ220320Strategy","BTC-USDT","Bybit Perpetual","short","56214.0","56675.1","0.016174355241519743","1.0042496234624956","909.2252055467908","-8.462244825327225","-9.307094407087178","7200.0","1726034400000.0","1726041600000.0"
"3246a599-a710-4e35-92be-9ed2d277d36e","TradeIQ220320Strategy","BTC-USDT","Bybit Perpetual","short","55714.0","56676.1","0.016167623231530023","0.9993944354646904","900.7629607214637","-16.554264746519703","-18.37804779768099","7200.0","1726063200000.0","1726070400000.0"
"12d09e77-651f-4aba-ae9e-5ccaa7b2f238","TradeIQ220320Strategy","BTC-USDT","Bybit Perpetual","long","57279.8","57665.9","0.015436658228117836","0.9759076171304705","884.208695974944","4.984186124745803","5.636888833410706","72000.0","1726074000000.0","1726146000000.0"
"f7d004d5-5682-43eb-b511-f069dfa0f608","TradeIQ220320Strategy","BTC-USDT","Bybit Perpetual","long","58033.5","57827.0","0.015322061948696697","0.9763719671238356","889.1928820996898","-4.140377759529704","-4.6563325493034196","39600.0","1726160400000.0","1726200000000.0"
"d3de7f05-b819-48f7-ad32-dcecc401d2ac","TradeIQ220320Strategy","BTC-USDT","Bybit Perpetual","long","58079.8","57852.6","0.01523855978051164","0.9716535443440033","885.05250434016","-4.433854326476315","-5.0097076780568175","14400.0","1726214400000.0","1726228800000.0"
"124aa4c5-d1a3-4c94-b4f1-a85179eb690d","TradeIQ220320Strategy","BTC-USDT","Bybit Perpetual","long","59623.5","60041.9","0.014769657098521283","0.9720793085065639","880.6186500136837","5.207545221514763","5.913507761201564","64800.0","1726243200000.0","1726308000000.0"
"648278d0-0110-4cb5-be17-10e71fb0bcfe","TradeIQ220320Strategy","BTC-USDT","Bybit Perpetual","long","59990.8","59921.8","0.014766034045806998","0.97384844376668","885.8261952351985","-1.9927047929273627","-2.249543763377051","72000.0","1726347600000.0","1726419600000.0"
"615ebc15-6203-45ab-808c-1cc4199b09c4","TradeIQ220320Strategy","BTC-USDT","Bybit Perpetual","short","58242.1","58546.5","0.015175165223133627","0.9747574656481552","883.833490442271","-5.5940777595700535","-6.329334450509193","3600.0","1726455600000.0","1726459200000.0"
"141c8e5e-7e55-4f17-a3b0-c165e17f2844","TradeIQ220320Strategy","BTC-USDT","Bybit Perpetual","short","57589.4","58187.0","0.015250018452748265","0.9710757300160204","878.239412682701","-10.084486757378361","-11.482616939922947","32400.0","1726498800000.0","1726531200000.0"
"d5416728-f0c4-4475-b2ef-5487275b5d6c","TradeIQ220320Strategy","BTC-USDT","Bybit Perpetual","long","58608.4","60247.5","0.014812807138999233","0.9683242382176984","868.1549259253227","23.311347943315923","26.851599002873282","32400.0","1726552800000.0","1726585200000.0"
"83e38792-f161-45c6-b3e7-f6de4472727b","TradeIQ220320Strategy","BTC-USDT","Bybit Perpetual","long","60247.5","59946.0","0.014796734700504396","0.9781592327237913","891.4662738686386","-5.439374744925867","-6.1016046308975485","18000.0","1726585200000.0","1726603200000.0"
"c111320b-e88f-4db8-835a-bcb3fb946562","TradeIQ220320Strategy","BTC-USDT","Bybit Perpetual","long","60588.0","62244.0","0.01462380172845634","0.9879489476503621","886.0268991237127","23.229066714673333","26.217112299465235","54000.0","1726686000000.0","1726740000000.0"
"07f0286b-0185-409b-bfd0-7c6ba6ec1e5e","TradeIQ220320Strategy","BTC-USDT","Bybit Perpetual","long","62244.0","62996.4","0.014607929532780445","1.0062266158214799","909.255965838386","9.984779564642547","10.98126373626376","39600.0","1726740000000.0","1726779600000.0"
"dde2c415-aeb1-47c9-9134-e822150e6eb3","TradeIQ220320Strategy","BTC-USDT","Bybit Perpetual","long","63723.3","62821.8","0.014425504413660757","1.004012294217428","919.2407454030285","-14.0086045231326","-15.239320703730034","36000.0","1726804800000.0","1726840800000.0"
"8e36e052-1140-43df-8438-2ff9591ca74c","TradeIQ220320Strategy","BTC-USDT","Bybit Perpetual","long","63060.0","62957.1","0.01435509262416581","0.9949429285008209","905.232140879896","-2.472081959527504","-2.7308817792578726","10800.0","1726905600000.0","1726916400000.0"
"fb3698da-3bb8-402b-bea3-ba86bd9a298a","TradeIQ220320Strategy","BTC-USDT","Bybit Perpetual","long","63125.1","63068.7","0.014301126792993094","0.9925924438592866","902.7600589203684","-1.7991759949841177","-1.99297252598414","32400.0","1726923600000.0","1726956000000.0"
"06de9f8e-6937-4e9c-8ff2-b9acbd4c0686","TradeIQ220320Strategy","BTC-USDT","Bybit Perpetual","long","63320.600000000006","63012.7","0.014228558840651924","0.9886474359210524","900.9608829253842","-5.369620702957904","-5.959882171047158","7200.0","1726963200000.0","1726970400000.0"
"78f59573-e13e-415c-854e-41d74a838e60","TradeIQ220320Strategy","BTC-USDT","Bybit Perpetual","long","63033.299999999996","62750.0","0.014208224259596537","0.98293653398166","895.5912622224264","-5.008126466725297","-5.591977811728018","14400.0","1727028000000.0","1727042400000.0"
"f4a2f5f6-1676-4b0b-b6c7-f2e8a299d38a","TradeIQ220320Strategy","BTC-USDT","Bybit Perpetual","long","63856.6","63558.4","0.01394661062060462","0.9773540657233857","890.5831357557009","-5.1362333527876425","-5.767269945471527","3600.0","1727046000000.0","1727049600000.0"
"b31b132f-40d5-4952-831b-2aa6b55a2b37","TradeIQ220320Strategy","BTC-USDT","Bybit Perpetual","long","63898.9","63291.99999999999","0.013856997575903706","0.9693661961373559","885.4469024029133","-9.379178024953436","-10.592592282496392","36000.0","1727060400000.0","1727096400000.0"
"ed07f8b8-ab34-4988-9d7b-614c81419b2c","TradeIQ220320Strategy","BTC-USDT","Bybit Perpetual","long","63820.5","63157.6","0.013727058302237681","0.9586696799940517","876.06772437796","-10.05833662854743","-11.481231814228993","21600.0","1727168400000.0","1727190000000.0"
"fe355c00-ab41-41b4-b021-05e613b3cbdb","TradeIQ220320Strategy","BTC-USDT","Bybit Perpetual","long","63740.0","63776.6","0.013586592214455798","0.9528838246256308","866.0093877494126","-0.4556145495765684","-0.5261080953875347","46800.0","1727200800000.0","1727247600000.0"
"5f1996d0-c5bb-415a-a97d-6205427ad068","TradeIQ220320Strategy","BTC-USDT","Bybit Perpetual","long","63482.9","63403.9","0.013634439718409776","0.9515167341140547","865.553773199836","-2.028637471868427","-2.343745166021086","3600.0","1727323200000.0","1727326800000.0"
"b465f541-acae-4eb1-80ee-cee1ecbd3882","TradeIQ220320Strategy","BTC-USDT","Bybit Perpetual","long","63568.0","65200.0","0.013584274095896796","0.9620708937292413","863.5251357279675","21.20746443077433","24.559174427384846","36000.0","1727330400000.0","1727366400000.0"
"69acbb10-da28-4951-83e3-5018da67fe49","TradeIQ220320Strategy","BTC-USDT","Bybit Perpetual","long","65200.0","64677.8","0.013569518407342667","0.9693085587928434","884.7326001587419","-8.055311071107145","-9.104797392637993","14400.0","1727366400000.0","1727380800000.0"
"8aad02d0-7b6b-4f7f-a5c4-93bb3168443d","TradeIQ220320Strategy","BTC-USDT","Bybit Perpetual","long","65310.3","65844.0","0.013423262319842885","0.9682852153014534","876.6772890876348","6.195709884798655","7.067264045640536","43200.0","1727420400000.0","1727463600000.0"
"252c16a6-19b4-4e54-9a71-68d9b570bce4","TradeIQ220320Strategy","BTC-USDT","Bybit Perpetual","long","65822.6","65648.3","0.013412915912960493","0.9698744696856808","882.8729989724334","-3.3077457133147337","-3.746570250947287","3600.0","1727568000000.0","1727571600000.0"
"eb8e0f09-3222-4386-9c24-e02fa721ce93","TradeIQ220320Strategy","BTC-USDT","Bybit Perpetual","long","65834.4","65562.8","0.013360268389460812","0.9655260216930132","879.5652532591188","-4.594174916270453","-5.223233750136575","14400.0","1727575200000.0","1727589600000.0"
"bad94ea5-c07e-4153-a861-da6c0f6ad802","TradeIQ220320Strategy","BTC-USDT","Bybit Perpetual","long","65790.1","65634.4","0.013299433780201706","0.9613292891653655","874.9710783428484","-3.032051128742926","-3.465315830193474","18000.0","1727632800000.0","1727650800000.0"
"731d4a3f-f2ea-486e-a36b-d249f7ad046f","TradeIQ220320Strategy","BTC-USDT","Bybit Perpetual","short","64322.5","64539.1","0.01355573908374372","0.9607478251325623","871.9390272141054","-3.896920910671432","-4.469258502079343","3600.0","1727679600000.0","1727683200000.0"
"afc200ea-d204-43cc-983d-c9bf8afe2717","TradeIQ220320Strategy","BTC-USDT","Bybit Perpetual","short","64284.3","63788.69999999999","0.013503174278998666","0.951165621688808","868.042106303434","5.741007550983108","6.613743169016588","43200.0","1727686800000.0","1727730000000.0"
"4f11cdc3-7841-45ab-88f3-2087dc557cf0","TradeIQ220320Strategy","BTC-USDT","Bybit Perpetual","short","63309.1","63835.9","0.013801856508059932","0.9651603751445041","873.783113854417","-8.235978383590517","-9.425655237556732","18000.0","1727740800000.0","1727758800000.0"
"4c4d1793-a36d-4135-a6ee-a8bb2840d5d3","TradeIQ220320Strategy","BTC-USDT","Bybit Perpetual","short","62838.90000000001","60778.7","0.013774065673823483","0.9364943174622431","865.5471354708266","27.440835783749055","31.703456298566827","25200.0","1727791200000.0","1727816400000.0"
"b8c7d634-db47-4db9-be53-d21f9c012709","TradeIQ220320Strategy","BTC-USDT","Bybit Perpetual","short","60778.7","61754.3","0.014692449349107099","0.990170442851777","892.9879712545755","-15.32412402784075","-17.160504420134124","21600.0","1727816400000.0","1727838000000.0"
"83883398-7c33-44af-ac78-762048319920","TradeIQ220320Strategy","BTC-USDT","Bybit Perpetual","short","60780.2","61833.9","0.014439963133170586","0.9737986959837904","877.6638472267348","-16.1891878494057","-18.4457727187473","10800.0","1727874000000.0","1727884800000.0"
"c0826b5b-7cda-487a-97ea-d2c7a90d915f","TradeIQ220320Strategy","BTC-USDT","Bybit Perpetual","short","60155.0","61434.3","0.01432091529178504","0.9576985361280914","861.4746593773291","-19.278445468908735","-22.37842432050541","28800.0","1727899200000.0","1727928000000.0"
"dc324e30-93fa-4b31-995e-5864a1c3ab14","TradeIQ220320Strategy","BTC-USDT","Bybit Perpetual","short","61150.5","60998.0","0.013772515578914651","0.925260665555081","842.1962139084204","1.1750479602294033","1.3952187635424076","50400.0","1727935200000.0","1727985600000.0"
"fdb34e56-f39e-4e8c-9b1b-62054307f797","TradeIQ220320Strategy","BTC-USDT","Bybit Perpetual","short","60783.4","60868.6","0.013875026106941201","0.928358571778886","843.3712618686499","-2.110510796090236","-2.502469424217748","3600.0","1727992800000.0","1727996400000.0"
"6bc60224-0dec-485e-ba1c-2e4bbd2387d4","TradeIQ220320Strategy","BTC-USDT","Bybit Perpetual","short","60477.2","61194.0","0.013910378639761094","0.930870853854755","841.2607510725596","-10.901830262835547","-12.958919394416457","3600.0","1728003600000.0","1728007200000.0"
"e386a035-a1e7-4547-8ea6-003483a23eb2","TradeIQ220320Strategy","BTC-USDT","Bybit Perpetual","short","61699.2","62007.3","0.013458179697787396","0.9156753687313851","830.358920809724","-5.06214053361976","-6.096328234401838","7200.0","1728162000000.0","1728169200000.0"
"42376385-0c1c-4efa-b03a-09faa33930dc","TradeIQ220320Strategy","BTC-USDT","Bybit Perpetual","short","61852.399999999994","61932.0","0.013343003347907348","0.9084106149902863","825.2967802761044","-1.970513681483789","-2.3876425167011437","10800.0","1728187200000.0","1728198000000.0"
"9c47f762-7f51-4b9d-8fe7-e3d2724dbe44","TradeIQ220320Strategy","BTC-USDT","Bybit Perpetual","long","62679.7","62274.7","0.013135453210443265","0.9027329710514567","823.3262665946207","-6.222591521280979","-7.557868336957579","25200.0","1728226800000.0","1728252000000.0"
"4cbd1db4-dc7e-49ca-84b7-3315271999d0","TradeIQ220320Strategy","BTC-USDT","Bybit Perpetual","long","63647.9","62870.0","0.012837873285266912","0.893321422684939","817.1036750733399","-10.87990305129409","-13.315205136383156","36000.0","1728262800000.0","1728298800000.0"
"a002ee9d-0503-4c98-af54-7359270445c1","TradeIQ220320Strategy","BTC-USDT","Bybit Perpetual","long","63955.3","62815.2","0.012606050976573415","0.8789414619291351","806.2237720220458","-15.25110018032056","-18.916708623054003","14400.0","1728313200000.0","1728327600000.0"
"4e072ed8-686d-4603-8594-8a5816696edb","TradeIQ220320Strategy","BTC-USDT","Bybit Perpetual","short","62430.40000000001","62604.2","0.01266967169586812","0.8712810329433058","790.9726718417252","-3.0732699736850373","-3.885431296291363","10800.0","1728342000000.0","1728352800000.0"
"82e0a89e-0a46-4f45-afd1-b913b7b49605","TradeIQ220320Strategy","BTC-USDT","Bybit Perpetual","short","62500.0","62595.7","0.012606390429888642","0.8673528794151214","787.8994018680402","-2.073784443555428","-2.632042159999953","21600.0","1728367200000.0","1728388800000.0"
"2bef0cd2-44f6-4211-b9f0-708f7e2a215c","TradeIQ220320Strategy","BTC-USDT","Bybit Perpetual","long","63007.7","62259.9","0.012471898155693429","0.8592786121744782","785.8256174244848","-10.18576405300197","-12.961863073878204","7200.0","1728396000000.0","1728403200000.0"
"390e5af2-ac1d-414e-926e-d8f2c8b9e58e","TradeIQ220320Strategy","BTC-USDT","Bybit Perpetual","short","62259.9","62500.0","0.012458096678142476","0.8548489926654632","775.6398533714828","-3.8460380050874536","-4.9585358312493035","50400.0","1728403200000.0","1728453600000.0"
"df0b1ba5-1aca-45d2-8dc2-74df4d236013","TradeIQ220320Strategy","BTC-USDT","Bybit Perpetual","short","62243.0","62285.4","0.012399688565242603","0.8492623576403764","771.7938153663954","-1.3750091528066808","-1.7815757595231827","28800.0","1728460800000.0","1728489600000.0"
"09cc5585-5dee-4dc8-9c31-1e0bde80fb38","TradeIQ220320Strategy","BTC-USDT","Bybit Perpetual","short","61727.3","60388.59999999999","0.012481006073707885","0.8382711092779676","770.4188062135887","15.870051721594924","20.599252761744182","10800.0","1728496800000.0","1728507600000.0"
"41c2159a-4340-4327-ae37-cbf30cb5de71","TradeIQ220320Strategy","BTC-USDT","Bybit Perpetual","short","60388.6","60838.7","0.013020484958008359","0.8681410298824818","786.2888579351836","-6.728661309482026","-8.557492887730442","25200.0","1728507600000.0","1728532800000.0"
"17cb91ed-46c9-4adc-9d6f-c5cba0e67546","TradeIQ220320Strategy","BTC-USDT","Bybit Perpetual","short","60910.2","59468.5","0.01279851644922692","0.8473678246476041","779.5601966257016","17.60425334020281","22.582288598625468","18000.0","1728568800000.0","1728586800000.0"
"a14fedf1-a9d1-41a8-9cb4-527b30b8161f","TradeIQ220320Strategy","BTC-USDT","Bybit Perpetual","short","59468.5","60120.8","0.013404818516792996","0.881690074677672","797.1644499659043","-9.625653193181783","-12.074865096647857","14400.0","1728586800000.0","1728601200000.0"
"451dc5b5-9d15-44aa-988c-64749136abb3","TradeIQ220320Strategy","BTC-USDT","Bybit Perpetual","long","62218.0","62425.6","0.012657732437119843","0.8677379363396651","787.5387967727224","1.760007317606396","2.2348198270596695","25200.0","1728662400000.0","1728687600000.0"
"b8705c7d-33db-4e0d-a1be-de23f9d31fee","TradeIQ220320Strategy","BTC-USDT","Bybit Perpetual","long","63006.5","63149.1","0.012527259950803945","0.8692111974973031","789.2988040903288","0.9171760714873212","1.1620137604850063","50400.0","1728730800000.0","1728781200000.0"
"0b07a626-d0c5-44d8-bdd2-dd1ed0c59ad5","TradeIQ220320Strategy","BTC-USDT","Bybit Perpetual","short","62195.3","62594.0","0.012705397034210239","0.8720236811666445","790.2159801618161","-5.937665478706229","-7.513977985474739","3600.0","1728835200000.0","1728838800000.0"
"074e45a2-a639-4684-952a-cacc2e8d0588","TradeIQ220320Strategy","BTC-USDT","Bybit Perpetual","long","62699.3","62483.399999999994","0.012508565720560036","0.861220816514933","784.2783146831099","-3.5618201555839537","-4.54152574271178","18000.0","1728849600000.0","1728867600000.0"
"065b785a-204a-4078-b80b-1a270ed481b9","TradeIQ220320Strategy","BTC-USDT","Bybit Perpetual","long","64281.6","65895.7","0.012145256100151927","0.8695701558094691","780.716494527526","18.73408771544574","23.99601884520607","39600.0","1728878400000.0","1728918000000.0"
"2de2e641-9b9a-4bf5-b1c2-98e5acebf97e","TradeIQ220320Strategy","BTC-USDT","Bybit Perpetual","long","65895.7","65846.0","0.01213205994083031","0.8790640106087864","799.4505822429718","-1.4820273896680174","-1.8538073804511839","39600.0","1728918000000.0","1728957600000.0"
"800b00e7-c556-4edb-935c-0d250a261165","TradeIQ220320Strategy","BTC-USDT","Bybit Perpetual","long","65777.8","67646.7","0.012131274607136507","0.8902350868509368","797.9685548533038","21.78190402642641","27.29669470550845","3600.0","1728997200000.0","1729000800000.0"
"209be5b1-4284-4950-ae11-71ec8ae4aed7","TradeIQ220320Strategy","BTC-USDT","Bybit Perpetual","long","67646.7","65342.7","0.012118114540394877","0.8863694300221148","819.7504588797301","-28.806505331091913","-35.14057847611192","3600.0","1729000800000.0","1729004400000.0"
"f61e556a-1d31-4b17-96f0-759379a23737","TradeIQ220320Strategy","BTC-USDT","Bybit Perpetual","long","67345.4","67876.7","0.011744587656300777","0.873470293585488","790.9439535486382","5.366429128207149","6.784841206674888","86400.0","1729044000000.0","1729130400000.0"
"cacbb42c-3da8-4e29-bbd8-1884b0fcf303","TradeIQ220320Strategy","BTC-USDT","Bybit Perpetual","long","67561.9","67256.4","0.011786382305365085","0.8739610140576709","796.3103826768453","-4.474700808346705","-5.6192923082388155","7200.0","1729180800000.0","1729188000000.0"
"ac8a2aa1-8f9d-4724-bb8d-4f26cbbd35ec","TradeIQ220320Strategy","BTC-USDT","Bybit Perpetual","long","67427.6","67190.3","0.011743494976367222","0.8694865478085079","791.8356818684986","-3.6562179057004833","-4.6173947315343105","7200.0","1729206000000.0","1729213200000.0"
"38cf8176-b641-461e-8971-7b65ea592e54","TradeIQ220320Strategy","BTC-USDT","Bybit Perpetual","long","68080.1","68396.9","0.011577237165673934","0.8690146281628248","788.1794639627981","2.7986541059225427","3.5507828278746407","72000.0","1729216800000.0","1729288800000.0"
"c5a8297e-af0b-4688-bcaf-1b8ae9c51988","TradeIQ220320Strategy","BTC-USDT","Bybit Perpetual","long","68192.8","68203.1","0.011599144162854739","0.8701416390272754","790.9781180687206","-0.7506704541498378","-0.9490407345056531","10800.0","1729375200000.0","1729386000000.0"
"51701740-7d92-488c-8227-0c4f9c657860","TradeIQ220320Strategy","BTC-USDT","Bybit Perpetual","long","68381.2","68239.1","0.01155620912786805","0.8683470168516394","790.2274476145707","-2.5104843339215885","-3.1769136107583855","21600.0","1729407600000.0","1729429200000.0"
"8149af97-9b07-430e-b525-1f5963d25114","TradeIQ220320Strategy","BTC-USDT","Bybit Perpetual","long","68622.1","68938.0","0.011479056503380821","0.868483088280894","787.7169632806491","2.7577508611370405","3.5009413148241477","46800.0","1729436400000.0","1729483200000.0"
"323c2220-b16f-4173-b22d-2ff95f81ffed","TradeIQ220320Strategy","BTC-USDT","Bybit Perpetual","short","66924.0","67166.8","0.01181152821322375","0.8710994970335588","790.4747141417862","-3.7389385472043197","-4.729991333452916","7200.0","1729587600000.0","1729594800000.0"
"d4a09b77-6f3a-4af5-87ae-b25d90993175","TradeIQ220320Strategy","BTC-USDT","Bybit Perpetual","short","66965.1","67548.7","0.011748444721124612","0.8691803689406266","786.7357755945818","-7.725572708188848","-9.819780602134413","7200.0","1729602000000.0","1729609200000.0"
"82b8f6bf-406d-4020-8a1f-3fe0aa1861a2","TradeIQ220320Strategy","BTC-USDT","Bybit Perpetual","long","67548.7","67266.8","0.011532571357944608","0.8551231556488397","779.0102028863929","-4.1061550214533575","-5.270990041259036","3600.0","1729609200000.0","1729612800000.0"
"d3999e73-f229-43ed-9e68-8b34cf5f3fcc","TradeIQ220320Strategy","BTC-USDT","Bybit Perpetual","long","67466.8","67406.4","0.011485709235726898","0.8520128973906227","774.9040478649396","-1.5457497352286276","-1.9947627573859843","14400.0","1729627200000.0","1729641600000.0"
"51a12f94-2428-413f-8818-179788a3effa","TradeIQ220320Strategy","BTC-USDT","Bybit Perpetual","short","67057.8","67195.9","0.011532712050346281","0.851570095086466","773.3582981297109","-2.4442376292391867","-3.160550077694038","3600.0","1729656000000.0","1729659600000.0"
"fd110bcf-a1f6-4af1-b8d8-015dd13e9123","TradeIQ220320Strategy","BTC-USDT","Bybit Perpetual","short","66901.0","66465.2","0.011523206835480361","0.8452434691041226","770.9140605004717","4.176570069798252","5.417685684817909","46800.0","1729666800000.0","1729713600000.0"
"0d19b4f9-a159-488a-b615-29e405b62460","TradeIQ220320Strategy","BTC-USDT","Bybit Perpetual","long","67423.4","66835.8","0.011495869840000207","0.8488844584124058","775.0906305702699","-7.603857576396427","-9.81028189026349","28800.0","1729731600000.0","1729760400000.0"
"52daf522-fe9e-410e-aca9-b28a9204e205","TradeIQ220320Strategy","BTC-USDT","Bybit Perpetual","short","66867.3","66986.0","0.011477759278359877","0.8449847758077486","767.4867729938735","-2.2073948021490324","-2.876133999727775","3600.0","1729764000000.0","1729767600000.0"
"f5e7d803-d046-4e61-adcd-2494767a051f","TradeIQ220320Strategy","BTC-USDT","Bybit Perpetual","long","67500.5","68039.9","0.011337388288853037","0.8451707789945508","765.2793781917244","5.270216464012711","6.8866568395788805","50400.0","1729774800000.0","1729825200000.0"
"2e530d14-d22b-47df-b8f7-ac667ba20175","TradeIQ220320Strategy","BTC-USDT","Bybit Perpetual","long","68037.3","67660.6","0.011325399371458553","0.8452581012525351","770.549594655737","-5.111536044480939","-6.633623688770675","10800.0","1729861200000.0","1729872000000.0"
"8a3a858b-84cf-456b-80fe-9206169bab83","TradeIQ220320Strategy","BTC-USDT","Bybit Perpetual","short","66807.7","67265.7","0.011457332891437006","0.8448679666277348","765.4380586112561","-6.092326430905884","-7.95926771914016","14400.0","1729879200000.0","1729893600000.0"
"3897e7e9-eb30-4e36-9c5c-f290852d81a1","TradeIQ220320Strategy","BTC-USDT","Bybit Perpetual","short","66600.0","67104.0","0.011401587570275528","0.8384408254728657","759.3457321803502","-6.584840960891731","-8.67172972972973","25200.0","1729897200000.0","1729922400000.0"
"70972581-7d76-410d-afd6-52fb8353325c","TradeIQ220320Strategy","BTC-USDT","Bybit Perpetual","long","67154.5","67147.0","0.01120938866672313","0.8279907416131542","752.7608912194585","-0.9120611566135777","-1.2116213358747367","7200.0","1729972800000.0","1729980000000.0"
"eec1e6fc-9bd8-44ee-a152-f90b7e998bd1","TradeIQ220320Strategy","BTC-USDT","Bybit Perpetual","long","67261.8","67126.7","0.011177946918798557","0.826203135723328","751.8488300628449","-2.336343764453078","-3.107464786847896","3600.0","1730001600000.0","1730005200000.0"
"f36e591a-9b26-405f-b3d9-d543069ed48b","TradeIQ220320Strategy","BTC-USDT","Bybit Perpetual","long","67155.0","67118.7","0.011160933456904054","0.824240906891764","749.5124862983918","-1.2293827913774136","-1.640243243243287","14400.0","1730008800000.0","1730023200000.0"
"7439a0af-1eb8-4c1a-b836-fe8e3a5ac1ce","TradeIQ220320Strategy","BTC-USDT","Bybit Perpetual","short","67062.3","67373.5","0.011158029228150755","0.8250212221404061","748.2831035070144","-4.297399917940888","-5.743013436759506","7200.0","1730026800000.0","1730034000000.0"
"2066aea5-c9a0-4e79-9ad1-c7be831f509b","TradeIQ220320Strategy","BTC-USDT","Bybit Perpetual","long","67373.5","67720.0","0.011042705271198223","0.8204887375050396","743.9857035890735","3.005808638965145","4.040143008749731","46800.0","1730034000000.0","1730080800000.0"
"301e5549-5aef-42d6-8b59-e32228b66118","TradeIQ220320Strategy","BTC-USDT","Bybit Perpetual","long","68395.2","69566.1","0.010921694976080759","0.8287241804069638","746.9915122280387","11.959488467086093","16.01020663730801","46800.0","1730102400000.0","1730149200000.0"
"80a61178-6fb0-4925-9990-ce90c4508bb6","TradeIQ220320Strategy","BTC-USDT","Bybit Perpetual","long","69566.1","71173.9","0.010909782217130537","0.8444935120814235","758.9510006951248","16.696254336620928","21.99912026116152","21600.0","1730149200000.0","1730170800000.0"
"d8458c92-07f0-44e7-b568-cfeb2891e5fa","TradeIQ220320Strategy","BTC-USDT","Bybit Perpetual","long","71173.9","72719.9","0.010897917003729538","0.8624784793631916","775.6472550317457","15.985701208402672","20.60949884718977","50400.0","1730170800000.0","1730221200000.0"
"4c9431e1-5604-4d9d-8d52-fa54d715a361","TradeIQ220320Strategy","BTC-USDT","Bybit Perpetual","long","72719.9","72305.0","0.010886056722302265","0.8683121081504175","791.6329562401484","-5.384937042233563","-6.80231539097268","28800.0","1730221200000.0","1730250000000.0"
"494bf85a-0512-4b1b-984c-16a471859dea","TradeIQ220320Strategy","BTC-USDT","Bybit Perpetual","long","72868.0","72213.3","0.010790031552916435","0.8609874926059744","786.2480191979148","-7.925221150300333","-10.079797922270366","54000.0","1730322000000.0","1730376000000.0"
"acb2357e-f3f4-4287-8997-c9bd98261e3c","TradeIQ220320Strategy","BTC-USDT","Bybit Perpetual","short","69424.9","69240.1","0.011211003516715395","0.8550155914549372","778.3227980476146","1.2167778584339373","1.5633331844912755","18000.0","1730426400000.0","1730444400000.0"
"80ba167e-848c-4e8d-bd29-deedf1b784e1","TradeIQ220320Strategy","BTC-USDT","Bybit Perpetual","long","70360.7","69381.0","0.011079190171587955","0.851523678060546","779.5395759060485","-11.705806289165233","-15.016307896311396","10800.0","1730466000000.0","1730476800000.0"
"9d8d3167-623d-422b-9da8-86e0e182749e","TradeIQ220320Strategy","BTC-USDT","Bybit Perpetual","short","69381.0","69931.0","0.011066917017870645","0.8479648889764775","767.8337696168833","-6.934769248805332","-9.031602311872126","3600.0","1730476800000.0","1730480400000.0"
"a7d36c91-ec9d-4179-8535-bd47af709b7b","TradeIQ220320Strategy","BTC-USDT","Bybit Perpetual","short","69584.0","69712.6","0.010934970688205304","0.8377623308816625","760.8990003680778","-2.2439995613849284","-2.9491424752817577","43200.0","1730484000000.0","1730527200000.0"
"0fe6401f-09e0-4c08-adf4-472abf0ea70c","TradeIQ220320Strategy","BTC-USDT","Bybit Perpetual","short","69558.4","68200.1","0.010906734496576878","0.8263724612806773","758.655000806693","13.98824500541957","18.438216304572684","61200.0","1730541600000.0","1730602800000.0"
"d24d6ca7-6cd4-44ea-8ff9-55c30a9b697f","TradeIQ220320Strategy","BTC-USDT","Bybit Perpetual","short","68200.1","68131.1","0.01132906323908781","0.8494776324434006","772.6432458121127","-0.0677722689463417","-0.08771482739761399","50400.0","1730602800000.0","1730653200000.0"
"d552f643-1d17-4bc9-9f1a-75188896126b","TradeIQ220320Strategy","BTC-USDT","Bybit Perpetual","short","68601.0","68817.0","0.011261868974842442","0.8511709309316944","772.5754735431664","-3.283734629497662","-4.250373901255084","10800.0","1730707200000.0","1730718000000.0"
"0aff3c23-82ba-4bc6-b795-2b6b0aaf001a","TradeIQ220320Strategy","BTC-USDT","Bybit Perpetual","short","68390.0","68009.5","0.011248599779407351","0.8438668620862002","769.2917389136687","3.4362253539782968","4.466738923819272","36000.0","1730732400000.0","1730768400000.0"
"36163d26-9884-4611-a4d6-f3d27451b505","TradeIQ220320Strategy","BTC-USDT","Bybit Perpetual","long","69947.5","68955.9","0.011047256360379528","0.8439758080205879","772.727964267647","-11.798435214972992","-15.268549555023494","18000.0","1730818800000.0","1730836800000.0"
"d8995026-b85e-470b-8c56-0dcd9cc3d082","TradeIQ220320Strategy","BTC-USDT","Bybit Perpetual","short","68955.9","69415.6","0.011035017004385037","0.8398125204822453","760.9295290526741","-5.912609837398175","-7.770246273342986","3600.0","1730836800000.0","1730840400000.0"
"ea62a994-3d2a-4131-912f-31ee8dbaf7fa","TradeIQ220320Strategy","BTC-USDT","Bybit Perpetual","long","71058.6","74367.1","0.010625271525406859","0.8498531520997983","755.016919215276","34.3038576897088","45.43455493071915","10800.0","1730854800000.0","1730865600000.0"
"8393f959-d510-47de-bded-9f941a6d4c94","TradeIQ220320Strategy","BTC-USDT","Bybit Perpetual","long","74367.1","74766.6","0.010613843714559054","0.8705849814056648","789.3207769049847","3.369645582560677","4.269044577508064","90000.0","1730865600000.0","1730955600000.0"
"6041b6b5-95d8-45a1-aea2-a4b1ae606719","TradeIQ220320Strategy","BTC-USDT","Bybit Perpetual","long","76081.6","75720.6","0.010418950475378346","0.8698907821194135","792.6904224875452","-4.631131903730996","-5.842295771908056","39600.0","1730995200000.0","1731034800000.0"
"89d53249-b93d-41f0-bc1a-f2f65091cdbf","TradeIQ220320Strategy","BTC-USDT","Bybit Perpetual","long","76423.3","76418.6","0.010311767361312769","0.8668385637235667","788.0592905838142","-0.9153038703217067","-1.1614657440858625","39600.0","1731081600000.0","1731121200000.0"
"280e6a08-a02f-4aee-ba51-91403bfd5639","TradeIQ220320Strategy","BTC-USDT","Bybit Perpetual","long","76675.1","79273.7","0.010265966222587157","0.8805308122891501","787.1439867134926","25.796609013725742","32.772414512664355","18000.0","1731196800000.0","1731214800000.0"
"d3cc2311-352f-475c-9485-3e2412adde72","TradeIQ220320Strategy","BTC-USDT","Bybit Perpetual","long","79273.7","79793.4","0.010254858745425258","0.8971658528494387","812.9405957272182","4.432284237148038","5.452162507868273","54000.0","1731214800000.0","1731268800000.0"
"21173177-b271-4b6b-b6aa-25d59ac2524b","TradeIQ220320Strategy","BTC-USDT","Bybit Perpetual","long","80683.7","84114.2","0.010130582508788843","0.9182242977738231","817.3728799643663","33.8347389986263","41.39449671990749","61200.0","1731279600000.0","1731340800000.0"
"127d2aed-4ca9-482a-a2f8-97e4d4fcb80d","TradeIQ220320Strategy","BTC-USDT","Bybit Perpetual","long","84114.2","87989.2","0.01011966610825512","0.9578959192525108","851.2076189629928","38.25581025023608","44.9429838243721","21600.0","1731340800000.0","1731362400000.0"
"c0623b10-13a5-4006-bd49-4dbac4ef1d94","TradeIQ220320Strategy","BTC-USDT","Bybit Perpetual","long","87989.2","87775.1","0.010108779591281983","0.9772194127937803","889.4634292132287","-3.1415091232871646","-3.5319148827355096","43200.0","1731362400000.0","1731405600000.0"
"e3a3787f-90bc-4850-ae82-b7922d6f1ef8","TradeIQ220320Strategy","BTC-USDT","Bybit Perpetual","long","88836.2","87198.2","0.009977035488797829","0.965965800827078","886.3219200899416","-17.30834993147792","-19.52828824285595","32400.0","1731438000000.0","1731470400000.0"
"7e4e0daf-ef06-4579-8248-712615ac8309","TradeIQ220320Strategy","BTC-USDT","Bybit Perpetual","long","89219.5","88587.6","0.009740175299777108","0.952529777949749","869.0135701584637","-7.107346549878847","-8.178637013208931","28800.0","1731506400000.0","1731535200000.0"
"d79bceb8-e794-498d-96a1-ba95d1435e24","TradeIQ220320Strategy","BTC-USDT","Bybit Perpetual","long","89250.0","88485.4","0.009657212589451932","0.9440356983592012","861.9062236085849","-8.327940444254205","-9.662234957983259","21600.0","1731664800000.0","1731686400000.0"
"746fd5fb-c80c-4d29-b926-a69ec4fae2b2","TradeIQ220320Strategy","BTC-USDT","Bybit Perpetual","long","90418.4","90948.5","0.009440316165341685","0.94168848286035","853.5782831643306","4.062623116387332","4.759520241455344","61200.0","1731700800000.0","1731762000000.0"
"56765ac1-329a-42db-b6d8-0accdaf47e43","TradeIQ220320Strategy","BTC-USDT","Bybit Perpetual","long","90699.9","90600.0","0.009455808730557784","0.9428854474980893","857.6409062807179","-1.887520739680757","-2.200828721972066","3600.0","1731826800000.0","1731830400000.0"
"fec8c018-417a-47e0-9b24-fa5ba403b2fe","TradeIQ220320Strategy","BTC-USDT","Bybit Perpetual","long","91048.8","90743.4","0.009398843098877055","0.9397500004198225","855.7533855410372","-3.810156682816957","-4.452400361125118","10800.0","1731834000000.0","1731844800000.0"
"5a58890c-43a7-4889-8c03-07425eccbdd6","TradeIQ220320Strategy","BTC-USDT","Bybit Perpetual","long","90811.4","90338.7","0.009381456830950962","0.9346985136898475","851.9432288582202","-5.36931315768034","-6.302430697026994","36000.0","1731895200000.0","1731931200000.0"
"ce5b65a3-81b9-4303-a4f5-2275bfe41110","TradeIQ220320Strategy","BTC-USDT","Bybit Perpetual","long","92407.8","90427.0","0.009161282009749607","0.9212506401978922","846.5739157005398","-19.06791804510994","-22.52363047275233","10800.0","1731945600000.0","1731956400000.0"
"61ecf749-1a75-48ae-b756-99f4deb9bbd6","TradeIQ220320Strategy","BTC-USDT","Bybit Perpetual","long","91532.1","90507.4","0.009040609771385447","0.9051614453629666","827.5059976554298","-10.16907427810174","-12.288822445896157","10800.0","1731963600000.0","1731974400000.0"
"031b16a9-fc33-4bfd-92ba-66ca498c7653","TradeIQ220320Strategy","BTC-USDT","Bybit Perpetual","long","91313.8","91175.0","0.008950858724281852","0.8983873071600494","817.3369233773283","-2.1407664980903967","-2.6191970983575636","39600.0","1731985200000.0","1732024800000.0"
"e2ce2996-2e6a-43d6-8be1-75082b331443","TradeIQ220320Strategy","BTC-USDT","Bybit Perpetual","long","92453.3","91857.9","0.008817383012604608","0.8938283441520238","815.1961568792376","-6.1436981898568845","-7.536466086121413","25200.0","1732032000000.0","1732057200000.0"
"a9d8d117-46dc-45a2-9cc5-2f953cdde590","TradeIQ220320Strategy","BTC-USDT","Bybit Perpetual","long","93112.7","95790.2","0.008688959279339777","0.9027532832170567","809.0524586893808","22.361935187215195","27.639660379303788","64800.0","1732096800000.0","1732161600000.0"
"f8f5bfba-cee6-4daa-b910-9f06b459c0a5","TradeIQ220320Strategy","BTC-USDT","Bybit Perpetual","long","95790.2","97545.3","0.008679535003336417","0.9229342318006514","831.414393876596","14.310517652555143","17.212256316408208","36000.0","1732161600000.0","1732197600000.0"
"cd6472ce-496f-4817-963e-31da6c4f7bb0","TradeIQ220320Strategy","BTC-USDT","Bybit Perpetual","long","98099.3","98929.9","0.008621110563777224","0.9342357846209166","845.7249115291511","6.22645864965237","7.362274144667609","64800.0","1732212000000.0","1732276800000.0"
"bf85877c-2689-4b74-9cec-47920801f07e","TradeIQ220320Strategy","BTC-USDT","Bybit Perpetual","long","98828.2","98495.7","0.008620529061328685","0.9355700279445935","851.9513701788036","-3.8018959408363813","-4.462573890853016","54000.0","1732298400000.0","1732352400000.0"
"6e6316bf-ef00-4214-889c-6a87d9b87a31","TradeIQ220320Strategy","BTC-USDT","Bybit Perpetual","long","98252.2","98137.6","0.008632371328458469","0.9324203232969311","848.1494742379671","-1.9216900775381962","-2.2657445838362023","25200.0","1732413600000.0","1732438800000.0"
"8285649a-fac5-46e4-9b8b-ecd9ad42f6f8","TradeIQ220320Strategy","BTC-USDT","Bybit Perpetual","long","98082.0","97257.2","0.008627758244738371","0.9269366663263288","846.2277841604289","-8.043111666586562","-9.504665076160792","10800.0","1732489200000.0","1732500000000.0"
"f9c8fe39-9e2b-4628-9ca0-8b1d00c77b59","TradeIQ220320Strategy","BTC-USDT","Bybit Perpetual","long","97935.9","97542.5","0.008558502780837694","0.9201513364965367","838.1846724938423","-4.287066330478035","-5.114703801159679","36000.0","1732507200000.0","1732543200000.0"
"06b9413d-1521-4bca-ad6c-01e5e1e16fde","TradeIQ220320Strategy","BTC-USDT","Bybit Perpetual","short","94723.6","94553.5","0.008803483040798324","0.9164637569238188","833.8976061633641","0.5810087083160274","0.6967386691384808","39600.0","1732564800000.0","1732604400000.0"
"2ed3f062-bd74-48d2-a2e7-5b968a105bd6","TradeIQ220320Strategy","BTC-USDT","Bybit Perpetual","short","93221.6","94098.3","0.008951558596630826","0.9222427836407647","834.4786148716803","-8.770074205306985","-10.509645243162497","28800.0","1732611600000.0","1732640400000.0"
"fdec8740-be4b-402a-9b51-10b3681be894","TradeIQ220320Strategy","BTC-USDT","Bybit Perpetual","short","91760.0","93122.9","0.008998567356869805","0.9150246758308835","825.7085406663733","-13.17917212650869","-15.961046153007782","39600.0","1732651200000.0","1732690800000.0"
"aee49d97-c6de-4b37-a2bf-ae34e12ed83d","TradeIQ220320Strategy","BTC-USDT","Bybit Perpetual","long","94894.8","95905.2","0.00856242247773181","0.8985406148131763","812.5293685398647","7.752931056686996","9.541724098686062","32400.0","1732719600000.0","1732752000000.0"
"750670a6-d021-466a-bf4a-da1279e86e21","TradeIQ220320Strategy","BTC-USDT","Bybit Perpetual","long","95432.1","95067.3","0.008595454774615163","0.9005859375102281","820.2822995965518","-4.036207839289864","-4.920510708660952","3600.0","1732806000000.0","1732809600000.0"
"83119134-08d5-4123-909d-51189b39b19d","TradeIQ220320Strategy","BTC-USDT","Bybit Perpetual","long","95362.9","95196.3","0.008559367340519866","0.8970864061035764","816.2460917572619","-2.3230770050341114","-2.846049774073474","3600.0","1732820400000.0","1732824000000.0"
"f2cddc1d-d18b-4c95-b471-4a910ea0c774","TradeIQ220320Strategy","BTC-USDT","Bybit Perpetual","long","96798.1","97023.1","0.008408460649044018","0.8963558632327697","813.9230147522278","0.9955477828021342","1.2231473551650287","79200.0","1732849200000.0","1732928400000.0"
"de83cee7-b443-481b-b523-bacf525f7ebc","TradeIQ220320Strategy","BTC-USDT","Bybit Perpetual","long","96937.0","96529.5","0.008406682304331987","0.8945262711170745","814.9185625350299","-4.320249310132359","-5.301449137068405","21600.0","1732986000000.0","1733007600000.0"
"8675a43b-b7e9-4665-b39e-1725ba114a01","TradeIQ220320Strategy","BTC-USDT","Bybit Perpetual","long","97100.0","96549.8","0.008348077376157545","0.8891319328525884","810.5983132248977","-5.482244105214445","-6.763206900102955","68400.0","1733043600000.0","1733112000000.0"
"95c696c3-9298-4bef-8c18-92230d6c220a","TradeIQ220320Strategy","BTC-USDT","Bybit Perpetual","short","95123.1","96374.1","0.008463938508308528","0.891451288922293","805.116069119683","-11.479838362816261","-14.25861289213661","21600.0","1733130000000.0","1733151600000.0"
"e3b1814d-6250-47a0-a5b6-5a085438bc0b","TradeIQ220320Strategy","BTC-USDT","Bybit Perpetual","long","96374.1","96224.6","0.008234953486018201","0.8723227347821656","793.6362307568668","-2.103448280941887","-2.6503934667094167","7200.0","1733151600000.0","1733158800000.0"
"e56321fd-72a0-4222-aa1b-1521b2697d4c","TradeIQ220320Strategy","BTC-USDT","Bybit Perpetual","short","94650.8","96119.9","0.008362663416219671","0.87744313457714","791.5327824759248","-13.163031959345386","-16.629800117906992","32400.0","1733162400000.0","1733194800000.0"
"b7f9879a-e673-4db8-ad00-4f7fe7492b06","TradeIQ220320Strategy","BTC-USDT","Bybit Perpetual","short","95701.4","95743.7","0.008133316236926308","0.8563959471704894","778.3697505165793","-1.2004352239924958","-1.542242903447629","32400.0","1733209200000.0","1733241600000.0"
"201d96ec-0194-4e87-acf5-9c6a396e31dd","TradeIQ220320Strategy","BTC-USDT","Bybit Perpetual","long","95895.9","95548.2","0.008104301803232327","0.8533364206665045","777.1693152925869","-3.671202157650361","-4.723812540473546","3600.0","1733248800000.0","1733252400000.0"
"98361122-4c56-42ee-bf84-343eb2788046","TradeIQ220320Strategy","BTC-USDT","Bybit Perpetual","long","96069.5","95823.8","0.008051443102492846","0.8497598926847747","773.4981131349365","-2.8279994629672434","-3.6561168216759437","10800.0","1733263200000.0","1733274000000.0"
"71e9a13f-1524-450d-af02-a082fe2a719b","TradeIQ220320Strategy","BTC-USDT","Bybit Perpetual","long","96298.9","96038.0","0.008002896332896527","0.8465887494298773","770.6701136719693","-2.9345444026825347","-3.8077827991804085","39600.0","1733277600000.0","1733317200000.0"
"18101a32-7970-40cd-ad64-1e0283bf1abf","TradeIQ220320Strategy","BTC-USDT","Bybit Perpetual","short","95731.6","96188.2","0.008019667166006699","0.846523105211615","767.735569269287","-4.5083031332102035","-5.872208236360732","18000.0","1733320800000.0","1733338800000.0"
"0b32617f-0cff-465a-95a4-30e53062ee10","TradeIQ220320Strategy","BTC-USDT","Bybit Perpetual","long","97283.4","101540.6","0.007845400820037917","0.8579196849537704","763.2272661360767","32.54152068611174","42.63673761402265","25200.0","1733342400000.0","1733367600000.0"
"dfe46844-36f2-49c7-ae59-a9aa24f7a70c","TradeIQ220320Strategy","BTC-USDT","Bybit Perpetual","long","101540.6","101350.1","0.007836951788961146","0.8745245488807187","795.7687868221882","-2.367463864677817","-2.97506499863109","46800.0","1733367600000.0","1733414400000.0"
"eb32d534-455a-4e01-aaec-4815358679de","TradeIQ220320Strategy","BTC-USDT","Bybit Perpetual","short","96616.6","97614.6","0.008211853066217507","0.8772489414013083","793.4013229575104","-9.07267830148638","-11.435169111726145","7200.0","1733439600000.0","1733446800000.0"
"94160db1-80b9-415d-89b6-02f1ba225a9c","TradeIQ220320Strategy","BTC-USDT","Bybit Perpetual","long","99524.9","99383.0","0.007880727784263276","0.8621464577217037","784.3286446560242","-1.9804217303086167","-2.524989675950382","46800.0","1733497200000.0","1733544000000.0"
"2a9236e2-8e7b-4a81-9543-637f8c8e145a","TradeIQ220320Strategy","BTC-USDT","Bybit Perpetual","long","100190.6","99655.0","0.007808599039487891","0.8582827881132347","782.3482229257155","-5.040568433662994","-6.4428706884678375","14400.0","1733598000000.0","1733612400000.0"
"c273a93f-e2e3-4290-88b7-91ae032e0b81","TradeIQ220320Strategy","BTC-USDT","Bybit Perpetual","long","99915.0","99820.4","0.007779689280809212","0.8546336427079773","777.3076544920524","-1.590592248672574","-2.0462840414352783","10800.0","1733623200000.0","1733634000000.0"
"33a70c92-7a95-4c23-ac0d-aaf39931612a","TradeIQ220320Strategy","BTC-USDT","Bybit Perpetual","long","99986.1","99733.3","0.007758249019047445","0.8522100615241095","775.7170622433798","-2.813495413539326","-3.626960847557839","21600.0","1733662800000.0","1733684400000.0"
"c6bbed13-cece-415a-b722-fe629f6867ff","TradeIQ220320Strategy","BTC-USDT","Bybit Perpetual","long","100182.3","99728.3","0.00771497127566287","0.8482674951852915","772.9035668298404","-4.350864454336235","-5.629246184206192","18000.0","1733688000000.0","1733706000000.0"
"d097fcc0-cf25-4e9b-bc99-2dc294016d4b","TradeIQ220320Strategy","BTC-USDT","Bybit Perpetual","short","98459.3","98772.9","0.007805790843277417","0.8467543154177031","768.5527023755042","-3.2946503238694325","-4.286824200456343","3600.0","1733738400000.0","1733742000000.0"
"3f2e7586-8f55-4e27-9714-82a33a81005a","TradeIQ220320Strategy","BTC-USDT","Bybit Perpetual","short","98157.4","98653.6","0.007796233926852533","0.8439115274577756","765.2580520516348","-4.712402801962093","-6.1579264528197735","3600.0","1733745600000.0","1733749200000.0"
"cdb22ac2-c833-434e-b3ba-cd93884932a5","TradeIQ220320Strategy","BTC-USDT","Bybit Perpetual","long","100207.3","97856.0","0.007589722996724516","0.8267850705494308","760.5456492496727","-18.67250075274781","-24.551452987955997","3600.0","1733756400000.0","1733760000000.0"
"d070f0b7-3750-47c4-bb36-c5e95e4cf53c","TradeIQ220320Strategy","BTC-USDT","Bybit Perpetual","short","97856.0","97912.5","0.007581273999518934","0.8162960514361525","741.8731484969248","-1.2446380324089723","-1.6776965643394377","32400.0","1733760000000.0","1733792400000.0"
"284b66bd-478f-495e-96d7-168edf853299","TradeIQ220320Strategy","BTC-USDT","Bybit Perpetual","short","96358.0","97222.8","0.007686217132614996","0.8183472338279244","740.6285104645158","-7.465387810113395","-10.079800743062359","36000.0","1733850000000.0","1733886000000.0"
"9b6adb98-26e7-47e7-a288-b2b17d247d1f","TradeIQ220320Strategy","BTC-USDT","Bybit Perpetual","long","98114.1","98001.7","0.007472556163226308","0.806017481497832","733.1631226544024","-1.6459327942445343","-2.244974881286265","3600.0","1733907600000.0","1733911200000.0"
"1b7d500f-e336-4de0-abd0-23907616254a","TradeIQ220320Strategy","BTC-USDT","Bybit Perpetual","long","98203.0","101094.1","0.007449030985409386","0.8165136502612282","731.5171898601579","20.71937983165589","28.323845452786635","32400.0","1733914800000.0","1733947200000.0"
"1771fa59-75fd-4eab-bc3f-f969d3f68648","TradeIQ220320Strategy","BTC-USDT","Bybit Perpetual","long","101094.1","100750.8","0.0074409542168317805","0.8260552628905441","752.2365696918138","-3.380534845528916","-4.493978333058041","18000.0","1733947200000.0","1733965200000.0"
"256cc4b1-6a71-4946-8865-b3cc899719ce","TradeIQ220320Strategy","BTC-USDT","Bybit Perpetual","long","101804.8","100560.8","0.007355802819182247","0.8187087980420289","748.8560348462848","-9.969327505104744","-13.312742424718676","14400.0","1733972400000.0","1733986800000.0"
"1ad58f02-82f4-4340-aa32-e3e5fe7062d0","TradeIQ220320Strategy","BTC-USDT","Bybit Perpetual","long","101678.3","99455.1","0.007266906580275046","0.8038896953852013","738.8867073411802","-16.95967640465266","-22.95301327815273","18000.0","1734015600000.0","1734033600000.0"
"25c50b19-049b-4045-bec1-2cd0768c4907","TradeIQ220320Strategy","BTC-USDT","Bybit Perpetual","long","101000.0","99831.0","0.007147792385510175","0.7895240609159166","721.9270309365277","-9.14529335957731","-12.667891584158413","3600.0","1734102000000.0","1734105600000.0"
"6efd1950-025e-4d77-a4aa-850eed183e74","TradeIQ220320Strategy","BTC-USDT","Bybit Perpetual","long","101704.1","101774.10000000002","0.007008387445313909","0.78432973425129","712.7817375769504","-0.29374261307921445","-0.4121073781684854","54000.0","1734112800000.0","1734166800000.0"
"928635df-464e-4c68-a5ea-c7a63da3c50d","TradeIQ220320Strategy","BTC-USDT","Bybit Perpetual","long","101381.0","102926.40000000001","0.007027825677038805","0.7897102354509709","712.4879949638711","10.07109156584486","14.135103520383591","46800.0","1734220800000.0","1734267600000.0"
"cc167fdf-8eec-4b03-9960-05506faf645c","TradeIQ220320Strategy","BTC-USDT","Bybit Perpetual","long","102926.4","102831.7","0.007020153104837202","0.794449350508222","722.5590865297157","-1.4592578495362845","-2.0195688861166534","32400.0","1734267600000.0","1734300000000.0"
"de132e30-88b9-442e-b37b-0ead5f2d2588","TradeIQ220320Strategy","BTC-USDT","Bybit Perpetual","long","104460.4","103717.8","0.006903092738302548","0.7903903813810926","721.0998286801795","-5.9166270488445045","-8.205004097246336","43200.0","1734307200000.0","1734350400000.0"
"55d766ba-494b-4247-a7f3-5e6b047b3139","TradeIQ220320Strategy","BTC-USDT","Bybit Perpetual","long","106281.2","106429.89999999998","0.006729160017306305","0.7872518661464838","715.1832016313349","0.21337422842684628","0.29834904950247576","86400.0","1734364800000.0","1734451200000.0"
"bfdc274e-1678-4287-80f3-049ffdd83ea3","TradeIQ220320Strategy","BTC-USDT","Bybit Perpetual","short","102782.1","101615.20000000001","0.006960322622905758","0.7824691331879703","715.3965758597619","7.339531335480718","10.259388405179443","43200.0","1734552000000.0","1734595200000.0"
"73f04e98-6a6c-4717-ac20-9a3854d29a12","TradeIQ220320Strategy","BTC-USDT","Bybit Perpetual","short","100631.1","96407.39999999998","0.007182035247505421","0.7783255986635784","722.7361071952429","29.556436676225257","40.89519865131183","18000.0","1734624000000.0","1734642000000.0"
"af1a5768-da18-4cce-9f44-595a385b2f53","TradeIQ220320Strategy","BTC-USDT","Bybit Perpetual","short","96407.4","97826.1","0.007803265557119765","0.833610569323852","752.292543871468","-11.904103415209754","-15.823768974166006","39600.0","1734642000000.0","1734681600000.0"
"bd783e7d-ca05-40e7-bb9f-b86c2a7ad597","TradeIQ220320Strategy","BTC-USDT","Bybit Perpetual","short","95468.4","96961.3","0.007755324698604545","0.8207951428352847","740.3884404562581","-12.398719385382078","-16.74623577016069","25200.0","1734685200000.0","1734710400000.0"
"b76ed69a-a7e7-4e86-aac6-70d3dc36b8d8","TradeIQ220320Strategy","BTC-USDT","Bybit Perpetual","short","97109.8","96970.0","0.00749656287080064","0.8002122824588278","727.989721070876","0.2478072068791235","0.34039932118079635","79200.0","1734786000000.0","1734865200000.0"
"e6558943-8ec8-472b-9f8d-e3de32024fef","TradeIQ220320Strategy","BTC-USDT","Bybit Perpetual","short","95330.0","95989.9","0.0076391222939028135","0.8038338623464913","728.2375282777552","-5.8448906640929135","-8.026077257946021","46800.0","1734879600000.0","1734926400000.0"
"23ddd028-3eca-4a7f-9a40-7c85bef10813","TradeIQ220320Strategy","BTC-USDT","Bybit Perpetual","short","94380.0","95162.2","0.007654086009892586","0.7979247657173444","722.3926376136623","-6.784950842655303","-9.392331108285623","28800.0","1734966000000.0","1734994800000.0"
"8b6cb9c9-5f83-442c-aaa2-9a22ac87a0e2","TradeIQ220320Strategy","BTC-USDT","Bybit Perpetual","long","98243.5","97558.49999999999","0.007284020691150122","0.7844242006527169","715.607686771007","-5.773978374090657","-8.068636601912743","14400.0","1735056000000.0","1735070400000.0"
"1bbca9f2-f710-488f-92e8-6499baffd4d8","TradeIQ220320Strategy","BTC-USDT","Bybit Perpetual","long","98725.4","97956.0","0.007189980576395907","0.7777744951560948","709.8337083969164","-6.309745550635064","-8.889047499427647","10800.0","1735081200000.0","1735092000000.0"
"ae1a991f-59c8-4c25-b071-261fe2598b81","TradeIQ220320Strategy","BTC-USDT","Bybit Perpetual","long","98405.0","97889.3","0.0071492704928233465","0.7718485757946776","703.5239628462814","-4.458727368943657","-6.3377050454753014","3600.0","1735124400000.0","1735128000000.0"
"f5dfb24c-c932-4843-8fd0-01548acbbfe4","TradeIQ220320Strategy","BTC-USDT","Bybit Perpetual","long","98722.5","98692.0","0.007081113580767685","0.7688529733447542","699.0652354773378","-0.9848269375581686","-1.408776874572666","28800.0","1735153200000.0","1735182000000.0"
"5d880d21-329c-49ab-a09d-ac726b56f7e8","TradeIQ220320Strategy","BTC-USDT","Bybit Perpetual","short","97669.6","95424.6","0.007147366309883316","0.7590632388426292","698.0804085397796","15.286774126845415","21.89829988041315","25200.0","1735200000000.0","1735225200000.0"
"bb1dd4ef-a1f8-4aac-b939-e2769640cc82","TradeIQ220320Strategy","BTC-USDT","Bybit Perpetual","short","95424.6","96474.9","0.007475715723897454","0.7890223602569327","713.367182666625","-8.640766585066341","-12.112649411158007","7200.0","1735225200000.0","1735232400000.0"
"42750f9c-5bbd-4c13-82c9-313229b2b862","TradeIQ220320Strategy","BTC-USDT","Bybit Perpetual","short","95787.3","96253.0","0.007357200965906322","0.777083494359117","704.7264160815587","-4.20333198418167","-5.964487619966291","25200.0","1735250400000.0","1735275600000.0"
"69c79c23-5c6a-4c75-a943-f8d28def6e74","TradeIQ220320Strategy","BTC-USDT","Bybit Perpetual","short","95074.4","96743.6","0.007368156770880248","0.7773398025121891","700.523084097377","-13.076267084465586","-18.666432814722068","7200.0","1735286400000.0","1735293600000.0"
"54adaf15-26d1-4440-b8e8-cd02b6e89032","TradeIQ220320Strategy","BTC-USDT","Bybit Perpetual","short","94539.9","94540.5","0.007271499303605266","0.7561938983089729","687.4468170129114","-0.7605567978911784","-1.106350017294347","82800.0","1735315200000.0","1735398000000.0"
"422f2095-82d7-4af9-8f8f-9d10f36ccd42","TradeIQ220320Strategy","BTC-USDT","Bybit Perpetual","short","94568.4","93100.3","0.007261265498993535","0.7494917411030324","686.6862602150202","9.910772137969314","14.43275147935242","28800.0","1735484400000.0","1735513200000.0"
"f28d2682-4ccd-4dbd-aca3-efe2f9ec2be4","TradeIQ220320Strategy","BTC-USDT","Bybit Perpetual","short","93100.3","93900.00000000001","0.007482221135194939","0.7695476783212869","696.5970323529895","-6.753079920136766","-9.694385141616209","10800.0","1735513200000.0","1735524000000.0"
"89bcc937-5453-4d9b-8e4e-81b376d29980","TradeIQ220320Strategy","BTC-USDT","Bybit Perpetual","short","92658.8","93800.0","0.007444991219753038","0.7635012708651283","689.8439524328528","-9.259725250847271","-13.422927342033319","14400.0","1735567200000.0","1735581600000.0"
"47373199-29b1-43ea-b49b-cac24ee0bdaa","TradeIQ220320Strategy","BTC-USDT","Bybit Perpetual","short","92035.2","93904.0","0.007394825318812862","0.7562433471558947","680.5842271820055","-14.575692902953394","-21.416442404645213","39600.0","1735596000000.0","1735635600000.0"
"33f473b3-c983-4d6f-94be-32c47d3ea0ac","TradeIQ220320Strategy","BTC-USDT","Bybit Perpetual","long","95567.4","94832.70000000001","0.006968992923099845","0.7297933222016266","666.0085342790521","-5.84991242280296","-8.783539732167899","10800.0","1735653600000.0","1735664400000.0"
"800a61a1-3d9c-4663-b444-3cc594381b84","TradeIQ220320Strategy","BTC-USDT","Bybit Perpetual","short","93865.1","94155.79999999999","0.007033057247648477","0.7272989643999143","660.158621856249","-2.771808706291204","-4.198701061416677","3600.0","1735671600000.0","1735675200000.0"
"31378590-36d5-41f8-978c-2d1b1be2953a","TradeIQ220320Strategy","BTC-USDT","Bybit Perpetual","short","93544.9","94363.6","0.007027500303597073","0.7262898724391589","657.3868131499578","-6.479704370994164","-9.85676049683106","14400.0","1735678800000.0","1735693200000.0"
"e0ddb12c-547b-4b95-b09d-ab236ae24f7e","TradeIQ220320Strategy","BTC-USDT","Bybit Perpetual","short","93545.0","93788.30000000002","0.006958224477833809","0.7169289344653614","650.9071087789637","-2.4098649499224485","-3.7023177615053444","28800.0","1735707600000.0","1735736400000.0"
"8c7e99ea-ba37-48d8-8c7c-977d6d47e4c9","TradeIQ220320Strategy","BTC-USDT","Bybit Perpetual","long","95112.2","94846.70000000001","0.006818234083840362","0.7123513355798528","648.4972438290413","-2.52259248483937","-3.8899047125393533","3600.0","1735779600000.0","1735783200000.0"
"31fa0b55-3871-4726-add5-c921fe0a9e52","TradeIQ220320Strategy","BTC-USDT","Bybit Perpetual","long","95222.7","96829.9","0.006783830445305604","0.7165687512390545","645.9746513442019","10.186403540456094","15.769045301172907","36000.0","1735786800000.0","1735822800000.0"
"8d2c0273-462f-47ed-9b08-2a64d5d90ee9","TradeIQ220320Strategy","BTC-USDT","Bybit Perpetual","long","96829.9","96428.5","0.0067764301613928955","0.7202811278863931","656.1610548846579","-3.440340194669462","-5.243133784089358","10800.0","1735822800000.0","1735833600000.0"
"4aa04347-ca63-4301-bfd0-505b43835e8e","TradeIQ220320Strategy","BTC-USDT","Bybit Perpetual","long","97195.5","96727.3","0.0067155445950685825","0.7162634662703111","652.7207146899884","-3.860481445681402","-5.91444603916845","46800.0","1735837200000.0","1735884000000.0"
"c5739d0c-26f7-4d6f-abe1-27332dc50c94","TradeIQ220320Strategy","BTC-USDT","Bybit Perpetual","long","96970.4","98244.2","0.006691322643242754","0.7184341302993673","648.8602332443071","7.804972652663271","12.028742482242032","61200.0","1735916400000.0","1735977600000.0"
"ab33ec59-2303-4ded-a732-cf5e471c6a88","TradeIQ220320Strategy","BTC-USDT","Bybit Perpetual","long","98244.2","97870.0","0.006684009904879579","0.7209560904081441","656.6652058969703","-3.222112596814063","-4.906781367246078","3600.0","1735977600000.0","1735981200000.0"
"d271c3fa-ac17-4d29-a105-f2eacc9a8e7a","TradeIQ220320Strategy","BTC-USDT","Bybit Perpetual","long","98577.4","97826.0","0.006628731263962697","0.7160479468607142","653.4430933001563","-5.6968766186022455","-8.718244445481359","43200.0","1736024400000.0","1736067600000.0"
"70855498-eb3a-4d17-90ff-8cc194188fe2","TradeIQ220320Strategy","BTC-USDT","Bybit Perpetual","long","97995.7","97695.1","0.00660994530047292","0.7114280160931823","647.7462166815541","-2.6983775734152844","-4.165794417510067","3600.0","1736096400000.0","1736100000000.0"
"a6faca64-c8f5-43cf-9534-1843baa31124","TradeIQ220320Strategy","BTC-USDT","Bybit Perpetual","long","98050.0","99560.0","0.006578764294830584","0.7150162867658095","645.0478391081388","9.218917798428373","14.291835798062216","36000.0","1736107200000.0","1736143200000.0"
"b70b1774-c3b6-4baf-8c3a-fd24d5e96891","TradeIQ220320Strategy","BTC-USDT","Bybit Perpetual","long","99560.0","98968.3","0.0065715825322073835","0.7175548096358549","654.2667569065671","-4.605960193942945","-7.039881126958589","14400.0","1736143200000.0","1736157600000.0"
"b5378de8-22d1-4136-8b73-b1f7e329d165","TradeIQ220320Strategy","BTC-USDT","Bybit Perpetual","long","100702.1","101366.9","0.006451313296471713","0.7169857345776085","649.6607967126241","3.571847344916711","5.498018909238123","72000.0","1736175600000.0","1736247600000.0"
"fac9c1b4-f7eb-43ea-97be-dbe103678b9f","TradeIQ220320Strategy","BTC-USDT","Bybit Perpetual","short","97915.3","95267.9","0.006671405225307393","0.7088418754568817","653.2326440575409","16.953036318021965","25.95252468204671","54000.0","1736265600000.0","1736319600000.0"
"6a2ef306-e8f2-4572-b788-e3cac00808d9","TradeIQ220320Strategy","BTC-USDT","Bybit Perpetual","short","95267.9","95256.9","0.007034748119519408","0.7371616881869962","670.1856803755629","-0.6597794588722827","-0.9844726292906636","28800.0","1736319600000.0","1736348400000.0"
"e63bb28c-990e-44b1-89d8-1ea43c1c3400","TradeIQ220320Strategy","BTC-USDT","Bybit Perpetual","short","94744.0","94953.4","0.007066683915780321","0.7372923609949402","669.5259009166907","-2.2170559729592982","-3.311381934476001","32400.0","1736355600000.0","1736388000000.0"
"be57a9fd-7bc0-4fc2-96f2-c552b833ee54","TradeIQ220320Strategy","BTC-USDT","Bybit Perpetual","short","92986.9","94210.29999999999","0.0071763747898223465","0.7388684967429324","667.3088449437315","-9.51844541461155","-14.263928144717097","28800.0","1736413200000.0","1736442000000.0"
"aeade794-d3fe-4a3e-860a-a7b6b1779baa","TradeIQ220320Strategy","BTC-USDT","Bybit Perpetual","short","91858.3","93654.9","0.007160925028322099","0.7306453643302678","657.7903995291199","-13.595963270213689","-20.669142146109728","28800.0","1736452800000.0","1736481600000.0"
"44f7fc08-3f0b-460f-af04-e5ef4ba959e4","TradeIQ220320Strategy","BTC-USDT","Bybit Perpetual","short","93522.0","94078.1","0.006888159323569921","0.7107206578547074","644.1944362589062","-4.541226057691981","-7.0494648852677","3600.0","1736517600000.0","1736521200000.0"
"4462ba7c-b5fd-43c8-b305-8a9134560557","TradeIQ220320Strategy","BTC-USDT","Bybit Perpetual","short","93704.0","95759.2","0.006826317021698264","0.7113347269299825","639.6532102012142","-14.740781469924235","-23.04495816614015","7200.0","1736524800000.0","1736532000000.0"
"30e1104b-9be1-4c16-a7aa-906bd9ee8405","TradeIQ220320Strategy","BTC-USDT","Bybit Perpetual","short","94143.1","94621.3","0.006637899418346007","0.6891495055304382","624.91242873129","-3.86339300738348","-6.182295038085607","18000.0","1736672400000.0","1736690400000.0"
"9129fe7a-d2c0-4021-99c6-8517689210b9","TradeIQ220320Strategy","BTC-USDT","Bybit Perpetual","short","93913.9","94499.9","0.006612961826991602","0.6852852968931367","621.0490357239065","-4.560480927510215","-7.343189772759944","3600.0","1736722800000.0","1736726400000.0"
"abd87af7-fd0c-4543-bc78-5471cea90513","TradeIQ220320Strategy","BTC-USDT","Bybit Perpetual","short","93604.0","91607.3","0.006586134724973253","0.6709046159130914","616.4885547963963","12.479630589440983","20.24308560531598","14400.0","1736751600000.0","1736766000000.0"
"4638bf6b-9924-4249-a289-2552d11019c8","TradeIQ220320Strategy","BTC-USDT","Bybit Perpetual","short","91607.3","92274.79999999999","0.006865917731292564","0.6943856539715219","628.9681853858373","-5.277385739609208","-8.390544803743648","32400.0","1736766000000.0","1736798400000.0"
"ef59ec32-3a17-44cb-8f7b-e65493dfe617","TradeIQ220320Strategy","BTC-USDT","Bybit Perpetual","long","95076.8","94823.29999999999","0.006559863180568004","0.6851452706869001","623.690799646228","-2.3480705869609846","-3.764799141325902","10800.0","1736830800000.0","1736841600000.0"
"c2a38513-4082-4fb6-8068-97cf4ce8637d","TradeIQ220320Strategy","BTC-USDT","Bybit Perpetual","long","95451.9","96295.4","0.006509485186353201","0.6864969148802726","621.3427290592671","4.804253839808652","7.73205127399245","18000.0","1736845200000.0","1736863200000.0"
"5ae44f84-afc2-44c5-84c9-f9243f949ef0","TradeIQ220320Strategy","BTC-USDT","Bybit Perpetual","long","96496.5","96725.4","0.006488805116238162","0.6895785893090922","626.1469828990757","0.7957089017977852","1.2708021016305688","57600.0","1736884800000.0","1736942400000.0"
"a48c2710-27c7-496b-870a-463a35fd0462","TradeIQ220320Strategy","BTC-USDT","Bybit Perpetual","long","98916.1","99438.8","0.006338125864251356","0.6914590770950453","626.9426918008736","2.62147931214912","4.1813699185471025","50400.0","1736949600000.0","1737000000000.0"
"51af0fc3-f2d3-4e3d-b704-c912a3b4037a","TradeIQ220320Strategy","BTC-USDT","Bybit Perpetual","long","99306.0","102091.9","0.006339638804432993","0.7022344680842235","629.5641711130228","16.959365277185615","26.93826309588539","57600.0","1737046800000.0","1737104400000.0"
"d7caba38-53da-4bd4-a8d5-aa58911b58ff","TradeIQ220320Strategy","BTC-USDT","Bybit Perpetual","long","102091.9","104923.89999999998","0.006332760350137557","0.7210397975506035","646.5235363902084","17.213337514038866","26.624456102785683","28800.0","1737104400000.0","1737133200000.0"
"78399bce-504d-4953-892f-92a50afb34e4","TradeIQ220320Strategy","BTC-USDT","Bybit Perpetual","long","104923.9","104370.9","0.006325888323863747","0.728186542360969","663.7368739042473","-4.226402785457621","-6.367587746928965","21600.0","1737133200000.0","1737154800000.0"
"6c96eeab-f364-46fd-88b4-18fd169c2b2e","TradeIQ220320Strategy","BTC-USDT","Bybit Perpetual","long","103547.0","103209.0","0.006369189557580516","0.7242774858919145","659.5104711187897","-2.877063556354129","-4.362422861116208","18000.0","1737201600000.0","1737219600000.0"
"73c58626-1cd9-4d21-9b7f-33fdf575c032","TradeIQ220320Strategy","BTC-USDT","Bybit Perpetual","long","104044.7","105095.2","0.006311070218496815","0.7259431269141712","656.6334075624355","5.903836137616732","8.991068790625567","39600.0","1737226800000.0","1737266400000.0"
"bca26550-e835-47e7-b675-103d5cde2bd2","TradeIQ220320Strategy","BTC-USDT","Bybit Perpetual","long","105554.0","105290.8","0.00627676112416443","0.7278823441297235","662.5372437000523","-2.3799258720097836","-3.59213899994313","10800.0","1737270000000.0","1737280800000.0"
"27b28a12-193c-4d38-ae3d-3d37a9c8911d","TradeIQ220320Strategy","BTC-USDT","Bybit Perpetual","long","105132.5","103687.4","0.006279288686448457","0.721182239566414","660.1573178280424","-9.795382320353115","-14.837951584904818","25200.0","1737298800000.0","1737324000000.0"
"dcfbd6c0-bddb-4d52-8c09-2dc468dcffae","TradeIQ220320Strategy","BTC-USDT","Bybit Perpetual","short","99769.4","100666.2","0.006518651365124871","0.7186133886577925","650.3619355076893","-6.564539932901796","-10.093671807187404","3600.0","1737334800000.0","1737338400000.0"
"1e10da67-a509-4f8b-a7fa-f3550b29b1dd","TradeIQ220320Strategy","BTC-USDT","Bybit Perpetual","long","107554.0","105008.7","0.005985806158532342","0.6997975153038445","643.7973955747875","-15.935469930616232","-24.75230567900778","32400.0","1737356400000.0","1737388800000.0"
"835b3643-9287-4a79-b7ff-7185c2c7d8e4","TradeIQ220320Strategy","BTC-USDT","Bybit Perpetual","short","101188.0","101496.9","0.006204904985217331","0.6917023005410519","627.8619256441713","-2.6083974504746497","-4.154412529153598","3600.0","1737421200000.0","1737424800000.0"
"dfe1cbff-d38d-465c-9bd4-55f4d4a58cfc","TradeIQ220320Strategy","BTC-USDT","Bybit Perpetual","long","104955.5","105063.8","0.005957320275675849","0.6881337287952869","625.2535281936965","-0.042955942939575165","-0.06870164021892236","54000.0","1737478800000.0","1737532800000.0"
"a3e6e162-fc34-49c4-89b7-b39ae20b2983","TradeIQ220320Strategy","BTC-USDT","Bybit Perpetual","short","102417.0","102508.79999999999","0.006104558542534509","0.688039848636645","625.2105722507569","-1.248438322841242","-1.9968285538532502","7200.0","1737604800000.0","1737612000000.0"
"8a724452-8e65-4f79-9de8-148bbb894e87","TradeIQ220320Strategy","BTC-USDT","Bybit Perpetual","short","102181.8","102472.9","0.006106392076944382","0.6873360112241862","623.9621339279155","-2.4649067448226427","-3.950410787439557","18000.0","1737622800000.0","1737640800000.0"
"b5c54f7c-8d89-4e41-be10-b427f321c4cf","TradeIQ220320Strategy","BTC-USDT","Bybit Perpetual","long","105167.7","103713.70000000001","0.0059095827633683425","0.6789210565655366","621.4972271830928","-9.27145439450302","-14.91793364312413","18000.0","1737644400000.0","1737662400000.0"
"6360c31d-ccf7-4c36-9257-863810f0c233","TradeIQ220320Strategy","BTC-USDT","Bybit Perpetual","long","105454.3","104813.00000000001","0.005805602737760241","0.6714006268977997","612.2257727885898","-4.394533662623374","-7.17796253922304","43200.0","1737709200000.0","1737752400000.0"
"ad7f21a0-550c-4011-848d-bac7671894d6","TradeIQ220320Strategy","BTC-USDT","Bybit Perpetual","long","104852.1","104618.8","0.005797034481197479","0.667870516559108","607.8312391259662","-2.020318661022497","-3.323815116721581","3600.0","1737820800000.0","1737824400000.0"
"e6259a35-ca4a-4ca1-9f2a-82d116c10ba8","TradeIQ220320Strategy","BTC-USDT","Bybit Perpetual","long","104935.9","104701.99999999999","0.0057731521859053355","0.6656493253484823","605.8109204649437","-2.0159896216317907","-3.3277538478252793","18000.0","1737831600000.0","1737849600000.0"
"e757d069-679e-4cc2-9199-0d91c2c78d7d","TradeIQ220320Strategy","BTC-USDT","Bybit Perpetual","long","105036.5","104578.8","0.005748429649153503","0.6627273429899134","603.7949308433119","-3.293783593407455","-5.455136214553961","21600.0","1737864000000.0","1737885600000.0"
"89265aff-5007-42c5-9c0a-3d6d08b4715a","TradeIQ220320Strategy","BTC-USDT","Bybit Perpetual","short","102560.1","100363.5","0.005855114681537016","0.6534775222746897","600.5011472499045","12.207867387189554","20.329465552393238","18000.0","1737936000000.0","1737954000000.0"
"d1a4b6dd-74a3-4982-8eb8-13f04cb302ee","TradeIQ220320Strategy","BTC-USDT","Bybit Perpetual","short","100363.5","100567.7","0.006104898839090846","0.6746655572894218","612.7090146370941","-1.9212859002317548","-3.135723246000758","28800.0","1737954000000.0","1737982800000.0"
"ea8b6486-92de-405c-a2e1-f472cd586c5d","TradeIQ220320Strategy","BTC-USDT","Bybit Perpetual","short","99159.1","101349.1","0.0061596739859161925","0.6792858289265846","610.7877287368624","-14.168971858083045","-23.197865954814027","7200.0","1738004400000.0","1738011600000.0"
"d169fe0b-4304-4c48-b2be-6608dd7658a4","TradeIQ220320Strategy","BTC-USDT","Bybit Perpetual","short","101226.3","101993.99999999999","0.005893910543789305","0.6587692478851142","596.6187568787793","-5.1835243723520605","-8.688168637992128","25200.0","1738098000000.0","1738123200000.0"
"b1821381-4660-4849-89ed-1d28c631ea0e","TradeIQ220320Strategy","BTC-USDT","Bybit Perpetual","long","102807.7","105432.3","0.005752830113954764","0.6588831386114671","591.4352325064272","14.43999477847424","24.415175127933082","36000.0","1738177200000.0","1738213200000.0"
"84bec34d-2e19-481a-ae0e-1c4cc1b95d52","TradeIQ220320Strategy","BTC-USDT","Bybit Perpetual","long","105432.3","104996.40000000001","0.005746580765902872","0.6650850360076701","605.8752272849014","-3.1700195918646985","-5.232132705062815","61200.0","1738213200000.0","1738274400000.0"
"8604f526-2522-4337-beb2-a0d4ada9f5cb","TradeIQ220320Strategy","BTC-USDT","Bybit Perpetual","long","104691.9","104407.5","0.005756942110068082","0.6620752275774835","602.7052076930366","-2.2993495636808126","-3.815048442143033","10800.0","1738324800000.0","1738335600000.0"
"8bdd3ffb-50d4-4721-982a-1d0e51a6fa58","TradeIQ220320Strategy","BTC-USDT","Bybit Perpetual","long","105407.0","104538.9","0.005696071969882036","0.6577268258999114","600.4058581293558","-5.60248690295454","-9.331166288766456","7200.0","1738339200000.0","1738346400000.0"
"36538ba6-1e18-4722-b1ed-ce4d3f811041","TradeIQ220320Strategy","BTC-USDT","Bybit Perpetual","short","102600.1","102219.00000000001","0.005797298162734746","0.6530685656676414","594.8033712264013","1.5562817641505196","2.6164642627053114","82800.0","1738350000000.0","1738432800000.0"
"b4ebb481-067a-46ad-9ab2-41cc30497775","TradeIQ220320Strategy","BTC-USDT","Bybit Perpetual","short","101295.5","99160.8","0.005887326218741719","0.6490833968860756","596.3596529905518","11.918591882261856","19.985577197407558","25200.0","1738443600000.0","1738468800000.0"
"9fa14cb4-a21d-4845-9a76-eaea0641f8a2","TradeIQ220320Strategy","BTC-USDT","Bybit Perpetual","short","99160.8","93408.4","0.006134261168453801","0.6496983711901174","608.2782448728136","34.63702557422358","56.942732813773276","79200.0","1738468800000.0","1738548000000.0"
"a1d45bb7-de59-4a0e-aaba-a66d8e93ad96","TradeIQ220320Strategy","BTC-USDT","Bybit Perpetual","short","93408.4","93872.7","0.006882842126051159","0.7089644344712599","642.9152704470371","-3.904668033596833","-6.073378893118851","18000.0","1738548000000.0","1738566000000.0"
"f94e8e73-44b9-483d-a7bb-0c84e66c1023","TradeIQ220320Strategy","BTC-USDT","Bybit Perpetual","long","101831.9","101034.5","0.006275151523377647","0.7001595694511765","639.0106024134402","-5.703965394192475","-8.926245312127085","3600.0","1738612800000.0","1738616400000.0"
"0008fab8-1b28-4403-84b9-df9142b7f0e6","TradeIQ220320Strategy","BTC-USDT","Bybit Perpetual","long","101741.8","101026.4","0.006224645494961243","0.6941880894582702","633.3066370192478","-5.147299476553597","-8.127657560609391","10800.0","1738620000000.0","1738630800000.0"
"d1e4fa05-d01c-4286-8945-749f789c2893","TradeIQ220320Strategy","BTC-USDT","Bybit Perpetual","short","98818.3","99318.9","0.006356710624881162","0.6927254644333122","628.1593375426942","-3.8748948032487665","-6.168649531513811","3600.0","1738648800000.0","1738652400000.0"
"feae29a2-25a0-4221-a162-69057dd481c5","TradeIQ220320Strategy","BTC-USDT","Bybit Perpetual","short","98405.1","99326.0","0.0063440252866919025","0.689926104100973","624.2844427394454","-6.532138990615509","-10.463401846042473","18000.0","1738656000000.0","1738674000000.0"
"6428cf8b-5182-4986-9911-f5c480f3fdc1","TradeIQ220320Strategy","BTC-USDT","Bybit Perpetual","short","98596.6","98161.70000000001","0.006265452396419653","0.6780288692377514","617.75230374883","2.046816377965119","3.313328603623189","54000.0","1738702800000.0","1738756800000.0"
"e05f081c-9abc-4bed-8686-696a60746626","TradeIQ220320Strategy","BTC-USDT","Bybit Perpetual","short","96680.0","97573.1","0.006410830783272602","0.6849280642743723","619.7991201267952","-6.41044103681517","-10.342772083161003","36000.0","1738782000000.0","1738818000000.0"
"f8cca788-a497-4d1b-9273-61ce546f4863","TradeIQ220320Strategy","BTC-USDT","Bybit Perpetual","short","97285.6","97350.9","0.006305030539874144","0.6749539921708176","613.3886790899801","-1.0866724864245259","-1.7715887551702239","36000.0","1738857600000.0","1738893600000.0"
"32bbb1ee-5f0b-412d-b597-dbe29544ab8e","TradeIQ220320Strategy","BTC-USDT","Bybit Perpetual","long","99672.7","98257.1","0.006143126519132676","0.6687492918186447","612.3020066035555","-9.364959192302805","-15.294673365926586","3600.0","1738940400000.0","1738944000000.0"
"9c3b6dc5-6c99-457a-93f3-504ec94ccbc5","TradeIQ220320Strategy","BTC-USDT","Bybit Perpetual","short","97378.0","97700.0","0.0061917173017648","0.6643273052865206","602.9370474112527","-2.658060276454786","-4.4085204050196145","3600.0","1738951200000.0","1738954800000.0"
"f321b23c-e4ad-421a-9d05-94c521911c90","TradeIQ220320Strategy","BTC-USDT","Bybit Perpetual","short","96840.1","96462.6","0.006198661372043171","0.6590198887809073","600.278987134798","1.6809747791653895","2.8003225420048095","82800.0","1738958400000.0","1739041200000.0"
"7517d1c0-ef31-4289-a392-c571f050a59f","TradeIQ220320Strategy","BTC-USDT","Bybit Perpetual","short","96511.2","96277.0","0.006237203163093644","0.6613525439659216","601.9599619139633","0.7994004368305916","1.3279960253317447","32400.0","1739102400000.0","1739134800000.0"
"da1976a3-4880-464e-8486-c0027f200b29","TradeIQ220320Strategy","BTC-USDT","Bybit Perpetual","short","95120.9","96423.6","0.006336771018259856","0.6675754999688913","602.7593623507939","-8.922487105456078","-14.802734993045814","7200.0","1739138400000.0","1739145600000.0"
"f4e08726-d5a9-4452-aeaf-4de46436f54d","TradeIQ220320Strategy","BTC-USDT","Bybit Perpetual","long","98175.3","97233.8","0.006048740113300778","0.6500883739207017","593.8368752453379","-6.344977190593384","-10.684714026847894","3600.0","1739196000000.0","1739199600000.0"
"7775ff3a-fac1-4c11-b223-1bd7b5ad9b53","TradeIQ220320Strategy","BTC-USDT","Bybit Perpetual","long","98019.0","97726.2","0.005993653251458845","0.645275869940604","587.4918980547445","-2.4002175419677716","-4.0855330089064665","28800.0","1739250000000.0","1739278800000.0"
"b6baf4f9-df74-4d21-8702-d3a6558fb5d0","TradeIQ220320Strategy","BTC-USDT","Bybit Perpetual","short","96730.8","94988.00000000001","0.006048659584256273","0.6378029664061615","585.0916805127767","9.903800957035601","16.92692151827534","21600.0","1739282400000.0","1739304000000.0"
"f8f3c8d9-d206-49d2-9ef6-5e5972fd3c08","TradeIQ220320Strategy","BTC-USDT","Bybit Perpetual","short","94988.0","95777.7","0.0062639015609320375","0.6572156613012611","594.9954814698124","-5.6038187239692725","-9.41825425316879","39600.0","1739304000000.0","1739343600000.0"
"fe8a1574-057b-4b9c-a285-842076af954d","TradeIQ220320Strategy","BTC-USDT","Bybit Perpetual","short","94918.0","96944.3","0.006209482529613382","0.655251079967793","589.3916627458431","-13.237525529723406","-22.459641638045497","10800.0","1739368800000.0","1739379600000.0"
"989f6a73-04d0-42e0-9fe4-67e6666296a1","TradeIQ220320Strategy","BTC-USDT","Bybit Perpetual","long","97610.0","96905.0","0.005902613843009115","0.6314808124201049","576.1541372161197","-4.792823571741531","-8.318648191783629","25200.0","1739397600000.0","1739422800000.0"
"b17191b5-0062-4e0d-bf86-c894f98d9425","TradeIQ220320Strategy","BTC-USDT","Bybit Perpetual","short","96010.0","96219.70000000001","0.005951060448332238","0.6291838105656244","571.3613136443781","-1.877121186580964","-3.285348765753689","50400.0","1739430000000.0","1739480400000.0"
"cd65f2b7-d2f0-4c66-9f79-ef2d6dfa8571","TradeIQ220320Strategy","BTC-USDT","Bybit Perpetual","long","97249.9","96886.50000000001","0.0058558846071594655","0.6252621960471441","569.4841924577972","-2.7532906622887747","-4.834709547258966","3600.0","1739545200000.0","1739548800000.0"
"34b56691-7227-43ee-8fba-8975cb132945","TradeIQ220320Strategy","BTC-USDT","Bybit Perpetual","long","97626.8","97135.0","0.005805075059261477","0.6218337772222795","566.7309017955083","-3.4767696913670907","-6.134780511089198","14400.0","1739552400000.0","1739566800000.0"
"c7b585c1-93c1-423c-806a-2474229d574a","TradeIQ220320Strategy","BTC-USDT","Bybit Perpetual","long","97416.8","97475.7","0.00578189934491937","0.619766849943834","563.2541321041413","-0.2792129785281168","-0.49571403495091","28800.0","1739581200000.0","1739610000000.0"
"d024e170-0bd6-42a0-9628-089c3f689837","TradeIQ220320Strategy","BTC-USDT","Bybit Perpetual","short","97207.4","97322.3","0.005791482120966235","0.619638403750809","562.9749191256132","-1.2850796994498799","-2.2826588819370617","7200.0","1739692800000.0","1739700000000.0"
"b7803992-3ad6-40e7-bb7f-e563f95fd5be","TradeIQ220320Strategy","BTC-USDT","Bybit Perpetual","short","97140.1","97293.1","0.0057822654025079575","0.6183454010024008","561.6898394261633","-1.503032007586118","-2.675910978061583","3600.0","1739703600000.0","1739707200000.0"
"f30a565a-e20a-4e79-8197-1645519c6b83","TradeIQ220320Strategy","BTC-USDT","Bybit Perpetual","short","97086.8","96864.8","0.005769958505364037","0.6155009762269299","560.1868074185771","0.6654298119638862","1.1878712657127435","28800.0","1739710800000.0","1739739600000.0"
"0fdc42ee-cc5b-49e3-9a83-4b0f9fbc6a54","TradeIQ220320Strategy","BTC-USDT","Bybit Perpetual","short","96826.7","96407.5","0.00579233039265555","0.6156019812582645","560.852237230541","1.8125429193429252","3.2317655150903333","50400.0","1739746800000.0","1739797200000.0"
"e0181409-2ac0-4af1-98fe-f778ac237422","TradeIQ220320Strategy","BTC-USDT","Bybit Perpetual","short","95605.5","96375.60000000002","0.005885276267054552","0.6214239963541648","562.664780149884","-5.153675249612995","-9.159406153411888","21600.0","1739808000000.0","1739829600000.0"
"eb6fbe12-b4f3-4b82-87ab-1f1887b293fc","TradeIQ220320Strategy","BTC-USDT","Bybit Perpetual","short","95323.7","96155.0","0.005848609578733003","0.6159362874188387","557.5111049002711","-5.477885430219601","-9.825607744978457","21600.0","1739862000000.0","1739883600000.0"
"da5cd769-e140-41b3-9c3c-2db52d2b089b","TradeIQ220320Strategy","BTC-USDT","Bybit Perpetual","short","95501.6","95255.1","0.005780355716239849","0.6064528696908276","552.0332194700516","0.8184048143622951","1.482528198480444","25200.0","1739894400000.0","1739919600000.0"
"80efa15f-e591-4017-b74b-fae2e56223d8","TradeIQ220320Strategy","BTC-USDT","Bybit Perpetual","short","95635.0","96159.9","0.005780850361106435","0.609805689307855","552.8516242844139","-3.644174043852589","-6.591595075024774","3600.0","1739991600000.0","1739995200000.0"
"f5135ea4-4e02-469a-8dd8-e51b78192e5f","TradeIQ220320Strategy","BTC-USDT","Bybit Perpetual","long","96490.8","96918.0","0.005691811553438891","0.6054655433072135","549.2074502405613","1.8260763523218642","3.32493004514417","57600.0","1740006000000.0","1740063600000.0"
"e09542bc-3b1c-498c-90d7-07a84c6105d9","TradeIQ220320Strategy","BTC-USDT","Bybit Perpetual","long","97915.4","98285.2","0.005627649242028151","0.6072814868315077","551.0335265928832","1.4738232028705192","2.6746525061430884","57600.0","1740074400000.0","1740132000000.0"
"5c346b9e-3d00-4000-8624-d27f440e2475","TradeIQ220320Strategy","BTC-USDT","Bybit Perpetual","long","98861.4","98057.60000000002","0.005588706510283627","0.6052873735141979","552.5073497957537","-5.097489666480031","-9.22610290770689","10800.0","1740142800000.0","1740153600000.0"
"b0c90cce-ef4f-4037-b39e-70bc7f5866ee","TradeIQ220320Strategy","BTC-USDT","Bybit Perpetual","short","96929.5","96468.70000000001","0.005647505249993797","0.6007195424116427","547.4098601292737","2.0016508767854333","3.6565853532721038","43200.0","1740160800000.0","1740204000000.0"
"459511d5-bb6c-4859-9838-dbf74f8b11ef","TradeIQ220320Strategy","BTC-USDT","Bybit Perpetual","short","96400.0","95391.5","0.005699289533257877","0.6011914086848055","549.4115110060593","5.1465420856057635","9.367372147302905","50400.0","1740276000000.0","1740326400000.0"
"463ed098-d995-416c-89f3-68137ecde0c1","TradeIQ220320Strategy","BTC-USDT","Bybit Perpetual","short","95391.5","95734.7","0.005813495469634768","0.6111112138056798","554.558053091665","-2.606302858984315","-4.69978362852033","25200.0","1740326400000.0","1740351600000.0"
"db8d99dc-85dc-4d41-b2f6-58e5d4286913","TradeIQ220320Strategy","BTC-USDT","Bybit Perpetual","short","95388.1","92380.2","0.0057863795403481225","0.5975742571952716","551.9517502326808","16.807276762217896","30.450626807746545","68400.0","1740369600000.0","1740438000000.0"
"0d2ce988-dc13-4e5a-af88-0174fb42bb61","TradeIQ220320Strategy","BTC-USDT","Bybit Perpetual","short","92380.2","89262.9","0.006156720022200631","0.6150791408655253","568.7590269948987","18.57726418434052","32.662803230562425","32400.0","1740438000000.0","1740470400000.0"
"b412366c-ceca-4dd1-aa94-72e072fd1f9b","TradeIQ220320Strategy","BTC-USDT","Bybit Perpetual","short","89262.9","89350.0","0.0065798477439030015","0.6463851279033348","587.3362911792392","-1.2194898663973244","-2.076306001709622","18000.0","1740470400000.0","1740488400000.0"
"b1b415c0-a608-4e71-89e9-2acfc5273f08","TradeIQ220320Strategy","BTC-USDT","Bybit Perpetual","short","87206.9","88762.9","0.006720991129289563","0.6504803056525722","586.116801312842","-11.108342502827131","-18.952438281833203","25200.0","1740499200000.0","1740524400000.0"
"c44b3c81-8c75-40c8-929d-642d198ad798","TradeIQ220320Strategy","BTC-USDT","Bybit Perpetual","short","87589.1","83832.0","0.0065648403603874765","0.6189436857461097","575.0084588100148","24.045818032265714","41.81819878272531","18000.0","1740582000000.0","1740600000000.0"
"782b1521-d28d-4946-bf66-a96d1aacee64","TradeIQ220320Strategy","BTC-USDT","Bybit Perpetual","short","83832.0","86216.7","0.007145890314465604","0.6683321470746069","599.0542768422805","-17.709136779980714","-29.561823468365272","39600.0","1740600000000.0","1740639600000.0"
"a5b85b1e-09f0-4c75-a03a-cfc1b2250005","TradeIQ220320Strategy","BTC-USDT","Bybit Perpetual","short","84084.0","79938.4","0.006913861615316824","0.6237154964766782","581.3451400622998","28.03838921598079","48.2301945673375","36000.0","1740686400000.0","1740722400000.0"
"24452218-c9f6-4fa0-9d6b-81e18a58f8b9","TradeIQ220320Strategy","BTC-USDT","Bybit Perpetual","short","79938.4","80474.3","0.0076231639522217195","0.6725687716652065","609.3835292782807","-4.757822333660893","-7.807599163856279","21600.0","1740722400000.0","1740744000000.0"
"b81f4f07-d515-4cc0-a1f2-f996fe4f0c8d","TradeIQ220320Strategy","BTC-USDT","Bybit Perpetual","short","85076.3","87390.1","0.007106864155406615","0.6741324018946107","604.6257069446198","-17.117994684674457","-28.311721595791113","3600.0","1740927600000.0","1740931200000.0"
"1bad4e98-be1a-4019-a040-5206911fbfbe","TradeIQ220320Strategy","BTC-USDT","Bybit Perpetual","long","91165.4","89238.6","0.006444415449939838","0.6394290786570207","587.5077122599453","-13.056528767601025","-22.223587018759183","79200.0","1740934800000.0","1741014000000.0"
"72fe5949-980f-4f6f-8575-dd759d3b6dba","TradeIQ220320Strategy","BTC-USDT","Bybit Perpetual","short","87095.8","83890.1","0.006595624398562781","0.6202673256176188","574.4511834923443","20.52332580885507","35.7268405020678","61200.0","1741028400000.0","1741089600000.0"
"f995bb3e-7f79-4de0-9954-75433f80ff8c","TradeIQ220320Strategy","BTC-USDT","Bybit Perpetual","short","82782.4","83157.1","0.007187210195659939","0.6559531364444919","594.9745093011993","-3.3490007967583546","-5.628813914552026","3600.0","1741096800000.0","1741100400000.0"
"31ba0c5e-2428-4952-afe9-0761f2372f62","TradeIQ220320Strategy","BTC-USDT","Bybit Perpetual","short","82945.0","85389.3","0.0071327446923195","0.6603770716731752","591.625508504441","-18.09494492310975","-30.585133100247187","7200.0","1741104000000.0","1741111200000.0"
"bdb1b926-11c8-4bf1-97e9-b90ef7d1ef51","TradeIQ220320Strategy","BTC-USDT","Bybit Perpetual","long","88165.3","86798.8","0.006505173391133827","0.625994494248023","573.5305635813312","-9.515313933232397","-16.59077046184837","3600.0","1741118400000.0","1741122000000.0"
"6cf3711e-4295-42d9-819f-768511bdc1ef","TradeIQ220320Strategy","BTC-USDT","Bybit Perpetual","long","88423.4","88477.3","0.006378574558862235","0.6206058674557065","564.0152496480989","-0.2768006987329763","-0.4907681111559982","18000.0","1741168800000.0","1741186800000.0"
"696db405-6541-4983-8768-e020fa011954","TradeIQ220320Strategy","BTC-USDT","Bybit Perpetual","long","90448.6","90716.0","0.006232694026766206","0.621028936154819","563.7384489493659","1.0455934466024281","1.8547492166821173","46800.0","1741208400000.0","1741255200000.0"
"eddd144a-0de9-4287-b144-81a1d0f66bea","TradeIQ220320Strategy","BTC-USDT","Bybit Perpetual","short","88585.0","88998.0","0.006375617117976727","0.6227106680639136","564.7840423959683","-3.2558405377883015","-5.7647530620308185","10800.0","1741284000000.0","1741294800000.0"
"c17a6231-dc96-4c8e-a77b-4904a5ced53c","TradeIQ220320Strategy","BTC-USDT","Bybit Perpetual","long","90266.0","85477.89999999998","0.0062208162747676874","0.6012987823211298","561.5282018581801","-30.38718918753642","-54.11516124565197","7200.0","1741302000000.0","1741309200000.0"
"eea1f4c9-39e2-4a3a-a1c3-d3b8035a92f4","TradeIQ220320Strategy","BTC-USDT","Bybit Perpetual","short","85477.9","88888.7","0.006213781722183673","0.5959117956216213","531.1410126706437","-21.78987849364571","-41.024658186502045","32400.0","1741309200000.0","1741341600000.0"
"ef3c4f04-5b5b-41e2-93c5-3cb5c1f7c068","TradeIQ220320Strategy","BTC-USDT","Bybit Perpetual","long","89104.8","88424.9","0.005716315329555737","0.5581486600587872","509.3511341769981","-4.4446714526237825","-8.726144214453189","7200.0","1741356000000.0","1741363200000.0"
"b6395ee3-d9cd-4131-8242-ab379aff1039","TradeIQ220320Strategy","BTC-USDT","Bybit Perpetual","short","86261.7","84577.0","0.005853193975128872","0.5499736272573669","504.9064627243742","9.310902262642227","18.44084587945748","140400.0","1741384800000.0","1741525200000.0"
"7b52b32a-efc2-4da7-b93c-3b9dbb967a36","TradeIQ220320Strategy","BTC-USDT","Bybit Perpetual","short","84577.0","82451.5","0.006079872364673806","0.5585315786946055","514.2173649870165","12.36423713241957","24.044767785568183","14400.0","1741525200000.0","1741539600000.0"
"f6fdf79a-d85f-4ce5-96d7-6993034d951e","TradeIQ220320Strategy","BTC-USDT","Bybit Perpetual","short","82451.5","83042.9","0.006386561822640414","0.5813171192954301","526.5816021194361","-4.358329781204934","-8.27664651340478","14400.0","1741539600000.0","1741554000000.0"
"792d52b8-07f4-465b-b08c-dda5a1f2e11f","TradeIQ220320Strategy","BTC-USDT","Bybit Perpetual","short","81820.5","82277.5","0.006382548045272655","0.5760498530232336","522.2232723382313","-3.4928743097128367","-6.688469271148429","28800.0","1741557600000.0","1741586400000.0"
"3cd36999-86a8-4f3b-84e0-3b1d05da0d4d","TradeIQ220320Strategy","BTC-USDT","Bybit Perpetual","short","79813.7","79486.6","0.00649926513904904","0.5694341875365296","518.7303980285184","1.5564754394463547","3.000547963570055","46800.0","1741618800000.0","1741665600000.0"
"d45572cc-a71e-4acb-90cf-1ccd4bed3c08","TradeIQ220320Strategy","BTC-USDT","Bybit Perpetual","short","79742.0","81190.69999999998","0.006524627843143697","0.5775142864107604","520.2868734679647","-10.02974264277292","-19.27733170725568","3600.0","1741705200000.0","1741708800000.0"
"ca5b2251-a73b-4ea8-9bd2-fa81f573fbb8","TradeIQ220320Strategy","BTC-USDT","Bybit Perpetual","short","81500.9","82589.9","0.006260754553939794","0.5650327228477932","510.25713082519167","-7.382994432088228","-14.469164634991763","14400.0","1741791600000.0","1741806000000.0"
"296211dd-5281-4c5a-90ee-ad55823d050a","TradeIQ220320Strategy","BTC-USDT","Bybit Perpetual","short","82939.5","80034.6","0.006063144055523647","0.5434744950906241","502.8741363931035","17.069352671799983","33.94358833848762","21600.0","1741867200000.0","1741888800000.0"
"69673f8b-82ed-4f2a-9aba-b5c59dbe94cd","TradeIQ220320Strategy","BTC-USDT","Bybit Perpetual","short","80034.6","81085.4","0.0064964838840314496","0.5756924158673309","519.9434890649035","-7.402197681207502","-14.236542695284143","21600.0","1741888800000.0","1741910400000.0"
"2f57129d-8b12-4173-93cf-3ec2ee47c63b","TradeIQ220320Strategy","BTC-USDT","Bybit Perpetual","long","84692.2","83828.5","0.006051812225726762","0.5609205979014176","512.541291383696","-5.787870817261604","-11.292496652584266","122400.0","1741968000000.0","1742090400000.0"
"cf877a29-ef90-4b9a-ba46-3db7cf1348ce","TradeIQ220320Strategy","BTC-USDT","Bybit Perpetual","short","83828.5","83921.9","0.006045120938182534","0.5577393004856723","506.7534205664345","-1.1223535961118858","-2.2147923438925203","3600.0","1742090400000.0","1742094000000.0"
"c5351861-44ca-4af6-9683-3ab84c9aec8a","TradeIQ220320Strategy","BTC-USDT","Bybit Perpetual","short","83857.0","82367.9","0.0060296822801951255","0.5512558337314637","505.63106697032265","8.427544049707134","16.66737785754327","7200.0","1742119200000.0","1742126400000.0"
"cfc4b0fc-2c6f-4c2f-9400-01a81c72beba","TradeIQ220320Strategy","BTC-USDT","Bybit Perpetual","short","82367.9","83594.9","0.006241006642393819","0.5696762154546524","514.0586110200298","-8.227391365671869","-16.004772975880165","18000.0","1742126400000.0","1742144400000.0"
"21e7ba25-31ac-4c19-8c5d-7f1af37eae1f","TradeIQ220320Strategy","BTC-USDT","Bybit Perpetual","long","83869.7","83660.9","0.00603115570527089","0.5557217236986005","505.83121965435794","-1.81502703495918","-3.5882068255878217","3600.0","1742148000000.0","1742151600000.0"
"38b9a03c-4153-44e0-8cac-39ed87487630","TradeIQ220320Strategy","BTC-USDT","Bybit Perpetual","short","82050.1","83641.0","0.00614278584205746","0.5597927187792098","504.0161926193988","-10.332350714908387","-20.500037233348824","18000.0","1742166000000.0","1742184000000.0"
"043e0627-f5e9-4ff3-b98c-81d0de86d380","TradeIQ220320Strategy","BTC-USDT","Bybit Perpetual","short","83088.9","83525.2","0.005941634104007761","0.5444780103227078","493.6838419044904","-3.136812969901311","-6.353890291001601","7200.0","1742191200000.0","1742198400000.0"
"9ef5f9c5-4a57-4c60-8515-492e2e91ce79","TradeIQ220320Strategy","BTC-USDT","Bybit Perpetual","short","83299.7","83475.0","0.005888941123852657","0.5401695140865044","490.54702893458915","-1.5725008930978923","-3.2056068029056877","3600.0","1742209200000.0","1742212800000.0"
"dabb8d87-de56-4033-ba15-f64c76f9b1d9","TradeIQ220320Strategy","BTC-USDT","Bybit Perpetual","long","84164.5","83127.2","0.005809747910835225","0.5345574325162903","488.9745280414913","-6.561008940425685","-13.417895133934174","28800.0","1742234400000.0","1742263200000.0"
"8c76c83c-a3cf-4977-86b5-4c6b2c148933","TradeIQ220320Strategy","BTC-USDT","Bybit Perpetual","short","83127.2","82273.4","0.005803317314922981","0.5279296912332574","482.41351910106556","4.426942632248","9.176655414834169","64800.0","1742263200000.0","1742328000000.0"
"eec0f463-f8f9-4d26-9cef-f07b3a0a2644","TradeIQ220320Strategy","BTC-USDT","Bybit Perpetual","long","83491.6","84188.0","0.005831011284168869","0.5377579018487073","486.84046173331353","3.5229583564464586","7.236371323582182","28800.0","1742378400000.0","1742407200000.0"
"7d244b65-1c5f-46c4-b9b1-dc8af86b995b","TradeIQ220320Strategy","BTC-USDT","Bybit Perpetual","long","85576.0","85135.6","0.005730151211668692","0.5380118048722456","490.36342008976","-3.0615703984911047","-6.243472235206066","57600.0","1742410800000.0","1742468400000.0"
"c6cb1467-0e2e-4106-84d8-8964d9eeb1ec","TradeIQ220320Strategy","BTC-USDT","Bybit Perpetual","short","83769.5","84058.3","0.005817175101812341","0.5369560347535676","487.30184969126884","-2.216956204156989","-4.549451650063603","3600.0","1742490000000.0","1742493600000.0"
"a7c1989f-3298-464b-9b2f-856b70843a3a","TradeIQ220320Strategy","BTC-USDT","Bybit Perpetual","short","83889.6","83979.6","0.005782419912445785","0.5338796126214893","485.08489348711197","-1.05429740474161","-2.1734286490816506","3600.0","1742544000000.0","1742547600000.0"
"47f53ce1-58da-403f-b837-c79f71f11569","TradeIQ220320Strategy","BTC-USDT","Bybit Perpetual","short","83428.6","84200.1","0.005801734609982312","0.5348954767289882","484.0305960823704","-5.010933728330342","-10.352514425508758","7200.0","1742562000000.0","1742569200000.0"
"75ef6d83-9e9c-4a6a-9973-a66cd9c7c25d","TradeIQ220320Strategy","BTC-USDT","Bybit Perpetual","long","84356.3","84129.7","0.005678528602535199","0.5262139135697101","479.01966235404007","-1.8129684949042193","-3.784747552939209","3600.0","1742594400000.0","1742598000000.0"
"1365fcbe-f509-4a62-990f-accd14153620","TradeIQ220320Strategy","BTC-USDT","Bybit Perpetual","long","84214.1","84175.1","0.005666589013705968","0.5248058149107054","477.20669385913584","-0.7458027864452382","-1.5628506390260064","18000.0","1742616000000.0","1742634000000.0"
"094efd78-7c25-4603-9349-08e79f0d9605","TradeIQ220320Strategy","BTC-USDT","Bybit Perpetual","long","84315.7","84190.8","0.005650915441284252","0.5237187905437206","476.4608910726906","-1.2295181291600907","-2.580522666597018","7200.0","1742637600000.0","1742644800000.0"
"097029d0-41d8-4381-be55-f65a6146008d","TradeIQ220320Strategy","BTC-USDT","Bybit Perpetual","long","84201.8","84134.6","0.005643957408790911","0.5225459095720546","475.2313729435305","-0.9018198474427874","-1.897643755834164","7200.0","1742666400000.0","1742673600000.0"
"e7ac74a9-762b-47b6-91ed-a98b460f0937","TradeIQ220320Strategy","BTC-USDT","Bybit Perpetual","short","83895.9","84023.2","0.005653787051525614","0.5221583583061091","474.32955309608775","-1.2418854499653362","-2.618191175015739","18000.0","1742677200000.0","1742695200000.0"
"4b2a7c8a-525d-445f-a9de-45cff35753e2","TradeIQ220320Strategy","BTC-USDT","Bybit Perpetual","long","84190.6","85036.7","0.005619245707313196","0.5230113784968613","473.0876676461224","4.2314324144607856","8.944288139055802","25200.0","1742713200000.0","1742738400000.0"
"82683840-39aa-49d3-a630-bb0e0d9f86cc","TradeIQ220320Strategy","BTC-USDT","Bybit Perpetual","long","85036.7","84933.8","0.005613095287806126","0.5247333369388282","477.3191000605832","-1.1023208420540458","-2.3094002354276935","18000.0","1742738400000.0","1742756400000.0"
"f3d091dc-985d-4f98-8029-e8a8d4db39c1","TradeIQ220320Strategy","BTC-USDT","Bybit Perpetual","long","85333.2","86794.9","0.005580674101270422","0.5283249563739869","476.2167792185291","7.628946377452972","16.019902511566393","21600.0","1742770800000.0","1742792400000.0"
"81839742-0966-43f5-aeaa-9f98430e0c4b","TradeIQ220320Strategy","BTC-USDT","Bybit Perpetual","long","86794.9","88413.2","0.005574587050575347","0.5371920429787507","483.8457255959821","8.484162180967349","17.53484991629696","46800.0","1742792400000.0","1742839200000.0"
"70f41fac-81c5-4a04-be8d-bbdc4ffbc844","TradeIQ220320Strategy","BTC-USDT","Bybit Perpetual","long","88413.2","87797.3","0.005568511124774915","0.5396765712536826","492.32988777694953","-3.9693225730025206","-8.062322990232161","10800.0","1742839200000.0","1742850000000.0"
"f1fb13ec-4b8f-4568-8a20-84dae78bba56","TradeIQ220320Strategy","BTC-USDT","Bybit Perpetual","long","87172.5","87412.6","0.005602231956224118","0.5379364244653209","488.3605652039469","0.8071594682241225","1.6527941151166459","46800.0","1742896800000.0","1742943600000.0"
"d4942e63-70fc-43bc-92da-702b8cf73518","TradeIQ220320Strategy","BTC-USDT","Bybit Perpetual","long","88106.7","86792.1","0.005551992353273601","0.5340702401082009","489.1677246721712","-7.832719387721628","-16.01233890271672","21600.0","1742976000000.0","1742997600000.0"
"83f44ab3-b111-4341-95d1-301210bfc731","TradeIQ220320Strategy","BTC-USDT","Bybit Perpetual","long","87239.0","87146.5","0.005517429192040825","0.5291878066027494","481.33500528444955","-1.0395500068665258","-2.1597224291887804","36000.0","1743037200000.0","1743073200000.0"
"d115e1e8-37bb-4cf1-bc71-ee437541fbac","TradeIQ220320Strategy","BTC-USDT","Bybit Perpetual","long","87522.2","86955.1","0.005487698609925058","0.5266133601704126","480.29545527758296","-3.6386872418588654","-7.575935191299936","18000.0","1743112800000.0","1743130800000.0"
"1f6a1cc5-06e7-4db7-9515-02de188056fd","TradeIQ220320Strategy","BTC-USDT","Bybit Perpetual","short","86007.3","84133.9","0.005542050128718424","0.5186120826481689","476.6567680357241","9.863864628492975","20.69385203349028","32400.0","1743141600000.0","1743174000000.0"
"fd9391b7-eae4-4172-8619-f7bbcdc4e4e7","TradeIQ220320Strategy","BTC-USDT","Bybit Perpetual","short","84133.9","84443.4","0.00578269440337625","0.5361570550854535","486.52063266421703","-2.3259009729304028","-4.780683113465559","28800.0","1743174000000.0","1743202800000.0"
"eac36775-6d87-4bad-b67e-36aa7ddcadc5","TradeIQ220320Strategy","BTC-USDT","Bybit Perpetual","short","84125.7","82255.1","0.005755610136870024","0.5266926604832993","484.1947316912866","10.239751661545718","21.14800304782","28800.0","1743220800000.0","1743249600000.0"
"6e217ddc-8002-43a3-9ca1-22f7f8cd9de4","TradeIQ220320Strategy","BTC-USDT","Bybit Perpetual","short","82255.1","82722.9","0.006010988781885042","0.5454244989918068","494.43448335283233","-3.3573650511575592","-6.790313305800957","28800.0","1743249600000.0","1743278400000.0"
"7c71dc1c-f2e8-4048-b9f2-6dea30559727","TradeIQ220320Strategy","BTC-USDT","Bybit Perpetual","short","83080.0","82133.7","0.005910894539018714","0.5371084164055919","491.0771183016748","5.056371085867835","10.296490912373653","64800.0","1743336000000.0","1743400800000.0"
"db5fe556-1537-43d5-b21b-926930009487","TradeIQ220320Strategy","BTC-USDT","Bybit Perpetual","short","81419.8","82171.5","0.006093523803639196","0.5482661143400545","496.1334893875426","-5.12876795753562","-10.337475835116237","7200.0","1743415200000.0","1743422400000.0"
"23bdd06a-b1f9-4b48-ad89-806d99b814f7","TradeIQ220320Strategy","BTC-USDT","Bybit Perpetual","short","82393.2","82598.4","0.005959286948801685","0.5407777586980494","491.00472143000695","-1.7636234405921378","-3.591866561803609","14400.0","1743454800000.0","1743469200000.0"
"59fcd002-8a53-40f0-beb5-85caf29f91e1","TradeIQ220320Strategy","BTC-USDT","Bybit Perpetual","long","84314.8","83879.9","0.005802553027338199","0.5367772661169821","489.24109798941475","-3.0603075777064155","-6.2552136161149505","7200.0","1743501600000.0","1743508800000.0"
"48206bf2-d8a5-4da8-8eb7-e034c03c583d","TradeIQ220320Strategy","BTC-USDT","Bybit Perpetual","long","85245.4","84075.1","0.005703308218528019","0.5311278495684004","486.18079041170836","-7.2057094577116745","-14.821049288289906","50400.0","1743523200000.0","1743573600000.0"
"d3f38b4a-2f49-4196-bd47-b92d95023d0c","TradeIQ220320Strategy","BTC-USDT","Bybit Perpetual","long","84621.3","86709.5","0.0056602188923355785","0.5333734070494327","478.9750809539967","11.286295683925704","23.563429774772978","25200.0","1743584400000.0","1743609600000.0"
"1d86fe3a-83bd-415d-96ce-ff37b9288efd","TradeIQ220320Strategy","BTC-USDT","Bybit Perpetual","long","86709.5","85622.6","0.005654067623938812","0.5359075409464622","490.2613766379224","-6.681313641405524","-13.628064456605033","18000.0","1743609600000.0","1743627600000.0"
"01efe2e3-1e5b-4996-be5c-f8edca62c733","TradeIQ220320Strategy","BTC-USDT","Bybit Perpetual","short","82784.3","81977.4","0.005841446542357873","0.5293456645279029","483.5800629965169","4.184117550500716","8.652378107926365","75600.0","1743634800000.0","1743710400000.0"
"ca55a955-7f08-4db8-8e28-12db6f113eb3","TradeIQ220320Strategy","BTC-USDT","Bybit Perpetual","long","83968.2","82534.4","0.005808915524532116","0.5319597459082286","487.7641805470176","-8.860782824982394","-18.1661203884328","10800.0","1743753600000.0","1743764400000.0"
"bd906a93-e968-4236-a2ab-0fd13d5c32d1","TradeIQ220320Strategy","BTC-USDT","Bybit Perpetual","short","82534.4","83304.2","0.005802470215110734","0.5292504453586147","478.9033977220353","-4.995992016950874","-10.43214986720692","10800.0","1743764400000.0","1743775200000.0"
"b5c39420-db3f-4557-b4b8-7b64e107e1c1","TradeIQ220320Strategy","BTC-USDT","Bybit Perpetual","short","82534.7","83354.8","0.005741917105230702","0.5238880666954927","473.9074057050844","-5.232834284695225","-11.041891774005428","7200.0","1743778800000.0","1743786000000.0"
"ae5d1c11-cff3-40f6-9176-c45f6fcfce40","TradeIQ220320Strategy","BTC-USDT","Bybit Perpetual","long","84433.9","83861.3","0.00555078672689985","0.5137939192985256","468.67457142038916","-3.6921743991213307","-7.877906385942037","21600.0","1743789600000.0","1743811200000.0"
"c4aacd18-9cc0-4452-bf20-9f490627dbff","TradeIQ220320Strategy","BTC-USDT","Bybit Perpetual","long","83949.1","83585.7","0.00553886101246193","0.5103735845728339","464.98239702126784","-2.5231956765015475","-5.426432683614341","7200.0","1743818400000.0","1743825600000.0"
"004607b7-7bc4-44f3-b37f-7b879bc4890c","TradeIQ220320Strategy","BTC-USDT","Bybit Perpetual","short","82714.1","83506.1","0.005591056438319056","0.5111405856637747","462.45920134476626","-4.9392572848124665","-10.680417365358503","36000.0","1743861600000.0","1743897600000.0"
"e35e1dab-ac77-45de-85db-9d59f4f5570f","TradeIQ220320Strategy","BTC-USDT","Bybit Perpetual","short","82663.0","80765.9","0.005534760945767197","0.4974969412213309","457.5199440599538","10.002498048993651","21.862430652166097","18000.0","1743944400000.0","1743962400000.0"
"f28cdae0-7200-4aa8-b38f-4e6e9c141d78","TradeIQ220320Strategy","BTC-USDT","Bybit Perpetual","short","80765.9","78034.4","0.005788611804102319","0.5055783100912443","467.5224421089475","15.30601483281424","32.73856708090915","18000.0","1743962400000.0","1743980400000.0"
"40e870cb-ccec-4c9b-a18a-40fcefded5f0","TradeIQ220320Strategy","BTC-USDT","Bybit Perpetual","short","78034.4","74781.4","0.006187379629263015","0.520041152372242","482.8284569417618","19.607504781620342","40.609670991255136","28800.0","1743980400000.0","1744009200000.0"
"82fada20-dd51-4649-856e-1b00fac8e897","TradeIQ220320Strategy","BTC-USDT","Bybit Perpetual","short","74781.4","76953.9","0.006718729011804835","0.5607075992237006","502.4359617233821","-15.157146377369706","-30.167319881681813","14400.0","1744009200000.0","1744023600000.0"
"9703e307-79ac-4ef3-a6f3-226e88052508","TradeIQ220320Strategy","BTC-USDT","Bybit Perpetual","short","79129.8","79949.7","0.0061579684941199435","0.5387836019831945","487.2788153460123","-5.5877019703121","-11.467155546962006","10800.0","1744102800000.0","1744113600000.0"
"88b0921f-014d-4a52-8623-bf185d8bb125","TradeIQ220320Strategy","BTC-USDT","Bybit Perpetual","short","78440.5","75040.0","0.006140847054464215","0.5183751519884823","481.69111337570024","20.36357525671708","42.27517322046647","46800.0","1744124400000.0","1744171200000.0"
"4b383db6-77ee-4cd7-9e81-f75bbef0b906","TradeIQ220320Strategy","BTC-USDT","Bybit Perpetual","short","75040.0","76383.1","0.006690494251498098","0.557202459051712","502.0546886324173","-9.543205288238847","-19.008298307569373","3600.0","1744171200000.0","1744174800000.0"
"08fe0738-b5c5-4597-85e8-78d604fbfde1","TradeIQ220320Strategy","BTC-USDT","Bybit Perpetual","long","82161.9","81731.8","0.005994402312314813","0.5403446258396067","492.51148334417843","-3.1185370603661555","-6.331907307401501","36000.0","1744221600000.0","1744257600000.0"
"9ccc3a8b-3cde-43d6-bd8b-bb0404cb797f","TradeIQ220320Strategy","BTC-USDT","Bybit Perpetual","short","80844.8","81239.3","0.006053487005766756","0.5396456962552698","489.39294628381225","-2.9277463200302547","-5.982404001246833","3600.0","1744293600000.0","1744297200000.0"
"3f943e92-08e3-49e8-ac59-146151ac0c74","TradeIQ220320Strategy","BTC-USDT","Bybit Perpetual","short","78731.7","80405.9","0.00617877170140848","0.5408011947305342","486.465199963782","-10.885300777228593","-22.376319576485674","36000.0","1744300800000.0","1744336800000.0"
"ea0138d7-05e4-4e7f-82e7-e6f0ed6322a8","TradeIQ220320Strategy","BTC-USDT","Bybit Perpetual","long","80796.9","80774.3","0.005886115670113006","0.5230647246874294","475.57989918655346","-0.6560909388319319","-1.3795598593509317","7200.0","1744344000000.0","1744351200000.0"
"bbb88741-7936-46c3-a7cb-61f4abe090da","TradeIQ220320Strategy","BTC-USDT","Bybit Perpetual","long","81058.0","81856.7","0.005859061514566379","0.5249899869099199","474.9238082477215","4.15464244477423","8.74801888771","28800.0","1744354800000.0","1744383600000.0"
"8eb9928a-ab8d-4d42-8503-7d99c43c5bf9","TradeIQ220320Strategy","BTC-USDT","Bybit Perpetual","long","83888.2","85470.0","0.005710915846239349","0.5319547354388151","479.0784506924957","8.501571950142605","17.745678057223817","111600.0","1744394400000.0","1744506000000.0"
"7c55dd00-2e12-4dda-90a7-ade09578c367","TradeIQ220320Strategy","BTC-USDT","Bybit Perpetual","long","85214.8","85250.1","0.005721776295228509","0.5364491131936742","487.58002264263837","-0.33447040997209115","-0.6859805456328842","3600.0","1744509600000.0","1744513200000.0"
"274571e6-54da-49d2-93dd-79114dbc64cc","TradeIQ220320Strategy","BTC-USDT","Bybit Perpetual","long","84711.5","83949.9","0.0057518229783756186","0.5335607838467509","487.2455522326662","-4.914149164177656","-10.085570081984216","7200.0","1744567200000.0","1744574400000.0"
"a026dd25-3435-4ddb-b404-d9b1e166fbb5","TradeIQ220320Strategy","BTC-USDT","Bybit Perpetual","long","84298.8","84341.4","0.0057216876523567195","0.5306986025170322","482.3314030684886","-0.28695470852668586","-0.5949326680807879","46800.0","1744592400000.0","1744639200000.0"
"a7bd810d-23cc-4726-865a-22559629693d","TradeIQ220320Strategy","BTC-USDT","Bybit Perpetual","long","85380.0","84054.4","0.005645870793628039","0.5261326017177398","482.04444835996196","-8.010298925751101","-16.61734504567821","3600.0","1744642800000.0","1744646400000.0"
"77346450-9aaf-40c7-85bb-45ab8df53a92","TradeIQ220320Strategy","BTC-USDT","Bybit Perpetual","long","85351.9","85096.1","0.0055538792860406255","0.520656189100879","474.0341494342108","-1.9413385104700063","-4.095355815160393","39600.0","1744689600000.0","1744729200000.0"
"500be328-a79b-4564-96bb-7dee6bdf1136","TradeIQ220320Strategy","BTC-USDT","Bybit Perpetual","short","83105.2","83590.1","0.0056806651199171766","0.5208170970002713","472.0928109237409","-3.27537161364816","-6.937982400620044","3600.0","1744765200000.0","1744768800000.0"
"89a10d17-1f0a-434a-bc2a-30b03d6b4fd4","TradeIQ220320Strategy","BTC-USDT","Bybit Perpetual","long","84559.9","83237.5","0.005544205223871987","0.5116667718976755","468.81743931009277","-7.843323759945958","-16.730017064826168","10800.0","1744815600000.0","1744826400000.0"
"fee8c7a2-d65a-4e4e-a089-9f802aa000a4","TradeIQ220320Strategy","BTC-USDT","Bybit Perpetual","short","83237.5","83990.4","0.0055380581534782624","0.5093648092962262","460.97411555014685","-4.678968793049978","-10.150176843369806","3600.0","1744826400000.0","1744830000000.0"
"b20ff864-5f47-475a-bb78-a42bbfeaa89b","TradeIQ220320Strategy","BTC-USDT","Bybit Perpetual","long","84629.0","84050.0","0.0053917114317444","0.5002076709273675","456.29514675709686","-3.622008589907375","-7.937863498327996","25200.0","1744876800000.0","1744902000000.0"
"5e670215-7fac-4b07-954b-ed24a7dfc33d","TradeIQ220320Strategy","BTC-USDT","Bybit Perpetual","long","84898.5","84628.6","0.005331933287009659","0.4971489531471184","452.6731381671895","-1.9362377473109942","-4.277341825827243","43200.0","1744909200000.0","1744952400000.0"
"a86e197e-9e9e-49f3-8df3-22d6f860f7e3","TradeIQ220320Strategy","BTC-USDT","Bybit Perpetual","long","84591.4","84489.3","0.005328401000809522","0.49551137410366597","450.73690041987857","-1.0395411162862715","-2.3063146490067696","3600.0","1745013600000.0","1745017200000.0"
"7d9b70e3-b4ff-4a15-b481-841c063f4e47","TradeIQ220320Strategy","BTC-USDT","Bybit Perpetual","long","84751.8","85146.3","0.005306050836720781","0.495818375614249","449.6973593035923","1.5974186794720993","3.552208271682726","46800.0","1745031600000.0","1745078400000.0"
"c231538f-4ade-4d9e-8c3b-31d6f0296173","TradeIQ220320Strategy","BTC-USDT","Bybit Perpetual","short","84135.6","84326.8","0.005363898016809345","0.4969883232968185","451.29477798306436","-1.52256562411075","-3.373771863515529","7200.0","1745146800000.0","1745154000000.0"
"872b7069-e9f2-4504-9cb6-7e334f42689d","TradeIQ220320Strategy","BTC-USDT","Bybit Perpetual","long","85097.2","86600.0","0.005285393789207561","0.4991180229773806","449.7722123589536","7.443771763443756","16.550092599991572","14400.0","1745182800000.0","1745197200000.0"
"cbec98aa-dc5e-41fd-8d78-b0155f79e432","TradeIQ220320Strategy","BTC-USDT","Bybit Perpetual","long","86600.0","86936.4","0.0052796303016443115","0.5039144197330474","457.2159841223974","1.2721532137400682","2.7823900692839967","39600.0","1745197200000.0","1745236800000.0"
"98e6062f-a0ac-4314-b3a4-7c302f6503ed","TradeIQ220320Strategy","BTC-USDT","Bybit Perpetual","long","88153.8","86812.6","0.005201002535751577","0.5005003795392287","458.4881373361374","-7.4760849804892295","-16.30595073609983","10800.0","1745247600000.0","1745258400000.0"
"933f84f9-a943-440f-be59-a80247869e5f","TradeIQ220320Strategy","BTC-USDT","Bybit Perpetual","long","88350.1","90180.6","0.0051048278650012635","0.5012526706649997","451.01205235564817","8.843134736219813","19.607313574064992","43200.0","1745287200000.0","1745330400000.0"
"92d1bc8f-9ebe-4367-a83c-5b5469e74483","TradeIQ220320Strategy","BTC-USDT","Bybit Perpetual","long","90180.6","92974.3","0.005099269544579078","0.5136759119307347","459.85518709186806","13.732153414759821","29.861908270736688","28800.0","1745330400000.0","1745359200000.0"
"f7ee9446-d67b-4164-989c-7a73ed1f1b44","TradeIQ220320Strategy","BTC-USDT","Bybit Perpetual","long","92974.3","93682.6","0.005093744620896612","0.5229304191805303","473.58734050662787","3.0849688958005546","6.514044257391589","46800.0","1745359200000.0","1745406000000.0"
"416c4854-e6d4-4b13-8e3f-953ae6e2e3df","TradeIQ220320Strategy","BTC-USDT","Bybit Perpetual","long","92768.4","92941.8","0.005138304739571109","0.5248295804656842","476.6723094024284","0.366152461375991","0.7681429236680675","46800.0","1745503200000.0","1745550000000.0"
"cafe0409-3a6b-4a6f-b302-2a9ca4b24fdb","TradeIQ220320Strategy","BTC-USDT","Bybit Perpetual","long","94602.3","94481.7","0.005042567272294695","0.5244078345630137","477.03846186380446","-1.1325414476017832","-2.374109297554138","61200.0","1745582400000.0","1745643600000.0"
"82389033-ab18-44dc-b0bb-911942eb2fea","TradeIQ220320Strategy","BTC-USDT","Bybit Perpetual","long","94733.7","94072.1","0.005023617998834656","0.521668518340407","475.9059204162026","-3.8452941863693715","-8.079946101545609","10800.0","1745708400000.0","1745719200000.0"
"3460ceef-e5f4-4dd4-9a8e-60bc9b47190e","TradeIQ220320Strategy","BTC-USDT","Bybit Perpetual","long","94250.6","93890.6","0.00500856892401569","0.5182749922058614","472.06062622983325","-2.32135980485151","-4.917503549049025","14400.0","1745780400000.0","1745794800000.0"
"2e104023-5bbb-41fe-acdc-75622fef81fa","TradeIQ220320Strategy","BTC-USDT","Bybit Perpetual","long","94183.2","93915.4","0.004987505907900579","0.5159785833223054","469.7392664249818","-1.851632665458095","-3.9418307086614486","28800.0","1745820000000.0","1745848800000.0"
"acda2bde-17eb-412c-b7bd-e53600de8f2f","TradeIQ220320Strategy","BTC-USDT","Bybit Perpetual","long","94775.6","94310.4","0.004936794214539645","0.5134132689677439","467.8876337595236","-2.8100099375716443","-6.005736708604447","21600.0","1745881200000.0","1745902800000.0"
"664947f4-460f-4973-a46d-e431b447c00c","TradeIQ220320Strategy","BTC-USDT","Bybit Perpetual","long","94733.0","94747.5","0.004909351797387942","0.5116245382847313","465.07762382195193","-0.44043893722260613","-0.9470224209092925","25200.0","1745910000000.0","1745935200000.0"
"30dcb577-b6e6-4188-895e-aefaa30efda6","TradeIQ220320Strategy","BTC-USDT","Bybit Perpetual","long","94905.3","94782.8","0.004895798073287048","0.5107710489780146","464.6371848847293","-1.110506312955678","-2.3900504502909743","14400.0","1745946000000.0","1745960400000.0"
"c88d1aee-7885-4436-942d-60796b2ad096","TradeIQ220320Strategy","BTC-USDT","Bybit Perpetual","long","94989.3","94712.6","0.004879777812572296","0.5091367174425447","463.52667857177363","-1.8593712381812848","-4.011357542375794","10800.0","1745985600000.0","1745996400000.0"
"5badff2e-7087-410d-9105-7363db4fdd31","TradeIQ220320Strategy","BTC-USDT","Bybit Perpetual","long","94923.6","94499.1","0.004863567198605955","0.5066985167152569","461.66730733359225","-2.5712827925234847","-5.569557886552975","10800.0","1746007200000.0","1746018000000.0"
"c6065860-1f6c-4505-acbe-2419cfc76422","TradeIQ220320Strategy","BTC-USDT","Bybit Perpetual","long","94515.9","94383.0","0.004857341722832548","0.5046505796019454","459.09602454106886","-1.1501912945663628","-2.505339260378351","3600.0","1746046800000.0","1746050400000.0"
"ee35aa88-9a03-46a1-8f6e-5a670832ebc8","TradeIQ220320Strategy","BTC-USDT","Bybit Perpetual","long","94358.9","96118.0","0.004853234122552324","0.5084359448508927","457.94583324650245","8.028888200130929","17.53239710297604","36000.0","1746061200000.0","1746097200000.0"
"0a53b90f-4e66-4bd1-84ad-22fe67083a5f","TradeIQ220320Strategy","BTC-USDT","Bybit Perpetual","long","96118.0","96459.1","0.004847944416723541","0.5134816922035961","465.9747214466333","1.140152148340832","2.4468111592002106","32400.0","1746097200000.0","1746129600000.0"
"1e2c1e1c-0936-4375-8133-0c6f7e866647","TradeIQ220320Strategy","BTC-USDT","Bybit Perpetual","long","96910.1","96302.0","0.004820084527773412","0.5122142595837351","467.1148735949742","-3.443307660922775","-7.3714365685311005","21600.0","1746151200000.0","1746172800000.0"
"a234e56c-e4fe-4643-98b3-9dce94bf4c07","TradeIQ220320Strategy","BTC-USDT","Bybit Perpetual","long","96709.6","96666.0","0.004794472998896194","0.509923751064943","463.6715659340514","-0.718962773816845","-1.55058629132998","28800.0","1746194400000.0","1746223200000.0"
"663c3b0c-7068-4f18-b5d7-fdb618b2f905","TradeIQ220320Strategy","BTC-USDT","Bybit Perpetual","short","94230.2","94696.4","0.004912996079391051","0.5105076048009747","462.9526031602346","-2.8009463770130685","-6.050179560268334","28800.0","1746403200000.0","1746432000000.0"
"9ebb95a7-f539-416f-a991-005e410cff28","TradeIQ220320Strategy","BTC-USDT","Bybit Perpetual","short","93726.0","94675.7","0.00490954118156351","0.5087312476546157","460.15165678322154","-5.171322507785467","-11.238300311546391","10800.0","1746460800000.0","1746471600000.0"
"04f5e202-615e-4325-b273-07dc017c2d2b","TradeIQ220320Strategy","BTC-USDT","Bybit Perpetual","long","95010.5","94696.7","0.004788737395081976","0.4996518795159625","454.9803342754361","-2.0023576740927007","-4.400976313144367","3600.0","1746486000000.0","1746489600000.0"
"d8fd8003-c747-47ac-9c4f-eee397328287","TradeIQ220320Strategy","BTC-USDT","Bybit Perpetual","short","94341.7","94513.2","0.0048014608238069","0.4987286720536833","452.9779766013434","-1.3221792033365667","-2.9188597937073424","25200.0","1746522000000.0","1746547200000.0"
"267253cc-12f8-4a66-97f5-4b56528d24e6","TradeIQ220320Strategy","BTC-USDT","Bybit Perpetual","long","95027.6","94625.3","0.004752890711730137","0.4957697287744765","451.65579739800677","-2.4078576621035244","-5.331178468150336","7200.0","1746558000000.0","1746565200000.0"
"7f773e27-2a00-4982-a866-6bdce890a2bb","TradeIQ220320Strategy","BTC-USDT","Bybit Perpetual","long","96206.2","96967.7","0.004669636049816989","0.4961284940280581","449.2479397359032","3.0597993579075786","6.810936873091339","54000.0","1746572400000.0","1746626400000.0"
"b11c1f57-d676-4115-932c-8b9990068300","TradeIQ220320Strategy","BTC-USDT","Bybit Perpetual","long","97084.9","99097.9","0.00465888865409359","0.5026966015765716","452.30773909381077","8.875646259113825","19.623025413838814","21600.0","1746655200000.0","1746676800000.0"
"7c272e60-6863-4c30-8115-7abd13139fa3","TradeIQ220320Strategy","BTC-USDT","Bybit Perpetual","long","99097.9","99256.3","0.004653815927006774","0.5077071643317779","461.1833853529245","0.22945727850613573","0.497540210236632","36000.0","1746676800000.0","1746712800000.0"
"511ad154-1d00-4d41-ac29-9358ff19db51","TradeIQ220320Strategy","BTC-USDT","Bybit Perpetual","long","100730.8","103228.1","0.004580653014087357","0.5138457225192181","461.41284263143075","10.925419049561151","23.678185867679026","28800.0","1746720000000.0","1746748800000.0"
"c78fbe95-12cc-4302-a5d7-46b718a6a77e","TradeIQ220320Strategy","BTC-USDT","Bybit Perpetual","long","103228.1","102885.4","0.004575675244250276","0.5187096417006786","472.33826168099193","-2.0867935479053012","-4.418006579603921","36000.0","1746748800000.0","1746784800000.0"
"0104eef4-154e-4365-a8fb-7fd3274f8cd6","TradeIQ220320Strategy","BTC-USDT","Bybit Perpetual","long","103104.2","103102.6","0.004560934163041725","0.5172726013243318","470.25146813308663","-0.5245700959851588","-1.1155097464505934","46800.0","1746846000000.0","1746892800000.0"
"a1f96b9f-7649-48d3-9b39-2ddfe5f65a35","TradeIQ220320Strategy","BTC-USDT","Bybit Perpetual","long","104788.8","103327.9","0.004482605946791084","0.5130978363755948","469.72689803710153","-7.061736864042728","-15.03370765768869","28800.0","1746921600000.0","1746950400000.0"
"8a85a7eb-d980-46c5-a5e3-033ee0e635d8","TradeIQ220320Strategy","BTC-USDT","Bybit Perpetual","long","104313.1","103749.0","0.004435350508929931","0.5075555876182167","462.66516117305883","-3.009536809705617","-6.504783723233285","46800.0","1746957600000.0","1747004400000.0"
"8c0f05cc-7688-459e-8512-4b0852c40c2a","TradeIQ220320Strategy","BTC-USDT","Bybit Perpetual","long","104025.1","103906.3","0.004418699182825618","0.5053324689950828","459.65562436335324","-1.0302739319147791","-2.2414039496237246","3600.0","1747026000000.0","1747029600000.0"
"dfc68dd1-9ecf-461f-b52e-1419e5be5edf","TradeIQ220320Strategy","BTC-USDT","Bybit Perpetual","long","104346.2","103705.1","0.004395228100605854","0.5029381060701683","458.6253504314385","-3.320718841368543","-7.240591559635055","18000.0","1747033200000.0","1747051200000.0"
"b2823bf8-2e77-4f80-bffa-d201facfc3bf","TradeIQ220320Strategy","BTC-USDT","Bybit Perpetual","long","103406.9","104087.0","0.004403039174272413","0.5024820735674096","455.30463159007","2.4920248688552844","5.47331324118609","46800.0","1747130400000.0","1747177200000.0"
"f909d5b3-2390-4c93-9f65-78e6df629b3a","TradeIQ220320Strategy","BTC-USDT","Bybit Perpetual","long","103663.5","103216.7","0.004416179816993689","0.5024910900765898","457.79665645892527","-2.4756402323093827","-5.407728949919719","14400.0","1747220400000.0","1747234800000.0"
"019ad3a7-a1af-4ae8-93f8-9f30ada69a76","TradeIQ220320Strategy","BTC-USDT","Bybit Perpetual","long","103746.0","102979.2","0.004388805507938773","0.4990021830143594","455.3210162266159","-3.8643382465018226","-8.487063212075673","3600.0","1747270800000.0","1747274400000.0"
"451094b6-d34e-432f-8091-56348adfb7d9","TradeIQ220320Strategy","BTC-USDT","Bybit Perpetual","short","101733.9","102215.1","0.004437622837423063","0.4977768070382779","451.4566779801141","-2.6331609164063075","-5.832588252293598","3600.0","1747296000000.0","1747299600000.0"
"34b1a4ab-d28b-4d2c-892e-6b0a18c0bb46","TradeIQ220320Strategy","BTC-USDT","Bybit Perpetual","short","101779.6","102335.3","0.004409759097733807","0.4950536454919145","448.8235170637078","-2.9455567761025785","-6.562839655490856","7200.0","1747303200000.0","1747310400000.0"
"ef4cfc21-afcf-4c24-93de-228f59d108e3","TradeIQ220320Strategy","BTC-USDT","Bybit Perpetual","long","103211.2","102638.4","0.004320054027931128","0.48910476649540635","445.8779602876052","-2.9636317136943693","-6.6467329127071775","10800.0","1747324800000.0","1747335600000.0"
"3049183c-0886-43bd-923f-a25524ff4f4e","TradeIQ220320Strategy","BTC-USDT","Bybit Perpetual","long","103380.0","103358.0","0.004284332835886157","0.4871539210039878","442.91432857391095","-0.5814092433934832","-1.3126900754497968","43200.0","1747342800000.0","1747386000000.0"
"8a6dfbbe-21cf-464c-863e-7e8ba919b048","TradeIQ220320Strategy","BTC-USDT","Bybit Perpetual","long","104144.0","103560.6","0.004247320242457726","0.48520337361737187","442.3329193305175","-2.963090003067185","-6.698777942080142","21600.0","1747411200000.0","1747432800000.0"
"84d9ce70-fd94-4c0e-8e41-846fef93a0a9","TradeIQ220320Strategy","BTC-USDT","Bybit Perpetual","long","103326.3","102981.2","0.004252255517979937","0.4824997129016052","439.36982932745036","-1.9499530921565063","-4.438067800743913","7200.0","1747515600000.0","1747522800000.0"
"96625b56-f8cc-47c7-9d18-26e191c4b8b1","TradeIQ220320Strategy","BTC-USDT","Bybit Perpetual","long","103329.6","103906.5","0.004233248519642908","0.48250505244786335","437.4198762352938","1.9596560185341054","4.480034230268908","43200.0","1747530000000.0","1747573200000.0"
"2b7dac84-bdf9-42d1-a957-3f9bfd40d093","TradeIQ220320Strategy","BTC-USDT","Bybit Perpetual","long","104708.2","104455.7","0.004196228492647452","0.48273473424729435","439.37953225382796","-1.542282428640776","-3.5101371716828282","18000.0","1747576800000.0","1747594800000.0"
"60d18da0-d2a4-4ce6-bf04-74c3b4ec9305","TradeIQ220320Strategy","BTC-USDT","Bybit Perpetual","long","105899.2","103569.4","0.00413447174128971","0.4763231040631348","437.83724982518726","-10.108815366919913","-23.088066104370974","18000.0","1747609200000.0","1747627200000.0"
"c867d741-2aa5-4593-b2aa-908af3b9684e","TradeIQ220320Strategy","BTC-USDT","Bybit Perpetual","short","102960.1","102990.8","0.004154312539112407","0.47057142347131703","427.7284344582674","-0.5981088184220558","-1.398337754139682","3600.0","1747630800000.0","1747634400000.0"
"a5111a42-7146-4b90-b962-2992aa501b3c","TradeIQ220320Strategy","BTC-USDT","Bybit Perpetual","short","102166.4","103167.0","0.004180731880929985","0.47214414037986197","427.13032563984524","-4.655384460438429","-10.899213146396523","3600.0","1747638000000.0","1747641600000.0"
"5833b53a-f133-4ede-b381-b9840c6662fb","TradeIQ220320Strategy","BTC-USDT","Bybit Perpetual","short","102888.3","103239.8","0.004106151439759494","0.465516257024439","422.47494117940676","-1.9088284880999011","-4.518205228388457","10800.0","1747652400000.0","1747663200000.0"
"7d19c0b5-0df9-402d-9046-4073692d8838","TradeIQ220320Strategy","BTC-USDT","Bybit Perpetual","long","104740.4","105411.8","0.004015318947524612","0.46410546078819004","420.56611269130684","2.2317796805798693","5.3066084338040405","54000.0","1747670400000.0","1747724400000.0"
"a4ac2536-ac66-41a7-9d87-9c34a74ed50d","TradeIQ220320Strategy","BTC-USDT","Bybit Perpetual","long","106153.6","106339.6","0.003982887931939065","0.46548513104451283","422.79789237188675","0.2753320242961532","0.6512142781780361","54000.0","1747764000000.0","1747818000000.0"
"46159206-4a49-4aba-8a84-a79af6f83c80","TradeIQ220320Strategy","BTC-USDT","Bybit Perpetual","long","108963.1","106566.8","0.003882720153851927","0.4602632575682298","423.0732243961829","-9.764425562243613","-23.079753099902653","10800.0","1747839600000.0","1747850400000.0"
"98b93b06-6d18-4a03-9aa0-bf57628b7578","TradeIQ220320Strategy","BTC-USDT","Bybit Perpetual","long","109609.5","110793.6","0.0037707388395525868","0.45709539124028603","413.30879883393925","4.007836468673954","9.696954141748716","104400.0","1747872000000.0","1747976400000.0"
"8202b0a9-6d9b-46ad-b788-6b0212d21afc","TradeIQ220320Strategy","BTC-USDT","Bybit Perpetual","long","109043.5","108564.3","0.003827065669229374","0.45803963740509246","417.31663530261324","-2.291969506099797","-5.4921594592983265","10800.0","1748084400000.0","1748095200000.0"
"1297831a-e600-4edb-abe1-ed6dff8c240e","TradeIQ220320Strategy","BTC-USDT","Bybit Perpetual","long","108913.0","108052.8","0.003810607235100616","0.45472429598716635","415.02466579651343","-3.732608639620705","-8.993703139202823","28800.0","1748098800000.0","1748127600000.0"
"8b6dad75-6acf-43c1-ba48-8b7ee4bc05ff","TradeIQ220320Strategy","BTC-USDT","Bybit Perpetual","short","107065.3","107214.0","0.0038415066053790786","0.4527354404903029","411.29205715689267","-1.0239674727101606","-2.489635904443336","10800.0","1748163600000.0","1748174400000.0"
"73f3c4fa-be59-4bf3-bcd4-5f38f83ec982","TradeIQ220320Strategy","BTC-USDT","Bybit Perpetual","short","106927.9","107323.0","0.00383686661464578","0.45212866895229636","410.2680896841825","-1.9680746683988664","-4.797045439029532","7200.0","1748188800000.0","1748196000000.0"
"fd7b95cd-0a76-4f9c-98b3-d5c1f61535b7","TradeIQ220320Strategy","BTC-USDT","Bybit Perpetual","long","109122.6","109549.2","0.0037416631844895886","0.45000792295033876","408.30001501578363","1.1461855915528871","2.8072141792808383","54000.0","1748214000000.0","1748268000000.0"
"7ff5c902-e9dd-4abf-8aaf-927b82608782","TradeIQ220320Strategy","BTC-USDT","Bybit Perpetual","long","109963.2","109347.1","0.003723483861940508","0.44912909954403235","409.4462006073365","-2.743167506885547","-6.6997019457417695","3600.0","1748275200000.0","1748278800000.0"
"6517072a-0d46-408e-bc57-870eb1a104a8","TradeIQ220320Strategy","BTC-USDT","Bybit Perpetual","long","109488.0","109493.5","0.003714590029048397","0.4473845730453339","406.7030331004509","-0.42695432788556775","-1.049793813020605","46800.0","1748332800000.0","1748379600000.0"
"3303b611-d61b-4fb2-952c-59db54a7eaca","TradeIQ220320Strategy","BTC-USDT","Bybit Perpetual","short","108011.5","107723.1","0.003761415023146289","0.4463070509988505","406.27607877256537","0.6384850416765173","1.5715546029820358","36000.0","1748440800000.0","1748476800000.0"
"d6527258-7cf2-4ace-8c60-379e9ac58a3b","TradeIQ220320Strategy","BTC-USDT","Bybit Perpetual","long","108235.8","108103.4","0.003759519159226816","0.4473322520104911","406.91456381424183","-0.9450925886921544","-2.3225823618433896","3600.0","1748480400000.0","1748484000000.0"
"cddbd215-9746-45cb-b2e4-9cf3fcf9f0f5","TradeIQ220320Strategy","BTC-USDT","Bybit Perpetual","long","108383.1","107996.4","0.003745689791356306","0.44576976631483","405.9694712255497","-1.894228008632357","-4.665937078751315","3600.0","1748487600000.0","1748491200000.0"
"b7f6c2f1-3893-49d7-b503-0c315ef4cf2d","TradeIQ220320Strategy","BTC-USDT","Bybit Perpetual","short","107516.2","108434.3","0.0037582731087679564","0.44638052633624703","404.07524321691733","-3.8968510674961294","-9.643874830025668","14400.0","1748494800000.0","1748509200000.0"
"92c6bd38-3648-4dfe-8067-d8f409ff41c7","TradeIQ220320Strategy","BTC-USDT","Bybit Perpetual","long","108434.3","107569.1","0.0036905148292507186","0.4384400629777161","400.1783921494212","-3.6314734932454273","-9.074636623282458","18000.0","1748509200000.0","1748527200000.0"
"f8012236-edca-48ae-93c4-eb71ad2d53e0","TradeIQ220320Strategy","BTC-USDT","Bybit Perpetual","short","107571.1","105539.9","0.0036863703974039106","0.43208334496862966","396.5469186561758","7.055672206238237","17.792780309953248","32400.0","1748530800000.0","1748563200000.0"
"9ee46625-07de-420b-baee-df4edff38321","TradeIQ220320Strategy","BTC-USDT","Bybit Perpetual","short","105539.9","106027.9","0.003824170677273847","0.44498925735843575","403.60259086241405","-2.311184547868073","-5.726386797789272","21600.0","1748563200000.0","1748584800000.0"
"e31b6154-217f-4b22-a92f-85a4b6a16d34","TradeIQ220320Strategy","BTC-USDT","Bybit Perpetual","short","105580.8","103426.5","0.0038007990687184217","0.4369171131574435","401.29140631454595","7.751144320582663","19.315500403482474","57600.0","1748599200000.0","1748656800000.0"
"b60db98d-704d-4bf9-8fff-88dce312301b","TradeIQ220320Strategy","BTC-USDT","Bybit Perpetual","short","103426.5","103984.2","0.003954910498132767","0.4511599151702862","409.0425506351286","-2.656813499978919","-6.495200794767271","39600.0","1748656800000.0","1748696400000.0"
"1aab2a74-9671-4840-87d3-9ed7622694ad","TradeIQ220320Strategy","BTC-USDT","Bybit Perpetual","short","104085.2","104587.8","0.0039043565957038047","0.4481035921424151","406.38573713514967","-2.41043321714317","-5.931392263261307","10800.0","1748743200000.0","1748754000000.0"
"36932275-650d-46fe-9689-8d5fcf631f97","TradeIQ220320Strategy","BTC-USDT","Bybit Perpetual","short","104206.8","104551.6","0.003876669314459388","0.44510800587860133","403.97530391800655","-1.7817835855042095","-4.41062502638986","28800.0","1748761200000.0","1748790000000.0"
"15f67657-eb4a-4e13-aa41-454f0e75f2fd","TradeIQ220320Strategy","BTC-USDT","Bybit Perpetual","short","104781.8","105133.5","0.0038383910214608106","0.4431553515329889","402.1935203325024","-1.7931174737807447","-4.458345008388833","10800.0","1748836800000.0","1748847600000.0"
"3cba47bb-f5fc-4d9c-b528-7f8b0d3d0fb5","TradeIQ220320Strategy","BTC-USDT","Bybit Perpetual","short","104530.5","104308.8","0.0038304648199207086","0.43997337541677684","400.40040285872163","0.40924067515963314","1.0220785799359715","32400.0","1748858400000.0","1748890800000.0"
"117d12b2-1674-489f-a539-4068c0b347b9","TradeIQ220320Strategy","BTC-USDT","Bybit Perpetual","long","106231.9","105553.9","0.003772968793120346","0.4394836678243148","400.8096435338813","-2.9975565095599093","-7.478753462942864","7200.0","1748912400000.0","1748919600000.0"
"d891a059-dc00-42d6-8f95-12c206955362","TradeIQ220320Strategy","BTC-USDT","Bybit Perpetual","short","105040.0","105142.3","0.0037872437835521837","0.4378063849982351","397.8120870243214","-0.8252414240556345","-2.0744503522467905","3600.0","1748941200000.0","1748944800000.0"
"78f9fa9e-5ca9-46c8-80b9-a4a0bdb3f13d","TradeIQ220320Strategy","BTC-USDT","Bybit Perpetual","long","106495.1","105760.8","0.0037277475264145088","0.43518002340553696","396.9868456002658","-3.1724650320517216","-7.991360588421466","7200.0","1748962800000.0","1748970000000.0"
"7129a7fc-2db6-4ea4-928f-2058b9680e93","TradeIQ220320Strategy","BTC-USDT","Bybit Perpetual","long","106171.8","105692.1","0.003709218272349287","0.4322171970221502","393.81438056821406","-2.2115292022680926","-5.615663905104718","3600.0","1748980800000.0","1748984400000.0"
"2271be47-7ea8-4383-91c8-68984d492326","TradeIQ220320Strategy","BTC-USDT","Bybit Perpetual","short","105312.0","105686.5","0.0037185017031862084","0.43152905489085436","391.602851365946","-1.8241079427340894","-4.658055824597388","3600.0","1748988000000.0","1748991600000.0"
"9be084da-5092-45f4-845b-65e50ae03f1e","TradeIQ220320Strategy","BTC-USDT","Bybit Perpetual","short","105330.1","105524.8","0.0037005447011178375","0.42915289059485234","389.77874342321195","-1.1496489439024846","-2.9494911236199064","7200.0","1748995200000.0","1749002400000.0"
"2d10e6f4-85fa-456e-8953-1a66bba4d30f","TradeIQ220320Strategy","BTC-USDT","Bybit Perpetual","short","105369.3","105783.4","0.003688257343261362","0.42833202297845485","388.62909447930946","-1.9556393888229526","-5.0321486903679835","18000.0","1749013200000.0","1749031200000.0"
"3718e535-c40a-4d9a-ad51-d362f19ab540","TradeIQ220320Strategy","BTC-USDT","Bybit Perpetual","short","105044.1","105408.8","0.00368105828971343","0.42607916567657733","386.6734550904865","-1.7685611239350547","-4.573784677102257","18000.0","1749038400000.0","1749056400000.0"
"5d42429b-7f5e-4eb4-9d67-79f694c33be8","TradeIQ220320Strategy","BTC-USDT","Bybit Perpetual","short","104905.8","104732.9","0.0036690525592155197","0.42304647481008806","384.90489396655147","0.21133271267830733","0.5490517683484489","25200.0","1749063600000.0","1749088800000.0"
"6570ce75-4fc1-4317-afa7-d871cefe2493","TradeIQ220320Strategy","BTC-USDT","Bybit Perpetual","long","105600.7","104475.3","0.0036469097901740215","0.4213705215943288","385.1162266792298","-4.525602799456152","-11.75126490638788","3600.0","1749128400000.0","1749132000000.0"
"2969d1d9-4f8c-4e00-b7fa-d4462e84d8ae","TradeIQ220320Strategy","BTC-USDT","Bybit Perpetual","short","104588.5","101872.9","0.003638933763078863","0.4132146475778917","380.59062387977366","9.46867387943909","24.87889423789428","18000.0","1749135600000.0","1749153600000.0"
"1fd710b8-b036-4b82-ae0c-a8726c153d5e","TradeIQ220320Strategy","BTC-USDT","Bybit Perpetual","short","101872.9","102148.1","0.003828881849434077","0.42964476709186444","390.05929775921277","-1.4833530520561669","-3.8028911516213992","25200.0","1749153600000.0","1749178800000.0"
"9c669d8f-4aff-4ca5-94ae-376577a57ab2","TradeIQ220320Strategy","BTC-USDT","Bybit Perpetual","long","105035.4","104715.2","0.003699476031006276","0.4267820244540518","388.57594470715657","-1.6113542495822504","-4.146819358044975","3600.0","1749225600000.0","1749229200000.0"
"c203c360-b400-40a0-88fb-e8d094d03a95","TradeIQ220320Strategy","BTC-USDT","Bybit Perpetual","long","105272.2","104813.6","0.0036758478540162964","0.42473389039911325","386.96459045757433","-2.1104777162509545","-5.4539298124290285","3600.0","1749279600000.0","1749283200000.0"
"c381f3a9-6cfd-4adb-8b7f-67974a450d52","TradeIQ220320Strategy","BTC-USDT","Bybit Perpetual","long","105090.9","105644.5","0.0036621069259214966","0.4244545623322603","384.8541127413234","1.6028878318579016","4.164923223609331","54000.0","1749294000000.0","1749348000000.0"
"606fd26b-a633-4aba-97bd-2dc0c1bedc89","TradeIQ220320Strategy","BTC-USDT","Bybit Perpetual","long","105657.7","105676.5","0.0036576321514965905","0.42514052054694595","386.4570005731813","-0.3563770360987994","-0.9221647830683148","39600.0","1749387600000.0","1749427200000.0"
"4e2e51f8-dcaa-422a-93c5-cefb46b9e1a3","TradeIQ220320Strategy","BTC-USDT","Bybit Perpetual","long","106562.0","108282.7","0.0036232486584062092","0.4281396740723765","386.10062353708247","5.806384292447177","15.038526069330505","28800.0","1749463200000.0","1749492000000.0"
"7ccf1805-015b-487a-a809-7ab7cb81909f","TradeIQ220320Strategy","BTC-USDT","Bybit Perpetual","long","108282.7","110227.9","0.0036192947518812295","0.4349698472957302","391.9070078295296","6.605282304063627","16.85420819761603","21600.0","1749492000000.0","1749513600000.0"
"ee99bd6a-c648-46fd-9936-8a6fa36413ed","TradeIQ220320Strategy","BTC-USDT","Bybit Perpetual","long","110227.9","109608.5","0.0036153486561350916","0.43713187832026706","398.51229013359324","-2.6764788359303218","-6.7161763945425275","10800.0","1749513600000.0","1749524400000.0"
"4ff54622-d373-451e-8246-58709817f12a","TradeIQ220320Strategy","BTC-USDT","Bybit Perpetual","long","109460.0","109219.1","0.0036162599241518632","0.4349402560687788","395.83581129766293","-1.3060972717969417","-3.2995935044764684","50400.0","1749585600000.0","1749636000000.0"
"da3fbe96-5334-4ab5-a8ca-ebcec31391bc","TradeIQ220320Strategy","BTC-USDT","Bybit Perpetual","long","109663.6","109399.8","0.003597635988841019","0.4334607044228317","394.529714025866","-1.382517078279103","-3.504215345839485","14400.0","1749646800000.0","1749661200000.0"
"a694f117-303d-414d-9f15-a49cae4919ef","TradeIQ220320Strategy","BTC-USDT","Bybit Perpetual","short","106862.9","107560.0","0.0036789867853818953","0.433872458570795","393.1471969475869","-2.9984941466605357","-7.6268994665127545","10800.0","1749729600000.0","1749740400000.0"
"2ab05ca7-e093-463f-b4a0-54daac05948c","TradeIQ220320Strategy","BTC-USDT","Bybit Perpetual","long","108239.7","107520.5","0.003604488027968725","0.42773778179667576","390.1487028009264","-3.0200855715117725","-7.740857652044464","3600.0","1749751200000.0","1749754800000.0"
"9aaf18fe-3a9b-4839-b0ca-2059fd6ed6a9","TradeIQ220320Strategy","BTC-USDT","Bybit Perpetual","short","106749.6","103733.7","0.0036265111740879084","0.41982602167489363","387.1286172294146","10.51736902825686","27.16763514804747","18000.0","1749758400000.0","1749776400000.0"
"5a852eab-144e-4e90-b3d7-a6f23df0111c","TradeIQ220320Strategy","BTC-USDT","Bybit Perpetual","short","103733.7","104831.4","0.0038333346468666543","0.4397249031764646","397.64598625767144","-4.64757634504198","-11.687723517044097","25200.0","1749776400000.0","1749801600000.0"
"8801a20e-ca48-44dd-ae0f-dc36300e1d71","TradeIQ220320Strategy","BTC-USDT","Bybit Perpetual","short","105189.4","105269.1","0.0037361027813888996","0.4324620229693147","392.9984099126295","-0.7302294146460535","-1.8580976315105104","64800.0","1749873600000.0","1749938400000.0"
"3d8c67b4-8dd6-477b-a75a-4ca3c6e72017","TradeIQ220320Strategy","BTC-USDT","Bybit Perpetual","short","105149.7","105250.0","0.00373056870821299","0.4317007953705704","392.26818049798345","-0.8058768368043441","-2.054402770526239","14400.0","1749978000000.0","1749992400000.0"
"2eda471a-0f89-404f-9e79-1a58643cb04e","TradeIQ220320Strategy","BTC-USDT","Bybit Perpetual","short","105252.0","105534.6","0.003719286129110887","0.4311866226703447","391.4623036611791","-1.482256882757103","-3.786461349903145","14400.0","1750017600000.0","1750032000000.0"
"56c63978-5501-43d6-ac19-e3afcb0fff66","TradeIQ220320Strategy","BTC-USDT","Bybit Perpetual","long","106349.3","107109.0","0.0036669733301340204","0.43051024125766074","389.980046778422","2.355289397645144","6.039512577891882","32400.0","1750050000000.0","1750082400000.0"
"2398b78a-e87f-4fbc-93c0-ffa41f193b06","TradeIQ220320Strategy","BTC-USDT","Bybit Perpetual","long","107481.1","106750.1","0.003650272803088795","0.43010127761319206","392.33533617606713","-3.0984506966711014","-7.897455087452585","32400.0","1750086000000.0","1750118400000.0"
"e7a65e90-aa8f-414d-84a1-99c52976288b","TradeIQ220320Strategy","BTC-USDT","Bybit Perpetual","short","106112.2","104199.2","0.00366816337310315","0.42430111593432523","389.23688547939605","6.592895416812","16.938002699029894","21600.0","1750154400000.0","1750176000000.0"
"b7dbc0fa-1509-441f-a34e-f61c02e20d1a","TradeIQ220320Strategy","BTC-USDT","Bybit Perpetual","short","104199.2","104630.6","0.0037987794618020874","0.43631409538873067","395.82978089620804","-2.0751075552101845","-5.242424030126996","14400.0","1750176000000.0","1750190400000.0"
"996ed841-10a1-4599-b883-b60ca6745033","TradeIQ220320Strategy","BTC-USDT","Bybit Perpetual","short","104218.8","104761.40000000001","0.0037781539735728853","0.434257655165431","393.75467334099784","-2.4842840012261003","-6.30921781866617","36000.0","1750244400000.0","1750280400000.0"
"7a8da715-0309-4412-a679-53a66622d9ed","TradeIQ220320Strategy","BTC-USDT","Bybit Perpetual","short","104239.9","104546.9","0.0037535568370630806","0.4310312163456871","391.2703893397718","-1.5833731653240528","-4.046749277388026","32400.0","1750341600000.0","1750374000000.0"
"6e121239-5a72-4a38-9530-4adce8c2c80b","TradeIQ220320Strategy","BTC-USDT","Bybit Perpetual","long","105763.5","103872.7","0.0036845132410940236","0.4248240450919492","389.68701617444776","-7.39150168135254","-18.96779049483047","25200.0","1750406400000.0","1750431600000.0"
"ef511be3-6a2a-482f-8e7d-3ef2796e5107","TradeIQ220320Strategy","BTC-USDT","Bybit Perpetual","short","103872.7","103797.9","0.003680423388369564","0.4203736533242072","382.2955144930952","-0.1450779838741531","-0.3794917240044506","68400.0","1750431600000.0","1750500000000.0"
"c985e47e-5118-4473-98d0-1d3752434d82","TradeIQ220320Strategy","BTC-USDT","Bybit Perpetual","short","102620.8","102815.2","0.003723908179523264","0.4207636404226977","382.150436509221","-1.1446913905219986","-2.9953946958120983","21600.0","1750532400000.0","1750554000000.0"
"fc6648ea-c9c2-416d-b3be-e902474aaa66","TradeIQ220320Strategy","BTC-USDT","Bybit Perpetual","short","100810.0","100904.7","0.0037794439551502726","0.41930317196897293","381.005745118699","-0.7772165145216927","-2.0399075984525052","36000.0","1750600800000.0","1750636800000.0"
"aba94275-5ea5-4f4a-b951-33755f3790a0","TradeIQ220320Strategy","BTC-USDT","Bybit Perpetual","short","100642.9","102435.6","0.0037779965462459582","0.4219764293892454","380.2285286041773","-7.194790837844419","-18.92228040924906","3600.0","1750698000000.0","1750701600000.0"
"7eb1f08a-cdb6-4283-be36-70494ff84a1f","TradeIQ220320Strategy","BTC-USDT","Bybit Perpetual","long","103687.1","105030.0","0.0035976870581425546","0.412994345215675","373.0337377663329","4.418339605163941","11.844343172872945","61200.0","1750712400000.0","1750773600000.0"
"c74c5e88-e433-4d6a-b175-c1b41a5657ee","TradeIQ220320Strategy","BTC-USDT","Bybit Perpetual","long","106160.1","107870.2","0.003555498510000431","0.4185414270097199","377.4520773714968","5.661716574941986","14.99982889051528","75600.0","1750784400000.0","1750860000000.0"
"99319765-a343-406c-8bc4-7999b66d5cd5","TradeIQ220320Strategy","BTC-USDT","Bybit Perpetual","long","107870.2","106982.6","0.0035516184631755464","0.4196913442397297","383.1137939464388","-3.572107892154314","-9.323882221410468","7200.0","1750860000000.0","1750867200000.0"
"86b5782a-492f-4668-a43a-985ebb594bba","TradeIQ220320Strategy","BTC-USDT","Bybit Perpetual","long","107505.9","107263.3","0.003530426572441927","0.4170247898421521","379.5416860542845","-1.2735062763165326","-3.355379193141877","43200.0","1750888800000.0","1750932000000.0"
"71fc5033-c143-4a7c-8682-4d554ae0512d","TradeIQ220320Strategy","BTC-USDT","Bybit Perpetual","long","107331.9","106969.6","0.003524284763224801","0.41539273115242087","378.268179777968","-1.6922411008687253","-4.473654384204401","10800.0","1750964400000.0","1750975200000.0"
"e0a82299-2f7d-4e6d-be0a-1047f75c535e","TradeIQ220320Strategy","BTC-USDT","Bybit Perpetual","long","107418.8","106809.2","0.003505679999004823","0.41305814815474295","376.5759386770993","-2.550120675548104","-6.771863025839106","3600.0","1751043600000.0","1751047200000.0"
"93a3963c-8299-4638-aad7-923fcbc5f3c2","TradeIQ220320Strategy","BTC-USDT","Bybit Perpetual","long","107066.7","106998.4","0.0034933907368168743","0.4112971705786779","374.0258180015512","-0.6498957579032806","-1.7375692442188184","3600.0","1751058000000.0","1751061600000.0"
"b86e7e4a-123b-47e1-b00e-60e3c79ec5f9","TradeIQ220320Strategy","BTC-USDT","Bybit Perpetual","long","107047.7","107006.4","0.003487939696449788","0.41063428591780793","373.37592224364795","-0.5546861953811943","-1.4855971216570083","7200.0","1751065200000.0","1751072400000.0"
"21c51ae5-94fa-402f-8f31-210639f7f555","TradeIQ220320Strategy","BTC-USDT","Bybit Perpetual","long","107061.8","107066.5","0.003482299345315199","0.4101123613969011","372.82123604826677","-0.3937455544739298","-1.056124266545144","39600.0","1751079600000.0","1751119200000.0"
"fe04d180-3728-4f06-8643-9a33ad8da298","TradeIQ220320Strategy","BTC-USDT","Bybit Perpetual","long","107407.6","107162.5","0.0034674221423231953","0.4092028137012763","372.42749049379285","-1.2590679807847116","-3.380706346664536","14400.0","1751126400000.0","1751140800000.0"
"c62d568c-37b6-469e-83c7-46761e78dd75","TradeIQ220320Strategy","BTC-USDT","Bybit Perpetual","long","107309.0","107156.5","0.003458875047880496","0.40799515161966804","371.1684225130082","-0.9354735964214437","-2.52034801368012","18000.0","1751151600000.0","1751169600000.0"
"74a236e1-29c6-4b34-a887-41bb615eebcf","TradeIQ220320Strategy","BTC-USDT","Bybit Perpetual","long","107260.0","108121.50000000001","0.0034517336277884274","0.4088917614944323","370.23294891658674","2.5647767588453485","6.92746760208852","18000.0","1751176800000.0","1751194800000.0"
"ea02f982-66a7-4f15-bd5a-ea8ab08fe5f1","TradeIQ220320Strategy","BTC-USDT","Bybit Perpetual","long","108121.5","107686.9","0.003447951847462642","0.40925333431287625","372.79772567543205","-1.9077332072201605","-5.117341324343501","18000.0","1751194800000.0","1751212800000.0"
"c9fb257b-2eb3-4d90-921e-4e7980463ad2","TradeIQ220320Strategy","BTC-USDT","Bybit Perpetual","long","108041.5","107504.5","0.003432847493492888","0.40696510020782994","370.88999246821186","-2.250404204213511","-6.067578661903066","28800.0","1751238000000.0","1751266800000.0"
"4bc9137c-6957-4311-ad6b-8cef7876e846","TradeIQ220320Strategy","BTC-USDT","Bybit Perpetual","short","106502.5","106766.0","0.0034613233329170525","0.40600517937442127","368.6395882639984","-1.3180638775980646","-3.5754810919931463","14400.0","1751364000000.0","1751378400000.0"
"931c19b4-bdf0-43c7-9ee8-1afa561d4536","TradeIQ220320Strategy","BTC-USDT","Bybit Perpetual","short","105862.6","106344.00000000001","0.003469795039857328","0.4049723744577435","367.32152438640037","-2.0753317066450916","-5.649904971160814","50400.0","1751382000000.0","1751432400000.0"
"f62ab754-698b-4e6b-aa20-67c0e74e3248","TradeIQ220320Strategy","BTC-USDT","Bybit Perpetual","long","106584.3","108096.5","0.0034268292110541175","0.40462094007085675","365.2461926797554","4.777430192885169","13.080027358625959","32400.0","1751436000000.0","1751468400000.0"
"8c13a7fe-187c-4a40-86d4-fc5d74af25cc","TradeIQ220320Strategy","BTC-USDT","Bybit Perpetual","long","108096.5","109095.6","0.0034230860654382014","0.4089069880682933","370.02362287264054","3.0110982999110334","8.137583964328222","28800.0","1751468400000.0","1751497200000.0"
"431410a1-a217-4791-a41d-89d6bc3f4014","TradeIQ220320Strategy","BTC-USDT","Bybit Perpetual","long","109290.4","109119.9","0.0034132432599071065","0.41001811640310903","373.0347211725516","-0.9919760922172707","-2.659205794836509","25200.0","1751522400000.0","1751547600000.0"
"d2ecfa15-2a2b-4716-81da-8f3254c358cd","TradeIQ220320Strategy","BTC-USDT","Bybit Perpetual","long","110220.3","109138.0","0.003375446674345237","0.40723773432376364","372.0427450803343","-4.060483669967623","-10.914024594380551","46800.0","1751551200000.0","1751598000000.0"
"70713e87-1beb-419b-9545-405880bb40e2","TradeIQ220320Strategy","BTC-USDT","Bybit Perpetual","short","107534.7","107593.20000000001","0.003421986218498464","0.40489058995798366","367.98226141036673","-0.6050767837401936","-1.6443096507454298","3600.0","1751644800000.0","1751648400000.0"
"9ea4c29f-55a8-4772-9ad9-0045c411a3c2","TradeIQ220320Strategy","BTC-USDT","Bybit Perpetual","short","107450.0","107635.6","0.0034190524395218856","0.40446391996231573","367.3771846266266","-1.0390400527375976","-2.8282650535133165","7200.0","1751655600000.0","1751662800000.0"
"ef368a5f-5926-4b1b-a87d-f6c2436e57a4","TradeIQ220320Strategy","BTC-USDT","Bybit Perpetual","long","108193.1","109348.9","0.003385965875586234","0.40512438367872927","366.338144573889","3.5083749753238003","9.576875974530614","54000.0","1751806800000.0","1751860800000.0"
"5ef0e0a3-645c-401c-84b1-7f22dd72c102","TradeIQ220320Strategy","BTC-USDT","Bybit Perpetual","long","109348.9","108733.1","0.003382260997131318","0.40568563352701564","369.84651954921276","-2.488481955560442","-6.728417935616989","10800.0","1751860800000.0","1751871600000.0"
"cd1d98b4-5fb3-4d27-8536-81cbf2f50f1c","TradeIQ220320Strategy","BTC-USDT","Bybit Perpetual","short","107932.6","107999.90000000001","0.003403587401708588","0.4042198251406919","367.35803759365234","-0.6332812572756897","-1.7238802271047202","10800.0","1751907600000.0","1751918400000.0"
"6c961fd1-7a37-479d-b215-ded9e4a64b9c","TradeIQ220320Strategy","BTC-USDT","Bybit Perpetual","short","107815.7","108116.2","0.003401404028693193","0.40395939902085665","366.7247563363767","-1.4260813096431613","-3.8886965905707616","3600.0","1751922000000.0","1751925600000.0"
"b43c30cb-5135-4583-8487-af675bb50c2a","TradeIQ220320Strategy","BTC-USDT","Bybit Perpetual","short","107736.8","107986.0","0.0033906582989909994","0.4022932661558666","365.2986750267335","-1.2472453142644138","-3.414316556645427","7200.0","1751943600000.0","1751950800000.0"
"e1ee9e21-cc45-4727-a138-6de9cdbf243b","TradeIQ220320Strategy","BTC-USDT","Bybit Perpetual","long","108440.7","108208.0","0.0033571475443488386","0.40002690815525255","364.0514297124691","-1.1812351417252174","-3.244693044216766","3600.0","1751961600000.0","1751965200000.0"
"1157f651-933e-4ae8-9393-97cbba5825a2","TradeIQ220320Strategy","BTC-USDT","Bybit Perpetual","long","108405.7","108336.8","0.0033473350070221757","0.3990303667677272","362.8701945707439","-0.6296617487515356","-1.7352258691193747","18000.0","1751968800000.0","1751986800000.0"
"dff0508b-2a9e-4ce1-8d7b-5d48fad4ab02","TradeIQ220320Strategy","BTC-USDT","Bybit Perpetual","long","108730.1","108577.6","0.003331557064897322","0.39818515175537333","362.24053282199236","-0.906247604152215","-2.5017840965841103","3600.0","1752026400000.0","1752030000000.0"
"1d7d8ad1-ee0b-4b8b-b796-19408a204aac","TradeIQ220320Strategy","BTC-USDT","Bybit Perpetual","long","108729.1","111718.8","0.003323252792654774","0.40293225462043425","361.3342852178402","9.532596619579532","26.381655462980902","50400.0","1752040800000.0","1752091200000.0"
"f55fb90d-8501-48d8-a7af-7d5447c11ed5","TradeIQ220320Strategy","BTC-USDT","Bybit Perpetual","long","111718.8","110997.8","0.0033196461279338813","0.40663716434912955","370.8668818374197","-2.800102022589458","-7.550153868462606","50400.0","1752091200000.0","1752141600000.0"
"22ef0472-7bbb-4708-885d-32edeebee910","TradeIQ220320Strategy","BTC-USDT","Bybit Perpetual","long","112596.3","116459.4","0.0032689065254793473","0.41181891983553187","368.0667798148302","12.216293878743706","33.190427793808425","18000.0","1752166800000.0","1752184800000.0"
"f6c7a4c7-bec1-4bb0-8ec4-4ffa581b4e69","TradeIQ220320Strategy","BTC-USDT","Bybit Perpetual","long","116459.4","116910.3","0.003265370366785111","0.4191211765870423","380.28307369357395","1.0532343217963929","2.7696061030711885","64800.0","1752184800000.0","1752249600000.0"
"99381b21-93fd-45e1-aec3-8a0ffe98db78","TradeIQ220320Strategy","BTC-USDT","Bybit Perpetual","long","117791.3","117350.0","0.0032373894168361357","0.4186841758446","381.3363080153703","-1.847344125494396","-4.844396105654687","28800.0","1752303600000.0","1752332400000.0"
"4163e3f7-55e4-4551-b8a4-d5eaf2463676","TradeIQ220320Strategy","BTC-USDT","Bybit Perpetual","long","117714.9","118593.09999999999","0.0032237971904140934","0.4189949865598055","379.48896388987595","2.412143706061842","6.356294742636634","57600.0","1752386400000.0","1752444000000.0"
"e41f5a29-e7b1-477f-82dd-5d30a7351af8","TradeIQ220320Strategy","BTC-USDT","Bybit Perpetual","long","119626.4","122447.4","0.0031924483859410457","0.42504446164873855","381.9011075959379","8.580852435090952","22.46878122220513","10800.0","1752462000000.0","1752472800000.0"
"1218f4d1-6af4-4c90-a9f2-e6a0cc832af4","TradeIQ220320Strategy","BTC-USDT","Bybit Perpetual","long","122447.4","121160.0","0.003188977144725236","0.4272721369872662","390.48196003102885","-4.5327613131065165","-11.608119649743434","32400.0","1752472800000.0","1752505200000.0"
"ebffad40-18b0-4ea6-afb2-8dbff9903e96","TradeIQ220320Strategy","BTC-USDT","Bybit Perpetual","long","118114.5","117335.1","0.0032675852559840013","0.423143402818032","385.94919871792234","-2.9698993513319434","-7.695052512604245","7200.0","1752627600000.0","1752634800000.0"
"2c81b63d-f23a-47ac-b2d6-a4dae9d94bf9","TradeIQ220320Strategy","BTC-USDT","Bybit Perpetual","long","117858.5","118624.8","0.003249483909659383","0.42264677303923404","382.9792993665904","2.0674327469327602","5.398288498496102","61200.0","1752645600000.0","1752706800000.0"
"1535412f-5bd0-4474-9047-158c39f26700","TradeIQ220320Strategy","BTC-USDT","Bybit Perpetual","long","118758.60000000002","118331.2","0.0032422639885744957","0.42278924632908127","385.04673211352315","-1.8085328750458962","-4.696917865316897","3600.0","1752746400000.0","1752750000000.0"
"f77ea910-2583-441f-b97c-89c4ea84b88d","TradeIQ220320Strategy","BTC-USDT","Bybit Perpetual","long","119255.3","119356.6","0.003213594693388698","0.4217410645906672","383.23819923847725","-0.0962039221503827","-0.2510290527967907","50400.0","1752775200000.0","1752825600000.0"
"fbc2187b-7ca1-406f-b73a-16516c32a449","TradeIQ220320Strategy","BTC-USDT","Bybit Perpetual","long","118410.5","118218.1","0.0032357096314628085","0.4211137920547582","383.14199531632687","-1.0436643251481836","-2.723962233078943","7200.0","1752922800000.0","1752930000000.0"
"0a91ebee-1456-459a-813c-e37b5d2d7828","TradeIQ220320Strategy","BTC-USDT","Bybit Perpetual","long","117984.3","117891.5","0.0032385523412113196","0.4201428683788012","382.0983309911787","-0.7206805256432212","-1.886112728557977","7200.0","1752998400000.0","1753005600000.0"
"ddcd8e58-dda0-492a-bf80-7f1f544c6fcb","TradeIQ220320Strategy","BTC-USDT","Bybit Perpetual","long","118378.7","118003.4","0.0032216745957299366","0.4188504135504114","381.37765046553545","-1.627944889327866","-4.268590168670571","14400.0","1753020000000.0","1753034400000.0"
"b5519660-e4d7-4d18-9b0e-93a93f80e0e3","TradeIQ220320Strategy","BTC-USDT","Bybit Perpetual","short","117438.6","118155.99999999999","0.0032336021169888565","0.4190005585211286","379.74970557620753","-2.738786717248868","-7.212083846367204","14400.0","1753052400000.0","1753066800000.0"
"d1c5705d-5cce-40ac-afe9-889dd398ecf0","TradeIQ220320Strategy","BTC-USDT","Bybit Perpetual","long","118374.8","118044.99999999999","0.003184891707178881","0.4141343032380893","377.01091885895863","-1.4645115882657398","-3.8845336169524036","28800.0","1753070400000.0","1753099200000.0"
"9f9cbe21-4105-4651-8ce6-8961f95f8972","TradeIQ220320Strategy","BTC-USDT","Bybit Perpetual","short","117116.3","117699.99999999999","0.0032066109266659973","0.41413048233660443","375.54640727069295","-2.285829280231491","-6.08667593665427","25200.0","1753124400000.0","1753149600000.0"
"e718a0a1-b85c-45a6-8534-6a5fd80f5b5e","TradeIQ220320Strategy","BTC-USDT","Bybit Perpetual","long","117799.7","119521.69999999998","0.0031686038079083516","0.41358762045597763","373.26057799046146","5.042748136762158","13.50999391339694","68400.0","1753167600000.0","1753236000000.0"
"e297fd70-4252-4b9d-8e01-03217413ea8d","TradeIQ220320Strategy","BTC-USDT","Bybit Perpetual","short","117336.7","118170.0","0.0032240835657319803","0.4176113045993745","378.30332612722367","-3.104240139923843","-8.205690845234296","3600.0","1753279200000.0","1753282800000.0"
"24a2ca3c-addc-47e4-9f13-384c18f0f378","TradeIQ220320Strategy","BTC-USDT","Bybit Perpetual","long","118531.0","117671.2","0.003165408930889808","0.41122210435670137","375.19908598729984","-3.1328407031357677","-8.349808995115227","3600.0","1753286400000.0","1753290000000.0"
"0621cde8-b45f-4ef5-8b1a-343b91777ed1","TradeIQ220320Strategy","BTC-USDT","Bybit Perpetual","short","117858.20000000001","118144.0","0.0031568974011495516","0.40976910251506726","372.0662452841641","-1.3120103797635725","-3.5262816672916126","3600.0","1753304400000.0","1753308000000.0"
"ae6ea6f3-ea43-4f3b-ba72-fe93d623e139","TradeIQ220320Strategy","BTC-USDT","Bybit Perpetual","long","118537.9","118451.49999999999","0.003127727375838449","0.4076810287899407","370.7542349044005","-0.6779166740624101","-1.828479920768031","18000.0","1753311600000.0","1753329600000.0"
"6a601ad4-c66f-4c8d-a79b-dfb31df817b0","TradeIQ220320Strategy","BTC-USDT","Bybit Perpetual","short","117556.7","118368.0","0.003148066577492718","0.40848866458124794","370.0763182303382","-2.962515078901099","-8.005146325135044","7200.0","1753336800000.0","1753344000000.0"
"bcd46631-7057-4e56-a446-1883984dcd94","TradeIQ220320Strategy","BTC-USDT","Bybit Perpetual","long","119021.5","118485.4","0.003084432671000089","0.4029157230713731","367.1138031514371","-2.056480077994539","-5.601750902147981","25200.0","1753369200000.0","1753394400000.0"
"ff4da516-124b-42bc-9d63-f1066fc1a9a3","TradeIQ220320Strategy","BTC-USDT","Bybit Perpetual","short","117620.0","115384.6","0.0031037010973766583","0.39774714799259514","365.05732307344255","6.540266285083169","17.915724111545607","10800.0","1753405200000.0","1753416000000.0"
"d2576724-4858-4f2d-ae83-e73d7517fedf","TradeIQ220320Strategy","BTC-USDT","Bybit Perpetual","short","115384.6","116504.6","0.003220512870508939","0.41074118422261185","371.59758935852574","-4.017715599192623","-10.81200662826755","28800.0","1753416000000.0","1753444800000.0"
"731b57f6-c052-4b36-ab2a-ea5f32c4ff51","TradeIQ220320Strategy","BTC-USDT","Bybit Perpetual","long","117954.3","117919.2","0.003116290578294586","0.4042777011456524","367.5798737593331","-0.5136595004438105","-1.397409208481639","36000.0","1753527600000.0","1753563600000.0"
"6f74fa0d-50ab-4771-a864-64b2a9c6750e","TradeIQ220320Strategy","BTC-USDT","Bybit Perpetual","long","118302.8","117913.69999999998","0.0031027686095247897","0.4031088276884969","367.0662142588893","-1.6103960936546557","-4.387208713572463","25200.0","1753585200000.0","1753610400000.0"
"4f1480fa-825f-47af-a4a1-aa09cebb310e","TradeIQ220320Strategy","BTC-USDT","Bybit Perpetual","long","118414.8","118873.19999999998","0.0030862343065667023","0.40277950137512986","365.45581816523475","1.0119503047549836","2.769008603654101","61200.0","1753628400000.0","1753689600000.0"
"75cfc683-7032-4f40-b5db-aa9fafb19c27","TradeIQ220320Strategy","BTC-USDT","Bybit Perpetual","short","117968.3","118152.8","0.00310649359590661","0.40342977675463343","366.4677684699898","-0.976577845199403","-2.6648396645539525","3600.0","1753714800000.0","1753718400000.0"
"63c8c5c7-a1bd-436a-9553-cbc4c31b27d7","TradeIQ220320Strategy","BTC-USDT","Bybit Perpetual","short","117991.5","118050.0","0.0030976061040396165","0.40213997516366695","365.4911906247904","-0.5833499322499845","-1.5960711152922031","10800.0","1753722000000.0","1753732800000.0"
"4efebfc8-307d-46e0-a9b2-b8f3c0b53f7f","TradeIQ220320Strategy","BTC-USDT","Bybit Perpetual","long","118745.60000000002","118274.2","0.003073021995699549","0.40060188234896943","364.9078406925404","-1.8492244511218083","-5.067647896006448","25200.0","1753761600000.0","1753786800000.0"
"d49eb5f9-0955-4778-86ca-4cf6808d85df","TradeIQ220320Strategy","BTC-USDT","Bybit Perpetual","short","117781.7","117805.1","0.003082470504682974","0.3994041492609558","363.05861624141863","-0.4715339590705643","-1.2987818990556999","39600.0","1753801200000.0","1753840800000.0"
"74c9bae1-9c02-436f-bba0-6217958398d5","TradeIQ220320Strategy","BTC-USDT","Bybit Perpetual","long","118106.5","117949.89999999998","0.003070001077691305","0.3985813713177614","362.5870822823481","-0.8793435400842823","-2.425192686262148","3600.0","1753848000000.0","1753851600000.0"
"056d95b4-b05c-4479-875a-d057cd6b1dd8","TradeIQ220320Strategy","BTC-USDT","Bybit Perpetual","long","118237.40000000001","117983.89999999998","0.003059165194280861","0.39745198850927765","361.70773874226387","-1.172950365259565","-3.242812468812991","14400.0","1753858800000.0","1753873200000.0"
"ee81fd86-33a0-44a4-8d27-392e868259ae","TradeIQ220320Strategy","BTC-USDT","Bybit Perpetual","short","117526.7","118678.5","0.0030676840954183553","0.39853161441231144","360.5347883770044","-3.931890155515182","-10.905716403166284","10800.0","1753876800000.0","1753887600000.0"
"f473fd0c-2cd9-42ab-9ccc-ad2b4261b9a8","TradeIQ220320Strategy","BTC-USDT","Bybit Perpetual","long","118678.5","117950.0","0.0030047809689327824","0.391059247428911","356.6028982214892","-2.580042183296443","-7.235056686762976","3600.0","1753887600000.0","1753891200000.0"
"0cafb0d8-4e78-4007-a624-17c651c5f20d","TradeIQ220320Strategy","BTC-USDT","Bybit Perpetual","short","116477.0","117771.0","0.0030394228563423915","0.3915882988888709","354.02285603819274","-4.324601474995926","-12.215599646282099","18000.0","1753902000000.0","1753920000000.0"
"26da3114-9c53-4f1b-aad0-45cf182eb781","TradeIQ220320Strategy","BTC-USDT","Bybit Perpetual","long","118368.5","117871.9","0.002954318543896364","0.38386116699562206","349.69825456319677","-1.8509757558945736","-5.2930654692760815","50400.0","1753923600000.0","1753974000000.0"
"a2fee022-557e-4444-9e6e-d71c367856ee","TradeIQ220320Strategy","BTC-USDT","Bybit Perpetual","long","118492.0","117712.1","0.0029356182595221803","0.3813727879137017","347.8472788073022","-2.670861468515033","-7.67825891199401","3600.0","1753981200000.0","1753984800000.0"
"6c5a8ff5-add6-433c-becd-d79018e872dd","TradeIQ220320Strategy","BTC-USDT","Bybit Perpetual","short","117712.1","115934.90000000001","0.002932378381991207","0.3768277764994048","345.1764173387872","4.83459508397536","14.006156971118491","18000.0","1753984800000.0","1754002800000.0"
"5659021c-fc31-4546-9d24-f21820309a20","TradeIQ220320Strategy","BTC-USDT","Bybit Perpetual","short","115934.9","115674.9","0.003019030614791254","0.3845803922871237","350.0110124227626","0.40036756755860237","1.1438713450393279","50400.0","1754002800000.0","1754053200000.0"
"b253e89b-2cba-469a-9e85-4dd7683b0967","TradeIQ220320Strategy","BTC-USDT","Bybit Perpetual","short","115568.7","113633.8","0.0030320612760230165","0.382225813539716","350.41137999032117","5.484509549437202","15.651630804880512","64800.0","1754060400000.0","1754125200000.0"
"de8ed5ec-8106-489f-a612-56975830e9e4","TradeIQ220320Strategy","BTC-USDT","Bybit Perpetual","short","112798.6","113050.30000000002","0.0031551445633169056","0.39192226093135696","355.89588953975834","-1.1860721475182587","-3.3326379494072764","36000.0","1754150400000.0","1754186400000.0"
"ba8c4af4-69ee-4f94-b5de-e95bc0d1d087","TradeIQ220320Strategy","BTC-USDT","Bybit Perpetual","short","114215.0","114649.7","0.0031056325122990865","0.3909233092806672","354.70981739224015","-1.740941762377071","-4.908073239066647","21600.0","1754366400000.0","1754388000000.0"
"2a0cbff0-6ce4-4487-bb1c-759dde75e563","TradeIQ220320Strategy","BTC-USDT","Bybit Perpetual","short","113897.0","114069.60000000002","0.0030990181974052265","0.3885599529903291","352.9688756298631","-0.9234504938625343","-2.6162377411171533","39600.0","1754398800000.0","1754438400000.0"
"04cd75c4-19e0-4ce5-b152-c683c449a7a1","TradeIQ220320Strategy","BTC-USDT","Bybit Perpetual","short","113777.3","114114.8","0.003094162237423463","0.3878243215149224","352.0454251360006","-1.4321040766453412","-4.067952526558461","14400.0","1754445600000.0","1754460000000.0"
"f5314c75-78cb-4075-8428-dd2b1368e02d","TradeIQ220320Strategy","BTC-USDT","Bybit Perpetual","long","115142.7","115088.5","0.003045032998699485","0.38558388073159955","350.6133210593552","-0.5506246692611028","-1.5704613492648436","7200.0","1754492400000.0","1754499600000.0"
"3b52783f-863a-4226-a9aa-c902ec5b37e4","TradeIQ220320Strategy","BTC-USDT","Bybit Perpetual","long","115465.59999999999","114989.5","0.0030317488186099935","0.3842750874422064","350.06269639009406","-1.8276906999823979","-5.221038170675866","10800.0","1754503200000.0","1754514000000.0"
"84cb8870-237e-4ca8-bafa-61385b341482","TradeIQ220320Strategy","BTC-USDT","Bybit Perpetual","short","114507.2","114603.0","0.003041162526811516","0.3832187451126605","348.2350056901116","-0.6745621151812127","-1.9370887594841457","14400.0","1754535600000.0","1754550000000.0"
"b8102653-358d-4f56-9a68-67db42245e96","TradeIQ220320Strategy","BTC-USDT","Bybit Perpetual","long","116291.4","116484.0","0.002988702892689661","0.3826330812298462","347.56044357493045","0.19299109590219998","0.55527347680057","68400.0","1754564400000.0","1754632800000.0"
"ca3800f2-f6a6-4bb2-b4b7-f6a5282f3ea1","TradeIQ220320Strategy","BTC-USDT","Bybit Perpetual","long","116684.6","116835.59999999999","0.002980285613275725","0.3827762908580985","347.7534346708327","0.06724683674649262","0.1933750469212342","36000.0","1754719200000.0","1754755200000.0"
"51cc7e36-32a2-4757-89e9-7e73689bf71e","TradeIQ220320Strategy","BTC-USDT","Bybit Perpetual","long","117273.7","118749.3","0.002965888187271138","0.3850098051933627","347.82068150757925","3.991454803943946","11.475610899971658","43200.0","1754794800000.0","1754838000000.0"
"2028d78e-fab6-4e23-bfe7-e113de7c1a9f","TradeIQ220320Strategy","BTC-USDT","Bybit Perpetual","long","118749.30000000002","118277.1","0.002962645980325974","0.38622392115512505","351.8121363115232","-1.7851853530650845","-5.07425744825453","21600.0","1754838000000.0","1754859600000.0"
"115d6f40-5880-4663-9abb-01b092166820","TradeIQ220320Strategy","BTC-USDT","Bybit Perpetual","long","119255.3","121837.5","0.002935106036867612","0.3891981129989237","350.02695095845814","7.189832695400616","20.540797432063794","10800.0","1754870400000.0","1754881200000.0"
"2c2afa77-8a3b-4229-95f5-a44ab19df380","TradeIQ220320Strategy","BTC-USDT","Bybit Perpetual","long","121837.49999999999","120544.99999999999","0.002931911633559937","0.3908542393367378","357.2167836538588","-4.180350025712956","-11.702557710064635","32400.0","1754881200000.0","1754913600000.0"
"2631faf1-f2b1-4d22-98f3-54940f4be8a4","TradeIQ220320Strategy","BTC-USDT","Bybit Perpetual","long","119225.8","118806.6","0.0029610741435842393","0.3876573717364156","353.0364336281458","-1.62893965272692","-4.614083696649526","3600.0","1755003600000.0","1755007200000.0"
"2be2e6e0-0cde-419b-a1ba-d940e92daaf1","TradeIQ220320Strategy","BTC-USDT","Bybit Perpetual","long","119419.0","119422.59999999999","0.002942643080041023","0.3865540698062593","351.4074939754189","-0.3759605547181373","-1.0698706236026823","39600.0","1755010800000.0","1755050400000.0"
"eccc239e-4a35-4320-9d5c-b47090d97e4a","TradeIQ220320Strategy","BTC-USDT","Bybit Perpetual","long","120015.6","122719.89999999998","0.002924882543775149","0.39048505468749295","351.0315334207008","7.519274808443566","21.420510958575164","39600.0","1755075600000.0","1755115200000.0"
"b77417ec-8696-4c09-8132-11cf11cc6d78","TradeIQ220320Strategy","BTC-USDT","Bybit Perpetual","long","122719.90000000001","123057.00000000001","0.002921700622548946","0.39494758695598253","358.5508082291444","0.5899576929052842","1.6453949603935938","32400.0","1755115200000.0","1755147600000.0"
"c215540f-1871-421a-a491-de15ac644d8b","TradeIQ220320Strategy","BTC-USDT","Bybit Perpetual","short","118364.7","118242.2","0.0030341881145480847","0.394850414090037","359.1407659220497","-0.02316237005789662","-0.06449384825036525","36000.0","1755180000000.0","1755216000000.0"
"cd69faa8-0065-40bb-9358-ef8feeceaab3","TradeIQ220320Strategy","BTC-USDT","Bybit Perpetual","short","118587.20000000001","117696.10000000002","0.003028299880189361","0.3935451789944108","359.1176035519918","2.304972844242302","6.418434578099418","43200.0","1755262800000.0","1755306000000.0"
"c7c5212a-0985-47ee-b45b-c98687c60ad5","TradeIQ220320Strategy","BTC-USDT","Bybit Perpetual","short","117343.4","117723.3","0.003080041795245699","0.39820839336876523","361.42257639623415","-1.5683162713826333","-4.3392869560623675","14400.0","1755342000000.0","1755356400000.0"
"3252ef95-2346-45fd-9169-7b3b5913fdab","TradeIQ220320Strategy","BTC-USDT","Bybit Perpetual","short","117413.5","117627.40000000001","0.0030648456959791806","0.3962002499092402","359.8542601248515","-1.0517707442792137","-2.9227686339305854","18000.0","1755385200000.0","1755403200000.0"
"0ae92b12-a09b-4ea0-be2d-ea5d3570c656","TradeIQ220320Strategy","BTC-USDT","Bybit Perpetual","long","118323.69999999998","118278.6","0.003032380574479773","0.3946075201184796","358.8024893805723","-0.5313678840274467","-1.480948153243828","3600.0","1755421200000.0","1755424800000.0"
"127323ce-1a7e-4909-96e1-30a7c38dfd30","TradeIQ220320Strategy","BTC-USDT","Bybit Perpetual","long","118346.4","118253.9","0.0030273089971181626","0.393944219300971","358.2711214965449","-0.6739703015344011","-1.8811739520593784","3600.0","1755428400000.0","1755432000000.0"
"ec17da0c-3afc-4408-9596-533f38e034a1","TradeIQ220320Strategy","BTC-USDT","Bybit Perpetual","long","118391.0","118092.70000000001","0.003020475806395845","0.3928613119513352","357.5971511950105","-1.2938692449991807","-3.618231411171359","3600.0","1755439200000.0","1755442800000.0"
"1c6fdbd9-8150-452e-ad48-ea3cb4a91154","TradeIQ220320Strategy","BTC-USDT","Bybit Perpetual","short","117774.5","117898.5","0.003025300739548979","0.39213993565544963","356.30328195001124","-0.767277227359523","-2.15343856267698","21600.0","1755450000000.0","1755471600000.0"
"1e9980bf-f5bf-436a-80f3-cf2f7f798ffe","TradeIQ220320Strategy","BTC-USDT","Bybit Perpetual","short","117353.8","115394.79999999999","0.00302960794386421","0.38782535411580044","355.53600472265174","5.547176607914231","15.602292128589056","10800.0","1755475200000.0","1755486000000.0"
"a98ac814-d297-451f-93df-88dc8c21fc69","TradeIQ220320Strategy","BTC-USDT","Bybit Perpetual","short","115394.8","115475.0","0.0031291113753008446","0.39732952456638704","361.08318133056594","-0.6482842568655056","-1.795387573790128","36000.0","1755486000000.0","1755522000000.0"
"3641aaa5-37e9-4733-aa55-d18e542b83e2","TradeIQ220320Strategy","BTC-USDT","Bybit Perpetual","short","115760.60000000002","115151.3","0.00311362326278285","0.395434964921363","360.4348970737004","1.5016956890922817","4.166343773270157","43200.0","1755568800000.0","1755612000000.0"
"df236eaa-2145-4d64-911b-a46fc753ef8d","TradeIQ220320Strategy","BTC-USDT","Bybit Perpetual","short","113827.30000000002","113465.4","0.003179699358262848","0.3974973487803065","361.9365927627927","0.7532358489750922","2.0811265399427312","46800.0","1755615600000.0","1755662400000.0"
"51d5ca12-3f52-4624-b4f8-346c63ee5324","TradeIQ220320Strategy","BTC-USDT","Bybit Perpetual","short","113627.5","113297.0","0.0031919194615015536","0.3983786003128301","362.6898286117678","0.6565507817134334","1.8102266176761788","14400.0","1755691200000.0","1755705600000.0"
"eb39e419-13b2-42f3-ac7c-55d85961bb75","TradeIQ220320Strategy","BTC-USDT","Bybit Perpetual","short","113757.3","113231.99999999999","0.003194048904056981","0.3987582086937137","363.3463793934812","1.2790756806074741","3.520265380771322","36000.0","1755752400000.0","1755788400000.0"
"b07ffb75-f8d0-4f86-af8c-4ebb1274414d","TradeIQ220320Strategy","BTC-USDT","Bybit Perpetual","short","112748.9","113111.9","0.0032339601989384253","0.40173366073521555","364.6254550740886","-1.575661212949864","-4.321314354286383","39600.0","1755792000000.0","1755831600000.0"
"c0cec720-3577-4f2c-9812-97ef3cc22e34","TradeIQ220320Strategy","BTC-USDT","Bybit Perpetual","short","112272.8","115744.5","0.003233639793976268","0.40552919824726374","363.04979386113877","-11.631756470994663","-32.03901136339341","10800.0","1755864000000.0","1755874800000.0"
"3138ce1e-f752-4e1e-82dd-a9f9c0836d09","TradeIQ220320Strategy","BTC-USDT","Bybit Perpetual","long","115744.5","115266.7","0.0030361532287939736","0.38576197042216376","351.4180373901441","-1.836435983139933","-5.225787488822388","75600.0","1755874800000.0","1755950400000.0"
"051734c6-bd1d-479c-b18f-8047d3631378","TradeIQ220320Strategy","BTC-USDT","Bybit Perpetual","short","115266.7","115281.09999999999","0.0030328065382890655","0.3845637813754879","349.5816014070042","-0.4282361955268328","-1.224996377965138","32400.0","1755950400000.0","1755982800000.0"
"16a15616-74d9-4054-acec-9c4f9ec8d82b","TradeIQ220320Strategy","BTC-USDT","Bybit Perpetual","long","115431.7","114969.90000000001","0.003024761527478824","0.3833004425522608","349.15336521147736","-1.7801353159419466","-5.098433792450327","3600.0","1756000800000.0","1756004400000.0"
"1d143f56-f0d6-41d8-b2f9-2b592282f09a","TradeIQ220320Strategy","BTC-USDT","Bybit Perpetual","short","114811.4","114606.9","0.003025598763672731","0.3817702486641449","347.37322989553536","0.23696469850692858","0.6821616581628652","36000.0","1756026000000.0","1756062000000.0"
"9915c86b-86a3-4979-af09-beae03a39eb7","TradeIQ220320Strategy","BTC-USDT","Bybit Perpetual","short","112556.4","109501.1","0.0030883201185720427","0.37718155460139624","347.61019459404224","9.05856290367173","26.059543260089953","90000.0","1756065600000.0","1756155600000.0"
"bfd8ff21-16de-4c68-bddb-6e351c0272de","TradeIQ220320Strategy","BTC-USDT","Bybit Perpetual","short","109501.1","110244.2","0.003257216206026368","0.3936668737969694","356.66875749771395","-2.8141042364951354","-7.889965625916008","39600.0","1756155600000.0","1756195200000.0"
"15985a74-9085-427a-8e54-93e5f372bba1","TradeIQ220320Strategy","BTC-USDT","Bybit Perpetual","short","110688.0","111270.8","0.003196865543340008","0.3902648418686029","353.8546532612188","-2.2533980805271687","-6.368145959815001","14400.0","1756281600000.0","1756296000000.0"
"fb7a658e-854e-48a8-83c5-f3b79e2285d7","TradeIQ220320Strategy","BTC-USDT","Bybit Perpetual","short","111287.0","111600.1","0.003159409950674307","0.3873054468893166","351.60125518069157","-1.3765167024454605","-3.9149937099571903","3600.0","1756342800000.0","1756346400000.0"
"cceb361f-aee5-4bc6-830c-5db8d5af59c6","TradeIQ220320Strategy","BTC-USDT","Bybit Perpetual","long","113160.3","112819.9","0.0030949435312406038","0.38466777699815186","350.2247384782461","-1.4381865550324804","-4.106467639269327","10800.0","1756364400000.0","1756375200000.0"
"cb07daf4-4fbd-4478-8f1b-db876258acbb","TradeIQ220320Strategy","BTC-USDT","Bybit Perpetual","long","113187.6","112787.1","0.003081490834006672","0.38298643172207414","348.7865519232136","-1.6171235107417463","-4.6364273560001275","3600.0","1756386000000.0","1756389600000.0"
"2b3daf07-93e5-4dc4-9c9b-5e542963d19c","TradeIQ220320Strategy","BTC-USDT","Bybit Perpetual","short","112283.2","112338.79999999999","0.0030919089268249557","0.38198092182870136","347.16942841247186","-0.553891058160142","-1.5954488293884683","3600.0","1756400400000.0","1756404000000.0"
"a300ce35-e003-44f7-a0b2-85b7696f1711","TradeIQ220320Strategy","BTC-USDT","Bybit Perpetual","short","112318.2","112292.0","0.0030860139973246698","0.38123262162804145","346.6155373543117","-0.3003790548981441","-0.8666058572876251","14400.0","1756407600000.0","1756422000000.0"
"13072ec0-f969-486d-95f3-f1338d898791","TradeIQ220320Strategy","BTC-USDT","Bybit Perpetual","short","111425.0","109579.7","0.0031080561660256994","0.37779226130561294","346.31515829941355","5.357503781861619","15.470023917433275","25200.0","1756432800000.0","1756458000000.0"
"6c061795-797f-472b-b00d-0afeb3ff2129","TradeIQ220320Strategy","BTC-USDT","Bybit Perpetual","short","109579.7","110667.7","0.0032092865930576117","0.38876036538668834","351.6726620812752","-3.88046417863337","-11.034307175507871","14400.0","1756458000000.0","1756472400000.0"
"c84dad38-5892-4270-9f14-60db21845e66","TradeIQ220320Strategy","BTC-USDT","Bybit Perpetual","short","109056.4","108521.8","0.0031891039673292154","0.38163372545339225","347.7921979026418","1.3232612554807783","3.804746809907454","68400.0","1756476000000.0","1756544400000.0"
"b72c0e90-c244-43f5-817a-d2196c943703","TradeIQ220320Strategy","BTC-USDT","Bybit Perpetual","short","108667.9","108965.1","0.003212682486347142","0.38455215015315314","349.1154591581226","-1.339361385095561","-3.8364425004993348","7200.0","1756623600000.0","1756630800000.0"
"7333c115-aba8-4119-b72f-c6a089735028","TradeIQ220320Strategy","BTC-USDT","Bybit Perpetual","short","108471.0","108758.2","0.00320616660465034","0.38306015362720036","347.77609777302706","-1.3038712024827688","-3.749168533525063","21600.0","1756634400000.0","1756656000000.0"
"c428bcaa-3f37-4d27-8b1d-a5d33ed8ced4","TradeIQ220320Strategy","BTC-USDT","Bybit Perpetual","short","108208.4","109390.29999999999","0.0032018976952856186","0.38320082681493073","346.4722265705443","-4.167523712872985","-12.028449593562","28800.0","1756684800000.0","1756713600000.0"
"c8893601-895a-4020-aa68-aa25b66d4b41","TradeIQ220320Strategy","BTC-USDT","Bybit Perpetual","short","107744.5","109187.9","0.00317700395711773","0.37905730127487547","342.30470285767126","-4.964744812978589","-14.503875557452997","7200.0","1756764000000.0","1756771200000.0"
"d17ffcd5-2ce2-49c3-ab77-48014fe2e6cb","TradeIQ220320Strategy","BTC-USDT","Bybit Perpetual","long","110408.0","110202.70000000001","0.0030553941566253593","0.37072895401796657","337.33995804469265","-0.9980013743731173","-2.9584439986231827","3600.0","1756807200000.0","1756810800000.0"
"f1f5cf91-0900-49c9-bfa7-9a4788abb572","TradeIQ220320Strategy","BTC-USDT","Bybit Perpetual","short","108749.59999999999","111113.4","0.0030928109774226247","0.3739970849609888","336.34195667031946","-7.684783673392598","-22.84812679770779","3600.0","1756818000000.0","1756821600000.0"
"75014827-b8a1-4eba-921c-5ca0e594c50e","TradeIQ220320Strategy","BTC-USDT","Bybit Perpetual","long","111113.4","111659.8","0.0029578536251876637","0.3624117844680611","328.65717299692693","1.2537594363345042","3.814794075242129","122400.0","1756821600000.0","1756944000000.0"
"36ccd314-e5a6-4746-b43b-27baea6f0ea6","TradeIQ220320Strategy","BTC-USDT","Bybit Perpetual","short","110613.3","110764.09999999999","0.0029825611606674914","0.3631493992992534","329.91093243326145","-0.8129196223278763","-2.4640578483779825","14400.0","1756965600000.0","1756980000000.0"
"c4a9ed6f-0fe5-48f4-a7f5-8143ff15cd42","TradeIQ220320Strategy","BTC-USDT","Bybit Perpetual","short","110421.2","110350.0","0.0029803879400960463","0.36189110210029274","329.09801281093354","-0.14968748076546293","-0.4548416427280533","25200.0","1756994400000.0","1757019600000.0"
"1ebf87a6-67e6-4233-a41b-4e18809acd6c","TradeIQ220320Strategy","BTC-USDT","Bybit Perpetual","long","111454.9","110418.0","0.002951402991974046","0.36015998749387707","328.9483253301681","-3.4204697498717485","-10.398197791214153","7200.0","1757026800000.0","1757034000000.0"
"81302585-888e-43fe-af7f-aa62bbfcbf61","TradeIQ220320Strategy","BTC-USDT","Bybit Perpetual","long","111079.9","112900.10000000002","0.002930573898430736","0.361014467973784","325.5278555802963","4.973216141949918","15.277390418968922","21600.0","1757037600000.0","1757059200000.0"
"1e05fdd0-d16f-4bf9-a886-82b78d509dcf","TradeIQ220320Strategy","BTC-USDT","Bybit Perpetual","long","112900.1","110527.4","0.0029273762531853045","0.3597309967947078","330.5010717222462","-7.305516632727514","-22.10436593944568","25200.0","1757059200000.0","1757084400000.0"
"dc88a232-cb50-48a1-852c-ccc3ef285d84","TradeIQ220320Strategy","BTC-USDT","Bybit Perpetual","short","110527.4","111145.99999999999","0.002924121576093518","0.35650998448230486","323.1955550895187","-2.1653715914537295","-6.699880482124716","14400.0","1757084400000.0","1757098800000.0"
"6088fa6a-d576-498c-a200-a7e88572332e","TradeIQ220320Strategy","BTC-USDT","Bybit Perpetual","short","110544.1","110817.59999999999","0.0029040915209230063","0.35357004981490625","321.0301834980649","-1.1478390807873062","-3.575486480056244","14400.0","1757109600000.0","1757124000000.0"
"b26175e3-ed09-4a92-9c24-053057bae803","TradeIQ220320Strategy","BTC-USDT","Bybit Perpetual","short","110678.7","110906.5","0.002890188847694069","0.35223269061973295","319.8823444172776","-1.0106177101244502","-3.159341951071009","10800.0","1757138400000.0","1757149200000.0"
"cc323e1c-2036-46af-ad9d-57e7c22624f7","TradeIQ220320Strategy","BTC-USDT","Bybit Perpetual","short","110653.09999999999","110882.10000000002","0.0028817242960852713","0.35112185255296047","318.87172670715313","-1.0110367163565714","-3.1706690549115133","14400.0","1757152800000.0","1757167200000.0"
"81c84ec3-efb1-4614-a264-7772400fadd5","TradeIQ220320Strategy","BTC-USDT","Bybit Perpetual","short","110206.2","110610.00000000001","0.002884236004787359","0.35028731896417953","317.86068999079663","-1.5149418176973655","-4.766055902481145","36000.0","1757178000000.0","1757214000000.0"
"63800b0c-c94d-4d46-bb0b-22176d5cc0f9","TradeIQ220320Strategy","BTC-USDT","Bybit Perpetual","short","110458.5","110710.8","0.002863933044293552","0.34837773665930066","316.3457481730993","-1.0709480437345722","-3.3853720175450777","3600.0","1757228400000.0","1757232000000.0"
"c6924de5-0fb7-4432-8358-cd0d0c0d21ff","TradeIQ220320Strategy","BTC-USDT","Bybit Perpetual","long","111022.8","110786.5","0.002839730218742139","0.34643321460442245","315.27480012936473","-1.0174614652931981","-3.227221030274889","57600.0","1757235600000.0","1757293200000.0"
"78ef21d4-9031-4071-b45a-a2718d73983b","TradeIQ220320Strategy","BTC-USDT","Bybit Perpetual","short","110786.5","110847.0","0.002836603184179223","0.3457774605014322","314.2573386640715","-0.5173919531442752","-1.646395770242764","3600.0","1757293200000.0","1757296800000.0"
"82ec9223-37f5-4529-b6f0-c052c875e953","TradeIQ220320Strategy","BTC-USDT","Bybit Perpetual","long","111236.40000000001","112586.2","0.002820479148110935","0.347207836896786","313.7399467109272","3.459874917223321","11.027843134081904","25200.0","1757318400000.0","1757343600000.0"
"38e43cc1-6b4d-4506-b9e8-a397f5c5486d","TradeIQ220320Strategy","BTC-USDT","Bybit Perpetual","long","112586.19999999998","112051.0","0.00281739521920227","0.3480904753342413","317.1998216281506","-1.855960396651247","-5.851076419667621","18000.0","1757343600000.0","1757361600000.0"
"b4c960b8-6636-4d5b-8d73-167960278e09","TradeIQ220320Strategy","BTC-USDT","Bybit Perpetual","long","112152.2","111709.49999999999","0.0028117492232118436","0.34619362859503555","315.3438612314993","-1.5909550097109515","-5.045143430088858","32400.0","1757397600000.0","1757430000000.0"
"d5518453-6cd3-4193-8a09-581b78dd5f8e","TradeIQ220320Strategy","BTC-USDT","Bybit Perpetual","short","110830.1","111242.3","0.0028309358759198845","0.3457699983163971","313.7529062217884","-1.5126817663705652","-4.821251807947453","14400.0","1757433600000.0","1757448000000.0"
"e06058bf-58b4-42a1-b3b2-5e93de4ab856","TradeIQ220320Strategy","BTC-USDT","Bybit Perpetual","short","110971.3","111357.6","0.0028137025019569733","0.344062060203038","312.2402244554179","-1.430995336709025","-4.582994837403931","7200.0","1757466000000.0","1757473200000.0"
"7f3441bf-b08c-4c10-b1b2-25c132224599","TradeIQ220320Strategy","BTC-USDT","Bybit Perpetual","long","112500.1","114354.4","0.0027627462475029703","0.34470778023228943","310.8092291187089","4.778252586512437","15.373586556811848","72000.0","1757491200000.0","1757563200000.0"
"022d1396-0289-40f4-91eb-8c0267b167f1","TradeIQ220320Strategy","BTC-USDT","Bybit Perpetual","long","114354.4","113857.5","0.0027597318660691796","0.3463920089554061","315.58748170522136","-1.7177027732051653","-5.442873601715318","21600.0","1757563200000.0","1757584800000.0"
"b520f777-cc61-4118-8283-ae540366496f","TradeIQ220320Strategy","BTC-USDT","Bybit Perpetual","long","114577.49999999999","114400.1","0.0027393666202528088","0.34498947682407977","313.8697789320162","-0.8309531152568722","-2.64744544085863","3600.0","1757599200000.0","1757602800000.0"
"bdb87374-c368-4199-8225-24baa693bc70","TradeIQ220320Strategy","BTC-USDT","Bybit Perpetual","long","115037.3","115035.5","0.002721194132831345","0.34434001441624373","313.0388258167593","-0.34923816385534806","-1.1156384929062393","50400.0","1757631600000.0","1757682000000.0"
"98a704b0-fd7e-448b-9f23-15c408d0583c","TradeIQ220320Strategy","BTC-USDT","Bybit Perpetual","long","116423.9","115706.39999999998","0.002685785200915825","0.3428986684332829","312.6895876529039","-2.2699495500904265","-7.259434403073721","68400.0","1757703600000.0","1757772000000.0"
"699cc511-2ff6-46e7-8d3b-a06d1428d6bb","TradeIQ220320Strategy","BTC-USDT","Bybit Perpetual","long","115884.4","115626.0","0.002678700826882769","0.3410809049515783","310.4196381028135","-1.0332571986180703","-3.3285819316490763","10800.0","1757811600000.0","1757822400000.0"
"e92073b6-04cb-41e8-b6f7-b7b3c3e12b94","TradeIQ220320Strategy","BTC-USDT","Bybit Perpetual","long","115810.1","115684.1","0.002671497398795057","0.3401398842248785","309.38638090419545","-0.6767485564730558","-2.1873896145500265","3600.0","1757829600000.0","1757833200000.0"
"5963cf1b-505c-4e40-afc9-798d4312154c","TradeIQ220320Strategy","BTC-USDT","Bybit Perpetual","long","115887.4","115750.0","0.002663875730646493","0.33937928649352966","308.7096323477224","-0.7053958118843423","-2.2849815424282034","10800.0","1757840400000.0","1757851200000.0"
"ec1ab709-c297-4091-91c9-79f24643f09c","TradeIQ220320Strategy","BTC-USDT","Bybit Perpetual","long","116023.3","115210.0","0.002654675711997832","0.3376171839233095","308.00423653583806","-2.4966649404911543","-8.105943504451286","7200.0","1757887200000.0","1757894400000.0"
"fd04e4f4-5a52-4ac5-b90b-6b916c65fa92","TradeIQ220320Strategy","BTC-USDT","Bybit Perpetual","long","116006.5","114697.0","0.0026335383930671716","0.33416158856573475","305.50757159534686","-3.782780114287196","-12.38195208889157","14400.0","1757912400000.0","1757926800000.0"
"146bc9d8-459d-4c13-ad6b-7a0d42e2c80c","TradeIQ220320Strategy","BTC-USDT","Bybit Perpetual","long","115250.90000000001","115318.50000000001","0.0026179820850080965","0.33199460720308627","301.72479148105964","-0.1550190182565237","-0.5137762047844676","25200.0","1757995200000.0","1758020400000.0"
"0c9e1885-ea6e-4ecb-acd3-754560e65932","TradeIQ220320Strategy","BTC-USDT","Bybit Perpetual","long","116021.00000000001","116503.90000000001","0.0025992688604890763","0.3324171025220851","301.56977246280314","0.9227698302080748","3.059888339179926","61200.0","1758042000000.0","1758103200000.0"
"7908cd80-6bc2-4eab-ae4e-02dd9680e3dc","TradeIQ220320Strategy","BTC-USDT","Bybit Perpetual","long","116507.9","117403.00000000001","0.0025963264490477577","0.3340199810148109","302.49254229301124","1.98995182352789","6.578515319562197","75600.0","1758150000000.0","1758225600000.0"
"1423b6d9-606f-472b-bfca-2959e6e5cad0","TradeIQ220320Strategy","BTC-USDT","Bybit Perpetual","short","115490.9","115550.5","0.002636419788195772","0.33501716536885007","304.4824941165391","-0.49214778474533344","-1.6163418070168805","18000.0","1758304800000.0","1758322800000.0"
"eb89d5a3-7a16-469d-8443-d75fa7ac1bd1","TradeIQ220320Strategy","BTC-USDT","Bybit Perpetual","long","115909.8","115645.0","0.002622645767068823","0.33400741883545737","303.99034633179383","-1.0284840179552894","-3.3832785493547823","3600.0","1758355200000.0","1758358800000.0"
"889f8435-c309-4cb3-bbd4-f38825916435","TradeIQ220320Strategy","BTC-USDT","Bybit Perpetual","long","115859.0","115760.00000000001","0.0026149186710901925","0.33311566622358163","302.9618623138386","-0.5919926146614727","-1.9540169516393675","14400.0","1758376800000.0","1758391200000.0"
"b5fbcaf4-cdad-4e53-9032-68c239beb921","TradeIQ220320Strategy","BTC-USDT","Bybit Perpetual","short","115587.3","115635.6","0.002615943704015727","0.332676349213592","302.36986969917706","-0.4590264301175593","-1.5180958029126292","7200.0","1758416400000.0","1758423600000.0"
"fca130f5-e4db-4b59-9832-8b0870aadf53","TradeIQ220320Strategy","BTC-USDT","Bybit Perpetual","short","115440.1","115623.9","0.0026153030296150077","0.3323663085792292","301.91084326905946","-0.8130590054224371","-2.6930434051944547","3600.0","1758430800000.0","1758434400000.0"
"f7270c3e-d50d-4e3f-ae32-fbeb148331cf","TradeIQ220320Strategy","BTC-USDT","Bybit Perpetual","long","115772.9","115583.2","0.0026007622186507984","0.3309362121639178","301.097784263637","-0.8243008050419667","-2.737651514300818","3600.0","1758441600000.0","1758445200000.0"
"9f78b1a9-aebc-4bd4-ae40-6e3437b82628","TradeIQ220320Strategy","BTC-USDT","Bybit Perpetual","short","115465.1","115623.8","0.002600556215329091","0.3305278213537095","300.273483458595","-0.7432360927264287","-2.4751972240962603","7200.0","1758452400000.0","1758459600000.0"
"8a024626-73d2-499c-883b-f0afc9fcccf1","TradeIQ220320Strategy","BTC-USDT","Bybit Perpetual","short","115446.4","114335.9","0.0025945395210753095","0.3278985922264707","299.5302473658686","2.5533375459276604","8.524473132120185","36000.0","1758466800000.0","1758502800000.0"
"277436af-e75e-4a37-bd3d-4be6e7f0bd34","TradeIQ220320Strategy","BTC-USDT","Bybit Perpetual","short","114335.9","112748.8","0.0026420711684763598","0.329985666269657","302.0835849117962","3.8632454852191502","12.788664059144953","21600.0","1758502800000.0","1758524400000.0"
"32e19140-039f-4085-9e6f-8584f4b425ba","TradeIQ220320Strategy","BTC-USDT","Bybit Perpetual","short","112748.8","113087.1","0.002713526267215397","0.33704640570162636","305.94683039701533","-1.2550323419006029","-4.102125654552447","25200.0","1758524400000.0","1758549600000.0"
"53b5346d-7395-4aea-b2e1-8ac6fd6619aa","TradeIQ220320Strategy","BTC-USDT","Bybit Perpetual","short","112115.19999999998","112924.09999999999","0.0027176671678337525","0.3363700543952596","304.6917980551147","-2.5346910264560054","-8.318868583385738","18000.0","1758592800000.0","1758610800000.0"
"41bb7e07-5c90-421c-9e49-769c8dca5b8d","TradeIQ220320Strategy","BTC-USDT","Bybit Perpetual","short","111919.2","112595.90000000001","0.002699779010470578","0.33337763498253664","302.15710702865874","-2.1603180913680085","-7.149651757696729","43200.0","1758650400000.0","1758693600000.0"
"9ecf8be4-c614-4831-9316-8d99244cfc13","TradeIQ220320Strategy","BTC-USDT","Bybit Perpetual","short","113002.1","111316.1","0.0026547895033569354","0.327534681524557","299.9967889372908","4.148440421135236","13.828282748727677","39600.0","1758762000000.0","1758801600000.0"
"a057963d-cbc6-4afd-ad40-3dcb82bd8117","TradeIQ220320Strategy","BTC-USDT","Bybit Perpetual","short","111316.1","108793.9","0.0027322663061176773","0.33076952515175906","304.145229358426","6.560552552138278","21.57046015805451","21600.0","1758801600000.0","1758823200000.0"
"ee49e210-15da-415b-8e30-c29d7842b80b","TradeIQ220320Strategy","BTC-USDT","Bybit Perpetual","short","108793.9","108934.5","0.0028559117920266145","0.34199720776049813","310.70578191056427","-0.7435384057194567","-2.393062662520655","21600.0","1758823200000.0","1758844800000.0"
"37b952c2-e976-474b-b099-1a75054da439","TradeIQ220320Strategy","BTC-USDT","Bybit Perpetual","short","109257.3","109621.3","0.002836993441214864","0.34152643394226045","309.96224350484476","-1.3741920465444708","-4.433417538233143","21600.0","1758873600000.0","1758895200000.0"
"5bdd2777-1e95-4b0d-8a3f-01ccf3660537","TradeIQ220320Strategy","BTC-USDT","Bybit Perpetual","short","109354.8","109420.29999999999","0.002821897634656186","0.33954851546641884","308.5880514583003","-0.5243828105363579","-1.6992971959162786","50400.0","1758960000000.0","1759010400000.0"
"ae3041af-5ee3-4f44-9fb1-2980c4369ad0","TradeIQ220320Strategy","BTC-USDT","Bybit Perpetual","short","109319.9","109580.90000000001","0.0028180017421143263","0.3392745596626209","308.0636686477639","-1.0747730143545011","-3.488801581413948","7200.0","1759060800000.0","1759068000000.0"
"95b62764-d6d9-49ce-a6d5-7ba932011293","TradeIQ220320Strategy","BTC-USDT","Bybit Perpetual","long","111881.5","113956.7","0.002743875400610552","0.3408195348239913","306.98889563340947","5.353270696523018","17.437994574616866","57600.0","1759100400000.0","1759158000000.0"
"044213e9-09e8-4d7c-9617-7cc19563c23e","TradeIQ220320Strategy","BTC-USDT","Bybit Perpetual","long","113956.7","113662.40000000001","0.002740884619596149","0.3431327296739748","312.34216632993247","-1.1497750732210896","-3.681139459110245","61200.0","1759158000000.0","1759219200000.0"
"bb76dd84-c944-4bf9-8193-84b27f31b57b","TradeIQ220320Strategy","BTC-USDT","Bybit Perpetual","long","113658.0","116060.5","0.002737971733241051","0.3459295177813939","311.19239125671135","6.232047571330231","20.026349443066042","50400.0","1759258800000.0","1759309200000.0"
"133ca7e0-d498-4618-a8d9-89be45726815","TradeIQ220320Strategy","BTC-USDT","Bybit Perpetual","long","116060.50000000001","118552.4","0.0027349911367609272","0.35291531113837776","317.4244388280416","6.462409102556121","20.358889587757933","54000.0","1759309200000.0","1759363200000.0"
"1eb49d6e-0c15-422d-bcda-cd863fc14aec","TradeIQ220320Strategy","BTC-USDT","Bybit Perpetual","long","118552.39999999998","118616.8","0.0027320142648364592","0.3563723006689181","323.8868479305978","-0.18043058201338652","-0.5570790637724475","18000.0","1759363200000.0","1759381200000.0"
"5dcbcbda-7878-474a-a0fe-79b9ec8c04ca","TradeIQ220320Strategy","BTC-USDT","Bybit Perpetual","long","119360.1","119832.6","0.002712015299489397","0.3567818440593977","323.7064173485844","0.9246453849493423","2.856432048900763","46800.0","1759410000000.0","1759456800000.0"
"28e8c502-34ca-4718-af2d-6a2b3887ad45","TradeIQ220320Strategy","BTC-USDT","Bybit Perpetual","long","120325.0","122238.5","0.0026979519030420423","0.35993356103844615","324.6310627335337","4.802597405432502","14.79401682942032","7200.0","1759500000000.0","1759507200000.0"
"973209ca-07a5-4a80-9a01-8a1b9df7c809","TradeIQ220320Strategy","BTC-USDT","Bybit Perpetual","long","122238.5","121818.89999999998","0.0026950073842444584","0.36175507234872695","329.4336601389662","-1.4925801707777566","-4.530745796128228","36000.0","1759507200000.0","1759543200000.0"
"56df3b96-fb75-448f-a94b-d46c94cba4b2","TradeIQ220320Strategy","BTC-USDT","Bybit Perpetual","long","122343.19999999998","124012.2","0.002680501081941526","0.3631957539331756","327.9410799681885","4.1105605518272705","12.534448420508983","10800.0","1759622400000.0","1759633200000.0"
"84f72010-a718-4704-ac15-3e387ba4e60c","TradeIQ220320Strategy","BTC-USDT","Bybit Perpetual","long","124012.2","122998.0","0.002677572372073197","0.36376322792715116","332.0516405200157","-3.0793571276837794","-9.273729600797317","25200.0","1759633200000.0","1759658400000.0"
"1147b336-1b73-42bb-a3ed-02230ad018a5","TradeIQ220320Strategy","BTC-USDT","Bybit Perpetual","long","123295.8","125417.80000000002","0.0026681548227298246","0.36498351522517314","328.9722833923319","5.296841018607553","16.101177169052104","57600.0","1759712400000.0","1759770000000.0"
"477bb087-8cb4-4f29-875a-06acf3b54829","TradeIQ220320Strategy","BTC-USDT","Bybit Perpetual","long","125417.79999999999","125062.0","0.00266524468146419","0.36717447512031776","334.26912441093947","-1.3154685327852456","-3.935357580821769","18000.0","1759770000000.0","1759788000000.0"
"f742c471-c167-4f54-a209-c1c131efb2db","TradeIQ220320Strategy","BTC-USDT","Bybit Perpetual","long","124397.19999999998","123825.4","0.002676536577014227","0.3654072774778644","332.95365587815417","-1.8958508922145683","-5.694038370638474","7200.0","1759838400000.0","1759845600000.0"
"8018066d-11fd-40fe-b9f7-692ee7fe457f","TradeIQ220320Strategy","BTC-USDT","Bybit Perpetual","long","122485.0","122268.40000000001","0.0027028436542102263","0.3638415957200075","331.0578049859396","-0.9492775312219189","-2.8674071927174043","18000.0","1759917600000.0","1759935600000.0"
"3ec26336-013f-4e64-b46d-2c2a4d18f2dc","TradeIQ220320Strategy","BTC-USDT","Bybit Perpetual","long","122999.9","122782.0","0.002683811348258963","0.36279773882915733","330.1085274547176","-0.9476002316147697","-2.8705718053428844","28800.0","1759942800000.0","1759971600000.0"
"33a6456e-e941-4ea6-b492-cbad9d415bef","TradeIQ220320Strategy","BTC-USDT","Bybit Perpetual","long","122672.9","122357.0","0.0026832407746381053","0.3616108202770236","329.1609272231028","-1.2092465809851856","-3.6737245553010833","7200.0","1760011200000.0","1760018400000.0"
"beeca5a0-41d5-4db0-8abb-d49842060990","TradeIQ220320Strategy","BTC-USDT","Bybit Perpetual","short","119752.10000000002","121407.8","0.0027385881386808044","0.36324070291599697","327.9516806421176","-4.897521084129757","-14.933666674738753","18000.0","1760029200000.0","1760047200000.0"
"796f76ca-236c-4e8b-9614-87e5ffd7ee62","TradeIQ220320Strategy","BTC-USDT","Bybit Perpetual","long","121570.49999999999","121249.9","0.002657340058303518","0.3548910067413059","323.0541595579878","-1.2068342294333907","-3.7357024936147445","3600.0","1760086800000.0","1760090400000.0"
"ab48a5e7-24b9-4f70-868d-c1c4ad105dd1","TradeIQ220320Strategy","BTC-USDT","Bybit Perpetual","long","121493.19999999998","120436.4","0.002649097441902546","0.3524922964642784","321.84732532855435","-3.152058473066858","-9.793645076432167","10800.0","1760097600000.0","1760108400000.0"
"4b4ac790-6de2-4cf8-8e24-b994ea3a6f6b","TradeIQ220320Strategy","BTC-USDT","Bybit Perpetual","short","120436.4","117590.8","0.002646170649865717","0.3464233247803444","318.69526685548743","7.183519876477517","22.54040339963658","10800.0","1760108400000.0","1760119200000.0"
"efdc2515-9f7a-4328-bc07-29c924407a6b","TradeIQ220320Strategy","BTC-USDT","Bybit Perpetual","short","117590.8","114198.0","0.0027712949204526625","0.35329531823179994","325.87878673196496","9.049154087880002","27.768466240556254","10800.0","1760119200000.0","1760130000000.0"
"1dd5e213-9768-471f-9d5a-198f87a4246d","TradeIQ220320Strategy","BTC-USDT","Bybit Perpetual","short","114198.0","113175.4","0.002932870460251887","0.36677120056887","334.927940819845","2.632382132084727","7.859547715371599","21600.0","1760130000000.0","1760151600000.0"
"d2ba198b-2cbb-46ad-aca9-e96e1cafc99d","TradeIQ220320Strategy","BTC-USDT","Bybit Perpetual","short","114129.3","114359.99999999999","0.002957700809099238","0.37169164311428515","337.56032295192966","-1.0540332197734277","-3.122503292318296","3600.0","1760356800000.0","1760360400000.0"
"11fde264-9857-4bd7-ab4e-644934224572","TradeIQ220320Strategy","BTC-USDT","Bybit Perpetual","short","113973.6","114260.7","0.002952493294343218","0.3706231321590151","336.5062897321562","-1.2182839569649273","-3.6203898534396677","3600.0","1760367600000.0","1760371200000.0"
"2ee4dba9-6894-4ba1-80b1-fababaa53674","TradeIQ220320Strategy","BTC-USDT","Bybit Perpetual","short","114216.2","111665.2","0.0029355556022279787","0.36469807506500446","335.28800577519127","7.123904266218569","21.24711932282811","21600.0","1760407200000.0","1760428800000.0"
"fd99625c-2a8e-458f-a9fd-66f333671e9d","TradeIQ220320Strategy","BTC-USDT","Bybit Perpetual","short","111665.2","111369.2","0.0030664155891129002","0.37615388858764326","342.41191004140984","0.5315051257897752","1.552239014482578","25200.0","1760428800000.0","1760454000000.0"
"c88ea7a1-fbdd-4e88-9493-3bd3f73fadca","TradeIQ220320Strategy","BTC-USDT","Bybit Perpetual","short","111978.7","112899.9","0.0030625772148381754","0.3787894420555895","342.9434151671996","-3.2000355723645075","-9.331089126771404","18000.0","1760500800000.0","1760518800000.0"
"41b4ef1b-3240-43b6-bce8-cbf630be1be8","TradeIQ220320Strategy","BTC-USDT","Bybit Perpetual","short","111841.0","111256.8","0.0030377355316461322","0.37274166275064535","339.74337959483506","1.401903434837016","4.126359832261845","50400.0","1760529600000.0","1760580000000.0"
"71b1ce2f-95f3-4afb-b5e8-95726952b30c","TradeIQ220320Strategy","BTC-USDT","Bybit Perpetual","short","110518.2","111422.30000000002","0.0030867792185329847","0.376794727732951","341.1452830296721","-3.1675518192086853","-9.285052371464793","10800.0","1760601600000.0","1760612400000.0"
"d647f46b-7370-4e15-b8e6-f2c98d727b24","TradeIQ220320Strategy","BTC-USDT","Bybit Perpetual","short","110466.9","106699.1","0.0030595384790418076","0.3654352533367763","337.97773121046345","11.16229382799691","33.02671388443043","57600.0","1760626800000.0","1760684400000.0"
"a09c5875-eb70-4830-aed4-0dc90573cbcc","TradeIQ220320Strategy","BTC-USDT","Bybit Perpetual","short","106699.1","106750.1","0.003272192783617297","0.3841458125498869","349.14002503846035","-0.551027644514369","-1.5782425531236908","32400.0","1760684400000.0","1760716800000.0"
"2d8192f9-973f-4c31-b3e6-dc5f17f7d3da","TradeIQ220320Strategy","BTC-USDT","Bybit Perpetual","short","106726.7","107348.8","0.0032661836016099626","0.3845654381835495","348.588997393946","-2.416458256745126","-6.932112817130162","10800.0","1760857200000.0","1760868000000.0"
"22031330-09a3-40fa-a255-29f79c4e456d","TradeIQ220320Strategy","BTC-USDT","Bybit Perpetual","long","110973.6","110634.3","0.003119413438306055","0.3802076637121315","346.1725391372009","-1.438624643329385","-4.155802325958632","39600.0","1760940000000.0","1760979600000.0"
"8ebacbe0-9011-42df-aba7-289a081b66e2","TradeIQ220320Strategy","BTC-USDT","Bybit Perpetual","short","109804.2","107498.0","0.0031395330460389633","0.37522509083233246","344.7339144938715","6.865166019942716","19.91439116172239","14400.0","1761012000000.0","1761026400000.0"
"070e3af0-f7a5-4a06-89fb-eaabe1c1cd18","TradeIQ220320Strategy","BTC-USDT","Bybit Perpetual","short","107498.0","108733.8","0.0032707499722210106","0.38898208461381456","351.5990805138142","-4.430974900284548","-12.602350648384181","25200.0","1761026400000.0","1761051600000.0"
"1df8920f-f415-4f9e-8182-3f279882d5d9","TradeIQ220320Strategy","BTC-USDT","Bybit Perpetual","long","112127.5","110772.6","0.003096190547488615","0.3795776504598469","347.1681056135297","-4.574606223252154","-13.176919622750836","25200.0","1761058800000.0","1761084000000.0"
"f8488f0d-d418-44a1-85c9-951b616dc9b1","TradeIQ220320Strategy","BTC-USDT","Bybit Perpetual","short","109007.99999999999","108728.0","0.003142828961087971","0.3763688536692978","342.59349939027754","0.5036232554352884","1.4700315573167606","54000.0","1761087600000.0","1761141600000.0"
"a52e7560-d993-47c3-b1e0-011472657186","TradeIQ220320Strategy","BTC-USDT","Bybit Perpetual","short","107159.8","108370.0","0.003201733510567516","0.37953794075225306","343.0971226457129","-4.254275835241051","-12.399625512552253","18000.0","1761170400000.0","1761188400000.0"
"8625b3d7-bba1-455e-a064-7592d7b5ef7f","TradeIQ220320Strategy","BTC-USDT","Bybit Perpetual","long","110180.2","109228.6","0.0030753515314954215","0.371117554006965","338.8428468104718","-3.2976220713779814","-9.73201028859987","3600.0","1761202800000.0","1761206400000.0"
"465c5739-23dc-42ff-81f3-1a210810e98e","TradeIQ220320Strategy","BTC-USDT","Bybit Perpetual","long","109849.0","109469.9","0.003054604272584128","0.3684628469491481","335.54522473909384","-1.5264633266858088","-4.549202951324143","18000.0","1761235200000.0","1761253200000.0"
"e01a3be9-cd7c-4317-8773-440c168abd54","TradeIQ220320Strategy","BTC-USDT","Bybit Perpetual","long","111117.7","110177.7","0.0030059905974692425","0.3658665404147573","334.018761412408","-3.1914977020358455","-9.55484562765428","36000.0","1761282000000.0","1761318000000.0"
"141926ee-09cd-49c1-93eb-3c234e0ac252","TradeIQ220320Strategy","BTC-USDT","Bybit Perpetual","long","111163.3","111404.6","0.0029760475238713876","0.3643049562285401","330.8272637103722","0.35381531128163435","1.0694865571641259","79200.0","1761368400000.0","1761447600000.0"
"0f9137cd-331e-4b83-a8a3-4cb06e04aa9b","TradeIQ220320Strategy","BTC-USDT","Bybit Perpetual","long","111716.2","113235.2","0.002964485714888744","0.3667758665143231","331.1810790216539","4.136277934401679","12.489475384948646","10800.0","1761469200000.0","1761480000000.0"
"9f529f68-ed4c-4b34-84d9-cd9cb9d21795","TradeIQ220320Strategy","BTC-USDT","Bybit Perpetual","long","113235.2","113457.49999999999","0.00296124665259615","0.3692111494736408","335.31735695605556","0.2890739813984489","0.8620907191402353","36000.0","1761480000000.0","1761516000000.0"
"9f815fd3-1257-45e5-a09b-5821509b8a3b","TradeIQ220320Strategy","BTC-USDT","Bybit Perpetual","long","114631.8","115210.4","0.0029276904919704133","0.3700987529764592","335.60643093745404","1.3238629656775964","3.9446889083133234","54000.0","1761519600000.0","1761573600000.0"
"d90f8ad0-1f34-4920-82b9-68bcdbcf8b02","TradeIQ220320Strategy","BTC-USDT","Bybit Perpetual","long","114370.5","114290.69999999998","0.0029459545416268326","0.3704940253486128","336.93029390313166","-0.6055811977704855","-1.7973486169949198","10800.0","1761642000000.0","1761652800000.0"
"3e154394-d37f-42b4-aeb2-5e3ec6892319","TradeIQ220320Strategy","BTC-USDT","Bybit Perpetual","long","115469.9","113629.0","0.002912661331700826","0.3670081289408569","336.3247127053612","-5.728926374468891","-17.033914422719636","21600.0","1761660000000.0","1761681600000.0"
"bdc26bfd-e677-4da7-b113-f0470482cb46","TradeIQ220320Strategy","BTC-USDT","Bybit Perpetual","short","111460.6","108503.7","0.002966032717667878","0.35883172078540193","330.59578633089234","8.411430422086774","25.443247524237343","46800.0","1761753600000.0","1761800400000.0"
"1b90b1c8-75a6-4e4a-978f-d4bade4b8408","TradeIQ220320Strategy","BTC-USDT","Bybit Perpetual","short","108503.7","110720.0","0.003124383931174505","0.3767164530869412","339.0072167529791","-7.301288559749006","-21.537265872039416","7200.0","1761800400000.0","1761807600000.0"
"3e481bc0-a58d-4751-a807-f51625518ecb","TradeIQ220320Strategy","BTC-USDT","Bybit Perpetual","short","108337.8","109276.3","0.00306177463630635","0.36645693253544853","331.7059281932301","-3.2399324287089577","-9.767484248341761","43200.0","1761829200000.0","1761872400000.0"
"af49c41d-acb5-4e57-a2e0-d941984a5d8f","TradeIQ220320Strategy","BTC-USDT","Bybit Perpetual","short","108812.9","109802.8","0.003018631024120496","0.3629560739089005","328.4659957645211","-3.3510989246858056","-10.202270456903628","10800.0","1761930000000.0","1761940800000.0"
"c3103631-c66f-4dd6-9c54-65b5bdfed433","TradeIQ220320Strategy","BTC-USDT","Bybit Perpetual","short","109530.1","109557.3","0.002968269880515358","0.3576707918412313","325.11489683983524","-0.4384077325912404","-1.3484701465624251","7200.0","1761948000000.0","1761955200000.0"
"a819a4cd-c31e-448b-b05e-f0ce03353177","TradeIQ220320Strategy","BTC-USDT","Bybit Perpetual","long","110844.1","110805.7","0.0029291273879912777","0.357082274847534","324.676489107244","-0.46956076654642465","-1.4462419740880095","3600.0","1762070400000.0","1762074000000.0"
"a1a24df6-755c-44c9-8935-fc76525517fc","TradeIQ220320Strategy","BTC-USDT","Bybit Perpetual","long","111145.4","110690.8","0.0029169621805373645","0.3558982931207676","324.2069283406976","-1.6819493003930281","-5.187888207699027","3600.0","1762084800000.0","1762088400000.0"
"b244aa74-8c8a-424f-a6ff-23ac66c8aebc","TradeIQ220320Strategy","BTC-USDT","Bybit Perpetual","short","110066.1","110494.9","0.002930284429450162","0.3554685552241765","322.5249790403045","-1.611974518572372","-4.997983484469682","28800.0","1762099200000.0","1762128000000.0"
"7cd80453-4e36-47c8-9614-44c92a1e089e","TradeIQ220320Strategy","BTC-USDT","Bybit Perpetual","short","109614.2","107843.8","0.0029276590489346463","0.3501535848047767","320.9130045217321","4.8329739954291036","15.06007524572541","10800.0","1762135200000.0","1762146000000.0"
"ac5ed24b-dc87-4e5e-96b9-70eac158be46","TradeIQ220320Strategy","BTC-USDT","Bybit Perpetual","short","107843.8","107717.2","0.003020535056416421","0.35811025651289907","325.74597851716123","0.024289481629437393","0.07456571448711762","28800.0","1762146000000.0","1762174800000.0"
"724424f4-83a4-46dd-9e57-3a56cb9e475b","TradeIQ220320Strategy","BTC-USDT","Bybit Perpetual","short","105718.8","106702.8","0.003081479055747801","0.36001499126364045","325.77026799879064","-3.3921903821194768","-10.412829884561686","46800.0","1762185600000.0","1762232400000.0"
"040dc2ab-111c-48b4-8dba-b52ff0f9288a","TradeIQ220320Strategy","BTC-USDT","Bybit Perpetual","short","104164.3","100507.0","0.0030948998612448904","0.34839044788394624","322.37807761667113","10.970586814647","34.03018870188733","50400.0","1762236000000.0","1762286400000.0"
"adfa9df2-cfb0-4db8-9d5a-2be4b5550425","TradeIQ220320Strategy","BTC-USDT","Bybit Perpetual","short","100507.0","101260.2","0.0033166711217260305","0.3680574950533362","333.3486644313181","-2.866174183937373","-8.598127095625152","10800.0","1762286400000.0","1762297200000.0"
"429661f5-7dce-4e62-8b49-86193233f704","TradeIQ220320Strategy","BTC-USDT","Bybit Perpetual","short","100722.1","101633.7","0.003281131849389367","0.36517583315876573","330.4824902473808","-3.356255627062084","-10.155623145267933","3600.0","1762308000000.0","1762311600000.0"
"d733bd65-528f-4caf-a267-9963d8c17597","TradeIQ220320Strategy","BTC-USDT","Bybit Perpetual","short","103103.5","103269.99999999999","0.0031727946638117877","0.3601294067536891","327.12623462031866","-0.8883997182783056","-2.715770318175285","28800.0","1762408800000.0","1762437600000.0"
"64b1fb16-63f2-4e44-960a-72e542d7aeb1","TradeIQ220320Strategy","BTC-USDT","Bybit Perpetual","short","102083.1","101434.5","0.003195806503740975","0.35772157833816487","326.23783490204033","1.7150785199882501","5.257141681630023","36000.0","1762441200000.0","1762477200000.0"
"549686e2-0a9c-473d-b6f1-3e1c5b42ffca","TradeIQ220320Strategy","BTC-USDT","Bybit Perpetual","short","100968.1","101128.4","0.0032480844288644488","0.36103457212790224","327.9529134220286","-0.8817025060748356","-2.688503349077464","25200.0","1762509600000.0","1762534800000.0"
"15ae2c64-2e2a-447c-a228-ae2266a8ffa1","TradeIQ220320Strategy","BTC-USDT","Bybit Perpetual","short","102257.4","102392.1","0.0031985089677221776","0.36001529354442285","327.07121091595377","-0.7908544514966374","-2.41798857588802","10800.0","1762581600000.0","1762592400000.0"
"f2aee3a9-0e97-455d-9756-113ef40db7f0","TradeIQ220320Strategy","BTC-USDT","Bybit Perpetual","short","101805.6","102224.1","0.0032049352537036973","0.35964608808292414","326.28035646445716","-1.7009114917579216","-5.213036758292274","36000.0","1762603200000.0","1762639200000.0"
"9af9a6c3-2400-48a8-b77b-ceff21c80ec5","TradeIQ220320Strategy","BTC-USDT","Bybit Perpetual","short","101589.7","102198.2","0.0031950034794147363","0.3581066772594423","324.5794449726992","-2.302266294483309","-7.093074839279967","32400.0","1762657200000.0","1762689600000.0"
"1418da8d-1eb0-43e6-90ca-bf616d056b03","TradeIQ220320Strategy","BTC-USDT","Bybit Perpetual","long","104479.8","105931.2","0.003084588395825948","0.35696723092477345","322.2771786782159","4.12000436677699","12.784040072817849","50400.0","1762714800000.0","1762765200000.0"
"2141ef87-2f91-44e2-a25e-ddfa45fd08ca","TradeIQ220320Strategy","BTC-USDT","Bybit Perpetual","long","106509.4","104846.5","0.0030644918011461237","0.35623413247062297","326.3971830449929","-5.452177548596494","-16.704119495556206","3600.0","1762783200000.0","1762786800000.0"
"d7d9f3c3-a380-4190-a94e-eec4e5176ff6","TradeIQ220320Strategy","BTC-USDT","Bybit Perpetual","long","106047.4","105203.39999999998","0.0030264297427037012","0.3516346373594731","320.94500549639645","-2.9059413402014407","-9.054327970322841","14400.0","1762826400000.0","1762840800000.0"
"f0a89b4a-e6d8-4e24-98a4-255da7391a82","TradeIQ220320Strategy","BTC-USDT","Bybit Perpetual","short","104500.0","103200.1","0.003043436020633446","0.34766708120604284","318.0390641561951","3.608495402015356","11.34607602870808","46800.0","1762866000000.0","1762912800000.0"
"e696ee9b-1e17-43f0-8f90-89116a5e5c67","TradeIQ220320Strategy","BTC-USDT","Bybit Perpetual","long","104844.9","103948.50000000001","0.003067841731531152","0.35229980818355205","321.64755955821045","-3.1023131363280143","-9.645069717267885","14400.0","1762945200000.0","1762959600000.0"
"7f37f19f-56b8-441a-a9a0-381b563e3a45","TradeIQ220320Strategy","BTC-USDT","Bybit Perpetual","short","103948.5","101393.10000000002","0.0030644525550814336","0.3460927749314804","318.5452464218824","7.4848092843235525","23.496848150766773","7200.0","1762959600000.0","1762966800000.0"
"1a8e89ab-0c22-4631-bda0-106a4f0876b6","TradeIQ220320Strategy","BTC-USDT","Bybit Perpetual","short","101393.1","103097.5","0.0032155053520033015","0.36164734030390155","326.030055706206","-5.842154662258309","-17.919067766938717","46800.0","1762966800000.0","1763013600000.0"
"fbaa833c-8641-4949-a99b-53ba97f6f479","TradeIQ220320Strategy","BTC-USDT","Bybit Perpetual","short","101338.0","98131.6","0.0031596035154033797","0.3466346671568583","320.1879010439477","9.78431804463252","30.558050484517107","18000.0","1763049600000.0","1763067600000.0"
"0f79a8d2-8333-484b-861d-5020290db639","TradeIQ220320Strategy","BTC-USDT","Bybit Perpetual","short","98131.6","96497.7","0.0033625480384359393","0.35994770401543796","329.97221908858023","5.134119535985072","15.559247836578724","64800.0","1763067600000.0","1763132400000.0"
"fa5cac03-4206-4f11-a3eb-9757d6c9a175","TradeIQ220320Strategy","BTC-USDT","Bybit Perpetual","short","95023.9","96452.5","0.0035265479381983407","0.37138788699850245","335.1063386245653","-5.409414271508672","-16.142381232511042","28800.0","1763146800000.0","1763175600000.0"
"49e7be5d-a9a5-40c8-85dd-2f61b01d4c6f","TradeIQ220320Strategy","BTC-USDT","Bybit Perpetual","short","95249.5","95934.3","0.003461403202673574","0.3639703196906172","329.6969243530566","-2.734339232881491","-8.293493299177454","21600.0","1763240400000.0","1763262000000.0"
"e79c6115-2a3e-473c-951e-8b7e9db12220","TradeIQ220320Strategy","BTC-USDT","Bybit Perpetual","short","95371.8","95254.4","0.0034282941615883847","0.3594374786781789","326.9625851201751","0.04304425589232741","0.1316488731470804","39600.0","1763301600000.0","1763341200000.0"
"3939df90-d1c4-4801-bfc0-db9dca2f657c","TradeIQ220320Strategy","BTC-USDT","Bybit Perpetual","short","93913.5","94730.2","0.0034819874605468587","0.3612702488511399","327.0056293760674","-3.205009407879749","-9.801083284085857","3600.0","1763388000000.0","1763391600000.0"
"5f8fc2d3-29f5-491d-a0b0-b114b82ecec1","TradeIQ220320Strategy","BTC-USDT","Bybit Perpetual","short","94267.0","90837.6","0.003434930781378295","0.34970181857309424","323.80061996818773","11.430049803085613","35.29965385553794","36000.0","1763398800000.0","1763434800000.0"
"e380cf04-abfc-45f9-85a3-4b93f1ca87e7","TradeIQ220320Strategy","BTC-USDT","Bybit Perpetual","short","90837.6","91179.9","0.003690439529129714","0.36944851734635226","335.2306697712733","-1.6326859681674102","-4.87033590715726","21600.0","1763434800000.0","1763456400000.0"
"18895954-6f53-4960-9fe3-6724aec9bf18","TradeIQ220320Strategy","BTC-USDT","Bybit Perpetual","short","92377.6","92529.2","0.0036112432429842934","0.36725888764501646","333.5979838031059","-0.9147233632814038","-2.741993080573551","7200.0","1763514000000.0","1763521200000.0"
"7f5c2c6b-9fb5-4a1a-95d0-84feb5012874","TradeIQ220320Strategy","BTC-USDT","Bybit Perpetual","short","91842.2","91362.00000000001","0.003622335488912771","0.36499489145783026","332.6832604398245","1.3744506103180192","4.131408981927508","36000.0","1763524800000.0","1763560800000.0"
"76a809b4-420c-4263-bede-266877c4b57d","TradeIQ220320Strategy","BTC-USDT","Bybit Perpetual","short","89901.0","91508.9","0.0037158397687472064","0.3707495664754496","334.0577110501426","-6.345448330644061","-18.99506618391335","28800.0","1763568000000.0","1763596800000.0"
"0f8e4451-c0ab-4114-9827-aa4cecb04646","TradeIQ220320Strategy","BTC-USDT","Bybit Perpetual","short","91479.7","87855.5","0.0035823495564534925","0.35334275579707414","327.71226271949854","12.629808506701663","38.53932227587101","10800.0","1763647200000.0","1763658000000.0"
"8d02e6a9-e8a1-4523-a4e3-cf54ec8fb717","TradeIQ220320Strategy","BTC-USDT","Bybit Perpetual","short","87855.5","84006.7","0.003873884631311644","0.36617588440587445","340.3420712262002","14.543631284586393","42.73239341873876","54000.0","1763658000000.0","1763712000000.0"
"226ee4c9-3e0e-4449-b4ae-c8e9356cea46","TradeIQ220320Strategy","BTC-USDT","Bybit Perpetual","short","84006.7","84065.2","0.004224492838199651","0.39051019581893437","354.8857025107866","-0.637643026853614","-1.7967560325545466","21600.0","1763712000000.0","1763733600000.0"
"18c07c22-b44b-4228-b0b7-811266844f73","TradeIQ220320Strategy","BTC-USDT","Bybit Perpetual","short","83979.3","84659.7","0.004218278307677403","0.3912514295406253","354.248059483933","-3.261367990084306","-9.206452661548669","28800.0","1763802000000.0","1763830800000.0"
"666c3051-8b90-40c9-9deb-d349234233f1","TradeIQ220320Strategy","BTC-USDT","Bybit Perpetual","short","85913.7","86571.0","0.004085340190142535","0.38756227240207297","350.9866914938487","-3.072856379382773","-8.75490853030428","21600.0","1763978400000.0","1764000000000.0"
"0063b043-90a1-443a-b0b9-958888130a4b","TradeIQ220320Strategy","BTC-USDT","Bybit Perpetual","short","87362.2","87581.1","0.003982429873726463","0.38318468327055993","347.913835114466","-1.2549385826293173","-3.607038455991364","36000.0","1764057600000.0","1764093600000.0"
"161e6382-e809-442c-8deb-f8f6861fb79a","TradeIQ220320Strategy","BTC-USDT","Bybit Perpetual","short","86835.0","87330.8","0.0039921563486133085","0.38241340729972373","346.65889653183666","-2.361724524942214","-6.81281960039158","3600.0","1764100800000.0","1764104400000.0"
"23243986-526d-46cc-b265-36443ce3b594","TradeIQ220320Strategy","BTC-USDT","Bybit Perpetual","short","86601.1","87778.9","0.003975667422317896","0.38130228680708717","344.2971720068944","-5.063843376813059","-14.707769300851703","14400.0","1764162000000.0","1764176400000.0"
"6ed02165-36a2-4af4-9e88-a3c77b0c764b","TradeIQ220320Strategy","BTC-USDT","Bybit Perpetual","long","89792.5","90954.6","0.0037779695256294384","0.3755713696052432","339.23332863008136","4.014807016128749","11.834942729069866","68400.0","1764180000000.0","1764248400000.0"
"b901da5c-efd7-454b-8b7d-5ad0ca22cf65","TradeIQ220320Strategy","BTC-USDT","Bybit Perpetual","long","91741.1","90754.3","0.0037414870286731905","0.375542294540889","343.2481356462101","-4.067641694435604","-11.850440751200964","25200.0","1764270000000.0","1764295200000.0"
"6b079743-af82-4390-9a27-3de249e65e38","TradeIQ220320Strategy","BTC-USDT","Bybit Perpetual","long","91649.9","90880.1","0.0037008277581511216","0.37153164988242837","339.18049395177445","-3.2204288581071188","-9.49473485513883","28800.0","1764320400000.0","1764349200000.0"
"d3d0d803-4f72-4182-8cc1-be8d157acbf3","TradeIQ220320Strategy","BTC-USDT","Bybit Perpetual","long","90970.0","90717.2","0.003693086348177062","0.36904258487718355","335.96006509366737","-1.3026548136963556","-3.877409695504044","3600.0","1764453600000.0","1764457200000.0"
"1483eb4e-3261-4354-a6c7-1075fff99f24","TradeIQ220320Strategy","BTC-USDT","Bybit Perpetual","long","90853.6","90745.2","0.003683479909216266","0.3679035422357806","334.657410279971","-0.767192764394856","-2.2924720649485404","7200.0","1764464400000.0","1764471600000.0"
"83a55472-f8ae-44b8-b849-143e0b85194c","TradeIQ220320Strategy","BTC-USDT","Bybit Perpetual","long","90808.2","90742.7","0.003676872986311546","0.36714677991780187","333.8902175155761","-0.6079819605212081","-1.8209037840195046","3600.0","1764478800000.0","1764482400000.0"
"aee8751f-d6ce-415f-b9ad-a2d7b5dfcd1d","TradeIQ220320Strategy","BTC-USDT","Bybit Perpetual","long","90853.0","91139.1","0.003668367974145652","0.3671876951531321","333.2822355550549","0.6823323822499603","2.0473109858783514","54000.0","1764486000000.0","1764540000000.0"
"3c951691-e983-4bd3-911d-0bf0bdc487d8","TradeIQ220320Strategy","BTC-USDT","Bybit Perpetual","short","86970.7","86017.3","0.00383996642475345","0.3653474615368874","333.9645679373049","3.2956765278230296","9.868341866858541","50400.0","1764550800000.0","1764601200000.0"
"e9da4bdc-747a-44cf-b029-874e77b57eb3","TradeIQ220320Strategy","BTC-USDT","Bybit Perpetual","short","84650.0","86380.1","0.003984173000178712","0.37477742865082586","337.2602444651279","-7.267795136260038","-21.549516302421807","21600.0","1764604800000.0","1764626400000.0"
"9b3b218d-8ae4-42bf-8807-71b7bb766de3","TradeIQ220320Strategy","BTC-USDT","Bybit Perpetual","long","89225.1","91905.0","0.0036984262200756048","0.368442971096704","329.99244932886785","9.542969456083888","28.918750945641914","14400.0","1764687600000.0","1764702000000.0"
"3d3e219e-92d9-4d3e-ad04-71d32d4bb022","TradeIQ220320Strategy","BTC-USDT","Bybit Perpetual","long","91905.0","91620.29999999999","0.0036944172654910156","0.37291047033593006","339.5354187849518","-1.4247110658212652","-4.196060225232704","21600.0","1764702000000.0","1764723600000.0"
"0096ee2d-4c00-49b2-8fdd-3d580ec86592","TradeIQ220320Strategy","BTC-USDT","Bybit Perpetual","long","92215.3","92957.7","0.0036665358971789993","0.3734188984285798","338.1107077191306","2.3486173516370883","6.946296872644715","36000.0","1764727200000.0","1764763200000.0"
"166bfaf0-5460-44ef-acf5-01afa7459fa5","TradeIQ220320Strategy","BTC-USDT","Bybit Perpetual","long","93645.0","92894.9","0.003635638048702736","0.3730053569226619","340.4593250707677","-3.1000974572546056","-9.10563238827493","50400.0","1764799200000.0","1764849600000.0"
"bea4a8ef-8585-44f7-8925-3ee522371332","TradeIQ220320Strategy","BTC-USDT","Bybit Perpetual","short","90433.6","89636.5","0.003730463319092826","0.36945969660345745","337.35922761351304","2.604092615045456","7.719049612091144","50400.0","1764943200000.0","1764993600000.0"
"3204b7e6-ff6e-47e8-82e3-c2c2b25c48c2","TradeIQ220320Strategy","BTC-USDT","Bybit Perpetual","short","89197.1","89675.6","0.00381137189694013","0.3749627100503916","339.9633202285585","-2.198704162736244","-6.467474671261734","14400.0","1765065600000.0","1765080000000.0"
"7a75e30d-1b86-44b0-9896-c6c82bf75096","TradeIQ220320Strategy","BTC-USDT","Bybit Perpetual","short","89469.2","89668.1","0.0037752055016231534","0.37195406627825456","337.7646160658222","-1.1228424405511328","-3.3243341283928856","3600.0","1765087200000.0","1765090800000.0"
"e95758f3-bc2c-42d4-aff0-150be261e720","TradeIQ220320Strategy","BTC-USDT","Bybit Perpetual","short","89337.1","89505.0","0.0037682191791010796","0.3706539271878923","336.64177362527107","-1.0033379273589416","-2.980432037753567","28800.0","1765094400000.0","1765123200000.0"
"7d0fd64f-9e86-4161-ba7b-9ce3e39ab804","TradeIQ220320Strategy","BTC-USDT","Bybit Perpetual","long","90904.2","90189.2","0.0036922214341901932","0.3677503131887081","335.63843569791214","-3.007688638634696","-8.961097177028124","14400.0","1765130400000.0","1765144800000.0"
"590a61ee-0929-4cce-883d-5dca4a3ebfd0","TradeIQ220320Strategy","BTC-USDT","Bybit Perpetual","long","90302.7","90809.0","0.003683508323220429","0.36691954991043074","332.63074705927744","1.4980407141360832","4.503614675973176","50400.0","1765155600000.0","1765206000000.0"
"73430aa8-611b-4527-be0a-f0cf8bb11a4d","TradeIQ220320Strategy","BTC-USDT","Bybit Perpetual","short","89912.6","90745.7","0.0037161508817831258","0.36924442546554226","334.1287877734135","-3.465169725079032","-10.370760772127502","18000.0","1765209600000.0","1765227600000.0"
"067d5271-7997-4790-9591-eddc40e45888","TradeIQ220320Strategy","BTC-USDT","Bybit Perpetual","short","90359.4","90449.9","0.0036594268891596716","0.3639121278265758","330.6636180483344","-0.6950902612955261","-2.102106864366076","25200.0","1765242000000.0","1765267200000.0"
"aa3a6a7f-28cb-4f1b-adc7-ef256fdfb431","TradeIQ220320Strategy","BTC-USDT","Bybit Perpetual","short","90099.9","90532.7","0.003662251875829373","0.3638371430022653","329.9685277870389","-1.9488597548612285","-5.906198897002138","10800.0","1765274400000.0","1765285200000.0"
"de86ef80-c546-4e17-a3ac-3e1459bc8a10","TradeIQ220320Strategy","BTC-USDT","Bybit Perpetual","long","90532.7","90385.0","0.003623217556001066","0.36052730275723377","328.0196680321777","-0.8956765357785806","-2.7305574118522595","3600.0","1765285200000.0","1765288800000.0"
"539af20d-37cc-42e9-a9fb-fae94e4898a0","TradeIQ220320Strategy","BTC-USDT","Bybit Perpetual","long","92676.9","92084.5","0.003529725222751292","0.35868633557396234","327.1239914963992","-2.449695557531807","-7.48858421030477","32400.0","1765296000000.0","1765328400000.0"
"5d7f2cd1-63ec-462f-8671-7745b536c3a0","TradeIQ220320Strategy","BTC-USDT","Bybit Perpetual","long","92448.8","91977.5","0.0035119362927249174","0.3562313789666354","324.6742959388674","-2.0114069537278993","-6.195153046875708","18000.0","1765393200000.0","1765411200000.0"
"05389a61-2b33-45aa-ae95-c7c99e657864","TradeIQ220320Strategy","BTC-USDT","Bybit Perpetual","short","90637.0","90657.9","0.003559946699307562","0.354970099470962","322.6628889851395","-0.4293729854864693","-1.330716980923841","61200.0","1765418400000.0","1765479600000.0"
"57c46220-b2a6-4752-b55e-3f547081f39e","TradeIQ220320Strategy","BTC-USDT","Bybit Perpetual","long","91740.9","92481.69999999998","0.0035124302900849357","0.35588797219701057","322.23351599965304","2.2461203866978687","6.970474128769048","46800.0","1765486800000.0","1765533600000.0"
"6889182b-25b2-4bb6-b6ba-f6ad905905ce","TradeIQ220320Strategy","BTC-USDT","Bybit Perpetual","short","89895.0","90286.1","0.0036095404236759655","0.3577040302178209","324.47963638635093","-1.769395289917512","-5.453024139273661","57600.0","1765555200000.0","1765612800000.0"
"776af61d-a231-4d6a-a86d-7ad5775b3217","TradeIQ220320Strategy","BTC-USDT","Bybit Perpetual","short","90137.8","88985.2","0.003580187680378636","0.3527116768298544","322.71024109643344","3.7738126435745825","11.69412111234139","64800.0","1765663200000.0","1765728000000.0"
"9ebed0ad-3b94-471c-9fd8-9491495ffd2d","TradeIQ220320Strategy","BTC-USDT","Bybit Perpetual","short","88985.2","89189.1","0.003668970275281822","0.35954391578553035","326.484053740008","-1.107646954915526","-3.3926525422206018","36000.0","1765728000000.0","1765764000000.0"
"3544ed9a-8ccf-4080-9209-9127f87a7af4","TradeIQ220320Strategy","BTC-USDT","Bybit Perpetual","short","88004.3","85734.3","0.0036972785055399845","0.35329799524943506","325.37640678509246","8.03952421232633","24.70838095411247","10800.0","1765810800000.0","1765821600000.0"
"5730ad34-5883-4918-af5b-83e3d4d179f9","TradeIQ220320Strategy","BTC-USDT","Bybit Perpetual","short","85734.3","86458.0","0.0038889444597718626","0.368305460105206","333.4159309974188","-3.1827345656420913","-9.54583830508906","46800.0","1765821600000.0","1765868400000.0"
"5ff3818c-4f07-458f-953b-7c6612a08808","TradeIQ220320Strategy","BTC-USDT","Bybit Perpetual","short","87178.1","86939.3","0.0037880292921247042","0.36275899630772673","330.2331964317767","0.5418223986516637","1.640726627444311","28800.0","1765944000000.0","1765972800000.0"
"976af7ef-76a7-45df-bc18-0872d948871b","TradeIQ220320Strategy","BTC-USDT","Bybit Perpetual","long","89633.9","87191.4","0.0036902892636650688","0.35889507837389517","330.7750188304284","-9.372426604875825","-28.33474740025816","3600.0","1765983600000.0","1765987200000.0"
"be4e9cad-a856-4615-95b7-ad9f080f5801","TradeIQ220320Strategy","BTC-USDT","Bybit Perpetual","short","86946.6","86715.8","0.0036965515871299455","0.35307361118963754","321.40259222555255","0.5000904951199646","1.5559628553618299","43200.0","1765990800000.0","1766034000000.0"
"fdf53e20-818c-47e0-a6d1-40c02ad9eb0a","TradeIQ220320Strategy","BTC-USDT","Bybit Perpetual","short","86607.0","86787.5","0.003716820611736609","0.3544619383589699","321.9026827206725","-1.0253480587774277","-3.185273419007701","3600.0","1766041200000.0","1766044800000.0"
"ad0d1461-56ad-4b20-84a8-1ee7f8be9e9c","TradeIQ220320Strategy","BTC-USDT","Bybit Perpetual","long","88804.0","88325.4","0.003613320736249438","0.3520139337106817","320.8773346618951","-2.081349238079684","-6.4864327057340425","3600.0","1766066400000.0","1766070000000.0"
"c242be8a-6125-428e-a931-8a86900a2278","TradeIQ220320Strategy","BTC-USDT","Bybit Perpetual","short","86443.6","86863.1","0.0036879073225064133","0.35152647638318224","318.7959854238154","-1.8986035981746225","-5.955544250817875","36000.0","1766080800000.0","1766116800000.0"
"dd4c26df-1ac9-472a-b7fc-8047ed20a0a8","TradeIQ220320Strategy","BTC-USDT","Bybit Perpetual","long","88237.1","88169.9","0.003591430156086734","0.34845438074963586","316.89738182564076","-0.5897984872387062","-1.861165541478716","3600.0","1766142000000.0","1766145600000.0"
"fb67ab91-8b2f-4713-a9c3-95e692e58dab","TradeIQ220320Strategy","BTC-USDT","Bybit Perpetual","long","88301.1","88100.0","0.0035821477120715596","0.3475421382245486","316.307583338402","-1.0679120431221603","-3.3761822332904785","3600.0","1766185200000.0","1766188800000.0"
"ad00ff1e-09ff-4771-a1c1-49bfafdf327a","TradeIQ220320Strategy","BTC-USDT","Bybit Perpetual","long","88168.0","88239.9","0.0035754431459858434","0.34690502932401585","315.23967129527983","-0.08983066712765453","-0.28495990608844285","18000.0","1766199600000.0","1766217600000.0"
"12621698-74dd-4cc3-8f1a-6ea820348850","TradeIQ220320Strategy","BTC-USDT","Bybit Perpetual","long","88179.6","87980.49999999999","0.0035739540735969786","0.34627345885013816","315.14984062815216","-1.0578477149033694","-3.356650007484955","14400.0","1766268000000.0","1766282400000.0"
"dfddca72-1cb9-44de-ba99-b7bdcd3be657","TradeIQ220320Strategy","BTC-USDT","Bybit Perpetual","long","88509.0","87630.5","0.0035487011819504105","0.3437865485109849","314.0919929132489","-3.46132053685442","-11.020085245568247","18000.0","1766307600000.0","1766325600000.0"
"11cee909-6573-4064-9d60-c3d2b0c19878","TradeIQ220320Strategy","BTC-USDT","Bybit Perpetual","short","87630.5","88309.8","0.0035447780439047416","0.3430181218629074","310.63067237639444","-2.7509858470874087","-8.856130742150313","10800.0","1766325600000.0","1766336400000.0"
"316f348e-eccd-4deb-8b7a-0d8fb036e951","TradeIQ220320Strategy","BTC-USDT","Bybit Perpetual","short","88121.6","88440.2","0.0034938049981991593","0.3392798746320722","307.87968652930704","-1.4524061470582939","-4.717447141222938","3600.0","1766354400000.0","1766358000000.0"
"1ae8ef7b-1356-44d8-a205-27d945360136","TradeIQ220320Strategy","BTC-USDT","Bybit Perpetual","long","88621.3","90171.2","0.0034577159258806713","0.34001752107291094","306.42728038224874","5.019096392449522","16.37940455624093","46800.0","1766361600000.0","1766408400000.0"
"682a4a64-2af5-4ca4-8b98-4480946f0bb3","TradeIQ220320Strategy","BTC-USDT","Bybit Perpetual","long","90171.2","89271.0","0.0034539451263230197","0.34088093168067435","311.44637677469825","-3.4501223343966463","-11.077741119115606","18000.0","1766408400000.0","1766426400000.0"
"1a39b529-4c53-4b72-9e83-2e67ee50ea04","TradeIQ220320Strategy","BTC-USDT","Bybit Perpetual","short","88011.1","88616.1","0.003499516020596284","0.33996034384018525","307.99625444030164","-2.457167536300937","-7.977913694977111","10800.0","1766433600000.0","1766444400000.0"
"b69ac241-5afa-4b7d-965d-b3c770630783","TradeIQ220320Strategy","BTC-USDT","Bybit Perpetual","short","88167.8","87959.8","0.0034654271389781837","0.3356965507297017","305.5390869040007","0.3851122941777605","1.2604354424177533","50400.0","1766458800000.0","1766509200000.0"
"ae052e21-b830-4378-91fe-f1cc42b70401","TradeIQ220320Strategy","BTC-USDT","Bybit Perpetual","short","87100.1","87393.09999999999","0.00351232890890112","0.33708263092166574","305.9241991981785","-1.3661950012296427","-4.465795791279061","36000.0","1766545200000.0","1766581200000.0"
"1c2ac621-8e15-4bf1-91f1-ea6e513a0618","TradeIQ220320Strategy","BTC-USDT","Bybit Perpetual","short","86950.0","87250.6","0.0035026797492461047","0.3355929026595866","304.5580041969488","-1.3884984352829859","-4.559060724554408","7200.0","1766588400000.0","1766595600000.0"
"dde49722-e56d-4fb3-a053-0f0ce1f4f870","TradeIQ220320Strategy","BTC-USDT","Bybit Perpetual","short","87386.0","87597.1","0.0034693143725730183","0.33388926108306","303.1695057616658","-1.0662615251332443","-3.517047410340396","10800.0","1766660400000.0","1766671200000.0"
"56c90294-69f7-4da8-8daa-8506705d2edb","TradeIQ220320Strategy","BTC-USDT","Bybit Perpetual","long","88338.9","87844.69999999998","0.003419821213944622","0.33138402705602354","302.10324423653253","-2.0214596709874955","-6.691287530182192","18000.0","1766678400000.0","1766696400000.0"
"e68957cb-a783-41ae-9ff0-2ee93531d445","TradeIQ220320Strategy","BTC-USDT","Bybit Perpetual","short","87607.9","89151.8","0.003425282246983949","0.33299852431571486","300.0817845655451","-5.621291785434264","-18.73253251133755","14400.0","1766703600000.0","1766718000000.0"
"0ce4d6d0-601c-4a2a-894e-4154a84a8b06","TradeIQ220320Strategy","BTC-USDT","Bybit Perpetual","long","89151.8","87344.4","0.003302911357707986","0.32062321696476515","294.4604927801108","-6.290305204886208","-21.362136378626218","43200.0","1766718000000.0","1766761200000.0"
"c761eacb-7e83-444d-973c-f5e7ef97f750","TradeIQ220320Strategy","BTC-USDT","Bybit Perpetual","short","87344.4","87514.9","0.0032992405646523953","0.3172965926166974","288.17018757522465","-0.8798171088899308","-3.053116341746008","108000.0","1766761200000.0","1766869200000.0"
"dedbd3d9-06f1-41c0-b72c-594ea64cd0f3","TradeIQ220320Strategy","BTC-USDT","Bybit Perpetual","long","87862.5","87797.7","0.003269772320003809","0.3159028728274832","287.29037046633465","-0.5277841191637396","-1.8371103713188552","7200.0","1766930400000.0","1766937600000.0"
"3d989e44-af26-4947-9aa0-9dbeaac755f3","TradeIQ220320Strategy","BTC-USDT","Bybit Perpetual","short","87570.1","87868.7","0.0032746632280558196","0.31597664292383165","286.76258634717095","-1.2937910828212709","-4.511715071696747","14400.0","1766948400000.0","1766962800000.0"
"18f70640-9694-407d-882f-7ffc63c4d3e2","TradeIQ220320Strategy","BTC-USDT","Bybit Perpetual","long","87868.7","89129.1","0.0032488109561692575","0.31626781552182026","285.46879526434964","3.7785335136339406","13.236240094595786","14400.0","1766962800000.0","1766977200000.0"
"ec00c787-c902-46ff-9d21-c066ecc5a67e","TradeIQ220320Strategy","BTC-USDT","Bybit Perpetual","long","89129.1","88068.19999999998","0.0032452625324162765","0.31627846719442965","289.24732877798357","-3.7591774878349327","-12.996412114562169","25200.0","1766977200000.0","1767002400000.0"
"fd0b9271-a8b0-4824-8524-9e77b934893a","TradeIQ220320Strategy","BTC-USDT","Bybit Perpetual","short","87747.1","87457.5","0.003253533749721058","0.313518743563508","285.48815129014866","0.6287046303557293","2.2022091898194445","75600.0","1767006000000.0","1767081600000.0"
"60503650-2a62-45a0-95c9-50de8eba86f9","TradeIQ220320Strategy","BTC-USDT","Bybit Perpetual","long","87954.7","87900.3","0.0032530024651383545","0.31463121167879793","286.1168559205044","-0.4915945457823055","-1.7181600301063409","39600.0","1767088800000.0","1767128400000.0"
"6f959eef-007a-44f3-8773-1ea3011c5ccc","TradeIQ220320Strategy","BTC-USDT","Bybit Perpetual","short","87900.3","88245.49999999999","0.0032494230551513717","0.31480472297344536","285.62526137472213","-1.4365055616116422","-5.029336532412092","3600.0","1767128400000.0","1767132000000.0"
